[13:05:56] 4o: stock Profile 3, 13 targets, 12 workloads, offsets 0/-150/-300/0 (closing drift bracket).
[13:05:56] 48 sweeps total; stock-repro-20260922 iteration counts; final offset reset in finally.
[13:06:32] Memory clock under load: 13801 MHz (stock reference 13801).
[13:06:32] Power limit 180 W, default 180 W verified.
Current P0 graphics offset: 0 MHz (allowed -1000 to 1000).
Verified by read-back: P0 graphics offset is now 0 MHz.
A read-back proves the driver accepted the value, not what it does to clocks or voltage. The sweep measures that.
[13:06:33] Waiting 90 s for the desktop to settle before the first preflight.
[13:08:03] Setting NVML P0 graphics offset to 0 MHz for offset0.
Current P0 graphics offset: 0 MHz (allowed -1000 to 1000).
Verified by read-back: P0 graphics offset is now 0 MHz.
A read-back proves the driver accepted the value, not what it does to clocks or voltage. The sweep measures that.
[13:08:03] Running 5060ti-4o-offset0-copy

================ PLAN ================
  label        : 5060ti-4o-offset0-copy
  workload     : copy
  band         : 1237-3090 MHz, 13 points
  iterations   : 2660
  output dir   : C:\headroom-bench\results\20260923-130803_5060ti-4o-offset0-copy
  hwinfo log   : C:\headroom-bench\results\20260923-130803_5060ti-4o-offset0-copy\5060ti-4o-offset0-copy-hwinfo.csv
  expected     : ~10 min
  applied      : 4o offset ladder, registered section 7, suite offset0. Stock Profile 3 verified under load at 13801 MHz. NVML P0 graphics offset 0 MHz, verified by read-back before sweep. 13-point ascending 1237-3090 MHz grid, HWiNFO SensorInterval 500. Iterations 2660 from 5060ti-stock-repro-20260922. No Afterburner profile applied after the offset.

---- preflight ----
  power limit : 180.00 W, 180.00 W
  pmon sm     : mean 0%, peak 0% across 4 sample(s)
  pmon        : idle enough to proceed

---- HWiNFO log start ----

Pressing 'Log Start' (async - it opens a modal dialog)...
Setting the filename, with the change notification the dialog needs...

  button now : 'Log Stop'
  file       : C:\headroom-bench\results\20260923-130803_5060ti-4o-offset0-copy\5060ti-4o-offset0-copy-hwinfo.csv
  size       : 24067 then 39460 bytes

Logging is running and the file is growing.

---- sweep ----
  workload cmd: C:\Users\Raymond\AppData\Local\Programs\Python\Python312\python.exe C:\Users\Raymond\Documents\headroom\tools\frequency-sweep\gpu_workload.py --workload copy --json --iterations 2660

[SWEEP] GPU:        NVIDIA GeForce RTX 5060 Ti (driver 616.92)
[SWEEP] Max clock:  3090 MHz | power limit 180.00 W enforced (180.00 W default, 200.00 W max)
[SWEEP] Supported:  389 discrete graphics clocks, 180-3090 MHz
[SWEEP] Sweep band:  1237-3090 MHz (explicit) - FINE sweep, ~154 MHz apart. Not a full-range curve.
[SWEEP] Testing:    13 frequencies -> 1237, 1395, 1545, 1702, 1852, 2010, 2167, 2317, 2475, 2625, 2782, 2932, 3090 MHz
[SWEEP] Workload:   C:\Users\Raymond\AppData\Local\Programs\Python\Python312\python.exe C:\Users\Raymond\Documents\headroom\tools\frequency-sweep\gpu_workload.py --workload copy --json --iterations 2660   (timed; duration is the performance metric)
[SWEEP] Estimated:  ~6.1 min of measurement (plus workload time if any)

[SWEEP] Configuration: 4o offset ladder, registered section 7, suite offset0. Stock Profile 3 verified under load at 13801 MHz. NVML P0 graphics offset 0 MHz, verified by read-back before sweep. 13-point ascending 1237-3090 MHz grid, HWiNFO SensorInterval 500. Iterations 2660 from 5060ti-stock-repro-20260922. No Afterburner profile applied after the offset.

[SWEEP] Checking the GPU is quiet before starting...
[SWEEP] Video engines idle (encoder 0%, decoder 0%).
[SWEEP] Free VRAM 15463 MB - clear to start.
[SWEEP] Baseline utilisation 0% - clear to start.
[SWEEP] No interactive console - Ctrl+C interception unavailable. The finally block still resets clocks.
[SWEEP] NOTE: QuickEdit could not be disabled (likely no interactive console). If this window is interactive, DO NOT CLICK IN IT - a click freezes the run.
[SWEEP] --> locking 1237 MHz
[SWEEP]      1237 MHz -> achieved 1235.8 MHz (held),   49.4 W [18 in-window of 21],  37 C, util 95.9%
[SWEEP] --> locking 1395 MHz
[SWEEP]      1395 MHz -> achieved 1393.6 MHz (held),  51.41 W [17 in-window of 20], 38.1 C, util 97.8%
[SWEEP] --> locking 1545 MHz
[SWEEP]      1545 MHz -> achieved   1537 MHz (held),  52.93 W [16 in-window of 20],  39 C, util 96.6%
[SWEEP] --> locking 1702 MHz
[SWEEP]      1702 MHz -> achieved   1695 MHz (held),  56.53 W [16 in-window of 19], 40.2 C, util 96.2%
[SWEEP] --> locking 1852 MHz
[SWEEP]      1852 MHz -> achieved   1845 MHz (held),  59.48 W [15 in-window of 19], 41.3 C, util 93.3%
[SWEEP] --> locking 2010 MHz
[SWEEP]      2010 MHz -> achieved   2002 MHz (held),  60.95 W [15 in-window of 19], 42.7 C, util 93.3%
[SWEEP] --> locking 2167 MHz
[SWEEP]      2167 MHz -> achieved 2153.1 MHz (held),  62.33 W [15 in-window of 19], 43.6 C, util 94.4%
[SWEEP] --> locking 2317 MHz
[SWEEP]      2317 MHz -> achieved   2310 MHz (held),  66.54 W [15 in-window of 19], 45.1 C, util 96.5%
[SWEEP] --> locking 2475 MHz
[SWEEP]      2475 MHz -> achieved   2467 MHz (held),  73.26 W [15 in-window of 19], 46.6 C, util 96.8%
[SWEEP] --> locking 2625 MHz
[SWEEP]      2625 MHz -> achieved   2617 MHz (held),  81.42 W [15 in-window of 19], 48.5 C, util 100%
[SWEEP] --> locking 2782 MHz
[SWEEP]      2782 MHz -> achieved 2752.5 MHz (held),  84.42 W [15 in-window of 19], 50.1 C, util 93.3%
[SWEEP] --> locking 2932 MHz
[SWEEP]      2932 MHz -> achieved 2747.4 MHz (UNDERSHOT -184.6),  85.46 W [15 in-window of 19], 51.6 C, util 94.1%
[SWEEP] --> locking 3090 MHz
[SWEEP]      3090 MHz -> achieved 2752.5 MHz (UNDERSHOT -337.5),  85.98 W [15 in-window of 19], 50.7 C, util 96.6%

[SWEEP] Resetting GPU clocks...
[SWEEP] Clocks reset. Card is now reporting 2760 MHz at idle/load.

[SWEEP] ===================== RESULT =====================
[SWEEP] Measured 13 of 13 planned frequencies.
[SWEEP] Configuration: 4o offset ladder, registered section 7, suite offset0. Stock Profile 3 verified under load at 13801 MHz. NVML P0 graphics offset 0 MHz, verified by read-back before sweep. 13-point ascending 1237-3090 MHz grid, HWiNFO SensorInterval 500. Iterations 2660 from 5060ti-stock-repro-20260922. No Afterburner profile applied after the offset.
[SWEEP] NOTE: 2 point(s) ran BELOW their target by more than 30 MHz.
[SWEEP] The card could not sustain the requested clock - power or thermal limits. Expected
[SWEEP] at the top of the range, where max boost is a bin the card never actually holds.
[SWEEP] CSV:  C:\headroom-bench\results\20260923-130803_5060ti-4o-offset0-copy\20260923-130820_5060ti-4o-offset0-copy_sweep.csv
[SWEEP] JSON: C:\headroom-bench\results\20260923-130803_5060ti-4o-offset0-copy\20260923-130820_5060ti-4o-offset0-copy_sweep.json
[SWEEP] ==================================================

[SWEEP] Clock locks do NOT survive a reboot. If anything looks wrong with the card's
[SWEEP] clocks after this, reboot and it returns to stock.

---- HWiNFO log stop ----
Pressing 'Log Stop'...
  button now : 'Log Start'
  size       : 1035367 then 1035367 bytes
  rows       : 512

Logging stopped.

================ RESULT ================
  sweep exit    : 0
  elapsed       : 4.3 min (expected ~10)
  hwinfo log    : 1035367 bytes, 512 rows
  result file   : C:\headroom-bench\results\20260923-130803_5060ti-4o-offset0-copy\wrapper-result.json

Run complete and both halves verified.
[13:12:32] Wrapper exit 0 for 5060ti-4o-offset0-copy
[13:12:32] Running 5060ti-4o-offset0-reduce

================ PLAN ================
  label        : 5060ti-4o-offset0-reduce
  workload     : reduce
  band         : 1237-3090 MHz, 13 points
  iterations   : 2870
  output dir   : C:\headroom-bench\results\20260923-131232_5060ti-4o-offset0-reduce
  hwinfo log   : C:\headroom-bench\results\20260923-131232_5060ti-4o-offset0-reduce\5060ti-4o-offset0-reduce-hwinfo.csv
  expected     : ~10 min
  applied      : 4o offset ladder, registered section 7, suite offset0. Stock Profile 3 verified under load at 13801 MHz. NVML P0 graphics offset 0 MHz, verified by read-back before sweep. 13-point ascending 1237-3090 MHz grid, HWiNFO SensorInterval 500. Iterations 2870 from 5060ti-stock-repro-20260922. No Afterburner profile applied after the offset.

---- preflight ----
  power limit : 180.00 W, 180.00 W
  pmon sm     : mean 0%, peak 0% across 4 sample(s)
  pmon        : idle enough to proceed

---- HWiNFO log start ----

Pressing 'Log Start' (async - it opens a modal dialog)...
Setting the filename, with the change notification the dialog needs...

  button now : 'Log Stop'
  file       : C:\headroom-bench\results\20260923-131232_5060ti-4o-offset0-reduce\5060ti-4o-offset0-reduce-hwinfo.csv
  size       : 24104 then 39555 bytes

Logging is running and the file is growing.

---- sweep ----
  workload cmd: C:\Users\Raymond\AppData\Local\Programs\Python\Python312\python.exe C:\Users\Raymond\Documents\headroom\tools\frequency-sweep\gpu_workload.py --workload reduce --json --iterations 2870

[SWEEP] GPU:        NVIDIA GeForce RTX 5060 Ti (driver 616.92)
[SWEEP] Max clock:  3090 MHz | power limit 180.00 W enforced (180.00 W default, 200.00 W max)
[SWEEP] Supported:  389 discrete graphics clocks, 180-3090 MHz
[SWEEP] Sweep band:  1237-3090 MHz (explicit) - FINE sweep, ~154 MHz apart. Not a full-range curve.
[SWEEP] Testing:    13 frequencies -> 1237, 1395, 1545, 1702, 1852, 2010, 2167, 2317, 2475, 2625, 2782, 2932, 3090 MHz
[SWEEP] Workload:   C:\Users\Raymond\AppData\Local\Programs\Python\Python312\python.exe C:\Users\Raymond\Documents\headroom\tools\frequency-sweep\gpu_workload.py --workload reduce --json --iterations 2870   (timed; duration is the performance metric)
[SWEEP] Estimated:  ~6.1 min of measurement (plus workload time if any)

[SWEEP] Configuration: 4o offset ladder, registered section 7, suite offset0. Stock Profile 3 verified under load at 13801 MHz. NVML P0 graphics offset 0 MHz, verified by read-back before sweep. 13-point ascending 1237-3090 MHz grid, HWiNFO SensorInterval 500. Iterations 2870 from 5060ti-stock-repro-20260922. No Afterburner profile applied after the offset.

[SWEEP] Checking the GPU is quiet before starting...
[SWEEP] Video engines idle (encoder 0%, decoder 0%).
[SWEEP] Free VRAM 15463 MB - clear to start.
[SWEEP] Baseline utilisation 0.2% - clear to start.
[SWEEP] No interactive console - Ctrl+C interception unavailable. The finally block still resets clocks.
[SWEEP] NOTE: QuickEdit could not be disabled (likely no interactive console). If this window is interactive, DO NOT CLICK IN IT - a click freezes the run.
[SWEEP] --> locking 1237 MHz
[SWEEP]      1237 MHz -> achieved   1236 MHz (held),   49.4 W [21 in-window of 25],  41 C, util 96.6%
[SWEEP] --> locking 1395 MHz
[SWEEP]      1395 MHz -> achieved 1393.4 MHz (held),  49.69 W [20 in-window of 23], 39.9 C, util 96.8%
[SWEEP] --> locking 1545 MHz
[SWEEP]      1545 MHz -> achieved   1537 MHz (held),  50.93 W [18 in-window of 22], 39.7 C, util 94.4%
[SWEEP] --> locking 1702 MHz
[SWEEP]      1702 MHz -> achieved   1695 MHz (held),  55.71 W [16 in-window of 20], 39.8 C, util 93.8%
[SWEEP] --> locking 1852 MHz
[SWEEP]      1852 MHz -> achieved   1845 MHz (held),  59.51 W [15 in-window of 19], 39.7 C, util 93.3%
[SWEEP] --> locking 2010 MHz
[SWEEP]      2010 MHz -> achieved   2002 MHz (held),  63.38 W [15 in-window of 19], 40.3 C, util 93.9%
[SWEEP] --> locking 2167 MHz
[SWEEP]      2167 MHz -> achieved   2160 MHz (held),  64.52 W [15 in-window of 19], 40.4 C, util 95.9%
[SWEEP] --> locking 2317 MHz
[SWEEP]      2317 MHz -> achieved   2310 MHz (held),  68.81 W [15 in-window of 19], 40.7 C, util 97.9%
[SWEEP] --> locking 2475 MHz
[SWEEP]      2475 MHz -> achieved   2467 MHz (held),  74.72 W [15 in-window of 19], 41.7 C, util 98.1%
[SWEEP] --> locking 2625 MHz
[SWEEP]      2625 MHz -> achieved   2617 MHz (held),  81.52 W [15 in-window of 19], 42.4 C, util 93.3%
[SWEEP] --> locking 2782 MHz
[SWEEP]      2782 MHz -> achieved 2754.5 MHz (held),  83.46 W [15 in-window of 19], 43.3 C, util 93.3%
[SWEEP] --> locking 2932 MHz
[SWEEP]      2932 MHz -> achieved 2753.5 MHz (UNDERSHOT -178.5),  84.02 W [15 in-window of 19], 43.6 C, util 93.7%
[SWEEP] --> locking 3090 MHz
[SWEEP]      3090 MHz -> achieved 2753.5 MHz (UNDERSHOT -336.5),  85.21 W [15 in-window of 19], 44.2 C, util 96.1%

[SWEEP] Resetting GPU clocks...
[SWEEP] Clocks reset. Card is now reporting 2775 MHz at idle/load.

[SWEEP] ===================== RESULT =====================
[SWEEP] Measured 13 of 13 planned frequencies.
[SWEEP] Configuration: 4o offset ladder, registered section 7, suite offset0. Stock Profile 3 verified under load at 13801 MHz. NVML P0 graphics offset 0 MHz, verified by read-back before sweep. 13-point ascending 1237-3090 MHz grid, HWiNFO SensorInterval 500. Iterations 2870 from 5060ti-stock-repro-20260922. No Afterburner profile applied after the offset.
[SWEEP] NOTE: 2 point(s) ran BELOW their target by more than 30 MHz.
[SWEEP] The card could not sustain the requested clock - power or thermal limits. Expected
[SWEEP] at the top of the range, where max boost is a bin the card never actually holds.
[SWEEP] CSV:  C:\headroom-bench\results\20260923-131232_5060ti-4o-offset0-reduce\20260923-131249_5060ti-4o-offset0-reduce_sweep.csv
[SWEEP] JSON: C:\headroom-bench\results\20260923-131232_5060ti-4o-offset0-reduce\20260923-131249_5060ti-4o-offset0-reduce_sweep.json
[SWEEP] ==================================================

[SWEEP] Clock locks do NOT survive a reboot. If anything looks wrong with the card's
[SWEEP] clocks after this, reboot and it returns to stock.

---- HWiNFO log stop ----
Pressing 'Log Stop'...
  button now : 'Log Start'
  size       : 1059765 then 1059765 bytes
  rows       : 523

Logging stopped.

================ RESULT ================
  sweep exit    : 0
  elapsed       : 4.4 min (expected ~10)
  hwinfo log    : 1059765 bytes, 523 rows
  result file   : C:\headroom-bench\results\20260923-131232_5060ti-4o-offset0-reduce\wrapper-result.json

Run complete and both halves verified.
[13:17:06] Wrapper exit 0 for 5060ti-4o-offset0-reduce
[13:17:06] Running 5060ti-4o-offset0-softmax

================ PLAN ================
  label        : 5060ti-4o-offset0-softmax
  workload     : softmax
  band         : 1237-3090 MHz, 13 points
  iterations   : 2600
  output dir   : C:\headroom-bench\results\20260923-131706_5060ti-4o-offset0-softmax
  hwinfo log   : C:\headroom-bench\results\20260923-131706_5060ti-4o-offset0-softmax\5060ti-4o-offset0-softmax-hwinfo.csv
  expected     : ~10 min
  applied      : 4o offset ladder, registered section 7, suite offset0. Stock Profile 3 verified under load at 13801 MHz. NVML P0 graphics offset 0 MHz, verified by read-back before sweep. 13-point ascending 1237-3090 MHz grid, HWiNFO SensorInterval 500. Iterations 2600 from 5060ti-stock-repro-20260922. No Afterburner profile applied after the offset.

---- preflight ----
  power limit : 180.00 W, 180.00 W
  pmon sm     : mean 0%, peak 0% across 4 sample(s)
  pmon        : idle enough to proceed

---- HWiNFO log start ----

Pressing 'Log Start' (async - it opens a modal dialog)...
Setting the filename, with the change notification the dialog needs...

  button now : 'Log Stop'
  file       : C:\headroom-bench\results\20260923-131706_5060ti-4o-offset0-softmax\5060ti-4o-offset0-softmax-hwinfo.csv
  size       : 22153 then 37568 bytes

Logging is running and the file is growing.

---- sweep ----
  workload cmd: C:\Users\Raymond\AppData\Local\Programs\Python\Python312\python.exe C:\Users\Raymond\Documents\headroom\tools\frequency-sweep\gpu_workload.py --workload softmax --json --iterations 2600

[SWEEP] GPU:        NVIDIA GeForce RTX 5060 Ti (driver 616.92)
[SWEEP] Max clock:  3090 MHz | power limit 180.00 W enforced (180.00 W default, 200.00 W max)
[SWEEP] Supported:  389 discrete graphics clocks, 180-3090 MHz
[SWEEP] Sweep band:  1237-3090 MHz (explicit) - FINE sweep, ~154 MHz apart. Not a full-range curve.
[SWEEP] Testing:    13 frequencies -> 1237, 1395, 1545, 1702, 1852, 2010, 2167, 2317, 2475, 2625, 2782, 2932, 3090 MHz
[SWEEP] Workload:   C:\Users\Raymond\AppData\Local\Programs\Python\Python312\python.exe C:\Users\Raymond\Documents\headroom\tools\frequency-sweep\gpu_workload.py --workload softmax --json --iterations 2600   (timed; duration is the performance metric)
[SWEEP] Estimated:  ~6.1 min of measurement (plus workload time if any)

[SWEEP] Configuration: 4o offset ladder, registered section 7, suite offset0. Stock Profile 3 verified under load at 13801 MHz. NVML P0 graphics offset 0 MHz, verified by read-back before sweep. 13-point ascending 1237-3090 MHz grid, HWiNFO SensorInterval 500. Iterations 2600 from 5060ti-stock-repro-20260922. No Afterburner profile applied after the offset.

[SWEEP] Checking the GPU is quiet before starting...
[SWEEP] Video engines idle (encoder 0%, decoder 0%).
[SWEEP] Free VRAM 15463 MB - clear to start.
[SWEEP] Baseline utilisation 0% - clear to start.
[SWEEP] No interactive console - Ctrl+C interception unavailable. The finally block still resets clocks.
[SWEEP] NOTE: QuickEdit could not be disabled (likely no interactive console). If this window is interactive, DO NOT CLICK IN IT - a click freezes the run.
[SWEEP] --> locking 1237 MHz
[SWEEP]      1237 MHz -> achieved 1235.8 MHz (held),  60.41 W [17 in-window of 20], 41.6 C, util 94.2%
[SWEEP] --> locking 1395 MHz
[SWEEP]      1395 MHz -> achieved 1392.5 MHz (held),  61.91 W [16 in-window of 20], 43.2 C, util 95.9%
[SWEEP] --> locking 1545 MHz
[SWEEP]      1545 MHz -> achieved   1537 MHz (held),  63.35 W [15 in-window of 19], 44.3 C, util 95.7%
[SWEEP] --> locking 1702 MHz
[SWEEP]      1702 MHz -> achieved   1695 MHz (held),  67.81 W [15 in-window of 19], 45.8 C, util 93.3%
[SWEEP] --> locking 1852 MHz
[SWEEP]      1852 MHz -> achieved   1845 MHz (held),  70.48 W [15 in-window of 19], 47.3 C, util 93.3%
[SWEEP] --> locking 2010 MHz
[SWEEP]      2010 MHz -> achieved   2002 MHz (held),  77.79 W [16 in-window of 19],  49 C, util 93.9%
[SWEEP] --> locking 2167 MHz
[SWEEP]      2167 MHz -> achieved 2152.5 MHz (held),  80.73 W [15 in-window of 19], 50.3 C, util 94.8%
[SWEEP] --> locking 2317 MHz
[SWEEP]      2317 MHz -> achieved   2310 MHz (held),  86.25 W [15 in-window of 19], 52.3 C, util 97.7%
[SWEEP] --> locking 2475 MHz
[SWEEP]      2475 MHz -> achieved   2467 MHz (held),  92.38 W [15 in-window of 19], 51.5 C, util 93.3%
[SWEEP] --> locking 2625 MHz
[SWEEP]      2625 MHz -> achieved   2617 MHz (held),  99.12 W [15 in-window of 19], 51.8 C, util 93.3%
[SWEEP] --> locking 2782 MHz
[SWEEP]      2782 MHz -> achieved 2746.5 MHz (UNDERSHOT -35.5), 106.61 W [15 in-window of 19], 52.1 C, util 93.6%
[SWEEP] --> locking 2932 MHz
[SWEEP]      2932 MHz -> achieved 2746.5 MHz (UNDERSHOT -185.5), 108.12 W [15 in-window of 19], 51.9 C, util 95.1%
[SWEEP] --> locking 3090 MHz
[SWEEP]      3090 MHz -> achieved 2746.9 MHz (UNDERSHOT -343.1), 109.97 W [15 in-window of 19], 52.3 C, util 98.7%

[SWEEP] Resetting GPU clocks...
[SWEEP] Clocks reset. Card is now reporting 2760 MHz at idle/load.

[SWEEP] ===================== RESULT =====================
[SWEEP] Measured 13 of 13 planned frequencies.
[SWEEP] Configuration: 4o offset ladder, registered section 7, suite offset0. Stock Profile 3 verified under load at 13801 MHz. NVML P0 graphics offset 0 MHz, verified by read-back before sweep. 13-point ascending 1237-3090 MHz grid, HWiNFO SensorInterval 500. Iterations 2600 from 5060ti-stock-repro-20260922. No Afterburner profile applied after the offset.
[SWEEP] NOTE: 3 point(s) ran BELOW their target by more than 30 MHz.
[SWEEP] The card could not sustain the requested clock - power or thermal limits. Expected
[SWEEP] at the top of the range, where max boost is a bin the card never actually holds.
[SWEEP] CSV:  C:\headroom-bench\results\20260923-131706_5060ti-4o-offset0-softmax\20260923-131723_5060ti-4o-offset0-softmax_sweep.csv
[SWEEP] JSON: C:\headroom-bench\results\20260923-131706_5060ti-4o-offset0-softmax\20260923-131723_5060ti-4o-offset0-softmax_sweep.json
[SWEEP] ==================================================

[SWEEP] Clock locks do NOT survive a reboot. If anything looks wrong with the card's
[SWEEP] clocks after this, reboot and it returns to stock.

---- HWiNFO log stop ----
Pressing 'Log Stop'...
  button now : 'Log Start'
  size       : 1032427 then 1032427 bytes
  rows       : 510

Logging stopped.

================ RESULT ================
  sweep exit    : 0
  elapsed       : 4.3 min (expected ~10)
  hwinfo log    : 1032427 bytes, 510 rows
  result file   : C:\headroom-bench\results\20260923-131706_5060ti-4o-offset0-softmax\wrapper-result.json

Run complete and both halves verified.
[13:21:33] Wrapper exit 0 for 5060ti-4o-offset0-softmax
[13:21:33] Running 5060ti-4o-offset0-layernorm

================ PLAN ================
  label        : 5060ti-4o-offset0-layernorm
  workload     : layernorm
  band         : 1237-3090 MHz, 13 points
  iterations   : 1597
  output dir   : C:\headroom-bench\results\20260923-132133_5060ti-4o-offset0-layernorm
  hwinfo log   : C:\headroom-bench\results\20260923-132133_5060ti-4o-offset0-layernorm\5060ti-4o-offset0-layernorm-hwinfo.csv
  expected     : ~10 min
  applied      : 4o offset ladder, registered section 7, suite offset0. Stock Profile 3 verified under load at 13801 MHz. NVML P0 graphics offset 0 MHz, verified by read-back before sweep. 13-point ascending 1237-3090 MHz grid, HWiNFO SensorInterval 500. Iterations 1597 from 5060ti-stock-repro-20260922. No Afterburner profile applied after the offset.

---- preflight ----
  power limit : 180.00 W, 180.00 W
  pmon sm     : mean 0%, peak 0% across 4 sample(s)
  pmon        : idle enough to proceed

---- HWiNFO log start ----

Pressing 'Log Start' (async - it opens a modal dialog)...
Setting the filename, with the change notification the dialog needs...

  button now : 'Log Stop'
  file       : C:\headroom-bench\results\20260923-132133_5060ti-4o-offset0-layernorm\5060ti-4o-offset0-layernorm-hwinfo.csv
  size       : 24113 then 39533 bytes

Logging is running and the file is growing.

---- sweep ----
  workload cmd: C:\Users\Raymond\AppData\Local\Programs\Python\Python312\python.exe C:\Users\Raymond\Documents\headroom\tools\frequency-sweep\gpu_workload.py --workload layernorm --json --iterations 1597

[SWEEP] GPU:        NVIDIA GeForce RTX 5060 Ti (driver 616.92)
[SWEEP] Max clock:  3090 MHz | power limit 180.00 W enforced (180.00 W default, 200.00 W max)
[SWEEP] Supported:  389 discrete graphics clocks, 180-3090 MHz
[SWEEP] Sweep band:  1237-3090 MHz (explicit) - FINE sweep, ~154 MHz apart. Not a full-range curve.
[SWEEP] Testing:    13 frequencies -> 1237, 1395, 1545, 1702, 1852, 2010, 2167, 2317, 2475, 2625, 2782, 2932, 3090 MHz
[SWEEP] Workload:   C:\Users\Raymond\AppData\Local\Programs\Python\Python312\python.exe C:\Users\Raymond\Documents\headroom\tools\frequency-sweep\gpu_workload.py --workload layernorm --json --iterations 1597   (timed; duration is the performance metric)
[SWEEP] Estimated:  ~6.1 min of measurement (plus workload time if any)

[SWEEP] Configuration: 4o offset ladder, registered section 7, suite offset0. Stock Profile 3 verified under load at 13801 MHz. NVML P0 graphics offset 0 MHz, verified by read-back before sweep. 13-point ascending 1237-3090 MHz grid, HWiNFO SensorInterval 500. Iterations 1597 from 5060ti-stock-repro-20260922. No Afterburner profile applied after the offset.

[SWEEP] Checking the GPU is quiet before starting...
[SWEEP] Video engines idle (encoder 0%, decoder 0%).
[SWEEP] Free VRAM 15463 MB - clear to start.
[SWEEP] Baseline utilisation 0% - clear to start.
[SWEEP] No interactive console - Ctrl+C interception unavailable. The finally block still resets clocks.
[SWEEP] NOTE: QuickEdit could not be disabled (likely no interactive console). If this window is interactive, DO NOT CLICK IN IT - a click freezes the run.
[SWEEP] --> locking 1237 MHz
[SWEEP]      1237 MHz -> achieved 1236.6 MHz (held),  56.52 W [18 in-window of 22], 41.8 C, util 92.3%
[SWEEP] --> locking 1395 MHz
[SWEEP]      1395 MHz -> achieved 1392.8 MHz (held),  58.88 W [18 in-window of 21], 41.7 C, util 95.3%
[SWEEP] --> locking 1545 MHz
[SWEEP]      1545 MHz -> achieved   1537 MHz (held),  60.46 W [17 in-window of 20], 41.6 C, util 95.9%
[SWEEP] --> locking 1702 MHz
[SWEEP]      1702 MHz -> achieved   1695 MHz (held),  64.99 W [16 in-window of 20], 41.9 C, util 97.5%
[SWEEP] --> locking 1852 MHz
[SWEEP]      1852 MHz -> achieved   1845 MHz (held),   66.4 W [16 in-window of 20], 42.2 C, util 92.7%
[SWEEP] --> locking 2010 MHz
[SWEEP]      2010 MHz -> achieved   2002 MHz (held),  72.09 W [16 in-window of 19], 42.8 C, util 93.8%
[SWEEP] --> locking 2167 MHz
[SWEEP]      2167 MHz -> achieved 2152.5 MHz (held),  73.94 W [16 in-window of 19], 43.3 C, util 93.9%
[SWEEP] --> locking 2317 MHz
[SWEEP]      2317 MHz -> achieved   2310 MHz (held),  79.73 W [15 in-window of 19], 44.1 C, util 96.7%
[SWEEP] --> locking 2475 MHz
[SWEEP]      2475 MHz -> achieved   2467 MHz (held),  86.26 W [15 in-window of 19], 45.1 C, util  98%
[SWEEP] --> locking 2625 MHz
[SWEEP]      2625 MHz -> achieved   2617 MHz (held),  96.49 W [15 in-window of 19], 46.7 C, util 97.5%
[SWEEP] --> locking 2782 MHz
[SWEEP]      2782 MHz -> achieved 2753.5 MHz (held),  101.2 W [15 in-window of 19], 47.7 C, util 93.3%
[SWEEP] --> locking 2932 MHz
[SWEEP]      2932 MHz -> achieved 2753.5 MHz (UNDERSHOT -178.5), 100.72 W [15 in-window of 19], 48.2 C, util 93.3%
[SWEEP] --> locking 3090 MHz
[SWEEP]      3090 MHz -> achieved 2753.5 MHz (UNDERSHOT -336.5), 102.77 W [15 in-window of 19], 48.7 C, util 94.9%

[SWEEP] Resetting GPU clocks...
[SWEEP] Clocks reset. Card is now reporting 2760 MHz at idle/load.

[SWEEP] ===================== RESULT =====================
[SWEEP] Measured 13 of 13 planned frequencies.
[SWEEP] Configuration: 4o offset ladder, registered section 7, suite offset0. Stock Profile 3 verified under load at 13801 MHz. NVML P0 graphics offset 0 MHz, verified by read-back before sweep. 13-point ascending 1237-3090 MHz grid, HWiNFO SensorInterval 500. Iterations 1597 from 5060ti-stock-repro-20260922. No Afterburner profile applied after the offset.
[SWEEP] NOTE: 2 point(s) ran BELOW their target by more than 30 MHz.
[SWEEP] The card could not sustain the requested clock - power or thermal limits. Expected
[SWEEP] at the top of the range, where max boost is a bin the card never actually holds.
[SWEEP] CSV:  C:\headroom-bench\results\20260923-132133_5060ti-4o-offset0-layernorm\20260923-132150_5060ti-4o-offset0-layernorm_sweep.csv
[SWEEP] JSON: C:\headroom-bench\results\20260923-132133_5060ti-4o-offset0-layernorm\20260923-132150_5060ti-4o-offset0-layernorm_sweep.json
[SWEEP] ==================================================

[SWEEP] Clock locks do NOT survive a reboot. If anything looks wrong with the card's
[SWEEP] clocks after this, reboot and it returns to stock.

---- HWiNFO log stop ----
Pressing 'Log Stop'...
  button now : 'Log Start'
  size       : 1047355 then 1047355 bytes
  rows       : 517

Logging stopped.

================ RESULT ================
  sweep exit    : 0
  elapsed       : 4.3 min (expected ~10)
  hwinfo log    : 1047355 bytes, 517 rows
  result file   : C:\headroom-bench\results\20260923-132133_5060ti-4o-offset0-layernorm\wrapper-result.json

Run complete and both halves verified.
[13:26:04] Wrapper exit 0 for 5060ti-4o-offset0-layernorm
[13:26:04] Running 5060ti-4o-offset0-bgemm32

================ PLAN ================
  label        : 5060ti-4o-offset0-bgemm32
  workload     : bgemm32
  band         : 1237-3090 MHz, 13 points
  iterations   : 2673
  output dir   : C:\headroom-bench\results\20260923-132604_5060ti-4o-offset0-bgemm32
  hwinfo log   : C:\headroom-bench\results\20260923-132604_5060ti-4o-offset0-bgemm32\5060ti-4o-offset0-bgemm32-hwinfo.csv
  expected     : ~10 min
  applied      : 4o offset ladder, registered section 7, suite offset0. Stock Profile 3 verified under load at 13801 MHz. NVML P0 graphics offset 0 MHz, verified by read-back before sweep. 13-point ascending 1237-3090 MHz grid, HWiNFO SensorInterval 500. Iterations 2673 from 5060ti-stock-repro-20260922. No Afterburner profile applied after the offset.

---- preflight ----
  power limit : 180.00 W, 180.00 W
  pmon sm     : mean 0%, peak 0% across 4 sample(s)
  pmon        : idle enough to proceed

---- HWiNFO log start ----

Pressing 'Log Start' (async - it opens a modal dialog)...
Setting the filename, with the change notification the dialog needs...

  button now : 'Log Stop'
  file       : C:\headroom-bench\results\20260923-132604_5060ti-4o-offset0-bgemm32\5060ti-4o-offset0-bgemm32-hwinfo.csv
  size       : 24126 then 39569 bytes

Logging is running and the file is growing.

---- sweep ----
  workload cmd: C:\Users\Raymond\AppData\Local\Programs\Python\Python312\python.exe C:\Users\Raymond\Documents\headroom\tools\frequency-sweep\gpu_workload.py --workload bgemm32 --json --iterations 2673

[SWEEP] GPU:        NVIDIA GeForce RTX 5060 Ti (driver 616.92)
[SWEEP] Max clock:  3090 MHz | power limit 180.00 W enforced (180.00 W default, 200.00 W max)
[SWEEP] Supported:  389 discrete graphics clocks, 180-3090 MHz
[SWEEP] Sweep band:  1237-3090 MHz (explicit) - FINE sweep, ~154 MHz apart. Not a full-range curve.
[SWEEP] Testing:    13 frequencies -> 1237, 1395, 1545, 1702, 1852, 2010, 2167, 2317, 2475, 2625, 2782, 2932, 3090 MHz
[SWEEP] Workload:   C:\Users\Raymond\AppData\Local\Programs\Python\Python312\python.exe C:\Users\Raymond\Documents\headroom\tools\frequency-sweep\gpu_workload.py --workload bgemm32 --json --iterations 2673   (timed; duration is the performance metric)
[SWEEP] Estimated:  ~6.1 min of measurement (plus workload time if any)

[SWEEP] Configuration: 4o offset ladder, registered section 7, suite offset0. Stock Profile 3 verified under load at 13801 MHz. NVML P0 graphics offset 0 MHz, verified by read-back before sweep. 13-point ascending 1237-3090 MHz grid, HWiNFO SensorInterval 500. Iterations 2673 from 5060ti-stock-repro-20260922. No Afterburner profile applied after the offset.

[SWEEP] Checking the GPU is quiet before starting...
[SWEEP] Video engines idle (encoder 0%, decoder 0%).
[SWEEP] Free VRAM 15463 MB - clear to start.
[SWEEP] Baseline utilisation 0% - clear to start.
[SWEEP] No interactive console - Ctrl+C interception unavailable. The finally block still resets clocks.
[SWEEP] NOTE: QuickEdit could not be disabled (likely no interactive console). If this window is interactive, DO NOT CLICK IN IT - a click freezes the run.
[SWEEP] --> locking 1237 MHz
[SWEEP]      1237 MHz -> achieved 1234.5 MHz (held),  71.58 W [17 in-window of 21], 43.2 C, util 95.7%
[SWEEP] --> locking 1395 MHz
[SWEEP]      1395 MHz -> achieved 1393.5 MHz (held),  75.02 W [16 in-window of 20], 43.4 C, util 95.1%
[SWEEP] --> locking 1545 MHz
[SWEEP]      1545 MHz -> achieved   1537 MHz (held),  77.51 W [16 in-window of 19], 44.1 C, util 94.9%
[SWEEP] --> locking 1702 MHz
[SWEEP]      1702 MHz -> achieved   1695 MHz (held),  83.98 W [15 in-window of 19], 44.7 C, util 90.3%
[SWEEP] --> locking 1852 MHz
[SWEEP]      1852 MHz -> achieved   1845 MHz (held),  84.55 W [15 in-window of 19], 45.8 C, util 91.8%
[SWEEP] --> locking 2010 MHz
[SWEEP]      2010 MHz -> achieved   2002 MHz (held),  96.66 W [15 in-window of 19], 47.2 C, util 93.5%
[SWEEP] --> locking 2167 MHz
[SWEEP]      2167 MHz -> achieved 2152.5 MHz (held),  98.55 W [15 in-window of 19], 47.9 C, util 94.5%
[SWEEP] --> locking 2317 MHz
[SWEEP]      2317 MHz -> achieved   2310 MHz (held), 106.36 W [15 in-window of 19], 49.3 C, util 98.1%
[SWEEP] --> locking 2475 MHz
[SWEEP]      2475 MHz -> achieved   2467 MHz (held), 116.81 W [15 in-window of 19], 50.9 C, util 95.9%
[SWEEP] --> locking 2625 MHz
[SWEEP]      2625 MHz -> achieved   2617 MHz (held), 128.22 W [15 in-window of 19], 52.7 C, util 93.2%
[SWEEP] --> locking 2782 MHz
[SWEEP]      2782 MHz -> achieved   2748 MHz (UNDERSHOT -34), 132.88 W [15 in-window of 19], 54.6 C, util 93.3%
[SWEEP] --> locking 2932 MHz
[SWEEP]      2932 MHz -> achieved   2746 MHz (UNDERSHOT -186), 136.61 W [15 in-window of 19], 55.3 C, util 94.5%
[SWEEP] --> locking 3090 MHz
[SWEEP]      3090 MHz -> achieved   2746 MHz (UNDERSHOT -344), 138.14 W [15 in-window of 19], 55.9 C, util 95.4%

[SWEEP] Resetting GPU clocks...
[SWEEP] Clocks reset. Card is now reporting 2760 MHz at idle/load.

[SWEEP] ===================== RESULT =====================
[SWEEP] Measured 13 of 13 planned frequencies.
[SWEEP] Configuration: 4o offset ladder, registered section 7, suite offset0. Stock Profile 3 verified under load at 13801 MHz. NVML P0 graphics offset 0 MHz, verified by read-back before sweep. 13-point ascending 1237-3090 MHz grid, HWiNFO SensorInterval 500. Iterations 2673 from 5060ti-stock-repro-20260922. No Afterburner profile applied after the offset.
[SWEEP] NOTE: 3 point(s) ran BELOW their target by more than 30 MHz.
[SWEEP] The card could not sustain the requested clock - power or thermal limits. Expected
[SWEEP] at the top of the range, where max boost is a bin the card never actually holds.
[SWEEP] CSV:  C:\headroom-bench\results\20260923-132604_5060ti-4o-offset0-bgemm32\20260923-132621_5060ti-4o-offset0-bgemm32_sweep.csv
[SWEEP] JSON: C:\headroom-bench\results\20260923-132604_5060ti-4o-offset0-bgemm32\20260923-132621_5060ti-4o-offset0-bgemm32_sweep.json
[SWEEP] ==================================================

[SWEEP] Clock locks do NOT survive a reboot. If anything looks wrong with the card's
[SWEEP] clocks after this, reboot and it returns to stock.

---- HWiNFO log stop ----
Pressing 'Log Stop'...
  button now : 'Log Start'
  size       : 1038266 then 1038266 bytes
  rows       : 512

Logging stopped.

================ RESULT ================
  sweep exit    : 0
  elapsed       : 4.3 min (expected ~10)
  hwinfo log    : 1038266 bytes, 512 rows
  result file   : C:\headroom-bench\results\20260923-132604_5060ti-4o-offset0-bgemm32\wrapper-result.json

Run complete and both halves verified.
[13:30:32] Wrapper exit 0 for 5060ti-4o-offset0-bgemm32
[13:30:32] Running 5060ti-4o-offset0-bgemm64

================ PLAN ================
  label        : 5060ti-4o-offset0-bgemm64
  workload     : bgemm64
  band         : 1237-3090 MHz, 13 points
  iterations   : 2661
  output dir   : C:\headroom-bench\results\20260923-133032_5060ti-4o-offset0-bgemm64
  hwinfo log   : C:\headroom-bench\results\20260923-133032_5060ti-4o-offset0-bgemm64\5060ti-4o-offset0-bgemm64-hwinfo.csv
  expected     : ~10 min
  applied      : 4o offset ladder, registered section 7, suite offset0. Stock Profile 3 verified under load at 13801 MHz. NVML P0 graphics offset 0 MHz, verified by read-back before sweep. 13-point ascending 1237-3090 MHz grid, HWiNFO SensorInterval 500. Iterations 2661 from 5060ti-stock-repro-20260922. No Afterburner profile applied after the offset.

---- preflight ----
  power limit : 180.00 W, 180.00 W
  pmon sm     : mean 0%, peak 0% across 4 sample(s)
  pmon        : idle enough to proceed

---- HWiNFO log start ----

Pressing 'Log Start' (async - it opens a modal dialog)...
Setting the filename, with the change notification the dialog needs...

  button now : 'Log Stop'
  file       : C:\headroom-bench\results\20260923-133032_5060ti-4o-offset0-bgemm64\5060ti-4o-offset0-bgemm64-hwinfo.csv
  size       : 24137 then 39642 bytes

Logging is running and the file is growing.

---- sweep ----
  workload cmd: C:\Users\Raymond\AppData\Local\Programs\Python\Python312\python.exe C:\Users\Raymond\Documents\headroom\tools\frequency-sweep\gpu_workload.py --workload bgemm64 --json --iterations 2661

[SWEEP] GPU:        NVIDIA GeForce RTX 5060 Ti (driver 616.92)
[SWEEP] Max clock:  3090 MHz | power limit 180.00 W enforced (180.00 W default, 200.00 W max)
[SWEEP] Supported:  389 discrete graphics clocks, 180-3090 MHz
[SWEEP] Sweep band:  1237-3090 MHz (explicit) - FINE sweep, ~154 MHz apart. Not a full-range curve.
[SWEEP] Testing:    13 frequencies -> 1237, 1395, 1545, 1702, 1852, 2010, 2167, 2317, 2475, 2625, 2782, 2932, 3090 MHz
[SWEEP] Workload:   C:\Users\Raymond\AppData\Local\Programs\Python\Python312\python.exe C:\Users\Raymond\Documents\headroom\tools\frequency-sweep\gpu_workload.py --workload bgemm64 --json --iterations 2661   (timed; duration is the performance metric)
[SWEEP] Estimated:  ~6.1 min of measurement (plus workload time if any)

[SWEEP] Configuration: 4o offset ladder, registered section 7, suite offset0. Stock Profile 3 verified under load at 13801 MHz. NVML P0 graphics offset 0 MHz, verified by read-back before sweep. 13-point ascending 1237-3090 MHz grid, HWiNFO SensorInterval 500. Iterations 2661 from 5060ti-stock-repro-20260922. No Afterburner profile applied after the offset.

[SWEEP] Checking the GPU is quiet before starting...
[SWEEP] Video engines idle (encoder 0%, decoder 0%).
[SWEEP] Free VRAM 15463 MB - clear to start.
[SWEEP] Baseline utilisation 0% - clear to start.
[SWEEP] No interactive console - Ctrl+C interception unavailable. The finally block still resets clocks.
[SWEEP] NOTE: QuickEdit could not be disabled (likely no interactive console). If this window is interactive, DO NOT CLICK IN IT - a click freezes the run.
[SWEEP] --> locking 1237 MHz
[SWEEP]      1237 MHz -> achieved 1235.4 MHz (held),   77.9 W [17 in-window of 21], 45.1 C, util 95.7%
[SWEEP] --> locking 1395 MHz
[SWEEP]      1395 MHz -> achieved   1389 MHz (held),  79.05 W [16 in-window of 20], 45.2 C, util 94.9%
[SWEEP] --> locking 1545 MHz
[SWEEP]      1545 MHz -> achieved   1537 MHz (held),   82.6 W [16 in-window of 19], 45.2 C, util 93.8%
[SWEEP] --> locking 1702 MHz
[SWEEP]      1702 MHz -> achieved   1695 MHz (held),  88.47 W [15 in-window of 19], 46.1 C, util 93.3%
[SWEEP] --> locking 1852 MHz
[SWEEP]      1852 MHz -> achieved   1845 MHz (held),   94.1 W [15 in-window of 19], 47.3 C, util 93.3%
[SWEEP] --> locking 2010 MHz
[SWEEP]      2010 MHz -> achieved   2002 MHz (held),  101.2 W [15 in-window of 19], 48.5 C, util 93.3%
[SWEEP] --> locking 2167 MHz
[SWEEP]      2167 MHz -> achieved 2152.1 MHz (held), 103.38 W [15 in-window of 19], 48.9 C, util 94.9%
[SWEEP] --> locking 2317 MHz
[SWEEP]      2317 MHz -> achieved   2310 MHz (held), 111.66 W [16 in-window of 19], 50.1 C, util 95.5%
[SWEEP] --> locking 2475 MHz
[SWEEP]      2475 MHz -> achieved   2467 MHz (held), 123.83 W [16 in-window of 19], 51.9 C, util 95.1%
[SWEEP] --> locking 2625 MHz
[SWEEP]      2625 MHz -> achieved   2617 MHz (held), 131.89 W [15 in-window of 19], 53.9 C, util 93.3%
[SWEEP] --> locking 2782 MHz
[SWEEP]      2782 MHz -> achieved 2745.4 MHz (UNDERSHOT -36.6), 141.63 W [15 in-window of 19], 55.9 C, util 93.3%
[SWEEP] --> locking 2932 MHz
[SWEEP]      2932 MHz -> achieved 2743.9 MHz (UNDERSHOT -188.1),  143.5 W [15 in-window of 19], 56.7 C, util 93.5%
[SWEEP] --> locking 3090 MHz
[SWEEP]      3090 MHz -> achieved 2744.4 MHz (UNDERSHOT -345.6), 145.84 W [15 in-window of 19], 57.1 C, util 94.6%

[SWEEP] Resetting GPU clocks...
[SWEEP] Clocks reset. Card is now reporting 2760 MHz at idle/load.

[SWEEP] ===================== RESULT =====================
[SWEEP] Measured 13 of 13 planned frequencies.
[SWEEP] Configuration: 4o offset ladder, registered section 7, suite offset0. Stock Profile 3 verified under load at 13801 MHz. NVML P0 graphics offset 0 MHz, verified by read-back before sweep. 13-point ascending 1237-3090 MHz grid, HWiNFO SensorInterval 500. Iterations 2661 from 5060ti-stock-repro-20260922. No Afterburner profile applied after the offset.
[SWEEP] NOTE: 3 point(s) ran BELOW their target by more than 30 MHz.
[SWEEP] The card could not sustain the requested clock - power or thermal limits. Expected
[SWEEP] at the top of the range, where max boost is a bin the card never actually holds.
[SWEEP] CSV:  C:\headroom-bench\results\20260923-133032_5060ti-4o-offset0-bgemm64\20260923-133049_5060ti-4o-offset0-bgemm64_sweep.csv
[SWEEP] JSON: C:\headroom-bench\results\20260923-133032_5060ti-4o-offset0-bgemm64\20260923-133049_5060ti-4o-offset0-bgemm64_sweep.json
[SWEEP] ==================================================

[SWEEP] Clock locks do NOT survive a reboot. If anything looks wrong with the card's
[SWEEP] clocks after this, reboot and it returns to stock.

---- HWiNFO log stop ----
Pressing 'Log Stop'...
  button now : 'Log Start'
  size       : 1037998 then 1037998 bytes
  rows       : 512

Logging stopped.

================ RESULT ================
  sweep exit    : 0
  elapsed       : 4.3 min (expected ~10)
  hwinfo log    : 1037998 bytes, 512 rows
  result file   : C:\headroom-bench\results\20260923-133032_5060ti-4o-offset0-bgemm64\wrapper-result.json

Run complete and both halves verified.
[13:35:00] Wrapper exit 0 for 5060ti-4o-offset0-bgemm64
[13:35:00] Running 5060ti-4o-offset0-bgemm128

================ PLAN ================
  label        : 5060ti-4o-offset0-bgemm128
  workload     : bgemm128
  band         : 1237-3090 MHz, 13 points
  iterations   : 2467
  output dir   : C:\headroom-bench\results\20260923-133500_5060ti-4o-offset0-bgemm128
  hwinfo log   : C:\headroom-bench\results\20260923-133500_5060ti-4o-offset0-bgemm128\5060ti-4o-offset0-bgemm128-hwinfo.csv
  expected     : ~10 min
  applied      : 4o offset ladder, registered section 7, suite offset0. Stock Profile 3 verified under load at 13801 MHz. NVML P0 graphics offset 0 MHz, verified by read-back before sweep. 13-point ascending 1237-3090 MHz grid, HWiNFO SensorInterval 500. Iterations 2467 from 5060ti-stock-repro-20260922. No Afterburner profile applied after the offset.

---- preflight ----
  power limit : 180.00 W, 180.00 W
  pmon sm     : mean 0%, peak 0% across 4 sample(s)
  pmon        : idle enough to proceed

---- HWiNFO log start ----

Pressing 'Log Start' (async - it opens a modal dialog)...
Setting the filename, with the change notification the dialog needs...

  button now : 'Log Stop'
  file       : C:\headroom-bench\results\20260923-133500_5060ti-4o-offset0-bgemm128\5060ti-4o-offset0-bgemm128-hwinfo.csv
  size       : 22164 then 37609 bytes

Logging is running and the file is growing.

---- sweep ----
  workload cmd: C:\Users\Raymond\AppData\Local\Programs\Python\Python312\python.exe C:\Users\Raymond\Documents\headroom\tools\frequency-sweep\gpu_workload.py --workload bgemm128 --json --iterations 2467

[SWEEP] GPU:        NVIDIA GeForce RTX 5060 Ti (driver 616.92)
[SWEEP] Max clock:  3090 MHz | power limit 180.00 W enforced (180.00 W default, 200.00 W max)
[SWEEP] Supported:  389 discrete graphics clocks, 180-3090 MHz
[SWEEP] Sweep band:  1237-3090 MHz (explicit) - FINE sweep, ~154 MHz apart. Not a full-range curve.
[SWEEP] Testing:    13 frequencies -> 1237, 1395, 1545, 1702, 1852, 2010, 2167, 2317, 2475, 2625, 2782, 2932, 3090 MHz
[SWEEP] Workload:   C:\Users\Raymond\AppData\Local\Programs\Python\Python312\python.exe C:\Users\Raymond\Documents\headroom\tools\frequency-sweep\gpu_workload.py --workload bgemm128 --json --iterations 2467   (timed; duration is the performance metric)
[SWEEP] Estimated:  ~6.1 min of measurement (plus workload time if any)

[SWEEP] Configuration: 4o offset ladder, registered section 7, suite offset0. Stock Profile 3 verified under load at 13801 MHz. NVML P0 graphics offset 0 MHz, verified by read-back before sweep. 13-point ascending 1237-3090 MHz grid, HWiNFO SensorInterval 500. Iterations 2467 from 5060ti-stock-repro-20260922. No Afterburner profile applied after the offset.

[SWEEP] Checking the GPU is quiet before starting...
[SWEEP] Video engines idle (encoder 0%, decoder 0%).
[SWEEP] Free VRAM 15463 MB - clear to start.
[SWEEP] Baseline utilisation 0% - clear to start.
[SWEEP] No interactive console - Ctrl+C interception unavailable. The finally block still resets clocks.
[SWEEP] NOTE: QuickEdit could not be disabled (likely no interactive console). If this window is interactive, DO NOT CLICK IN IT - a click freezes the run.
[SWEEP] --> locking 1237 MHz
[SWEEP]      1237 MHz -> achieved 1236.2 MHz (held),  66.96 W [28 in-window of 31], 44.7 C, util 98.8%
[SWEEP] --> locking 1395 MHz
[SWEEP]      1395 MHz -> achieved 1393.1 MHz (held),  73.34 W [25 in-window of 28], 45.4 C, util  97%
[SWEEP] --> locking 1545 MHz
[SWEEP]      1545 MHz -> achieved   1537 MHz (held),  76.09 W [22 in-window of 26], 45.7 C, util 94.3%
[SWEEP] --> locking 1702 MHz
[SWEEP]      1702 MHz -> achieved   1695 MHz (held),  87.38 W [20 in-window of 24], 47.4 C, util  97%
[SWEEP] --> locking 1852 MHz
[SWEEP]      1852 MHz -> achieved   1845 MHz (held), 100.42 W [19 in-window of 22], 49.5 C, util 96.2%
[SWEEP] --> locking 2010 MHz
[SWEEP]      2010 MHz -> achieved   2002 MHz (held), 114.41 W [17 in-window of 21], 51.4 C, util 94.3%
[SWEEP] --> locking 2167 MHz
[SWEEP]      2167 MHz -> achieved   2160 MHz (held), 121.41 W [16 in-window of 20], 52.7 C, util 94.2%
[SWEEP] --> locking 2317 MHz
[SWEEP]      2317 MHz -> achieved   2310 MHz (held), 137.31 W [15 in-window of 19], 55.3 C, util 95.3%
[SWEEP] --> locking 2475 MHz
[SWEEP]      2475 MHz -> achieved 2464.9 MHz (held), 159.28 W [14 in-window of 18], 58.3 C, util 93.8%
[SWEEP] --> locking 2625 MHz
[SWEEP]      2625 MHz -> achieved 2492.9 MHz (UNDERSHOT -132.1), 155.93 W [14 in-window of 18], 59.1 C, util 92.9%
[SWEEP] --> locking 2782 MHz
[SWEEP]      2782 MHz -> achieved 2488.2 MHz (UNDERSHOT -293.8), 156.98 W [14 in-window of 18], 58.9 C, util 94.4%
[SWEEP] --> locking 2932 MHz
[SWEEP]      2932 MHz -> achieved 2476.4 MHz (UNDERSHOT -455.6), 159.02 W [14 in-window of 18], 59.6 C, util 95.3%
[SWEEP] --> locking 3090 MHz
[SWEEP]      3090 MHz -> achieved   2487 MHz (UNDERSHOT -603), 160.66 W [14 in-window of 18], 59.6 C, util 92.9%

[SWEEP] Resetting GPU clocks...
[SWEEP] Clocks reset. Card is now reporting 2760 MHz at idle/load.

[SWEEP] ===================== RESULT =====================
[SWEEP] Measured 13 of 13 planned frequencies.
[SWEEP] Configuration: 4o offset ladder, registered section 7, suite offset0. Stock Profile 3 verified under load at 13801 MHz. NVML P0 graphics offset 0 MHz, verified by read-back before sweep. 13-point ascending 1237-3090 MHz grid, HWiNFO SensorInterval 500. Iterations 2467 from 5060ti-stock-repro-20260922. No Afterburner profile applied after the offset.
[SWEEP] NOTE: 4 point(s) ran BELOW their target by more than 30 MHz.
[SWEEP] The card could not sustain the requested clock - power or thermal limits. Expected
[SWEEP] at the top of the range, where max boost is a bin the card never actually holds.
[SWEEP] CSV:  C:\headroom-bench\results\20260923-133500_5060ti-4o-offset0-bgemm128\20260923-133517_5060ti-4o-offset0-bgemm128_sweep.csv
[SWEEP] JSON: C:\headroom-bench\results\20260923-133500_5060ti-4o-offset0-bgemm128\20260923-133517_5060ti-4o-offset0-bgemm128_sweep.json
[SWEEP] ==================================================

[SWEEP] Clock locks do NOT survive a reboot. If anything looks wrong with the card's
[SWEEP] clocks after this, reboot and it returns to stock.

---- HWiNFO log stop ----
Pressing 'Log Stop'...
  button now : 'Log Start'
  size       : 1101535 then 1101535 bytes
  rows       : 544

Logging stopped.

================ RESULT ================
  sweep exit    : 0
  elapsed       : 4.6 min (expected ~10)
  hwinfo log    : 1101535 bytes, 544 rows
  result file   : C:\headroom-bench\results\20260923-133500_5060ti-4o-offset0-bgemm128\wrapper-result.json

Run complete and both halves verified.
[13:39:45] Wrapper exit 0 for 5060ti-4o-offset0-bgemm128
[13:39:45] Running 5060ti-4o-offset0-bgemm256

================ PLAN ================
  label        : 5060ti-4o-offset0-bgemm256
  workload     : bgemm256
  band         : 1237-3090 MHz, 13 points
  iterations   : 1579
  output dir   : C:\headroom-bench\results\20260923-133945_5060ti-4o-offset0-bgemm256
  hwinfo log   : C:\headroom-bench\results\20260923-133945_5060ti-4o-offset0-bgemm256\5060ti-4o-offset0-bgemm256-hwinfo.csv
  expected     : ~10 min
  applied      : 4o offset ladder, registered section 7, suite offset0. Stock Profile 3 verified under load at 13801 MHz. NVML P0 graphics offset 0 MHz, verified by read-back before sweep. 13-point ascending 1237-3090 MHz grid, HWiNFO SensorInterval 500. Iterations 1579 from 5060ti-stock-repro-20260922. No Afterburner profile applied after the offset.

---- preflight ----
  power limit : 180.00 W, 180.00 W
  pmon sm     : mean 0%, peak 0% across 4 sample(s)
  pmon        : idle enough to proceed

---- HWiNFO log start ----

Pressing 'Log Start' (async - it opens a modal dialog)...
Setting the filename, with the change notification the dialog needs...

  button now : 'Log Stop'
  file       : C:\headroom-bench\results\20260923-133945_5060ti-4o-offset0-bgemm256\5060ti-4o-offset0-bgemm256-hwinfo.csv
  size       : 22203 then 37695 bytes

Logging is running and the file is growing.

---- sweep ----
  workload cmd: C:\Users\Raymond\AppData\Local\Programs\Python\Python312\python.exe C:\Users\Raymond\Documents\headroom\tools\frequency-sweep\gpu_workload.py --workload bgemm256 --json --iterations 1579

[SWEEP] GPU:        NVIDIA GeForce RTX 5060 Ti (driver 616.92)
[SWEEP] Max clock:  3090 MHz | power limit 180.00 W enforced (180.00 W default, 200.00 W max)
[SWEEP] Supported:  389 discrete graphics clocks, 180-3090 MHz
[SWEEP] Sweep band:  1237-3090 MHz (explicit) - FINE sweep, ~154 MHz apart. Not a full-range curve.
[SWEEP] Testing:    13 frequencies -> 1237, 1395, 1545, 1702, 1852, 2010, 2167, 2317, 2475, 2625, 2782, 2932, 3090 MHz
[SWEEP] Workload:   C:\Users\Raymond\AppData\Local\Programs\Python\Python312\python.exe C:\Users\Raymond\Documents\headroom\tools\frequency-sweep\gpu_workload.py --workload bgemm256 --json --iterations 1579   (timed; duration is the performance metric)
[SWEEP] Estimated:  ~6.1 min of measurement (plus workload time if any)

[SWEEP] Configuration: 4o offset ladder, registered section 7, suite offset0. Stock Profile 3 verified under load at 13801 MHz. NVML P0 graphics offset 0 MHz, verified by read-back before sweep. 13-point ascending 1237-3090 MHz grid, HWiNFO SensorInterval 500. Iterations 1579 from 5060ti-stock-repro-20260922. No Afterburner profile applied after the offset.

[SWEEP] Checking the GPU is quiet before starting...
[SWEEP] Video engines idle (encoder 0%, decoder 0%).
[SWEEP] Free VRAM 15463 MB - clear to start.
[SWEEP] Baseline utilisation 0.4% - clear to start.
[SWEEP] No interactive console - Ctrl+C interception unavailable. The finally block still resets clocks.
[SWEEP] NOTE: QuickEdit could not be disabled (likely no interactive console). If this window is interactive, DO NOT CLICK IN IT - a click freezes the run.
[SWEEP] --> locking 1237 MHz
[SWEEP]      1237 MHz -> achieved 1235.4 MHz (held),  61.48 W [34 in-window of 37],  45 C, util 96.4%
[SWEEP] --> locking 1395 MHz
[SWEEP]      1395 MHz -> achieved 1392.6 MHz (held),  67.39 W [30 in-window of 34], 45.7 C, util 98.2%
[SWEEP] --> locking 1545 MHz
[SWEEP]      1545 MHz -> achieved   1537 MHz (held),  71.74 W [27 in-window of 31],  46 C, util 96.1%
[SWEEP] --> locking 1702 MHz
[SWEEP]      1702 MHz -> achieved   1695 MHz (held),  82.44 W [25 in-window of 28], 47.6 C, util 97.1%
[SWEEP] --> locking 1852 MHz
[SWEEP]      1852 MHz -> achieved   1845 MHz (held),  96.78 W [23 in-window of 26],  50 C, util 97.6%
[SWEEP] --> locking 2010 MHz
[SWEEP]      2010 MHz -> achieved   2002 MHz (held), 109.04 W [21 in-window of 24], 51.9 C, util 94.2%
[SWEEP] --> locking 2167 MHz
[SWEEP]      2167 MHz -> achieved   2160 MHz (held), 118.39 W [20 in-window of 23], 53.6 C, util 96.7%
[SWEEP] --> locking 2317 MHz
[SWEEP]      2317 MHz -> achieved   2310 MHz (held), 133.02 W [18 in-window of 22], 56.1 C, util 97.3%
[SWEEP] --> locking 2475 MHz
[SWEEP]      2475 MHz -> achieved   2467 MHz (held), 155.84 W [17 in-window of 20], 60.1 C, util 96.2%
[SWEEP] --> locking 2625 MHz
[SWEEP]      2625 MHz -> achieved 2523.2 MHz (UNDERSHOT -101.8), 166.61 W [17 in-window of 20], 61.7 C, util 97.6%
[SWEEP] --> locking 2782 MHz
[SWEEP]      2782 MHz -> achieved 2528.1 MHz (UNDERSHOT -253.9), 166.83 W [17 in-window of 20], 62.6 C, util 97.4%
[SWEEP] --> locking 2932 MHz
[SWEEP]      2932 MHz -> achieved 2531.2 MHz (UNDERSHOT -400.8), 166.18 W [17 in-window of 20], 62.4 C, util 91.7%
[SWEEP] --> locking 3090 MHz
[SWEEP]      3090 MHz -> achieved 2542.7 MHz (UNDERSHOT -547.3), 162.38 W [17 in-window of 20], 62.5 C, util 91.4%

[SWEEP] Resetting GPU clocks...
[SWEEP] Clocks reset. Card is now reporting 2760 MHz at idle/load.

[SWEEP] ===================== RESULT =====================
[SWEEP] Measured 13 of 13 planned frequencies.
[SWEEP] Configuration: 4o offset ladder, registered section 7, suite offset0. Stock Profile 3 verified under load at 13801 MHz. NVML P0 graphics offset 0 MHz, verified by read-back before sweep. 13-point ascending 1237-3090 MHz grid, HWiNFO SensorInterval 500. Iterations 1579 from 5060ti-stock-repro-20260922. No Afterburner profile applied after the offset.
[SWEEP] NOTE: 4 point(s) ran BELOW their target by more than 30 MHz.
[SWEEP] The card could not sustain the requested clock - power or thermal limits. Expected
[SWEEP] at the top of the range, where max boost is a bin the card never actually holds.
[SWEEP] CSV:  C:\headroom-bench\results\20260923-133945_5060ti-4o-offset0-bgemm256\20260923-134002_5060ti-4o-offset0-bgemm256_sweep.csv
[SWEEP] JSON: C:\headroom-bench\results\20260923-133945_5060ti-4o-offset0-bgemm256\20260923-134002_5060ti-4o-offset0-bgemm256_sweep.json
[SWEEP] ==================================================

[SWEEP] Clock locks do NOT survive a reboot. If anything looks wrong with the card's
[SWEEP] clocks after this, reboot and it returns to stock.

---- HWiNFO log stop ----
Pressing 'Log Stop'...
  button now : 'Log Start'
  size       : 1199494 then 1199494 bytes
  rows       : 593

Logging stopped.

================ RESULT ================
  sweep exit    : 0
  elapsed       : 5 min (expected ~10)
  hwinfo log    : 1199494 bytes, 593 rows
  result file   : C:\headroom-bench\results\20260923-133945_5060ti-4o-offset0-bgemm256\wrapper-result.json

Run complete and both halves verified.
[13:44:54] Wrapper exit 0 for 5060ti-4o-offset0-bgemm256
[13:44:54] Running 5060ti-4o-offset0-bgemm1024

================ PLAN ================
  label        : 5060ti-4o-offset0-bgemm1024
  workload     : bgemm1024
  band         : 1237-3090 MHz, 13 points
  iterations   : 414
  output dir   : C:\headroom-bench\results\20260923-134454_5060ti-4o-offset0-bgemm1024
  hwinfo log   : C:\headroom-bench\results\20260923-134454_5060ti-4o-offset0-bgemm1024\5060ti-4o-offset0-bgemm1024-hwinfo.csv
  expected     : ~10 min
  applied      : 4o offset ladder, registered section 7, suite offset0. Stock Profile 3 verified under load at 13801 MHz. NVML P0 graphics offset 0 MHz, verified by read-back before sweep. 13-point ascending 1237-3090 MHz grid, HWiNFO SensorInterval 500. Iterations 414 from 5060ti-stock-repro-20260922. No Afterburner profile applied after the offset.

---- preflight ----
  power limit : 180.00 W, 180.00 W
  pmon sm     : mean 0%, peak 0% across 4 sample(s)
  pmon        : idle enough to proceed

---- HWiNFO log start ----

Pressing 'Log Start' (async - it opens a modal dialog)...
Setting the filename, with the change notification the dialog needs...

  button now : 'Log Stop'
  file       : C:\headroom-bench\results\20260923-134454_5060ti-4o-offset0-bgemm1024\5060ti-4o-offset0-bgemm1024-hwinfo.csv
  size       : 24114 then 39552 bytes

Logging is running and the file is growing.

---- sweep ----
  workload cmd: C:\Users\Raymond\AppData\Local\Programs\Python\Python312\python.exe C:\Users\Raymond\Documents\headroom\tools\frequency-sweep\gpu_workload.py --workload bgemm1024 --json --iterations 414

[SWEEP] GPU:        NVIDIA GeForce RTX 5060 Ti (driver 616.92)
[SWEEP] Max clock:  3090 MHz | power limit 180.00 W enforced (180.00 W default, 200.00 W max)
[SWEEP] Supported:  389 discrete graphics clocks, 180-3090 MHz
[SWEEP] Sweep band:  1237-3090 MHz (explicit) - FINE sweep, ~154 MHz apart. Not a full-range curve.
[SWEEP] Testing:    13 frequencies -> 1237, 1395, 1545, 1702, 1852, 2010, 2167, 2317, 2475, 2625, 2782, 2932, 3090 MHz
[SWEEP] Workload:   C:\Users\Raymond\AppData\Local\Programs\Python\Python312\python.exe C:\Users\Raymond\Documents\headroom\tools\frequency-sweep\gpu_workload.py --workload bgemm1024 --json --iterations 414   (timed; duration is the performance metric)
[SWEEP] Estimated:  ~6.1 min of measurement (plus workload time if any)

[SWEEP] Configuration: 4o offset ladder, registered section 7, suite offset0. Stock Profile 3 verified under load at 13801 MHz. NVML P0 graphics offset 0 MHz, verified by read-back before sweep. 13-point ascending 1237-3090 MHz grid, HWiNFO SensorInterval 500. Iterations 414 from 5060ti-stock-repro-20260922. No Afterburner profile applied after the offset.

[SWEEP] Checking the GPU is quiet before starting...
[SWEEP] Video engines idle (encoder 0%, decoder 0%).
[SWEEP] Free VRAM 15463 MB - clear to start.
[SWEEP] Baseline utilisation 0% - clear to start.
[SWEEP] No interactive console - Ctrl+C interception unavailable. The finally block still resets clocks.
[SWEEP] NOTE: QuickEdit could not be disabled (likely no interactive console). If this window is interactive, DO NOT CLICK IN IT - a click freezes the run.
[SWEEP] --> locking 1237 MHz
[SWEEP]      1237 MHz -> achieved 1235.1 MHz (held),   49.5 W [34 in-window of 38], 45.5 C, util 95.2%
[SWEEP] --> locking 1395 MHz
[SWEEP]      1395 MHz -> achieved 1392.1 MHz (held),  54.39 W [30 in-window of 34], 45.6 C, util 97.8%
[SWEEP] --> locking 1545 MHz
[SWEEP]      1545 MHz -> achieved   1537 MHz (held),  58.72 W [27 in-window of 31], 45.5 C, util 95.9%
[SWEEP] --> locking 1702 MHz
[SWEEP]      1702 MHz -> achieved   1695 MHz (held),  68.82 W [25 in-window of 28], 47.2 C, util  96%
[SWEEP] --> locking 1852 MHz
[SWEEP]      1852 MHz -> achieved   1845 MHz (held),  81.77 W [23 in-window of 26], 48.8 C, util 98.4%
[SWEEP] --> locking 2010 MHz
[SWEEP]      2010 MHz -> achieved   2002 MHz (held),  95.17 W [21 in-window of 25],  51 C, util 92.2%
[SWEEP] --> locking 2167 MHz
[SWEEP]      2167 MHz -> achieved   2160 MHz (held), 102.82 W [20 in-window of 23], 52.2 C, util 96.8%
[SWEEP] --> locking 2317 MHz
[SWEEP]      2317 MHz -> achieved   2310 MHz (held), 116.79 W [18 in-window of 22], 54.9 C, util 100%
[SWEEP] --> locking 2475 MHz
[SWEEP]      2475 MHz -> achieved   2467 MHz (held), 137.48 W [17 in-window of 21], 58.5 C, util 98.4%
[SWEEP] --> locking 2625 MHz
[SWEEP]      2625 MHz -> achieved 2598.9 MHz (held), 165.47 W [16 in-window of 20], 63.7 C, util 100%
[SWEEP] --> locking 2782 MHz
[SWEEP]      2782 MHz -> achieved 2606.1 MHz (UNDERSHOT -175.9), 166.64 W [16 in-window of 20], 64.1 C, util 100%
[SWEEP] --> locking 2932 MHz
[SWEEP]      2932 MHz -> achieved 2605.6 MHz (UNDERSHOT -326.4), 167.27 W [16 in-window of 20], 64.8 C, util 100%
[SWEEP] --> locking 3090 MHz
[SWEEP]      3090 MHz -> achieved 2602.6 MHz (UNDERSHOT -487.4), 168.26 W [16 in-window of 20], 64.3 C, util 97.6%

[SWEEP] Resetting GPU clocks...
[SWEEP] Clocks reset. Card is now reporting 2760 MHz at idle/load.

[SWEEP] ===================== RESULT =====================
[SWEEP] Measured 13 of 13 planned frequencies.
[SWEEP] Configuration: 4o offset ladder, registered section 7, suite offset0. Stock Profile 3 verified under load at 13801 MHz. NVML P0 graphics offset 0 MHz, verified by read-back before sweep. 13-point ascending 1237-3090 MHz grid, HWiNFO SensorInterval 500. Iterations 414 from 5060ti-stock-repro-20260922. No Afterburner profile applied after the offset.
[SWEEP] NOTE: 3 point(s) ran BELOW their target by more than 30 MHz.
[SWEEP] The card could not sustain the requested clock - power or thermal limits. Expected
[SWEEP] at the top of the range, where max boost is a bin the card never actually holds.
[SWEEP] CSV:  C:\headroom-bench\results\20260923-134454_5060ti-4o-offset0-bgemm1024\20260923-134511_5060ti-4o-offset0-bgemm1024_sweep.csv
[SWEEP] JSON: C:\headroom-bench\results\20260923-134454_5060ti-4o-offset0-bgemm1024\20260923-134511_5060ti-4o-offset0-bgemm1024_sweep.json
[SWEEP] ==================================================

[SWEEP] Clock locks do NOT survive a reboot. If anything looks wrong with the card's
[SWEEP] clocks after this, reboot and it returns to stock.

---- HWiNFO log stop ----
Pressing 'Log Stop'...
  button now : 'Log Start'
  size       : 1204842 then 1204842 bytes
  rows       : 596

Logging stopped.

================ RESULT ================
  sweep exit    : 0
  elapsed       : 5 min (expected ~10)
  hwinfo log    : 1204842 bytes, 596 rows
  result file   : C:\headroom-bench\results\20260923-134454_5060ti-4o-offset0-bgemm1024\wrapper-result.json

Run complete and both halves verified.
[13:50:04] Wrapper exit 0 for 5060ti-4o-offset0-bgemm1024
[13:50:04] Running 5060ti-4o-offset0-attention

================ PLAN ================
  label        : 5060ti-4o-offset0-attention
  workload     : attention
  band         : 1237-3090 MHz, 13 points
  iterations   : 147
  output dir   : C:\headroom-bench\results\20260923-135005_5060ti-4o-offset0-attention
  hwinfo log   : C:\headroom-bench\results\20260923-135005_5060ti-4o-offset0-attention\5060ti-4o-offset0-attention-hwinfo.csv
  expected     : ~10 min
  applied      : 4o offset ladder, registered section 7, suite offset0. Stock Profile 3 verified under load at 13801 MHz. NVML P0 graphics offset 0 MHz, verified by read-back before sweep. 13-point ascending 1237-3090 MHz grid, HWiNFO SensorInterval 500. Iterations 147 from 5060ti-stock-repro-20260922. No Afterburner profile applied after the offset.

---- preflight ----
  power limit : 180.00 W, 180.00 W
  pmon sm     : mean 0%, peak 0% across 4 sample(s)
  pmon        : idle enough to proceed

---- HWiNFO log start ----

Pressing 'Log Start' (async - it opens a modal dialog)...
Setting the filename, with the change notification the dialog needs...

  button now : 'Log Stop'
  file       : C:\headroom-bench\results\20260923-135005_5060ti-4o-offset0-attention\5060ti-4o-offset0-attention-hwinfo.csv
  size       : 24133 then 39562 bytes

Logging is running and the file is growing.

---- sweep ----
  workload cmd: C:\Users\Raymond\AppData\Local\Programs\Python\Python312\python.exe C:\Users\Raymond\Documents\headroom\tools\frequency-sweep\gpu_workload.py --workload attention --json --iterations 147

[SWEEP] GPU:        NVIDIA GeForce RTX 5060 Ti (driver 616.92)
[SWEEP] Max clock:  3090 MHz | power limit 180.00 W enforced (180.00 W default, 200.00 W max)
[SWEEP] Supported:  389 discrete graphics clocks, 180-3090 MHz
[SWEEP] Sweep band:  1237-3090 MHz (explicit) - FINE sweep, ~154 MHz apart. Not a full-range curve.
[SWEEP] Testing:    13 frequencies -> 1237, 1395, 1545, 1702, 1852, 2010, 2167, 2317, 2475, 2625, 2782, 2932, 3090 MHz
[SWEEP] Workload:   C:\Users\Raymond\AppData\Local\Programs\Python\Python312\python.exe C:\Users\Raymond\Documents\headroom\tools\frequency-sweep\gpu_workload.py --workload attention --json --iterations 147   (timed; duration is the performance metric)
[SWEEP] Estimated:  ~6.1 min of measurement (plus workload time if any)

[SWEEP] Configuration: 4o offset ladder, registered section 7, suite offset0. Stock Profile 3 verified under load at 13801 MHz. NVML P0 graphics offset 0 MHz, verified by read-back before sweep. 13-point ascending 1237-3090 MHz grid, HWiNFO SensorInterval 500. Iterations 147 from 5060ti-stock-repro-20260922. No Afterburner profile applied after the offset.

[SWEEP] Checking the GPU is quiet before starting...
[SWEEP] Video engines idle (encoder 0%, decoder 0%).
[SWEEP] Free VRAM 15463 MB - clear to start.
[SWEEP] Baseline utilisation 0% - clear to start.
[SWEEP] No interactive console - Ctrl+C interception unavailable. The finally block still resets clocks.
[SWEEP] NOTE: QuickEdit could not be disabled (likely no interactive console). If this window is interactive, DO NOT CLICK IN IT - a click freezes the run.
[SWEEP] --> locking 1237 MHz
[SWEEP]      1237 MHz -> achieved 1236.2 MHz (held),     34 W [33 in-window of 37],  43 C, util 98.9%
[SWEEP] --> locking 1395 MHz
[SWEEP]      1395 MHz -> achieved 1392.8 MHz (held),  37.77 W [29 in-window of 34], 41.9 C, util  98%
[SWEEP] --> locking 1545 MHz
[SWEEP]      1545 MHz -> achieved   1537 MHz (held),  39.43 W [26 in-window of 31], 41.8 C, util 97.4%
[SWEEP] --> locking 1702 MHz
[SWEEP]      1702 MHz -> achieved   1695 MHz (held),  44.84 W [24 in-window of 28], 42.6 C, util  98%
[SWEEP] --> locking 1852 MHz
[SWEEP]      1852 MHz -> achieved   1845 MHz (held),  51.74 W [22 in-window of 26], 43.6 C, util 97.6%
[SWEEP] --> locking 2010 MHz
[SWEEP]      2010 MHz -> achieved   2002 MHz (held),  61.15 W [20 in-window of 24], 45.2 C, util 99.9%
[SWEEP] --> locking 2167 MHz
[SWEEP]      2167 MHz -> achieved   2160 MHz (held),  66.14 W [18 in-window of 23], 45.9 C, util 98.4%
[SWEEP] --> locking 2317 MHz
[SWEEP]      2317 MHz -> achieved   2310 MHz (held),  71.29 W [18 in-window of 22],  47 C, util 98.9%
[SWEEP] --> locking 2475 MHz
[SWEEP]      2475 MHz -> achieved   2467 MHz (held),  82.71 W [17 in-window of 21], 49.2 C, util 98.1%
[SWEEP] --> locking 2625 MHz
[SWEEP]      2625 MHz -> achieved   2617 MHz (held),  96.47 W [16 in-window of 20], 52.1 C, util 98.2%
[SWEEP] --> locking 2782 MHz
[SWEEP]      2782 MHz -> achieved 2747.9 MHz (UNDERSHOT -34.1), 109.51 W [15 in-window of 19], 54.7 C, util  98%
[SWEEP] --> locking 2932 MHz
[SWEEP]      2932 MHz -> achieved 2749.3 MHz (UNDERSHOT -182.7), 110.94 W [15 in-window of 19], 55.6 C, util 100%
[SWEEP] --> locking 3090 MHz
[SWEEP]      3090 MHz -> achieved 2747.7 MHz (UNDERSHOT -342.3), 112.49 W [15 in-window of 19], 55.9 C, util 97.9%

[SWEEP] Resetting GPU clocks...
[SWEEP] Clocks reset. Card is now reporting 2760 MHz at idle/load.

[SWEEP] ===================== RESULT =====================
[SWEEP] Measured 13 of 13 planned frequencies.
[SWEEP] Configuration: 4o offset ladder, registered section 7, suite offset0. Stock Profile 3 verified under load at 13801 MHz. NVML P0 graphics offset 0 MHz, verified by read-back before sweep. 13-point ascending 1237-3090 MHz grid, HWiNFO SensorInterval 500. Iterations 147 from 5060ti-stock-repro-20260922. No Afterburner profile applied after the offset.
[SWEEP] NOTE: 3 point(s) ran BELOW their target by more than 30 MHz.
[SWEEP] The card could not sustain the requested clock - power or thermal limits. Expected
[SWEEP] at the top of the range, where max boost is a bin the card never actually holds.
[SWEEP] CSV:  C:\headroom-bench\results\20260923-135005_5060ti-4o-offset0-attention\20260923-135021_5060ti-4o-offset0-attention_sweep.csv
[SWEEP] JSON: C:\headroom-bench\results\20260923-135005_5060ti-4o-offset0-attention\20260923-135021_5060ti-4o-offset0-attention_sweep.json
[SWEEP] ==================================================

[SWEEP] Clock locks do NOT survive a reboot. If anything looks wrong with the card's
[SWEEP] clocks after this, reboot and it returns to stock.

---- HWiNFO log stop ----
Pressing 'Log Stop'...
  button now : 'Log Start'
  size       : 1193534 then 1193534 bytes
  rows       : 591

Logging stopped.

================ RESULT ================
  sweep exit    : 0
  elapsed       : 4.9 min (expected ~10)
  hwinfo log    : 1193534 bytes, 591 rows
  result file   : C:\headroom-bench\results\20260923-135005_5060ti-4o-offset0-attention\wrapper-result.json

Run complete and both halves verified.
[13:55:12] Wrapper exit 0 for 5060ti-4o-offset0-attention
[13:55:12] Running 5060ti-4o-offset0-conv

================ PLAN ================
  label        : 5060ti-4o-offset0-conv
  workload     : conv
  band         : 1237-3090 MHz, 13 points
  iterations   : 151
  output dir   : C:\headroom-bench\results\20260923-135513_5060ti-4o-offset0-conv
  hwinfo log   : C:\headroom-bench\results\20260923-135513_5060ti-4o-offset0-conv\5060ti-4o-offset0-conv-hwinfo.csv
  expected     : ~10 min
  applied      : 4o offset ladder, registered section 7, suite offset0. Stock Profile 3 verified under load at 13801 MHz. NVML P0 graphics offset 0 MHz, verified by read-back before sweep. 13-point ascending 1237-3090 MHz grid, HWiNFO SensorInterval 500. Iterations 151 from 5060ti-stock-repro-20260922. No Afterburner profile applied after the offset.

---- preflight ----
  power limit : 180.00 W, 180.00 W
  pmon sm     : mean 0%, peak 0% across 4 sample(s)
  pmon        : idle enough to proceed

---- HWiNFO log start ----

Pressing 'Log Start' (async - it opens a modal dialog)...
Setting the filename, with the change notification the dialog needs...

  button now : 'Log Stop'
  file       : C:\headroom-bench\results\20260923-135513_5060ti-4o-offset0-conv\5060ti-4o-offset0-conv-hwinfo.csv
  size       : 24124 then 39582 bytes

Logging is running and the file is growing.

---- sweep ----
  workload cmd: C:\Users\Raymond\AppData\Local\Programs\Python\Python312\python.exe C:\Users\Raymond\Documents\headroom\tools\frequency-sweep\gpu_workload.py --workload conv --json --iterations 151

[SWEEP] GPU:        NVIDIA GeForce RTX 5060 Ti (driver 616.92)
[SWEEP] Max clock:  3090 MHz | power limit 180.00 W enforced (180.00 W default, 200.00 W max)
[SWEEP] Supported:  389 discrete graphics clocks, 180-3090 MHz
[SWEEP] Sweep band:  1237-3090 MHz (explicit) - FINE sweep, ~154 MHz apart. Not a full-range curve.
[SWEEP] Testing:    13 frequencies -> 1237, 1395, 1545, 1702, 1852, 2010, 2167, 2317, 2475, 2625, 2782, 2932, 3090 MHz
[SWEEP] Workload:   C:\Users\Raymond\AppData\Local\Programs\Python\Python312\python.exe C:\Users\Raymond\Documents\headroom\tools\frequency-sweep\gpu_workload.py --workload conv --json --iterations 151   (timed; duration is the performance metric)
[SWEEP] Estimated:  ~6.1 min of measurement (plus workload time if any)

[SWEEP] Configuration: 4o offset ladder, registered section 7, suite offset0. Stock Profile 3 verified under load at 13801 MHz. NVML P0 graphics offset 0 MHz, verified by read-back before sweep. 13-point ascending 1237-3090 MHz grid, HWiNFO SensorInterval 500. Iterations 151 from 5060ti-stock-repro-20260922. No Afterburner profile applied after the offset.

[SWEEP] Checking the GPU is quiet before starting...
[SWEEP] Video engines idle (encoder 0%, decoder 0%).
[SWEEP] Free VRAM 15463 MB - clear to start.
[SWEEP] Baseline utilisation 0% - clear to start.
[SWEEP] No interactive console - Ctrl+C interception unavailable. The finally block still resets clocks.
[SWEEP] NOTE: QuickEdit could not be disabled (likely no interactive console). If this window is interactive, DO NOT CLICK IN IT - a click freezes the run.
[SWEEP] --> locking 1237 MHz
[SWEEP]      1237 MHz -> achieved 1235.8 MHz (held),  41.97 W [34 in-window of 38], 41.9 C, util 98.7%
[SWEEP] --> locking 1395 MHz
[SWEEP]      1395 MHz -> achieved 1392.9 MHz (held),  45.57 W [30 in-window of 34], 42.1 C, util 98.1%
[SWEEP] --> locking 1545 MHz
[SWEEP]      1545 MHz -> achieved   1537 MHz (held),  48.77 W [27 in-window of 31], 42.6 C, util 99.4%
[SWEEP] --> locking 1702 MHz
[SWEEP]      1702 MHz -> achieved   1695 MHz (held),  58.54 W [24 in-window of 29], 44.2 C, util 98.6%
[SWEEP] --> locking 1852 MHz
[SWEEP]      1852 MHz -> achieved   1845 MHz (held),  69.44 W [22 in-window of 27],  46 C, util 100%
[SWEEP] --> locking 2010 MHz
[SWEEP]      2010 MHz -> achieved   2002 MHz (held),  81.97 W [20 in-window of 25], 47.4 C, util 98.5%
[SWEEP] --> locking 2167 MHz
[SWEEP]      2167 MHz -> achieved   2160 MHz (held),  89.04 W [19 in-window of 24], 49.2 C, util 97.9%
[SWEEP] --> locking 2317 MHz
[SWEEP]      2317 MHz -> achieved   2310 MHz (held),  98.91 W [18 in-window of 22], 51.1 C, util 97.4%
[SWEEP] --> locking 2475 MHz
[SWEEP]      2475 MHz -> achieved   2467 MHz (held), 114.71 W [16 in-window of 21], 54.1 C, util 97.4%
[SWEEP] --> locking 2625 MHz
[SWEEP]      2625 MHz -> achieved   2617 MHz (held), 142.57 W [15 in-window of 20], 58.9 C, util 97.3%
[SWEEP] --> locking 2782 MHz
[SWEEP]      2782 MHz -> achieved 2710.9 MHz (UNDERSHOT -71.1), 149.52 W [16 in-window of 19], 60.9 C, util 92.6%
[SWEEP] --> locking 2932 MHz
[SWEEP]      2932 MHz -> achieved 2705.2 MHz (UNDERSHOT -226.8), 158.62 W [15 in-window of 19], 62.7 C, util 95.9%
[SWEEP] --> locking 3090 MHz
[SWEEP]      3090 MHz -> achieved 2707.2 MHz (UNDERSHOT -382.8),    153 W [16 in-window of 19], 63.3 C, util 99.3%

[SWEEP] Resetting GPU clocks...
[SWEEP] Clocks reset. Card is now reporting 2760 MHz at idle/load.

[SWEEP] ===================== RESULT =====================
[SWEEP] Measured 13 of 13 planned frequencies.
[SWEEP] Configuration: 4o offset ladder, registered section 7, suite offset0. Stock Profile 3 verified under load at 13801 MHz. NVML P0 graphics offset 0 MHz, verified by read-back before sweep. 13-point ascending 1237-3090 MHz grid, HWiNFO SensorInterval 500. Iterations 151 from 5060ti-stock-repro-20260922. No Afterburner profile applied after the offset.
[SWEEP] NOTE: 3 point(s) ran BELOW their target by more than 30 MHz.
[SWEEP] The card could not sustain the requested clock - power or thermal limits. Expected
[SWEEP] at the top of the range, where max boost is a bin the card never actually holds.
[SWEEP] CSV:  C:\headroom-bench\results\20260923-135513_5060ti-4o-offset0-conv\20260923-135529_5060ti-4o-offset0-conv_sweep.csv
[SWEEP] JSON: C:\headroom-bench\results\20260923-135513_5060ti-4o-offset0-conv\20260923-135529_5060ti-4o-offset0-conv_sweep.json
[SWEEP] ==================================================

[SWEEP] Clock locks do NOT survive a reboot. If anything looks wrong with the card's
[SWEEP] clocks after this, reboot and it returns to stock.

---- HWiNFO log stop ----
Pressing 'Log Stop'...
  button now : 'Log Start'
  size       : 1206913 then 1206913 bytes
  rows       : 597

Logging stopped.

================ RESULT ================
  sweep exit    : 0
  elapsed       : 5 min (expected ~10)
  hwinfo log    : 1206913 bytes, 597 rows
  result file   : C:\headroom-bench\results\20260923-135513_5060ti-4o-offset0-conv\wrapper-result.json

Run complete and both halves verified.
[14:00:23] Wrapper exit 0 for 5060ti-4o-offset0-conv
[14:00:23] Running 5060ti-4o-offset0-gemm

================ PLAN ================
  label        : 5060ti-4o-offset0-gemm
  workload     : gemm
  band         : 1237-3090 MHz, 13 points
  iterations   : 120
  output dir   : C:\headroom-bench\results\20260923-140023_5060ti-4o-offset0-gemm
  hwinfo log   : C:\headroom-bench\results\20260923-140023_5060ti-4o-offset0-gemm\5060ti-4o-offset0-gemm-hwinfo.csv
  expected     : ~10 min
  applied      : 4o offset ladder, registered section 7, suite offset0. Stock Profile 3 verified under load at 13801 MHz. NVML P0 graphics offset 0 MHz, verified by read-back before sweep. 13-point ascending 1237-3090 MHz grid, HWiNFO SensorInterval 500. Iterations 120 from 5060ti-stock-repro-20260922. No Afterburner profile applied after the offset.

---- preflight ----
  power limit : 180.00 W, 180.00 W
  pmon sm     : mean 0%, peak 0% across 4 sample(s)
  pmon        : idle enough to proceed

---- HWiNFO log start ----

Pressing 'Log Start' (async - it opens a modal dialog)...
Setting the filename, with the change notification the dialog needs...

  button now : 'Log Stop'
  file       : C:\headroom-bench\results\20260923-140023_5060ti-4o-offset0-gemm\5060ti-4o-offset0-gemm-hwinfo.csv
  size       : 24124 then 39583 bytes

Logging is running and the file is growing.

---- sweep ----
  workload cmd: C:\Users\Raymond\AppData\Local\Programs\Python\Python312\python.exe C:\Users\Raymond\Documents\headroom\tools\frequency-sweep\gpu_workload.py --workload gemm --json --iterations 120

[SWEEP] GPU:        NVIDIA GeForce RTX 5060 Ti (driver 616.92)
[SWEEP] Max clock:  3090 MHz | power limit 180.00 W enforced (180.00 W default, 200.00 W max)
[SWEEP] Supported:  389 discrete graphics clocks, 180-3090 MHz
[SWEEP] Sweep band:  1237-3090 MHz (explicit) - FINE sweep, ~154 MHz apart. Not a full-range curve.
[SWEEP] Testing:    13 frequencies -> 1237, 1395, 1545, 1702, 1852, 2010, 2167, 2317, 2475, 2625, 2782, 2932, 3090 MHz
[SWEEP] Workload:   C:\Users\Raymond\AppData\Local\Programs\Python\Python312\python.exe C:\Users\Raymond\Documents\headroom\tools\frequency-sweep\gpu_workload.py --workload gemm --json --iterations 120   (timed; duration is the performance metric)
[SWEEP] Estimated:  ~6.1 min of measurement (plus workload time if any)

[SWEEP] Configuration: 4o offset ladder, registered section 7, suite offset0. Stock Profile 3 verified under load at 13801 MHz. NVML P0 graphics offset 0 MHz, verified by read-back before sweep. 13-point ascending 1237-3090 MHz grid, HWiNFO SensorInterval 500. Iterations 120 from 5060ti-stock-repro-20260922. No Afterburner profile applied after the offset.

[SWEEP] Checking the GPU is quiet before starting...
[SWEEP] Video engines idle (encoder 0%, decoder 0%).
[SWEEP] Free VRAM 15463 MB - clear to start.
[SWEEP] Baseline utilisation 0% - clear to start.
[SWEEP] No interactive console - Ctrl+C interception unavailable. The finally block still resets clocks.
[SWEEP] NOTE: QuickEdit could not be disabled (likely no interactive console). If this window is interactive, DO NOT CLICK IN IT - a click freezes the run.
[SWEEP] --> locking 1237 MHz
[SWEEP]      1237 MHz -> achieved 1236.5 MHz (held),  60.39 W [29 in-window of 34], 45.2 C, util  99%
[SWEEP] --> locking 1395 MHz
[SWEEP]      1395 MHz -> achieved   1387 MHz (held),  66.36 W [26 in-window of 30], 45.7 C, util 98.5%
[SWEEP] --> locking 1545 MHz
[SWEEP]      1545 MHz -> achieved   1537 MHz (held),  72.98 W [23 in-window of 28], 46.5 C, util 98.8%
[SWEEP] --> locking 1702 MHz
[SWEEP]      1702 MHz -> achieved   1695 MHz (held),   85.7 W [21 in-window of 25], 48.2 C, util 98.6%
[SWEEP] --> locking 1852 MHz
[SWEEP]      1852 MHz -> achieved   1845 MHz (held), 100.04 W [19 in-window of 24], 50.7 C, util 100%
[SWEEP] --> locking 2010 MHz
[SWEEP]      2010 MHz -> achieved   2002 MHz (held), 116.29 W [18 in-window of 22], 53.4 C, util 97.7%
[SWEEP] --> locking 2167 MHz
[SWEEP]      2167 MHz -> achieved   2160 MHz (held), 128.87 W [16 in-window of 21], 55.1 C, util 97.7%
[SWEEP] --> locking 2317 MHz
[SWEEP]      2317 MHz -> achieved   2310 MHz (held), 143.95 W [15 in-window of 20], 58.5 C, util 100%
[SWEEP] --> locking 2475 MHz
[SWEEP]      2475 MHz -> achieved   2449 MHz (held), 167.82 W [14 in-window of 19], 62.9 C, util 100%
[SWEEP] --> locking 2625 MHz
[SWEEP]      2625 MHz -> achieved 2444.2 MHz (UNDERSHOT -180.8), 171.31 W [14 in-window of 19], 63.5 C, util 100%
[SWEEP] --> locking 2782 MHz
[SWEEP]      2782 MHz -> achieved 2446.9 MHz (UNDERSHOT -335.1), 172.46 W [14 in-window of 19], 63.3 C, util 97.6%
[SWEEP] --> locking 2932 MHz
[SWEEP]      2932 MHz -> achieved 2437.9 MHz (UNDERSHOT -494.1), 175.33 W [14 in-window of 19], 64.1 C, util 100%
[SWEEP] --> locking 3090 MHz
[SWEEP]      3090 MHz -> achieved 2445.3 MHz (UNDERSHOT -644.7), 175.49 W [14 in-window of 19], 64.5 C, util 97.8%

[SWEEP] Resetting GPU clocks...
[SWEEP] Clocks reset. Card is now reporting 2760 MHz at idle/load.

[SWEEP] ===================== RESULT =====================
[SWEEP] Measured 13 of 13 planned frequencies.
[SWEEP] Configuration: 4o offset ladder, registered section 7, suite offset0. Stock Profile 3 verified under load at 13801 MHz. NVML P0 graphics offset 0 MHz, verified by read-back before sweep. 13-point ascending 1237-3090 MHz grid, HWiNFO SensorInterval 500. Iterations 120 from 5060ti-stock-repro-20260922. No Afterburner profile applied after the offset.
[SWEEP] NOTE: 4 point(s) ran BELOW their target by more than 30 MHz.
[SWEEP] The card could not sustain the requested clock - power or thermal limits. Expected
[SWEEP] at the top of the range, where max boost is a bin the card never actually holds.
[SWEEP] CSV:  C:\headroom-bench\results\20260923-140023_5060ti-4o-offset0-gemm\20260923-140040_5060ti-4o-offset0-gemm_sweep.csv
[SWEEP] JSON: C:\headroom-bench\results\20260923-140023_5060ti-4o-offset0-gemm\20260923-140040_5060ti-4o-offset0-gemm_sweep.json
[SWEEP] ==================================================

[SWEEP] Clock locks do NOT survive a reboot. If anything looks wrong with the card's
[SWEEP] clocks after this, reboot and it returns to stock.

---- HWiNFO log stop ----
Pressing 'Log Stop'...
  button now : 'Log Start'
  size       : 1142826 then 1142826 bytes
  rows       : 565

Logging stopped.

================ RESULT ================
  sweep exit    : 0
  elapsed       : 4.7 min (expected ~10)
  hwinfo log    : 1142826 bytes, 565 rows
  result file   : C:\headroom-bench\results\20260923-140023_5060ti-4o-offset0-gemm\wrapper-result.json

Run complete and both halves verified.
[14:05:18] Wrapper exit 0 for 5060ti-4o-offset0-gemm
[14:05:18] Setting NVML P0 graphics offset to -150 MHz for offsetm150.
Current P0 graphics offset: 0 MHz (allowed -1000 to 1000).
Verified by read-back: P0 graphics offset is now -150 MHz.
A read-back proves the driver accepted the value, not what it does to clocks or voltage. The sweep measures that.
[14:05:18] Running 5060ti-4o-offsetm150-copy

================ PLAN ================
  label        : 5060ti-4o-offsetm150-copy
  workload     : copy
  band         : 1237-3090 MHz, 13 points
  iterations   : 2660
  output dir   : C:\headroom-bench\results\20260923-140519_5060ti-4o-offsetm150-copy
  hwinfo log   : C:\headroom-bench\results\20260923-140519_5060ti-4o-offsetm150-copy\5060ti-4o-offsetm150-copy-hwinfo.csv
  expected     : ~10 min
  applied      : 4o offset ladder, registered section 7, suite offsetm150. Stock Profile 3 verified under load at 13801 MHz. NVML P0 graphics offset -150 MHz, verified by read-back before sweep. 13-point ascending 1237-3090 MHz grid, HWiNFO SensorInterval 500. Iterations 2660 from 5060ti-stock-repro-20260922. No Afterburner profile applied after the offset.

---- preflight ----
  power limit : 180.00 W, 180.00 W
  pmon sm     : mean 0%, peak 0% across 4 sample(s)
  pmon        : idle enough to proceed

---- HWiNFO log start ----

Pressing 'Log Start' (async - it opens a modal dialog)...
Setting the filename, with the change notification the dialog needs...

  button now : 'Log Stop'
  file       : C:\headroom-bench\results\20260923-140519_5060ti-4o-offsetm150-copy\5060ti-4o-offsetm150-copy-hwinfo.csv
  size       : 22197 then 37652 bytes

Logging is running and the file is growing.

---- sweep ----
  workload cmd: C:\Users\Raymond\AppData\Local\Programs\Python\Python312\python.exe C:\Users\Raymond\Documents\headroom\tools\frequency-sweep\gpu_workload.py --workload copy --json --iterations 2660

[SWEEP] GPU:        NVIDIA GeForce RTX 5060 Ti (driver 616.92)
[SWEEP] Max clock:  3090 MHz | power limit 180.00 W enforced (180.00 W default, 200.00 W max)
[SWEEP] Supported:  389 discrete graphics clocks, 180-3090 MHz
[SWEEP] Sweep band:  1237-3090 MHz (explicit) - FINE sweep, ~154 MHz apart. Not a full-range curve.
[SWEEP] Testing:    13 frequencies -> 1237, 1395, 1545, 1702, 1852, 2010, 2167, 2317, 2475, 2625, 2782, 2932, 3090 MHz
[SWEEP] Workload:   C:\Users\Raymond\AppData\Local\Programs\Python\Python312\python.exe C:\Users\Raymond\Documents\headroom\tools\frequency-sweep\gpu_workload.py --workload copy --json --iterations 2660   (timed; duration is the performance metric)
[SWEEP] Estimated:  ~6.1 min of measurement (plus workload time if any)

[SWEEP] Configuration: 4o offset ladder, registered section 7, suite offsetm150. Stock Profile 3 verified under load at 13801 MHz. NVML P0 graphics offset -150 MHz, verified by read-back before sweep. 13-point ascending 1237-3090 MHz grid, HWiNFO SensorInterval 500. Iterations 2660 from 5060ti-stock-repro-20260922. No Afterburner profile applied after the offset.

[SWEEP] Checking the GPU is quiet before starting...
[SWEEP] Video engines idle (encoder 0%, decoder 0%).
[SWEEP] Free VRAM 15463 MB - clear to start.
[SWEEP] Baseline utilisation 0% - clear to start.
[SWEEP] No interactive console - Ctrl+C interception unavailable. The finally block still resets clocks.
[SWEEP] NOTE: QuickEdit could not be disabled (likely no interactive console). If this window is interactive, DO NOT CLICK IN IT - a click freezes the run.
[SWEEP] --> locking 1237 MHz
[SWEEP]      1237 MHz -> achieved 1235.8 MHz (held),  51.13 W [17 in-window of 20], 41.9 C, util 97.6%
[SWEEP] --> locking 1395 MHz
[SWEEP]      1395 MHz -> achieved   1387 MHz (held),  52.81 W [16 in-window of 20], 40.9 C, util 96.3%
[SWEEP] --> locking 1545 MHz
[SWEEP]      1545 MHz -> achieved   1537 MHz (held),  55.62 W [16 in-window of 19], 40.9 C, util 96.6%
[SWEEP] --> locking 1702 MHz
[SWEEP]      1702 MHz -> achieved   1695 MHz (held),  59.57 W [15 in-window of 19], 40.9 C, util 94.3%
[SWEEP] --> locking 1852 MHz
[SWEEP]      1852 MHz -> achieved   1845 MHz (held),  63.06 W [15 in-window of 19], 41.3 C, util 97.1%
[SWEEP] --> locking 2010 MHz
[SWEEP]      2010 MHz -> achieved 1980.5 MHz (held),  62.72 W [15 in-window of 19], 41.2 C, util 93.3%
[SWEEP] --> locking 2167 MHz
[SWEEP]      2167 MHz -> achieved   2160 MHz (held),  65.07 W [15 in-window of 19], 41.6 C, util 93.3%
[SWEEP] --> locking 2317 MHz
[SWEEP]      2317 MHz -> achieved   2310 MHz (held),  69.41 W [15 in-window of 19], 42.2 C, util 93.3%
[SWEEP] --> locking 2475 MHz
[SWEEP]      2475 MHz -> achieved   2467 MHz (held),  78.74 W [15 in-window of 19], 43.4 C, util 93.4%
[SWEEP] --> locking 2625 MHz
[SWEEP]      2625 MHz -> achieved   2603 MHz (held),  85.14 W [15 in-window of 19], 44.5 C, util 97.9%
[SWEEP] --> locking 2782 MHz
[SWEEP]      2782 MHz -> achieved   2603 MHz (UNDERSHOT -179),  85.31 W [15 in-window of 19], 44.8 C, util 97.3%
[SWEEP] --> locking 2932 MHz
[SWEEP]      2932 MHz -> achieved 2603.5 MHz (UNDERSHOT -328.5),  85.36 W [15 in-window of 19], 45.1 C, util 93.3%
[SWEEP] --> locking 3090 MHz
[SWEEP]      3090 MHz -> achieved 2603.5 MHz (UNDERSHOT -486.5),   83.3 W [15 in-window of 19], 45.3 C, util 93.4%

[SWEEP] Resetting GPU clocks...
[SWEEP] Clocks reset. Card is now reporting 2625 MHz at idle/load.

[SWEEP] ===================== RESULT =====================
[SWEEP] Measured 13 of 13 planned frequencies.
[SWEEP] Configuration: 4o offset ladder, registered section 7, suite offsetm150. Stock Profile 3 verified under load at 13801 MHz. NVML P0 graphics offset -150 MHz, verified by read-back before sweep. 13-point ascending 1237-3090 MHz grid, HWiNFO SensorInterval 500. Iterations 2660 from 5060ti-stock-repro-20260922. No Afterburner profile applied after the offset.
[SWEEP] NOTE: 3 point(s) ran BELOW their target by more than 30 MHz.
[SWEEP] The card could not sustain the requested clock - power or thermal limits. Expected
[SWEEP] at the top of the range, where max boost is a bin the card never actually holds.
[SWEEP] CSV:  C:\headroom-bench\results\20260923-140519_5060ti-4o-offsetm150-copy\20260923-140535_5060ti-4o-offsetm150-copy_sweep.csv
[SWEEP] JSON: C:\headroom-bench\results\20260923-140519_5060ti-4o-offsetm150-copy\20260923-140535_5060ti-4o-offsetm150-copy_sweep.json
[SWEEP] ==================================================

[SWEEP] Clock locks do NOT survive a reboot. If anything looks wrong with the card's
[SWEEP] clocks after this, reboot and it returns to stock.

---- HWiNFO log stop ----
Pressing 'Log Stop'...
  button now : 'Log Start'
  size       : 1034078 then 1034078 bytes
  rows       : 510

Logging stopped.

================ RESULT ================
  sweep exit    : 0
  elapsed       : 4.3 min (expected ~10)
  hwinfo log    : 1034078 bytes, 510 rows
  result file   : C:\headroom-bench\results\20260923-140519_5060ti-4o-offsetm150-copy\wrapper-result.json

Run complete and both halves verified.
[14:09:46] Wrapper exit 0 for 5060ti-4o-offsetm150-copy
[14:09:46] Running 5060ti-4o-offsetm150-reduce

================ PLAN ================
  label        : 5060ti-4o-offsetm150-reduce
  workload     : reduce
  band         : 1237-3090 MHz, 13 points
  iterations   : 2870
  output dir   : C:\headroom-bench\results\20260923-140946_5060ti-4o-offsetm150-reduce
  hwinfo log   : C:\headroom-bench\results\20260923-140946_5060ti-4o-offsetm150-reduce\5060ti-4o-offsetm150-reduce-hwinfo.csv
  expected     : ~10 min
  applied      : 4o offset ladder, registered section 7, suite offsetm150. Stock Profile 3 verified under load at 13801 MHz. NVML P0 graphics offset -150 MHz, verified by read-back before sweep. 13-point ascending 1237-3090 MHz grid, HWiNFO SensorInterval 500. Iterations 2870 from 5060ti-stock-repro-20260922. No Afterburner profile applied after the offset.

---- preflight ----
  power limit : 180.00 W, 180.00 W
  pmon sm     : mean 0%, peak 0% across 4 sample(s)
  pmon        : idle enough to proceed

---- HWiNFO log start ----

Pressing 'Log Start' (async - it opens a modal dialog)...
Setting the filename, with the change notification the dialog needs...

  button now : 'Log Stop'
  file       : C:\headroom-bench\results\20260923-140946_5060ti-4o-offsetm150-reduce\5060ti-4o-offsetm150-reduce-hwinfo.csv
  size       : 22198 then 37669 bytes

Logging is running and the file is growing.

---- sweep ----
  workload cmd: C:\Users\Raymond\AppData\Local\Programs\Python\Python312\python.exe C:\Users\Raymond\Documents\headroom\tools\frequency-sweep\gpu_workload.py --workload reduce --json --iterations 2870

[SWEEP] GPU:        NVIDIA GeForce RTX 5060 Ti (driver 616.92)
[SWEEP] Max clock:  3090 MHz | power limit 180.00 W enforced (180.00 W default, 200.00 W max)
[SWEEP] Supported:  389 discrete graphics clocks, 180-3090 MHz
[SWEEP] Sweep band:  1237-3090 MHz (explicit) - FINE sweep, ~154 MHz apart. Not a full-range curve.
[SWEEP] Testing:    13 frequencies -> 1237, 1395, 1545, 1702, 1852, 2010, 2167, 2317, 2475, 2625, 2782, 2932, 3090 MHz
[SWEEP] Workload:   C:\Users\Raymond\AppData\Local\Programs\Python\Python312\python.exe C:\Users\Raymond\Documents\headroom\tools\frequency-sweep\gpu_workload.py --workload reduce --json --iterations 2870   (timed; duration is the performance metric)
[SWEEP] Estimated:  ~6.1 min of measurement (plus workload time if any)

[SWEEP] Configuration: 4o offset ladder, registered section 7, suite offsetm150. Stock Profile 3 verified under load at 13801 MHz. NVML P0 graphics offset -150 MHz, verified by read-back before sweep. 13-point ascending 1237-3090 MHz grid, HWiNFO SensorInterval 500. Iterations 2870 from 5060ti-stock-repro-20260922. No Afterburner profile applied after the offset.

[SWEEP] Checking the GPU is quiet before starting...
[SWEEP] Video engines idle (encoder 0%, decoder 0%).
[SWEEP] Free VRAM 15463 MB - clear to start.
[SWEEP] Baseline utilisation 0% - clear to start.
[SWEEP] No interactive console - Ctrl+C interception unavailable. The finally block still resets clocks.
[SWEEP] NOTE: QuickEdit could not be disabled (likely no interactive console). If this window is interactive, DO NOT CLICK IN IT - a click freezes the run.
[SWEEP] --> locking 1237 MHz
[SWEEP]      1237 MHz -> achieved 1235.2 MHz (held),  49.14 W [20 in-window of 23],  40 C, util 97.4%
[SWEEP] --> locking 1395 MHz
[SWEEP]      1395 MHz -> achieved   1387 MHz (held),  50.81 W [18 in-window of 22], 41.3 C, util 94.4%
[SWEEP] --> locking 1545 MHz
[SWEEP]      1545 MHz -> achieved   1537 MHz (held),  56.52 W [16 in-window of 20], 42.6 C, util 93.8%
[SWEEP] --> locking 1702 MHz
[SWEEP]      1702 MHz -> achieved   1695 MHz (held),  61.94 W [15 in-window of 19],  44 C, util 93.3%
[SWEEP] --> locking 1852 MHz
[SWEEP]      1852 MHz -> achieved   1845 MHz (held),  63.42 W [15 in-window of 19], 45.3 C, util 93.3%
[SWEEP] --> locking 2010 MHz
[SWEEP]      2010 MHz -> achieved 1994.9 MHz (held),  65.31 W [15 in-window of 19], 46.3 C, util 95.7%
[SWEEP] --> locking 2167 MHz
[SWEEP]      2167 MHz -> achieved   2160 MHz (held),  69.83 W [15 in-window of 19], 47.5 C, util 95.5%
[SWEEP] --> locking 2317 MHz
[SWEEP]      2317 MHz -> achieved   2310 MHz (held),  75.94 W [15 in-window of 19], 49.2 C, util 96.4%
[SWEEP] --> locking 2475 MHz
[SWEEP]      2475 MHz -> achieved   2467 MHz (held),  84.28 W [15 in-window of 19], 51.1 C, util  93%
[SWEEP] --> locking 2625 MHz
[SWEEP]      2625 MHz -> achieved 2598.9 MHz (held),  87.26 W [15 in-window of 19], 52.9 C, util 91.7%
[SWEEP] --> locking 2782 MHz
[SWEEP]      2782 MHz -> achieved 2598.8 MHz (UNDERSHOT -183.2),  86.33 W [15 in-window of 19], 51.5 C, util 92.6%
[SWEEP] --> locking 2932 MHz
[SWEEP]      2932 MHz -> achieved 2606.3 MHz (UNDERSHOT -325.7),  88.15 W [15 in-window of 19], 50.1 C, util 93.5%
[SWEEP] --> locking 3090 MHz
[SWEEP]      3090 MHz -> achieved 2606.8 MHz (UNDERSHOT -483.2),   88.2 W [15 in-window of 19], 49.5 C, util 96.1%

[SWEEP] Resetting GPU clocks...
[SWEEP] Clocks reset. Card is now reporting 2610 MHz at idle/load.

[SWEEP] ===================== RESULT =====================
[SWEEP] Measured 13 of 13 planned frequencies.
[SWEEP] Configuration: 4o offset ladder, registered section 7, suite offsetm150. Stock Profile 3 verified under load at 13801 MHz. NVML P0 graphics offset -150 MHz, verified by read-back before sweep. 13-point ascending 1237-3090 MHz grid, HWiNFO SensorInterval 500. Iterations 2870 from 5060ti-stock-repro-20260922. No Afterburner profile applied after the offset.
[SWEEP] NOTE: 3 point(s) ran BELOW their target by more than 30 MHz.
[SWEEP] The card could not sustain the requested clock - power or thermal limits. Expected
[SWEEP] at the top of the range, where max boost is a bin the card never actually holds.
[SWEEP] CSV:  C:\headroom-bench\results\20260923-140946_5060ti-4o-offsetm150-reduce\20260923-141003_5060ti-4o-offsetm150-reduce_sweep.csv
[SWEEP] JSON: C:\headroom-bench\results\20260923-140946_5060ti-4o-offsetm150-reduce\20260923-141003_5060ti-4o-offsetm150-reduce_sweep.json
[SWEEP] ==================================================

[SWEEP] Clock locks do NOT survive a reboot. If anything looks wrong with the card's
[SWEEP] clocks after this, reboot and it returns to stock.

---- HWiNFO log stop ----
Pressing 'Log Stop'...
  button now : 'Log Start'
  size       : 1049930 then 1049930 bytes
  rows       : 517

Logging stopped.

================ RESULT ================
  sweep exit    : 0
  elapsed       : 4.3 min (expected ~10)
  hwinfo log    : 1049930 bytes, 517 rows
  result file   : C:\headroom-bench\results\20260923-140946_5060ti-4o-offsetm150-reduce\wrapper-result.json

Run complete and both halves verified.
[14:14:17] Wrapper exit 0 for 5060ti-4o-offsetm150-reduce
[14:14:17] Running 5060ti-4o-offsetm150-softmax

================ PLAN ================
  label        : 5060ti-4o-offsetm150-softmax
  workload     : softmax
  band         : 1237-3090 MHz, 13 points
  iterations   : 2600
  output dir   : C:\headroom-bench\results\20260923-141417_5060ti-4o-offsetm150-softmax
  hwinfo log   : C:\headroom-bench\results\20260923-141417_5060ti-4o-offsetm150-softmax\5060ti-4o-offsetm150-softmax-hwinfo.csv
  expected     : ~10 min
  applied      : 4o offset ladder, registered section 7, suite offsetm150. Stock Profile 3 verified under load at 13801 MHz. NVML P0 graphics offset -150 MHz, verified by read-back before sweep. 13-point ascending 1237-3090 MHz grid, HWiNFO SensorInterval 500. Iterations 2600 from 5060ti-stock-repro-20260922. No Afterburner profile applied after the offset.

---- preflight ----
  power limit : 180.00 W, 180.00 W
  pmon sm     : mean 0%, peak 0% across 4 sample(s)
  pmon        : idle enough to proceed

---- HWiNFO log start ----

Pressing 'Log Start' (async - it opens a modal dialog)...
Setting the filename, with the change notification the dialog needs...

  button now : 'Log Stop'
  file       : C:\headroom-bench\results\20260923-141417_5060ti-4o-offsetm150-softmax\5060ti-4o-offsetm150-softmax-hwinfo.csv
  size       : 22208 then 37699 bytes

Logging is running and the file is growing.

---- sweep ----
  workload cmd: C:\Users\Raymond\AppData\Local\Programs\Python\Python312\python.exe C:\Users\Raymond\Documents\headroom\tools\frequency-sweep\gpu_workload.py --workload softmax --json --iterations 2600

[SWEEP] GPU:        NVIDIA GeForce RTX 5060 Ti (driver 616.92)
[SWEEP] Max clock:  3090 MHz | power limit 180.00 W enforced (180.00 W default, 200.00 W max)
[SWEEP] Supported:  389 discrete graphics clocks, 180-3090 MHz
[SWEEP] Sweep band:  1237-3090 MHz (explicit) - FINE sweep, ~154 MHz apart. Not a full-range curve.
[SWEEP] Testing:    13 frequencies -> 1237, 1395, 1545, 1702, 1852, 2010, 2167, 2317, 2475, 2625, 2782, 2932, 3090 MHz
[SWEEP] Workload:   C:\Users\Raymond\AppData\Local\Programs\Python\Python312\python.exe C:\Users\Raymond\Documents\headroom\tools\frequency-sweep\gpu_workload.py --workload softmax --json --iterations 2600   (timed; duration is the performance metric)
[SWEEP] Estimated:  ~6.1 min of measurement (plus workload time if any)

[SWEEP] Configuration: 4o offset ladder, registered section 7, suite offsetm150. Stock Profile 3 verified under load at 13801 MHz. NVML P0 graphics offset -150 MHz, verified by read-back before sweep. 13-point ascending 1237-3090 MHz grid, HWiNFO SensorInterval 500. Iterations 2600 from 5060ti-stock-repro-20260922. No Afterburner profile applied after the offset.

[SWEEP] Checking the GPU is quiet before starting...
[SWEEP] Video engines idle (encoder 0%, decoder 0%).
[SWEEP] Free VRAM 15463 MB - clear to start.
[SWEEP] Baseline utilisation 0% - clear to start.
[SWEEP] No interactive console - Ctrl+C interception unavailable. The finally block still resets clocks.
[SWEEP] NOTE: QuickEdit could not be disabled (likely no interactive console). If this window is interactive, DO NOT CLICK IN IT - a click freezes the run.
[SWEEP] --> locking 1237 MHz
[SWEEP]      1237 MHz -> achieved 1235.8 MHz (held),  61.94 W [17 in-window of 20], 42.9 C, util  96%
[SWEEP] --> locking 1395 MHz
[SWEEP]      1395 MHz -> achieved   1387 MHz (held),  63.64 W [16 in-window of 19], 42.8 C, util 95.2%
[SWEEP] --> locking 1545 MHz
[SWEEP]      1545 MHz -> achieved   1537 MHz (held),  66.21 W [15 in-window of 19], 42.8 C, util 93.3%
[SWEEP] --> locking 1702 MHz
[SWEEP]      1702 MHz -> achieved   1695 MHz (held),  69.66 W [15 in-window of 19], 43.3 C, util 93.3%
[SWEEP] --> locking 1852 MHz
[SWEEP]      1852 MHz -> achieved   1845 MHz (held),   76.1 W [16 in-window of 19], 43.9 C, util 93.8%
[SWEEP] --> locking 2010 MHz
[SWEEP]      2010 MHz -> achieved 1980.5 MHz (held),  77.98 W [15 in-window of 19], 44.2 C, util 96.9%
[SWEEP] --> locking 2167 MHz
[SWEEP]      2167 MHz -> achieved   2160 MHz (held),  84.12 W [15 in-window of 19], 45.1 C, util 96.5%
[SWEEP] --> locking 2317 MHz
[SWEEP]      2317 MHz -> achieved   2310 MHz (held),  89.96 W [15 in-window of 19], 45.9 C, util 93.3%
[SWEEP] --> locking 2475 MHz
[SWEEP]      2475 MHz -> achieved   2467 MHz (held),  98.19 W [15 in-window of 19], 47.3 C, util 93.3%
[SWEEP] --> locking 2625 MHz
[SWEEP]      2625 MHz -> achieved   2603 MHz (held), 106.31 W [15 in-window of 19], 48.8 C, util 93.4%
[SWEEP] --> locking 2782 MHz
[SWEEP]      2782 MHz -> achieved 2603.5 MHz (UNDERSHOT -178.5), 106.96 W [15 in-window of 19], 49.5 C, util 95.8%
[SWEEP] --> locking 2932 MHz
[SWEEP]      2932 MHz -> achieved 2603.5 MHz (UNDERSHOT -328.5), 109.24 W [15 in-window of 19], 49.9 C, util 94.8%
[SWEEP] --> locking 3090 MHz
[SWEEP]      3090 MHz -> achieved 2602.5 MHz (UNDERSHOT -487.5), 110.21 W [15 in-window of 19], 50.6 C, util 100%

[SWEEP] Resetting GPU clocks...
[SWEEP] Clocks reset. Card is now reporting 2610 MHz at idle/load.

[SWEEP] ===================== RESULT =====================
[SWEEP] Measured 13 of 13 planned frequencies.
[SWEEP] Configuration: 4o offset ladder, registered section 7, suite offsetm150. Stock Profile 3 verified under load at 13801 MHz. NVML P0 graphics offset -150 MHz, verified by read-back before sweep. 13-point ascending 1237-3090 MHz grid, HWiNFO SensorInterval 500. Iterations 2600 from 5060ti-stock-repro-20260922. No Afterburner profile applied after the offset.
[SWEEP] NOTE: 3 point(s) ran BELOW their target by more than 30 MHz.
[SWEEP] The card could not sustain the requested clock - power or thermal limits. Expected
[SWEEP] at the top of the range, where max boost is a bin the card never actually holds.
[SWEEP] CSV:  C:\headroom-bench\results\20260923-141417_5060ti-4o-offsetm150-softmax\20260923-141434_5060ti-4o-offsetm150-softmax_sweep.csv
[SWEEP] JSON: C:\headroom-bench\results\20260923-141417_5060ti-4o-offsetm150-softmax\20260923-141434_5060ti-4o-offsetm150-softmax_sweep.json
[SWEEP] ==================================================

[SWEEP] Clock locks do NOT survive a reboot. If anything looks wrong with the card's
[SWEEP] clocks after this, reboot and it returns to stock.

---- HWiNFO log stop ----
Pressing 'Log Stop'...
  button now : 'Log Start'
  size       : 1033351 then 1033351 bytes
  rows       : 509

Logging stopped.

================ RESULT ================
  sweep exit    : 0
  elapsed       : 4.3 min (expected ~10)
  hwinfo log    : 1033351 bytes, 509 rows
  result file   : C:\headroom-bench\results\20260923-141417_5060ti-4o-offsetm150-softmax\wrapper-result.json

Run complete and both halves verified.
[14:18:44] Wrapper exit 0 for 5060ti-4o-offsetm150-softmax
[14:18:44] Running 5060ti-4o-offsetm150-layernorm

================ PLAN ================
  label        : 5060ti-4o-offsetm150-layernorm
  workload     : layernorm
  band         : 1237-3090 MHz, 13 points
  iterations   : 1597
  output dir   : C:\headroom-bench\results\20260923-141844_5060ti-4o-offsetm150-layernorm
  hwinfo log   : C:\headroom-bench\results\20260923-141844_5060ti-4o-offsetm150-layernorm\5060ti-4o-offsetm150-layernorm-hwinfo.csv
  expected     : ~10 min
  applied      : 4o offset ladder, registered section 7, suite offsetm150. Stock Profile 3 verified under load at 13801 MHz. NVML P0 graphics offset -150 MHz, verified by read-back before sweep. 13-point ascending 1237-3090 MHz grid, HWiNFO SensorInterval 500. Iterations 1597 from 5060ti-stock-repro-20260922. No Afterburner profile applied after the offset.

---- preflight ----
  power limit : 180.00 W, 180.00 W
  pmon sm     : mean 0%, peak 0% across 4 sample(s)
  pmon        : idle enough to proceed

---- HWiNFO log start ----

Pressing 'Log Start' (async - it opens a modal dialog)...
Setting the filename, with the change notification the dialog needs...

  button now : 'Log Stop'
  file       : C:\headroom-bench\results\20260923-141844_5060ti-4o-offsetm150-layernorm\5060ti-4o-offsetm150-layernorm-hwinfo.csv
  size       : 22214 then 37727 bytes

Logging is running and the file is growing.

---- sweep ----
  workload cmd: C:\Users\Raymond\AppData\Local\Programs\Python\Python312\python.exe C:\Users\Raymond\Documents\headroom\tools\frequency-sweep\gpu_workload.py --workload layernorm --json --iterations 1597

[SWEEP] GPU:        NVIDIA GeForce RTX 5060 Ti (driver 616.92)
[SWEEP] Max clock:  3090 MHz | power limit 180.00 W enforced (180.00 W default, 200.00 W max)
[SWEEP] Supported:  389 discrete graphics clocks, 180-3090 MHz
[SWEEP] Sweep band:  1237-3090 MHz (explicit) - FINE sweep, ~154 MHz apart. Not a full-range curve.
[SWEEP] Testing:    13 frequencies -> 1237, 1395, 1545, 1702, 1852, 2010, 2167, 2317, 2475, 2625, 2782, 2932, 3090 MHz
[SWEEP] Workload:   C:\Users\Raymond\AppData\Local\Programs\Python\Python312\python.exe C:\Users\Raymond\Documents\headroom\tools\frequency-sweep\gpu_workload.py --workload layernorm --json --iterations 1597   (timed; duration is the performance metric)
[SWEEP] Estimated:  ~6.1 min of measurement (plus workload time if any)

[SWEEP] Configuration: 4o offset ladder, registered section 7, suite offsetm150. Stock Profile 3 verified under load at 13801 MHz. NVML P0 graphics offset -150 MHz, verified by read-back before sweep. 13-point ascending 1237-3090 MHz grid, HWiNFO SensorInterval 500. Iterations 1597 from 5060ti-stock-repro-20260922. No Afterburner profile applied after the offset.

[SWEEP] Checking the GPU is quiet before starting...
[SWEEP] Video engines idle (encoder 0%, decoder 0%).
[SWEEP] Free VRAM 15463 MB - clear to start.
[SWEEP] Baseline utilisation 0% - clear to start.
[SWEEP] No interactive console - Ctrl+C interception unavailable. The finally block still resets clocks.
[SWEEP] NOTE: QuickEdit could not be disabled (likely no interactive console). If this window is interactive, DO NOT CLICK IN IT - a click freezes the run.
[SWEEP] --> locking 1237 MHz
[SWEEP]      1237 MHz -> achieved 1235.8 MHz (held),  56.35 W [18 in-window of 22], 40.8 C, util 95.7%
[SWEEP] --> locking 1395 MHz
[SWEEP]      1395 MHz -> achieved   1387 MHz (held),  57.93 W [17 in-window of 21], 40.7 C, util 94.1%
[SWEEP] --> locking 1545 MHz
[SWEEP]      1545 MHz -> achieved   1537 MHz (held),  63.33 W [16 in-window of 20], 40.9 C, util 93.8%
[SWEEP] --> locking 1702 MHz
[SWEEP]      1702 MHz -> achieved   1695 MHz (held),  67.77 W [16 in-window of 20], 41.6 C, util 92.9%
[SWEEP] --> locking 1852 MHz
[SWEEP]      1852 MHz -> achieved   1845 MHz (held),  71.39 W [16 in-window of 19], 42.2 C, util 93.8%
[SWEEP] --> locking 2010 MHz
[SWEEP]      2010 MHz -> achieved 1976.4 MHz (UNDERSHOT -33.6),  73.43 W [16 in-window of 19], 42.5 C, util 95.3%
[SWEEP] --> locking 2167 MHz
[SWEEP]      2167 MHz -> achieved   2160 MHz (held),   79.7 W [16 in-window of 19], 43.4 C, util 97.2%
[SWEEP] --> locking 2317 MHz
[SWEEP]      2317 MHz -> achieved   2310 MHz (held),  86.66 W [15 in-window of 19], 44.3 C, util 94.4%
[SWEEP] --> locking 2475 MHz
[SWEEP]      2475 MHz -> achieved   2467 MHz (held),   96.8 W [15 in-window of 19], 46.2 C, util 98.5%
[SWEEP] --> locking 2625 MHz
[SWEEP]      2625 MHz -> achieved 2603.5 MHz (held), 101.72 W [15 in-window of 19], 47.1 C, util 93.3%
[SWEEP] --> locking 2782 MHz
[SWEEP]      2782 MHz -> achieved 2603.5 MHz (UNDERSHOT -178.5), 101.25 W [15 in-window of 19],  48 C, util 93.4%
[SWEEP] --> locking 2932 MHz
[SWEEP]      2932 MHz -> achieved 2603.5 MHz (UNDERSHOT -328.5), 102.41 W [15 in-window of 19], 48.4 C, util 95.1%
[SWEEP] --> locking 3090 MHz
[SWEEP]      3090 MHz -> achieved 2603.5 MHz (UNDERSHOT -486.5), 103.13 W [15 in-window of 19],  49 C, util 96.5%

[SWEEP] Resetting GPU clocks...
[SWEEP] Clocks reset. Card is now reporting 2610 MHz at idle/load.

[SWEEP] ===================== RESULT =====================
[SWEEP] Measured 13 of 13 planned frequencies.
[SWEEP] Configuration: 4o offset ladder, registered section 7, suite offsetm150. Stock Profile 3 verified under load at 13801 MHz. NVML P0 graphics offset -150 MHz, verified by read-back before sweep. 13-point ascending 1237-3090 MHz grid, HWiNFO SensorInterval 500. Iterations 1597 from 5060ti-stock-repro-20260922. No Afterburner profile applied after the offset.
[SWEEP] NOTE: 4 point(s) ran BELOW their target by more than 30 MHz.
[SWEEP] The card could not sustain the requested clock - power or thermal limits. Expected
[SWEEP] at the top of the range, where max boost is a bin the card never actually holds.
[SWEEP] CSV:  C:\headroom-bench\results\20260923-141844_5060ti-4o-offsetm150-layernorm\20260923-141901_5060ti-4o-offsetm150-layernorm_sweep.csv
[SWEEP] JSON: C:\headroom-bench\results\20260923-141844_5060ti-4o-offsetm150-layernorm\20260923-141901_5060ti-4o-offsetm150-layernorm_sweep.json
[SWEEP] ==================================================

[SWEEP] Clock locks do NOT survive a reboot. If anything looks wrong with the card's
[SWEEP] clocks after this, reboot and it returns to stock.

---- HWiNFO log stop ----
Pressing 'Log Stop'...
  button now : 'Log Start'
  size       : 1045576 then 1045576 bytes
  rows       : 515

Logging stopped.

================ RESULT ================
  sweep exit    : 0
  elapsed       : 4.3 min (expected ~10)
  hwinfo log    : 1045576 bytes, 515 rows
  result file   : C:\headroom-bench\results\20260923-141844_5060ti-4o-offsetm150-layernorm\wrapper-result.json

Run complete and both halves verified.
[14:23:14] Wrapper exit 0 for 5060ti-4o-offsetm150-layernorm
[14:23:14] Running 5060ti-4o-offsetm150-bgemm32

================ PLAN ================
  label        : 5060ti-4o-offsetm150-bgemm32
  workload     : bgemm32
  band         : 1237-3090 MHz, 13 points
  iterations   : 2673
  output dir   : C:\headroom-bench\results\20260923-142314_5060ti-4o-offsetm150-bgemm32
  hwinfo log   : C:\headroom-bench\results\20260923-142314_5060ti-4o-offsetm150-bgemm32\5060ti-4o-offsetm150-bgemm32-hwinfo.csv
  expected     : ~10 min
  applied      : 4o offset ladder, registered section 7, suite offsetm150. Stock Profile 3 verified under load at 13801 MHz. NVML P0 graphics offset -150 MHz, verified by read-back before sweep. 13-point ascending 1237-3090 MHz grid, HWiNFO SensorInterval 500. Iterations 2673 from 5060ti-stock-repro-20260922. No Afterburner profile applied after the offset.

---- preflight ----
  power limit : 180.00 W, 180.00 W
  pmon sm     : mean 0%, peak 0% across 4 sample(s)
  pmon        : idle enough to proceed

---- HWiNFO log start ----

Pressing 'Log Start' (async - it opens a modal dialog)...
Setting the filename, with the change notification the dialog needs...

  button now : 'Log Stop'
  file       : C:\headroom-bench\results\20260923-142314_5060ti-4o-offsetm150-bgemm32\5060ti-4o-offsetm150-bgemm32-hwinfo.csv
  size       : 24127 then 39629 bytes

Logging is running and the file is growing.

---- sweep ----
  workload cmd: C:\Users\Raymond\AppData\Local\Programs\Python\Python312\python.exe C:\Users\Raymond\Documents\headroom\tools\frequency-sweep\gpu_workload.py --workload bgemm32 --json --iterations 2673

[SWEEP] GPU:        NVIDIA GeForce RTX 5060 Ti (driver 616.92)
[SWEEP] Max clock:  3090 MHz | power limit 180.00 W enforced (180.00 W default, 200.00 W max)
[SWEEP] Supported:  389 discrete graphics clocks, 180-3090 MHz
[SWEEP] Sweep band:  1237-3090 MHz (explicit) - FINE sweep, ~154 MHz apart. Not a full-range curve.
[SWEEP] Testing:    13 frequencies -> 1237, 1395, 1545, 1702, 1852, 2010, 2167, 2317, 2475, 2625, 2782, 2932, 3090 MHz
[SWEEP] Workload:   C:\Users\Raymond\AppData\Local\Programs\Python\Python312\python.exe C:\Users\Raymond\Documents\headroom\tools\frequency-sweep\gpu_workload.py --workload bgemm32 --json --iterations 2673   (timed; duration is the performance metric)
[SWEEP] Estimated:  ~6.1 min of measurement (plus workload time if any)

[SWEEP] Configuration: 4o offset ladder, registered section 7, suite offsetm150. Stock Profile 3 verified under load at 13801 MHz. NVML P0 graphics offset -150 MHz, verified by read-back before sweep. 13-point ascending 1237-3090 MHz grid, HWiNFO SensorInterval 500. Iterations 2673 from 5060ti-stock-repro-20260922. No Afterburner profile applied after the offset.

[SWEEP] Checking the GPU is quiet before starting...
[SWEEP] Video engines idle (encoder 0%, decoder 0%).
[SWEEP] Free VRAM 15463 MB - clear to start.
[SWEEP] Baseline utilisation 0% - clear to start.
[SWEEP] No interactive console - Ctrl+C interception unavailable. The finally block still resets clocks.
[SWEEP] NOTE: QuickEdit could not be disabled (likely no interactive console). If this window is interactive, DO NOT CLICK IN IT - a click freezes the run.
[SWEEP] --> locking 1237 MHz
[SWEEP]      1237 MHz -> achieved 1234.9 MHz (held),  73.65 W [17 in-window of 21], 43.2 C, util  96%
[SWEEP] --> locking 1395 MHz
[SWEEP]      1395 MHz -> achieved   1387 MHz (held),  76.46 W [16 in-window of 19], 43.5 C, util 95.5%
[SWEEP] --> locking 1545 MHz
[SWEEP]      1545 MHz -> achieved   1537 MHz (held),  83.87 W [15 in-window of 19], 44.7 C, util 96.1%
[SWEEP] --> locking 1702 MHz
[SWEEP]      1702 MHz -> achieved   1695 MHz (held),  88.97 W [15 in-window of 19], 45.5 C, util 95.3%
[SWEEP] --> locking 1852 MHz
[SWEEP]      1852 MHz -> achieved   1845 MHz (held),  97.17 W [15 in-window of 19], 46.7 C, util 90.9%
[SWEEP] --> locking 2010 MHz
[SWEEP]      2010 MHz -> achieved 1982.8 MHz (held),  94.35 W [15 in-window of 19], 47.1 C, util 93.3%
[SWEEP] --> locking 2167 MHz
[SWEEP]      2167 MHz -> achieved   2160 MHz (held), 102.59 W [15 in-window of 19], 48.5 C, util 94.2%
[SWEEP] --> locking 2317 MHz
[SWEEP]      2317 MHz -> achieved   2310 MHz (held), 113.22 W [15 in-window of 19], 50.2 C, util 94.7%
[SWEEP] --> locking 2475 MHz
[SWEEP]      2475 MHz -> achieved   2467 MHz (held), 127.07 W [15 in-window of 19], 52.4 C, util 95.1%
[SWEEP] --> locking 2625 MHz
[SWEEP]      2625 MHz -> achieved   2596 MHz (held),    139 W [15 in-window of 19], 54.8 C, util 95.2%
[SWEEP] --> locking 2782 MHz
[SWEEP]      2782 MHz -> achieved   2596 MHz (UNDERSHOT -186), 139.36 W [15 in-window of 19], 55.3 C, util 93.3%
[SWEEP] --> locking 2932 MHz
[SWEEP]      2932 MHz -> achieved 2596.5 MHz (UNDERSHOT -335.5), 134.65 W [15 in-window of 19], 55.7 C, util 93.3%
[SWEEP] --> locking 3090 MHz
[SWEEP]      3090 MHz -> achieved 2596.5 MHz (UNDERSHOT -493.5), 136.92 W [15 in-window of 19], 56.2 C, util 93.4%

[SWEEP] Resetting GPU clocks...
[SWEEP] Clocks reset. Card is now reporting 2610 MHz at idle/load.

[SWEEP] ===================== RESULT =====================
[SWEEP] Measured 13 of 13 planned frequencies.
[SWEEP] Configuration: 4o offset ladder, registered section 7, suite offsetm150. Stock Profile 3 verified under load at 13801 MHz. NVML P0 graphics offset -150 MHz, verified by read-back before sweep. 13-point ascending 1237-3090 MHz grid, HWiNFO SensorInterval 500. Iterations 2673 from 5060ti-stock-repro-20260922. No Afterburner profile applied after the offset.
[SWEEP] NOTE: 3 point(s) ran BELOW their target by more than 30 MHz.
[SWEEP] The card could not sustain the requested clock - power or thermal limits. Expected
[SWEEP] at the top of the range, where max boost is a bin the card never actually holds.
[SWEEP] CSV:  C:\headroom-bench\results\20260923-142314_5060ti-4o-offsetm150-bgemm32\20260923-142331_5060ti-4o-offsetm150-bgemm32_sweep.csv
[SWEEP] JSON: C:\headroom-bench\results\20260923-142314_5060ti-4o-offsetm150-bgemm32\20260923-142331_5060ti-4o-offsetm150-bgemm32_sweep.json
[SWEEP] ==================================================

[SWEEP] Clock locks do NOT survive a reboot. If anything looks wrong with the card's
[SWEEP] clocks after this, reboot and it returns to stock.

---- HWiNFO log stop ----
Pressing 'Log Stop'...
  button now : 'Log Start'
  size       : 1037121 then 1037121 bytes
  rows       : 511

Logging stopped.

================ RESULT ================
  sweep exit    : 0
  elapsed       : 4.3 min (expected ~10)
  hwinfo log    : 1037121 bytes, 511 rows
  result file   : C:\headroom-bench\results\20260923-142314_5060ti-4o-offsetm150-bgemm32\wrapper-result.json

Run complete and both halves verified.
[14:27:41] Wrapper exit 0 for 5060ti-4o-offsetm150-bgemm32
[14:27:41] Running 5060ti-4o-offsetm150-bgemm64

================ PLAN ================
  label        : 5060ti-4o-offsetm150-bgemm64
  workload     : bgemm64
  band         : 1237-3090 MHz, 13 points
  iterations   : 2661
  output dir   : C:\headroom-bench\results\20260923-142742_5060ti-4o-offsetm150-bgemm64
  hwinfo log   : C:\headroom-bench\results\20260923-142742_5060ti-4o-offsetm150-bgemm64\5060ti-4o-offsetm150-bgemm64-hwinfo.csv
  expected     : ~10 min
  applied      : 4o offset ladder, registered section 7, suite offsetm150. Stock Profile 3 verified under load at 13801 MHz. NVML P0 graphics offset -150 MHz, verified by read-back before sweep. 13-point ascending 1237-3090 MHz grid, HWiNFO SensorInterval 500. Iterations 2661 from 5060ti-stock-repro-20260922. No Afterburner profile applied after the offset.

---- preflight ----
  power limit : 180.00 W, 180.00 W
  pmon sm     : mean 0%, peak 0% across 4 sample(s)
  pmon        : idle enough to proceed

---- HWiNFO log start ----

Pressing 'Log Start' (async - it opens a modal dialog)...
Setting the filename, with the change notification the dialog needs...

  button now : 'Log Stop'
  file       : C:\headroom-bench\results\20260923-142742_5060ti-4o-offsetm150-bgemm64\5060ti-4o-offsetm150-bgemm64-hwinfo.csv
  size       : 22240 then 37731 bytes

Logging is running and the file is growing.

---- sweep ----
  workload cmd: C:\Users\Raymond\AppData\Local\Programs\Python\Python312\python.exe C:\Users\Raymond\Documents\headroom\tools\frequency-sweep\gpu_workload.py --workload bgemm64 --json --iterations 2661

[SWEEP] GPU:        NVIDIA GeForce RTX 5060 Ti (driver 616.92)
[SWEEP] Max clock:  3090 MHz | power limit 180.00 W enforced (180.00 W default, 200.00 W max)
[SWEEP] Supported:  389 discrete graphics clocks, 180-3090 MHz
[SWEEP] Sweep band:  1237-3090 MHz (explicit) - FINE sweep, ~154 MHz apart. Not a full-range curve.
[SWEEP] Testing:    13 frequencies -> 1237, 1395, 1545, 1702, 1852, 2010, 2167, 2317, 2475, 2625, 2782, 2932, 3090 MHz
[SWEEP] Workload:   C:\Users\Raymond\AppData\Local\Programs\Python\Python312\python.exe C:\Users\Raymond\Documents\headroom\tools\frequency-sweep\gpu_workload.py --workload bgemm64 --json --iterations 2661   (timed; duration is the performance metric)
[SWEEP] Estimated:  ~6.1 min of measurement (plus workload time if any)

[SWEEP] Configuration: 4o offset ladder, registered section 7, suite offsetm150. Stock Profile 3 verified under load at 13801 MHz. NVML P0 graphics offset -150 MHz, verified by read-back before sweep. 13-point ascending 1237-3090 MHz grid, HWiNFO SensorInterval 500. Iterations 2661 from 5060ti-stock-repro-20260922. No Afterburner profile applied after the offset.

[SWEEP] Checking the GPU is quiet before starting...
[SWEEP] Video engines idle (encoder 0%, decoder 0%).
[SWEEP] Free VRAM 15463 MB - clear to start.
[SWEEP] Baseline utilisation 0% - clear to start.
[SWEEP] No interactive console - Ctrl+C interception unavailable. The finally block still resets clocks.
[SWEEP] NOTE: QuickEdit could not be disabled (likely no interactive console). If this window is interactive, DO NOT CLICK IN IT - a click freezes the run.
[SWEEP] --> locking 1237 MHz
[SWEEP]      1237 MHz -> achieved 1236.2 MHz (held),  77.25 W [17 in-window of 20], 45.4 C, util 95.8%
[SWEEP] --> locking 1395 MHz
[SWEEP]      1395 MHz -> achieved   1387 MHz (held),  78.39 W [17 in-window of 20], 45.2 C, util  96%
[SWEEP] --> locking 1545 MHz
[SWEEP]      1545 MHz -> achieved   1537 MHz (held),  87.78 W [16 in-window of 19], 46.6 C, util 95.1%
[SWEEP] --> locking 1702 MHz
[SWEEP]      1702 MHz -> achieved   1695 MHz (held),   96.8 W [16 in-window of 19], 47.8 C, util  95%
[SWEEP] --> locking 1852 MHz
[SWEEP]      1852 MHz -> achieved   1845 MHz (held), 101.72 W [16 in-window of 19],  49 C, util 89.1%
[SWEEP] --> locking 2010 MHz
[SWEEP]      2010 MHz -> achieved 1978.9 MHz (UNDERSHOT -31.1), 101.67 W [16 in-window of 19], 49.6 C, util 93.8%
[SWEEP] --> locking 2167 MHz
[SWEEP]      2167 MHz -> achieved   2160 MHz (held), 112.17 W [16 in-window of 19], 50.9 C, util 94.8%
[SWEEP] --> locking 2317 MHz
[SWEEP]      2317 MHz -> achieved   2310 MHz (held), 123.69 W [16 in-window of 19], 52.4 C, util 91.7%
[SWEEP] --> locking 2475 MHz
[SWEEP]      2475 MHz -> achieved   2467 MHz (held), 137.86 W [16 in-window of 19], 54.9 C, util 93.2%
[SWEEP] --> locking 2625 MHz
[SWEEP]      2625 MHz -> achieved 2595.9 MHz (held), 144.84 W [16 in-window of 19], 57.1 C, util 93.7%
[SWEEP] --> locking 2782 MHz
[SWEEP]      2782 MHz -> achieved 2594.5 MHz (UNDERSHOT -187.5), 147.76 W [16 in-window of 19], 57.7 C, util  95%
[SWEEP] --> locking 2932 MHz
[SWEEP]      2932 MHz -> achieved 2595.4 MHz (UNDERSHOT -336.6), 148.79 W [16 in-window of 19], 58.4 C, util 95.5%
[SWEEP] --> locking 3090 MHz
[SWEEP]      3090 MHz -> achieved 2589.8 MHz (UNDERSHOT -500.2), 150.55 W [16 in-window of 19], 58.6 C, util 94.2%

[SWEEP] Resetting GPU clocks...
[SWEEP] Clocks reset. Card is now reporting 2610 MHz at idle/load.

[SWEEP] ===================== RESULT =====================
[SWEEP] Measured 13 of 13 planned frequencies.
[SWEEP] Configuration: 4o offset ladder, registered section 7, suite offsetm150. Stock Profile 3 verified under load at 13801 MHz. NVML P0 graphics offset -150 MHz, verified by read-back before sweep. 13-point ascending 1237-3090 MHz grid, HWiNFO SensorInterval 500. Iterations 2661 from 5060ti-stock-repro-20260922. No Afterburner profile applied after the offset.
[SWEEP] NOTE: 4 point(s) ran BELOW their target by more than 30 MHz.
[SWEEP] The card could not sustain the requested clock - power or thermal limits. Expected
[SWEEP] at the top of the range, where max boost is a bin the card never actually holds.
[SWEEP] CSV:  C:\headroom-bench\results\20260923-142742_5060ti-4o-offsetm150-bgemm64\20260923-142758_5060ti-4o-offsetm150-bgemm64_sweep.csv
[SWEEP] JSON: C:\headroom-bench\results\20260923-142742_5060ti-4o-offsetm150-bgemm64\20260923-142758_5060ti-4o-offsetm150-bgemm64_sweep.json
[SWEEP] ==================================================

[SWEEP] Clock locks do NOT survive a reboot. If anything looks wrong with the card's
[SWEEP] clocks after this, reboot and it returns to stock.

---- HWiNFO log stop ----
Pressing 'Log Stop'...
  button now : 'Log Start'
  size       : 1032532 then 1032532 bytes
  rows       : 507

Logging stopped.

================ RESULT ================
  sweep exit    : 0
  elapsed       : 4.3 min (expected ~10)
  hwinfo log    : 1032532 bytes, 507 rows
  result file   : C:\headroom-bench\results\20260923-142742_5060ti-4o-offsetm150-bgemm64\wrapper-result.json

Run complete and both halves verified.
[14:32:09] Wrapper exit 0 for 5060ti-4o-offsetm150-bgemm64
[14:32:09] Running 5060ti-4o-offsetm150-bgemm128

================ PLAN ================
  label        : 5060ti-4o-offsetm150-bgemm128
  workload     : bgemm128
  band         : 1237-3090 MHz, 13 points
  iterations   : 2467
  output dir   : C:\headroom-bench\results\20260923-143209_5060ti-4o-offsetm150-bgemm128
  hwinfo log   : C:\headroom-bench\results\20260923-143209_5060ti-4o-offsetm150-bgemm128\5060ti-4o-offsetm150-bgemm128-hwinfo.csv
  expected     : ~10 min
  applied      : 4o offset ladder, registered section 7, suite offsetm150. Stock Profile 3 verified under load at 13801 MHz. NVML P0 graphics offset -150 MHz, verified by read-back before sweep. 13-point ascending 1237-3090 MHz grid, HWiNFO SensorInterval 500. Iterations 2467 from 5060ti-stock-repro-20260922. No Afterburner profile applied after the offset.

---- preflight ----
  power limit : 180.00 W, 180.00 W
  pmon sm     : mean 0%, peak 0% across 4 sample(s)
  pmon        : idle enough to proceed

---- HWiNFO log start ----

Pressing 'Log Start' (async - it opens a modal dialog)...
Setting the filename, with the change notification the dialog needs...

  button now : 'Log Stop'
  file       : C:\headroom-bench\results\20260923-143209_5060ti-4o-offsetm150-bgemm128\5060ti-4o-offsetm150-bgemm128-hwinfo.csv
  size       : 24219 then 39812 bytes

Logging is running and the file is growing.

---- sweep ----
  workload cmd: C:\Users\Raymond\AppData\Local\Programs\Python\Python312\python.exe C:\Users\Raymond\Documents\headroom\tools\frequency-sweep\gpu_workload.py --workload bgemm128 --json --iterations 2467

[SWEEP] GPU:        NVIDIA GeForce RTX 5060 Ti (driver 616.92)
[SWEEP] Max clock:  3090 MHz | power limit 180.00 W enforced (180.00 W default, 200.00 W max)
[SWEEP] Supported:  389 discrete graphics clocks, 180-3090 MHz
[SWEEP] Sweep band:  1237-3090 MHz (explicit) - FINE sweep, ~154 MHz apart. Not a full-range curve.
[SWEEP] Testing:    13 frequencies -> 1237, 1395, 1545, 1702, 1852, 2010, 2167, 2317, 2475, 2625, 2782, 2932, 3090 MHz
[SWEEP] Workload:   C:\Users\Raymond\AppData\Local\Programs\Python\Python312\python.exe C:\Users\Raymond\Documents\headroom\tools\frequency-sweep\gpu_workload.py --workload bgemm128 --json --iterations 2467   (timed; duration is the performance metric)
[SWEEP] Estimated:  ~6.1 min of measurement (plus workload time if any)

[SWEEP] Configuration: 4o offset ladder, registered section 7, suite offsetm150. Stock Profile 3 verified under load at 13801 MHz. NVML P0 graphics offset -150 MHz, verified by read-back before sweep. 13-point ascending 1237-3090 MHz grid, HWiNFO SensorInterval 500. Iterations 2467 from 5060ti-stock-repro-20260922. No Afterburner profile applied after the offset.

[SWEEP] Checking the GPU is quiet before starting...
[SWEEP] Video engines idle (encoder 0%, decoder 0%).
[SWEEP] Free VRAM 15445 MB - clear to start.
[SWEEP] Baseline utilisation 0% - clear to start.
[SWEEP] No interactive console - Ctrl+C interception unavailable. The finally block still resets clocks.
[SWEEP] NOTE: QuickEdit could not be disabled (likely no interactive console). If this window is interactive, DO NOT CLICK IN IT - a click freezes the run.
[SWEEP] --> locking 1237 MHz
[SWEEP]      1237 MHz -> achieved 1234.2 MHz (held),  68.84 W [28 in-window of 31],  46 C, util 98.8%
[SWEEP] --> locking 1395 MHz
[SWEEP]      1395 MHz -> achieved   1387 MHz (held),  74.88 W [25 in-window of 29], 46.6 C, util 97.1%
[SWEEP] --> locking 1545 MHz
[SWEEP]      1545 MHz -> achieved   1537 MHz (held),  83.27 W [22 in-window of 26], 47.7 C, util 95.6%
[SWEEP] --> locking 1702 MHz
[SWEEP]      1702 MHz -> achieved   1695 MHz (held),  96.99 W [20 in-window of 24], 49.4 C, util 90.8%
[SWEEP] --> locking 1852 MHz
[SWEEP]      1852 MHz -> achieved   1845 MHz (held), 112.76 W [19 in-window of 22], 52.1 C, util 97.4%
[SWEEP] --> locking 2010 MHz
[SWEEP]      2010 MHz -> achieved 2001.1 MHz (held), 116.63 W [17 in-window of 21], 52.7 C, util 95.3%
[SWEEP] --> locking 2167 MHz
[SWEEP]      2167 MHz -> achieved   2160 MHz (held), 132.68 W [16 in-window of 20], 55.6 C, util 95.8%
[SWEEP] --> locking 2317 MHz
[SWEEP]      2317 MHz -> achieved   2310 MHz (held), 153.27 W [15 in-window of 19], 58.7 C, util 94.9%
[SWEEP] --> locking 2475 MHz
[SWEEP]      2475 MHz -> achieved 2346.7 MHz (UNDERSHOT -128.3), 163.07 W [15 in-window of 18], 60.5 C, util 96.5%
[SWEEP] --> locking 2625 MHz
[SWEEP]      2625 MHz -> achieved 2372.3 MHz (UNDERSHOT -252.7), 155.74 W [15 in-window of 18], 60.3 C, util 93.3%
[SWEEP] --> locking 2782 MHz
[SWEEP]      2782 MHz -> achieved 2353.7 MHz (UNDERSHOT -428.3), 158.14 W [15 in-window of 19], 60.6 C, util 94.7%
[SWEEP] --> locking 2932 MHz
[SWEEP]      2932 MHz -> achieved 2341.9 MHz (UNDERSHOT -590.1), 160.07 W [15 in-window of 18], 61.1 C, util 96.5%
[SWEEP] --> locking 3090 MHz
[SWEEP]      3090 MHz -> achieved 2342.7 MHz (UNDERSHOT -747.3),    164 W [15 in-window of 19], 62.1 C, util 99.9%

[SWEEP] Resetting GPU clocks...
[SWEEP] Clocks reset. Card is now reporting 2610 MHz at idle/load.

[SWEEP] ===================== RESULT =====================
[SWEEP] Measured 13 of 13 planned frequencies.
[SWEEP] Configuration: 4o offset ladder, registered section 7, suite offsetm150. Stock Profile 3 verified under load at 13801 MHz. NVML P0 graphics offset -150 MHz, verified by read-back before sweep. 13-point ascending 1237-3090 MHz grid, HWiNFO SensorInterval 500. Iterations 2467 from 5060ti-stock-repro-20260922. No Afterburner profile applied after the offset.
[SWEEP] NOTE: 5 point(s) ran BELOW their target by more than 30 MHz.
[SWEEP] The card could not sustain the requested clock - power or thermal limits. Expected
[SWEEP] at the top of the range, where max boost is a bin the card never actually holds.
[SWEEP] CSV:  C:\headroom-bench\results\20260923-143209_5060ti-4o-offsetm150-bgemm128\20260923-143226_5060ti-4o-offsetm150-bgemm128_sweep.csv
[SWEEP] JSON: C:\headroom-bench\results\20260923-143209_5060ti-4o-offsetm150-bgemm128\20260923-143226_5060ti-4o-offsetm150-bgemm128_sweep.json
[SWEEP] ==================================================

[SWEEP] Clock locks do NOT survive a reboot. If anything looks wrong with the card's
[SWEEP] clocks after this, reboot and it returns to stock.

---- HWiNFO log stop ----
Pressing 'Log Stop'...
  button now : 'Log Start'
  size       : 1109416 then 1109416 bytes
  rows       : 545

Logging stopped.

================ RESULT ================
  sweep exit    : 0
  elapsed       : 4.6 min (expected ~10)
  hwinfo log    : 1109416 bytes, 545 rows
  result file   : C:\headroom-bench\results\20260923-143209_5060ti-4o-offsetm150-bgemm128\wrapper-result.json

Run complete and both halves verified.
[14:36:55] Wrapper exit 0 for 5060ti-4o-offsetm150-bgemm128
[14:36:55] Running 5060ti-4o-offsetm150-bgemm256

================ PLAN ================
  label        : 5060ti-4o-offsetm150-bgemm256
  workload     : bgemm256
  band         : 1237-3090 MHz, 13 points
  iterations   : 1579
  output dir   : C:\headroom-bench\results\20260923-143655_5060ti-4o-offsetm150-bgemm256
  hwinfo log   : C:\headroom-bench\results\20260923-143655_5060ti-4o-offsetm150-bgemm256\5060ti-4o-offsetm150-bgemm256-hwinfo.csv
  expected     : ~10 min
  applied      : 4o offset ladder, registered section 7, suite offsetm150. Stock Profile 3 verified under load at 13801 MHz. NVML P0 graphics offset -150 MHz, verified by read-back before sweep. 13-point ascending 1237-3090 MHz grid, HWiNFO SensorInterval 500. Iterations 1579 from 5060ti-stock-repro-20260922. No Afterburner profile applied after the offset.

---- preflight ----
  power limit : 180.00 W, 180.00 W
  pmon sm     : mean 0%, peak 0% across 4 sample(s)
  pmon        : idle enough to proceed

---- HWiNFO log start ----

Pressing 'Log Start' (async - it opens a modal dialog)...
Setting the filename, with the change notification the dialog needs...

  button now : 'Log Stop'
  file       : C:\headroom-bench\results\20260923-143655_5060ti-4o-offsetm150-bgemm256\5060ti-4o-offsetm150-bgemm256-hwinfo.csv
  size       : 24206 then 39760 bytes

Logging is running and the file is growing.

---- sweep ----
  workload cmd: C:\Users\Raymond\AppData\Local\Programs\Python\Python312\python.exe C:\Users\Raymond\Documents\headroom\tools\frequency-sweep\gpu_workload.py --workload bgemm256 --json --iterations 1579

[SWEEP] GPU:        NVIDIA GeForce RTX 5060 Ti (driver 616.92)
[SWEEP] Max clock:  3090 MHz | power limit 180.00 W enforced (180.00 W default, 200.00 W max)
[SWEEP] Supported:  389 discrete graphics clocks, 180-3090 MHz
[SWEEP] Sweep band:  1237-3090 MHz (explicit) - FINE sweep, ~154 MHz apart. Not a full-range curve.
[SWEEP] Testing:    13 frequencies -> 1237, 1395, 1545, 1702, 1852, 2010, 2167, 2317, 2475, 2625, 2782, 2932, 3090 MHz
[SWEEP] Workload:   C:\Users\Raymond\AppData\Local\Programs\Python\Python312\python.exe C:\Users\Raymond\Documents\headroom\tools\frequency-sweep\gpu_workload.py --workload bgemm256 --json --iterations 1579   (timed; duration is the performance metric)
[SWEEP] Estimated:  ~6.1 min of measurement (plus workload time if any)

[SWEEP] Configuration: 4o offset ladder, registered section 7, suite offsetm150. Stock Profile 3 verified under load at 13801 MHz. NVML P0 graphics offset -150 MHz, verified by read-back before sweep. 13-point ascending 1237-3090 MHz grid, HWiNFO SensorInterval 500. Iterations 1579 from 5060ti-stock-repro-20260922. No Afterburner profile applied after the offset.

[SWEEP] Checking the GPU is quiet before starting...
[SWEEP] Video engines idle (encoder 0%, decoder 0%).
[SWEEP] Free VRAM 15445 MB - clear to start.
[SWEEP] Baseline utilisation 0% - clear to start.
[SWEEP] No interactive console - Ctrl+C interception unavailable. The finally block still resets clocks.
[SWEEP] NOTE: QuickEdit could not be disabled (likely no interactive console). If this window is interactive, DO NOT CLICK IN IT - a click freezes the run.
[SWEEP] --> locking 1237 MHz
[SWEEP]      1237 MHz -> achieved   1236 MHz (held),  62.42 W [34 in-window of 38], 46.3 C, util  95%
[SWEEP] --> locking 1395 MHz
[SWEEP]      1395 MHz -> achieved   1387 MHz (held),  69.02 W [30 in-window of 34], 46.7 C, util 97.4%
[SWEEP] --> locking 1545 MHz
[SWEEP]      1545 MHz -> achieved   1537 MHz (held),  78.51 W [27 in-window of 31],  48 C, util 95.6%
[SWEEP] --> locking 1702 MHz
[SWEEP]      1702 MHz -> achieved   1695 MHz (held),  91.77 W [25 in-window of 28], 50.1 C, util  98%
[SWEEP] --> locking 1852 MHz
[SWEEP]      1852 MHz -> achieved   1845 MHz (held), 103.96 W [23 in-window of 26], 52.3 C, util 94.5%
[SWEEP] --> locking 2010 MHz
[SWEEP]      2010 MHz -> achieved 2001.7 MHz (held), 112.66 W [21 in-window of 25], 53.7 C, util 96.2%
[SWEEP] --> locking 2167 MHz
[SWEEP]      2167 MHz -> achieved   2160 MHz (held), 125.71 W [20 in-window of 23],  56 C, util 96.2%
[SWEEP] --> locking 2317 MHz
[SWEEP]      2317 MHz -> achieved   2310 MHz (held),  145.3 W [18 in-window of 22], 58.8 C, util 94.9%
[SWEEP] --> locking 2475 MHz
[SWEEP]      2475 MHz -> achieved 2422.4 MHz (UNDERSHOT -52.6), 164.36 W [17 in-window of 21], 62.4 C, util 95.4%
[SWEEP] --> locking 2625 MHz
[SWEEP]      2625 MHz -> achieved 2431.2 MHz (UNDERSHOT -193.8),  164.4 W [17 in-window of 21], 62.8 C, util 95.4%
[SWEEP] --> locking 2782 MHz
[SWEEP]      2782 MHz -> achieved   2428 MHz (UNDERSHOT -354), 164.36 W [17 in-window of 21], 63.2 C, util 95.3%
[SWEEP] --> locking 2932 MHz
[SWEEP]      2932 MHz -> achieved 2426.9 MHz (UNDERSHOT -505.1), 163.39 W [18 in-window of 21], 63.6 C, util 94.5%
[SWEEP] --> locking 3090 MHz
[SWEEP]      3090 MHz -> achieved 2416.8 MHz (UNDERSHOT -673.2),  165.7 W [17 in-window of 21], 63.6 C, util 95.3%

[SWEEP] Resetting GPU clocks...
[SWEEP] Clocks reset. Card is now reporting 2610 MHz at idle/load.

[SWEEP] ===================== RESULT =====================
[SWEEP] Measured 13 of 13 planned frequencies.
[SWEEP] Configuration: 4o offset ladder, registered section 7, suite offsetm150. Stock Profile 3 verified under load at 13801 MHz. NVML P0 graphics offset -150 MHz, verified by read-back before sweep. 13-point ascending 1237-3090 MHz grid, HWiNFO SensorInterval 500. Iterations 1579 from 5060ti-stock-repro-20260922. No Afterburner profile applied after the offset.
[SWEEP] NOTE: 5 point(s) ran BELOW their target by more than 30 MHz.
[SWEEP] The card could not sustain the requested clock - power or thermal limits. Expected
[SWEEP] at the top of the range, where max boost is a bin the card never actually holds.
[SWEEP] CSV:  C:\headroom-bench\results\20260923-143655_5060ti-4o-offsetm150-bgemm256\20260923-143712_5060ti-4o-offsetm150-bgemm256_sweep.csv
[SWEEP] JSON: C:\headroom-bench\results\20260923-143655_5060ti-4o-offsetm150-bgemm256\20260923-143712_5060ti-4o-offsetm150-bgemm256_sweep.json
[SWEEP] ==================================================

[SWEEP] Clock locks do NOT survive a reboot. If anything looks wrong with the card's
[SWEEP] clocks after this, reboot and it returns to stock.

---- HWiNFO log stop ----
Pressing 'Log Stop'...
  button now : 'Log Start'
  size       : 1212933 then 1212933 bytes
  rows       : 597

Logging stopped.

================ RESULT ================
  sweep exit    : 0
  elapsed       : 5 min (expected ~10)
  hwinfo log    : 1212933 bytes, 597 rows
  result file   : C:\headroom-bench\results\20260923-143655_5060ti-4o-offsetm150-bgemm256\wrapper-result.json

Run complete and both halves verified.
[14:42:08] Wrapper exit 0 for 5060ti-4o-offsetm150-bgemm256
[14:42:08] Running 5060ti-4o-offsetm150-bgemm1024

================ PLAN ================
  label        : 5060ti-4o-offsetm150-bgemm1024
  workload     : bgemm1024
  band         : 1237-3090 MHz, 13 points
  iterations   : 414
  output dir   : C:\headroom-bench\results\20260923-144208_5060ti-4o-offsetm150-bgemm1024
  hwinfo log   : C:\headroom-bench\results\20260923-144208_5060ti-4o-offsetm150-bgemm1024\5060ti-4o-offsetm150-bgemm1024-hwinfo.csv
  expected     : ~10 min
  applied      : 4o offset ladder, registered section 7, suite offsetm150. Stock Profile 3 verified under load at 13801 MHz. NVML P0 graphics offset -150 MHz, verified by read-back before sweep. 13-point ascending 1237-3090 MHz grid, HWiNFO SensorInterval 500. Iterations 414 from 5060ti-stock-repro-20260922. No Afterburner profile applied after the offset.

---- preflight ----
  power limit : 180.00 W, 180.00 W
  pmon sm     : mean 0%, peak 0% across 4 sample(s)
  pmon        : idle enough to proceed

---- HWiNFO log start ----

Pressing 'Log Start' (async - it opens a modal dialog)...
Setting the filename, with the change notification the dialog needs...

  button now : 'Log Stop'
  file       : C:\headroom-bench\results\20260923-144208_5060ti-4o-offsetm150-bgemm1024\5060ti-4o-offsetm150-bgemm1024-hwinfo.csv
  size       : 24238 then 39843 bytes

Logging is running and the file is growing.

---- sweep ----
  workload cmd: C:\Users\Raymond\AppData\Local\Programs\Python\Python312\python.exe C:\Users\Raymond\Documents\headroom\tools\frequency-sweep\gpu_workload.py --workload bgemm1024 --json --iterations 414

[SWEEP] GPU:        NVIDIA GeForce RTX 5060 Ti (driver 616.92)
[SWEEP] Max clock:  3090 MHz | power limit 180.00 W enforced (180.00 W default, 200.00 W max)
[SWEEP] Supported:  389 discrete graphics clocks, 180-3090 MHz
[SWEEP] Sweep band:  1237-3090 MHz (explicit) - FINE sweep, ~154 MHz apart. Not a full-range curve.
[SWEEP] Testing:    13 frequencies -> 1237, 1395, 1545, 1702, 1852, 2010, 2167, 2317, 2475, 2625, 2782, 2932, 3090 MHz
[SWEEP] Workload:   C:\Users\Raymond\AppData\Local\Programs\Python\Python312\python.exe C:\Users\Raymond\Documents\headroom\tools\frequency-sweep\gpu_workload.py --workload bgemm1024 --json --iterations 414   (timed; duration is the performance metric)
[SWEEP] Estimated:  ~6.1 min of measurement (plus workload time if any)

[SWEEP] Configuration: 4o offset ladder, registered section 7, suite offsetm150. Stock Profile 3 verified under load at 13801 MHz. NVML P0 graphics offset -150 MHz, verified by read-back before sweep. 13-point ascending 1237-3090 MHz grid, HWiNFO SensorInterval 500. Iterations 414 from 5060ti-stock-repro-20260922. No Afterburner profile applied after the offset.

[SWEEP] Checking the GPU is quiet before starting...
[SWEEP] Video engines idle (encoder 0%, decoder 0%).
[SWEEP] Free VRAM 15445 MB - clear to start.
[SWEEP] Baseline utilisation 1% - clear to start.
[SWEEP] No interactive console - Ctrl+C interception unavailable. The finally block still resets clocks.
[SWEEP] NOTE: QuickEdit could not be disabled (likely no interactive console). If this window is interactive, DO NOT CLICK IN IT - a click freezes the run.
[SWEEP] --> locking 1237 MHz
[SWEEP]      1237 MHz -> achieved 1235.2 MHz (held),  51.63 W [35 in-window of 38], 46.5 C, util  97%
[SWEEP] --> locking 1395 MHz
[SWEEP]      1395 MHz -> achieved   1387 MHz (held),  56.89 W [30 in-window of 34], 46.7 C, util 99.8%
[SWEEP] --> locking 1545 MHz
[SWEEP]      1545 MHz -> achieved   1537 MHz (held),   67.1 W [27 in-window of 31], 47.4 C, util 94.5%
[SWEEP] --> locking 1702 MHz
[SWEEP]      1702 MHz -> achieved   1695 MHz (held),  78.26 W [25 in-window of 29], 48.9 C, util 94.8%
[SWEEP] --> locking 1852 MHz
[SWEEP]      1852 MHz -> achieved   1845 MHz (held),  90.76 W [23 in-window of 27], 51.2 C, util 94.6%
[SWEEP] --> locking 2010 MHz
[SWEEP]      2010 MHz -> achieved 2001.3 MHz (held),  97.61 W [21 in-window of 25], 52.5 C, util 100%
[SWEEP] --> locking 2167 MHz
[SWEEP]      2167 MHz -> achieved   2160 MHz (held), 109.82 W [20 in-window of 24], 54.4 C, util  96%
[SWEEP] --> locking 2317 MHz
[SWEEP]      2317 MHz -> achieved   2310 MHz (held), 124.92 W [20 in-window of 23], 57.4 C, util 94.6%
[SWEEP] --> locking 2475 MHz
[SWEEP]      2475 MHz -> achieved   2467 MHz (held), 150.27 W [19 in-window of 22], 61.1 C, util 92.1%
[SWEEP] --> locking 2625 MHz
[SWEEP]      2625 MHz -> achieved 2518.8 MHz (UNDERSHOT -106.2), 165.64 W [18 in-window of 21], 64.4 C, util 93.5%
[SWEEP] --> locking 2782 MHz
[SWEEP]      2782 MHz -> achieved 2539.3 MHz (UNDERSHOT -242.7), 167.39 W [18 in-window of 22], 65.2 C, util 97.3%
[SWEEP] --> locking 2932 MHz
[SWEEP]      2932 MHz -> achieved 2497.4 MHz (UNDERSHOT -434.6), 168.34 W [17 in-window of 21], 64.9 C, util 91.6%
[SWEEP] --> locking 3090 MHz
[SWEEP]      3090 MHz -> achieved 2497.2 MHz (UNDERSHOT -592.8), 164.59 W [17 in-window of 21], 64.9 C, util 92.1%

[SWEEP] Resetting GPU clocks...
[SWEEP] Clocks reset. Card is now reporting 2610 MHz at idle/load.

[SWEEP] ===================== RESULT =====================
[SWEEP] Measured 13 of 13 planned frequencies.
[SWEEP] Configuration: 4o offset ladder, registered section 7, suite offsetm150. Stock Profile 3 verified under load at 13801 MHz. NVML P0 graphics offset -150 MHz, verified by read-back before sweep. 13-point ascending 1237-3090 MHz grid, HWiNFO SensorInterval 500. Iterations 414 from 5060ti-stock-repro-20260922. No Afterburner profile applied after the offset.
[SWEEP] NOTE: 4 point(s) ran BELOW their target by more than 30 MHz.
[SWEEP] The card could not sustain the requested clock - power or thermal limits. Expected
[SWEEP] at the top of the range, where max boost is a bin the card never actually holds.
[SWEEP] CSV:  C:\headroom-bench\results\20260923-144208_5060ti-4o-offsetm150-bgemm1024\20260923-144225_5060ti-4o-offsetm150-bgemm1024_sweep.csv
[SWEEP] JSON: C:\headroom-bench\results\20260923-144208_5060ti-4o-offsetm150-bgemm1024\20260923-144225_5060ti-4o-offsetm150-bgemm1024_sweep.json
[SWEEP] ==================================================

[SWEEP] Clock locks do NOT survive a reboot. If anything looks wrong with the card's
[SWEEP] clocks after this, reboot and it returns to stock.

---- HWiNFO log stop ----
Pressing 'Log Stop'...
  button now : 'Log Start'
  size       : 1229842 then 1229842 bytes
  rows       : 604

Logging stopped.

================ RESULT ================
  sweep exit    : 0
  elapsed       : 5.1 min (expected ~10)
  hwinfo log    : 1229842 bytes, 604 rows
  result file   : C:\headroom-bench\results\20260923-144208_5060ti-4o-offsetm150-bgemm1024\wrapper-result.json

Run complete and both halves verified.
[14:47:23] Wrapper exit 0 for 5060ti-4o-offsetm150-bgemm1024
[14:47:23] Running 5060ti-4o-offsetm150-attention

================ PLAN ================
  label        : 5060ti-4o-offsetm150-attention
  workload     : attention
  band         : 1237-3090 MHz, 13 points
  iterations   : 147
  output dir   : C:\headroom-bench\results\20260923-144723_5060ti-4o-offsetm150-attention
  hwinfo log   : C:\headroom-bench\results\20260923-144723_5060ti-4o-offsetm150-attention\5060ti-4o-offsetm150-attention-hwinfo.csv
  expected     : ~10 min
  applied      : 4o offset ladder, registered section 7, suite offsetm150. Stock Profile 3 verified under load at 13801 MHz. NVML P0 graphics offset -150 MHz, verified by read-back before sweep. 13-point ascending 1237-3090 MHz grid, HWiNFO SensorInterval 500. Iterations 147 from 5060ti-stock-repro-20260922. No Afterburner profile applied after the offset.

---- preflight ----
  power limit : 180.00 W, 180.00 W
  pmon sm     : mean 0%, peak 0% across 4 sample(s)
  pmon        : idle enough to proceed

---- HWiNFO log start ----

Pressing 'Log Start' (async - it opens a modal dialog)...
Setting the filename, with the change notification the dialog needs...

  button now : 'Log Stop'
  file       : C:\headroom-bench\results\20260923-144723_5060ti-4o-offsetm150-attention\5060ti-4o-offsetm150-attention-hwinfo.csv
  size       : 24211 then 39787 bytes

Logging is running and the file is growing.

---- sweep ----
  workload cmd: C:\Users\Raymond\AppData\Local\Programs\Python\Python312\python.exe C:\Users\Raymond\Documents\headroom\tools\frequency-sweep\gpu_workload.py --workload attention --json --iterations 147

[SWEEP] GPU:        NVIDIA GeForce RTX 5060 Ti (driver 616.92)
[SWEEP] Max clock:  3090 MHz | power limit 180.00 W enforced (180.00 W default, 200.00 W max)
[SWEEP] Supported:  389 discrete graphics clocks, 180-3090 MHz
[SWEEP] Sweep band:  1237-3090 MHz (explicit) - FINE sweep, ~154 MHz apart. Not a full-range curve.
[SWEEP] Testing:    13 frequencies -> 1237, 1395, 1545, 1702, 1852, 2010, 2167, 2317, 2475, 2625, 2782, 2932, 3090 MHz
[SWEEP] Workload:   C:\Users\Raymond\AppData\Local\Programs\Python\Python312\python.exe C:\Users\Raymond\Documents\headroom\tools\frequency-sweep\gpu_workload.py --workload attention --json --iterations 147   (timed; duration is the performance metric)
[SWEEP] Estimated:  ~6.1 min of measurement (plus workload time if any)

[SWEEP] Configuration: 4o offset ladder, registered section 7, suite offsetm150. Stock Profile 3 verified under load at 13801 MHz. NVML P0 graphics offset -150 MHz, verified by read-back before sweep. 13-point ascending 1237-3090 MHz grid, HWiNFO SensorInterval 500. Iterations 147 from 5060ti-stock-repro-20260922. No Afterburner profile applied after the offset.

[SWEEP] Checking the GPU is quiet before starting...
[SWEEP] Video engines idle (encoder 0%, decoder 0%).
[SWEEP] Free VRAM 15448 MB - clear to start.
[SWEEP] Baseline utilisation 0.6% - clear to start.
[SWEEP] No interactive console - Ctrl+C interception unavailable. The finally block still resets clocks.
[SWEEP] NOTE: QuickEdit could not be disabled (likely no interactive console). If this window is interactive, DO NOT CLICK IN IT - a click freezes the run.
[SWEEP] --> locking 1237 MHz
[SWEEP]      1237 MHz -> achieved 1236.2 MHz (held),  36.47 W [33 in-window of 38],  44 C, util 99.5%
[SWEEP] --> locking 1395 MHz
[SWEEP]      1395 MHz -> achieved   1387 MHz (held),  39.36 W [30 in-window of 34],  43 C, util 97.4%
[SWEEP] --> locking 1545 MHz
[SWEEP]      1545 MHz -> achieved   1537 MHz (held),  42.84 W [29 in-window of 34], 43.2 C, util 97.1%
[SWEEP] --> locking 1702 MHz
[SWEEP]      1702 MHz -> achieved   1695 MHz (held),  49.37 W [25 in-window of 30], 44.3 C, util 96.8%
[SWEEP] --> locking 1852 MHz
[SWEEP]      1852 MHz -> achieved   1845 MHz (held),  60.93 W [22 in-window of 26], 45.9 C, util 100%
[SWEEP] --> locking 2010 MHz
[SWEEP]      2010 MHz -> achieved 1992.6 MHz (held),  63.41 W [20 in-window of 25], 46.6 C, util  99%
[SWEEP] --> locking 2167 MHz
[SWEEP]      2167 MHz -> achieved   2160 MHz (held),  71.46 W [19 in-window of 23], 47.9 C, util 100%
[SWEEP] --> locking 2317 MHz
[SWEEP]      2317 MHz -> achieved   2310 MHz (held),  84.04 W [17 in-window of 22], 49.8 C, util  98%
[SWEEP] --> locking 2475 MHz
[SWEEP]      2475 MHz -> achieved   2467 MHz (held),  99.17 W [16 in-window of 21], 52.9 C, util 100%
[SWEEP] --> locking 2625 MHz
[SWEEP]      2625 MHz -> achieved 2599.9 MHz (held), 107.61 W [16 in-window of 20], 54.3 C, util 90.2%
[SWEEP] --> locking 2782 MHz
[SWEEP]      2782 MHz -> achieved 2600.2 MHz (UNDERSHOT -181.8), 110.86 W [16 in-window of 21], 55.2 C, util 96.2%
[SWEEP] --> locking 2932 MHz
[SWEEP]      2932 MHz -> achieved 2600.8 MHz (UNDERSHOT -331.2), 110.75 W [17 in-window of 22], 55.9 C, util 98.8%
[SWEEP] --> locking 3090 MHz
[SWEEP]      3090 MHz -> achieved 2602.5 MHz (UNDERSHOT -487.5), 111.95 W [16 in-window of 20], 57.2 C, util 100%

[SWEEP] Resetting GPU clocks...
[SWEEP] Clocks reset. Card is now reporting 2610 MHz at idle/load.

[SWEEP] ===================== RESULT =====================
[SWEEP] Measured 13 of 13 planned frequencies.
[SWEEP] Configuration: 4o offset ladder, registered section 7, suite offsetm150. Stock Profile 3 verified under load at 13801 MHz. NVML P0 graphics offset -150 MHz, verified by read-back before sweep. 13-point ascending 1237-3090 MHz grid, HWiNFO SensorInterval 500. Iterations 147 from 5060ti-stock-repro-20260922. No Afterburner profile applied after the offset.
[SWEEP] NOTE: 3 point(s) ran BELOW their target by more than 30 MHz.
[SWEEP] The card could not sustain the requested clock - power or thermal limits. Expected
[SWEEP] at the top of the range, where max boost is a bin the card never actually holds.
[SWEEP] CSV:  C:\headroom-bench\results\20260923-144723_5060ti-4o-offsetm150-attention\20260923-144740_5060ti-4o-offsetm150-attention_sweep.csv
[SWEEP] JSON: C:\headroom-bench\results\20260923-144723_5060ti-4o-offsetm150-attention\20260923-144740_5060ti-4o-offsetm150-attention_sweep.json
[SWEEP] ==================================================

[SWEEP] Clock locks do NOT survive a reboot. If anything looks wrong with the card's
[SWEEP] clocks after this, reboot and it returns to stock.

---- HWiNFO log stop ----
Pressing 'Log Stop'...
  button now : 'Log Start'
  size       : 1221237 then 1221237 bytes
  rows       : 601

Logging stopped.

================ RESULT ================
  sweep exit    : 0
  elapsed       : 5 min (expected ~10)
  hwinfo log    : 1221237 bytes, 601 rows
  result file   : C:\headroom-bench\results\20260923-144723_5060ti-4o-offsetm150-attention\wrapper-result.json

Run complete and both halves verified.
[14:52:37] Wrapper exit 0 for 5060ti-4o-offsetm150-attention
[14:52:37] Running 5060ti-4o-offsetm150-conv

================ PLAN ================
  label        : 5060ti-4o-offsetm150-conv
  workload     : conv
  band         : 1237-3090 MHz, 13 points
  iterations   : 151
  output dir   : C:\headroom-bench\results\20260923-145237_5060ti-4o-offsetm150-conv
  hwinfo log   : C:\headroom-bench\results\20260923-145237_5060ti-4o-offsetm150-conv\5060ti-4o-offsetm150-conv-hwinfo.csv
  expected     : ~10 min
  applied      : 4o offset ladder, registered section 7, suite offsetm150. Stock Profile 3 verified under load at 13801 MHz. NVML P0 graphics offset -150 MHz, verified by read-back before sweep. 13-point ascending 1237-3090 MHz grid, HWiNFO SensorInterval 500. Iterations 151 from 5060ti-stock-repro-20260922. No Afterburner profile applied after the offset.

---- preflight ----
  power limit : 180.00 W, 180.00 W
  pmon sm     : mean 0%, peak 0% across 4 sample(s)
  pmon        : idle enough to proceed

---- HWiNFO log start ----

Pressing 'Log Start' (async - it opens a modal dialog)...
Setting the filename, with the change notification the dialog needs...

  button now : 'Log Stop'
  file       : C:\headroom-bench\results\20260923-145237_5060ti-4o-offsetm150-conv\5060ti-4o-offsetm150-conv-hwinfo.csv
  size       : 24192 then 39730 bytes

Logging is running and the file is growing.

---- sweep ----
  workload cmd: C:\Users\Raymond\AppData\Local\Programs\Python\Python312\python.exe C:\Users\Raymond\Documents\headroom\tools\frequency-sweep\gpu_workload.py --workload conv --json --iterations 151

[SWEEP] GPU:        NVIDIA GeForce RTX 5060 Ti (driver 616.92)
[SWEEP] Max clock:  3090 MHz | power limit 180.00 W enforced (180.00 W default, 200.00 W max)
[SWEEP] Supported:  389 discrete graphics clocks, 180-3090 MHz
[SWEEP] Sweep band:  1237-3090 MHz (explicit) - FINE sweep, ~154 MHz apart. Not a full-range curve.
[SWEEP] Testing:    13 frequencies -> 1237, 1395, 1545, 1702, 1852, 2010, 2167, 2317, 2475, 2625, 2782, 2932, 3090 MHz
[SWEEP] Workload:   C:\Users\Raymond\AppData\Local\Programs\Python\Python312\python.exe C:\Users\Raymond\Documents\headroom\tools\frequency-sweep\gpu_workload.py --workload conv --json --iterations 151   (timed; duration is the performance metric)
[SWEEP] Estimated:  ~6.1 min of measurement (plus workload time if any)

[SWEEP] Configuration: 4o offset ladder, registered section 7, suite offsetm150. Stock Profile 3 verified under load at 13801 MHz. NVML P0 graphics offset -150 MHz, verified by read-back before sweep. 13-point ascending 1237-3090 MHz grid, HWiNFO SensorInterval 500. Iterations 151 from 5060ti-stock-repro-20260922. No Afterburner profile applied after the offset.

[SWEEP] Checking the GPU is quiet before starting...
[SWEEP] Video engines idle (encoder 0%, decoder 0%).
[SWEEP] Free VRAM 15449 MB - clear to start.
[SWEEP] Baseline utilisation 0% - clear to start.
[SWEEP] No interactive console - Ctrl+C interception unavailable. The finally block still resets clocks.
[SWEEP] NOTE: QuickEdit could not be disabled (likely no interactive console). If this window is interactive, DO NOT CLICK IN IT - a click freezes the run.
[SWEEP] --> locking 1237 MHz
[SWEEP]      1237 MHz -> achieved   1236 MHz (held),   44.7 W [34 in-window of 38], 43.3 C, util 98.1%
[SWEEP] --> locking 1395 MHz
[SWEEP]      1395 MHz -> achieved   1387 MHz (held),  47.79 W [30 in-window of 35], 43.7 C, util 97.6%
[SWEEP] --> locking 1545 MHz
[SWEEP]      1545 MHz -> achieved   1537 MHz (held),     57 W [27 in-window of 32], 44.7 C, util 98.2%
[SWEEP] --> locking 1702 MHz
[SWEEP]      1702 MHz -> achieved   1695 MHz (held),  66.51 W [24 in-window of 29], 46.3 C, util  98%
[SWEEP] --> locking 1852 MHz
[SWEEP]      1852 MHz -> achieved   1845 MHz (held),  79.16 W [22 in-window of 27],  48 C, util 95.9%
[SWEEP] --> locking 2010 MHz
[SWEEP]      2010 MHz -> achieved 1995.3 MHz (held),  83.24 W [21 in-window of 25], 49.6 C, util 100%
[SWEEP] --> locking 2167 MHz
[SWEEP]      2167 MHz -> achieved   2160 MHz (held),  96.68 W [19 in-window of 24], 51.5 C, util 97.5%
[SWEEP] --> locking 2317 MHz
[SWEEP]      2317 MHz -> achieved   2310 MHz (held), 112.86 W [18 in-window of 22], 54.3 C, util 98.4%
[SWEEP] --> locking 2475 MHz
[SWEEP]      2475 MHz -> achieved   2467 MHz (held), 136.45 W [16 in-window of 21], 58.8 C, util 97.7%
[SWEEP] --> locking 2625 MHz
[SWEEP]      2625 MHz -> achieved 2558.9 MHz (UNDERSHOT -66.1), 153.16 W [16 in-window of 20], 62.1 C, util 96.9%
[SWEEP] --> locking 2782 MHz
[SWEEP]      2782 MHz -> achieved   2558 MHz (UNDERSHOT -224), 154.58 W [16 in-window of 20], 62.4 C, util 95.9%
[SWEEP] --> locking 2932 MHz
[SWEEP]      2932 MHz -> achieved 2558.4 MHz (UNDERSHOT -373.6), 155.67 W [16 in-window of 21], 63.2 C, util 96.9%
[SWEEP] --> locking 3090 MHz
[SWEEP]      3090 MHz -> achieved   2558 MHz (UNDERSHOT -532), 156.26 W [16 in-window of 20], 63.9 C, util 98.5%

[SWEEP] Resetting GPU clocks...
[SWEEP] Clocks reset. Card is now reporting 2610 MHz at idle/load.

[SWEEP] ===================== RESULT =====================
[SWEEP] Measured 13 of 13 planned frequencies.
[SWEEP] Configuration: 4o offset ladder, registered section 7, suite offsetm150. Stock Profile 3 verified under load at 13801 MHz. NVML P0 graphics offset -150 MHz, verified by read-back before sweep. 13-point ascending 1237-3090 MHz grid, HWiNFO SensorInterval 500. Iterations 151 from 5060ti-stock-repro-20260922. No Afterburner profile applied after the offset.
[SWEEP] NOTE: 4 point(s) ran BELOW their target by more than 30 MHz.
[SWEEP] The card could not sustain the requested clock - power or thermal limits. Expected
[SWEEP] at the top of the range, where max boost is a bin the card never actually holds.
[SWEEP] CSV:  C:\headroom-bench\results\20260923-145237_5060ti-4o-offsetm150-conv\20260923-145254_5060ti-4o-offsetm150-conv_sweep.csv
[SWEEP] JSON: C:\headroom-bench\results\20260923-145237_5060ti-4o-offsetm150-conv\20260923-145254_5060ti-4o-offsetm150-conv_sweep.json
[SWEEP] ==================================================

[SWEEP] Clock locks do NOT survive a reboot. If anything looks wrong with the card's
[SWEEP] clocks after this, reboot and it returns to stock.

---- HWiNFO log stop ----
Pressing 'Log Stop'...
  button now : 'Log Start'
  size       : 1217363 then 1217363 bytes
  rows       : 600

Logging stopped.

================ RESULT ================
  sweep exit    : 0
  elapsed       : 5 min (expected ~10)
  hwinfo log    : 1217363 bytes, 600 rows
  result file   : C:\headroom-bench\results\20260923-145237_5060ti-4o-offsetm150-conv\wrapper-result.json

Run complete and both halves verified.
[14:57:50] Wrapper exit 0 for 5060ti-4o-offsetm150-conv
[14:57:50] Running 5060ti-4o-offsetm150-gemm

================ PLAN ================
  label        : 5060ti-4o-offsetm150-gemm
  workload     : gemm
  band         : 1237-3090 MHz, 13 points
  iterations   : 120
  output dir   : C:\headroom-bench\results\20260923-145751_5060ti-4o-offsetm150-gemm
  hwinfo log   : C:\headroom-bench\results\20260923-145751_5060ti-4o-offsetm150-gemm\5060ti-4o-offsetm150-gemm-hwinfo.csv
  expected     : ~10 min
  applied      : 4o offset ladder, registered section 7, suite offsetm150. Stock Profile 3 verified under load at 13801 MHz. NVML P0 graphics offset -150 MHz, verified by read-back before sweep. 13-point ascending 1237-3090 MHz grid, HWiNFO SensorInterval 500. Iterations 120 from 5060ti-stock-repro-20260922. No Afterburner profile applied after the offset.

---- preflight ----
  power limit : 180.00 W, 180.00 W
  pmon sm     : mean 0%, peak 0% across 4 sample(s)
  pmon        : idle enough to proceed

---- HWiNFO log start ----

Pressing 'Log Start' (async - it opens a modal dialog)...
Setting the filename, with the change notification the dialog needs...

  button now : 'Log Stop'
  file       : C:\headroom-bench\results\20260923-145751_5060ti-4o-offsetm150-gemm\5060ti-4o-offsetm150-gemm-hwinfo.csv
  size       : 22245 then 37803 bytes

Logging is running and the file is growing.

---- sweep ----
  workload cmd: C:\Users\Raymond\AppData\Local\Programs\Python\Python312\python.exe C:\Users\Raymond\Documents\headroom\tools\frequency-sweep\gpu_workload.py --workload gemm --json --iterations 120

[SWEEP] GPU:        NVIDIA GeForce RTX 5060 Ti (driver 616.92)
[SWEEP] Max clock:  3090 MHz | power limit 180.00 W enforced (180.00 W default, 200.00 W max)
[SWEEP] Supported:  389 discrete graphics clocks, 180-3090 MHz
[SWEEP] Sweep band:  1237-3090 MHz (explicit) - FINE sweep, ~154 MHz apart. Not a full-range curve.
[SWEEP] Testing:    13 frequencies -> 1237, 1395, 1545, 1702, 1852, 2010, 2167, 2317, 2475, 2625, 2782, 2932, 3090 MHz
[SWEEP] Workload:   C:\Users\Raymond\AppData\Local\Programs\Python\Python312\python.exe C:\Users\Raymond\Documents\headroom\tools\frequency-sweep\gpu_workload.py --workload gemm --json --iterations 120   (timed; duration is the performance metric)
[SWEEP] Estimated:  ~6.1 min of measurement (plus workload time if any)

[SWEEP] Configuration: 4o offset ladder, registered section 7, suite offsetm150. Stock Profile 3 verified under load at 13801 MHz. NVML P0 graphics offset -150 MHz, verified by read-back before sweep. 13-point ascending 1237-3090 MHz grid, HWiNFO SensorInterval 500. Iterations 120 from 5060ti-stock-repro-20260922. No Afterburner profile applied after the offset.

[SWEEP] Checking the GPU is quiet before starting...
[SWEEP] Video engines idle (encoder 0%, decoder 0%).
[SWEEP] Free VRAM 15449 MB - clear to start.
[SWEEP] Baseline utilisation 0% - clear to start.
[SWEEP] No interactive console - Ctrl+C interception unavailable. The finally block still resets clocks.
[SWEEP] NOTE: QuickEdit could not be disabled (likely no interactive console). If this window is interactive, DO NOT CLICK IN IT - a click freezes the run.
[SWEEP] --> locking 1237 MHz
[SWEEP]      1237 MHz -> achieved 1232.1 MHz (held),  62.43 W [30 in-window of 34], 46.4 C, util 98.8%
[SWEEP] --> locking 1395 MHz
[SWEEP]      1395 MHz -> achieved   1387 MHz (held),  65.65 W [29 in-window of 34], 46.5 C, util 98.1%
[SWEEP] --> locking 1545 MHz
[SWEEP]      1545 MHz -> achieved   1537 MHz (held),  80.74 W [23 in-window of 28], 48.6 C, util 97.6%
[SWEEP] --> locking 1702 MHz
[SWEEP]      1702 MHz -> achieved   1695 MHz (held),  93.49 W [21 in-window of 26], 50.9 C, util 98.5%
[SWEEP] --> locking 1852 MHz
[SWEEP]      1852 MHz -> achieved   1845 MHz (held), 113.88 W [19 in-window of 24], 53.3 C, util 98.4%
[SWEEP] --> locking 2010 MHz
[SWEEP]      2010 MHz -> achieved   2002 MHz (held), 121.23 W [18 in-window of 23], 54.5 C, util 100%
[SWEEP] --> locking 2167 MHz
[SWEEP]      2167 MHz -> achieved   2160 MHz (held), 137.88 W [17 in-window of 21], 58.1 C, util 99.8%
[SWEEP] --> locking 2317 MHz
[SWEEP]      2317 MHz -> achieved   2310 MHz (held), 167.71 W [15 in-window of 20],  63 C, util 98.4%
[SWEEP] --> locking 2475 MHz
[SWEEP]      2475 MHz -> achieved 2334.8 MHz (UNDERSHOT -140.2), 176.59 W [15 in-window of 19], 64.5 C, util 99.4%
[SWEEP] --> locking 2625 MHz
[SWEEP]      2625 MHz -> achieved 2337.3 MHz (UNDERSHOT -287.7), 177.35 W [15 in-window of 20], 65.1 C, util 100%
[SWEEP] --> locking 2782 MHz
[SWEEP]      2782 MHz -> achieved 2355.2 MHz (UNDERSHOT -426.8), 172.96 W [15 in-window of 19], 65.2 C, util 100%
[SWEEP] --> locking 2932 MHz
[SWEEP]      2932 MHz -> achieved 2353.9 MHz (UNDERSHOT -578.1), 172.91 W [15 in-window of 20], 65.3 C, util 100%
[SWEEP] --> locking 3090 MHz
[SWEEP]      3090 MHz -> achieved 2394.2 MHz (UNDERSHOT -695.8), 172.69 W [16 in-window of 21], 65.4 C, util 99.2%

[SWEEP] Resetting GPU clocks...
[SWEEP] Clocks reset. Card is now reporting 2610 MHz at idle/load.

[SWEEP] ===================== RESULT =====================
[SWEEP] Measured 13 of 13 planned frequencies.
[SWEEP] Configuration: 4o offset ladder, registered section 7, suite offsetm150. Stock Profile 3 verified under load at 13801 MHz. NVML P0 graphics offset -150 MHz, verified by read-back before sweep. 13-point ascending 1237-3090 MHz grid, HWiNFO SensorInterval 500. Iterations 120 from 5060ti-stock-repro-20260922. No Afterburner profile applied after the offset.
[SWEEP] NOTE: 5 point(s) ran BELOW their target by more than 30 MHz.
[SWEEP] The card could not sustain the requested clock - power or thermal limits. Expected
[SWEEP] at the top of the range, where max boost is a bin the card never actually holds.
[SWEEP] CSV:  C:\headroom-bench\results\20260923-145751_5060ti-4o-offsetm150-gemm\20260923-145808_5060ti-4o-offsetm150-gemm_sweep.csv
[SWEEP] JSON: C:\headroom-bench\results\20260923-145751_5060ti-4o-offsetm150-gemm\20260923-145808_5060ti-4o-offsetm150-gemm_sweep.json
[SWEEP] ==================================================

[SWEEP] Clock locks do NOT survive a reboot. If anything looks wrong with the card's
[SWEEP] clocks after this, reboot and it returns to stock.

---- HWiNFO log stop ----
Pressing 'Log Stop'...
  button now : 'Log Start'
  size       : 1164254 then 1164254 bytes
  rows       : 572

Logging stopped.

================ RESULT ================
  sweep exit    : 0
  elapsed       : 4.8 min (expected ~10)
  hwinfo log    : 1164254 bytes, 572 rows
  result file   : C:\headroom-bench\results\20260923-145751_5060ti-4o-offsetm150-gemm\wrapper-result.json

Run complete and both halves verified.
[15:02:50] Wrapper exit 0 for 5060ti-4o-offsetm150-gemm
[15:02:50] Setting NVML P0 graphics offset to -300 MHz for offsetm300.
Current P0 graphics offset: -150 MHz (allowed -1000 to 1000).
Verified by read-back: P0 graphics offset is now -300 MHz.
A read-back proves the driver accepted the value, not what it does to clocks or voltage. The sweep measures that.
[15:02:50] Running 5060ti-4o-offsetm300-copy

================ PLAN ================
  label        : 5060ti-4o-offsetm300-copy
  workload     : copy
  band         : 1237-3090 MHz, 13 points
  iterations   : 2660
  output dir   : C:\headroom-bench\results\20260923-150251_5060ti-4o-offsetm300-copy
  hwinfo log   : C:\headroom-bench\results\20260923-150251_5060ti-4o-offsetm300-copy\5060ti-4o-offsetm300-copy-hwinfo.csv
  expected     : ~10 min
  applied      : 4o offset ladder, registered section 7, suite offsetm300. Stock Profile 3 verified under load at 13801 MHz. NVML P0 graphics offset -300 MHz, verified by read-back before sweep. 13-point ascending 1237-3090 MHz grid, HWiNFO SensorInterval 500. Iterations 2660 from 5060ti-stock-repro-20260922. No Afterburner profile applied after the offset.

---- preflight ----
  power limit : 180.00 W, 180.00 W
  pmon sm     : mean 0%, peak 0% across 4 sample(s)
  pmon        : idle enough to proceed

---- HWiNFO log start ----

Pressing 'Log Start' (async - it opens a modal dialog)...
Setting the filename, with the change notification the dialog needs...

  button now : 'Log Stop'
  file       : C:\headroom-bench\results\20260923-150251_5060ti-4o-offsetm300-copy\5060ti-4o-offsetm300-copy-hwinfo.csv
  size       : 24178 then 39740 bytes

Logging is running and the file is growing.

---- sweep ----
  workload cmd: C:\Users\Raymond\AppData\Local\Programs\Python\Python312\python.exe C:\Users\Raymond\Documents\headroom\tools\frequency-sweep\gpu_workload.py --workload copy --json --iterations 2660

[SWEEP] GPU:        NVIDIA GeForce RTX 5060 Ti (driver 616.92)
[SWEEP] Max clock:  3090 MHz | power limit 180.00 W enforced (180.00 W default, 200.00 W max)
[SWEEP] Supported:  389 discrete graphics clocks, 180-3090 MHz
[SWEEP] Sweep band:  1237-3090 MHz (explicit) - FINE sweep, ~154 MHz apart. Not a full-range curve.
[SWEEP] Testing:    13 frequencies -> 1237, 1395, 1545, 1702, 1852, 2010, 2167, 2317, 2475, 2625, 2782, 2932, 3090 MHz
[SWEEP] Workload:   C:\Users\Raymond\AppData\Local\Programs\Python\Python312\python.exe C:\Users\Raymond\Documents\headroom\tools\frequency-sweep\gpu_workload.py --workload copy --json --iterations 2660   (timed; duration is the performance metric)
[SWEEP] Estimated:  ~6.1 min of measurement (plus workload time if any)

[SWEEP] Configuration: 4o offset ladder, registered section 7, suite offsetm300. Stock Profile 3 verified under load at 13801 MHz. NVML P0 graphics offset -300 MHz, verified by read-back before sweep. 13-point ascending 1237-3090 MHz grid, HWiNFO SensorInterval 500. Iterations 2660 from 5060ti-stock-repro-20260922. No Afterburner profile applied after the offset.

[SWEEP] Checking the GPU is quiet before starting...
[SWEEP] Video engines idle (encoder 0%, decoder 0%).
[SWEEP] Free VRAM 15433 MB - clear to start.
[SWEEP] Baseline utilisation 0% - clear to start.
[SWEEP] No interactive console - Ctrl+C interception unavailable. The finally block still resets clocks.
[SWEEP] NOTE: QuickEdit could not be disabled (likely no interactive console). If this window is interactive, DO NOT CLICK IN IT - a click freezes the run.
[SWEEP] --> locking 1237 MHz
[SWEEP]      1237 MHz -> achieved   1230 MHz (held),  52.17 W [18 in-window of 21], 42.9 C, util 94.3%
[SWEEP] --> locking 1395 MHz
[SWEEP]      1395 MHz -> achieved   1387 MHz (held),  55.96 W [16 in-window of 20], 42.2 C, util 93.8%
[SWEEP] --> locking 1545 MHz
[SWEEP]      1545 MHz -> achieved   1537 MHz (held),  59.09 W [16 in-window of 19], 41.9 C, util 93.8%
[SWEEP] --> locking 1702 MHz
[SWEEP]      1702 MHz -> achieved   1695 MHz (held),   63.1 W [16 in-window of 19], 42.4 C, util  95%
[SWEEP] --> locking 1852 MHz
[SWEEP]      1852 MHz -> achieved 1823.5 MHz (held),  64.13 W [16 in-window of 19], 42.2 C, util 94.3%
[SWEEP] --> locking 2010 MHz
[SWEEP]      2010 MHz -> achieved   2002 MHz (held),  69.57 W [16 in-window of 19], 42.9 C, util 100%
[SWEEP] --> locking 2167 MHz
[SWEEP]      2167 MHz -> achieved   2160 MHz (held),  71.38 W [16 in-window of 19], 43.2 C, util 93.8%
[SWEEP] --> locking 2317 MHz
[SWEEP]      2317 MHz -> achieved   2310 MHz (held),  78.19 W [16 in-window of 19], 44.1 C, util 93.8%
[SWEEP] --> locking 2475 MHz
[SWEEP]      2475 MHz -> achieved 2452.9 MHz (held),  84.91 W [16 in-window of 19], 45.1 C, util 96.9%
[SWEEP] --> locking 2625 MHz
[SWEEP]      2625 MHz -> achieved 2452.5 MHz (UNDERSHOT -172.5),  85.66 W [16 in-window of 19], 45.4 C, util 93.8%
[SWEEP] --> locking 2782 MHz
[SWEEP]      2782 MHz -> achieved   2452 MHz (UNDERSHOT -330),  86.51 W [16 in-window of 19], 45.8 C, util 98.6%
[SWEEP] --> locking 2932 MHz
[SWEEP]      2932 MHz -> achieved 2453.4 MHz (UNDERSHOT -478.6),  85.85 W [16 in-window of 20], 45.6 C, util 93.5%
[SWEEP] --> locking 3090 MHz
[SWEEP]      3090 MHz -> achieved 2453.4 MHz (UNDERSHOT -636.6),   82.3 W [17 in-window of 21], 45.6 C, util 93.4%

[SWEEP] Resetting GPU clocks...
[SWEEP] Clocks reset. Card is now reporting 2460 MHz at idle/load.

[SWEEP] ===================== RESULT =====================
[SWEEP] Measured 13 of 13 planned frequencies.
[SWEEP] Configuration: 4o offset ladder, registered section 7, suite offsetm300. Stock Profile 3 verified under load at 13801 MHz. NVML P0 graphics offset -300 MHz, verified by read-back before sweep. 13-point ascending 1237-3090 MHz grid, HWiNFO SensorInterval 500. Iterations 2660 from 5060ti-stock-repro-20260922. No Afterburner profile applied after the offset.
[SWEEP] NOTE: 4 point(s) ran BELOW their target by more than 30 MHz.
[SWEEP] The card could not sustain the requested clock - power or thermal limits. Expected
[SWEEP] at the top of the range, where max boost is a bin the card never actually holds.
[SWEEP] CSV:  C:\headroom-bench\results\20260923-150251_5060ti-4o-offsetm300-copy\20260923-150307_5060ti-4o-offsetm300-copy_sweep.csv
[SWEEP] JSON: C:\headroom-bench\results\20260923-150251_5060ti-4o-offsetm300-copy\20260923-150307_5060ti-4o-offsetm300-copy_sweep.json
[SWEEP] ==================================================

[SWEEP] Clock locks do NOT survive a reboot. If anything looks wrong with the card's
[SWEEP] clocks after this, reboot and it returns to stock.

---- HWiNFO log stop ----
Pressing 'Log Stop'...
  button now : 'Log Start'
  size       : 1041727 then 1041727 bytes
  rows       : 511

Logging stopped.

================ RESULT ================
  sweep exit    : 0
  elapsed       : 4.3 min (expected ~10)
  hwinfo log    : 1041727 bytes, 511 rows
  result file   : C:\headroom-bench\results\20260923-150251_5060ti-4o-offsetm300-copy\wrapper-result.json

Run complete and both halves verified.
[15:07:20] Wrapper exit 0 for 5060ti-4o-offsetm300-copy
[15:07:20] Running 5060ti-4o-offsetm300-reduce

================ PLAN ================
  label        : 5060ti-4o-offsetm300-reduce
  workload     : reduce
  band         : 1237-3090 MHz, 13 points
  iterations   : 2870
  output dir   : C:\headroom-bench\results\20260923-150720_5060ti-4o-offsetm300-reduce
  hwinfo log   : C:\headroom-bench\results\20260923-150720_5060ti-4o-offsetm300-reduce\5060ti-4o-offsetm300-reduce-hwinfo.csv
  expected     : ~10 min
  applied      : 4o offset ladder, registered section 7, suite offsetm300. Stock Profile 3 verified under load at 13801 MHz. NVML P0 graphics offset -300 MHz, verified by read-back before sweep. 13-point ascending 1237-3090 MHz grid, HWiNFO SensorInterval 500. Iterations 2870 from 5060ti-stock-repro-20260922. No Afterburner profile applied after the offset.

---- preflight ----
  power limit : 180.00 W, 180.00 W
  pmon sm     : mean 2%, peak 3% across 4 sample(s)
  pmon        : idle enough to proceed

---- HWiNFO log start ----

Pressing 'Log Start' (async - it opens a modal dialog)...
Setting the filename, with the change notification the dialog needs...

  button now : 'Log Stop'
  file       : C:\headroom-bench\results\20260923-150720_5060ti-4o-offsetm300-reduce\5060ti-4o-offsetm300-reduce-hwinfo.csv
  size       : 22349 then 37962 bytes

Logging is running and the file is growing.

---- sweep ----
  workload cmd: C:\Users\Raymond\AppData\Local\Programs\Python\Python312\python.exe C:\Users\Raymond\Documents\headroom\tools\frequency-sweep\gpu_workload.py --workload reduce --json --iterations 2870

[SWEEP] GPU:        NVIDIA GeForce RTX 5060 Ti (driver 616.92)
[SWEEP] Max clock:  3090 MHz | power limit 180.00 W enforced (180.00 W default, 200.00 W max)
[SWEEP] Supported:  389 discrete graphics clocks, 180-3090 MHz
[SWEEP] Sweep band:  1237-3090 MHz (explicit) - FINE sweep, ~154 MHz apart. Not a full-range curve.
[SWEEP] Testing:    13 frequencies -> 1237, 1395, 1545, 1702, 1852, 2010, 2167, 2317, 2475, 2625, 2782, 2932, 3090 MHz
[SWEEP] Workload:   C:\Users\Raymond\AppData\Local\Programs\Python\Python312\python.exe C:\Users\Raymond\Documents\headroom\tools\frequency-sweep\gpu_workload.py --workload reduce --json --iterations 2870   (timed; duration is the performance metric)
[SWEEP] Estimated:  ~6.1 min of measurement (plus workload time if any)

[SWEEP] Configuration: 4o offset ladder, registered section 7, suite offsetm300. Stock Profile 3 verified under load at 13801 MHz. NVML P0 graphics offset -300 MHz, verified by read-back before sweep. 13-point ascending 1237-3090 MHz grid, HWiNFO SensorInterval 500. Iterations 2870 from 5060ti-stock-repro-20260922. No Afterburner profile applied after the offset.

[SWEEP] Checking the GPU is quiet before starting...
[SWEEP] Video engines idle (encoder 0%, decoder 0%).
[SWEEP] Free VRAM 15442 MB - clear to start.
[SWEEP] Baseline utilisation 0.8% - clear to start.
[SWEEP] No interactive console - Ctrl+C interception unavailable. The finally block still resets clocks.
[SWEEP] NOTE: QuickEdit could not be disabled (likely no interactive console). If this window is interactive, DO NOT CLICK IN IT - a click freezes the run.
[SWEEP] --> locking 1237 MHz
[SWEEP]      1237 MHz -> achieved   1230 MHz (held),  50.13 W [21 in-window of 25], 39.8 C, util 95.3%
[SWEEP] --> locking 1395 MHz
[SWEEP]      1395 MHz -> achieved   1387 MHz (held),  53.46 W [18 in-window of 22], 39.8 C, util 94.2%
[SWEEP] --> locking 1545 MHz
[SWEEP]      1545 MHz -> achieved   1537 MHz (held),  58.89 W [17 in-window of 20], 39.8 C, util 93.5%
[SWEEP] --> locking 1702 MHz
[SWEEP]      1702 MHz -> achieved   1695 MHz (held),  63.51 W [17 in-window of 20], 40.7 C, util 96.2%
[SWEEP] --> locking 1852 MHz
[SWEEP]      1852 MHz -> achieved 1830.8 MHz (held),  62.15 W [17 in-window of 21], 40.8 C, util 91.1%
[SWEEP] --> locking 2010 MHz
[SWEEP]      2010 MHz -> achieved   2002 MHz (held),  67.47 W [15 in-window of 19], 41.5 C, util 93.3%
[SWEEP] --> locking 2167 MHz
[SWEEP]      2167 MHz -> achieved   2160 MHz (held),  73.09 W [15 in-window of 19], 42.2 C, util 95.9%
[SWEEP] --> locking 2317 MHz
[SWEEP]      2317 MHz -> achieved   2310 MHz (held),  81.78 W [15 in-window of 19], 43.3 C, util 96.3%
[SWEEP] --> locking 2475 MHz
[SWEEP]      2475 MHz -> achieved   2453 MHz (held),  85.29 W [15 in-window of 19], 44.3 C, util 93.3%
[SWEEP] --> locking 2625 MHz
[SWEEP]      2625 MHz -> achieved 2453.5 MHz (UNDERSHOT -171.5),  85.98 W [15 in-window of 19], 44.7 C, util 93.4%
[SWEEP] --> locking 2782 MHz
[SWEEP]      2782 MHz -> achieved 2453.5 MHz (UNDERSHOT -328.5),  86.74 W [15 in-window of 19], 45.3 C, util 96.7%
[SWEEP] --> locking 2932 MHz
[SWEEP]      2932 MHz -> achieved 2453.5 MHz (UNDERSHOT -478.5),  87.27 W [15 in-window of 19], 45.5 C, util 95.3%
[SWEEP] --> locking 3090 MHz
[SWEEP]      3090 MHz -> achieved 2453.1 MHz (UNDERSHOT -636.9),  88.78 W [15 in-window of 19], 45.7 C, util 100%

[SWEEP] Resetting GPU clocks...
[SWEEP] Clocks reset. Card is now reporting 2460 MHz at idle/load.

[SWEEP] ===================== RESULT =====================
[SWEEP] Measured 13 of 13 planned frequencies.
[SWEEP] Configuration: 4o offset ladder, registered section 7, suite offsetm300. Stock Profile 3 verified under load at 13801 MHz. NVML P0 graphics offset -300 MHz, verified by read-back before sweep. 13-point ascending 1237-3090 MHz grid, HWiNFO SensorInterval 500. Iterations 2870 from 5060ti-stock-repro-20260922. No Afterburner profile applied after the offset.
[SWEEP] NOTE: 4 point(s) ran BELOW their target by more than 30 MHz.
[SWEEP] The card could not sustain the requested clock - power or thermal limits. Expected
[SWEEP] at the top of the range, where max boost is a bin the card never actually holds.
[SWEEP] CSV:  C:\headroom-bench\results\20260923-150720_5060ti-4o-offsetm300-reduce\20260923-150737_5060ti-4o-offsetm300-reduce_sweep.csv
[SWEEP] JSON: C:\headroom-bench\results\20260923-150720_5060ti-4o-offsetm300-reduce\20260923-150737_5060ti-4o-offsetm300-reduce_sweep.json
[SWEEP] ==================================================

[SWEEP] Clock locks do NOT survive a reboot. If anything looks wrong with the card's
[SWEEP] clocks after this, reboot and it returns to stock.

---- HWiNFO log stop ----
Pressing 'Log Stop'...
  button now : 'Log Start'
  size       : 1055910 then 1055910 bytes
  rows       : 517

Logging stopped.

================ RESULT ================
  sweep exit    : 0
  elapsed       : 4.4 min (expected ~10)
  hwinfo log    : 1055910 bytes, 517 rows
  result file   : C:\headroom-bench\results\20260923-150720_5060ti-4o-offsetm300-reduce\wrapper-result.json

Run complete and both halves verified.
[15:11:52] Wrapper exit 0 for 5060ti-4o-offsetm300-reduce
[15:11:52] Running 5060ti-4o-offsetm300-softmax

================ PLAN ================
  label        : 5060ti-4o-offsetm300-softmax
  workload     : softmax
  band         : 1237-3090 MHz, 13 points
  iterations   : 2600
  output dir   : C:\headroom-bench\results\20260923-151153_5060ti-4o-offsetm300-softmax
  hwinfo log   : C:\headroom-bench\results\20260923-151153_5060ti-4o-offsetm300-softmax\5060ti-4o-offsetm300-softmax-hwinfo.csv
  expected     : ~10 min
  applied      : 4o offset ladder, registered section 7, suite offsetm300. Stock Profile 3 verified under load at 13801 MHz. NVML P0 graphics offset -300 MHz, verified by read-back before sweep. 13-point ascending 1237-3090 MHz grid, HWiNFO SensorInterval 500. Iterations 2600 from 5060ti-stock-repro-20260922. No Afterburner profile applied after the offset.

---- preflight ----
  power limit : 180.00 W, 180.00 W
  pmon sm     : mean 0%, peak 0% across 4 sample(s)
  pmon        : idle enough to proceed

---- HWiNFO log start ----

Pressing 'Log Start' (async - it opens a modal dialog)...
Setting the filename, with the change notification the dialog needs...

  button now : 'Log Stop'
  file       : C:\headroom-bench\results\20260923-151153_5060ti-4o-offsetm300-softmax\5060ti-4o-offsetm300-softmax-hwinfo.csv
  size       : 24214 then 39758 bytes

Logging is running and the file is growing.

---- sweep ----
  workload cmd: C:\Users\Raymond\AppData\Local\Programs\Python\Python312\python.exe C:\Users\Raymond\Documents\headroom\tools\frequency-sweep\gpu_workload.py --workload softmax --json --iterations 2600

[SWEEP] GPU:        NVIDIA GeForce RTX 5060 Ti (driver 616.92)
[SWEEP] Max clock:  3090 MHz | power limit 180.00 W enforced (180.00 W default, 200.00 W max)
[SWEEP] Supported:  389 discrete graphics clocks, 180-3090 MHz
[SWEEP] Sweep band:  1237-3090 MHz (explicit) - FINE sweep, ~154 MHz apart. Not a full-range curve.
[SWEEP] Testing:    13 frequencies -> 1237, 1395, 1545, 1702, 1852, 2010, 2167, 2317, 2475, 2625, 2782, 2932, 3090 MHz
[SWEEP] Workload:   C:\Users\Raymond\AppData\Local\Programs\Python\Python312\python.exe C:\Users\Raymond\Documents\headroom\tools\frequency-sweep\gpu_workload.py --workload softmax --json --iterations 2600   (timed; duration is the performance metric)
[SWEEP] Estimated:  ~6.1 min of measurement (plus workload time if any)

[SWEEP] Configuration: 4o offset ladder, registered section 7, suite offsetm300. Stock Profile 3 verified under load at 13801 MHz. NVML P0 graphics offset -300 MHz, verified by read-back before sweep. 13-point ascending 1237-3090 MHz grid, HWiNFO SensorInterval 500. Iterations 2600 from 5060ti-stock-repro-20260922. No Afterburner profile applied after the offset.

[SWEEP] Checking the GPU is quiet before starting...
[SWEEP] Video engines idle (encoder 0%, decoder 0%).
[SWEEP] Free VRAM 15447 MB - clear to start.
[SWEEP] Baseline utilisation 0% - clear to start.
[SWEEP] No interactive console - Ctrl+C interception unavailable. The finally block still resets clocks.
[SWEEP] NOTE: QuickEdit could not be disabled (likely no interactive console). If this window is interactive, DO NOT CLICK IN IT - a click freezes the run.
[SWEEP] --> locking 1237 MHz
[SWEEP]      1237 MHz -> achieved   1230 MHz (held),  61.68 W [16 in-window of 20], 41.3 C, util 93.9%
[SWEEP] --> locking 1395 MHz
[SWEEP]      1395 MHz -> achieved   1387 MHz (held),  66.93 W [16 in-window of 19], 41.8 C, util 94.5%
[SWEEP] --> locking 1545 MHz
[SWEEP]      1545 MHz -> achieved   1537 MHz (held),  72.07 W [15 in-window of 19], 42.7 C, util 96.7%
[SWEEP] --> locking 1702 MHz
[SWEEP]      1702 MHz -> achieved   1695 MHz (held),  79.63 W [16 in-window of 19], 43.6 C, util 95.4%
[SWEEP] --> locking 1852 MHz
[SWEEP]      1852 MHz -> achieved 1823.4 MHz (held),  77.68 W [16 in-window of 19], 43.8 C, util 93.4%
[SWEEP] --> locking 2010 MHz
[SWEEP]      2010 MHz -> achieved   2002 MHz (held),   83.4 W [16 in-window of 19], 44.7 C, util 93.8%
[SWEEP] --> locking 2167 MHz
[SWEEP]      2167 MHz -> achieved   2160 MHz (held),  89.98 W [16 in-window of 19], 46.4 C, util 96.9%
[SWEEP] --> locking 2317 MHz
[SWEEP]      2317 MHz -> achieved   2310 MHz (held), 101.22 W [16 in-window of 19], 47.9 C, util 95.4%
[SWEEP] --> locking 2475 MHz
[SWEEP]      2475 MHz -> achieved 2452.9 MHz (held), 106.81 W [16 in-window of 19], 49.1 C, util 93.5%
[SWEEP] --> locking 2625 MHz
[SWEEP]      2625 MHz -> achieved 2452.1 MHz (UNDERSHOT -172.9),  106.3 W [16 in-window of 19], 49.8 C, util 93.8%
[SWEEP] --> locking 2782 MHz
[SWEEP]      2782 MHz -> achieved 2451.6 MHz (UNDERSHOT -330.4), 108.32 W [16 in-window of 19], 50.7 C, util 93.8%
[SWEEP] --> locking 2932 MHz
[SWEEP]      2932 MHz -> achieved   2449 MHz (UNDERSHOT -483), 109.76 W [16 in-window of 19],  51 C, util 98.9%
[SWEEP] --> locking 3090 MHz
[SWEEP]      3090 MHz -> achieved 2448.1 MHz (UNDERSHOT -641.9), 111.03 W [16 in-window of 19], 51.6 C, util  98%

[SWEEP] Resetting GPU clocks...
[SWEEP] Clocks reset. Card is now reporting 2460 MHz at idle/load.

[SWEEP] ===================== RESULT =====================
[SWEEP] Measured 13 of 13 planned frequencies.
[SWEEP] Configuration: 4o offset ladder, registered section 7, suite offsetm300. Stock Profile 3 verified under load at 13801 MHz. NVML P0 graphics offset -300 MHz, verified by read-back before sweep. 13-point ascending 1237-3090 MHz grid, HWiNFO SensorInterval 500. Iterations 2600 from 5060ti-stock-repro-20260922. No Afterburner profile applied after the offset.
[SWEEP] NOTE: 4 point(s) ran BELOW their target by more than 30 MHz.
[SWEEP] The card could not sustain the requested clock - power or thermal limits. Expected
[SWEEP] at the top of the range, where max boost is a bin the card never actually holds.
[SWEEP] CSV:  C:\headroom-bench\results\20260923-151153_5060ti-4o-offsetm300-softmax\20260923-151209_5060ti-4o-offsetm300-softmax_sweep.csv
[SWEEP] JSON: C:\headroom-bench\results\20260923-151153_5060ti-4o-offsetm300-softmax\20260923-151209_5060ti-4o-offsetm300-softmax_sweep.json
[SWEEP] ==================================================

[SWEEP] Clock locks do NOT survive a reboot. If anything looks wrong with the card's
[SWEEP] clocks after this, reboot and it returns to stock.

---- HWiNFO log stop ----
Pressing 'Log Stop'...
  button now : 'Log Start'
  size       : 1029136 then 1029136 bytes
  rows       : 505

Logging stopped.

================ RESULT ================
  sweep exit    : 0
  elapsed       : 4.2 min (expected ~10)
  hwinfo log    : 1029136 bytes, 505 rows
  result file   : C:\headroom-bench\results\20260923-151153_5060ti-4o-offsetm300-softmax\wrapper-result.json

Run complete and both halves verified.
[15:16:19] Wrapper exit 0 for 5060ti-4o-offsetm300-softmax
[15:16:19] Running 5060ti-4o-offsetm300-layernorm

================ PLAN ================
  label        : 5060ti-4o-offsetm300-layernorm
  workload     : layernorm
  band         : 1237-3090 MHz, 13 points
  iterations   : 1597
  output dir   : C:\headroom-bench\results\20260923-151619_5060ti-4o-offsetm300-layernorm
  hwinfo log   : C:\headroom-bench\results\20260923-151619_5060ti-4o-offsetm300-layernorm\5060ti-4o-offsetm300-layernorm-hwinfo.csv
  expected     : ~10 min
  applied      : 4o offset ladder, registered section 7, suite offsetm300. Stock Profile 3 verified under load at 13801 MHz. NVML P0 graphics offset -300 MHz, verified by read-back before sweep. 13-point ascending 1237-3090 MHz grid, HWiNFO SensorInterval 500. Iterations 1597 from 5060ti-stock-repro-20260922. No Afterburner profile applied after the offset.

---- preflight ----
  power limit : 180.00 W, 180.00 W
  pmon sm     : mean 0%, peak 0% across 4 sample(s)
  pmon        : idle enough to proceed

---- HWiNFO log start ----

Pressing 'Log Start' (async - it opens a modal dialog)...
Setting the filename, with the change notification the dialog needs...

  button now : 'Log Stop'
  file       : C:\headroom-bench\results\20260923-151619_5060ti-4o-offsetm300-layernorm\5060ti-4o-offsetm300-layernorm-hwinfo.csv
  size       : 24194 then 39787 bytes

Logging is running and the file is growing.

---- sweep ----
  workload cmd: C:\Users\Raymond\AppData\Local\Programs\Python\Python312\python.exe C:\Users\Raymond\Documents\headroom\tools\frequency-sweep\gpu_workload.py --workload layernorm --json --iterations 1597

[SWEEP] GPU:        NVIDIA GeForce RTX 5060 Ti (driver 616.92)
[SWEEP] Max clock:  3090 MHz | power limit 180.00 W enforced (180.00 W default, 200.00 W max)
[SWEEP] Supported:  389 discrete graphics clocks, 180-3090 MHz
[SWEEP] Sweep band:  1237-3090 MHz (explicit) - FINE sweep, ~154 MHz apart. Not a full-range curve.
[SWEEP] Testing:    13 frequencies -> 1237, 1395, 1545, 1702, 1852, 2010, 2167, 2317, 2475, 2625, 2782, 2932, 3090 MHz
[SWEEP] Workload:   C:\Users\Raymond\AppData\Local\Programs\Python\Python312\python.exe C:\Users\Raymond\Documents\headroom\tools\frequency-sweep\gpu_workload.py --workload layernorm --json --iterations 1597   (timed; duration is the performance metric)
[SWEEP] Estimated:  ~6.1 min of measurement (plus workload time if any)

[SWEEP] Configuration: 4o offset ladder, registered section 7, suite offsetm300. Stock Profile 3 verified under load at 13801 MHz. NVML P0 graphics offset -300 MHz, verified by read-back before sweep. 13-point ascending 1237-3090 MHz grid, HWiNFO SensorInterval 500. Iterations 1597 from 5060ti-stock-repro-20260922. No Afterburner profile applied after the offset.

[SWEEP] Checking the GPU is quiet before starting...
[SWEEP] Video engines idle (encoder 0%, decoder 0%).
[SWEEP] Free VRAM 15447 MB - clear to start.
[SWEEP] Baseline utilisation 0% - clear to start.
[SWEEP] No interactive console - Ctrl+C interception unavailable. The finally block still resets clocks.
[SWEEP] NOTE: QuickEdit could not be disabled (likely no interactive console). If this window is interactive, DO NOT CLICK IN IT - a click freezes the run.
[SWEEP] --> locking 1237 MHz
[SWEEP]      1237 MHz -> achieved   1230 MHz (held),  58.22 W [18 in-window of 21],  42 C, util 93.4%
[SWEEP] --> locking 1395 MHz
[SWEEP]      1395 MHz -> achieved   1387 MHz (held),  63.73 W [17 in-window of 21], 42.5 C, util 94.1%
[SWEEP] --> locking 1545 MHz
[SWEEP]      1545 MHz -> achieved   1537 MHz (held),  68.28 W [17 in-window of 20], 42.8 C, util 93.5%
[SWEEP] --> locking 1702 MHz
[SWEEP]      1702 MHz -> achieved   1695 MHz (held),   72.8 W [16 in-window of 20], 43.6 C, util 93.8%
[SWEEP] --> locking 1852 MHz
[SWEEP]      1852 MHz -> achieved 1822.5 MHz (held),  70.42 W [17 in-window of 21], 43.6 C, util 93.5%
[SWEEP] --> locking 2010 MHz
[SWEEP]      2010 MHz -> achieved   2002 MHz (held),  79.27 W [16 in-window of 19], 44.4 C, util 93.9%
[SWEEP] --> locking 2167 MHz
[SWEEP]      2167 MHz -> achieved   2160 MHz (held),  86.64 W [16 in-window of 19], 45.7 C, util 97.1%
[SWEEP] --> locking 2317 MHz
[SWEEP]      2317 MHz -> achieved   2310 MHz (held),  96.03 W [16 in-window of 19], 47.5 C, util 98.1%
[SWEEP] --> locking 2475 MHz
[SWEEP]      2475 MHz -> achieved 2452.5 MHz (held), 105.77 W [16 in-window of 19],  49 C, util 97.7%
[SWEEP] --> locking 2625 MHz
[SWEEP]      2625 MHz -> achieved 2452.5 MHz (UNDERSHOT -172.5), 101.64 W [16 in-window of 19], 49.1 C, util 93.8%
[SWEEP] --> locking 2782 MHz
[SWEEP]      2782 MHz -> achieved 2452.5 MHz (UNDERSHOT -329.5), 102.84 W [16 in-window of 19], 49.6 C, util 94.4%
[SWEEP] --> locking 2932 MHz
[SWEEP]      2932 MHz -> achieved 2452.1 MHz (UNDERSHOT -479.9), 104.55 W [15 in-window of 19], 50.3 C, util 97.3%
[SWEEP] --> locking 3090 MHz
[SWEEP]      3090 MHz -> achieved 2451.6 MHz (UNDERSHOT -638.4), 105.55 W [16 in-window of 19], 50.5 C, util 94.8%

[SWEEP] Resetting GPU clocks...
[SWEEP] Clocks reset. Card is now reporting 2460 MHz at idle/load.

[SWEEP] ===================== RESULT =====================
[SWEEP] Measured 13 of 13 planned frequencies.
[SWEEP] Configuration: 4o offset ladder, registered section 7, suite offsetm300. Stock Profile 3 verified under load at 13801 MHz. NVML P0 graphics offset -300 MHz, verified by read-back before sweep. 13-point ascending 1237-3090 MHz grid, HWiNFO SensorInterval 500. Iterations 1597 from 5060ti-stock-repro-20260922. No Afterburner profile applied after the offset.
[SWEEP] NOTE: 4 point(s) ran BELOW their target by more than 30 MHz.
[SWEEP] The card could not sustain the requested clock - power or thermal limits. Expected
[SWEEP] at the top of the range, where max boost is a bin the card never actually holds.
[SWEEP] CSV:  C:\headroom-bench\results\20260923-151619_5060ti-4o-offsetm300-layernorm\20260923-151636_5060ti-4o-offsetm300-layernorm_sweep.csv
[SWEEP] JSON: C:\headroom-bench\results\20260923-151619_5060ti-4o-offsetm300-layernorm\20260923-151636_5060ti-4o-offsetm300-layernorm_sweep.json
[SWEEP] ==================================================

[SWEEP] Clock locks do NOT survive a reboot. If anything looks wrong with the card's
[SWEEP] clocks after this, reboot and it returns to stock.

---- HWiNFO log stop ----
Pressing 'Log Stop'...
  button now : 'Log Start'
  size       : 1047958 then 1047958 bytes
  rows       : 514

Logging stopped.

================ RESULT ================
  sweep exit    : 0
  elapsed       : 4.3 min (expected ~10)
  hwinfo log    : 1047958 bytes, 514 rows
  result file   : C:\headroom-bench\results\20260923-151619_5060ti-4o-offsetm300-layernorm\wrapper-result.json

Run complete and both halves verified.
[15:20:50] Wrapper exit 0 for 5060ti-4o-offsetm300-layernorm
[15:20:50] Running 5060ti-4o-offsetm300-bgemm32

================ PLAN ================
  label        : 5060ti-4o-offsetm300-bgemm32
  workload     : bgemm32
  band         : 1237-3090 MHz, 13 points
  iterations   : 2673
  output dir   : C:\headroom-bench\results\20260923-152050_5060ti-4o-offsetm300-bgemm32
  hwinfo log   : C:\headroom-bench\results\20260923-152050_5060ti-4o-offsetm300-bgemm32\5060ti-4o-offsetm300-bgemm32-hwinfo.csv
  expected     : ~10 min
  applied      : 4o offset ladder, registered section 7, suite offsetm300. Stock Profile 3 verified under load at 13801 MHz. NVML P0 graphics offset -300 MHz, verified by read-back before sweep. 13-point ascending 1237-3090 MHz grid, HWiNFO SensorInterval 500. Iterations 2673 from 5060ti-stock-repro-20260922. No Afterburner profile applied after the offset.

---- preflight ----
  power limit : 180.00 W, 180.00 W
  pmon sm     : mean 0%, peak 0% across 4 sample(s)
  pmon        : idle enough to proceed

---- HWiNFO log start ----

Pressing 'Log Start' (async - it opens a modal dialog)...
Setting the filename, with the change notification the dialog needs...

  button now : 'Log Stop'
  file       : C:\headroom-bench\results\20260923-152050_5060ti-4o-offsetm300-bgemm32\5060ti-4o-offsetm300-bgemm32-hwinfo.csv
  size       : 22227 then 37769 bytes

Logging is running and the file is growing.

---- sweep ----
  workload cmd: C:\Users\Raymond\AppData\Local\Programs\Python\Python312\python.exe C:\Users\Raymond\Documents\headroom\tools\frequency-sweep\gpu_workload.py --workload bgemm32 --json --iterations 2673

[SWEEP] GPU:        NVIDIA GeForce RTX 5060 Ti (driver 616.92)
[SWEEP] Max clock:  3090 MHz | power limit 180.00 W enforced (180.00 W default, 200.00 W max)
[SWEEP] Supported:  389 discrete graphics clocks, 180-3090 MHz
[SWEEP] Sweep band:  1237-3090 MHz (explicit) - FINE sweep, ~154 MHz apart. Not a full-range curve.
[SWEEP] Testing:    13 frequencies -> 1237, 1395, 1545, 1702, 1852, 2010, 2167, 2317, 2475, 2625, 2782, 2932, 3090 MHz
[SWEEP] Workload:   C:\Users\Raymond\AppData\Local\Programs\Python\Python312\python.exe C:\Users\Raymond\Documents\headroom\tools\frequency-sweep\gpu_workload.py --workload bgemm32 --json --iterations 2673   (timed; duration is the performance metric)
[SWEEP] Estimated:  ~6.1 min of measurement (plus workload time if any)

[SWEEP] Configuration: 4o offset ladder, registered section 7, suite offsetm300. Stock Profile 3 verified under load at 13801 MHz. NVML P0 graphics offset -300 MHz, verified by read-back before sweep. 13-point ascending 1237-3090 MHz grid, HWiNFO SensorInterval 500. Iterations 2673 from 5060ti-stock-repro-20260922. No Afterburner profile applied after the offset.

[SWEEP] Checking the GPU is quiet before starting...
[SWEEP] Video engines idle (encoder 0%, decoder 0%).
[SWEEP] Free VRAM 15440 MB - clear to start.
[SWEEP] Baseline utilisation 0% - clear to start.
[SWEEP] No interactive console - Ctrl+C interception unavailable. The finally block still resets clocks.
[SWEEP] NOTE: QuickEdit could not be disabled (likely no interactive console). If this window is interactive, DO NOT CLICK IN IT - a click freezes the run.
[SWEEP] --> locking 1237 MHz
[SWEEP]      1237 MHz -> achieved   1230 MHz (held),  73.83 W [17 in-window of 21], 44.6 C, util 94.1%
[SWEEP] --> locking 1395 MHz
[SWEEP]      1395 MHz -> achieved   1387 MHz (held),  84.26 W [16 in-window of 20], 45.4 C, util 88.6%
[SWEEP] --> locking 1545 MHz
[SWEEP]      1545 MHz -> achieved   1537 MHz (held),  86.61 W [15 in-window of 19], 46.9 C, util 93.3%
[SWEEP] --> locking 1702 MHz
[SWEEP]      1702 MHz -> achieved   1695 MHz (held),  96.17 W [16 in-window of 19], 48.2 C, util 93.7%
[SWEEP] --> locking 1852 MHz
[SWEEP]      1852 MHz -> achieved 1830.4 MHz (held),  98.85 W [16 in-window of 19], 48.8 C, util 95.2%
[SWEEP] --> locking 2010 MHz
[SWEEP]      2010 MHz -> achieved   2002 MHz (held), 107.09 W [16 in-window of 19], 50.5 C, util 94.6%
[SWEEP] --> locking 2167 MHz
[SWEEP]      2167 MHz -> achieved   2160 MHz (held), 117.73 W [16 in-window of 19], 51.9 C, util 97.2%
[SWEEP] --> locking 2317 MHz
[SWEEP]      2317 MHz -> achieved   2310 MHz (held), 125.16 W [16 in-window of 19], 53.9 C, util 93.7%
[SWEEP] --> locking 2475 MHz
[SWEEP]      2475 MHz -> achieved 2445.9 MHz (held), 136.86 W [16 in-window of 19], 55.8 C, util  94%
[SWEEP] --> locking 2625 MHz
[SWEEP]      2625 MHz -> achieved 2445.9 MHz (UNDERSHOT -179.1), 138.41 W [16 in-window of 19], 56.7 C, util  95%
[SWEEP] --> locking 2782 MHz
[SWEEP]      2782 MHz -> achieved 2445.9 MHz (UNDERSHOT -336.1), 140.62 W [16 in-window of 19], 57.2 C, util 95.4%
[SWEEP] --> locking 2932 MHz
[SWEEP]      2932 MHz -> achieved 2445.9 MHz (UNDERSHOT -486.1), 141.89 W [16 in-window of 19], 57.5 C, util 94.5%
[SWEEP] --> locking 3090 MHz
[SWEEP]      3090 MHz -> achieved 2446.4 MHz (UNDERSHOT -643.6), 138.13 W [16 in-window of 19], 57.2 C, util 91.2%

[SWEEP] Resetting GPU clocks...
[SWEEP] Clocks reset. Card is now reporting 2460 MHz at idle/load.

[SWEEP] ===================== RESULT =====================
[SWEEP] Measured 13 of 13 planned frequencies.
[SWEEP] Configuration: 4o offset ladder, registered section 7, suite offsetm300. Stock Profile 3 verified under load at 13801 MHz. NVML P0 graphics offset -300 MHz, verified by read-back before sweep. 13-point ascending 1237-3090 MHz grid, HWiNFO SensorInterval 500. Iterations 2673 from 5060ti-stock-repro-20260922. No Afterburner profile applied after the offset.
[SWEEP] NOTE: 4 point(s) ran BELOW their target by more than 30 MHz.
[SWEEP] The card could not sustain the requested clock - power or thermal limits. Expected
[SWEEP] at the top of the range, where max boost is a bin the card never actually holds.
[SWEEP] CSV:  C:\headroom-bench\results\20260923-152050_5060ti-4o-offsetm300-bgemm32\20260923-152107_5060ti-4o-offsetm300-bgemm32_sweep.csv
[SWEEP] JSON: C:\headroom-bench\results\20260923-152050_5060ti-4o-offsetm300-bgemm32\20260923-152107_5060ti-4o-offsetm300-bgemm32_sweep.json
[SWEEP] ==================================================

[SWEEP] Clock locks do NOT survive a reboot. If anything looks wrong with the card's
[SWEEP] clocks after this, reboot and it returns to stock.

---- HWiNFO log stop ----
Pressing 'Log Stop'...
  button now : 'Log Start'
  size       : 1032833 then 1032833 bytes
  rows       : 507

Logging stopped.

================ RESULT ================
  sweep exit    : 0
  elapsed       : 4.3 min (expected ~10)
  hwinfo log    : 1032833 bytes, 507 rows
  result file   : C:\headroom-bench\results\20260923-152050_5060ti-4o-offsetm300-bgemm32\wrapper-result.json

Run complete and both halves verified.
[15:25:17] Wrapper exit 0 for 5060ti-4o-offsetm300-bgemm32
[15:25:17] Running 5060ti-4o-offsetm300-bgemm64

================ PLAN ================
  label        : 5060ti-4o-offsetm300-bgemm64
  workload     : bgemm64
  band         : 1237-3090 MHz, 13 points
  iterations   : 2661
  output dir   : C:\headroom-bench\results\20260923-152518_5060ti-4o-offsetm300-bgemm64
  hwinfo log   : C:\headroom-bench\results\20260923-152518_5060ti-4o-offsetm300-bgemm64\5060ti-4o-offsetm300-bgemm64-hwinfo.csv
  expected     : ~10 min
  applied      : 4o offset ladder, registered section 7, suite offsetm300. Stock Profile 3 verified under load at 13801 MHz. NVML P0 graphics offset -300 MHz, verified by read-back before sweep. 13-point ascending 1237-3090 MHz grid, HWiNFO SensorInterval 500. Iterations 2661 from 5060ti-stock-repro-20260922. No Afterburner profile applied after the offset.

---- preflight ----
  power limit : 180.00 W, 180.00 W
  pmon sm     : mean 0%, peak 0% across 4 sample(s)
  pmon        : idle enough to proceed

---- HWiNFO log start ----

Pressing 'Log Start' (async - it opens a modal dialog)...
Setting the filename, with the change notification the dialog needs...

  button now : 'Log Stop'
  file       : C:\headroom-bench\results\20260923-152518_5060ti-4o-offsetm300-bgemm64\5060ti-4o-offsetm300-bgemm64-hwinfo.csv
  size       : 24203 then 39764 bytes

Logging is running and the file is growing.

---- sweep ----
  workload cmd: C:\Users\Raymond\AppData\Local\Programs\Python\Python312\python.exe C:\Users\Raymond\Documents\headroom\tools\frequency-sweep\gpu_workload.py --workload bgemm64 --json --iterations 2661

[SWEEP] GPU:        NVIDIA GeForce RTX 5060 Ti (driver 616.92)
[SWEEP] Max clock:  3090 MHz | power limit 180.00 W enforced (180.00 W default, 200.00 W max)
[SWEEP] Supported:  389 discrete graphics clocks, 180-3090 MHz
[SWEEP] Sweep band:  1237-3090 MHz (explicit) - FINE sweep, ~154 MHz apart. Not a full-range curve.
[SWEEP] Testing:    13 frequencies -> 1237, 1395, 1545, 1702, 1852, 2010, 2167, 2317, 2475, 2625, 2782, 2932, 3090 MHz
[SWEEP] Workload:   C:\Users\Raymond\AppData\Local\Programs\Python\Python312\python.exe C:\Users\Raymond\Documents\headroom\tools\frequency-sweep\gpu_workload.py --workload bgemm64 --json --iterations 2661   (timed; duration is the performance metric)
[SWEEP] Estimated:  ~6.1 min of measurement (plus workload time if any)

[SWEEP] Configuration: 4o offset ladder, registered section 7, suite offsetm300. Stock Profile 3 verified under load at 13801 MHz. NVML P0 graphics offset -300 MHz, verified by read-back before sweep. 13-point ascending 1237-3090 MHz grid, HWiNFO SensorInterval 500. Iterations 2661 from 5060ti-stock-repro-20260922. No Afterburner profile applied after the offset.

[SWEEP] Checking the GPU is quiet before starting...
[SWEEP] Video engines idle (encoder 0%, decoder 0%).
[SWEEP] Free VRAM 15440 MB - clear to start.
[SWEEP] Baseline utilisation 0% - clear to start.
[SWEEP] No interactive console - Ctrl+C interception unavailable. The finally block still resets clocks.
[SWEEP] NOTE: QuickEdit could not be disabled (likely no interactive console). If this window is interactive, DO NOT CLICK IN IT - a click freezes the run.
[SWEEP] --> locking 1237 MHz
[SWEEP]      1237 MHz -> achieved   1230 MHz (held),  78.78 W [17 in-window of 20], 46.5 C, util 94.2%
[SWEEP] --> locking 1395 MHz
[SWEEP]      1395 MHz -> achieved   1387 MHz (held),   87.3 W [16 in-window of 19], 47.8 C, util 94.5%
[SWEEP] --> locking 1545 MHz
[SWEEP]      1545 MHz -> achieved   1537 MHz (held),  97.47 W [16 in-window of 19],  49 C, util 95.2%
[SWEEP] --> locking 1702 MHz
[SWEEP]      1702 MHz -> achieved   1695 MHz (held), 105.84 W [16 in-window of 19], 50.2 C, util 91.9%
[SWEEP] --> locking 1852 MHz
[SWEEP]      1852 MHz -> achieved 1830.4 MHz (held), 102.35 W [16 in-window of 19], 50.8 C, util  93%
[SWEEP] --> locking 2010 MHz
[SWEEP]      2010 MHz -> achieved   2002 MHz (held),  111.3 W [16 in-window of 19], 51.8 C, util 95.2%
[SWEEP] --> locking 2167 MHz
[SWEEP]      2167 MHz -> achieved   2160 MHz (held), 123.69 W [16 in-window of 19], 53.6 C, util 95.8%
[SWEEP] --> locking 2317 MHz
[SWEEP]      2317 MHz -> achieved   2310 MHz (held), 137.82 W [16 in-window of 19], 55.9 C, util 95.6%
[SWEEP] --> locking 2475 MHz
[SWEEP]      2475 MHz -> achieved   2444 MHz (UNDERSHOT -31), 143.03 W [16 in-window of 19], 57.8 C, util 92.9%
[SWEEP] --> locking 2625 MHz
[SWEEP]      2625 MHz -> achieved 2440.8 MHz (UNDERSHOT -184.2), 146.98 W [16 in-window of 19], 58.4 C, util 93.9%
[SWEEP] --> locking 2782 MHz
[SWEEP]      2782 MHz -> achieved 2439.3 MHz (UNDERSHOT -342.7), 148.14 W [16 in-window of 19], 58.8 C, util  95%
[SWEEP] --> locking 2932 MHz
[SWEEP]      2932 MHz -> achieved 2437.5 MHz (UNDERSHOT -494.5), 150.17 W [16 in-window of 19], 59.3 C, util 96.3%
[SWEEP] --> locking 3090 MHz
[SWEEP]      3090 MHz -> achieved 2438.4 MHz (UNDERSHOT -651.6), 145.18 W [16 in-window of 19], 58.9 C, util 93.8%

[SWEEP] Resetting GPU clocks...
[SWEEP] Clocks reset. Card is now reporting 2460 MHz at idle/load.

[SWEEP] ===================== RESULT =====================
[SWEEP] Measured 13 of 13 planned frequencies.
[SWEEP] Configuration: 4o offset ladder, registered section 7, suite offsetm300. Stock Profile 3 verified under load at 13801 MHz. NVML P0 graphics offset -300 MHz, verified by read-back before sweep. 13-point ascending 1237-3090 MHz grid, HWiNFO SensorInterval 500. Iterations 2661 from 5060ti-stock-repro-20260922. No Afterburner profile applied after the offset.
[SWEEP] NOTE: 5 point(s) ran BELOW their target by more than 30 MHz.
[SWEEP] The card could not sustain the requested clock - power or thermal limits. Expected
[SWEEP] at the top of the range, where max boost is a bin the card never actually holds.
[SWEEP] CSV:  C:\headroom-bench\results\20260923-152518_5060ti-4o-offsetm300-bgemm64\20260923-152534_5060ti-4o-offsetm300-bgemm64_sweep.csv
[SWEEP] JSON: C:\headroom-bench\results\20260923-152518_5060ti-4o-offsetm300-bgemm64\20260923-152534_5060ti-4o-offsetm300-bgemm64_sweep.json
[SWEEP] ==================================================

[SWEEP] Clock locks do NOT survive a reboot. If anything looks wrong with the card's
[SWEEP] clocks after this, reboot and it returns to stock.

---- HWiNFO log stop ----
Pressing 'Log Stop'...
  button now : 'Log Start'
  size       : 1031327 then 1031327 bytes
  rows       : 506

Logging stopped.

================ RESULT ================
  sweep exit    : 0
  elapsed       : 4.2 min (expected ~10)
  hwinfo log    : 1031327 bytes, 506 rows
  result file   : C:\headroom-bench\results\20260923-152518_5060ti-4o-offsetm300-bgemm64\wrapper-result.json

Run complete and both halves verified.
[15:29:44] Wrapper exit 0 for 5060ti-4o-offsetm300-bgemm64
[15:29:44] Running 5060ti-4o-offsetm300-bgemm128

================ PLAN ================
  label        : 5060ti-4o-offsetm300-bgemm128
  workload     : bgemm128
  band         : 1237-3090 MHz, 13 points
  iterations   : 2467
  output dir   : C:\headroom-bench\results\20260923-152944_5060ti-4o-offsetm300-bgemm128
  hwinfo log   : C:\headroom-bench\results\20260923-152944_5060ti-4o-offsetm300-bgemm128\5060ti-4o-offsetm300-bgemm128-hwinfo.csv
  expected     : ~10 min
  applied      : 4o offset ladder, registered section 7, suite offsetm300. Stock Profile 3 verified under load at 13801 MHz. NVML P0 graphics offset -300 MHz, verified by read-back before sweep. 13-point ascending 1237-3090 MHz grid, HWiNFO SensorInterval 500. Iterations 2467 from 5060ti-stock-repro-20260922. No Afterburner profile applied after the offset.

---- preflight ----
  power limit : 180.00 W, 180.00 W
  pmon sm     : mean 0%, peak 0% across 4 sample(s)
  pmon        : idle enough to proceed

---- HWiNFO log start ----

Pressing 'Log Start' (async - it opens a modal dialog)...
Setting the filename, with the change notification the dialog needs...

  button now : 'Log Stop'
  file       : C:\headroom-bench\results\20260923-152944_5060ti-4o-offsetm300-bgemm128\5060ti-4o-offsetm300-bgemm128-hwinfo.csv
  size       : 24196 then 39743 bytes

Logging is running and the file is growing.

---- sweep ----
  workload cmd: C:\Users\Raymond\AppData\Local\Programs\Python\Python312\python.exe C:\Users\Raymond\Documents\headroom\tools\frequency-sweep\gpu_workload.py --workload bgemm128 --json --iterations 2467

[SWEEP] GPU:        NVIDIA GeForce RTX 5060 Ti (driver 616.92)
[SWEEP] Max clock:  3090 MHz | power limit 180.00 W enforced (180.00 W default, 200.00 W max)
[SWEEP] Supported:  389 discrete graphics clocks, 180-3090 MHz
[SWEEP] Sweep band:  1237-3090 MHz (explicit) - FINE sweep, ~154 MHz apart. Not a full-range curve.
[SWEEP] Testing:    13 frequencies -> 1237, 1395, 1545, 1702, 1852, 2010, 2167, 2317, 2475, 2625, 2782, 2932, 3090 MHz
[SWEEP] Workload:   C:\Users\Raymond\AppData\Local\Programs\Python\Python312\python.exe C:\Users\Raymond\Documents\headroom\tools\frequency-sweep\gpu_workload.py --workload bgemm128 --json --iterations 2467   (timed; duration is the performance metric)
[SWEEP] Estimated:  ~6.1 min of measurement (plus workload time if any)

[SWEEP] Configuration: 4o offset ladder, registered section 7, suite offsetm300. Stock Profile 3 verified under load at 13801 MHz. NVML P0 graphics offset -300 MHz, verified by read-back before sweep. 13-point ascending 1237-3090 MHz grid, HWiNFO SensorInterval 500. Iterations 2467 from 5060ti-stock-repro-20260922. No Afterburner profile applied after the offset.

[SWEEP] Checking the GPU is quiet before starting...
[SWEEP] Video engines idle (encoder 0%, decoder 0%).
[SWEEP] Free VRAM 15440 MB - clear to start.
[SWEEP] Baseline utilisation 0% - clear to start.
[SWEEP] No interactive console - Ctrl+C interception unavailable. The finally block still resets clocks.
[SWEEP] NOTE: QuickEdit could not be disabled (likely no interactive console). If this window is interactive, DO NOT CLICK IN IT - a click freezes the run.
[SWEEP] --> locking 1237 MHz
[SWEEP]      1237 MHz -> achieved   1230 MHz (held),  67.95 W [28 in-window of 31], 46.6 C, util 96.6%
[SWEEP] --> locking 1395 MHz
[SWEEP]      1395 MHz -> achieved   1387 MHz (held),  80.03 W [25 in-window of 28], 47.8 C, util 93.6%
[SWEEP] --> locking 1545 MHz
[SWEEP]      1545 MHz -> achieved   1537 MHz (held),  91.83 W [22 in-window of 26], 49.8 C, util 96.8%
[SWEEP] --> locking 1702 MHz
[SWEEP]      1702 MHz -> achieved   1695 MHz (held), 105.58 W [20 in-window of 24], 51.7 C, util 96.2%
[SWEEP] --> locking 1852 MHz
[SWEEP]      1852 MHz -> achieved 1844.2 MHz (held), 109.83 W [19 in-window of 22], 52.8 C, util 94.8%
[SWEEP] --> locking 2010 MHz
[SWEEP]      2010 MHz -> achieved   2002 MHz (held), 128.46 W [17 in-window of 21], 55.1 C, util 92.8%
[SWEEP] --> locking 2167 MHz
[SWEEP]      2167 MHz -> achieved   2160 MHz (held), 143.38 W [16 in-window of 20], 58.1 C, util 93.8%
[SWEEP] --> locking 2317 MHz
[SWEEP]      2317 MHz -> achieved 2250.3 MHz (UNDERSHOT -66.7), 158.17 W [15 in-window of 19], 60.3 C, util 93.6%
[SWEEP] --> locking 2475 MHz
[SWEEP]      2475 MHz -> achieved 2264.8 MHz (UNDERSHOT -210.2), 160.17 W [16 in-window of 19], 60.9 C, util 94.9%
[SWEEP] --> locking 2625 MHz
[SWEEP]      2625 MHz -> achieved 2249.4 MHz (UNDERSHOT -375.6), 162.46 W [16 in-window of 19], 61.6 C, util 96.3%
[SWEEP] --> locking 2782 MHz
[SWEEP]      2782 MHz -> achieved 2241.8 MHz (UNDERSHOT -540.2), 163.05 W [16 in-window of 19], 61.6 C, util 93.8%
[SWEEP] --> locking 2932 MHz
[SWEEP]      2932 MHz -> achieved 2253.4 MHz (UNDERSHOT -678.6), 160.54 W [16 in-window of 19], 61.4 C, util 95.1%
[SWEEP] --> locking 3090 MHz
[SWEEP]      3090 MHz -> achieved 2254.1 MHz (UNDERSHOT -835.9), 160.98 W [16 in-window of 19],  62 C, util 95.4%

[SWEEP] Resetting GPU clocks...
[SWEEP] Clocks reset. Card is now reporting 2460 MHz at idle/load.

[SWEEP] ===================== RESULT =====================
[SWEEP] Measured 13 of 13 planned frequencies.
[SWEEP] Configuration: 4o offset ladder, registered section 7, suite offsetm300. Stock Profile 3 verified under load at 13801 MHz. NVML P0 graphics offset -300 MHz, verified by read-back before sweep. 13-point ascending 1237-3090 MHz grid, HWiNFO SensorInterval 500. Iterations 2467 from 5060ti-stock-repro-20260922. No Afterburner profile applied after the offset.
[SWEEP] NOTE: 6 point(s) ran BELOW their target by more than 30 MHz.
[SWEEP] The card could not sustain the requested clock - power or thermal limits. Expected
[SWEEP] at the top of the range, where max boost is a bin the card never actually holds.
[SWEEP] CSV:  C:\headroom-bench\results\20260923-152944_5060ti-4o-offsetm300-bgemm128\20260923-153001_5060ti-4o-offsetm300-bgemm128_sweep.csv
[SWEEP] JSON: C:\headroom-bench\results\20260923-152944_5060ti-4o-offsetm300-bgemm128\20260923-153001_5060ti-4o-offsetm300-bgemm128_sweep.json
[SWEEP] ==================================================

[SWEEP] Clock locks do NOT survive a reboot. If anything looks wrong with the card's
[SWEEP] clocks after this, reboot and it returns to stock.

---- HWiNFO log stop ----
Pressing 'Log Stop'...
  button now : 'Log Start'
  size       : 1115176 then 1115176 bytes
  rows       : 548

Logging stopped.

================ RESULT ================
  sweep exit    : 0
  elapsed       : 4.6 min (expected ~10)
  hwinfo log    : 1115176 bytes, 548 rows
  result file   : C:\headroom-bench\results\20260923-152944_5060ti-4o-offsetm300-bgemm128\wrapper-result.json

Run complete and both halves verified.
[15:34:31] Wrapper exit 0 for 5060ti-4o-offsetm300-bgemm128
[15:34:31] Running 5060ti-4o-offsetm300-bgemm256

================ PLAN ================
  label        : 5060ti-4o-offsetm300-bgemm256
  workload     : bgemm256
  band         : 1237-3090 MHz, 13 points
  iterations   : 1579
  output dir   : C:\headroom-bench\results\20260923-153432_5060ti-4o-offsetm300-bgemm256
  hwinfo log   : C:\headroom-bench\results\20260923-153432_5060ti-4o-offsetm300-bgemm256\5060ti-4o-offsetm300-bgemm256-hwinfo.csv
  expected     : ~10 min
  applied      : 4o offset ladder, registered section 7, suite offsetm300. Stock Profile 3 verified under load at 13801 MHz. NVML P0 graphics offset -300 MHz, verified by read-back before sweep. 13-point ascending 1237-3090 MHz grid, HWiNFO SensorInterval 500. Iterations 1579 from 5060ti-stock-repro-20260922. No Afterburner profile applied after the offset.

---- preflight ----
  power limit : 180.00 W, 180.00 W
  pmon sm     : mean 0%, peak 0% across 4 sample(s)
  pmon        : idle enough to proceed

---- HWiNFO log start ----

Pressing 'Log Start' (async - it opens a modal dialog)...
Setting the filename, with the change notification the dialog needs...

  button now : 'Log Stop'
  file       : C:\headroom-bench\results\20260923-153432_5060ti-4o-offsetm300-bgemm256\5060ti-4o-offsetm300-bgemm256-hwinfo.csv
  size       : 24186 then 39767 bytes

Logging is running and the file is growing.

---- sweep ----
  workload cmd: C:\Users\Raymond\AppData\Local\Programs\Python\Python312\python.exe C:\Users\Raymond\Documents\headroom\tools\frequency-sweep\gpu_workload.py --workload bgemm256 --json --iterations 1579

[SWEEP] GPU:        NVIDIA GeForce RTX 5060 Ti (driver 616.92)
[SWEEP] Max clock:  3090 MHz | power limit 180.00 W enforced (180.00 W default, 200.00 W max)
[SWEEP] Supported:  389 discrete graphics clocks, 180-3090 MHz
[SWEEP] Sweep band:  1237-3090 MHz (explicit) - FINE sweep, ~154 MHz apart. Not a full-range curve.
[SWEEP] Testing:    13 frequencies -> 1237, 1395, 1545, 1702, 1852, 2010, 2167, 2317, 2475, 2625, 2782, 2932, 3090 MHz
[SWEEP] Workload:   C:\Users\Raymond\AppData\Local\Programs\Python\Python312\python.exe C:\Users\Raymond\Documents\headroom\tools\frequency-sweep\gpu_workload.py --workload bgemm256 --json --iterations 1579   (timed; duration is the performance metric)
[SWEEP] Estimated:  ~6.1 min of measurement (plus workload time if any)

[SWEEP] Configuration: 4o offset ladder, registered section 7, suite offsetm300. Stock Profile 3 verified under load at 13801 MHz. NVML P0 graphics offset -300 MHz, verified by read-back before sweep. 13-point ascending 1237-3090 MHz grid, HWiNFO SensorInterval 500. Iterations 1579 from 5060ti-stock-repro-20260922. No Afterburner profile applied after the offset.

[SWEEP] Checking the GPU is quiet before starting...
[SWEEP] Video engines idle (encoder 0%, decoder 0%).
[SWEEP] Free VRAM 15440 MB - clear to start.
[SWEEP] Baseline utilisation 0% - clear to start.
[SWEEP] No interactive console - Ctrl+C interception unavailable. The finally block still resets clocks.
[SWEEP] NOTE: QuickEdit could not be disabled (likely no interactive console). If this window is interactive, DO NOT CLICK IN IT - a click freezes the run.
[SWEEP] --> locking 1237 MHz
[SWEEP]      1237 MHz -> achieved   1230 MHz (held),  63.73 W [34 in-window of 38], 46.6 C, util 97.9%
[SWEEP] --> locking 1395 MHz
[SWEEP]      1395 MHz -> achieved   1387 MHz (held),  74.87 W [30 in-window of 34], 47.6 C, util 95.1%
[SWEEP] --> locking 1545 MHz
[SWEEP]      1545 MHz -> achieved   1537 MHz (held),  83.12 W [27 in-window of 31], 49.1 C, util 94.7%
[SWEEP] --> locking 1702 MHz
[SWEEP]      1702 MHz -> achieved   1695 MHz (held),  99.87 W [25 in-window of 28], 51.7 C, util 95.3%
[SWEEP] --> locking 1852 MHz
[SWEEP]      1852 MHz -> achieved 1844.7 MHz (held), 105.69 W [23 in-window of 27],  53 C, util 98.5%
[SWEEP] --> locking 2010 MHz
[SWEEP]      2010 MHz -> achieved   2002 MHz (held),  119.7 W [21 in-window of 24], 54.9 C, util 92.8%
[SWEEP] --> locking 2167 MHz
[SWEEP]      2167 MHz -> achieved   2160 MHz (held), 142.78 W [19 in-window of 23], 58.4 C, util 95.2%
[SWEEP] --> locking 2317 MHz
[SWEEP]      2317 MHz -> achieved 2306.2 MHz (held), 166.74 W [18 in-window of 22], 63.1 C, util 97.1%
[SWEEP] --> locking 2475 MHz
[SWEEP]      2475 MHz -> achieved 2326.9 MHz (UNDERSHOT -148.1), 166.69 W [18 in-window of 22],  63 C, util 95.6%
[SWEEP] --> locking 2625 MHz
[SWEEP]      2625 MHz -> achieved 2321.5 MHz (UNDERSHOT -303.5), 165.17 W [18 in-window of 22], 63.5 C, util 95.6%
[SWEEP] --> locking 2782 MHz
[SWEEP]      2782 MHz -> achieved 2316.6 MHz (UNDERSHOT -465.4), 165.17 W [18 in-window of 22], 63.8 C, util 94.9%
[SWEEP] --> locking 2932 MHz
[SWEEP]      2932 MHz -> achieved   2319 MHz (UNDERSHOT -613), 164.15 W [18 in-window of 22], 63.8 C, util 94.4%
[SWEEP] --> locking 3090 MHz
[SWEEP]      3090 MHz -> achieved 2314.8 MHz (UNDERSHOT -775.2), 164.36 W [18 in-window of 22], 64.1 C, util 94.5%

[SWEEP] Resetting GPU clocks...
[SWEEP] Clocks reset. Card is now reporting 2452 MHz at idle/load.

[SWEEP] ===================== RESULT =====================
[SWEEP] Measured 13 of 13 planned frequencies.
[SWEEP] Configuration: 4o offset ladder, registered section 7, suite offsetm300. Stock Profile 3 verified under load at 13801 MHz. NVML P0 graphics offset -300 MHz, verified by read-back before sweep. 13-point ascending 1237-3090 MHz grid, HWiNFO SensorInterval 500. Iterations 1579 from 5060ti-stock-repro-20260922. No Afterburner profile applied after the offset.
[SWEEP] NOTE: 5 point(s) ran BELOW their target by more than 30 MHz.
[SWEEP] The card could not sustain the requested clock - power or thermal limits. Expected
[SWEEP] at the top of the range, where max boost is a bin the card never actually holds.
[SWEEP] CSV:  C:\headroom-bench\results\20260923-153432_5060ti-4o-offsetm300-bgemm256\20260923-153448_5060ti-4o-offsetm300-bgemm256_sweep.csv
[SWEEP] JSON: C:\headroom-bench\results\20260923-153432_5060ti-4o-offsetm300-bgemm256\20260923-153448_5060ti-4o-offsetm300-bgemm256_sweep.json
[SWEEP] ==================================================

[SWEEP] Clock locks do NOT survive a reboot. If anything looks wrong with the card's
[SWEEP] clocks after this, reboot and it returns to stock.

---- HWiNFO log stop ----
Pressing 'Log Stop'...
  button now : 'Log Start'
  size       : 1224440 then 1224440 bytes
  rows       : 603

Logging stopped.

================ RESULT ================
  sweep exit    : 0
  elapsed       : 5.1 min (expected ~10)
  hwinfo log    : 1224440 bytes, 603 rows
  result file   : C:\headroom-bench\results\20260923-153432_5060ti-4o-offsetm300-bgemm256\wrapper-result.json

Run complete and both halves verified.
[15:39:47] Wrapper exit 0 for 5060ti-4o-offsetm300-bgemm256
[15:39:47] Running 5060ti-4o-offsetm300-bgemm1024

================ PLAN ================
  label        : 5060ti-4o-offsetm300-bgemm1024
  workload     : bgemm1024
  band         : 1237-3090 MHz, 13 points
  iterations   : 414
  output dir   : C:\headroom-bench\results\20260923-153947_5060ti-4o-offsetm300-bgemm1024
  hwinfo log   : C:\headroom-bench\results\20260923-153947_5060ti-4o-offsetm300-bgemm1024\5060ti-4o-offsetm300-bgemm1024-hwinfo.csv
  expected     : ~10 min
  applied      : 4o offset ladder, registered section 7, suite offsetm300. Stock Profile 3 verified under load at 13801 MHz. NVML P0 graphics offset -300 MHz, verified by read-back before sweep. 13-point ascending 1237-3090 MHz grid, HWiNFO SensorInterval 500. Iterations 414 from 5060ti-stock-repro-20260922. No Afterburner profile applied after the offset.

---- preflight ----
  power limit : 180.00 W, 180.00 W
  pmon sm     : mean 0%, peak 0% across 4 sample(s)
  pmon        : idle enough to proceed

---- HWiNFO log start ----

Pressing 'Log Start' (async - it opens a modal dialog)...
Setting the filename, with the change notification the dialog needs...

  button now : 'Log Stop'
  file       : C:\headroom-bench\results\20260923-153947_5060ti-4o-offsetm300-bgemm1024\5060ti-4o-offsetm300-bgemm1024-hwinfo.csv
  size       : 22241 then 37817 bytes

Logging is running and the file is growing.

---- sweep ----
  workload cmd: C:\Users\Raymond\AppData\Local\Programs\Python\Python312\python.exe C:\Users\Raymond\Documents\headroom\tools\frequency-sweep\gpu_workload.py --workload bgemm1024 --json --iterations 414

[SWEEP] GPU:        NVIDIA GeForce RTX 5060 Ti (driver 616.92)
[SWEEP] Max clock:  3090 MHz | power limit 180.00 W enforced (180.00 W default, 200.00 W max)
[SWEEP] Supported:  389 discrete graphics clocks, 180-3090 MHz
[SWEEP] Sweep band:  1237-3090 MHz (explicit) - FINE sweep, ~154 MHz apart. Not a full-range curve.
[SWEEP] Testing:    13 frequencies -> 1237, 1395, 1545, 1702, 1852, 2010, 2167, 2317, 2475, 2625, 2782, 2932, 3090 MHz
[SWEEP] Workload:   C:\Users\Raymond\AppData\Local\Programs\Python\Python312\python.exe C:\Users\Raymond\Documents\headroom\tools\frequency-sweep\gpu_workload.py --workload bgemm1024 --json --iterations 414   (timed; duration is the performance metric)
[SWEEP] Estimated:  ~6.1 min of measurement (plus workload time if any)

[SWEEP] Configuration: 4o offset ladder, registered section 7, suite offsetm300. Stock Profile 3 verified under load at 13801 MHz. NVML P0 graphics offset -300 MHz, verified by read-back before sweep. 13-point ascending 1237-3090 MHz grid, HWiNFO SensorInterval 500. Iterations 414 from 5060ti-stock-repro-20260922. No Afterburner profile applied after the offset.

[SWEEP] Checking the GPU is quiet before starting...
[SWEEP] Video engines idle (encoder 0%, decoder 0%).
[SWEEP] Free VRAM 15440 MB - clear to start.
[SWEEP] Baseline utilisation 0% - clear to start.
[SWEEP] No interactive console - Ctrl+C interception unavailable. The finally block still resets clocks.
[SWEEP] NOTE: QuickEdit could not be disabled (likely no interactive console). If this window is interactive, DO NOT CLICK IN IT - a click freezes the run.
[SWEEP] --> locking 1237 MHz
[SWEEP]      1237 MHz -> achieved   1230 MHz (held),  51.44 W [34 in-window of 38], 46.6 C, util 95.4%
[SWEEP] --> locking 1395 MHz
[SWEEP]      1395 MHz -> achieved   1387 MHz (held),  62.69 W [31 in-window of 34], 47.5 C, util 98.2%
[SWEEP] --> locking 1545 MHz
[SWEEP]      1545 MHz -> achieved   1537 MHz (held),   72.5 W [28 in-window of 31], 48.6 C, util 97.5%
[SWEEP] --> locking 1702 MHz
[SWEEP]      1702 MHz -> achieved   1695 MHz (held),  86.96 W [25 in-window of 29], 50.8 C, util 98.7%
[SWEEP] --> locking 1852 MHz
[SWEEP]      1852 MHz -> achieved 1844.3 MHz (held),   89.1 W [23 in-window of 27], 51.4 C, util 92.7%
[SWEEP] --> locking 2010 MHz
[SWEEP]      2010 MHz -> achieved   2002 MHz (held), 104.94 W [21 in-window of 25],  54 C, util 95.9%
[SWEEP] --> locking 2167 MHz
[SWEEP]      2167 MHz -> achieved   2160 MHz (held), 122.67 W [20 in-window of 23], 56.6 C, util 92.2%
[SWEEP] --> locking 2317 MHz
[SWEEP]      2317 MHz -> achieved   2310 MHz (held), 146.55 W [18 in-window of 22], 60.8 C, util 90.5%
[SWEEP] --> locking 2475 MHz
[SWEEP]      2475 MHz -> achieved 2393.1 MHz (UNDERSHOT -81.9), 164.25 W [18 in-window of 21], 64.1 C, util 91.8%
[SWEEP] --> locking 2625 MHz
[SWEEP]      2625 MHz -> achieved 2390.6 MHz (UNDERSHOT -234.4), 164.14 W [18 in-window of 21], 64.9 C, util 91.6%
[SWEEP] --> locking 2782 MHz
[SWEEP]      2782 MHz -> achieved 2386.1 MHz (UNDERSHOT -395.9), 168.11 W [18 in-window of 21], 65.2 C, util 92.9%
[SWEEP] --> locking 2932 MHz
[SWEEP]      2932 MHz -> achieved 2391.9 MHz (UNDERSHOT -540.1), 164.35 W [18 in-window of 21], 65.6 C, util 92.1%
[SWEEP] --> locking 3090 MHz
[SWEEP]      3090 MHz -> achieved 2387.3 MHz (UNDERSHOT -702.7), 164.73 W [18 in-window of 21], 65.6 C, util 92.4%

[SWEEP] Resetting GPU clocks...
[SWEEP] Clocks reset. Card is now reporting 2452 MHz at idle/load.

[SWEEP] ===================== RESULT =====================
[SWEEP] Measured 13 of 13 planned frequencies.
[SWEEP] Configuration: 4o offset ladder, registered section 7, suite offsetm300. Stock Profile 3 verified under load at 13801 MHz. NVML P0 graphics offset -300 MHz, verified by read-back before sweep. 13-point ascending 1237-3090 MHz grid, HWiNFO SensorInterval 500. Iterations 414 from 5060ti-stock-repro-20260922. No Afterburner profile applied after the offset.
[SWEEP] NOTE: 5 point(s) ran BELOW their target by more than 30 MHz.
[SWEEP] The card could not sustain the requested clock - power or thermal limits. Expected
[SWEEP] at the top of the range, where max boost is a bin the card never actually holds.
[SWEEP] CSV:  C:\headroom-bench\results\20260923-153947_5060ti-4o-offsetm300-bgemm1024\20260923-154004_5060ti-4o-offsetm300-bgemm1024_sweep.csv
[SWEEP] JSON: C:\headroom-bench\results\20260923-153947_5060ti-4o-offsetm300-bgemm1024\20260923-154004_5060ti-4o-offsetm300-bgemm1024_sweep.json
[SWEEP] ==================================================

[SWEEP] Clock locks do NOT survive a reboot. If anything looks wrong with the card's
[SWEEP] clocks after this, reboot and it returns to stock.

---- HWiNFO log stop ----
Pressing 'Log Stop'...
  button now : 'Log Start'
  size       : 1216465 then 1216465 bytes
  rows       : 599

Logging stopped.

================ RESULT ================
  sweep exit    : 0
  elapsed       : 5 min (expected ~10)
  hwinfo log    : 1216465 bytes, 599 rows
  result file   : C:\headroom-bench\results\20260923-153947_5060ti-4o-offsetm300-bgemm1024\wrapper-result.json

Run complete and both halves verified.
[15:45:00] Wrapper exit 0 for 5060ti-4o-offsetm300-bgemm1024
[15:45:00] Running 5060ti-4o-offsetm300-attention

================ PLAN ================
  label        : 5060ti-4o-offsetm300-attention
  workload     : attention
  band         : 1237-3090 MHz, 13 points
  iterations   : 147
  output dir   : C:\headroom-bench\results\20260923-154500_5060ti-4o-offsetm300-attention
  hwinfo log   : C:\headroom-bench\results\20260923-154500_5060ti-4o-offsetm300-attention\5060ti-4o-offsetm300-attention-hwinfo.csv
  expected     : ~10 min
  applied      : 4o offset ladder, registered section 7, suite offsetm300. Stock Profile 3 verified under load at 13801 MHz. NVML P0 graphics offset -300 MHz, verified by read-back before sweep. 13-point ascending 1237-3090 MHz grid, HWiNFO SensorInterval 500. Iterations 147 from 5060ti-stock-repro-20260922. No Afterburner profile applied after the offset.

---- preflight ----
  power limit : 180.00 W, 180.00 W
  pmon sm     : mean 0%, peak 0% across 4 sample(s)
  pmon        : idle enough to proceed

---- HWiNFO log start ----

Pressing 'Log Start' (async - it opens a modal dialog)...
Setting the filename, with the change notification the dialog needs...

  button now : 'Log Stop'
  file       : C:\headroom-bench\results\20260923-154500_5060ti-4o-offsetm300-attention\5060ti-4o-offsetm300-attention-hwinfo.csv
  size       : 22228 then 37787 bytes

Logging is running and the file is growing.

---- sweep ----
  workload cmd: C:\Users\Raymond\AppData\Local\Programs\Python\Python312\python.exe C:\Users\Raymond\Documents\headroom\tools\frequency-sweep\gpu_workload.py --workload attention --json --iterations 147

[SWEEP] GPU:        NVIDIA GeForce RTX 5060 Ti (driver 616.92)
[SWEEP] Max clock:  3090 MHz | power limit 180.00 W enforced (180.00 W default, 200.00 W max)
[SWEEP] Supported:  389 discrete graphics clocks, 180-3090 MHz
[SWEEP] Sweep band:  1237-3090 MHz (explicit) - FINE sweep, ~154 MHz apart. Not a full-range curve.
[SWEEP] Testing:    13 frequencies -> 1237, 1395, 1545, 1702, 1852, 2010, 2167, 2317, 2475, 2625, 2782, 2932, 3090 MHz
[SWEEP] Workload:   C:\Users\Raymond\AppData\Local\Programs\Python\Python312\python.exe C:\Users\Raymond\Documents\headroom\tools\frequency-sweep\gpu_workload.py --workload attention --json --iterations 147   (timed; duration is the performance metric)
[SWEEP] Estimated:  ~6.1 min of measurement (plus workload time if any)

[SWEEP] Configuration: 4o offset ladder, registered section 7, suite offsetm300. Stock Profile 3 verified under load at 13801 MHz. NVML P0 graphics offset -300 MHz, verified by read-back before sweep. 13-point ascending 1237-3090 MHz grid, HWiNFO SensorInterval 500. Iterations 147 from 5060ti-stock-repro-20260922. No Afterburner profile applied after the offset.

[SWEEP] Checking the GPU is quiet before starting...
[SWEEP] Video engines idle (encoder 0%, decoder 0%).
[SWEEP] Free VRAM 15440 MB - clear to start.
[SWEEP] Baseline utilisation 0% - clear to start.
[SWEEP] No interactive console - Ctrl+C interception unavailable. The finally block still resets clocks.
[SWEEP] NOTE: QuickEdit could not be disabled (likely no interactive console). If this window is interactive, DO NOT CLICK IN IT - a click freezes the run.
[SWEEP] --> locking 1237 MHz
[SWEEP]      1237 MHz -> achieved   1230 MHz (held),  35.61 W [33 in-window of 38],  44 C, util 98.2%
[SWEEP] --> locking 1395 MHz
[SWEEP]      1395 MHz -> achieved   1387 MHz (held),  41.56 W [29 in-window of 34],  44 C, util 98.9%
[SWEEP] --> locking 1545 MHz
[SWEEP]      1545 MHz -> achieved   1537 MHz (held),  47.45 W [26 in-window of 31], 44.8 C, util  99%
[SWEEP] --> locking 1702 MHz
[SWEEP]      1702 MHz -> achieved   1695 MHz (held),  57.33 W [24 in-window of 28], 45.8 C, util 98.8%
[SWEEP] --> locking 1852 MHz
[SWEEP]      1852 MHz -> achieved 1835.1 MHz (held),  60.19 W [22 in-window of 27], 46.4 C, util 97.9%
[SWEEP] --> locking 2010 MHz
[SWEEP]      2010 MHz -> achieved   2002 MHz (held),  68.32 W [20 in-window of 25], 47.6 C, util 96.7%
[SWEEP] --> locking 2167 MHz
[SWEEP]      2167 MHz -> achieved   2160 MHz (held),   79.7 W [18 in-window of 23], 49.8 C, util 99.3%
[SWEEP] --> locking 2317 MHz
[SWEEP]      2317 MHz -> achieved   2310 MHz (held),   93.8 W [18 in-window of 22], 52.6 C, util 99.3%
[SWEEP] --> locking 2475 MHz
[SWEEP]      2475 MHz -> achieved   2452 MHz (held), 107.24 W [17 in-window of 21], 55.1 C, util 99.3%
[SWEEP] --> locking 2625 MHz
[SWEEP]      2625 MHz -> achieved   2452 MHz (UNDERSHOT -173), 107.62 W [17 in-window of 21], 55.8 C, util 99.3%
[SWEEP] --> locking 2782 MHz
[SWEEP]      2782 MHz -> achieved 2452.5 MHz (UNDERSHOT -329.5), 106.12 W [17 in-window of 21], 55.1 C, util 92.2%
[SWEEP] --> locking 2932 MHz
[SWEEP]      2932 MHz -> achieved 2452.5 MHz (UNDERSHOT -479.5), 104.49 W [17 in-window of 21], 55.9 C, util 94.1%
[SWEEP] --> locking 3090 MHz
[SWEEP]      3090 MHz -> achieved   2452 MHz (UNDERSHOT -638), 108.91 W [16 in-window of 21], 56.8 C, util 98.2%

[SWEEP] Resetting GPU clocks...
[SWEEP] Clocks reset. Card is now reporting 2460 MHz at idle/load.

[SWEEP] ===================== RESULT =====================
[SWEEP] Measured 13 of 13 planned frequencies.
[SWEEP] Configuration: 4o offset ladder, registered section 7, suite offsetm300. Stock Profile 3 verified under load at 13801 MHz. NVML P0 graphics offset -300 MHz, verified by read-back before sweep. 13-point ascending 1237-3090 MHz grid, HWiNFO SensorInterval 500. Iterations 147 from 5060ti-stock-repro-20260922. No Afterburner profile applied after the offset.
[SWEEP] NOTE: 4 point(s) ran BELOW their target by more than 30 MHz.
[SWEEP] The card could not sustain the requested clock - power or thermal limits. Expected
[SWEEP] at the top of the range, where max boost is a bin the card never actually holds.
[SWEEP] CSV:  C:\headroom-bench\results\20260923-154500_5060ti-4o-offsetm300-attention\20260923-154517_5060ti-4o-offsetm300-attention_sweep.csv
[SWEEP] JSON: C:\headroom-bench\results\20260923-154500_5060ti-4o-offsetm300-attention\20260923-154517_5060ti-4o-offsetm300-attention_sweep.json
[SWEEP] ==================================================

[SWEEP] Clock locks do NOT survive a reboot. If anything looks wrong with the card's
[SWEEP] clocks after this, reboot and it returns to stock.

---- HWiNFO log stop ----
Pressing 'Log Stop'...
  button now : 'Log Start'
  size       : 1210555 then 1210555 bytes
  rows       : 597

Logging stopped.

================ RESULT ================
  sweep exit    : 0
  elapsed       : 5 min (expected ~10)
  hwinfo log    : 1210555 bytes, 597 rows
  result file   : C:\headroom-bench\results\20260923-154500_5060ti-4o-offsetm300-attention\wrapper-result.json

Run complete and both halves verified.
[15:50:13] Wrapper exit 0 for 5060ti-4o-offsetm300-attention
[15:50:13] Running 5060ti-4o-offsetm300-conv

================ PLAN ================
  label        : 5060ti-4o-offsetm300-conv
  workload     : conv
  band         : 1237-3090 MHz, 13 points
  iterations   : 151
  output dir   : C:\headroom-bench\results\20260923-155013_5060ti-4o-offsetm300-conv
  hwinfo log   : C:\headroom-bench\results\20260923-155013_5060ti-4o-offsetm300-conv\5060ti-4o-offsetm300-conv-hwinfo.csv
  expected     : ~10 min
  applied      : 4o offset ladder, registered section 7, suite offsetm300. Stock Profile 3 verified under load at 13801 MHz. NVML P0 graphics offset -300 MHz, verified by read-back before sweep. 13-point ascending 1237-3090 MHz grid, HWiNFO SensorInterval 500. Iterations 151 from 5060ti-stock-repro-20260922. No Afterburner profile applied after the offset.

---- preflight ----
  power limit : 180.00 W, 180.00 W
  pmon sm     : mean 0%, peak 0% across 4 sample(s)
  pmon        : idle enough to proceed

---- HWiNFO log start ----

Pressing 'Log Start' (async - it opens a modal dialog)...
Setting the filename, with the change notification the dialog needs...

  button now : 'Log Stop'
  file       : C:\headroom-bench\results\20260923-155013_5060ti-4o-offsetm300-conv\5060ti-4o-offsetm300-conv-hwinfo.csv
  size       : 24202 then 39771 bytes

Logging is running and the file is growing.

---- sweep ----
  workload cmd: C:\Users\Raymond\AppData\Local\Programs\Python\Python312\python.exe C:\Users\Raymond\Documents\headroom\tools\frequency-sweep\gpu_workload.py --workload conv --json --iterations 151

[SWEEP] GPU:        NVIDIA GeForce RTX 5060 Ti (driver 616.92)
[SWEEP] Max clock:  3090 MHz | power limit 180.00 W enforced (180.00 W default, 200.00 W max)
[SWEEP] Supported:  389 discrete graphics clocks, 180-3090 MHz
[SWEEP] Sweep band:  1237-3090 MHz (explicit) - FINE sweep, ~154 MHz apart. Not a full-range curve.
[SWEEP] Testing:    13 frequencies -> 1237, 1395, 1545, 1702, 1852, 2010, 2167, 2317, 2475, 2625, 2782, 2932, 3090 MHz
[SWEEP] Workload:   C:\Users\Raymond\AppData\Local\Programs\Python\Python312\python.exe C:\Users\Raymond\Documents\headroom\tools\frequency-sweep\gpu_workload.py --workload conv --json --iterations 151   (timed; duration is the performance metric)
[SWEEP] Estimated:  ~6.1 min of measurement (plus workload time if any)

[SWEEP] Configuration: 4o offset ladder, registered section 7, suite offsetm300. Stock Profile 3 verified under load at 13801 MHz. NVML P0 graphics offset -300 MHz, verified by read-back before sweep. 13-point ascending 1237-3090 MHz grid, HWiNFO SensorInterval 500. Iterations 151 from 5060ti-stock-repro-20260922. No Afterburner profile applied after the offset.

[SWEEP] Checking the GPU is quiet before starting...
[SWEEP] Video engines idle (encoder 0%, decoder 0%).
[SWEEP] Free VRAM 15440 MB - clear to start.
[SWEEP] Baseline utilisation 0% - clear to start.
[SWEEP] No interactive console - Ctrl+C interception unavailable. The finally block still resets clocks.
[SWEEP] NOTE: QuickEdit could not be disabled (likely no interactive console). If this window is interactive, DO NOT CLICK IN IT - a click freezes the run.
[SWEEP] --> locking 1237 MHz
[SWEEP]      1237 MHz -> achieved   1230 MHz (held),  44.54 W [34 in-window of 39], 43.8 C, util 98.6%
[SWEEP] --> locking 1395 MHz
[SWEEP]      1395 MHz -> achieved   1387 MHz (held),  52.51 W [30 in-window of 35], 44.7 C, util 97.9%
[SWEEP] --> locking 1545 MHz
[SWEEP]      1545 MHz -> achieved   1537 MHz (held),  63.29 W [27 in-window of 31], 46.1 C, util 98.6%
[SWEEP] --> locking 1702 MHz
[SWEEP]      1702 MHz -> achieved   1695 MHz (held),  73.01 W [24 in-window of 29], 47.5 C, util 98.8%
[SWEEP] --> locking 1852 MHz
[SWEEP]      1852 MHz -> achieved 1839.8 MHz (held),   79.4 W [23 in-window of 27], 48.9 C, util 98.3%
[SWEEP] --> locking 2010 MHz
[SWEEP]      2010 MHz -> achieved   2002 MHz (held),  89.69 W [21 in-window of 25],  51 C, util 96.3%
[SWEEP] --> locking 2167 MHz
[SWEEP]      2167 MHz -> achieved   2160 MHz (held), 106.36 W [19 in-window of 24], 53.9 C, util 99.7%
[SWEEP] --> locking 2317 MHz
[SWEEP]      2317 MHz -> achieved   2310 MHz (held),  128.6 W [18 in-window of 22], 57.5 C, util 96.9%
[SWEEP] --> locking 2475 MHz
[SWEEP]      2475 MHz -> achieved 2411.9 MHz (UNDERSHOT -63.1), 148.44 W [17 in-window of 21],  61 C, util 97.9%
[SWEEP] --> locking 2625 MHz
[SWEEP]      2625 MHz -> achieved 2408.8 MHz (UNDERSHOT -216.2), 148.99 W [17 in-window of 21], 61.9 C, util  98%
[SWEEP] --> locking 2782 MHz
[SWEEP]      2782 MHz -> achieved 2409.2 MHz (UNDERSHOT -372.8), 149.91 W [17 in-window of 21], 62.5 C, util 98.2%
[SWEEP] --> locking 2932 MHz
[SWEEP]      2932 MHz -> achieved 2409.6 MHz (UNDERSHOT -522.4), 149.45 W [17 in-window of 21], 62.8 C, util 97.8%
[SWEEP] --> locking 3090 MHz
[SWEEP]      3090 MHz -> achieved 2408.8 MHz (UNDERSHOT -681.2), 150.46 W [17 in-window of 21], 63.1 C, util 98.1%

[SWEEP] Resetting GPU clocks...
[SWEEP] Clocks reset. Card is now reporting 2460 MHz at idle/load.

[SWEEP] ===================== RESULT =====================
[SWEEP] Measured 13 of 13 planned frequencies.
[SWEEP] Configuration: 4o offset ladder, registered section 7, suite offsetm300. Stock Profile 3 verified under load at 13801 MHz. NVML P0 graphics offset -300 MHz, verified by read-back before sweep. 13-point ascending 1237-3090 MHz grid, HWiNFO SensorInterval 500. Iterations 151 from 5060ti-stock-repro-20260922. No Afterburner profile applied after the offset.
[SWEEP] NOTE: 5 point(s) ran BELOW their target by more than 30 MHz.
[SWEEP] The card could not sustain the requested clock - power or thermal limits. Expected
[SWEEP] at the top of the range, where max boost is a bin the card never actually holds.
[SWEEP] CSV:  C:\headroom-bench\results\20260923-155013_5060ti-4o-offsetm300-conv\20260923-155030_5060ti-4o-offsetm300-conv_sweep.csv
[SWEEP] JSON: C:\headroom-bench\results\20260923-155013_5060ti-4o-offsetm300-conv\20260923-155030_5060ti-4o-offsetm300-conv_sweep.json
[SWEEP] ==================================================

[SWEEP] Clock locks do NOT survive a reboot. If anything looks wrong with the card's
[SWEEP] clocks after this, reboot and it returns to stock.

---- HWiNFO log stop ----
Pressing 'Log Stop'...
  button now : 'Log Start'
  size       : 1221860 then 1221860 bytes
  rows       : 602

Logging stopped.

================ RESULT ================
  sweep exit    : 0
  elapsed       : 5.1 min (expected ~10)
  hwinfo log    : 1221860 bytes, 602 rows
  result file   : C:\headroom-bench\results\20260923-155013_5060ti-4o-offsetm300-conv\wrapper-result.json

Run complete and both halves verified.
[15:55:28] Wrapper exit 0 for 5060ti-4o-offsetm300-conv
[15:55:28] Running 5060ti-4o-offsetm300-gemm

================ PLAN ================
  label        : 5060ti-4o-offsetm300-gemm
  workload     : gemm
  band         : 1237-3090 MHz, 13 points
  iterations   : 120
  output dir   : C:\headroom-bench\results\20260923-155529_5060ti-4o-offsetm300-gemm
  hwinfo log   : C:\headroom-bench\results\20260923-155529_5060ti-4o-offsetm300-gemm\5060ti-4o-offsetm300-gemm-hwinfo.csv
  expected     : ~10 min
  applied      : 4o offset ladder, registered section 7, suite offsetm300. Stock Profile 3 verified under load at 13801 MHz. NVML P0 graphics offset -300 MHz, verified by read-back before sweep. 13-point ascending 1237-3090 MHz grid, HWiNFO SensorInterval 500. Iterations 120 from 5060ti-stock-repro-20260922. No Afterburner profile applied after the offset.

---- preflight ----
  power limit : 180.00 W, 180.00 W
  pmon sm     : mean 0%, peak 0% across 4 sample(s)
  pmon        : idle enough to proceed

---- HWiNFO log start ----

Pressing 'Log Start' (async - it opens a modal dialog)...
Setting the filename, with the change notification the dialog needs...

  button now : 'Log Stop'
  file       : C:\headroom-bench\results\20260923-155529_5060ti-4o-offsetm300-gemm\5060ti-4o-offsetm300-gemm-hwinfo.csv
  size       : 22246 then 37819 bytes

Logging is running and the file is growing.

---- sweep ----
  workload cmd: C:\Users\Raymond\AppData\Local\Programs\Python\Python312\python.exe C:\Users\Raymond\Documents\headroom\tools\frequency-sweep\gpu_workload.py --workload gemm --json --iterations 120

[SWEEP] GPU:        NVIDIA GeForce RTX 5060 Ti (driver 616.92)
[SWEEP] Max clock:  3090 MHz | power limit 180.00 W enforced (180.00 W default, 200.00 W max)
[SWEEP] Supported:  389 discrete graphics clocks, 180-3090 MHz
[SWEEP] Sweep band:  1237-3090 MHz (explicit) - FINE sweep, ~154 MHz apart. Not a full-range curve.
[SWEEP] Testing:    13 frequencies -> 1237, 1395, 1545, 1702, 1852, 2010, 2167, 2317, 2475, 2625, 2782, 2932, 3090 MHz
[SWEEP] Workload:   C:\Users\Raymond\AppData\Local\Programs\Python\Python312\python.exe C:\Users\Raymond\Documents\headroom\tools\frequency-sweep\gpu_workload.py --workload gemm --json --iterations 120   (timed; duration is the performance metric)
[SWEEP] Estimated:  ~6.1 min of measurement (plus workload time if any)

[SWEEP] Configuration: 4o offset ladder, registered section 7, suite offsetm300. Stock Profile 3 verified under load at 13801 MHz. NVML P0 graphics offset -300 MHz, verified by read-back before sweep. 13-point ascending 1237-3090 MHz grid, HWiNFO SensorInterval 500. Iterations 120 from 5060ti-stock-repro-20260922. No Afterburner profile applied after the offset.

[SWEEP] Checking the GPU is quiet before starting...
[SWEEP] Video engines idle (encoder 0%, decoder 0%).
[SWEEP] Free VRAM 15440 MB - clear to start.
[SWEEP] Baseline utilisation 0% - clear to start.
[SWEEP] No interactive console - Ctrl+C interception unavailable. The finally block still resets clocks.
[SWEEP] NOTE: QuickEdit could not be disabled (likely no interactive console). If this window is interactive, DO NOT CLICK IN IT - a click freezes the run.
[SWEEP] --> locking 1237 MHz
[SWEEP]      1237 MHz -> achieved   1230 MHz (held),  63.23 W [30 in-window of 34], 46.7 C, util 98.9%
[SWEEP] --> locking 1395 MHz
[SWEEP]      1395 MHz -> achieved   1387 MHz (held),  75.82 W [26 in-window of 31], 48.2 C, util 98.8%
[SWEEP] --> locking 1545 MHz
[SWEEP]      1545 MHz -> achieved   1537 MHz (held),  88.89 W [24 in-window of 28], 49.9 C, util 96.8%
[SWEEP] --> locking 1702 MHz
[SWEEP]      1702 MHz -> achieved   1695 MHz (held), 104.23 W [21 in-window of 26], 52.9 C, util 99.4%
[SWEEP] --> locking 1852 MHz
[SWEEP]      1852 MHz -> achieved   1845 MHz (held), 112.79 W [19 in-window of 24], 54.2 C, util 99.5%
[SWEEP] --> locking 2010 MHz
[SWEEP]      2010 MHz -> achieved   2002 MHz (held), 130.26 W [18 in-window of 22], 57.1 C, util 100%
[SWEEP] --> locking 2167 MHz
[SWEEP]      2167 MHz -> achieved   2160 MHz (held), 158.16 W [16 in-window of 21], 61.5 C, util 99.6%
[SWEEP] --> locking 2317 MHz
[SWEEP]      2317 MHz -> achieved 2239.9 MHz (UNDERSHOT -77.1), 176.77 W [16 in-window of 20], 64.9 C, util 100%
[SWEEP] --> locking 2475 MHz
[SWEEP]      2475 MHz -> achieved 2243.2 MHz (UNDERSHOT -231.8),  176.8 W [16 in-window of 20], 64.9 C, util 97.9%
[SWEEP] --> locking 2625 MHz
[SWEEP]      2625 MHz -> achieved 2243.2 MHz (UNDERSHOT -381.8),    172 W [16 in-window of 20], 65.7 C, util 97.6%
[SWEEP] --> locking 2782 MHz
[SWEEP]      2782 MHz -> achieved   2239 MHz (UNDERSHOT -543), 170.86 W [16 in-window of 20], 66.1 C, util 100%
[SWEEP] --> locking 2932 MHz
[SWEEP]      2932 MHz -> achieved 2239.9 MHz (UNDERSHOT -692.1), 172.84 W [16 in-window of 20], 66.2 C, util 99.6%
[SWEEP] --> locking 3090 MHz
[SWEEP]      3090 MHz -> achieved 2238.7 MHz (UNDERSHOT -851.3), 171.87 W [16 in-window of 20], 66.2 C, util 99.1%

[SWEEP] Resetting GPU clocks...
[SWEEP] Clocks reset. Card is now reporting 2452 MHz at idle/load.

[SWEEP] ===================== RESULT =====================
[SWEEP] Measured 13 of 13 planned frequencies.
[SWEEP] Configuration: 4o offset ladder, registered section 7, suite offsetm300. Stock Profile 3 verified under load at 13801 MHz. NVML P0 graphics offset -300 MHz, verified by read-back before sweep. 13-point ascending 1237-3090 MHz grid, HWiNFO SensorInterval 500. Iterations 120 from 5060ti-stock-repro-20260922. No Afterburner profile applied after the offset.
[SWEEP] NOTE: 6 point(s) ran BELOW their target by more than 30 MHz.
[SWEEP] The card could not sustain the requested clock - power or thermal limits. Expected
[SWEEP] at the top of the range, where max boost is a bin the card never actually holds.
[SWEEP] CSV:  C:\headroom-bench\results\20260923-155529_5060ti-4o-offsetm300-gemm\20260923-155545_5060ti-4o-offsetm300-gemm_sweep.csv
[SWEEP] JSON: C:\headroom-bench\results\20260923-155529_5060ti-4o-offsetm300-gemm\20260923-155545_5060ti-4o-offsetm300-gemm_sweep.json
[SWEEP] ==================================================

[SWEEP] Clock locks do NOT survive a reboot. If anything looks wrong with the card's
[SWEEP] clocks after this, reboot and it returns to stock.

---- HWiNFO log stop ----
Pressing 'Log Stop'...
  button now : 'Log Start'
  size       : 1156628 then 1156628 bytes
  rows       : 569

Logging stopped.

================ RESULT ================
  sweep exit    : 0
  elapsed       : 4.8 min (expected ~10)
  hwinfo log    : 1156628 bytes, 569 rows
  result file   : C:\headroom-bench\results\20260923-155529_5060ti-4o-offsetm300-gemm\wrapper-result.json

Run complete and both halves verified.
[16:00:27] Wrapper exit 0 for 5060ti-4o-offsetm300-gemm
[16:00:27] Setting NVML P0 graphics offset to 0 MHz for offset0close.
Current P0 graphics offset: -300 MHz (allowed -1000 to 1000).
Verified by read-back: P0 graphics offset is now 0 MHz.
A read-back proves the driver accepted the value, not what it does to clocks or voltage. The sweep measures that.
[16:00:27] Running 5060ti-4o-offset0close-copy

================ PLAN ================
  label        : 5060ti-4o-offset0close-copy
  workload     : copy
  band         : 1237-3090 MHz, 13 points
  iterations   : 2660
  output dir   : C:\headroom-bench\results\20260923-160027_5060ti-4o-offset0close-copy
  hwinfo log   : C:\headroom-bench\results\20260923-160027_5060ti-4o-offset0close-copy\5060ti-4o-offset0close-copy-hwinfo.csv
  expected     : ~10 min
  applied      : 4o offset ladder, registered section 7, suite offset0close. Stock Profile 3 verified under load at 13801 MHz. NVML P0 graphics offset 0 MHz, verified by read-back before sweep. 13-point ascending 1237-3090 MHz grid, HWiNFO SensorInterval 500. Iterations 2660 from 5060ti-stock-repro-20260922. No Afterburner profile applied after the offset.

---- preflight ----
  power limit : 180.00 W, 180.00 W
  pmon sm     : mean 0%, peak 0% across 4 sample(s)
  pmon        : idle enough to proceed

---- HWiNFO log start ----

Pressing 'Log Start' (async - it opens a modal dialog)...
Setting the filename, with the change notification the dialog needs...

  button now : 'Log Stop'
  file       : C:\headroom-bench\results\20260923-160027_5060ti-4o-offset0close-copy\5060ti-4o-offset0close-copy-hwinfo.csv
  size       : 22277 then 37844 bytes

Logging is running and the file is growing.

---- sweep ----
  workload cmd: C:\Users\Raymond\AppData\Local\Programs\Python\Python312\python.exe C:\Users\Raymond\Documents\headroom\tools\frequency-sweep\gpu_workload.py --workload copy --json --iterations 2660

[SWEEP] GPU:        NVIDIA GeForce RTX 5060 Ti (driver 616.92)
[SWEEP] Max clock:  3090 MHz | power limit 180.00 W enforced (180.00 W default, 200.00 W max)
[SWEEP] Supported:  389 discrete graphics clocks, 180-3090 MHz
[SWEEP] Sweep band:  1237-3090 MHz (explicit) - FINE sweep, ~154 MHz apart. Not a full-range curve.
[SWEEP] Testing:    13 frequencies -> 1237, 1395, 1545, 1702, 1852, 2010, 2167, 2317, 2475, 2625, 2782, 2932, 3090 MHz
[SWEEP] Workload:   C:\Users\Raymond\AppData\Local\Programs\Python\Python312\python.exe C:\Users\Raymond\Documents\headroom\tools\frequency-sweep\gpu_workload.py --workload copy --json --iterations 2660   (timed; duration is the performance metric)
[SWEEP] Estimated:  ~6.1 min of measurement (plus workload time if any)

[SWEEP] Configuration: 4o offset ladder, registered section 7, suite offset0close. Stock Profile 3 verified under load at 13801 MHz. NVML P0 graphics offset 0 MHz, verified by read-back before sweep. 13-point ascending 1237-3090 MHz grid, HWiNFO SensorInterval 500. Iterations 2660 from 5060ti-stock-repro-20260922. No Afterburner profile applied after the offset.

[SWEEP] Checking the GPU is quiet before starting...
[SWEEP] Video engines idle (encoder 0%, decoder 0%).
[SWEEP] Free VRAM 15440 MB - clear to start.
[SWEEP] Baseline utilisation 0% - clear to start.
[SWEEP] No interactive console - Ctrl+C interception unavailable. The finally block still resets clocks.
[SWEEP] NOTE: QuickEdit could not be disabled (likely no interactive console). If this window is interactive, DO NOT CLICK IN IT - a click freezes the run.
[SWEEP] --> locking 1237 MHz
[SWEEP]      1237 MHz -> achieved 1234.7 MHz (held),  52.54 W [18 in-window of 21],  43 C, util 95.1%
[SWEEP] --> locking 1395 MHz
[SWEEP]      1395 MHz -> achieved 1393.6 MHz (held),  53.65 W [17 in-window of 21], 42.4 C, util 96.1%
[SWEEP] --> locking 1545 MHz
[SWEEP]      1545 MHz -> achieved   1537 MHz (held),  54.63 W [16 in-window of 20], 41.9 C, util 94.4%
[SWEEP] --> locking 1702 MHz
[SWEEP]      1702 MHz -> achieved   1695 MHz (held),  58.14 W [16 in-window of 19], 41.9 C, util 94.5%
[SWEEP] --> locking 1852 MHz
[SWEEP]      1852 MHz -> achieved   1845 MHz (held),  60.13 W [16 in-window of 19], 41.8 C, util 93.8%
[SWEEP] --> locking 2010 MHz
[SWEEP]      2010 MHz -> achieved   2002 MHz (held),  63.23 W [16 in-window of 19], 42.4 C, util 94.4%
[SWEEP] --> locking 2167 MHz
[SWEEP]      2167 MHz -> achieved 2152.5 MHz (held),  64.64 W [16 in-window of 19], 42.5 C, util 96.8%
[SWEEP] --> locking 2317 MHz
[SWEEP]      2317 MHz -> achieved   2310 MHz (held),  68.98 W [16 in-window of 19], 42.9 C, util 97.3%
[SWEEP] --> locking 2475 MHz
[SWEEP]      2475 MHz -> achieved   2467 MHz (held),  74.86 W [16 in-window of 19], 43.6 C, util 97.2%
[SWEEP] --> locking 2625 MHz
[SWEEP]      2625 MHz -> achieved   2617 MHz (held),  78.43 W [16 in-window of 20], 44.3 C, util  91%
[SWEEP] --> locking 2782 MHz
[SWEEP]      2782 MHz -> achieved 2753.4 MHz (held),   85.1 W [16 in-window of 19], 45.4 C, util 96.2%
[SWEEP] --> locking 2932 MHz
[SWEEP]      2932 MHz -> achieved 2753.4 MHz (UNDERSHOT -178.6),  86.09 W [16 in-window of 19], 45.6 C, util 97.2%
[SWEEP] --> locking 3090 MHz
[SWEEP]      3090 MHz -> achieved 2752.9 MHz (UNDERSHOT -337.1),  86.85 W [16 in-window of 19],  46 C, util 96.4%

[SWEEP] Resetting GPU clocks...
[SWEEP] Clocks reset. Card is now reporting 2760 MHz at idle/load.

[SWEEP] ===================== RESULT =====================
[SWEEP] Measured 13 of 13 planned frequencies.
[SWEEP] Configuration: 4o offset ladder, registered section 7, suite offset0close. Stock Profile 3 verified under load at 13801 MHz. NVML P0 graphics offset 0 MHz, verified by read-back before sweep. 13-point ascending 1237-3090 MHz grid, HWiNFO SensorInterval 500. Iterations 2660 from 5060ti-stock-repro-20260922. No Afterburner profile applied after the offset.
[SWEEP] NOTE: 2 point(s) ran BELOW their target by more than 30 MHz.
[SWEEP] The card could not sustain the requested clock - power or thermal limits. Expected
[SWEEP] at the top of the range, where max boost is a bin the card never actually holds.
[SWEEP] CSV:  C:\headroom-bench\results\20260923-160027_5060ti-4o-offset0close-copy\20260923-160044_5060ti-4o-offset0close-copy_sweep.csv
[SWEEP] JSON: C:\headroom-bench\results\20260923-160027_5060ti-4o-offset0close-copy\20260923-160044_5060ti-4o-offset0close-copy_sweep.json
[SWEEP] ==================================================

[SWEEP] Clock locks do NOT survive a reboot. If anything looks wrong with the card's
[SWEEP] clocks after this, reboot and it returns to stock.

---- HWiNFO log stop ----
Pressing 'Log Stop'...
  button now : 'Log Start'
  size       : 1039330 then 1039330 bytes
  rows       : 511

Logging stopped.

================ RESULT ================
  sweep exit    : 0
  elapsed       : 4.3 min (expected ~10)
  hwinfo log    : 1039330 bytes, 511 rows
  result file   : C:\headroom-bench\results\20260923-160027_5060ti-4o-offset0close-copy\wrapper-result.json

Run complete and both halves verified.
[16:04:56] Wrapper exit 0 for 5060ti-4o-offset0close-copy
[16:04:56] Running 5060ti-4o-offset0close-reduce

================ PLAN ================
  label        : 5060ti-4o-offset0close-reduce
  workload     : reduce
  band         : 1237-3090 MHz, 13 points
  iterations   : 2870
  output dir   : C:\headroom-bench\results\20260923-160457_5060ti-4o-offset0close-reduce
  hwinfo log   : C:\headroom-bench\results\20260923-160457_5060ti-4o-offset0close-reduce\5060ti-4o-offset0close-reduce-hwinfo.csv
  expected     : ~10 min
  applied      : 4o offset ladder, registered section 7, suite offset0close. Stock Profile 3 verified under load at 13801 MHz. NVML P0 graphics offset 0 MHz, verified by read-back before sweep. 13-point ascending 1237-3090 MHz grid, HWiNFO SensorInterval 500. Iterations 2870 from 5060ti-stock-repro-20260922. No Afterburner profile applied after the offset.

---- preflight ----
  power limit : 180.00 W, 180.00 W
  pmon sm     : mean 0%, peak 0% across 4 sample(s)
  pmon        : idle enough to proceed

---- HWiNFO log start ----

Pressing 'Log Start' (async - it opens a modal dialog)...
Setting the filename, with the change notification the dialog needs...

  button now : 'Log Stop'
  file       : C:\headroom-bench\results\20260923-160457_5060ti-4o-offset0close-reduce\5060ti-4o-offset0close-reduce-hwinfo.csv
  size       : 24174 then 37756 bytes

Logging is running and the file is growing.

---- sweep ----
  workload cmd: C:\Users\Raymond\AppData\Local\Programs\Python\Python312\python.exe C:\Users\Raymond\Documents\headroom\tools\frequency-sweep\gpu_workload.py --workload reduce --json --iterations 2870

[SWEEP] GPU:        NVIDIA GeForce RTX 5060 Ti (driver 616.92)
[SWEEP] Max clock:  3090 MHz | power limit 180.00 W enforced (180.00 W default, 200.00 W max)
[SWEEP] Supported:  389 discrete graphics clocks, 180-3090 MHz
[SWEEP] Sweep band:  1237-3090 MHz (explicit) - FINE sweep, ~154 MHz apart. Not a full-range curve.
[SWEEP] Testing:    13 frequencies -> 1237, 1395, 1545, 1702, 1852, 2010, 2167, 2317, 2475, 2625, 2782, 2932, 3090 MHz
[SWEEP] Workload:   C:\Users\Raymond\AppData\Local\Programs\Python\Python312\python.exe C:\Users\Raymond\Documents\headroom\tools\frequency-sweep\gpu_workload.py --workload reduce --json --iterations 2870   (timed; duration is the performance metric)
[SWEEP] Estimated:  ~6.1 min of measurement (plus workload time if any)

[SWEEP] Configuration: 4o offset ladder, registered section 7, suite offset0close. Stock Profile 3 verified under load at 13801 MHz. NVML P0 graphics offset 0 MHz, verified by read-back before sweep. 13-point ascending 1237-3090 MHz grid, HWiNFO SensorInterval 500. Iterations 2870 from 5060ti-stock-repro-20260922. No Afterburner profile applied after the offset.

[SWEEP] Checking the GPU is quiet before starting...
[SWEEP] Video engines idle (encoder 0%, decoder 0%).
[SWEEP] Free VRAM 15440 MB - clear to start.
[SWEEP] Baseline utilisation 1% - clear to start.
[SWEEP] No interactive console - Ctrl+C interception unavailable. The finally block still resets clocks.
[SWEEP] NOTE: QuickEdit could not be disabled (likely no interactive console). If this window is interactive, DO NOT CLICK IN IT - a click freezes the run.
[SWEEP] --> locking 1237 MHz
[SWEEP]      1237 MHz -> achieved 1235.4 MHz (held),  49.61 W [22 in-window of 25], 39.6 C, util 96.5%
[SWEEP] --> locking 1395 MHz
[SWEEP]      1395 MHz -> achieved 1393.4 MHz (held),  50.15 W [20 in-window of 24], 39.6 C, util 96.9%
[SWEEP] --> locking 1545 MHz
[SWEEP]      1545 MHz -> achieved   1537 MHz (held),  51.25 W [19 in-window of 22], 39.9 C, util 94.7%
[SWEEP] --> locking 1702 MHz
[SWEEP]      1702 MHz -> achieved   1695 MHz (held),  55.96 W [17 in-window of 20], 41.8 C, util 94.1%
[SWEEP] --> locking 1852 MHz
[SWEEP]      1852 MHz -> achieved   1845 MHz (held),  61.05 W [15 in-window of 19], 43.4 C, util 93.5%
[SWEEP] --> locking 2010 MHz
[SWEEP]      2010 MHz -> achieved   2002 MHz (held),   66.1 W [15 in-window of 19], 45.1 C, util 95.3%
[SWEEP] --> locking 2167 MHz
[SWEEP]      2167 MHz -> achieved   2160 MHz (held),  68.31 W [15 in-window of 19], 46.3 C, util 96.7%
[SWEEP] --> locking 2317 MHz
[SWEEP]      2317 MHz -> achieved   2310 MHz (held),  71.73 W [15 in-window of 19], 47.8 C, util 99.8%
[SWEEP] --> locking 2475 MHz
[SWEEP]      2475 MHz -> achieved   2467 MHz (held),  74.88 W [15 in-window of 19], 49.3 C, util 93.3%
[SWEEP] --> locking 2625 MHz
[SWEEP]      2625 MHz -> achieved   2617 MHz (held),   83.6 W [15 in-window of 19], 51.2 C, util 94.4%
[SWEEP] --> locking 2782 MHz
[SWEEP]      2782 MHz -> achieved 2750.7 MHz (UNDERSHOT -31.3),  90.65 W [15 in-window of 19], 53.3 C, util 95.2%
[SWEEP] --> locking 2932 MHz
[SWEEP]      2932 MHz -> achieved 2751.2 MHz (UNDERSHOT -180.8),  91.21 W [15 in-window of 19], 51.9 C, util 98.1%
[SWEEP] --> locking 3090 MHz
[SWEEP]      3090 MHz -> achieved 2757.9 MHz (UNDERSHOT -332.1),  88.61 W [15 in-window of 19], 50.5 C, util 93.3%

[SWEEP] Resetting GPU clocks...
[SWEEP] Clocks reset. Card is now reporting 2760 MHz at idle/load.

[SWEEP] ===================== RESULT =====================
[SWEEP] Measured 13 of 13 planned frequencies.
[SWEEP] Configuration: 4o offset ladder, registered section 7, suite offset0close. Stock Profile 3 verified under load at 13801 MHz. NVML P0 graphics offset 0 MHz, verified by read-back before sweep. 13-point ascending 1237-3090 MHz grid, HWiNFO SensorInterval 500. Iterations 2870 from 5060ti-stock-repro-20260922. No Afterburner profile applied after the offset.
[SWEEP] NOTE: 3 point(s) ran BELOW their target by more than 30 MHz.
[SWEEP] The card could not sustain the requested clock - power or thermal limits. Expected
[SWEEP] at the top of the range, where max boost is a bin the card never actually holds.
[SWEEP] CSV:  C:\headroom-bench\results\20260923-160457_5060ti-4o-offset0close-reduce\20260923-160513_5060ti-4o-offset0close-reduce_sweep.csv
[SWEEP] JSON: C:\headroom-bench\results\20260923-160457_5060ti-4o-offset0close-reduce\20260923-160513_5060ti-4o-offset0close-reduce_sweep.json
[SWEEP] ==================================================

[SWEEP] Clock locks do NOT survive a reboot. If anything looks wrong with the card's
[SWEEP] clocks after this, reboot and it returns to stock.

---- HWiNFO log stop ----
Pressing 'Log Stop'...
  button now : 'Log Start'
  size       : 1058422 then 1058422 bytes
  rows       : 521

Logging stopped.

================ RESULT ================
  sweep exit    : 0
  elapsed       : 4.4 min (expected ~10)
  hwinfo log    : 1058422 bytes, 521 rows
  result file   : C:\headroom-bench\results\20260923-160457_5060ti-4o-offset0close-reduce\wrapper-result.json

Run complete and both halves verified.
[16:09:31] Wrapper exit 0 for 5060ti-4o-offset0close-reduce
[16:09:31] Running 5060ti-4o-offset0close-softmax

================ PLAN ================
  label        : 5060ti-4o-offset0close-softmax
  workload     : softmax
  band         : 1237-3090 MHz, 13 points
  iterations   : 2600
  output dir   : C:\headroom-bench\results\20260923-160931_5060ti-4o-offset0close-softmax
  hwinfo log   : C:\headroom-bench\results\20260923-160931_5060ti-4o-offset0close-softmax\5060ti-4o-offset0close-softmax-hwinfo.csv
  expected     : ~10 min
  applied      : 4o offset ladder, registered section 7, suite offset0close. Stock Profile 3 verified under load at 13801 MHz. NVML P0 graphics offset 0 MHz, verified by read-back before sweep. 13-point ascending 1237-3090 MHz grid, HWiNFO SensorInterval 500. Iterations 2600 from 5060ti-stock-repro-20260922. No Afterburner profile applied after the offset.

---- preflight ----
  power limit : 180.00 W, 180.00 W
  pmon sm     : mean 0%, peak 0% across 4 sample(s)
  pmon        : idle enough to proceed

---- HWiNFO log start ----

Pressing 'Log Start' (async - it opens a modal dialog)...
Setting the filename, with the change notification the dialog needs...

  button now : 'Log Stop'
  file       : C:\headroom-bench\results\20260923-160931_5060ti-4o-offset0close-softmax\5060ti-4o-offset0close-softmax-hwinfo.csv
  size       : 24175 then 37765 bytes

Logging is running and the file is growing.

---- sweep ----
  workload cmd: C:\Users\Raymond\AppData\Local\Programs\Python\Python312\python.exe C:\Users\Raymond\Documents\headroom\tools\frequency-sweep\gpu_workload.py --workload softmax --json --iterations 2600

[SWEEP] GPU:        NVIDIA GeForce RTX 5060 Ti (driver 616.92)
[SWEEP] Max clock:  3090 MHz | power limit 180.00 W enforced (180.00 W default, 200.00 W max)
[SWEEP] Supported:  389 discrete graphics clocks, 180-3090 MHz
[SWEEP] Sweep band:  1237-3090 MHz (explicit) - FINE sweep, ~154 MHz apart. Not a full-range curve.
[SWEEP] Testing:    13 frequencies -> 1237, 1395, 1545, 1702, 1852, 2010, 2167, 2317, 2475, 2625, 2782, 2932, 3090 MHz
[SWEEP] Workload:   C:\Users\Raymond\AppData\Local\Programs\Python\Python312\python.exe C:\Users\Raymond\Documents\headroom\tools\frequency-sweep\gpu_workload.py --workload softmax --json --iterations 2600   (timed; duration is the performance metric)
[SWEEP] Estimated:  ~6.1 min of measurement (plus workload time if any)

[SWEEP] Configuration: 4o offset ladder, registered section 7, suite offset0close. Stock Profile 3 verified under load at 13801 MHz. NVML P0 graphics offset 0 MHz, verified by read-back before sweep. 13-point ascending 1237-3090 MHz grid, HWiNFO SensorInterval 500. Iterations 2600 from 5060ti-stock-repro-20260922. No Afterburner profile applied after the offset.

[SWEEP] Checking the GPU is quiet before starting...
[SWEEP] Video engines idle (encoder 0%, decoder 0%).
[SWEEP] Free VRAM 15440 MB - clear to start.
[SWEEP] Baseline utilisation 0% - clear to start.
[SWEEP] No interactive console - Ctrl+C interception unavailable. The finally block still resets clocks.
[SWEEP] NOTE: QuickEdit could not be disabled (likely no interactive console). If this window is interactive, DO NOT CLICK IN IT - a click freezes the run.
[SWEEP] --> locking 1237 MHz
[SWEEP]      1237 MHz -> achieved 1233.7 MHz (held),   60.8 W [17 in-window of 21], 43.7 C, util 95.5%
[SWEEP] --> locking 1395 MHz
[SWEEP]      1395 MHz -> achieved   1392 MHz (held),  61.41 W [16 in-window of 20], 43.4 C, util 93.9%
[SWEEP] --> locking 1545 MHz
[SWEEP]      1545 MHz -> achieved   1537 MHz (held),  63.66 W [16 in-window of 19], 43.2 C, util 96.2%
[SWEEP] --> locking 1702 MHz
[SWEEP]      1702 MHz -> achieved   1695 MHz (held),  68.66 W [16 in-window of 19], 43.7 C, util 97.6%
[SWEEP] --> locking 1852 MHz
[SWEEP]      1852 MHz -> achieved   1845 MHz (held),  74.27 W [16 in-window of 19],  44 C, util 95.6%
[SWEEP] --> locking 2010 MHz
[SWEEP]      2010 MHz -> achieved   2002 MHz (held),  78.01 W [16 in-window of 19], 44.6 C, util 93.8%
[SWEEP] --> locking 2167 MHz
[SWEEP]      2167 MHz -> achieved 2152.5 MHz (held),  78.87 W [16 in-window of 19], 44.9 C, util 93.9%
[SWEEP] --> locking 2317 MHz
[SWEEP]      2317 MHz -> achieved   2310 MHz (held),   84.5 W [16 in-window of 19], 45.7 C, util 96.9%
[SWEEP] --> locking 2475 MHz
[SWEEP]      2475 MHz -> achieved   2467 MHz (held),  91.83 W [16 in-window of 19], 46.9 C, util 95.4%
[SWEEP] --> locking 2625 MHz
[SWEEP]      2625 MHz -> achieved   2617 MHz (held), 101.67 W [16 in-window of 19], 48.1 C, util 92.7%
[SWEEP] --> locking 2782 MHz
[SWEEP]      2782 MHz -> achieved 2753.4 MHz (held), 105.71 W [16 in-window of 19], 49.7 C, util 93.8%
[SWEEP] --> locking 2932 MHz
[SWEEP]      2932 MHz -> achieved 2752.1 MHz (UNDERSHOT -179.9), 107.41 W [16 in-window of 19], 50.2 C, util 93.9%
[SWEEP] --> locking 3090 MHz
[SWEEP]      3090 MHz -> achieved 2750.3 MHz (UNDERSHOT -339.7), 108.98 W [16 in-window of 19], 50.8 C, util 96.8%

[SWEEP] Resetting GPU clocks...
[SWEEP] Clocks reset. Card is now reporting 2760 MHz at idle/load.

[SWEEP] ===================== RESULT =====================
[SWEEP] Measured 13 of 13 planned frequencies.
[SWEEP] Configuration: 4o offset ladder, registered section 7, suite offset0close. Stock Profile 3 verified under load at 13801 MHz. NVML P0 graphics offset 0 MHz, verified by read-back before sweep. 13-point ascending 1237-3090 MHz grid, HWiNFO SensorInterval 500. Iterations 2600 from 5060ti-stock-repro-20260922. No Afterburner profile applied after the offset.
[SWEEP] NOTE: 2 point(s) ran BELOW their target by more than 30 MHz.
[SWEEP] The card could not sustain the requested clock - power or thermal limits. Expected
[SWEEP] at the top of the range, where max boost is a bin the card never actually holds.
[SWEEP] CSV:  C:\headroom-bench\results\20260923-160931_5060ti-4o-offset0close-softmax\20260923-160948_5060ti-4o-offset0close-softmax_sweep.csv
[SWEEP] JSON: C:\headroom-bench\results\20260923-160931_5060ti-4o-offset0close-softmax\20260923-160948_5060ti-4o-offset0close-softmax_sweep.json
[SWEEP] ==================================================

[SWEEP] Clock locks do NOT survive a reboot. If anything looks wrong with the card's
[SWEEP] clocks after this, reboot and it returns to stock.

---- HWiNFO log stop ----
Pressing 'Log Stop'...
  button now : 'Log Start'
  size       : 1034051 then 1034051 bytes
  rows       : 508

Logging stopped.

================ RESULT ================
  sweep exit    : 0
  elapsed       : 4.3 min (expected ~10)
  hwinfo log    : 1034051 bytes, 508 rows
  result file   : C:\headroom-bench\results\20260923-160931_5060ti-4o-offset0close-softmax\wrapper-result.json

Run complete and both halves verified.
[16:13:59] Wrapper exit 0 for 5060ti-4o-offset0close-softmax
[16:13:59] Running 5060ti-4o-offset0close-layernorm

================ PLAN ================
  label        : 5060ti-4o-offset0close-layernorm
  workload     : layernorm
  band         : 1237-3090 MHz, 13 points
  iterations   : 1597
  output dir   : C:\headroom-bench\results\20260923-161359_5060ti-4o-offset0close-layernorm
  hwinfo log   : C:\headroom-bench\results\20260923-161359_5060ti-4o-offset0close-layernorm\5060ti-4o-offset0close-layernorm-hwinfo.csv
  expected     : ~10 min
  applied      : 4o offset ladder, registered section 7, suite offset0close. Stock Profile 3 verified under load at 13801 MHz. NVML P0 graphics offset 0 MHz, verified by read-back before sweep. 13-point ascending 1237-3090 MHz grid, HWiNFO SensorInterval 500. Iterations 1597 from 5060ti-stock-repro-20260922. No Afterburner profile applied after the offset.

---- preflight ----
  power limit : 180.00 W, 180.00 W
  pmon sm     : mean 0%, peak 0% across 4 sample(s)
  pmon        : idle enough to proceed

---- HWiNFO log start ----

Pressing 'Log Start' (async - it opens a modal dialog)...
Setting the filename, with the change notification the dialog needs...

  button now : 'Log Stop'
  file       : C:\headroom-bench\results\20260923-161359_5060ti-4o-offset0close-layernorm\5060ti-4o-offset0close-layernorm-hwinfo.csv
  size       : 24249 then 39796 bytes

Logging is running and the file is growing.

---- sweep ----
  workload cmd: C:\Users\Raymond\AppData\Local\Programs\Python\Python312\python.exe C:\Users\Raymond\Documents\headroom\tools\frequency-sweep\gpu_workload.py --workload layernorm --json --iterations 1597

[SWEEP] GPU:        NVIDIA GeForce RTX 5060 Ti (driver 616.92)
[SWEEP] Max clock:  3090 MHz | power limit 180.00 W enforced (180.00 W default, 200.00 W max)
[SWEEP] Supported:  389 discrete graphics clocks, 180-3090 MHz
[SWEEP] Sweep band:  1237-3090 MHz (explicit) - FINE sweep, ~154 MHz apart. Not a full-range curve.
[SWEEP] Testing:    13 frequencies -> 1237, 1395, 1545, 1702, 1852, 2010, 2167, 2317, 2475, 2625, 2782, 2932, 3090 MHz
[SWEEP] Workload:   C:\Users\Raymond\AppData\Local\Programs\Python\Python312\python.exe C:\Users\Raymond\Documents\headroom\tools\frequency-sweep\gpu_workload.py --workload layernorm --json --iterations 1597   (timed; duration is the performance metric)
[SWEEP] Estimated:  ~6.1 min of measurement (plus workload time if any)

[SWEEP] Configuration: 4o offset ladder, registered section 7, suite offset0close. Stock Profile 3 verified under load at 13801 MHz. NVML P0 graphics offset 0 MHz, verified by read-back before sweep. 13-point ascending 1237-3090 MHz grid, HWiNFO SensorInterval 500. Iterations 1597 from 5060ti-stock-repro-20260922. No Afterburner profile applied after the offset.

[SWEEP] Checking the GPU is quiet before starting...
[SWEEP] Video engines idle (encoder 0%, decoder 0%).
[SWEEP] Free VRAM 15440 MB - clear to start.
[SWEEP] Baseline utilisation 1% - clear to start.
[SWEEP] No interactive console - Ctrl+C interception unavailable. The finally block still resets clocks.
[SWEEP] NOTE: QuickEdit could not be disabled (likely no interactive console). If this window is interactive, DO NOT CLICK IN IT - a click freezes the run.
[SWEEP] --> locking 1237 MHz
[SWEEP]      1237 MHz -> achieved 1235.9 MHz (held),  57.37 W [19 in-window of 22], 41.7 C, util 96.3%
[SWEEP] --> locking 1395 MHz
[SWEEP]      1395 MHz -> achieved 1392.8 MHz (held),  58.46 W [18 in-window of 21], 41.6 C, util 97.4%
[SWEEP] --> locking 1545 MHz
[SWEEP]      1545 MHz -> achieved   1537 MHz (held),  60.71 W [17 in-window of 21], 41.4 C, util 96.2%
[SWEEP] --> locking 1702 MHz
[SWEEP]      1702 MHz -> achieved   1695 MHz (held),  65.11 W [17 in-window of 20], 41.8 C, util 97.4%
[SWEEP] --> locking 1852 MHz
[SWEEP]      1852 MHz -> achieved   1845 MHz (held),  69.06 W [16 in-window of 20], 42.4 C, util 95.6%
[SWEEP] --> locking 2010 MHz
[SWEEP]      2010 MHz -> achieved   2002 MHz (held),   75.4 W [16 in-window of 20], 43.1 C, util 95.5%
[SWEEP] --> locking 2167 MHz
[SWEEP]      2167 MHz -> achieved 2152.5 MHz (held),  76.64 W [16 in-window of 19], 43.3 C, util 92.8%
[SWEEP] --> locking 2317 MHz
[SWEEP]      2317 MHz -> achieved   2310 MHz (held),  78.52 W [16 in-window of 19], 44.2 C, util 93.8%
[SWEEP] --> locking 2475 MHz
[SWEEP]      2475 MHz -> achieved   2467 MHz (held),   86.7 W [16 in-window of 19], 45.4 C, util 93.9%
[SWEEP] --> locking 2625 MHz
[SWEEP]      2625 MHz -> achieved   2617 MHz (held),  95.26 W [15 in-window of 19], 46.7 C, util 96.6%
[SWEEP] --> locking 2782 MHz
[SWEEP]      2782 MHz -> achieved 2753.5 MHz (held), 105.91 W [15 in-window of 19], 48.7 C, util 95.8%
[SWEEP] --> locking 2932 MHz
[SWEEP]      2932 MHz -> achieved 2753.5 MHz (UNDERSHOT -178.5), 104.93 W [15 in-window of 19], 48.8 C, util 90.2%
[SWEEP] --> locking 3090 MHz
[SWEEP]      3090 MHz -> achieved 2754.1 MHz (UNDERSHOT -335.9), 102.74 W [15 in-window of 19], 49.1 C, util 93.3%

[SWEEP] Resetting GPU clocks...
[SWEEP] Clocks reset. Card is now reporting 2760 MHz at idle/load.

[SWEEP] ===================== RESULT =====================
[SWEEP] Measured 13 of 13 planned frequencies.
[SWEEP] Configuration: 4o offset ladder, registered section 7, suite offset0close. Stock Profile 3 verified under load at 13801 MHz. NVML P0 graphics offset 0 MHz, verified by read-back before sweep. 13-point ascending 1237-3090 MHz grid, HWiNFO SensorInterval 500. Iterations 1597 from 5060ti-stock-repro-20260922. No Afterburner profile applied after the offset.
[SWEEP] NOTE: 2 point(s) ran BELOW their target by more than 30 MHz.
[SWEEP] The card could not sustain the requested clock - power or thermal limits. Expected
[SWEEP] at the top of the range, where max boost is a bin the card never actually holds.
[SWEEP] CSV:  C:\headroom-bench\results\20260923-161359_5060ti-4o-offset0close-layernorm\20260923-161416_5060ti-4o-offset0close-layernorm_sweep.csv
[SWEEP] JSON: C:\headroom-bench\results\20260923-161359_5060ti-4o-offset0close-layernorm\20260923-161416_5060ti-4o-offset0close-layernorm_sweep.json
[SWEEP] ==================================================

[SWEEP] Clock locks do NOT survive a reboot. If anything looks wrong with the card's
[SWEEP] clocks after this, reboot and it returns to stock.

---- HWiNFO log stop ----
Pressing 'Log Stop'...
  button now : 'Log Start'
  size       : 1050482 then 1050482 bytes
  rows       : 516

Logging stopped.

================ RESULT ================
  sweep exit    : 0
  elapsed       : 4.3 min (expected ~10)
  hwinfo log    : 1050482 bytes, 516 rows
  result file   : C:\headroom-bench\results\20260923-161359_5060ti-4o-offset0close-layernorm\wrapper-result.json

Run complete and both halves verified.
[16:18:30] Wrapper exit 0 for 5060ti-4o-offset0close-layernorm
[16:18:30] Running 5060ti-4o-offset0close-bgemm32

================ PLAN ================
  label        : 5060ti-4o-offset0close-bgemm32
  workload     : bgemm32
  band         : 1237-3090 MHz, 13 points
  iterations   : 2673
  output dir   : C:\headroom-bench\results\20260923-161831_5060ti-4o-offset0close-bgemm32
  hwinfo log   : C:\headroom-bench\results\20260923-161831_5060ti-4o-offset0close-bgemm32\5060ti-4o-offset0close-bgemm32-hwinfo.csv
  expected     : ~10 min
  applied      : 4o offset ladder, registered section 7, suite offset0close. Stock Profile 3 verified under load at 13801 MHz. NVML P0 graphics offset 0 MHz, verified by read-back before sweep. 13-point ascending 1237-3090 MHz grid, HWiNFO SensorInterval 500. Iterations 2673 from 5060ti-stock-repro-20260922. No Afterburner profile applied after the offset.

---- preflight ----
  power limit : 180.00 W, 180.00 W
  pmon sm     : mean 0%, peak 0% across 4 sample(s)
  pmon        : idle enough to proceed

---- HWiNFO log start ----

Pressing 'Log Start' (async - it opens a modal dialog)...
Setting the filename, with the change notification the dialog needs...

  button now : 'Log Stop'
  file       : C:\headroom-bench\results\20260923-161831_5060ti-4o-offset0close-bgemm32\5060ti-4o-offset0close-bgemm32-hwinfo.csv
  size       : 22259 then 37812 bytes

Logging is running and the file is growing.

---- sweep ----
  workload cmd: C:\Users\Raymond\AppData\Local\Programs\Python\Python312\python.exe C:\Users\Raymond\Documents\headroom\tools\frequency-sweep\gpu_workload.py --workload bgemm32 --json --iterations 2673

[SWEEP] GPU:        NVIDIA GeForce RTX 5060 Ti (driver 616.92)
[SWEEP] Max clock:  3090 MHz | power limit 180.00 W enforced (180.00 W default, 200.00 W max)
[SWEEP] Supported:  389 discrete graphics clocks, 180-3090 MHz
[SWEEP] Sweep band:  1237-3090 MHz (explicit) - FINE sweep, ~154 MHz apart. Not a full-range curve.
[SWEEP] Testing:    13 frequencies -> 1237, 1395, 1545, 1702, 1852, 2010, 2167, 2317, 2475, 2625, 2782, 2932, 3090 MHz
[SWEEP] Workload:   C:\Users\Raymond\AppData\Local\Programs\Python\Python312\python.exe C:\Users\Raymond\Documents\headroom\tools\frequency-sweep\gpu_workload.py --workload bgemm32 --json --iterations 2673   (timed; duration is the performance metric)
[SWEEP] Estimated:  ~6.1 min of measurement (plus workload time if any)

[SWEEP] Configuration: 4o offset ladder, registered section 7, suite offset0close. Stock Profile 3 verified under load at 13801 MHz. NVML P0 graphics offset 0 MHz, verified by read-back before sweep. 13-point ascending 1237-3090 MHz grid, HWiNFO SensorInterval 500. Iterations 2673 from 5060ti-stock-repro-20260922. No Afterburner profile applied after the offset.

[SWEEP] Checking the GPU is quiet before starting...
[SWEEP] Video engines idle (encoder 0%, decoder 0%).
[SWEEP] Free VRAM 15440 MB - clear to start.
[SWEEP] Baseline utilisation 0% - clear to start.
[SWEEP] No interactive console - Ctrl+C interception unavailable. The finally block still resets clocks.
[SWEEP] NOTE: QuickEdit could not be disabled (likely no interactive console). If this window is interactive, DO NOT CLICK IN IT - a click freezes the run.
[SWEEP] --> locking 1237 MHz
[SWEEP]      1237 MHz -> achieved 1235.4 MHz (held),  70.95 W [18 in-window of 21], 43.7 C, util 94.7%
[SWEEP] --> locking 1395 MHz
[SWEEP]      1395 MHz -> achieved 1392.2 MHz (held),  73.88 W [17 in-window of 20], 44.1 C, util 94.1%
[SWEEP] --> locking 1545 MHz
[SWEEP]      1545 MHz -> achieved   1537 MHz (held),  76.09 W [16 in-window of 20], 44.4 C, util 93.8%
[SWEEP] --> locking 1702 MHz
[SWEEP]      1702 MHz -> achieved   1695 MHz (held),  83.53 W [16 in-window of 19], 45.2 C, util 95.6%
[SWEEP] --> locking 1852 MHz
[SWEEP]      1852 MHz -> achieved   1845 MHz (held),  90.71 W [16 in-window of 19], 46.9 C, util 97.8%
[SWEEP] --> locking 2010 MHz
[SWEEP]      2010 MHz -> achieved   2002 MHz (held),  100.1 W [16 in-window of 19], 47.9 C, util 94.6%
[SWEEP] --> locking 2167 MHz
[SWEEP]      2167 MHz -> achieved 2152.5 MHz (held), 101.37 W [16 in-window of 19], 48.5 C, util  92%
[SWEEP] --> locking 2317 MHz
[SWEEP]      2317 MHz -> achieved   2310 MHz (held), 103.74 W [16 in-window of 19], 49.8 C, util 93.4%
[SWEEP] --> locking 2475 MHz
[SWEEP]      2475 MHz -> achieved   2467 MHz (held), 114.66 W [16 in-window of 19], 51.2 C, util 95.2%
[SWEEP] --> locking 2625 MHz
[SWEEP]      2625 MHz -> achieved   2617 MHz (held), 128.02 W [16 in-window of 19], 53.8 C, util 94.9%
[SWEEP] --> locking 2782 MHz
[SWEEP]      2782 MHz -> achieved 2745.4 MHz (UNDERSHOT -36.6), 140.33 W [16 in-window of 19], 55.7 C, util 95.3%
[SWEEP] --> locking 2932 MHz
[SWEEP]      2932 MHz -> achieved 2745.9 MHz (UNDERSHOT -186.1), 141.26 W [16 in-window of 19],  56 C, util 89.9%
[SWEEP] --> locking 3090 MHz
[SWEEP]      3090 MHz -> achieved 2745.9 MHz (UNDERSHOT -344.1), 137.07 W [16 in-window of 19], 56.8 C, util 93.8%

[SWEEP] Resetting GPU clocks...
[SWEEP] Clocks reset. Card is now reporting 2760 MHz at idle/load.

[SWEEP] ===================== RESULT =====================
[SWEEP] Measured 13 of 13 planned frequencies.
[SWEEP] Configuration: 4o offset ladder, registered section 7, suite offset0close. Stock Profile 3 verified under load at 13801 MHz. NVML P0 graphics offset 0 MHz, verified by read-back before sweep. 13-point ascending 1237-3090 MHz grid, HWiNFO SensorInterval 500. Iterations 2673 from 5060ti-stock-repro-20260922. No Afterburner profile applied after the offset.
[SWEEP] NOTE: 3 point(s) ran BELOW their target by more than 30 MHz.
[SWEEP] The card could not sustain the requested clock - power or thermal limits. Expected
[SWEEP] at the top of the range, where max boost is a bin the card never actually holds.
[SWEEP] CSV:  C:\headroom-bench\results\20260923-161831_5060ti-4o-offset0close-bgemm32\20260923-161847_5060ti-4o-offset0close-bgemm32_sweep.csv
[SWEEP] JSON: C:\headroom-bench\results\20260923-161831_5060ti-4o-offset0close-bgemm32\20260923-161847_5060ti-4o-offset0close-bgemm32_sweep.json
[SWEEP] ==================================================

[SWEEP] Clock locks do NOT survive a reboot. If anything looks wrong with the card's
[SWEEP] clocks after this, reboot and it returns to stock.

---- HWiNFO log stop ----
Pressing 'Log Stop'...
  button now : 'Log Start'
  size       : 1034168 then 1034168 bytes
  rows       : 508

Logging stopped.

================ RESULT ================
  sweep exit    : 0
  elapsed       : 4.3 min (expected ~10)
  hwinfo log    : 1034168 bytes, 508 rows
  result file   : C:\headroom-bench\results\20260923-161831_5060ti-4o-offset0close-bgemm32\wrapper-result.json

Run complete and both halves verified.
[16:22:59] Wrapper exit 0 for 5060ti-4o-offset0close-bgemm32
[16:22:59] Running 5060ti-4o-offset0close-bgemm64

================ PLAN ================
  label        : 5060ti-4o-offset0close-bgemm64
  workload     : bgemm64
  band         : 1237-3090 MHz, 13 points
  iterations   : 2661
  output dir   : C:\headroom-bench\results\20260923-162259_5060ti-4o-offset0close-bgemm64
  hwinfo log   : C:\headroom-bench\results\20260923-162259_5060ti-4o-offset0close-bgemm64\5060ti-4o-offset0close-bgemm64-hwinfo.csv
  expected     : ~10 min
  applied      : 4o offset ladder, registered section 7, suite offset0close. Stock Profile 3 verified under load at 13801 MHz. NVML P0 graphics offset 0 MHz, verified by read-back before sweep. 13-point ascending 1237-3090 MHz grid, HWiNFO SensorInterval 500. Iterations 2661 from 5060ti-stock-repro-20260922. No Afterburner profile applied after the offset.

---- preflight ----
  power limit : 180.00 W, 180.00 W
  pmon sm     : mean 0%, peak 0% across 4 sample(s)
  pmon        : idle enough to proceed

---- HWiNFO log start ----

Pressing 'Log Start' (async - it opens a modal dialog)...
Setting the filename, with the change notification the dialog needs...

  button now : 'Log Stop'
  file       : C:\headroom-bench\results\20260923-162259_5060ti-4o-offset0close-bgemm64\5060ti-4o-offset0close-bgemm64-hwinfo.csv
  size       : 22246 then 37786 bytes

Logging is running and the file is growing.

---- sweep ----
  workload cmd: C:\Users\Raymond\AppData\Local\Programs\Python\Python312\python.exe C:\Users\Raymond\Documents\headroom\tools\frequency-sweep\gpu_workload.py --workload bgemm64 --json --iterations 2661

[SWEEP] GPU:        NVIDIA GeForce RTX 5060 Ti (driver 616.92)
[SWEEP] Max clock:  3090 MHz | power limit 180.00 W enforced (180.00 W default, 200.00 W max)
[SWEEP] Supported:  389 discrete graphics clocks, 180-3090 MHz
[SWEEP] Sweep band:  1237-3090 MHz (explicit) - FINE sweep, ~154 MHz apart. Not a full-range curve.
[SWEEP] Testing:    13 frequencies -> 1237, 1395, 1545, 1702, 1852, 2010, 2167, 2317, 2475, 2625, 2782, 2932, 3090 MHz
[SWEEP] Workload:   C:\Users\Raymond\AppData\Local\Programs\Python\Python312\python.exe C:\Users\Raymond\Documents\headroom\tools\frequency-sweep\gpu_workload.py --workload bgemm64 --json --iterations 2661   (timed; duration is the performance metric)
[SWEEP] Estimated:  ~6.1 min of measurement (plus workload time if any)

[SWEEP] Configuration: 4o offset ladder, registered section 7, suite offset0close. Stock Profile 3 verified under load at 13801 MHz. NVML P0 graphics offset 0 MHz, verified by read-back before sweep. 13-point ascending 1237-3090 MHz grid, HWiNFO SensorInterval 500. Iterations 2661 from 5060ti-stock-repro-20260922. No Afterburner profile applied after the offset.

[SWEEP] Checking the GPU is quiet before starting...
[SWEEP] Video engines idle (encoder 0%, decoder 0%).
[SWEEP] Free VRAM 15440 MB - clear to start.
[SWEEP] Baseline utilisation 0% - clear to start.
[SWEEP] No interactive console - Ctrl+C interception unavailable. The finally block still resets clocks.
[SWEEP] NOTE: QuickEdit could not be disabled (likely no interactive console). If this window is interactive, DO NOT CLICK IN IT - a click freezes the run.
[SWEEP] --> locking 1237 MHz
[SWEEP]      1237 MHz -> achieved 1233.7 MHz (held),  77.27 W [17 in-window of 21], 45.9 C, util 96.3%
[SWEEP] --> locking 1395 MHz
[SWEEP]      1395 MHz -> achieved 1391.5 MHz (held),   79.5 W [16 in-window of 20], 46.1 C, util 95.4%
[SWEEP] --> locking 1545 MHz
[SWEEP]      1545 MHz -> achieved   1537 MHz (held),  81.94 W [16 in-window of 20], 46.2 C, util 95.5%
[SWEEP] --> locking 1702 MHz
[SWEEP]      1702 MHz -> achieved   1695 MHz (held),  89.65 W [16 in-window of 19], 47.4 C, util 95.5%
[SWEEP] --> locking 1852 MHz
[SWEEP]      1852 MHz -> achieved   1845 MHz (held),  98.07 W [16 in-window of 19], 48.4 C, util 94.6%
[SWEEP] --> locking 2010 MHz
[SWEEP]      2010 MHz -> achieved   2002 MHz (held), 105.59 W [16 in-window of 19], 49.4 C, util 91.4%
[SWEEP] --> locking 2167 MHz
[SWEEP]      2167 MHz -> achieved   2148 MHz (held), 104.59 W [16 in-window of 19], 50.1 C, util 93.8%
[SWEEP] --> locking 2317 MHz
[SWEEP]      2317 MHz -> achieved   2310 MHz (held),  109.9 W [16 in-window of 19], 51.2 C, util 93.9%
[SWEEP] --> locking 2475 MHz
[SWEEP]      2475 MHz -> achieved   2467 MHz (held),  122.7 W [16 in-window of 19], 52.9 C, util 95.1%
[SWEEP] --> locking 2625 MHz
[SWEEP]      2625 MHz -> achieved   2617 MHz (held), 137.35 W [16 in-window of 19], 55.4 C, util 95.4%
[SWEEP] --> locking 2782 MHz
[SWEEP]      2782 MHz -> achieved 2744.5 MHz (UNDERSHOT -37.5), 149.31 W [16 in-window of 19], 57.2 C, util 90.2%
[SWEEP] --> locking 2932 MHz
[SWEEP]      2932 MHz -> achieved 2741.2 MHz (UNDERSHOT -190.8), 145.97 W [16 in-window of 19], 57.9 C, util 93.8%
[SWEEP] --> locking 3090 MHz
[SWEEP]      3090 MHz -> achieved 2740.2 MHz (UNDERSHOT -349.8), 148.79 W [16 in-window of 19], 58.6 C, util 94.9%

[SWEEP] Resetting GPU clocks...
[SWEEP] Clocks reset. Card is now reporting 2760 MHz at idle/load.

[SWEEP] ===================== RESULT =====================
[SWEEP] Measured 13 of 13 planned frequencies.
[SWEEP] Configuration: 4o offset ladder, registered section 7, suite offset0close. Stock Profile 3 verified under load at 13801 MHz. NVML P0 graphics offset 0 MHz, verified by read-back before sweep. 13-point ascending 1237-3090 MHz grid, HWiNFO SensorInterval 500. Iterations 2661 from 5060ti-stock-repro-20260922. No Afterburner profile applied after the offset.
[SWEEP] NOTE: 3 point(s) ran BELOW their target by more than 30 MHz.
[SWEEP] The card could not sustain the requested clock - power or thermal limits. Expected
[SWEEP] at the top of the range, where max boost is a bin the card never actually holds.
[SWEEP] CSV:  C:\headroom-bench\results\20260923-162259_5060ti-4o-offset0close-bgemm64\20260923-162316_5060ti-4o-offset0close-bgemm64_sweep.csv
[SWEEP] JSON: C:\headroom-bench\results\20260923-162259_5060ti-4o-offset0close-bgemm64\20260923-162316_5060ti-4o-offset0close-bgemm64_sweep.json
[SWEEP] ==================================================

[SWEEP] Clock locks do NOT survive a reboot. If anything looks wrong with the card's
[SWEEP] clocks after this, reboot and it returns to stock.

---- HWiNFO log stop ----
Pressing 'Log Stop'...
  button now : 'Log Start'
  size       : 1037616 then 1037616 bytes
  rows       : 510

Logging stopped.

================ RESULT ================
  sweep exit    : 0
  elapsed       : 4.3 min (expected ~10)
  hwinfo log    : 1037616 bytes, 510 rows
  result file   : C:\headroom-bench\results\20260923-162259_5060ti-4o-offset0close-bgemm64\wrapper-result.json

Run complete and both halves verified.
[16:27:27] Wrapper exit 0 for 5060ti-4o-offset0close-bgemm64
[16:27:27] Running 5060ti-4o-offset0close-bgemm128

================ PLAN ================
  label        : 5060ti-4o-offset0close-bgemm128
  workload     : bgemm128
  band         : 1237-3090 MHz, 13 points
  iterations   : 2467
  output dir   : C:\headroom-bench\results\20260923-162727_5060ti-4o-offset0close-bgemm128
  hwinfo log   : C:\headroom-bench\results\20260923-162727_5060ti-4o-offset0close-bgemm128\5060ti-4o-offset0close-bgemm128-hwinfo.csv
  expected     : ~10 min
  applied      : 4o offset ladder, registered section 7, suite offset0close. Stock Profile 3 verified under load at 13801 MHz. NVML P0 graphics offset 0 MHz, verified by read-back before sweep. 13-point ascending 1237-3090 MHz grid, HWiNFO SensorInterval 500. Iterations 2467 from 5060ti-stock-repro-20260922. No Afterburner profile applied after the offset.

---- preflight ----
  power limit : 180.00 W, 180.00 W
  pmon sm     : mean 0%, peak 0% across 4 sample(s)
  pmon        : idle enough to proceed

---- HWiNFO log start ----

Pressing 'Log Start' (async - it opens a modal dialog)...
Setting the filename, with the change notification the dialog needs...

  button now : 'Log Stop'
  file       : C:\headroom-bench\results\20260923-162727_5060ti-4o-offset0close-bgemm128\5060ti-4o-offset0close-bgemm128-hwinfo.csv
  size       : 22268 then 37817 bytes

Logging is running and the file is growing.

---- sweep ----
  workload cmd: C:\Users\Raymond\AppData\Local\Programs\Python\Python312\python.exe C:\Users\Raymond\Documents\headroom\tools\frequency-sweep\gpu_workload.py --workload bgemm128 --json --iterations 2467

[SWEEP] GPU:        NVIDIA GeForce RTX 5060 Ti (driver 616.92)
[SWEEP] Max clock:  3090 MHz | power limit 180.00 W enforced (180.00 W default, 200.00 W max)
[SWEEP] Supported:  389 discrete graphics clocks, 180-3090 MHz
[SWEEP] Sweep band:  1237-3090 MHz (explicit) - FINE sweep, ~154 MHz apart. Not a full-range curve.
[SWEEP] Testing:    13 frequencies -> 1237, 1395, 1545, 1702, 1852, 2010, 2167, 2317, 2475, 2625, 2782, 2932, 3090 MHz
[SWEEP] Workload:   C:\Users\Raymond\AppData\Local\Programs\Python\Python312\python.exe C:\Users\Raymond\Documents\headroom\tools\frequency-sweep\gpu_workload.py --workload bgemm128 --json --iterations 2467   (timed; duration is the performance metric)
[SWEEP] Estimated:  ~6.1 min of measurement (plus workload time if any)

[SWEEP] Configuration: 4o offset ladder, registered section 7, suite offset0close. Stock Profile 3 verified under load at 13801 MHz. NVML P0 graphics offset 0 MHz, verified by read-back before sweep. 13-point ascending 1237-3090 MHz grid, HWiNFO SensorInterval 500. Iterations 2467 from 5060ti-stock-repro-20260922. No Afterburner profile applied after the offset.

[SWEEP] Checking the GPU is quiet before starting...
[SWEEP] Video engines idle (encoder 0%, decoder 0%).
[SWEEP] Free VRAM 15440 MB - clear to start.
[SWEEP] Baseline utilisation 0% - clear to start.
[SWEEP] No interactive console - Ctrl+C interception unavailable. The finally block still resets clocks.
[SWEEP] NOTE: QuickEdit could not be disabled (likely no interactive console). If this window is interactive, DO NOT CLICK IN IT - a click freezes the run.
[SWEEP] --> locking 1237 MHz
[SWEEP]      1237 MHz -> achieved   1236 MHz (held),  68.01 W [28 in-window of 32], 46.1 C, util 97.4%
[SWEEP] --> locking 1395 MHz
[SWEEP]      1395 MHz -> achieved 1393.1 MHz (held),  74.63 W [25 in-window of 28], 46.6 C, util  97%
[SWEEP] --> locking 1545 MHz
[SWEEP]      1545 MHz -> achieved   1537 MHz (held),  77.12 W [23 in-window of 26],  47 C, util 92.6%
[SWEEP] --> locking 1702 MHz
[SWEEP]      1702 MHz -> achieved   1695 MHz (held),  89.11 W [20 in-window of 24], 48.8 C, util 95.2%
[SWEEP] --> locking 1852 MHz
[SWEEP]      1852 MHz -> achieved   1845 MHz (held), 102.03 W [19 in-window of 22], 50.6 C, util 96.2%
[SWEEP] --> locking 2010 MHz
[SWEEP]      2010 MHz -> achieved   2002 MHz (held), 116.56 W [17 in-window of 21], 52.8 C, util 95.6%
[SWEEP] --> locking 2167 MHz
[SWEEP]      2167 MHz -> achieved   2160 MHz (held), 121.74 W [16 in-window of 20], 54.1 C, util 94.8%
[SWEEP] --> locking 2317 MHz
[SWEEP]      2317 MHz -> achieved   2310 MHz (held), 137.62 W [15 in-window of 19], 56.4 C, util 94.8%
[SWEEP] --> locking 2475 MHz
[SWEEP]      2475 MHz -> achieved 2453.1 MHz (held), 159.06 W [15 in-window of 18], 59.7 C, util  95%
[SWEEP] --> locking 2625 MHz
[SWEEP]      2625 MHz -> achieved 2476.9 MHz (UNDERSHOT -148.1), 154.88 W [14 in-window of 18], 59.9 C, util 92.9%
[SWEEP] --> locking 2782 MHz
[SWEEP]      2782 MHz -> achieved 2470.5 MHz (UNDERSHOT -311.5), 153.45 W [14 in-window of 18], 59.9 C, util  93%
[SWEEP] --> locking 2932 MHz
[SWEEP]      2932 MHz -> achieved 2455.7 MHz (UNDERSHOT -476.3), 157.32 W [15 in-window of 18], 60.4 C, util 95.4%
[SWEEP] --> locking 3090 MHz
[SWEEP]      3090 MHz -> achieved 2467.9 MHz (UNDERSHOT -622.1), 159.32 W [14 in-window of 18], 60.4 C, util 92.2%

[SWEEP] Resetting GPU clocks...
[SWEEP] Clocks reset. Card is now reporting 2625 MHz at idle/load.

[SWEEP] ===================== RESULT =====================
[SWEEP] Measured 13 of 13 planned frequencies.
[SWEEP] Configuration: 4o offset ladder, registered section 7, suite offset0close. Stock Profile 3 verified under load at 13801 MHz. NVML P0 graphics offset 0 MHz, verified by read-back before sweep. 13-point ascending 1237-3090 MHz grid, HWiNFO SensorInterval 500. Iterations 2467 from 5060ti-stock-repro-20260922. No Afterburner profile applied after the offset.
[SWEEP] NOTE: 4 point(s) ran BELOW their target by more than 30 MHz.
[SWEEP] The card could not sustain the requested clock - power or thermal limits. Expected
[SWEEP] at the top of the range, where max boost is a bin the card never actually holds.
[SWEEP] CSV:  C:\headroom-bench\results\20260923-162727_5060ti-4o-offset0close-bgemm128\20260923-162744_5060ti-4o-offset0close-bgemm128_sweep.csv
[SWEEP] JSON: C:\headroom-bench\results\20260923-162727_5060ti-4o-offset0close-bgemm128\20260923-162744_5060ti-4o-offset0close-bgemm128_sweep.json
[SWEEP] ==================================================

[SWEEP] Clock locks do NOT survive a reboot. If anything looks wrong with the card's
[SWEEP] clocks after this, reboot and it returns to stock.

---- HWiNFO log stop ----
Pressing 'Log Stop'...
  button now : 'Log Start'
  size       : 1102569 then 1102569 bytes
  rows       : 542

Logging stopped.

================ RESULT ================
  sweep exit    : 0
  elapsed       : 4.6 min (expected ~10)
  hwinfo log    : 1102569 bytes, 542 rows
  result file   : C:\headroom-bench\results\20260923-162727_5060ti-4o-offset0close-bgemm128\wrapper-result.json

Run complete and both halves verified.
[16:32:12] Wrapper exit 0 for 5060ti-4o-offset0close-bgemm128
[16:32:12] Running 5060ti-4o-offset0close-bgemm256

================ PLAN ================
  label        : 5060ti-4o-offset0close-bgemm256
  workload     : bgemm256
  band         : 1237-3090 MHz, 13 points
  iterations   : 1579
  output dir   : C:\headroom-bench\results\20260923-163213_5060ti-4o-offset0close-bgemm256
  hwinfo log   : C:\headroom-bench\results\20260923-163213_5060ti-4o-offset0close-bgemm256\5060ti-4o-offset0close-bgemm256-hwinfo.csv
  expected     : ~10 min
  applied      : 4o offset ladder, registered section 7, suite offset0close. Stock Profile 3 verified under load at 13801 MHz. NVML P0 graphics offset 0 MHz, verified by read-back before sweep. 13-point ascending 1237-3090 MHz grid, HWiNFO SensorInterval 500. Iterations 1579 from 5060ti-stock-repro-20260922. No Afterburner profile applied after the offset.

---- preflight ----
  power limit : 180.00 W, 180.00 W
  pmon sm     : mean 0%, peak 0% across 4 sample(s)
  pmon        : idle enough to proceed

---- HWiNFO log start ----

Pressing 'Log Start' (async - it opens a modal dialog)...
Setting the filename, with the change notification the dialog needs...

  button now : 'Log Stop'
  file       : C:\headroom-bench\results\20260923-163213_5060ti-4o-offset0close-bgemm256\5060ti-4o-offset0close-bgemm256-hwinfo.csv
  size       : 24223 then 39765 bytes

Logging is running and the file is growing.

---- sweep ----
  workload cmd: C:\Users\Raymond\AppData\Local\Programs\Python\Python312\python.exe C:\Users\Raymond\Documents\headroom\tools\frequency-sweep\gpu_workload.py --workload bgemm256 --json --iterations 1579

[SWEEP] GPU:        NVIDIA GeForce RTX 5060 Ti (driver 616.92)
[SWEEP] Max clock:  3090 MHz | power limit 180.00 W enforced (180.00 W default, 200.00 W max)
[SWEEP] Supported:  389 discrete graphics clocks, 180-3090 MHz
[SWEEP] Sweep band:  1237-3090 MHz (explicit) - FINE sweep, ~154 MHz apart. Not a full-range curve.
[SWEEP] Testing:    13 frequencies -> 1237, 1395, 1545, 1702, 1852, 2010, 2167, 2317, 2475, 2625, 2782, 2932, 3090 MHz
[SWEEP] Workload:   C:\Users\Raymond\AppData\Local\Programs\Python\Python312\python.exe C:\Users\Raymond\Documents\headroom\tools\frequency-sweep\gpu_workload.py --workload bgemm256 --json --iterations 1579   (timed; duration is the performance metric)
[SWEEP] Estimated:  ~6.1 min of measurement (plus workload time if any)

[SWEEP] Configuration: 4o offset ladder, registered section 7, suite offset0close. Stock Profile 3 verified under load at 13801 MHz. NVML P0 graphics offset 0 MHz, verified by read-back before sweep. 13-point ascending 1237-3090 MHz grid, HWiNFO SensorInterval 500. Iterations 1579 from 5060ti-stock-repro-20260922. No Afterburner profile applied after the offset.

[SWEEP] Checking the GPU is quiet before starting...
[SWEEP] Video engines idle (encoder 0%, decoder 0%).
[SWEEP] Free VRAM 15440 MB - clear to start.
[SWEEP] Baseline utilisation 0% - clear to start.
[SWEEP] No interactive console - Ctrl+C interception unavailable. The finally block still resets clocks.
[SWEEP] NOTE: QuickEdit could not be disabled (likely no interactive console). If this window is interactive, DO NOT CLICK IN IT - a click freezes the run.
[SWEEP] --> locking 1237 MHz
[SWEEP]      1237 MHz -> achieved 1236.4 MHz (held),  61.85 W [34 in-window of 38], 46.2 C, util 94.8%
[SWEEP] --> locking 1395 MHz
[SWEEP]      1395 MHz -> achieved 1392.9 MHz (held),  68.33 W [30 in-window of 34], 46.7 C, util 96.3%
[SWEEP] --> locking 1545 MHz
[SWEEP]      1545 MHz -> achieved   1537 MHz (held),  72.96 W [27 in-window of 31], 47.3 C, util 97.4%
[SWEEP] --> locking 1702 MHz
[SWEEP]      1702 MHz -> achieved   1695 MHz (held),   83.7 W [25 in-window of 28], 49.1 C, util  98%
[SWEEP] --> locking 1852 MHz
[SWEEP]      1852 MHz -> achieved   1845 MHz (held),  96.14 W [23 in-window of 26], 50.5 C, util  93%
[SWEEP] --> locking 2010 MHz
[SWEEP]      2010 MHz -> achieved   2002 MHz (held), 112.51 W [21 in-window of 25], 53.6 C, util 97.8%
[SWEEP] --> locking 2167 MHz
[SWEEP]      2167 MHz -> achieved   2160 MHz (held), 115.87 W [20 in-window of 23], 54.2 C, util 92.4%
[SWEEP] --> locking 2317 MHz
[SWEEP]      2317 MHz -> achieved   2310 MHz (held), 131.98 W [18 in-window of 22], 56.6 C, util 92.4%
[SWEEP] --> locking 2475 MHz
[SWEEP]      2475 MHz -> achieved   2467 MHz (held), 159.45 W [17 in-window of 21], 60.3 C, util 92.1%
[SWEEP] --> locking 2625 MHz
[SWEEP]      2625 MHz -> achieved 2518.4 MHz (UNDERSHOT -106.6), 167.94 W [17 in-window of 20], 62.3 C, util  92%
[SWEEP] --> locking 2782 MHz
[SWEEP]      2782 MHz -> achieved 2543.6 MHz (UNDERSHOT -238.4),  163.9 W [17 in-window of 20], 63.1 C, util  94%
[SWEEP] --> locking 2932 MHz
[SWEEP]      2932 MHz -> achieved 2539.2 MHz (UNDERSHOT -392.8),  162.5 W [17 in-window of 20], 63.4 C, util 94.1%
[SWEEP] --> locking 3090 MHz
[SWEEP]      3090 MHz -> achieved 2528.1 MHz (UNDERSHOT -561.9), 164.72 W [17 in-window of 20], 63.4 C, util 94.4%

[SWEEP] Resetting GPU clocks...
[SWEEP] Clocks reset. Card is now reporting 2752 MHz at idle/load.

[SWEEP] ===================== RESULT =====================
[SWEEP] Measured 13 of 13 planned frequencies.
[SWEEP] Configuration: 4o offset ladder, registered section 7, suite offset0close. Stock Profile 3 verified under load at 13801 MHz. NVML P0 graphics offset 0 MHz, verified by read-back before sweep. 13-point ascending 1237-3090 MHz grid, HWiNFO SensorInterval 500. Iterations 1579 from 5060ti-stock-repro-20260922. No Afterburner profile applied after the offset.
[SWEEP] NOTE: 4 point(s) ran BELOW their target by more than 30 MHz.
[SWEEP] The card could not sustain the requested clock - power or thermal limits. Expected
[SWEEP] at the top of the range, where max boost is a bin the card never actually holds.
[SWEEP] CSV:  C:\headroom-bench\results\20260923-163213_5060ti-4o-offset0close-bgemm256\20260923-163229_5060ti-4o-offset0close-bgemm256_sweep.csv
[SWEEP] JSON: C:\headroom-bench\results\20260923-163213_5060ti-4o-offset0close-bgemm256\20260923-163229_5060ti-4o-offset0close-bgemm256_sweep.json
[SWEEP] ==================================================

[SWEEP] Clock locks do NOT survive a reboot. If anything looks wrong with the card's
[SWEEP] clocks after this, reboot and it returns to stock.

---- HWiNFO log stop ----
Pressing 'Log Stop'...
  button now : 'Log Start'
  size       : 1204393 then 1204393 bytes
  rows       : 593

Logging stopped.

================ RESULT ================
  sweep exit    : 0
  elapsed       : 5 min (expected ~10)
  hwinfo log    : 1204393 bytes, 593 rows
  result file   : C:\headroom-bench\results\20260923-163213_5060ti-4o-offset0close-bgemm256\wrapper-result.json

Run complete and both halves verified.
[16:37:23] Wrapper exit 0 for 5060ti-4o-offset0close-bgemm256
[16:37:23] Running 5060ti-4o-offset0close-bgemm1024

================ PLAN ================
  label        : 5060ti-4o-offset0close-bgemm1024
  workload     : bgemm1024
  band         : 1237-3090 MHz, 13 points
  iterations   : 414
  output dir   : C:\headroom-bench\results\20260923-163723_5060ti-4o-offset0close-bgemm1024
  hwinfo log   : C:\headroom-bench\results\20260923-163723_5060ti-4o-offset0close-bgemm1024\5060ti-4o-offset0close-bgemm1024-hwinfo.csv
  expected     : ~10 min
  applied      : 4o offset ladder, registered section 7, suite offset0close. Stock Profile 3 verified under load at 13801 MHz. NVML P0 graphics offset 0 MHz, verified by read-back before sweep. 13-point ascending 1237-3090 MHz grid, HWiNFO SensorInterval 500. Iterations 414 from 5060ti-stock-repro-20260922. No Afterburner profile applied after the offset.

---- preflight ----
  power limit : 180.00 W, 180.00 W
  pmon sm     : mean 0%, peak 0% across 4 sample(s)
  pmon        : idle enough to proceed

---- HWiNFO log start ----

Pressing 'Log Start' (async - it opens a modal dialog)...
Setting the filename, with the change notification the dialog needs...

  button now : 'Log Stop'
  file       : C:\headroom-bench\results\20260923-163723_5060ti-4o-offset0close-bgemm1024\5060ti-4o-offset0close-bgemm1024-hwinfo.csv
  size       : 22256 then 37833 bytes

Logging is running and the file is growing.

---- sweep ----
  workload cmd: C:\Users\Raymond\AppData\Local\Programs\Python\Python312\python.exe C:\Users\Raymond\Documents\headroom\tools\frequency-sweep\gpu_workload.py --workload bgemm1024 --json --iterations 414

[SWEEP] GPU:        NVIDIA GeForce RTX 5060 Ti (driver 616.92)
[SWEEP] Max clock:  3090 MHz | power limit 180.00 W enforced (180.00 W default, 200.00 W max)
[SWEEP] Supported:  389 discrete graphics clocks, 180-3090 MHz
[SWEEP] Sweep band:  1237-3090 MHz (explicit) - FINE sweep, ~154 MHz apart. Not a full-range curve.
[SWEEP] Testing:    13 frequencies -> 1237, 1395, 1545, 1702, 1852, 2010, 2167, 2317, 2475, 2625, 2782, 2932, 3090 MHz
[SWEEP] Workload:   C:\Users\Raymond\AppData\Local\Programs\Python\Python312\python.exe C:\Users\Raymond\Documents\headroom\tools\frequency-sweep\gpu_workload.py --workload bgemm1024 --json --iterations 414   (timed; duration is the performance metric)
[SWEEP] Estimated:  ~6.1 min of measurement (plus workload time if any)

[SWEEP] Configuration: 4o offset ladder, registered section 7, suite offset0close. Stock Profile 3 verified under load at 13801 MHz. NVML P0 graphics offset 0 MHz, verified by read-back before sweep. 13-point ascending 1237-3090 MHz grid, HWiNFO SensorInterval 500. Iterations 414 from 5060ti-stock-repro-20260922. No Afterburner profile applied after the offset.

[SWEEP] Checking the GPU is quiet before starting...
[SWEEP] Video engines idle (encoder 0%, decoder 0%).
[SWEEP] Free VRAM 15440 MB - clear to start.
[SWEEP] Baseline utilisation 0% - clear to start.
[SWEEP] No interactive console - Ctrl+C interception unavailable. The finally block still resets clocks.
[SWEEP] NOTE: QuickEdit could not be disabled (likely no interactive console). If this window is interactive, DO NOT CLICK IN IT - a click freezes the run.
[SWEEP] --> locking 1237 MHz
[SWEEP]      1237 MHz -> achieved   1236 MHz (held),   51.3 W [34 in-window of 38], 46.5 C, util 96.3%
[SWEEP] --> locking 1395 MHz
[SWEEP]      1395 MHz -> achieved 1392.2 MHz (held),  56.17 W [31 in-window of 34], 46.5 C, util 95.7%
[SWEEP] --> locking 1545 MHz
[SWEEP]      1545 MHz -> achieved   1537 MHz (held),  61.05 W [28 in-window of 31], 46.8 C, util 98.6%
[SWEEP] --> locking 1702 MHz
[SWEEP]      1702 MHz -> achieved   1695 MHz (held),  71.58 W [25 in-window of 29], 48.2 C, util 98.6%
[SWEEP] --> locking 1852 MHz
[SWEEP]      1852 MHz -> achieved   1845 MHz (held),  80.85 W [23 in-window of 27], 49.7 C, util 93.9%
[SWEEP] --> locking 2010 MHz
[SWEEP]      2010 MHz -> achieved   2002 MHz (held),  97.31 W [21 in-window of 25],  52 C, util 95.4%
[SWEEP] --> locking 2167 MHz
[SWEEP]      2167 MHz -> achieved   2160 MHz (held), 100.44 W [20 in-window of 23], 52.7 C, util 92.1%
[SWEEP] --> locking 2317 MHz
[SWEEP]      2317 MHz -> achieved   2310 MHz (held), 114.57 W [18 in-window of 22], 55.2 C, util 92.7%
[SWEEP] --> locking 2475 MHz
[SWEEP]      2475 MHz -> achieved   2467 MHz (held), 141.45 W [17 in-window of 21], 59.8 C, util 97.8%
[SWEEP] --> locking 2625 MHz
[SWEEP]      2625 MHz -> achieved 2590.9 MHz (UNDERSHOT -34.1), 167.22 W [16 in-window of 20], 64.4 C, util 100%
[SWEEP] --> locking 2782 MHz
[SWEEP]      2782 MHz -> achieved 2593.4 MHz (UNDERSHOT -188.6), 165.53 W [16 in-window of 20], 64.8 C, util 96.2%
[SWEEP] --> locking 2932 MHz
[SWEEP]      2932 MHz -> achieved 2599.9 MHz (UNDERSHOT -332.1), 167.58 W [16 in-window of 20], 65.5 C, util 100%
[SWEEP] --> locking 3090 MHz
[SWEEP]      3090 MHz -> achieved 2597.6 MHz (UNDERSHOT -492.4), 168.52 W [16 in-window of 20], 65.9 C, util 100%

[SWEEP] Resetting GPU clocks...
[SWEEP] Clocks reset. Card is now reporting 2760 MHz at idle/load.

[SWEEP] ===================== RESULT =====================
[SWEEP] Measured 13 of 13 planned frequencies.
[SWEEP] Configuration: 4o offset ladder, registered section 7, suite offset0close. Stock Profile 3 verified under load at 13801 MHz. NVML P0 graphics offset 0 MHz, verified by read-back before sweep. 13-point ascending 1237-3090 MHz grid, HWiNFO SensorInterval 500. Iterations 414 from 5060ti-stock-repro-20260922. No Afterburner profile applied after the offset.
[SWEEP] NOTE: 4 point(s) ran BELOW their target by more than 30 MHz.
[SWEEP] The card could not sustain the requested clock - power or thermal limits. Expected
[SWEEP] at the top of the range, where max boost is a bin the card never actually holds.
[SWEEP] CSV:  C:\headroom-bench\results\20260923-163723_5060ti-4o-offset0close-bgemm1024\20260923-163740_5060ti-4o-offset0close-bgemm1024_sweep.csv
[SWEEP] JSON: C:\headroom-bench\results\20260923-163723_5060ti-4o-offset0close-bgemm1024\20260923-163740_5060ti-4o-offset0close-bgemm1024_sweep.json
[SWEEP] ==================================================

[SWEEP] Clock locks do NOT survive a reboot. If anything looks wrong with the card's
[SWEEP] clocks after this, reboot and it returns to stock.

---- HWiNFO log stop ----
Pressing 'Log Stop'...
  button now : 'Log Start'
  size       : 1208363 then 1208363 bytes
  rows       : 595

Logging stopped.

================ RESULT ================
  sweep exit    : 0
  elapsed       : 5 min (expected ~10)
  hwinfo log    : 1208363 bytes, 595 rows
  result file   : C:\headroom-bench\results\20260923-163723_5060ti-4o-offset0close-bgemm1024\wrapper-result.json

Run complete and both halves verified.
[16:42:35] Wrapper exit 0 for 5060ti-4o-offset0close-bgemm1024
[16:42:35] Running 5060ti-4o-offset0close-attention

================ PLAN ================
  label        : 5060ti-4o-offset0close-attention
  workload     : attention
  band         : 1237-3090 MHz, 13 points
  iterations   : 147
  output dir   : C:\headroom-bench\results\20260923-164235_5060ti-4o-offset0close-attention
  hwinfo log   : C:\headroom-bench\results\20260923-164235_5060ti-4o-offset0close-attention\5060ti-4o-offset0close-attention-hwinfo.csv
  expected     : ~10 min
  applied      : 4o offset ladder, registered section 7, suite offset0close. Stock Profile 3 verified under load at 13801 MHz. NVML P0 graphics offset 0 MHz, verified by read-back before sweep. 13-point ascending 1237-3090 MHz grid, HWiNFO SensorInterval 500. Iterations 147 from 5060ti-stock-repro-20260922. No Afterburner profile applied after the offset.

---- preflight ----
  power limit : 180.00 W, 180.00 W
  pmon sm     : mean 0%, peak 0% across 4 sample(s)
  pmon        : idle enough to proceed

---- HWiNFO log start ----

Pressing 'Log Start' (async - it opens a modal dialog)...
Setting the filename, with the change notification the dialog needs...

  button now : 'Log Stop'
  file       : C:\headroom-bench\results\20260923-164235_5060ti-4o-offset0close-attention\5060ti-4o-offset0close-attention-hwinfo.csv
  size       : 24209 then 37812 bytes

Logging is running and the file is growing.

---- sweep ----
  workload cmd: C:\Users\Raymond\AppData\Local\Programs\Python\Python312\python.exe C:\Users\Raymond\Documents\headroom\tools\frequency-sweep\gpu_workload.py --workload attention --json --iterations 147

[SWEEP] GPU:        NVIDIA GeForce RTX 5060 Ti (driver 616.92)
[SWEEP] Max clock:  3090 MHz | power limit 180.00 W enforced (180.00 W default, 200.00 W max)
[SWEEP] Supported:  389 discrete graphics clocks, 180-3090 MHz
[SWEEP] Sweep band:  1237-3090 MHz (explicit) - FINE sweep, ~154 MHz apart. Not a full-range curve.
[SWEEP] Testing:    13 frequencies -> 1237, 1395, 1545, 1702, 1852, 2010, 2167, 2317, 2475, 2625, 2782, 2932, 3090 MHz
[SWEEP] Workload:   C:\Users\Raymond\AppData\Local\Programs\Python\Python312\python.exe C:\Users\Raymond\Documents\headroom\tools\frequency-sweep\gpu_workload.py --workload attention --json --iterations 147   (timed; duration is the performance metric)
[SWEEP] Estimated:  ~6.1 min of measurement (plus workload time if any)

[SWEEP] Configuration: 4o offset ladder, registered section 7, suite offset0close. Stock Profile 3 verified under load at 13801 MHz. NVML P0 graphics offset 0 MHz, verified by read-back before sweep. 13-point ascending 1237-3090 MHz grid, HWiNFO SensorInterval 500. Iterations 147 from 5060ti-stock-repro-20260922. No Afterburner profile applied after the offset.

[SWEEP] Checking the GPU is quiet before starting...
[SWEEP] Video engines idle (encoder 0%, decoder 0%).
[SWEEP] Free VRAM 15440 MB - clear to start.
[SWEEP] Baseline utilisation 0.8% - clear to start.
[SWEEP] No interactive console - Ctrl+C interception unavailable. The finally block still resets clocks.
[SWEEP] NOTE: QuickEdit could not be disabled (likely no interactive console). If this window is interactive, DO NOT CLICK IN IT - a click freezes the run.
[SWEEP] --> locking 1237 MHz
[SWEEP]      1237 MHz -> achieved 1236.2 MHz (held),   35.7 W [33 in-window of 38],  44 C, util 99.7%
[SWEEP] --> locking 1395 MHz
[SWEEP]      1395 MHz -> achieved 1393.9 MHz (held),  38.59 W [29 in-window of 34],  43 C, util 98.1%
[SWEEP] --> locking 1545 MHz
[SWEEP]      1545 MHz -> achieved   1537 MHz (held),  40.24 W [26 in-window of 31], 42.9 C, util 96.9%
[SWEEP] --> locking 1702 MHz
[SWEEP]      1702 MHz -> achieved   1695 MHz (held),  46.07 W [24 in-window of 28], 43.7 C, util 99.2%
[SWEEP] --> locking 1852 MHz
[SWEEP]      1852 MHz -> achieved   1845 MHz (held),  53.68 W [22 in-window of 26], 44.7 C, util 97.5%
[SWEEP] --> locking 2010 MHz
[SWEEP]      2010 MHz -> achieved   2002 MHz (held),  63.22 W [20 in-window of 25], 46.2 C, util 96.8%
[SWEEP] --> locking 2167 MHz
[SWEEP]      2167 MHz -> achieved   2160 MHz (held),  66.36 W [19 in-window of 23], 47.3 C, util 100%
[SWEEP] --> locking 2317 MHz
[SWEEP]      2317 MHz -> achieved   2310 MHz (held),  76.55 W [17 in-window of 22], 48.4 C, util 98.1%
[SWEEP] --> locking 2475 MHz
[SWEEP]      2475 MHz -> achieved   2467 MHz (held),  86.39 W [17 in-window of 21], 50.8 C, util 98.1%
[SWEEP] --> locking 2625 MHz
[SWEEP]      2625 MHz -> achieved   2617 MHz (held), 101.16 W [16 in-window of 20], 53.4 C, util 100%
[SWEEP] --> locking 2782 MHz
[SWEEP]      2782 MHz -> achieved 2749.4 MHz (UNDERSHOT -32.6), 109.91 W [15 in-window of 19], 55.4 C, util 91.1%
[SWEEP] --> locking 2932 MHz
[SWEEP]      2932 MHz -> achieved 2748.4 MHz (UNDERSHOT -183.6), 109.52 W [15 in-window of 19], 55.5 C, util 93.4%
[SWEEP] --> locking 3090 MHz
[SWEEP]      3090 MHz -> achieved 2747.9 MHz (UNDERSHOT -342.1), 111.03 W [15 in-window of 19], 56.8 C, util 90.4%

[SWEEP] Resetting GPU clocks...
[SWEEP] Clocks reset. Card is now reporting 2760 MHz at idle/load.

[SWEEP] ===================== RESULT =====================
[SWEEP] Measured 13 of 13 planned frequencies.
[SWEEP] Configuration: 4o offset ladder, registered section 7, suite offset0close. Stock Profile 3 verified under load at 13801 MHz. NVML P0 graphics offset 0 MHz, verified by read-back before sweep. 13-point ascending 1237-3090 MHz grid, HWiNFO SensorInterval 500. Iterations 147 from 5060ti-stock-repro-20260922. No Afterburner profile applied after the offset.
[SWEEP] NOTE: 3 point(s) ran BELOW their target by more than 30 MHz.
[SWEEP] The card could not sustain the requested clock - power or thermal limits. Expected
[SWEEP] at the top of the range, where max boost is a bin the card never actually holds.
[SWEEP] CSV:  C:\headroom-bench\results\20260923-164235_5060ti-4o-offset0close-attention\20260923-164252_5060ti-4o-offset0close-attention_sweep.csv
[SWEEP] JSON: C:\headroom-bench\results\20260923-164235_5060ti-4o-offset0close-attention\20260923-164252_5060ti-4o-offset0close-attention_sweep.json
[SWEEP] ==================================================

[SWEEP] Clock locks do NOT survive a reboot. If anything looks wrong with the card's
[SWEEP] clocks after this, reboot and it returns to stock.

---- HWiNFO log stop ----
Pressing 'Log Stop'...
  button now : 'Log Start'
  size       : 1195511 then 1195511 bytes
  rows       : 589

Logging stopped.

================ RESULT ================
  sweep exit    : 0
  elapsed       : 4.9 min (expected ~10)
  hwinfo log    : 1195511 bytes, 589 rows
  result file   : C:\headroom-bench\results\20260923-164235_5060ti-4o-offset0close-attention\wrapper-result.json

Run complete and both halves verified.
[16:47:43] Wrapper exit 0 for 5060ti-4o-offset0close-attention
[16:47:43] Running 5060ti-4o-offset0close-conv

================ PLAN ================
  label        : 5060ti-4o-offset0close-conv
  workload     : conv
  band         : 1237-3090 MHz, 13 points
  iterations   : 151
  output dir   : C:\headroom-bench\results\20260923-164744_5060ti-4o-offset0close-conv
  hwinfo log   : C:\headroom-bench\results\20260923-164744_5060ti-4o-offset0close-conv\5060ti-4o-offset0close-conv-hwinfo.csv
  expected     : ~10 min
  applied      : 4o offset ladder, registered section 7, suite offset0close. Stock Profile 3 verified under load at 13801 MHz. NVML P0 graphics offset 0 MHz, verified by read-back before sweep. 13-point ascending 1237-3090 MHz grid, HWiNFO SensorInterval 500. Iterations 151 from 5060ti-stock-repro-20260922. No Afterburner profile applied after the offset.

---- preflight ----
  power limit : 180.00 W, 180.00 W
  pmon sm     : mean 0%, peak 0% across 4 sample(s)
  pmon        : idle enough to proceed

---- HWiNFO log start ----

Pressing 'Log Start' (async - it opens a modal dialog)...
Setting the filename, with the change notification the dialog needs...

  button now : 'Log Stop'
  file       : C:\headroom-bench\results\20260923-164744_5060ti-4o-offset0close-conv\5060ti-4o-offset0close-conv-hwinfo.csv
  size       : 22281 then 37848 bytes

Logging is running and the file is growing.

---- sweep ----
  workload cmd: C:\Users\Raymond\AppData\Local\Programs\Python\Python312\python.exe C:\Users\Raymond\Documents\headroom\tools\frequency-sweep\gpu_workload.py --workload conv --json --iterations 151

[SWEEP] GPU:        NVIDIA GeForce RTX 5060 Ti (driver 616.92)
[SWEEP] Max clock:  3090 MHz | power limit 180.00 W enforced (180.00 W default, 200.00 W max)
[SWEEP] Supported:  389 discrete graphics clocks, 180-3090 MHz
[SWEEP] Sweep band:  1237-3090 MHz (explicit) - FINE sweep, ~154 MHz apart. Not a full-range curve.
[SWEEP] Testing:    13 frequencies -> 1237, 1395, 1545, 1702, 1852, 2010, 2167, 2317, 2475, 2625, 2782, 2932, 3090 MHz
[SWEEP] Workload:   C:\Users\Raymond\AppData\Local\Programs\Python\Python312\python.exe C:\Users\Raymond\Documents\headroom\tools\frequency-sweep\gpu_workload.py --workload conv --json --iterations 151   (timed; duration is the performance metric)
[SWEEP] Estimated:  ~6.1 min of measurement (plus workload time if any)

[SWEEP] Configuration: 4o offset ladder, registered section 7, suite offset0close. Stock Profile 3 verified under load at 13801 MHz. NVML P0 graphics offset 0 MHz, verified by read-back before sweep. 13-point ascending 1237-3090 MHz grid, HWiNFO SensorInterval 500. Iterations 151 from 5060ti-stock-repro-20260922. No Afterburner profile applied after the offset.

[SWEEP] Checking the GPU is quiet before starting...
[SWEEP] Video engines idle (encoder 0%, decoder 0%).
[SWEEP] Free VRAM 15440 MB - clear to start.
[SWEEP] Baseline utilisation 0% - clear to start.
[SWEEP] No interactive console - Ctrl+C interception unavailable. The finally block still resets clocks.
[SWEEP] NOTE: QuickEdit could not be disabled (likely no interactive console). If this window is interactive, DO NOT CLICK IN IT - a click freezes the run.
[SWEEP] --> locking 1237 MHz
[SWEEP]      1237 MHz -> achieved 1236.2 MHz (held),  44.04 W [34 in-window of 38],  43 C, util 99.9%
[SWEEP] --> locking 1395 MHz
[SWEEP]      1395 MHz -> achieved 1392.9 MHz (held),  46.55 W [30 in-window of 34], 43.4 C, util 98.6%
[SWEEP] --> locking 1545 MHz
[SWEEP]      1545 MHz -> achieved   1537 MHz (held),  50.15 W [27 in-window of 32], 43.7 C, util 97.6%
[SWEEP] --> locking 1702 MHz
[SWEEP]      1702 MHz -> achieved   1695 MHz (held),  60.48 W [24 in-window of 29], 45.1 C, util 97.7%
[SWEEP] --> locking 1852 MHz
[SWEEP]      1852 MHz -> achieved   1845 MHz (held),  70.58 W [22 in-window of 27], 46.8 C, util 95.7%
[SWEEP] --> locking 2010 MHz
[SWEEP]      2010 MHz -> achieved   2002 MHz (held),  85.04 W [21 in-window of 25],  49 C, util 100%
[SWEEP] --> locking 2167 MHz
[SWEEP]      2167 MHz -> achieved   2160 MHz (held),  90.84 W [19 in-window of 24], 50.1 C, util 99.3%
[SWEEP] --> locking 2317 MHz
[SWEEP]      2317 MHz -> achieved   2310 MHz (held), 101.37 W [18 in-window of 22], 52.1 C, util 100%
[SWEEP] --> locking 2475 MHz
[SWEEP]      2475 MHz -> achieved   2467 MHz (held), 118.37 W [16 in-window of 21], 55.1 C, util 99.4%
[SWEEP] --> locking 2625 MHz
[SWEEP]      2625 MHz -> achieved   2617 MHz (held), 146.54 W [15 in-window of 20], 60.1 C, util 100%
[SWEEP] --> locking 2782 MHz
[SWEEP]      2782 MHz -> achieved 2704.8 MHz (UNDERSHOT -77.2), 162.46 W [15 in-window of 20], 63.2 C, util 100%
[SWEEP] --> locking 2932 MHz
[SWEEP]      2932 MHz -> achieved 2703.7 MHz (UNDERSHOT -228.3),  163.5 W [15 in-window of 20], 64.1 C, util 100%
[SWEEP] --> locking 3090 MHz
[SWEEP]      3090 MHz -> achieved 2707.8 MHz (UNDERSHOT -382.2), 160.75 W [15 in-window of 19], 64.4 C, util 98.1%

[SWEEP] Resetting GPU clocks...
[SWEEP] Clocks reset. Card is now reporting 2760 MHz at idle/load.

[SWEEP] ===================== RESULT =====================
[SWEEP] Measured 13 of 13 planned frequencies.
[SWEEP] Configuration: 4o offset ladder, registered section 7, suite offset0close. Stock Profile 3 verified under load at 13801 MHz. NVML P0 graphics offset 0 MHz, verified by read-back before sweep. 13-point ascending 1237-3090 MHz grid, HWiNFO SensorInterval 500. Iterations 151 from 5060ti-stock-repro-20260922. No Afterburner profile applied after the offset.
[SWEEP] NOTE: 3 point(s) ran BELOW their target by more than 30 MHz.
[SWEEP] The card could not sustain the requested clock - power or thermal limits. Expected
[SWEEP] at the top of the range, where max boost is a bin the card never actually holds.
[SWEEP] CSV:  C:\headroom-bench\results\20260923-164744_5060ti-4o-offset0close-conv\20260923-164800_5060ti-4o-offset0close-conv_sweep.csv
[SWEEP] JSON: C:\headroom-bench\results\20260923-164744_5060ti-4o-offset0close-conv\20260923-164800_5060ti-4o-offset0close-conv_sweep.json
[SWEEP] ==================================================

[SWEEP] Clock locks do NOT survive a reboot. If anything looks wrong with the card's
[SWEEP] clocks after this, reboot and it returns to stock.

---- HWiNFO log stop ----
Pressing 'Log Stop'...
  button now : 'Log Start'
  size       : 1207450 then 1207450 bytes
  rows       : 595

Logging stopped.

================ RESULT ================
  sweep exit    : 0
  elapsed       : 5 min (expected ~10)
  hwinfo log    : 1207450 bytes, 595 rows
  result file   : C:\headroom-bench\results\20260923-164744_5060ti-4o-offset0close-conv\wrapper-result.json

Run complete and both halves verified.
[16:52:55] Wrapper exit 0 for 5060ti-4o-offset0close-conv
[16:52:55] Running 5060ti-4o-offset0close-gemm

================ PLAN ================
  label        : 5060ti-4o-offset0close-gemm
  workload     : gemm
  band         : 1237-3090 MHz, 13 points
  iterations   : 120
  output dir   : C:\headroom-bench\results\20260923-165255_5060ti-4o-offset0close-gemm
  hwinfo log   : C:\headroom-bench\results\20260923-165255_5060ti-4o-offset0close-gemm\5060ti-4o-offset0close-gemm-hwinfo.csv
  expected     : ~10 min
  applied      : 4o offset ladder, registered section 7, suite offset0close. Stock Profile 3 verified under load at 13801 MHz. NVML P0 graphics offset 0 MHz, verified by read-back before sweep. 13-point ascending 1237-3090 MHz grid, HWiNFO SensorInterval 500. Iterations 120 from 5060ti-stock-repro-20260922. No Afterburner profile applied after the offset.

---- preflight ----
  power limit : 180.00 W, 180.00 W
  pmon sm     : mean 0%, peak 0% across 4 sample(s)
  pmon        : idle enough to proceed

---- HWiNFO log start ----

Pressing 'Log Start' (async - it opens a modal dialog)...
Setting the filename, with the change notification the dialog needs...

  button now : 'Log Stop'
  file       : C:\headroom-bench\results\20260923-165255_5060ti-4o-offset0close-gemm\5060ti-4o-offset0close-gemm-hwinfo.csv
  size       : 22262 then 37788 bytes

Logging is running and the file is growing.

---- sweep ----
  workload cmd: C:\Users\Raymond\AppData\Local\Programs\Python\Python312\python.exe C:\Users\Raymond\Documents\headroom\tools\frequency-sweep\gpu_workload.py --workload gemm --json --iterations 120

[SWEEP] GPU:        NVIDIA GeForce RTX 5060 Ti (driver 616.92)
[SWEEP] Max clock:  3090 MHz | power limit 180.00 W enforced (180.00 W default, 200.00 W max)
[SWEEP] Supported:  389 discrete graphics clocks, 180-3090 MHz
[SWEEP] Sweep band:  1237-3090 MHz (explicit) - FINE sweep, ~154 MHz apart. Not a full-range curve.
[SWEEP] Testing:    13 frequencies -> 1237, 1395, 1545, 1702, 1852, 2010, 2167, 2317, 2475, 2625, 2782, 2932, 3090 MHz
[SWEEP] Workload:   C:\Users\Raymond\AppData\Local\Programs\Python\Python312\python.exe C:\Users\Raymond\Documents\headroom\tools\frequency-sweep\gpu_workload.py --workload gemm --json --iterations 120   (timed; duration is the performance metric)
[SWEEP] Estimated:  ~6.1 min of measurement (plus workload time if any)

[SWEEP] Configuration: 4o offset ladder, registered section 7, suite offset0close. Stock Profile 3 verified under load at 13801 MHz. NVML P0 graphics offset 0 MHz, verified by read-back before sweep. 13-point ascending 1237-3090 MHz grid, HWiNFO SensorInterval 500. Iterations 120 from 5060ti-stock-repro-20260922. No Afterburner profile applied after the offset.

[SWEEP] Checking the GPU is quiet before starting...
[SWEEP] Video engines idle (encoder 0%, decoder 0%).
[SWEEP] Free VRAM 15440 MB - clear to start.
[SWEEP] Baseline utilisation 1.2% - clear to start.
[SWEEP] No interactive console - Ctrl+C interception unavailable. The finally block still resets clocks.
[SWEEP] NOTE: QuickEdit could not be disabled (likely no interactive console). If this window is interactive, DO NOT CLICK IN IT - a click freezes the run.
[SWEEP] --> locking 1237 MHz
[SWEEP]      1237 MHz -> achieved 1235.8 MHz (held),  60.75 W [29 in-window of 34], 45.8 C, util 98.8%
[SWEEP] --> locking 1395 MHz
[SWEEP]      1395 MHz -> achieved   1387 MHz (held),  67.02 W [26 in-window of 31], 46.6 C, util 99.6%
[SWEEP] --> locking 1545 MHz
[SWEEP]      1545 MHz -> achieved   1537 MHz (held),  73.23 W [23 in-window of 28], 47.2 C, util 99.3%
[SWEEP] --> locking 1702 MHz
[SWEEP]      1702 MHz -> achieved   1695 MHz (held),  86.59 W [21 in-window of 26], 48.7 C, util 98.2%
[SWEEP] --> locking 1852 MHz
[SWEEP]      1852 MHz -> achieved   1845 MHz (held), 100.12 W [19 in-window of 24], 51.2 C, util 97.9%
[SWEEP] --> locking 2010 MHz
[SWEEP]      2010 MHz -> achieved   2002 MHz (held), 118.88 W [18 in-window of 22],  54 C, util 97.2%
[SWEEP] --> locking 2167 MHz
[SWEEP]      2167 MHz -> achieved   2160 MHz (held), 129.81 W [17 in-window of 21], 55.6 C, util 96.1%
[SWEEP] --> locking 2317 MHz
[SWEEP]      2317 MHz -> achieved   2310 MHz (held), 143.85 W [15 in-window of 20], 59.3 C, util 100%
[SWEEP] --> locking 2475 MHz
[SWEEP]      2475 MHz -> achieved 2442.6 MHz (UNDERSHOT -32.4), 168.92 W [14 in-window of 19], 63.2 C, util 97.8%
[SWEEP] --> locking 2625 MHz
[SWEEP]      2625 MHz -> achieved 2445.9 MHz (UNDERSHOT -179.1), 171.44 W [14 in-window of 19], 63.9 C, util 98.7%
[SWEEP] --> locking 2782 MHz
[SWEEP]      2782 MHz -> achieved 2434.1 MHz (UNDERSHOT -347.9), 174.37 W [14 in-window of 19], 64.2 C, util 98.2%
[SWEEP] --> locking 2932 MHz
[SWEEP]      2932 MHz -> achieved   2433 MHz (UNDERSHOT -499), 175.79 W [14 in-window of 19], 63.7 C, util 96.5%
[SWEEP] --> locking 3090 MHz
[SWEEP]      3090 MHz -> achieved 2439.5 MHz (UNDERSHOT -650.5), 169.97 W [14 in-window of 19], 64.3 C, util 98.4%

[SWEEP] Resetting GPU clocks...
[SWEEP] Clocks reset. Card is now reporting 2760 MHz at idle/load.

[SWEEP] ===================== RESULT =====================
[SWEEP] Measured 13 of 13 planned frequencies.
[SWEEP] Configuration: 4o offset ladder, registered section 7, suite offset0close. Stock Profile 3 verified under load at 13801 MHz. NVML P0 graphics offset 0 MHz, verified by read-back before sweep. 13-point ascending 1237-3090 MHz grid, HWiNFO SensorInterval 500. Iterations 120 from 5060ti-stock-repro-20260922. No Afterburner profile applied after the offset.
[SWEEP] NOTE: 5 point(s) ran BELOW their target by more than 30 MHz.
[SWEEP] The card could not sustain the requested clock - power or thermal limits. Expected
[SWEEP] at the top of the range, where max boost is a bin the card never actually holds.
[SWEEP] CSV:  C:\headroom-bench\results\20260923-165255_5060ti-4o-offset0close-gemm\20260923-165312_5060ti-4o-offset0close-gemm_sweep.csv
[SWEEP] JSON: C:\headroom-bench\results\20260923-165255_5060ti-4o-offset0close-gemm\20260923-165312_5060ti-4o-offset0close-gemm_sweep.json
[SWEEP] ==================================================

[SWEEP] Clock locks do NOT survive a reboot. If anything looks wrong with the card's
[SWEEP] clocks after this, reboot and it returns to stock.

---- HWiNFO log stop ----
Pressing 'Log Stop'...
  button now : 'Log Start'
  size       : 1144351 then 1144351 bytes
  rows       : 563

Logging stopped.

================ RESULT ================
  sweep exit    : 0
  elapsed       : 4.7 min (expected ~10)
  hwinfo log    : 1144351 bytes, 563 rows
  result file   : C:\headroom-bench\results\20260923-165255_5060ti-4o-offset0close-gemm\wrapper-result.json

Run complete and both halves verified.
[16:57:51] Wrapper exit 0 for 5060ti-4o-offset0close-gemm
[16:57:51] Resetting NVML P0 graphics offset to 0 MHz and verifying read-back.
Current P0 graphics offset: 0 MHz (allowed -1000 to 1000).
Verified by read-back: P0 graphics offset is now 0 MHz.
A read-back proves the driver accepted the value, not what it does to clocks or voltage. The sweep measures that.
[16:57:51] Offset ladder complete; NVML offset read back 0 MHz.
