Date,Time,"Virtual Memory Committed [MB]","Virtual Memory Available [MB]","Virtual Memory Load [%]","Physical Memory Used [MB]","Physical Memory Available [MB]","Physical Memory Load [%]","Page File Usage [%]","Page File Total [MB]","Page File Used [MB]","Core VIDs (avg) [V]","Core 0 VID [V]","Core 1 VID [V]","Core 2 VID [V]","Core 3 VID [V]","Core 4 VID [V]","Core 5 VID [V]","Core Clocks (avg) [MHz]","Core 0 Clock (perf #4/5) [MHz]","Core 1 Clock (perf #2/3) [MHz]","Core 2 Clock (perf #1/2) [MHz]","Core 3 Clock (perf #5/6) [MHz]","Core 4 Clock (perf #1/1) [MHz]","Core 5 Clock (perf #3/4) [MHz]","Bus Clock [MHz]","Core Effective Clocks (avg) [MHz]","Core 0 T0 Effective Clock [MHz]","Core 0 T1 Effective Clock [MHz]","Core 1 T0 Effective Clock [MHz]","Core 1 T1 Effective Clock [MHz]","Core 2 T0 Effective Clock [MHz]","Core 2 T1 Effective Clock [MHz]","Core 3 T0 Effective Clock [MHz]","Core 3 T1 Effective Clock [MHz]","Core 4 T0 Effective Clock [MHz]","Core 4 T1 Effective Clock [MHz]","Core 5 T0 Effective Clock [MHz]","Core 5 T1 Effective Clock [MHz]","Average Effective Clock [MHz]","Core Usage (avg) [%]","Core 0 T0 Usage [%]","Core 0 T1 Usage [%]","Core 1 T0 Usage [%]","Core 1 T1 Usage [%]","Core 2 T0 Usage [%]","Core 2 T1 Usage [%]","Core 3 T0 Usage [%]","Core 3 T1 Usage [%]","Core 4 T0 Usage [%]","Core 4 T1 Usage [%]","Core 5 T0 Usage [%]","Core 5 T1 Usage [%]","Max CPU/Thread Usage [%]","Total CPU Usage [%]","Core Utility (avg) [%]","Core 0 T0 Utility [%]","Core 0 T1 Utility [%]","Core 1 T0 Utility [%]","Core 1 T1 Utility [%]","Core 2 T0 Utility [%]","Core 2 T1 Utility [%]","Core 3 T0 Utility [%]","Core 3 T1 Utility [%]","Core 4 T0 Utility [%]","Core 4 T1 Utility [%]","Core 5 T0 Utility [%]","Core 5 T1 Utility [%]","Total CPU Utility [%]","Core Ratios (avg) [x]","Core 0 Ratio [x]","Core 1 Ratio [x]","Core 2 Ratio [x]","Core 3 Ratio [x]","Core 4 Ratio [x]","Core 5 Ratio [x]","Package C6 Residency [%]","Core C0 Residency (avg) [%]","Core 0 C0 Residency [%]","Core 1 C0 Residency [%]","Core 2 C0 Residency [%]","Core 3 C0 Residency [%]","Core 4 C0 Residency [%]","Core 5 C0 Residency [%]","Core C1 Residency (avg) [%]","Core 0 C1 Residency [%]","Core 1 C1 Residency [%]","Core 2 C1 Residency [%]","Core 3 C1 Residency [%]","Core 4 C1 Residency [%]","Core 5 C1 Residency [%]","Core C6 Residency (avg) [%]","Core 0 C6 Residency [%]","Core 1 C6 Residency [%]","Core 2 C6 Residency [%]","Core 3 C6 Residency [%]","Core 4 C6 Residency [%]","Core 5 C6 Residency [%]","Memory Clock [MHz]","Memory Clock Ratio [x]","Tcas [T]","Trcd [T]","Trp [T]","Tras [T]","Trc [T]","Trfc [T]","Command Rate [T]","CPU (Tctl/Tdie) [°C]","CPU Die (average) [°C]","CPU CCD1 (Tdie) [°C]","Core Temperatures (avg) [°C]","Core0 (CCD1) [°C]","Core1 (CCD1) [°C]","Core2 (CCD1) [°C]","Core3 (CCD1) [°C]","Core4 (CCD1) [°C]","Core5 (CCD1) [°C]","L3 Temperatures (avg) [°C]","L3 Cache (CCD1) [°C]","CPU IOD Hotspot [°C]","CPU IOD Average [°C]","CPU Core Voltage (SVI2 TFN) [V]","SoC Voltage (SVI2 TFN) [V]","CPU Core VID (Effective) [V]","CPU Core Current (SVI2 TFN) [A]","SoC Current (SVI2 TFN) [A]","CPU TDC [A]","CPU EDC [A]","CPU Package Power [W]","Core Powers (avg) [W]","Core 0 Power [W]","Core 1 Power [W]","Core 2 Power [W]","Core 3 Power [W]","Core 4 Power [W]","Core 5 Power [W]","CPU Core Power (SVI2 TFN) [W]","CPU SoC Power (SVI2 TFN) [W]","Core+SoC Power (SVI2 TFN) [W]","CPU PPT [W]","Infinity Fabric Clock (FCLK) [MHz]","Memory Controller Clock (UCLK) [MHz]","L3 Clocks (avg) [MHz]","L3 Cache (CCD1) [MHz]","Frequency Limit - Global [MHz]","CPU PPT Limit [%]","CPU TDC Limit [%]","CPU EDC Limit [%]","Thermal Limit [%]","Power Reporting Deviation (Accuracy) [%]","Thermal Throttling (HTC) [Yes/No]","Thermal Throttling (PROCHOT CPU) [Yes/No]","Thermal Throttling (PROCHOT EXT) [Yes/No]","DRAM Read Bandwidth [GB/s]","DRAM Write Bandwidth [GB/s]","Average Active Core Count []","CPU [°C]","System [°C]","MOS [°C]","Chipset [°C]","CPU Socket [°C]","PCIE_1 [°C]","T15 [°C]","+12V [V]","+5V [V]","CPU NB/SoC [V]","DRAM [V]","Vcore [V]","VIN5 [V]","VIN6 [V]","VIN7 [V]","+3.3V [V]","VTT [V]","CPU [RPM]","System 1 [RPM]","System 2 [RPM]","System 3 [RPM]","V1 [V]","V2 [V]","Drive Temperature [°C]","Drive Temperature 2 [°C]","Drive Temperature 3 [°C]","Drive Remaining Life [%]","Drive Available Spare [%]","Drive Failure [Yes/No]","Drive Warning [Yes/No]","Total Host Writes [GB]","Total Host Reads [GB]","Read Activity [%]","Write Activity [%]","Total Activity [%]","Read Rate [MB/s]","Write Rate [MB/s]","Read Total [MB]","Write Total [MB]","GPU Temperature [°C]","GPU Memory Junction Temperature [°C]","GPU Hot Spot Temperature [°C]","GPU Memory Chip Temperatures (avg) [°C]","GPU Memory A0 Temperature [°C]","GPU Memory A1 Temperature [°C]","GPU Memory B0 Temperature [°C]","GPU Memory B1 Temperature [°C]","GPU Memory C0 Temperature [°C]","GPU Memory C1 Temperature [°C]","GPU Memory D0 Temperature [°C]","GPU Memory D1 Temperature [°C]","GPU Thermal Limit [°C]","GPU Core Voltage [V]","GPU Rail Voltages (avg) [V]","GPU PCIe +12V Input Voltage [V]","GPU 8-pin #1 Input Voltage [V]","GPU 8-pin #2 Input Voltage [V]","GPU Misc0 Input Voltage [V]","GPU Fan1 [RPM]","GPU Fan2 [RPM]","GPU Power [W]","GPU Rail Powers (avg) [W]","GPU Core (NVVDD) Input Power (sum) [W]","GPU PCIe +12V Input Power [W]","GPU 8-pin #1 Input Power [W]","GPU 8-pin #2 Input Power [W]","GPU Misc0 Input Power [W]","GPU Core (NVVDD) Input Power (sum) [W]","GPU Input PP Source Power (sum) [W]","GPU Core (NVVDD) Output Power [W]","GPU Core (NVVDD) Output Power [W]","GPU Power Limit (rated) [W]","GPU Power Limit (max) [W]","GPU Clock [MHz]","GPU Memory Clock [MHz]","GPU Video Clock [MHz]","GPU Effective Clock [MHz]","GPU Crossbar Clock [MHz]","GPU System Domain Clock [MHz]","GPU Clock (measured) [MHz]","GPU Memory Clock (measured) [MHz]","GPU Crossbar Clock (measured) [MHz]","GPU Core Load [%]","GPU Memory Controller Load [%]","GPU Video Engine Load [%]","GPU Bus Load [%]","GPU Memory Usage [%]","GPU D3D Usages (avg) [%]","GPU D3D Usage [%]","GPU Video Decode 0 Usage [%]","GPU Video Encode 0 Usage [%]","GPU VR Usage [%]","GPU Fan1 [%]","GPU Fan2 [%]","GPU Performance Limiters (avg) [Yes/No]","Performance Limit - Power [Yes/No]","Performance Limit - Thermal [Yes/No]","Performance Limit - Reliability Voltage [Yes/No]","Performance Limit - Max Operating Voltage [Yes/No]","Performance Limit - Utilization [Yes/No]","Performance Limit - SLI GPUBoost Sync [Yes/No]","Total GPU Power [% of TDP] [%]","Total GPU Power (normalized) [% of TDP] [%]","PCI Express Error Counters (avg) []","Receiver Errors []","Replay Count []","Replay Rollover Count []","Bad DLLP Count []","Bad TLP Count []","LCRC Error Count []","NAKs Sent Count []","NAKs Received Count []","Recovery Count []","Correctable Error Count []","Non-Fatal Error Count []","Fatal Error Count []","Unsupported Request Count []","PCIe Lane 0 Errors []","PCIe Lane 1 Errors []","PCIe Lane 2 Errors []","PCIe Lane 3 Errors []","PCIe Lane 4 Errors []","PCIe Lane 5 Errors []","PCIe Lane 6 Errors []","PCIe Lane 7 Errors []","PCIe Lane 8 Errors []","PCIe Lane 9 Errors []","PCIe Lane 10 Errors []","PCIe Lane 11 Errors []","PCIe Lane 12 Errors []","PCIe Lane 13 Errors []","PCIe Lane 14 Errors []","PCIe Lane 15 Errors []","GPU Memory Available [MB]","GPU Memory Allocated [MB]","GPU D3D Memory Dedicated [MB]","GPU D3D Memory Dynamic [MB]","PCIe Link Speed [GT/s]","Framerate Presented (avg) [FPS]","Framerate Presented (99%) [FPS]","Framerate Presented (1%) [FPS]","Framerate Presented (0.1%) [FPS]","Framerate Presented (1% low) [FPS]","Framerate Presented (0.1% low) [FPS]","Framerate Displayed (avg) [FPS]","Framerate Displayed (99%) [FPS]","Framerate Displayed (1%) [FPS]","Framerate Displayed (0.1%) [FPS]","Framerate Displayed (1% low) [FPS]","Framerate Displayed (0.1% low) [FPS]","Frame Time Presented (avg) [ms]","Frame Time Presented (99%) [ms]","Frame Time Presented (1%) [ms]","Frame Time Presented (0.1%) [ms]","Frame Time Displayed (1% high) [ms]","Frame Time Displayed (0.1% high) [ms]","GPU Busy (avg) [ms]","GPU Wait (avg) [ms]","CPU Busy (avg) [ms]","CPU Wait (avg) [ms]","Animation Error (avg) [ms]","Total DL [MB]","Total UP [MB]","Current DL rate [KB/s]","Current UP rate [KB/s]","Total DL [MB]","Total UP [MB]","Current DL rate [KB/s]","Current UP rate [KB/s]","Total Errors []",
27.8.2026,17:28:50.781,6339,12914,32.9,5266,11044,32.2,2.5,2944,74,0.950,0.950,0.950,0.950,0.950,0.950,0.950,3629.2,3675.0,3620.0,3620.0,3620.0,3620.0,3620.0,100.0,116.2,65.3,1.7,23.7,23.7,92.6,508.4,1.0,0.4,87.7,578.2,8.3,3.4,116.2,2.6,1.0,2.5,0.0,0.0,0.0,11.2,0.0,0.0,4.5,12.5,0.0,0.0,12.5,2.6,3.0,1.5,0.0,0.6,0.6,2.3,13.5,0.0,0.0,2.2,15.5,0.2,0.1,3.0,36.3,36.8,36.2,36.2,36.2,36.2,36.2,0.0,5.4,1.5,1.2,13.9,0.0,15.2,0.3,36.6,22.8,25.1,86.1,0.1,84.8,0.4,58.1,75.7,73.7,0.0,99.8,0.0,99.3,1600.0,16.00,16,18,18,36,74,560,1,37.5,32.3,34.5,29.0,28.7,28.4,29.8,27.8,31.7,27.7,29.3,29.3,29.8,23.9,1.156,0.994,1.181,6.440,4.774,6.430,6.430,26.418,0.470,0.210,0.230,0.925,0.026,1.392,0.035,6.805,4.755,11.560,26.429,1600.0,1600.0,3949.2,3949.2,4650.0,34.8,10.7,7.1,34.0,238.4,No,No,No,0.087,0.042,0.3,37.0,36.0,35.5,33.5,30.5,32.5,35.5,12.192,5.000,1.002,1.352,1.064,0.880,0.870,1.562,3.356,1.836,1010,763,555,561,1.056,1.269,34,34,41,79.0,100.0,No,No,80704,102356,0.0,0.0,0.0,0.000,0.098,45598,11164,34.8,40.0,42.2,38,38,38,38,38,38,38,38,38,83.0,0.662,12.187,12.258,12.171,12.155,12.166,0,0,10.864,4.159,6.742,0.098,7.729,4.242,2.664,6.742,5.350,0.828,3.034,290.000,320.000,210.0,50.6,555.0,50.1,600.0,525.0,210.0,50.5,600.2,2.0,3.0,0.0,0.0,8.8,0.1,0.3,0.0,0.0,0.0,0,0,Yes,No,No,No,No,Yes,No,4.2,5.0,4,0,0,0,0,0,0,0,0,118,0,0,0,0,0,0,0,0,0,0,0,0,0,0,0,0,0,0,0,0,7473,719,550,37,2.5,9.5,61.1,2.6,2.5,2.5,2.5,9.5,60.0,2.6,2.5,2.5,2.5,105.51,391.19,16.37,16.35,400.57,400.57,1.10,104.43,105.51,0.00,161.29,201,6,2.7,0.4,0,0,0.0,0.0,0,
27.8.2026,17:28:51.198,6339,12914,32.9,5269,11040,32.3,2.5,2944,74,1.135,0.969,1.169,1.169,1.169,1.169,1.169,3629.2,3675.0,3620.0,3620.0,3620.0,3620.0,3620.0,100.0,353.6,297.5,83.7,248.0,433.5,240.3,1240.8,50.4,78.0,575.8,586.1,192.2,216.3,353.6,12.4,6.4,0.1,9.3,10.8,6.6,25.9,5.3,48.4,13.9,11.2,2.4,8.6,48.4,12.4,9.0,5.7,2.1,6.2,11.4,6.1,32.9,1.3,2.0,15.2,15.2,4.9,5.5,9.0,36.3,36.8,36.2,36.2,36.2,36.2,36.2,0.0,13.6,7.1,13.1,30.6,2.8,20.0,8.1,48.3,46.6,35.2,68.3,12.7,80.0,46.9,38.1,46.3,51.6,1.1,84.5,0.0,45.0,1600.0,16.00,16,18,18,36,74,560,1,37.9,33.8,35.2,30.4,30.0,29.8,32.4,28.6,32.0,29.3,29.5,29.5,29.8,23.2,1.175,0.994,1.181,9.365,4.841,9.350,9.350,30.050,1.144,0.759,1.095,2.000,0.348,1.793,0.869,10.417,4.820,15.237,30.149,1600.0,1600.0,4025.7,4025.7,4650.0,39.7,15.6,10.4,35.6,151.2,No,No,No,0.471,0.129,0.8,37.0,36.0,35.5,33.5,30.5,32.5,35.5,12.192,5.000,1.004,1.348,1.152,0.880,0.870,1.562,3.356,1.834,1011,763,555,561,1.056,1.269,34,34,41,79.0,100.0,No,No,80704,102356,0.0,0.0,0.1,0.001,0.193,45598,11164,34.8,40.0,42.3,38,38,36,38,38,38,38,36,38,83.0,0.662,12.187,12.261,12.175,12.158,12.169,0,0,11.499,4.159,5.478,0.074,7.281,3.271,2.580,5.478,5.164,0.830,2.549,290.000,320.000,210.0,50.6,555.0,63.9,600.0,525.0,210.0,50.5,600.0,3.0,3.0,0.0,0.0,8.7,0.1,4.0,0.0,0.0,0.0,0,0,Yes,No,No,No,No,Yes,No,4.2,5.0,4,0,0,0,0,0,0,0,0,118,0,0,0,0,0,0,0,0,0,0,0,0,0,0,0,0,0,0,0,0,7473,719,550,37,2.5,19.4,83.1,3.0,2.5,2.5,2.5,19.4,60.1,3.0,2.5,2.5,2.5,51.62,333.81,12.04,11.77,400.57,400.57,1.91,49.80,51.62,0.00,46.13,201,6,0.3,0.2,0,0,0.0,0.0,0,
27.8.2026,17:28:51.697,6339,12914,32.9,5266,11043,32.2,2.5,2944,74,0.950,0.950,0.950,0.950,0.950,0.950,0.950,3675.0,3675.0,3675.0,3675.0,3675.0,3675.0,3675.0,100.0,227.5,71.6,8.3,68.1,202.4,480.0,462.0,1.1,4.4,549.6,851.9,15.9,14.7,227.5,6.4,1.3,0.0,0.0,4.4,10.5,12.9,5.6,0.0,12.1,21.3,8.6,0.1,21.3,6.4,6.0,1.6,0.2,1.7,5.4,12.9,12.3,0.0,0.1,14.7,22.9,0.4,0.4,6.0,36.8,36.8,36.8,36.8,36.8,36.8,36.8,0.0,9.6,1.9,6.1,19.1,0.1,29.7,0.8,44.9,45.2,51.8,80.3,0.2,68.5,23.2,45.5,52.9,42.0,0.6,99.6,1.8,76.0,1600.0,16.00,16,18,18,36,74,560,1,38.0,33.9,35.2,30.0,29.5,29.1,31.8,28.1,33.2,28.2,29.7,29.7,29.5,24.1,1.175,0.994,1.181,8.317,4.848,8.334,8.334,28.909,0.824,0.411,0.615,1.534,0.030,2.123,0.229,9.142,4.827,13.969,28.889,1600.0,1600.0,4049.2,4049.2,4650.0,38.0,13.9,9.3,35.7,183.3,No,No,No,0.229,0.094,0.6,38.0,36.0,35.5,33.0,30.5,32.5,35.5,12.168,5.000,1.002,1.352,1.138,0.880,0.870,1.562,3.356,1.836,1011,1560,553,548,1.057,1.266,34,34,41,79.0,100.0,No,No,80704,102356,0.0,0.0,0.0,0.000,0.000,45598,11164,34.7,38.0,42.4,38,38,36,38,38,38,38,36,38,83.0,0.662,12.191,12.259,12.174,12.159,12.168,0,0,12.636,3.634,4.490,0.061,7.025,2.225,2.409,4.490,4.838,0.832,2.478,290.000,320.000,210.0,50.6,555.0,63.9,600.0,525.0,210.0,50.5,600.1,1.0,2.0,0.0,0.0,8.7,1.0,0.4,0.0,0.0,0.0,0,0,Yes,No,No,No,No,Yes,No,3.7,4.8,4,0,0,0,0,0,0,0,0,118,0,0,0,0,0,0,0,0,0,0,0,0,0,0,0,0,0,0,0,0,7475,717,547,38,2.5,30.0,82.4,7.1,6.1,6.0,6.0,30.0,60.6,7.1,6.1,6.0,6.0,33.34,140.75,12.13,11.78,166.74,166.74,1.99,31.36,33.34,0.00,16.17,201,6,2.1,0.0,0,0,0.0,0.0,0,
27.8.2026,17:28:52.204,6334,12919,32.9,5271,11039,32.3,2.5,2944,74,0.950,0.950,0.950,0.950,0.950,0.950,0.950,3675.0,3675.0,3675.0,3675.0,3675.0,3675.0,3675.0,100.0,136.3,56.5,4.7,59.0,21.9,250.6,449.6,1.7,4.6,96.1,641.3,24.7,25.3,136.3,4.4,0.5,10.6,0.0,0.0,5.1,9.6,2.4,10.6,0.0,13.8,0.0,0.0,13.8,4.4,3.6,1.1,0.1,1.5,0.6,6.7,12.0,0.0,0.1,2.4,17.2,0.6,0.7,3.6,36.8,36.8,36.8,36.8,36.8,36.8,36.8,0.0,6.2,1.5,2.0,15.8,0.2,16.7,1.1,40.6,45.2,20.7,83.8,0.3,83.3,10.3,53.2,53.3,77.3,0.4,99.6,0.0,88.5,1600.0,16.00,16,18,18,36,74,560,1,38.1,32.8,33.5,29.4,29.2,28.6,30.9,28.0,31.4,28.0,29.5,29.5,29.5,23.6,1.150,0.994,1.156,6.938,4.795,6.956,6.956,27.187,0.562,0.375,0.276,1.132,0.033,1.408,0.145,7.432,4.774,12.206,27.110,1600.0,1600.0,3945.4,3945.4,4650.0,35.7,11.6,7.7,34.5,218.6,No,No,No,0.124,0.063,0.4,38.0,36.5,35.5,33.5,30.5,32.5,35.5,12.168,5.000,1.002,1.348,1.026,0.880,0.870,1.562,3.356,1.836,1048,778,553,548,1.057,1.266,34,34,41,79.0,100.0,No,No,80704,102356,0.0,0.0,0.0,0.000,0.137,45598,11165,34.8,38.0,42.3,38,38,36,38,38,38,38,36,38,83.0,0.662,12.190,12.262,12.177,12.161,12.171,0,0,12.194,3.205,6.454,0.110,7.647,4.074,2.690,6.454,5.382,0.831,2.952,290.000,320.000,210.0,50.6,555.0,63.9,600.0,525.0,210.0,50.5,600.1,1.0,2.0,0.0,0.0,8.7,0.1,0.4,0.0,0.0,0.0,0,0,Yes,No,No,No,No,Yes,No,3.2,5.8,4,0,0,0,0,0,0,0,0,118,0,0,0,0,0,0,0,0,0,0,0,0,0,0,0,0,0,0,0,0,7475,717,547,38,2.5,15.0,61.5,2.8,2.6,2.6,2.6,15.0,60.3,2.8,2.6,2.6,2.6,66.65,357.32,16.26,16.24,383.30,383.30,1.42,65.15,66.65,0.00,79.61,201,6,0.4,0.0,0,0,0.0,0.0,0,
27.8.2026,17:28:52.693,6337,12917,32.9,5266,11044,32.2,2.5,2944,74,1.143,0.950,1.181,1.181,1.181,1.181,1.181,3780.0,3675.0,3620.0,4525.0,3620.0,3620.0,3620.0,100.0,146.0,88.1,4.9,25.9,23.2,292.7,397.8,2.5,0.9,66.6,811.2,15.7,23.0,146.0,3.3,0.8,2.0,2.4,0.0,8.4,7.8,0.0,0.0,3.4,14.5,0.0,0.0,14.5,3.3,3.9,2.1,0.1,0.6,0.6,7.8,10.6,0.0,0.0,1.7,21.8,0.4,0.6,3.9,37.8,36.8,36.2,45.2,36.2,36.2,36.2,0.0,6.6,2.2,1.2,15.5,0.1,19.8,1.0,36.1,18.7,16.2,84.5,0.3,80.2,16.5,57.3,79.0,82.6,0.0,99.6,0.0,82.5,1600.0,16.00,16,18,18,36,74,560,1,38.2,32.9,43.8,29.2,28.8,28.3,30.7,27.9,31.7,27.9,29.3,29.3,28.8,23.8,1.163,1.000,1.169,6.775,4.779,6.704,6.704,26.500,0.547,0.222,0.197,1.294,0.028,1.354,0.187,7.281,4.758,12.039,26.836,1600.0,1600.0,3967.3,3967.3,4650.0,35.3,11.2,7.4,34.6,220.6,No,No,No,0.115,0.047,0.4,38.0,36.0,35.5,33.5,30.5,32.5,35.5,12.192,5.000,1.002,1.348,1.008,0.880,0.870,1.562,3.356,1.836,1048,778,553,548,1.057,1.246,34,34,41,79.0,100.0,No,No,80704,102356,0.0,0.0,0.0,0.000,0.000,45598,11165,34.8,38.0,42.3,38,38,36,38,38,38,38,36,38,83.0,0.662,12.193,12.262,12.177,12.161,12.171,0,0,12.194,4.066,6.454,0.110,7.647,4.074,2.690,6.454,5.382,0.831,2.952,290.000,320.000,210.0,50.6,555.0,78.6,600.0,525.0,162.1,38.5,465.8,1.0,3.0,0.0,0.0,8.7,0.1,0.5,0.0,0.0,0.0,0,0,Yes,No,No,No,No,Yes,No,4.1,5.3,4,0,0,0,0,0,0,0,0,118,0,0,0,0,0,0,0,0,0,0,0,0,0,0,0,0,0,0,0,0,7475,717,547,38,2.5,10.9,61.5,2.7,2.6,2.6,2.6,10.9,60.6,2.7,2.6,2.6,2.6,91.72,375.81,16.25,16.24,383.30,383.30,1.62,90.08,91.72,0.00,128.50,201,6,0.0,0.0,0,0,0.0,0.0,0,
27.8.2026,17:28:53.201,6334,12919,32.9,5269,11040,32.3,2.5,2944,74,0.985,1.163,0.950,0.950,0.950,0.950,0.950,3665.8,3620.0,3675.0,3675.0,3675.0,3675.0,3675.0,100.0,134.6,69.9,5.8,29.1,41.1,157.9,382.8,1.4,1.8,36.9,870.8,11.8,5.5,134.6,6.9,0.9,0.0,0.0,0.0,3.3,8.2,5.6,25.3,0.5,21.7,0.0,17.7,25.3,6.9,3.5,1.2,0.1,0.7,1.1,4.2,10.2,0.0,0.0,0.9,23.5,0.3,0.1,3.5,36.7,36.2,36.8,36.8,36.8,36.8,36.8,11.5,6.0,1.4,1.7,12.3,0.1,20.3,0.4,27.5,25.1,12.6,63.1,0.2,57.8,6.4,66.5,73.5,85.7,24.6,99.8,21.9,93.3,1600.0,16.00,16,18,18,36,74,560,1,38.2,32.9,33.8,29.1,28.8,28.2,30.7,27.8,31.2,27.7,29.1,29.1,28.8,23.9,1.150,0.994,1.156,5.500,4.607,5.570,5.570,25.265,0.475,0.250,0.165,1.046,0.019,1.284,0.087,5.899,4.589,10.488,24.937,1600.0,1600.0,3636.4,3636.4,4650.0,32.8,9.3,6.2,34.7,203.5,No,No,No,0.150,0.054,0.4,38.0,36.0,35.5,33.0,30.5,32.5,35.5,12.192,5.000,1.002,1.348,0.992,0.880,0.872,1.562,3.360,1.836,1060,763,553,548,1.057,1.246,34,34,41,79.0,100.0,No,No,80704,102356,0.0,0.0,0.0,0.000,0.000,45598,11165,34.8,38.0,42.2,38,38,36,38,38,38,38,36,38,83.0,0.662,12.193,12.261,12.177,12.162,12.171,0,0,11.390,3.248,4.581,0.061,7.075,2.311,2.434,4.581,4.874,0.827,2.488,290.000,320.000,210.0,50.6,555.0,65.5,600.0,525.0,155.6,37.1,447.2,1.0,2.0,0.0,0.0,8.7,0.0,0.2,0.0,0.0,0.0,0,0,Yes,No,No,No,No,Yes,No,3.3,4.8,4,0,0,0,0,0,0,0,0,118,0,0,0,0,0,0,0,0,0,0,0,0,0,0,0,0,0,0,0,0,7475,717,547,38,2.5,10.9,61.5,2.7,2.6,2.6,2.6,10.9,60.6,2.7,2.6,2.6,2.6,91.64,375.98,16.26,16.24,383.49,383.49,1.85,89.80,91.64,0.00,130.17,201,6,0.0,0.0,0,0,0.0,0.0,0,
27.8.2026,17:28:53.708,6336,12917,32.9,5263,11046,32.2,2.5,2944,74,0.950,0.950,0.950,0.950,0.950,0.950,0.950,3675.0,3675.0,3675.0,3675.0,3675.0,3675.0,3675.0,100.0,161.4,60.8,10.7,57.0,36.3,115.7,547.6,3.7,0.9,131.5,939.2,13.1,20.1,161.4,6.5,2.5,4.6,13.3,8.0,4.2,11.1,4.4,4.4,4.4,19.7,1.8,0.0,19.7,6.5,4.2,1.1,0.3,1.4,0.9,2.9,14.4,0.1,0.0,3.3,25.2,0.3,0.5,4.2,36.8,36.8,36.8,36.8,36.8,36.8,36.8,0.0,7.1,1.5,2.3,14.8,0.1,22.9,0.8,39.0,30.8,27.0,85.2,2.3,75.2,13.4,53.9,67.7,70.6,0.0,97.5,1.8,85.8,1600.0,16.00,16,18,18,36,74,560,1,38.4,33.2,34.2,29.4,28.9,28.6,30.6,28.0,32.3,27.9,29.4,29.4,29.0,23.9,1.175,0.994,1.181,7.059,4.730,7.044,7.044,27.167,0.605,0.291,0.349,1.204,0.046,1.570,0.167,7.598,4.712,12.310,27.185,1600.0,1600.0,3971.1,3971.1,4650.0,35.8,11.7,7.8,34.9,207.6,No,No,No,0.142,0.058,0.4,38.0,36.0,35.5,33.5,30.5,32.5,35.5,12.168,5.000,1.004,1.348,1.050,0.880,0.872,1.562,3.356,1.834,1060,763,553,549,1.057,1.258,34,34,41,79.0,100.0,No,No,80704,102356,0.1,0.3,0.4,0.032,0.265,45598,11165,34.8,38.0,42.4,38,38,36,38,38,38,38,36,38,83.0,0.662,12.192,12.261,12.175,12.160,12.170,0,0,11.242,3.415,4.990,0.061,7.269,2.590,2.471,4.990,4.944,0.826,2.597,290.000,320.000,210.0,50.6,555.0,65.5,600.0,525.0,159.9,37.9,456.6,0.0,2.0,0.0,0.0,8.7,0.1,0.3,0.0,0.0,0.0,0,0,Yes,No,No,No,No,Yes,No,3.4,4.9,4,0,0,0,0,0,0,0,0,118,0,0,0,0,0,0,0,0,0,0,0,0,0,0,0,0,0,0,0,0,7475,717,547,38,2.5,6.5,61.5,2.5,2.5,2.5,2.5,6.5,60.0,2.5,2.5,2.5,2.5,152.73,399.48,16.26,16.24,400.32,400.32,1.69,150.67,152.73,0.00,236.34,201,6,0.3,0.4,0,0,0.0,0.0,0,
27.8.2026,17:28:54.207,6337,12916,32.9,5271,11039,32.3,2.5,2944,74,0.986,1.169,0.950,0.950,0.950,0.950,0.950,3675.0,3675.0,3675.0,3675.0,3675.0,3675.0,3675.0,100.0,171.8,71.5,4.2,44.9,98.0,99.6,573.5,19.2,3.2,362.6,723.6,36.1,24.8,171.8,7.9,1.7,0.0,1.1,8.2,2.4,15.9,3.6,0.0,8.3,19.0,20.7,14.1,20.7,7.9,4.5,1.7,0.1,1.1,2.6,2.4,15.2,0.5,0.1,9.5,19.2,0.9,0.6,4.5,36.8,36.8,36.8,36.8,36.8,36.8,36.8,0.0,7.6,1.9,3.5,14.9,0.6,23.3,1.5,39.9,50.0,25.8,85.1,0.9,76.7,1.0,52.5,48.2,70.8,0.0,98.6,0.0,97.5,1600.0,16.00,16,18,18,36,74,560,1,38.4,32.8,35.2,29.4,29.2,28.7,30.2,28.0,32.5,28.0,29.5,29.5,29.0,23.6,1.175,0.994,1.181,7.379,4.771,7.365,7.365,27.483,0.611,0.432,0.368,1.006,0.047,1.716,0.095,7.937,4.752,12.689,27.560,1600.0,1600.0,3992.2,3992.2,4650.0,36.3,12.3,8.2,34.5,214.7,No,No,No,0.180,0.059,0.5,38.0,36.0,35.5,33.5,30.5,32.5,35.5,12.192,5.000,1.004,1.348,1.076,0.880,0.872,1.564,3.360,1.836,1064,777,553,549,1.057,1.258,34,34,41,79.0,100.0,No,No,80704,102356,0.0,0.0,0.0,0.000,0.000,45598,11165,34.8,38.0,42.4,38,38,36,38,38,38,38,36,38,83.0,0.662,12.189,12.259,12.173,12.157,12.168,0,0,10.812,3.971,6.252,0.110,7.645,3.805,2.653,6.252,5.316,0.827,2.881,290.000,320.000,210.0,50.6,555.0,66.9,600.0,525.0,210.0,50.5,599.9,6.0,3.0,0.0,0.0,8.7,0.1,0.5,0.0,0.0,0.0,0,0,Yes,No,No,No,No,Yes,No,4.8,6.4,4,0,0,0,0,0,0,0,0,118,0,0,0,0,0,0,0,0,0,0,0,0,0,0,0,0,0,0,0,0,7475,717,547,38,2.5,14.7,61.2,2.6,2.5,2.5,2.5,14.7,60.0,2.6,2.5,2.5,2.5,67.84,385.14,16.33,16.32,400.32,400.32,1.43,66.42,67.84,0.00,87.04,201,6,0.5,0.3,0,0,0.0,0.0,0,
27.8.2026,17:28:54.712,6351,12903,32.9,5266,11043,32.2,2.5,2944,74,1.139,0.950,1.169,1.169,1.181,1.181,1.181,3780.0,3675.0,3620.0,4525.0,3620.0,3620.0,3620.0,100.0,202.9,130.9,45.7,154.0,79.3,130.4,617.9,7.5,30.1,116.8,1004.3,41.0,77.0,202.9,6.5,1.3,11.1,2.4,0.9,2.0,12.3,2.2,8.3,1.6,21.7,2.9,11.7,21.7,6.5,5.2,2.5,1.2,4.0,2.1,3.3,15.6,0.2,0.8,2.9,27.0,1.0,2.0,5.2,37.8,36.8,36.2,45.2,36.2,36.2,36.2,0.0,8.8,3.3,5.4,15.5,0.9,24.7,2.8,37.1,35.5,10.7,84.5,2.4,75.3,14.3,54.1,61.2,83.9,0.0,96.7,0.0,82.9,1600.0,16.00,16,18,18,36,74,560,1,38.4,33.4,40.0,29.6,29.1,28.8,30.3,28.1,32.9,28.2,29.5,29.5,29.2,24.0,1.194,1.000,1.206,7.356,4.813,7.267,7.267,26.994,0.673,0.380,0.379,1.081,0.102,1.810,0.288,8.002,4.793,12.795,27.584,1600.0,1600.0,4013.8,4013.8,4650.0,36.3,12.1,8.1,35.1,197.0,No,No,No,0.290,0.082,0.5,38.0,36.0,35.5,33.5,30.5,32.5,35.5,12.192,5.000,1.004,1.352,1.072,0.880,0.870,1.564,3.360,1.836,1064,777,553,549,1.057,1.249,34,34,41,79.0,100.0,No,No,80704,102356,0.0,0.0,0.0,0.000,0.000,45598,11165,34.8,38.0,42.4,38,38,36,38,38,38,38,36,38,83.0,0.662,12.192,12.261,12.176,12.161,12.170,0,0,11.339,3.372,4.896,0.074,7.233,2.493,2.446,4.896,4.912,0.829,2.568,290.000,320.000,210.0,50.6,555.0,66.9,600.0,525.0,185.8,44.1,530.3,2.0,2.0,0.0,0.0,8.7,0.1,0.5,0.0,0.0,0.0,0,0,Yes,No,No,No,No,Yes,No,3.7,6.5,4,0,0,0,0,0,0,0,0,118,0,0,0,0,0,0,0,0,0,0,0,0,0,0,0,0,0,0,0,0,7475,717,547,38,2.5,21.4,61.3,3.6,3.5,3.5,3.5,21.4,60.4,3.6,3.5,3.5,3.5,46.69,280.36,16.32,16.32,283.53,283.53,1.33,45.35,46.69,0.00,54.26,201,6,3.2,1.6,0,0,0.0,0.0,0,
27.8.2026,17:28:55.210,6384,12869,33.1,5271,11038,32.3,2.5,2944,74,0.950,0.950,0.950,0.950,0.950,0.950,0.950,3675.0,3675.0,3675.0,3675.0,3675.0,3675.0,3675.0,100.0,542.3,494.5,237.7,375.4,526.7,547.2,1068.8,312.3,422.1,795.0,1068.6,415.2,243.8,542.3,9.4,7.0,0.0,5.0,11.7,11.8,24.3,0.0,6.0,17.1,23.5,5.9,0.0,24.3,9.4,14.1,8.5,6.3,10.0,14.1,14.6,29.5,8.3,11.3,21.1,28.6,11.0,6.4,14.1,36.8,36.8,36.8,36.8,36.8,36.8,36.8,0.0,18.8,11.6,15.7,29.9,13.5,29.4,12.6,71.1,82.6,80.3,70.1,59.9,70.6,63.4,10.1,5.7,4.0,0.0,26.6,0.0,24.0,1600.0,16.00,16,18,18,36,74,560,1,38.9,36.1,34.8,32.3,31.8,31.3,34.2,31.3,34.4,31.0,30.2,30.2,29.8,23.8,1.175,0.994,1.181,12.378,4.893,12.482,13.522,34.626,1.563,1.214,1.411,2.210,1.133,2.261,1.151,14.015,4.872,18.887,34.043,1600.0,1600.0,4122.1,4122.1,4650.0,44.8,20.8,15.0,38.0,148.7,No,No,No,1.620,0.371,1.1,38.0,36.0,35.5,33.5,30.5,32.5,35.5,12.168,4.990,1.004,1.348,1.062,0.880,0.870,1.560,3.352,1.836,1065,761,553,549,1.057,1.249,34,34,41,79.0,100.0,No,No,80704,102356,0.0,0.1,0.1,0.000,0.345,45598,11165,34.9,40.0,42.4,38,38,36,38,38,38,38,38,38,83.0,0.662,12.182,12.255,12.166,12.148,12.160,0,0,11.647,4.897,8.424,0.147,8.358,5.698,2.894,8.424,5.802,1.501,2.822,290.000,320.000,210.0,50.6,555.0,92.0,600.0,525.0,210.0,50.5,600.0,14.0,7.0,0.0,0.0,9.1,1.2,4.7,0.0,0.0,0.0,0,0,Yes,No,No,No,No,Yes,No,5.2,6.8,4,0,0,0,0,0,0,0,0,118,0,0,0,0,0,0,0,0,0,0,0,0,0,0,0,0,0,0,0,0,7448,744,575,40,2.5,34.8,62.9,4.6,3.8,3.7,3.7,34.8,60.4,4.6,3.8,3.8,3.8,28.74,215.35,15.90,15.86,266.89,266.89,1.80,26.93,28.74,0.00,22.10,201,6,15.8,24.7,0,0,0.0,0.0,0,
27.8.2026,17:28:55.708,6384,12869,33.1,5278,11032,32.3,2.5,2944,74,0.968,0.963,0.969,0.969,0.969,0.969,0.969,3816.7,4525.0,3675.0,3675.0,3675.0,3675.0,3675.0,100.0,205.5,156.7,11.7,123.6,63.4,175.8,317.5,461.3,336.3,308.8,400.4,48.5,61.5,205.5,8.6,4.9,7.4,7.1,3.0,5.5,8.7,25.2,8.8,8.3,10.5,5.5,8.5,25.2,8.6,5.4,3.7,0.3,3.2,1.6,4.6,8.4,12.4,9.1,8.1,10.7,1.2,1.6,5.4,38.2,45.2,36.8,36.8,36.8,36.8,36.8,0.0,7.7,3.9,4.5,10.9,11.2,12.9,2.7,59.9,46.5,52.1,88.3,44.7,85.7,41.9,32.4,49.5,43.4,0.8,44.1,1.3,55.4,1600.0,16.00,16,18,18,36,74,560,1,38.9,33.1,34.2,30.1,29.5,29.4,30.6,30.7,31.3,29.0,29.7,29.7,28.8,24.3,1.169,0.994,1.175,8.297,4.852,8.275,8.275,28.549,0.814,0.502,0.590,1.072,1.009,1.293,0.417,9.040,4.830,13.870,28.761,1600.0,1600.0,3981.0,3981.0,4650.0,37.8,13.8,9.2,34.8,184.0,No,No,No,0.423,0.118,0.5,38.0,36.0,35.5,33.5,30.5,32.5,35.5,12.192,5.000,1.004,1.348,1.044,0.880,0.872,1.564,3.356,1.836,1065,761,552,549,1.056,1.263,34,34,41,79.0,100.0,No,No,80704,102356,0.0,0.0,0.0,0.000,0.145,45598,11165,34.8,38.0,42.2,38,38,36,38,38,38,38,36,38,83.0,0.662,12.192,12.261,12.176,12.160,12.170,0,0,13.027,3.859,6.069,0.098,7.634,3.563,2.617,6.069,5.238,0.834,2.608,290.000,320.000,210.0,50.6,555.0,92.0,600.0,525.0,165.6,39.8,489.6,2.0,3.0,0.0,0.0,9.0,0.1,0.3,0.0,0.0,0.0,0,0,Yes,No,No,No,No,Yes,No,4.0,5.8,4,0,0,0,0,0,0,0,0,118,0,0,0,0,0,0,0,0,0,0,0,0,0,0,0,0,0,0,0,0,7457,735,566,40,2.5,29.0,225.5,7.1,7.0,7.0,7.0,29.0,60.1,7.5,7.5,7.5,7.5,34.49,141.08,4.43,0.63,143.21,143.21,1.63,32.83,34.49,0.00,19.05,201,6,0.4,0.4,0,0,0.0,0.0,0,
27.8.2026,17:28:56.210,6384,12869,33.1,5281,11029,32.3,2.5,2944,74,1.169,0.950,1.212,1.212,1.212,1.212,1.212,3780.0,3675.0,3620.0,3620.0,4525.0,3620.0,3620.0,100.0,171.8,80.1,12.8,45.9,45.3,219.6,441.0,478.7,122.3,274.1,226.1,67.8,48.4,171.8,2.7,0.0,0.0,0.0,0.0,3.3,8.4,9.0,4.0,4.7,3.5,0.0,0.0,9.0,2.7,4.5,1.7,0.3,1.2,1.1,5.8,11.8,12.9,3.3,7.3,6.0,1.8,1.3,4.5,37.8,36.8,36.2,36.2,45.2,36.2,36.2,0.0,7.5,2.1,2.3,14.8,13.3,9.6,2.7,51.9,53.0,33.5,85.2,47.1,79.0,13.6,40.6,44.9,64.2,0.0,39.6,11.4,83.7,1600.0,16.00,16,18,18,36,74,560,1,38.8,33.1,45.5,30.0,29.3,28.9,30.8,31.5,30.4,28.9,29.7,29.7,30.0,24.2,1.212,0.994,1.225,7.943,4.801,7.882,7.882,28.068,0.746,0.453,0.366,1.139,1.250,0.994,0.271,8.711,4.780,13.491,28.298,1600.0,1600.0,4014.7,4014.7,4650.0,37.2,13.1,8.8,34.9,193.2,No,No,No,0.197,0.058,0.4,38.0,36.0,35.5,33.5,30.5,32.5,35.5,12.192,5.000,1.004,1.352,1.050,0.880,0.870,1.562,3.356,1.836,1065,761,554,549,1.056,1.263,34,34,41,79.0,100.0,No,No,80704,102356,0.0,0.0,0.0,0.000,0.008,45598,11165,34.8,38.0,42.2,38,38,36,38,40,38,38,36,38,83.0,0.662,12.187,12.258,12.170,12.155,12.164,0,0,12.868,3.653,5.503,0.098,7.338,3.221,2.579,5.503,5.158,0.835,2.645,290.000,320.000,210.0,50.6,555.0,85.8,600.0,525.0,210.1,50.5,599.8,4.0,3.0,0.0,0.0,9.0,0.2,0.8,0.0,0.0,0.0,0,0,Yes,No,No,No,No,Yes,No,3.7,6.4,4,0,0,0,0,0,0,0,0,118,0,0,0,0,0,0,0,0,0,0,0,0,0,0,0,0,0,0,0,0,7456,736,567,41,2.5,39.3,85.2,9.5,8.8,8.7,8.7,33.8,60.0,8.1,7.6,7.5,7.5,25.43,105.29,11.68,11.37,114.82,114.82,0.04,0.00,25.37,0.06,23.06,201,6,0.0,0.0,0,0,0.0,0.0,0,
27.8.2026,17:28:56.707,6382,12871,33.1,5281,11028,32.3,2.5,2944,74,1.011,1.194,0.975,0.975,0.975,0.975,0.975,3665.8,3620.0,3675.0,3675.0,3675.0,3675.0,3675.0,100.0,166.7,79.6,7.9,46.1,27.0,290.9,398.4,305.9,335.7,93.6,302.1,20.2,92.6,166.7,3.8,2.4,0.0,2.3,1.9,4.8,10.2,5.2,5.9,3.4,8.1,1.7,0.0,10.2,3.8,4.3,1.1,0.2,1.1,0.7,7.6,10.5,8.3,9.0,2.3,7.9,0.5,2.5,4.3,36.7,36.2,36.8,36.8,36.8,36.8,36.8,8.9,7.1,1.4,1.8,14.6,13.8,8.5,2.6,41.9,16.9,34.8,68.8,51.1,67.4,12.5,51.0,81.7,63.5,16.6,35.2,24.2,85.0,1600.0,16.00,16,18,18,36,74,560,1,38.8,33.2,34.5,29.7,28.7,28.8,30.3,31.8,29.5,28.8,29.5,29.5,28.5,24.0,1.150,0.994,1.156,7.053,4.678,7.120,7.120,27.018,0.680,0.196,0.376,1.094,1.313,0.833,0.266,7.724,4.659,12.384,26.951,1600.0,1600.0,3854.3,3854.3,4650.0,35.5,11.9,7.9,35.0,187.6,No,No,No,0.269,0.083,0.4,38.0,36.0,35.5,33.5,30.5,32.5,35.5,12.192,5.000,1.002,1.352,1.028,0.880,0.870,1.564,3.356,1.836,1065,761,554,563,1.057,1.269,34,34,41,79.0,100.0,No,No,80704,102356,0.0,0.0,0.0,0.000,0.000,45598,11165,34.8,38.0,42.5,38,38,38,38,40,38,38,36,38,83.0,0.662,12.188,12.258,12.172,12.156,12.165,0,0,12.174,3.623,5.403,0.086,7.388,3.076,2.579,5.403,5.156,0.833,2.679,290.000,320.000,210.0,50.6,555.0,85.8,600.0,525.0,210.0,50.5,600.0,1.0,3.0,0.0,0.0,9.0,0.0,0.1,0.0,0.0,0.0,0,0,Yes,No,No,No,No,Yes,No,3.6,5.6,4,0,0,0,0,0,0,0,0,118,0,0,0,0,0,0,0,0,0,0,0,0,0,0,0,0,0,0,0,0,7456,736,567,41,2.5,36.1,67.1,9.3,8.8,8.7,8.7,33.8,60.0,8.1,7.6,7.5,7.5,27.70,107.19,14.92,14.82,114.82,114.82,0.04,0.00,27.64,0.06,23.06,201,6,2.1,0.9,0,0,0.0,0.0,0,
27.8.2026,17:28:57.214,6391,12863,33.1,5287,11022,32.4,2.5,2944,74,0.950,0.950,0.950,0.950,0.950,0.950,0.950,3638.3,3675.0,3675.0,3620.0,3620.0,3620.0,3620.0,100.0,293.4,182.7,39.7,133.3,240.4,252.0,680.6,340.1,535.2,475.7,377.2,150.5,112.9,293.4,6.0,3.3,0.0,2.7,5.2,8.2,15.1,7.3,11.6,10.3,8.3,0.0,0.0,15.1,6.0,7.7,3.9,1.0,3.4,6.3,6.6,18.3,9.1,14.4,12.6,10.0,3.9,2.9,7.7,36.4,36.8,36.8,36.2,36.2,36.2,36.2,0.0,12.3,4.5,8.1,18.8,19.0,17.9,5.3,59.3,67.3,46.2,77.8,68.7,72.3,23.3,28.5,28.2,45.7,3.3,12.3,9.8,71.4,1600.0,16.00,16,18,18,36,74,560,1,38.9,34.8,34.8,31.0,30.0,29.9,31.9,32.5,32.0,29.7,29.9,29.9,28.0,23.7,1.150,0.994,1.156,9.972,4.875,9.993,9.993,31.388,1.109,0.725,0.822,1.565,1.450,1.558,0.535,11.191,4.854,16.044,31.013,1600.0,1600.0,4100.9,4100.9,4650.0,40.8,16.7,11.1,36.6,167.2,No,No,No,0.672,0.206,0.7,38.0,36.5,35.5,33.0,31.0,32.5,35.5,12.192,5.000,1.004,1.352,1.064,0.880,0.870,1.562,3.360,1.836,1065,760,553,550,1.057,1.269,34,34,41,79.0,100.0,No,No,80704,102356,0.1,0.0,0.1,0.252,0.000,45598,11165,34.8,40.0,42.4,38,38,36,38,38,38,38,38,38,83.0,0.662,12.184,12.258,12.167,12.148,12.161,0,0,12.612,5.510,9.808,0.233,8.943,6.840,3.113,9.808,6.230,0.831,3.784,290.000,320.000,210.0,50.6,555.0,81.1,600.0,525.0,210.0,50.5,600.0,22.0,13.0,0.0,0.0,9.0,1.0,4.0,0.0,0.0,0.0,0,0,Yes,No,No,No,No,Yes,No,5.5,6.8,4,0,0,0,0,0,0,0,0,118,0,0,0,0,0,0,0,0,0,0,0,0,0,0,0,0,0,0,0,0,7452,740,570,42,2.5,21.6,89.0,2.8,2.5,2.5,2.5,21.6,60.7,2.8,2.5,2.5,2.5,46.33,360.44,11.23,10.33,399.98,399.98,2.92,43.52,46.33,0.00,38.00,201,6,20.8,11.2,0,0,0.0,0.0,0,
27.8.2026,17:28:57.711,6392,12861,33.1,5287,11022,32.4,2.5,2944,74,0.950,0.950,0.950,0.950,0.950,0.950,0.950,3675.0,3675.0,3675.0,3675.0,3675.0,3675.0,3675.0,100.0,154.9,70.9,21.4,25.0,39.1,58.8,135.7,555.1,498.1,87.8,334.7,20.7,11.2,154.9,3.5,2.8,2.1,0.0,0.0,0.0,1.7,11.0,9.8,3.6,3.3,0.0,7.5,11.0,3.5,4.1,1.3,0.6,0.6,1.0,1.5,3.6,15.0,13.4,2.3,9.0,0.5,0.3,4.1,36.8,36.8,36.8,36.8,36.8,36.8,36.8,1.8,6.8,1.8,1.6,4.4,23.3,8.8,0.8,37.8,26.7,19.7,63.8,58.8,51.1,6.6,55.5,71.6,78.7,31.9,17.9,40.0,92.6,1600.0,16.00,16,18,18,36,74,560,1,38.9,33.7,33.0,29.7,28.8,28.8,29.3,32.6,29.9,28.7,29.6,29.6,28.2,24.3,1.150,1.000,1.156,6.864,4.724,6.883,6.883,27.153,0.617,0.293,0.209,0.600,1.652,0.838,0.110,7.577,4.705,12.282,27.085,1600.0,1600.0,3984.4,3984.4,4650.0,35.6,11.5,7.6,35.5,202.8,No,No,No,0.222,0.079,0.4,38.0,36.0,35.5,33.5,31.0,32.5,35.5,12.192,5.000,1.004,1.348,1.080,0.880,0.870,1.564,3.356,1.836,1065,760,553,550,1.057,1.265,34,34,41,79.0,100.0,No,No,80704,102356,0.0,0.0,0.0,0.000,0.032,45598,11165,34.8,38.0,42.2,38,38,36,38,38,38,38,36,38,83.0,0.662,12.188,12.258,12.172,12.156,12.166,0,0,12.821,3.565,5.285,0.086,7.267,3.027,2.543,5.285,5.102,0.834,2.655,290.000,320.000,210.0,50.6,555.0,81.1,600.0,525.0,159.2,37.8,453.8,4.0,4.0,0.0,0.0,9.0,0.3,1.4,0.0,0.0,0.0,0,0,Yes,No,No,No,No,Yes,No,3.6,5.6,4,0,0,0,0,0,0,0,0,118,0,0,0,0,0,0,0,0,0,0,0,0,0,0,0,0,0,0,0,0,7453,739,570,42,2.5,22.5,87.6,4.8,4.6,4.6,4.6,22.5,60.7,4.8,4.6,4.6,4.6,44.45,206.55,11.41,10.35,216.34,216.34,2.90,41.59,44.45,0.00,37.28,201,6,1.0,0.1,0,0,0.0,0.0,0,
27.8.2026,17:28:58.204,6395,12858,33.2,5291,11018,32.4,2.5,2944,74,0.950,0.950,0.950,0.950,0.950,0.950,0.950,3675.0,3675.0,3675.0,3675.0,3675.0,3675.0,3675.0,100.0,178.0,114.0,27.1,73.4,68.0,253.7,338.2,216.7,199.0,233.2,539.3,31.9,41.1,178.0,5.2,0.4,4.8,0.0,5.7,7.1,8.8,6.1,5.7,3.6,15.9,2.0,2.2,15.9,5.2,4.6,2.2,0.7,1.9,1.7,6.7,9.0,5.8,5.3,6.2,14.4,0.8,1.1,4.6,36.8,36.8,36.8,36.8,36.8,36.8,36.8,0.0,7.9,2.9,3.5,13.1,9.3,17.0,1.8,45.6,25.3,21.7,82.7,55.5,71.1,17.3,46.5,71.7,74.8,4.2,35.2,11.9,80.9,1600.0,16.00,16,18,18,36,74,560,1,38.8,32.9,32.8,29.8,29.1,28.9,30.5,30.2,31.4,28.6,29.6,29.6,28.2,23.3,1.150,0.994,1.156,7.625,4.812,7.609,7.609,28.009,0.707,0.347,0.353,1.107,0.802,1.385,0.250,8.355,4.792,13.148,28.035,1600.0,1600.0,4009.4,4009.4,4650.0,36.9,12.7,8.5,34.6,195.2,No,No,No,0.325,0.098,0.5,38.0,36.0,35.5,33.5,31.0,32.5,35.5,12.192,5.000,1.002,1.348,1.092,0.880,0.870,1.564,3.356,1.836,1065,776,555,562,1.057,1.265,34,34,41,79.0,100.0,No,No,80704,102356,0.0,0.0,0.0,0.000,0.000,45598,11165,34.9,38.0,42.5,38,38,36,38,38,38,38,38,38,83.0,0.662,12.189,12.261,12.173,12.155,12.168,0,0,12.555,4.601,7.909,0.147,8.131,5.275,2.823,7.909,5.658,0.833,2.719,290.000,320.000,210.0,50.6,555.0,80.3,600.0,525.0,157.8,37.6,451.8,11.0,5.0,0.0,0.0,9.0,0.5,2.2,0.0,0.0,0.0,0,0,Yes,No,No,No,No,Yes,No,4.7,5.7,4,0,0,0,0,0,0,0,0,118,0,0,0,0,0,0,0,0,0,0,0,0,0,0,0,0,0,0,0,0,7456,736,567,42,2.5,24.0,71.3,4.7,4.6,4.6,4.6,24.0,60.1,4.7,4.6,4.6,4.6,41.62,213.58,14.02,13.54,216.34,216.34,1.66,39.88,41.62,0.00,28.18,201,6,0.7,0.4,0,0,0.0,0.0,0,
27.8.2026,17:28:58.695,6389,12864,33.1,5286,11023,32.4,2.5,2944,74,1.062,0.950,0.969,0.969,1.163,1.163,1.163,3780.0,3675.0,3620.0,4525.0,3620.0,3620.0,3620.0,100.0,139.8,78.6,34.2,19.1,85.2,59.6,190.6,490.0,434.8,97.7,163.1,4.2,20.8,139.8,6.6,2.9,2.6,10.4,3.7,3.2,6.0,15.0,13.9,4.1,5.4,4.7,7.9,15.0,6.6,3.6,1.2,0.9,0.5,2.3,1.5,5.0,13.2,11.7,2.5,4.3,0.1,0.5,3.6,37.8,36.8,36.2,45.2,36.2,36.2,36.2,2.9,5.7,2.1,2.5,5.7,16.9,6.1,0.6,38.8,29.7,13.1,84.9,55.3,46.9,2.7,55.6,68.2,84.4,9.4,27.9,47.0,96.6,1600.0,16.00,16,18,18,36,74,560,1,38.8,32.8,32.8,29.5,28.9,28.7,29.6,31.9,29.3,28.5,29.6,29.6,29.0,24.2,1.169,0.994,1.175,6.323,4.690,6.346,6.346,26.505,0.549,0.292,0.183,0.810,1.363,0.587,0.062,6.860,4.672,11.532,26.294,1600.0,1600.0,3872.2,3872.2,4650.0,34.6,10.6,7.1,34.5,206.7,No,No,No,0.135,0.077,0.3,38.0,36.0,35.5,33.5,31.0,32.5,35.5,12.192,5.000,1.002,1.348,1.070,0.880,0.872,1.564,3.360,1.836,1064,776,555,562,1.056,1.267,34,34,41,79.0,100.0,No,No,80704,102356,0.0,0.0,0.0,0.000,0.000,45598,11165,34.7,38.0,42.3,38,38,36,38,38,38,38,36,38,83.0,0.662,12.189,12.258,12.173,12.158,12.166,0,0,12.131,3.305,4.656,0.074,7.097,2.444,2.482,4.656,4.976,0.830,2.533,290.000,320.000,210.0,50.6,555.0,80.3,600.0,525.0,158.1,37.6,453.9,3.0,3.0,0.0,0.0,9.0,0.2,0.6,0.0,0.0,0.0,0,0,Yes,No,No,No,No,Yes,No,3.3,5.0,4,0,0,0,0,0,0,0,0,118,0,0,0,0,0,0,0,0,0,0,0,0,0,0,0,0,0,0,0,0,7456,736,567,42,2.5,30.6,75.2,4.9,4.9,4.9,4.9,30.6,60.1,5.0,5.0,5.0,5.0,32.68,203.47,13.30,13.25,204.33,204.33,1.49,31.18,32.68,0.00,29.10,201,6,0.0,0.1,0,0,0.0,0.0,0,
27.8.2026,17:28:59.202,6384,12869,33.1,5289,11020,32.4,2.5,2944,74,0.950,0.950,0.950,0.950,0.950,0.950,0.950,3675.0,3675.0,3675.0,3675.0,3675.0,3675.0,3675.0,100.0,138.7,137.3,17.1,11.7,11.0,69.4,133.4,511.4,415.1,83.3,250.7,5.9,17.6,138.7,1.2,0.3,0.0,0.0,0.0,0.9,0.0,4.8,2.4,1.2,5.0,0.0,0.0,5.0,1.2,3.5,1.0,0.4,0.3,0.2,1.8,3.5,13.8,11.2,2.2,6.7,0.1,0.4,3.5,36.8,36.8,36.8,36.8,36.8,36.8,36.8,4.9,5.9,1.7,0.6,4.6,20.4,7.3,0.6,29.5,15.2,6.5,65.4,56.4,31.6,2.0,64.6,83.1,92.9,30.0,23.1,61.2,97.5,1600.0,16.00,16,18,18,36,74,560,1,38.8,32.7,34.0,29.3,28.5,28.5,29.0,32.0,29.1,28.6,29.4,29.4,29.0,23.8,1.150,0.994,1.156,5.972,4.678,5.947,5.947,25.417,0.525,0.251,0.111,0.584,1.495,0.651,0.061,6.529,4.660,11.188,25.708,1600.0,1600.0,3774.9,3774.9,4650.0,33.8,9.9,6.6,34.5,203.7,No,No,No,0.176,0.043,0.4,38.0,36.0,35.5,33.5,31.0,32.5,35.5,12.192,5.000,1.004,1.352,1.036,0.880,0.870,1.562,3.360,1.836,1064,777,553,549,1.056,1.267,34,34,41,79.0,100.0,No,No,80704,102356,0.0,0.0,0.0,0.000,0.000,45598,11165,34.8,38.0,42.2,38,38,38,38,38,38,38,38,38,83.0,0.662,12.190,12.261,12.173,12.157,12.168,0,0,11.643,3.765,5.776,0.086,7.474,3.355,2.567,5.776,5.154,0.832,2.865,290.000,320.000,210.0,50.6,555.0,68.3,600.0,525.0,159.9,37.8,456.0,1.0,2.0,0.0,0.0,9.0,0.1,0.2,0.0,0.0,0.0,0,0,Yes,No,No,No,No,Yes,No,3.8,5.5,4,0,0,0,0,0,0,0,0,118,0,0,0,0,0,0,0,0,0,0,0,0,0,0,0,0,0,0,0,0,7457,735,566,42,2.5,6.8,70.4,3.8,3.7,3.7,3.7,6.8,57.6,3.8,3.8,3.7,3.7,146.86,265.30,14.21,13.34,267.36,267.36,1.30,145.64,146.86,0.00,125.09,201,6,0.5,0.4,0,0,0.0,0.0,0,
27.8.2026,17:28:59.694,6386,12868,33.1,5286,11023,32.4,2.5,2944,73,0.996,1.194,0.956,0.956,0.956,0.956,0.956,3665.8,3620.0,3675.0,3675.0,3675.0,3675.0,3675.0,100.0,284.7,146.9,64.1,112.2,115.8,366.8,196.4,639.9,575.0,817.1,250.9,45.5,85.8,284.7,11.0,2.2,7.2,0.0,2.8,8.4,7.4,16.9,17.9,18.3,5.7,32.0,12.7,32.0,11.0,7.4,2.1,1.7,2.9,3.0,9.7,5.2,17.3,15.5,21.9,6.6,1.1,2.2,7.4,36.7,36.2,36.8,36.8,36.8,36.8,36.8,0.0,11.6,3.6,5.5,12.7,20.6,23.7,3.3,42.9,21.4,32.7,72.6,57.8,54.9,18.1,45.5,75.0,61.8,14.7,21.6,21.4,78.6,1600.0,16.00,16,18,18,36,74,560,1,38.9,35.0,33.5,30.4,29.3,29.4,30.6,32.7,31.5,29.2,29.8,29.8,28.2,23.6,1.150,1.000,1.156,9.123,4.887,9.127,9.127,29.983,0.961,0.396,0.622,1.149,1.668,1.572,0.361,10.292,4.865,15.157,30.104,1600.0,1600.0,4127.3,4127.3,4650.0,39.6,15.2,10.1,36.8,177.1,No,No,No,0.453,0.514,0.7,38.0,36.0,35.5,33.5,31.0,32.5,35.5,12.192,5.000,1.002,1.348,1.036,0.880,0.870,1.560,3.360,1.836,1036,1524,553,549,1.057,1.254,34,34,41,79.0,100.0,No,No,80704,102356,0.5,0.0,0.5,1.222,0.023,45599,11165,34.8,38.0,42.5,38,38,38,38,38,38,38,36,38,83.0,0.662,12.183,12.256,12.166,12.150,12.161,0,0,11.634,4.398,7.381,0.123,7.908,4.957,2.809,7.381,5.626,0.855,2.544,290.000,320.000,210.0,50.6,555.0,68.3,600.0,525.0,158.3,37.3,449.7,3.0,3.0,0.0,0.0,9.0,0.2,0.6,0.0,0.0,0.0,0,0,Yes,No,No,No,No,Yes,No,4.5,5.2,4,0,0,0,0,0,0,0,0,118,0,0,0,0,0,0,0,0,0,0,0,0,0,0,0,0,0,0,0,0,7457,735,566,42,2.5,8.4,80.8,3.8,3.7,3.7,3.7,8.4,60.1,3.8,3.8,3.7,3.7,119.19,265.27,12.38,12.13,267.36,267.36,1.42,117.75,119.19,0.00,53.29,201,6,0.0,0.0,0,0,0.0,0.0,0,
27.8.2026,17:29:0.214,6374,12879,33.1,5287,11022,32.4,2.5,2944,73,0.951,0.956,0.950,0.950,0.950,0.950,0.950,3647.5,3675.0,3675.0,3675.0,3620.0,3620.0,3620.0,100.0,170.4,78.4,14.1,68.1,33.9,123.7,158.7,444.5,333.3,311.7,358.6,83.4,36.7,170.4,3.9,1.5,0.0,19.4,0.0,3.1,3.7,7.1,1.4,7.2,2.2,0.0,1.0,19.4,3.9,4.5,1.4,0.4,1.8,0.9,3.2,4.1,12.0,9.0,8.3,9.6,2.2,0.9,4.5,36.5,36.8,36.8,36.8,36.2,36.2,36.2,4.2,7.7,1.9,2.4,6.4,17.3,15.2,2.7,39.9,11.5,17.9,69.6,62.5,59.7,17.9,52.5,86.6,79.7,24.1,20.1,25.1,79.4,1600.0,16.00,16,18,18,36,74,560,1,38.9,33.3,33.2,29.8,28.6,28.8,29.4,31.8,31.0,28.9,29.5,29.5,28.8,24.0,1.150,1.000,1.156,7.178,4.771,7.174,7.174,27.454,0.670,0.195,0.284,0.753,1.360,1.151,0.275,7.900,4.750,12.649,27.326,1600.0,1600.0,3878.4,3878.4,4650.0,36.0,12.0,8.0,35.1,195.0,No,No,No,0.251,0.216,0.5,38.0,36.0,35.5,33.5,31.0,32.5,35.5,12.192,5.000,1.002,1.348,1.086,0.880,0.870,1.562,3.356,1.836,1036,1524,555,562,1.057,1.254,34,34,41,79.0,100.0,No,No,80704,102356,0.0,0.1,0.1,0.000,0.065,45599,11165,34.7,38.0,42.3,38,38,36,38,38,38,38,36,38,83.0,0.662,12.185,12.258,12.168,12.151,12.162,0,0,11.613,3.980,6.224,0.086,7.483,4.010,2.688,6.224,5.374,0.828,2.902,290.000,320.000,210.0,50.6,555.0,74.8,600.0,525.0,157.4,37.1,448.4,2.0,3.0,0.0,0.0,9.0,0.1,0.3,0.0,0.0,0.0,0,0,Yes,No,No,No,No,Yes,No,4.0,5.3,4,0,0,0,0,0,0,0,0,118,0,0,0,0,0,0,0,0,0,0,0,0,0,0,0,0,0,0,0,0,7458,734,565,42,2.5,8.6,80.8,3.4,3.3,3.3,3.3,8.6,60.1,3.4,3.3,3.3,3.3,116.87,296.35,12.38,12.13,301.37,301.37,1.39,115.49,116.87,0.00,82.44,201,6,0.2,0.1,0,0,0.0,0.0,0,
27.8.2026,17:29:0.726,6377,12877,33.1,5284,11026,32.3,2.5,2944,73,1.170,1.175,1.169,1.169,1.169,1.169,1.169,3921.7,3620.0,3620.0,4525.0,3620.0,4525.0,3620.0,100.0,166.1,92.8,6.0,60.5,38.1,123.9,154.0,430.6,448.9,282.2,287.9,18.0,50.0,166.1,4.4,0.0,1.3,0.0,4.9,1.1,1.8,13.3,13.7,4.6,7.7,4.5,0.0,13.7,4.4,4.3,1.2,0.1,1.6,0.9,3.2,4.0,11.6,12.1,7.5,7.7,0.4,1.3,4.3,39.2,36.2,36.2,45.2,36.2,45.2,36.2,7.4,7.4,1.8,2.3,6.5,19.3,12.6,1.7,34.2,14.8,15.3,64.3,62.6,39.4,8.8,58.5,83.4,82.4,29.3,18.2,47.9,89.6,1600.0,16.00,16,18,18,36,74,560,1,38.8,33.0,35.5,29.4,28.4,28.7,29.3,31.9,29.5,28.6,29.4,29.4,29.5,24.8,1.175,0.994,1.181,6.752,4.736,6.706,6.706,26.390,0.663,0.418,0.304,0.750,1.435,0.897,0.173,7.435,4.716,12.151,26.646,1600.0,1600.0,3718.3,3718.3,4650.0,35.1,11.2,7.5,34.7,186.0,No,No,No,0.273,0.194,0.4,38.0,36.0,35.5,33.5,31.0,32.5,35.5,12.192,5.000,1.002,1.348,1.046,0.882,0.870,1.564,3.360,1.836,1036,761,554,562,1.056,1.250,34,34,41,79.0,100.0,No,No,80704,102356,0.0,1.0,1.1,0.065,0.497,45599,11165,34.8,38.0,42.2,38,38,36,38,38,38,38,36,38,83.0,0.662,12.183,12.256,12.167,12.150,12.161,0,0,11.323,3.902,6.093,0.110,7.604,3.669,2.651,6.093,5.304,0.829,2.767,290.000,320.000,210.0,50.6,555.0,74.8,600.0,525.0,160.2,37.9,456.2,0.0,2.0,0.0,0.0,9.0,0.0,0.2,0.0,0.0,0.0,0,0,Yes,No,No,No,No,Yes,No,3.9,5.7,4,0,0,0,0,0,0,0,0,118,0,0,0,0,0,0,0,0,0,0,0,0,0,0,0,0,0,0,0,0,7458,734,565,42,2.5,4.5,18.8,2.9,2.9,2.9,2.9,4.5,18.5,2.9,2.9,2.9,2.9,220.83,349.09,53.27,49.68,350.56,350.56,2.00,218.78,220.83,0.00,176.06,201,6,0.3,0.4,0,0,0.0,0.0,0,
27.8.2026,17:29:1.224,6370,12883,33.0,5298,11011,32.4,2.5,2944,73,0.950,0.950,0.950,0.950,0.950,0.950,0.950,3675.0,3675.0,3675.0,3675.0,3675.0,3675.0,3675.0,100.0,127.3,86.9,4.2,27.3,10.0,106.8,120.6,383.5,392.1,95.1,250.2,13.0,37.6,127.3,1.8,1.6,0.0,0.3,0.0,2.1,2.3,5.2,5.5,1.9,2.3,0.0,0.0,5.5,1.8,3.4,2.1,0.1,0.7,0.2,2.8,3.2,10.3,10.6,2.5,6.7,0.3,1.0,3.4,36.8,36.8,36.8,36.8,36.8,36.8,36.8,0.0,5.8,2.1,0.9,5.2,17.1,8.1,1.3,38.7,5.6,11.8,82.8,71.6,55.3,5.2,55.5,92.2,87.3,12.0,11.3,36.5,93.5,1600.0,16.00,16,18,18,36,74,560,1,38.6,32.9,33.2,29.4,28.5,28.6,29.4,31.7,29.8,28.6,29.4,29.4,29.8,23.9,1.150,0.994,1.156,6.431,4.801,6.484,6.484,26.959,0.533,0.143,0.147,0.699,1.339,0.755,0.116,6.971,4.781,11.752,26.705,1600.0,1600.0,3946.2,3946.2,4650.0,35.1,10.8,7.2,34.6,214.4,No,No,No,0.147,0.099,0.3,38.0,36.0,35.5,33.5,31.0,32.5,35.5,12.192,5.000,1.004,1.352,1.056,0.880,0.870,1.564,3.356,1.836,1036,761,554,549,1.056,1.250,34,34,41,79.0,100.0,No,No,80704,102356,0.0,0.0,0.0,0.000,0.000,45599,11165,34.8,38.0,42.6,38,38,38,38,40,38,38,36,38,83.0,0.662,12.188,12.260,12.171,12.156,12.166,0,0,11.072,3.578,5.333,0.074,7.303,3.039,2.543,5.333,5.102,0.826,2.647,290.000,320.000,210.0,50.6,555.0,63.0,600.0,525.0,167.4,39.9,461.4,1.0,3.0,0.0,0.0,9.0,0.0,0.1,0.0,0.0,0.0,0,0,Yes,No,No,No,No,Yes,No,3.6,5.8,4,0,0,0,0,0,0,0,0,118,0,0,0,0,0,0,0,0,0,0,0,0,0,0,0,0,0,0,0,0,7458,734,565,42,2.5,4.5,19.7,2.6,2.6,2.6,2.6,4.5,19.4,2.6,2.6,2.6,2.6,220.97,383.02,50.80,49.43,384.02,384.02,1.78,219.25,220.97,0.00,200.63,201,6,0.0,0.0,0,0,0.0,0.0,0,
27.8.2026,17:29:1.740,6367,12886,33.0,5282,11027,32.3,2.5,2944,73,0.950,0.950,0.950,0.950,0.950,0.950,0.950,3780.0,3675.0,3620.0,4525.0,3620.0,3620.0,3620.0,100.0,150.5,36.7,3.7,40.7,30.2,214.7,136.6,253.8,595.5,332.3,118.8,14.1,29.0,150.5,4.1,2.1,0.0,0.0,0.0,6.0,4.3,6.8,0.0,8.7,6.8,12.2,1.9,12.2,4.1,4.0,0.9,0.1,1.0,0.8,5.7,3.6,6.8,16.1,8.9,3.2,0.4,0.7,4.0,37.8,36.8,36.2,45.2,36.2,36.2,36.2,2.0,6.2,1.0,1.7,7.8,15.8,10.0,1.1,35.9,8.3,13.6,75.7,60.1,51.3,6.7,57.8,90.7,84.7,16.5,24.1,38.7,92.3,1600.0,16.00,16,18,18,36,74,560,1,38.6,33.0,32.5,29.5,28.5,28.7,29.7,31.9,29.5,28.6,29.5,29.5,28.8,24.2,1.150,0.994,1.156,6.610,4.774,6.628,6.628,26.926,0.575,0.133,0.207,0.840,1.356,0.785,0.128,7.201,4.754,11.955,26.797,1600.0,1600.0,3918.9,3918.9,4650.0,35.3,11.0,7.4,34.7,206.1,No,No,No,0.187,0.149,0.4,38.0,36.0,35.5,33.5,31.0,32.5,35.5,12.192,5.000,1.002,1.348,1.106,0.882,0.870,1.562,3.360,1.836,1036,761,555,561,1.056,1.272,34,34,41,79.0,100.0,No,No,80704,102356,0.0,0.0,0.0,0.000,0.024,45599,11165,34.7,38.0,42.3,38,38,36,38,38,38,38,36,38,83.0,0.662,12.187,12.258,12.170,12.155,12.164,0,0,11.093,3.483,5.090,0.074,7.229,2.856,2.530,5.090,5.076,0.832,2.571,290.000,320.000,210.0,50.6,555.0,63.0,600.0,525.0,159.4,37.7,454.5,0.0,2.0,0.0,0.0,9.0,0.0,0.1,0.0,0.0,0.0,0,0,Yes,No,No,No,No,Yes,No,3.5,4.9,4,0,0,0,0,0,0,0,0,118,0,0,0,0,0,0,0,0,0,0,0,0,0,0,0,0,0,0,0,0,7458,734,565,42,2.5,3.3,7.3,2.5,2.5,2.5,2.5,3.3,7.2,2.5,2.5,2.5,2.5,305.79,400.45,137.59,133.06,400.79,400.79,1.58,304.22,305.79,0.00,267.15,201,6,1.4,0.0,0,0,0.0,0.0,0,
27.8.2026,17:29:2.225,6365,12888,33.0,5286,11024,32.4,2.5,2944,73,0.943,0.950,0.906,0.950,0.950,0.950,0.950,3515.8,3675.0,2940.0,3620.0,3620.0,3620.0,3620.0,100.0,178.3,122.7,14.3,137.7,56.3,224.2,195.5,449.1,439.8,165.9,241.8,57.2,35.2,178.3,3.9,0.0,12.7,4.9,3.1,3.8,3.2,8.9,0.0,2.7,4.4,3.1,0.0,12.7,3.9,4.6,1.0,0.3,3.7,1.5,5.9,5.2,12.1,11.9,4.4,6.5,1.5,0.9,4.6,35.2,36.8,29.4,36.2,36.2,36.2,36.2,7.1,7.3,1.4,4.0,8.9,17.7,9.3,2.2,32.0,16.3,16.3,53.9,60.6,33.2,11.7,60.7,82.4,79.7,37.1,21.7,57.5,86.1,1600.0,16.00,16,18,18,36,74,560,1,38.6,32.8,32.8,29.6,28.6,29.0,29.6,31.6,29.6,28.8,29.4,29.4,29.2,24.2,1.150,0.994,1.156,6.418,4.642,6.398,6.398,26.041,0.640,0.261,0.366,0.835,1.384,0.749,0.243,7.076,4.624,11.700,26.159,1600.0,1600.0,3940.7,3940.7,4650.0,34.4,10.7,7.1,34.5,182.9,No,No,No,0.260,0.198,0.4,38.0,36.0,35.5,33.5,31.0,32.5,35.5,12.168,5.000,1.004,1.352,1.068,0.882,0.872,1.562,3.360,1.836,1036,761,555,561,1.056,1.272,34,34,41,79.0,100.0,No,No,80704,102356,0.0,0.0,0.0,0.000,0.000,45599,11165,34.7,38.0,42.2,38,38,36,38,40,38,38,36,38,83.0,0.662,12.189,12.260,12.173,12.158,12.167,0,0,10.800,3.361,4.899,0.061,7.170,2.529,2.433,4.899,4.880,0.829,2.547,290.000,320.000,210.0,50.6,555.0,59.2,600.0,525.0,209.7,50.5,599.9,0.0,2.0,0.0,0.0,9.0,0.0,0.1,0.0,0.0,0.0,0,0,Yes,No,No,No,No,Yes,No,3.4,5.2,4,0,0,0,0,0,0,0,0,118,0,0,0,0,0,0,0,0,0,0,0,0,0,0,0,0,0,0,0,0,7458,734,565,42,2.5,3.2,9.5,2.2,2.2,2.2,2.2,3.2,9.4,2.2,2.2,2.2,2.2,316.64,448.95,105.23,99.80,449.93,449.93,1.55,315.11,316.64,0.00,306.33,201,6,0.2,0.2,0,0,0.0,0.0,0,
27.8.2026,17:29:2.743,6362,12891,33.0,5278,11032,32.3,2.5,2944,73,1.153,0.950,1.194,1.194,1.194,1.194,1.194,3780.0,3675.0,3620.0,3620.0,4525.0,3620.0,3620.0,100.0,213.6,97.3,15.7,79.4,59.4,88.9,207.3,692.7,583.1,523.4,147.3,17.6,51.4,213.6,6.7,3.8,0.0,0.0,0.0,0.0,7.6,20.2,33.6,11.7,3.4,0.0,0.0,33.6,6.7,5.6,0.9,0.4,2.1,1.5,2.3,5.5,18.7,15.7,14.0,3.9,0.4,1.3,5.6,37.8,36.8,36.2,36.2,45.2,36.2,36.2,5.3,8.4,1.3,3.5,6.7,21.9,15.2,1.7,36.8,23.3,13.9,74.2,56.0,36.9,16.5,54.8,75.5,82.7,19.1,22.1,47.9,81.8,1600.0,16.00,16,18,18,36,74,560,1,38.8,34.1,44.8,29.7,28.7,28.8,29.4,32.5,30.0,28.9,29.5,29.5,29.8,24.4,1.194,0.994,1.206,7.371,4.721,7.312,7.312,27.125,0.750,0.287,0.354,0.800,1.810,1.011,0.236,8.240,4.701,12.941,27.483,1600.0,1600.0,4021.8,4021.8,4650.0,36.2,12.2,8.1,35.9,181.8,No,No,No,0.258,0.291,0.5,38.0,36.0,35.5,33.5,31.0,32.5,35.5,12.192,5.010,1.002,1.348,1.054,0.880,0.872,1.564,3.360,1.836,1032,776,554,549,1.056,1.264,34,34,41,79.0,100.0,No,No,80704,102356,0.0,0.0,0.0,0.000,0.000,45599,11165,34.7,38.0,42.3,38,38,36,38,38,38,38,36,38,83.0,0.662,12.191,12.260,12.175,12.159,12.169,0,0,10.661,3.463,5.102,0.074,7.244,2.784,2.495,5.102,5.008,0.827,2.531,290.000,320.000,210.0,50.6,555.0,59.2,600.0,525.0,158.2,37.6,452.6,0.0,2.0,0.0,0.0,9.0,0.0,0.1,0.0,0.0,0.0,0,0,Yes,No,No,No,No,Yes,No,3.5,5.0,4,0,0,0,0,0,0,0,0,118,0,0,0,0,0,0,0,0,0,0,0,0,0,0,0,0,0,0,0,0,7458,734,565,42,2.5,3.2,17.2,2.2,2.2,2.2,2.2,3.2,17.2,2.2,2.2,2.2,2.2,316.79,450.35,58.09,50.89,450.36,450.36,1.64,315.05,316.79,0.00,383.51,201,6,0.0,0.0,0,0,0.0,0.0,0,
27.8.2026,17:29:3.233,6364,12889,33.0,5287,11023,32.4,2.5,2944,73,0.996,1.194,0.956,0.956,0.956,0.956,0.956,3665.8,3620.0,3675.0,3675.0,3675.0,3675.0,3675.0,100.0,180.1,194.4,64.6,64.2,26.2,291.5,114.3,492.9,475.5,112.3,171.1,46.4,107.8,180.1,4.7,0.0,2.6,8.1,1.7,10.3,0.7,6.3,8.8,3.8,4.9,0.0,9.0,10.3,4.7,4.5,1.1,1.7,1.6,0.7,7.8,3.0,13.3,12.8,2.9,4.6,1.2,2.9,4.5,36.7,36.2,36.8,36.8,36.8,36.8,36.8,13.0,7.1,2.4,2.1,9.0,19.6,6.3,3.5,35.5,8.9,16.8,66.0,60.0,50.1,11.3,57.4,88.8,81.2,25.0,20.4,43.6,85.3,1600.0,16.00,16,18,18,36,74,560,1,38.8,33.2,32.5,29.7,28.6,28.8,29.9,32.3,29.4,29.0,29.4,29.4,29.5,23.9,1.150,0.994,1.156,6.575,4.577,6.641,6.641,26.507,0.650,0.252,0.267,0.926,1.482,0.709,0.267,7.243,4.560,11.803,26.209,1600.0,1600.0,3592.8,3592.8,4650.0,34.5,11.1,7.4,34.9,183.9,No,No,No,0.247,0.200,0.4,38.0,36.0,35.5,33.5,31.0,32.5,35.5,12.192,5.000,1.002,1.352,1.096,0.880,0.870,1.562,3.356,1.836,1034,776,554,549,1.056,1.264,34,34,41,79.0,100.0,No,No,80704,102356,0.0,0.0,0.0,0.000,0.000,45599,11165,34.8,38.0,42.4,38,38,36,38,38,38,38,38,38,83.0,0.662,12.188,12.259,12.172,12.156,12.166,0,0,10.674,3.282,4.661,0.074,7.096,2.395,2.445,4.661,4.910,0.828,2.472,290.000,320.000,210.0,50.6,555.0,58.0,600.0,525.0,163.4,38.8,466.3,0.0,2.0,0.0,0.0,9.0,0.0,0.1,0.0,0.0,0.0,0,0,Yes,No,No,No,No,Yes,No,4.3,5.3,4,0,0,0,0,0,0,0,0,118,0,0,0,0,0,0,0,0,0,0,0,0,0,0,0,0,0,0,0,0,7458,734,565,42,2.5,3.0,17.4,2.1,2.1,2.1,2.1,3.1,17.2,2.1,2.1,2.1,2.1,327.92,483.11,57.62,50.41,483.78,483.78,1.67,326.19,327.92,0.00,411.32,201,6,0.3,0.4,0,0,0.0,0.0,0,
27.8.2026,17:29:3.726,6364,12889,33.0,5280,11029,32.3,2.5,2944,73,0.951,0.956,0.950,0.950,0.950,0.950,0.950,3647.5,3675.0,3675.0,3675.0,3620.0,3620.0,3620.0,100.0,179.5,63.0,16.7,81.9,43.0,184.1,143.2,446.4,511.8,411.2,161.1,22.8,68.2,179.5,6.0,2.6,2.0,0.4,2.6,2.8,4.8,8.6,12.8,7.9,2.3,24.9,0.0,24.9,6.0,4.7,1.1,0.4,2.1,1.1,4.8,3.7,12.0,13.8,11.0,4.3,0.6,1.8,4.7,36.5,36.8,36.8,36.8,36.2,36.2,36.2,2.1,8.1,1.6,3.0,7.3,21.3,12.7,2.4,40.6,15.3,39.9,61.7,60.7,56.6,9.4,51.3,83.1,57.1,31.0,18.0,30.7,88.2,1600.0,16.00,16,18,18,36,74,560,1,38.8,33.4,33.8,29.7,28.5,29.1,29.3,32.3,30.1,28.9,29.5,29.5,29.5,24.1,1.150,0.994,1.156,7.345,4.779,7.319,7.319,27.510,0.697,0.200,0.462,0.711,1.566,1.021,0.222,8.142,4.759,12.901,27.694,1600.0,1600.0,4017.5,4017.5,4650.0,36.4,12.2,8.1,35.1,192.9,No,No,No,0.252,0.291,0.5,38.0,36.0,35.5,33.0,31.0,32.5,35.5,12.192,5.000,1.002,1.352,1.074,0.880,0.870,1.564,3.356,1.836,1034,776,555,562,1.056,1.262,34,34,41,79.0,100.0,No,No,80704,102356,0.0,0.0,0.0,0.000,0.000,45599,11165,34.7,38.0,42.2,38,38,36,38,38,38,38,36,38,83.0,0.662,12.185,12.256,12.168,12.152,12.163,0,0,10.875,3.703,5.719,0.074,7.410,3.366,2.566,5.719,5.150,0.830,2.488,290.000,320.000,210.0,50.6,555.0,58.0,600.0,525.0,210.0,50.5,600.0,0.0,2.0,0.0,0.0,9.0,0.0,0.1,0.0,0.0,0.0,0,0,Yes,No,No,No,No,Yes,No,4.2,5.4,4,0,0,0,0,0,0,0,0,118,0,0,0,0,0,0,0,0,0,0,0,0,0,0,0,0,0,0,0,0,7458,734,565,42,2.5,3.0,17.2,2.1,2.1,2.1,2.1,3.0,17.0,2.1,2.1,2.1,2.1,338.94,483.77,58.28,50.47,483.78,483.78,1.74,337.12,338.94,0.00,433.75,201,6,0.0,0.0,0,0,0.0,0.0,0,
27.8.2026,17:29:4.241,6361,12892,33.0,5281,11028,32.3,2.5,2944,73,0.950,0.950,0.950,0.950,0.950,0.950,0.950,3675.0,3675.0,3675.0,3675.0,3675.0,3675.0,3675.0,100.0,189.0,118.4,12.1,75.0,75.3,188.7,374.1,308.1,552.8,235.8,257.6,17.9,52.0,189.0,3.6,1.3,0.0,1.6,0.0,4.2,8.4,6.8,9.5,5.3,5.8,0.0,0.0,9.5,3.6,4.9,1.5,0.3,2.0,2.0,5.0,10.0,8.3,14.9,6.3,6.9,0.4,1.3,4.9,36.8,36.8,36.8,36.8,36.8,36.8,36.8,11.1,8.2,1.7,3.4,12.4,19.2,10.8,1.6,39.2,24.4,12.4,70.3,62.2,58.3,7.7,52.7,74.0,84.2,17.4,18.7,31.1,90.9,1600.0,16.00,16,18,18,36,74,560,1,38.8,33.4,33.5,29.8,28.9,28.9,30.4,31.8,30.3,28.7,29.4,29.4,27.5,23.5,1.163,0.994,1.175,7.172,4.631,7.179,7.179,27.078,0.730,0.302,0.316,1.063,1.469,0.968,0.261,7.932,4.612,12.545,26.947,1600.0,1600.0,3652.3,3652.3,4650.0,35.5,12.0,8.0,35.1,179.8,No,No,No,0.262,0.204,0.5,38.0,36.5,35.5,33.5,31.0,32.5,35.5,12.192,5.010,1.002,1.348,1.100,0.880,0.870,1.562,3.356,1.836,1036,776,555,562,1.056,1.262,34,34,41,79.0,100.0,No,No,80704,102356,0.0,0.0,0.0,0.000,0.000,45599,11165,34.7,38.0,42.3,38,38,36,38,38,38,38,36,38,83.0,0.662,12.188,12.259,12.171,12.155,12.165,0,0,10.825,3.291,4.711,0.074,7.108,2.395,2.433,4.711,4.876,0.828,2.480,290.000,320.000,210.0,50.6,555.0,63.0,600.0,525.0,185.2,44.9,542.9,0.0,2.0,0.0,0.0,9.0,0.0,0.1,0.0,0.0,0.0,0,0,Yes,No,No,No,No,Yes,No,3.9,5.2,4,0,0,0,0,0,0,0,0,118,0,0,0,0,0,0,0,0,0,0,0,0,0,0,0,0,0,0,0,0,7458,734,565,42,2.5,3.1,39.5,2.1,2.1,2.1,2.1,3.1,39.0,2.1,2.1,2.1,2.1,322.22,483.10,25.32,17.21,483.43,483.43,1.50,320.70,322.22,0.00,450.28,201,6,0.5,0.4,0,0,0.0,0.0,0,
27.8.2026,17:29:4.748,6361,12892,33.0,5278,11031,32.3,2.5,2944,73,0.950,0.950,0.950,0.950,0.950,0.950,0.950,3675.0,3675.0,3675.0,3675.0,3675.0,3675.0,3675.0,100.0,178.7,83.7,14.5,59.0,90.3,358.4,276.4,33.4,705.9,254.6,207.1,40.8,20.4,178.7,7.4,0.5,5.1,3.1,0.0,6.9,5.2,0.0,14.8,7.6,9.2,19.7,17.3,19.7,7.4,4.7,1.8,0.4,1.5,2.3,9.5,7.3,0.9,19.0,6.8,5.5,1.0,0.5,4.7,36.8,36.8,36.8,36.8,36.8,36.8,36.8,5.1,7.9,2.2,3.2,14.3,15.9,10.5,1.5,41.1,16.6,16.4,77.9,69.4,58.6,7.6,51.0,81.3,80.4,7.9,14.8,30.8,90.8,1600.0,16.00,16,18,18,36,74,560,1,38.8,33.1,32.8,29.8,28.9,29.2,30.1,31.9,30.1,28.7,29.6,29.6,28.8,24.8,1.150,0.994,1.156,7.229,5.028,7.234,7.234,27.768,0.682,0.250,0.358,1.027,1.377,0.917,0.164,7.973,5.001,12.974,27.762,1600.0,1600.0,3911.1,3911.1,4650.0,36.5,12.1,8.0,34.8,193.0,No,No,No,0.252,0.199,0.5,38.0,36.5,35.5,33.5,31.0,32.5,35.5,12.192,5.000,1.002,1.348,1.074,0.882,0.870,1.562,3.356,1.836,1036,761,554,549,1.056,1.265,34,34,41,79.0,100.0,No,No,80704,102356,0.0,0.0,0.0,0.000,0.097,45599,11165,34.9,38.0,42.5,38,38,36,38,38,38,38,38,38,83.0,0.725,12.184,12.256,12.168,12.149,12.161,0,0,11.361,5.129,9.097,0.257,8.590,5.965,2.858,9.097,5.736,1.166,3.389,290.000,320.000,1200.0,101.2,1065.0,63.0,1155.0,1020.0,1051.9,87.9,1014.7,3.0,2.0,0.0,0.0,9.0,0.1,0.4,0.0,0.0,0.0,0,0,Yes,No,No,No,No,Yes,No,6.0,6.1,4,0,0,0,0,0,0,0,0,119,0,0,0,0,0,0,0,0,0,0,0,0,0,0,0,0,0,0,0,0,7458,734,565,42,5.0,6.1,91.7,2.2,2.1,2.1,2.1,6.1,60.0,2.2,2.1,2.1,2.1,163.94,457.22,10.90,10.60,466.93,466.93,1.25,162.63,163.94,0.00,257.54,201,6,0.0,0.0,0,0,0.0,0.0,0,
27.8.2026,17:29:5.253,6363,12891,33.0,5293,11016,32.4,2.5,2944,73,0.950,0.950,0.950,0.950,0.950,0.950,0.950,3675.0,3675.0,3675.0,3675.0,3675.0,3675.0,3675.0,100.0,127.3,102.2,13.3,26.1,18.1,319.7,194.3,288.2,373.1,27.6,138.9,6.0,19.5,127.3,4.1,2.1,0.0,0.5,8.9,9.9,4.3,9.1,11.0,0.5,0.0,0.0,3.3,11.0,4.1,3.4,2.5,0.3,0.6,0.5,8.5,5.1,7.8,10.1,0.7,3.7,0.1,0.5,3.4,36.8,36.8,36.8,36.8,36.8,36.8,36.8,2.8,5.5,2.3,1.1,10.8,14.3,3.8,0.6,32.0,6.1,14.0,62.9,69.7,34.5,4.7,62.5,91.6,84.9,26.3,15.9,61.7,94.7,1600.0,16.00,16,18,18,36,74,560,1,38.6,32.8,33.0,29.3,28.6,28.6,30.3,31.3,28.6,28.5,29.4,29.4,28.5,24.6,1.150,0.994,1.156,6.134,5.252,6.152,6.152,26.848,0.493,0.171,0.152,0.872,1.259,0.428,0.075,6.598,5.221,11.819,26.781,1600.0,1600.0,3927.3,3927.3,4650.0,35.2,10.3,6.8,34.5,220.6,No,No,No,0.132,0.099,0.3,38.0,36.0,35.5,33.5,31.0,32.5,35.5,12.192,5.000,1.004,1.348,1.068,0.880,0.870,1.562,3.356,1.836,1035,760,554,549,1.056,1.265,34,34,41,79.0,100.0,No,No,80704,102356,0.0,0.0,0.0,0.000,0.000,45599,11165,34.8,38.0,42.4,38,38,36,38,38,38,38,36,38,83.0,0.725,12.181,12.253,12.167,12.143,12.160,0,0,13.785,5.528,10.826,0.355,7.689,7.905,2.566,10.826,5.146,1.262,3.178,290.000,320.000,1200.0,101.2,1065.0,198.1,1155.0,1020.0,855.4,71.4,824.9,0.0,1.0,0.0,0.0,9.0,0.0,0.1,0.0,0.0,0.0,0,0,Yes,No,No,No,No,Yes,No,5.5,5.3,4,0,0,0,0,0,0,0,0,119,0,0,0,0,0,0,0,0,0,0,0,0,0,0,0,0,0,0,0,0,7458,734,565,42,5.0,6.0,91.7,2.2,2.1,2.1,2.1,6.0,60.0,2.2,2.1,2.1,2.1,166.61,456.91,10.90,10.60,466.60,466.60,1.17,165.39,166.61,0.00,201.71,201,6,0.0,0.0,0,0,0.0,0.0,0,
27.8.2026,17:29:5.768,6360,12893,33.0,5284,11025,32.3,2.5,2944,73,0.950,0.950,0.950,0.950,0.950,0.950,0.950,3665.8,3675.0,3675.0,3675.0,3675.0,3675.0,3620.0,100.0,127.7,53.6,0.9,13.6,9.4,69.1,341.8,370.5,417.5,60.0,167.7,4.4,23.5,127.7,3.0,2.1,6.9,0.0,0.0,2.8,8.8,6.4,7.5,0.0,2.1,0.0,0.0,8.8,3.0,3.3,0.9,0.0,0.3,0.2,1.8,9.2,9.8,11.1,1.5,4.5,0.1,0.6,3.3,36.7,36.8,36.8,36.8,36.8,36.8,36.2,4.1,5.6,1.0,0.6,9.3,16.8,5.4,0.7,32.5,12.2,6.4,80.7,53.2,38.3,4.0,62.0,86.9,93.0,10.1,30.0,56.4,95.3,1600.0,16.00,16,18,18,36,74,560,1,38.6,32.7,33.2,29.3,28.5,28.5,29.6,31.9,28.8,28.5,29.4,29.4,29.5,24.6,1.150,0.994,1.156,6.035,5.191,6.016,6.016,26.463,0.505,0.149,0.091,0.808,1.413,0.491,0.076,6.527,5.161,11.688,26.521,1600.0,1600.0,3868.2,3868.2,4650.0,34.9,10.0,6.7,34.4,212.9,No,No,No,0.159,0.055,0.3,38.0,36.5,35.5,33.5,31.0,32.5,35.5,12.192,5.000,1.004,1.348,1.048,0.882,0.872,1.562,3.356,1.836,1035,760,555,562,1.057,1.250,34,34,41,79.0,100.0,No,No,80704,102356,0.0,0.0,0.0,0.000,0.194,45599,11165,34.8,38.0,42.4,38,38,36,38,38,38,38,36,38,83.0,0.725,12.181,12.254,12.166,12.143,12.160,0,0,16.228,5.861,11.513,0.429,8.102,8.330,2.675,11.513,5.358,1.261,3.567,290.000,320.000,1200.0,101.2,1065.0,198.1,1155.0,1020.0,858.3,71.3,822.5,0.0,1.0,0.0,0.0,9.0,0.0,0.0,0.0,0.0,0.0,0,0,Yes,No,No,No,No,Yes,No,5.8,6.0,4,0,0,0,0,0,0,0,0,119,0,0,0,0,0,0,0,0,0,0,0,0,0,0,0,0,0,0,0,0,7458,734,565,42,5.0,3.1,11.1,2.1,2.1,2.1,2.1,3.1,11.1,2.1,2.1,2.1,2.1,322.18,465.59,90.26,84.27,466.60,466.60,0.98,321.21,322.18,0.00,377.63,201,6,0.6,0.8,0,0,0.0,0.0,0,
27.8.2026,17:29:6.268,6363,12891,33.0,5291,11018,32.4,2.5,2944,73,0.950,0.950,0.950,0.950,0.950,0.950,0.950,3675.0,3675.0,3675.0,3675.0,3675.0,3675.0,3675.0,100.0,133.5,116.6,4.4,28.9,10.6,116.6,418.3,73.3,682.9,70.7,50.9,8.9,20.2,133.5,6.7,0.3,0.0,5.8,19.5,1.9,8.6,0.8,14.5,3.9,3.4,19.5,2.7,19.5,6.7,3.4,1.2,0.1,0.7,0.2,3.0,11.1,2.0,18.4,1.8,1.3,0.2,0.5,3.4,36.8,36.8,36.8,36.8,36.8,36.8,36.8,7.4,5.5,1.3,1.0,11.8,15.3,2.9,0.7,28.3,7.9,7.3,69.7,52.2,30.6,2.2,66.2,90.8,91.7,18.6,32.5,66.5,97.1,1600.0,16.00,16,18,18,36,74,560,1,38.5,32.7,33.0,29.3,28.5,28.6,29.8,31.8,28.4,28.5,29.4,29.4,29.2,23.7,1.150,0.994,1.156,5.808,5.146,5.811,5.811,26.092,0.480,0.163,0.119,0.875,1.343,0.316,0.063,6.297,5.116,11.413,26.158,1600.0,1600.0,3821.6,3821.6,4650.0,34.4,9.7,6.5,34.4,216.0,No,No,No,0.145,0.056,0.3,38.0,36.5,35.5,33.5,31.0,32.5,35.5,12.192,5.000,1.002,1.352,1.076,0.882,0.870,1.564,3.356,1.836,1035,776,553,562,1.057,1.250,34,34,41,79.0,100.0,No,No,80704,102356,0.0,0.0,0.0,0.000,0.000,45599,11165,34.9,38.0,42.5,38,38,38,38,38,38,38,36,38,83.0,0.725,12.180,12.254,12.165,12.141,12.159,0,0,16.193,5.828,11.283,0.368,7.968,8.268,2.663,11.283,5.336,1.262,4.025,290.000,320.000,1200.0,101.2,1065.0,302.3,1155.0,1020.0,881.1,73.8,852.1,0.0,1.0,0.0,0.0,9.0,0.0,0.0,0.0,0.0,0.0,0,0,Yes,No,No,No,No,Yes,No,5.7,6.0,4,0,0,0,0,0,0,0,0,119,0,0,0,0,0,0,0,0,0,0,0,0,0,0,0,0,0,0,0,0,7458,734,565,42,5.0,3.9,9.7,2.4,2.4,2.4,2.4,3.9,9.7,2.4,2.4,2.4,2.4,258.27,413.19,103.34,100.49,416.35,416.35,0.86,257.41,258.27,0.00,324.70,201,6,14.1,0.0,0,0,0.0,0.0,0,
27.8.2026,17:29:6.782,6362,12891,33.0,5286,11024,32.4,2.5,2944,73,1.153,0.950,1.194,1.194,1.194,1.194,1.194,3780.0,3675.0,3620.0,3620.0,4525.0,3620.0,3620.0,100.0,150.9,73.5,0.8,19.5,19.5,208.2,515.5,35.0,585.3,166.1,160.7,7.5,19.7,150.9,4.9,1.8,3.9,0.0,0.0,0.0,12.4,7.3,18.8,1.9,1.7,9.3,1.4,18.8,4.9,3.9,0.9,0.0,0.5,0.5,5.4,13.8,0.9,15.7,4.4,4.3,0.1,0.5,3.9,37.8,36.8,36.2,36.2,45.2,36.2,36.2,11.0,5.9,0.9,1.0,12.6,12.9,7.4,0.6,27.5,14.8,5.7,71.1,39.6,31.7,2.1,66.6,84.4,93.3,16.4,47.5,61.0,97.3,1600.0,16.00,16,18,18,36,74,560,1,38.5,32.5,45.0,29.3,28.6,28.4,30.3,31.0,29.2,28.3,29.3,29.3,29.8,25.0,1.200,0.994,1.206,5.908,5.094,5.857,5.857,25.749,0.522,0.179,0.097,1.106,1.119,0.571,0.062,6.429,5.065,11.494,26.002,1600.0,1600.0,3585.5,3585.5,4650.0,34.2,9.8,6.5,34.2,204.0,No,No,No,0.168,0.049,0.4,38.0,36.0,35.5,33.5,31.0,32.5,35.5,12.192,5.000,1.004,1.348,1.050,0.882,0.872,1.562,3.356,1.836,1035,776,553,548,1.057,1.249,34,34,41,79.0,100.0,No,No,80704,102356,0.0,0.2,0.2,0.000,0.249,45599,11165,34.8,38.0,42.5,38,38,36,38,38,38,38,38,38,83.0,0.725,12.182,12.254,12.167,12.144,12.161,0,0,16.347,5.637,10.933,0.404,7.714,8.039,2.615,10.933,5.250,1.263,3.579,290.000,320.000,1200.0,101.2,1065.0,302.3,1155.0,1020.0,864.9,72.4,839.6,0.0,1.0,0.0,0.0,9.0,0.0,0.0,0.0,0.0,0.0,0,0,Yes,No,No,No,No,Yes,No,5.6,5.4,4,0,0,0,0,0,0,0,0,119,0,0,0,0,0,0,0,0,0,0,0,0,0,0,0,0,0,0,0,0,7458,734,565,42,5.0,3.7,8.3,2.4,2.4,2.4,2.4,3.8,8.4,2.4,2.4,2.4,2.4,266.68,413.54,119.82,117.13,416.54,416.54,0.87,265.81,266.68,0.00,308.20,201,6,25.4,1.8,0,0,0.0,0.0,0,
27.8.2026,17:29:7.283,6361,12893,33.0,5289,11020,32.4,2.5,2944,73,0.996,1.194,0.956,0.956,0.956,0.956,0.956,3665.8,3620.0,3675.0,3675.0,3675.0,3675.0,3675.0,100.0,141.8,88.8,36.1,12.9,11.1,215.7,328.0,191.1,492.5,89.2,139.8,91.7,4.7,141.8,2.2,0.0,0.0,0.0,0.0,6.6,6.1,0.0,7.1,1.0,5.1,0.0,0.0,7.1,2.2,3.6,0.9,1.0,0.3,0.3,5.6,8.6,5.1,13.3,2.3,3.7,2.5,0.1,3.6,36.7,36.2,36.8,36.8,36.8,36.8,36.8,5.2,5.1,1.9,0.6,8.6,12.7,4.5,2.2,30.8,21.9,5.7,77.2,51.3,28.4,0.6,64.1,76.2,93.7,14.2,36.1,67.1,97.3,1600.0,16.00,16,18,18,36,74,560,1,38.5,32.6,32.8,29.3,28.8,28.4,30.2,31.2,28.8,28.6,29.4,29.4,28.8,24.8,1.150,0.994,1.156,5.739,5.225,5.806,5.806,26.431,0.482,0.251,0.081,0.946,1.076,0.426,0.108,6.173,5.194,11.367,26.288,1600.0,1600.0,3729.4,3729.4,4650.0,34.6,9.7,6.5,34.3,210.0,No,No,No,0.137,0.060,0.3,38.0,36.0,35.5,33.0,31.0,32.5,35.5,12.168,5.000,1.004,1.348,1.072,0.882,0.870,1.562,3.356,1.836,1035,777,555,561,1.057,1.249,34,34,41,79.0,100.0,No,No,80704,102356,0.0,0.0,0.0,0.000,0.000,45599,11165,34.8,38.0,42.4,38,38,36,38,38,38,38,38,38,83.0,0.725,12.183,12.255,12.169,12.146,12.163,0,0,16.318,5.499,10.732,0.417,7.533,7.907,2.566,10.732,5.146,1.261,3.196,290.000,320.000,1200.0,101.2,1065.0,297.3,1155.0,1020.0,870.4,72.7,839.0,0.0,1.0,0.0,0.0,9.0,0.0,0.0,0.0,0.0,0.0,0,0,Yes,No,No,No,No,Yes,No,5.5,6.6,4,0,0,0,0,0,0,0,0,119,0,0,0,0,0,0,0,0,0,0,0,0,0,0,0,0,0,0,0,0,7458,734,565,42,5.0,3.8,6.6,2.6,2.6,2.6,2.6,3.7,6.6,2.6,2.6,2.6,2.6,266.66,380.89,152.44,150.34,383.22,383.22,0.54,266.11,266.66,0.00,249.71,201,6,30.2,3.3,0,0,0.0,0.0,0,
27.8.2026,17:29:7.795,6358,12895,33.0,5279,11030,32.3,2.5,2944,73,0.950,0.950,0.950,0.950,0.950,0.950,0.950,3675.0,3675.0,3675.0,3675.0,3675.0,3675.0,3675.0,100.0,137.4,60.5,23.9,38.1,27.3,44.4,201.4,10.8,913.2,165.7,119.9,19.3,23.9,137.4,4.4,0.3,13.1,0.0,8.3,0.1,3.8,0.0,19.7,2.9,4.9,0.0,0.0,19.7,4.4,3.6,1.2,0.5,1.0,0.7,1.1,5.4,0.3,24.7,4.4,3.2,0.5,0.6,3.6,36.8,36.8,36.8,36.8,36.8,36.8,36.8,3.2,6.1,1.4,1.6,5.6,20.4,6.5,1.1,32.8,14.2,5.4,80.7,53.3,42.4,0.6,61.1,84.4,93.0,13.7,26.3,51.1,98.3,1600.0,16.00,16,18,18,36,74,560,1,38.5,33.1,33.5,29.4,28.5,28.5,29.3,32.3,29.1,28.6,29.4,29.4,29.0,24.6,1.150,0.994,1.156,6.308,5.241,6.307,6.307,27.120,0.549,0.197,0.156,0.698,1.554,0.568,0.118,6.862,5.210,12.072,27.017,1600.0,1600.0,3866.3,3866.3,4650.0,35.5,10.5,7.0,34.9,206.0,No,No,No,0.201,0.050,0.4,38.0,36.0,35.5,33.5,31.0,32.5,35.5,12.192,5.000,1.002,1.348,1.084,0.880,0.872,1.562,3.356,1.836,1035,777,555,561,1.056,1.282,34,34,41,79.0,100.0,No,No,80704,102356,0.0,0.0,0.0,0.000,0.000,45599,11165,34.9,38.0,42.3,38,38,36,38,38,38,38,36,38,83.0,0.725,12.185,12.257,12.171,12.147,12.164,0,0,16.290,5.802,11.317,0.454,8.021,8.212,2.688,11.317,5.380,1.263,3.567,290.000,320.000,1200.0,101.2,1065.0,297.3,1155.0,1020.0,893.3,74.2,854.8,0.0,1.0,0.0,0.0,9.0,0.0,0.0,0.0,0.0,0.0,0,0,Yes,No,No,No,No,Yes,No,5.8,6.0,4,0,0,0,0,0,0,0,0,119,0,0,0,0,0,0,0,0,0,0,0,0,0,0,0,0,0,0,0,0,7458,734,565,42,5.0,3.9,6.6,2.7,2.7,2.7,2.7,3.9,6.6,2.7,2.7,2.7,2.7,258.48,364.34,152.62,150.68,366.50,366.50,0.70,257.93,258.48,0.00,216.37,201,6,7.8,0.1,0,0,0.0,0.0,0,
27.8.2026,17:29:8.302,6358,12895,33.0,5288,11021,32.4,2.5,2944,73,0.950,0.950,0.950,0.950,0.950,0.950,0.950,3675.0,3675.0,3675.0,3675.0,3675.0,3675.0,3675.0,100.0,121.6,46.7,6.9,28.3,44.1,50.0,180.9,29.7,821.3,59.1,175.9,6.5,9.5,121.6,2.7,2.7,0.0,0.0,0.0,0.0,3.0,0.0,17.2,6.0,0.0,1.9,2.0,17.2,2.7,3.2,1.0,0.2,0.7,1.1,1.2,4.8,0.7,22.1,1.5,4.7,0.1,0.2,3.2,36.8,36.8,36.8,36.8,36.8,36.8,36.8,3.5,5.5,1.3,1.8,5.3,18.5,5.7,0.4,29.0,4.0,5.5,68.5,66.3,24.8,5.0,65.5,94.7,92.8,26.2,15.2,69.6,94.6,1600.0,16.00,16,18,18,36,74,560,1,38.5,32.8,32.8,29.2,28.3,28.6,29.2,31.9,28.8,28.5,29.4,29.4,30.0,24.8,1.150,0.994,1.156,5.893,5.219,5.899,5.899,26.564,0.464,0.093,0.119,0.618,1.459,0.422,0.072,6.380,5.187,11.567,26.482,1600.0,1600.0,3933.0,3933.0,4650.0,34.8,9.8,6.6,34.5,226.5,No,No,No,0.136,0.058,0.3,38.0,36.0,35.5,33.0,31.0,32.5,35.5,12.192,5.000,1.002,1.348,1.044,0.880,0.872,1.562,3.356,1.836,1034,762,554,548,1.056,1.282,34,34,41,79.0,100.0,No,No,80704,102356,0.0,0.0,0.0,0.000,0.000,45599,11165,34.8,38.0,42.4,38,38,36,38,38,38,38,38,38,83.0,0.725,12.180,12.253,12.165,12.142,12.159,0,0,16.277,5.629,10.858,0.380,7.700,7.953,2.590,10.858,5.188,1.263,3.869,290.000,320.000,1200.0,101.2,1065.0,289.0,1155.0,1020.0,201.4,16.7,194.7,0.0,1.0,0.0,0.0,9.0,0.0,0.1,0.0,0.0,0.0,0,0,Yes,No,No,No,No,Yes,No,5.5,6.0,4,0,0,0,0,0,0,0,0,119,0,0,0,0,0,0,0,0,0,0,0,0,0,0,0,0,0,0,0,0,7458,734,565,42,5.0,3.6,4.6,3.0,3.0,3.0,3.0,3.6,4.6,3.0,3.0,3.0,3.0,274.93,331.71,218.15,217.10,332.87,332.87,0.85,273.93,274.93,0.00,149.52,201,6,0.3,0.4,0,0,0.0,0.0,0,
27.8.2026,17:29:8.803,6356,12898,33.0,5280,11029,32.3,2.5,2944,73,0.669,0.950,0.613,0.613,0.613,0.613,0.613,3675.0,3675.0,3675.0,3675.0,3675.0,3675.0,3675.0,100.0,124.8,82.4,16.0,12.2,23.0,44.4,223.7,30.9,630.7,139.2,273.4,5.9,15.9,124.8,5.0,0.0,5.0,2.0,7.8,5.6,6.7,2.4,15.6,1.8,7.8,4.7,0.0,15.6,5.0,3.2,1.0,0.4,0.3,0.6,1.1,6.0,0.8,17.0,3.5,7.3,0.1,0.4,3.2,36.8,36.8,36.8,36.8,36.8,36.8,36.8,8.2,5.4,1.3,0.9,6.0,14.3,9.1,0.5,34.7,23.0,3.2,54.3,68.9,58.4,0.5,60.0,75.9,96.0,39.7,16.8,32.6,99.1,1600.0,16.00,16,18,18,36,74,560,1,38.4,32.4,33.0,29.2,28.5,28.5,28.9,31.5,29.8,28.4,29.3,29.3,29.0,23.5,1.150,0.994,1.156,5.816,5.110,5.810,5.810,26.035,0.518,0.242,0.086,0.566,1.256,0.913,0.045,6.297,5.080,11.378,26.046,1600.0,1600.0,3688.1,3688.1,4650.0,34.3,9.7,6.5,34.1,200.3,No,No,No,0.165,0.082,0.3,38.0,36.5,35.5,33.0,31.0,32.5,35.5,12.192,5.000,1.002,1.348,1.054,0.882,0.872,1.562,3.356,1.836,1034,762,554,548,1.057,1.272,34,34,41,79.0,100.0,No,No,80704,102356,0.0,0.0,0.1,0.129,0.291,45599,11166,34.8,38.0,42.3,38,38,36,38,38,38,38,36,38,83.0,0.725,12.179,12.254,12.164,12.141,12.158,0,0,16.190,5.573,10.794,0.429,7.554,7.904,2.553,10.794,5.120,1.263,3.744,290.000,320.000,1200.0,101.2,1065.0,289.0,1155.0,1020.0,907.0,76.1,876.2,0.0,1.0,0.0,0.0,9.0,0.0,0.0,0.0,0.0,0.0,0,0,Yes,No,No,No,No,Yes,No,5.5,6.3,4,0,0,0,0,0,0,0,0,119,0,0,0,0,0,0,0,0,0,0,0,0,0,0,0,0,0,0,0,0,7458,734,565,42,5.0,4.1,4.6,3.4,3.3,3.3,3.3,4.1,4.6,3.3,3.3,3.3,3.3,244.81,298.08,217.00,216.99,299.72,299.72,0.78,244.04,244.81,0.00,94.14,201,6,0.0,0.0,0,0,0.0,0.0,0,
27.8.2026,17:29:9.304,6358,12895,33.0,5286,11023,32.4,2.5,2944,73,0.662,0.912,0.613,0.613,0.613,0.613,0.613,3675.0,3675.0,3675.0,3675.0,3675.0,3675.0,3675.0,100.0,123.9,60.7,3.4,10.1,16.7,209.8,378.9,4.8,410.9,121.1,233.2,16.8,20.6,123.9,4.7,3.2,0.0,0.0,2.3,3.6,10.2,0.0,8.2,0.0,4.1,0.0,25.1,25.1,4.7,3.3,1.4,0.1,0.2,0.4,5.6,10.1,0.1,11.1,3.1,6.1,0.4,0.5,3.3,36.8,36.8,36.8,36.8,36.8,36.8,36.8,11.0,4.9,1.5,0.7,9.2,9.3,7.8,1.1,27.0,19.2,5.5,66.1,37.9,32.6,0.5,68.1,79.4,93.8,24.8,52.8,59.7,98.3,1600.0,16.00,16,18,18,36,74,560,1,38.2,32.2,31.8,29.1,28.7,28.4,29.9,30.4,29.2,28.4,29.3,29.3,27.8,23.4,1.150,0.994,1.156,5.519,5.116,5.528,5.528,25.647,0.458,0.200,0.148,0.884,0.858,0.586,0.073,5.940,5.087,11.027,25.652,1600.0,1600.0,3577.0,3577.0,4650.0,33.8,9.2,6.1,33.9,213.4,No,No,No,0.174,0.055,0.3,38.0,36.0,35.5,33.0,31.0,32.5,35.5,12.192,5.000,1.002,1.352,1.026,0.882,0.870,1.562,3.360,1.834,1034,777,554,549,1.057,1.272,34,34,41,79.0,100.0,No,No,80704,102356,0.0,0.0,0.0,0.000,0.000,45599,11166,34.9,38.0,42.6,38,38,36,38,38,38,38,38,38,83.0,0.725,12.180,12.254,12.166,12.142,12.159,0,0,16.100,5.523,10.630,0.343,7.506,7.917,2.566,10.630,5.146,1.262,3.706,290.000,320.000,1200.0,101.2,1065.0,290.2,1155.0,1020.0,1199.9,101.0,1155.3,0.0,1.0,0.0,0.0,9.0,0.0,0.1,0.0,0.0,0.0,0,0,Yes,No,No,No,No,Yes,No,5.4,6.3,4,0,0,0,0,0,0,0,0,119,0,0,0,0,0,0,0,0,0,0,0,0,0,0,0,0,0,0,0,0,7458,734,565,42,5.0,4.0,4.6,3.4,3.3,3.3,3.3,4.0,4.6,3.4,3.3,3.3,3.3,250.16,297.59,218.04,217.75,298.89,298.89,0.83,249.37,250.16,0.00,76.86,201,6,0.5,0.4,0,0,0.0,0.0,0,
27.8.2026,17:29:9.819,6358,12895,33.0,5280,11029,32.3,2.5,2944,73,0.929,0.912,0.906,0.906,0.912,0.969,0.969,3647.5,3675.0,3675.0,3675.0,3620.0,3620.0,3620.0,100.0,131.7,78.8,9.1,16.3,9.9,43.7,370.7,21.9,725.2,145.2,133.7,9.3,17.1,131.7,4.3,0.0,4.5,1.8,0.0,2.5,6.9,1.9,14.8,7.3,4.4,7.2,0.0,14.8,4.3,3.4,0.8,0.2,0.4,0.2,1.1,9.9,0.6,19.6,3.6,3.4,0.2,0.4,3.4,36.5,36.8,36.8,36.8,36.2,36.2,36.2,10.7,5.6,1.1,0.6,9.3,16.3,5.9,0.7,24.9,9.6,4.8,49.9,50.7,29.2,5.1,69.5,89.3,94.5,40.9,33.0,64.9,94.2,1600.0,16.00,16,18,18,36,74,560,1,38.2,32.5,33.5,29.2,28.4,28.4,29.5,31.4,28.8,28.4,29.3,29.3,28.8,24.2,1.156,0.994,1.156,5.598,5.154,5.609,5.609,25.840,0.463,0.136,0.076,0.770,1.249,0.473,0.075,6.085,5.124,11.209,25.826,1600.0,1600.0,3628.6,3628.6,4650.0,34.0,9.3,6.2,34.2,216.0,No,No,No,0.172,0.054,0.3,38.0,36.0,35.5,33.5,31.0,32.5,35.5,12.168,5.000,1.002,1.348,1.084,0.880,0.870,1.562,3.356,1.834,1063,761,554,549,1.056,1.256,34,34,41,79.0,100.0,No,No,80704,102356,0.0,0.2,0.2,0.000,0.459,45599,11166,34.8,38.0,42.4,38,38,36,38,38,38,38,38,38,83.0,0.725,12.182,12.256,12.167,12.145,12.162,0,0,16.099,5.589,10.906,0.380,7.690,8.003,2.590,10.906,5.178,1.262,3.381,290.000,320.000,1200.0,101.2,1065.0,290.2,1155.0,1020.0,849.0,71.0,819.5,0.0,1.0,0.0,0.0,9.0,0.0,0.0,0.0,0.0,0.0,0,0,Yes,No,No,No,No,Yes,No,5.5,5.9,4,0,0,0,0,0,0,0,0,119,0,0,0,0,0,0,0,0,0,0,0,0,0,0,0,0,0,0,0,0,7458,734,565,42,5.0,3.9,4.3,3.5,3.5,3.5,3.5,3.9,4.3,3.5,3.5,3.5,3.5,255.72,283.19,234.16,233.88,283.88,283.88,0.83,254.88,255.72,0.00,38.53,201,6,0.0,0.0,0,0,0.0,0.0,0,
27.8.2026,17:29:10.319,6358,12896,33.0,5285,11024,32.4,2.5,2944,73,1.136,0.912,1.181,1.181,1.181,1.181,1.181,3780.0,3675.0,3620.0,3620.0,4525.0,3620.0,3620.0,100.0,150.8,229.1,8.0,40.3,44.2,50.3,185.0,140.3,689.4,158.8,250.2,6.1,7.8,150.8,7.1,1.0,0.0,0.7,14.2,0.9,4.1,5.8,20.1,0.0,5.5,13.4,20.0,20.1,7.1,3.6,1.2,0.2,1.0,1.2,1.2,4.9,3.7,18.6,4.2,6.7,0.1,0.2,3.6,37.8,36.8,36.2,36.2,45.2,36.2,36.2,3.0,5.7,1.4,1.5,5.2,16.4,9.3,0.4,30.1,8.5,6.9,63.2,54.4,45.9,1.9,64.2,90.1,91.6,31.7,29.1,44.9,97.7,1600.0,16.00,16,18,18,36,74,560,1,38.2,32.8,41.2,29.3,28.4,28.6,29.2,31.3,29.6,28.4,29.4,29.4,28.5,23.8,1.194,0.994,1.200,6.098,5.237,6.041,6.041,26.262,0.527,0.222,0.171,0.622,1.295,0.796,0.054,6.618,5.206,11.823,26.623,1600.0,1600.0,3934.1,3934.1,4650.0,35.0,10.1,6.7,34.5,208.1,No,No,No,0.175,0.056,0.3,38.0,36.0,35.5,33.0,31.0,32.5,35.5,12.192,5.010,1.002,1.348,1.064,0.882,0.872,1.562,3.356,1.834,1063,761,555,562,1.056,1.256,34,34,41,79.0,100.0,No,No,80704,102356,0.0,0.0,0.0,0.000,0.000,45599,11166,34.8,38.0,42.3,38,38,38,38,38,38,38,38,38,83.0,0.725,12.178,12.252,12.163,12.141,12.157,0,0,16.080,5.516,10.761,0.331,7.651,7.928,2.589,10.761,5.178,1.262,3.184,290.000,320.000,1200.0,101.2,1065.0,288.8,1155.0,1020.0,951.7,78.9,913.2,0.0,1.0,0.0,0.0,9.0,0.0,0.1,0.0,0.0,0.0,0,0,Yes,No,No,No,No,Yes,No,5.5,5.9,4,0,0,0,0,0,0,0,0,119,0,0,0,0,0,0,0,0,0,0,0,0,0,0,0,0,0,0,0,0,7458,734,565,42,5.0,3.7,4.3,3.3,3.3,3.3,3.3,3.7,4.3,3.3,3.3,3.3,3.3,272.40,300.21,233.80,232.88,300.54,300.54,0.87,271.62,272.40,0.00,50.57,201,6,0.5,0.3,0,0,0.0,0.0,0,
27.8.2026,17:29:10.819,6358,12896,33.0,5280,11030,32.3,2.5,2944,73,0.995,1.188,0.956,0.956,0.956,0.956,0.956,3665.8,3620.0,3675.0,3675.0,3675.0,3675.0,3675.0,100.0,169.2,358.3,56.0,24.1,9.8,41.8,106.2,249.2,511.3,273.6,298.0,3.4,98.4,169.2,3.8,2.8,6.0,0.0,0.0,0.0,1.4,4.4,13.1,10.7,5.7,0.0,1.1,13.1,3.8,3.8,0.8,1.5,0.6,0.2,1.0,2.8,6.7,13.8,7.3,8.0,0.1,2.6,3.8,36.7,36.2,36.8,36.8,36.8,36.8,36.8,17.8,5.6,2.0,0.8,3.0,16.7,8.9,2.4,23.6,5.8,0.8,41.2,56.6,33.5,3.8,70.9,92.4,98.5,55.9,26.7,57.8,94.0,1600.0,16.00,16,18,18,36,74,560,1,38.2,32.7,32.5,29.2,28.6,28.4,28.7,31.5,29.7,28.6,29.2,29.2,29.0,24.2,1.150,0.994,1.156,5.494,5.025,5.514,5.514,25.316,0.525,0.391,0.054,0.487,1.270,0.796,0.150,5.996,4.998,10.994,25.260,1600.0,1600.0,3384.7,3384.7,4650.0,33.2,9.2,6.1,34.5,187.6,No,No,No,0.185,0.054,0.3,38.0,36.0,35.5,33.5,31.0,32.5,35.5,12.192,5.000,1.002,1.348,1.000,0.882,0.870,1.562,3.356,1.834,1064,761,554,562,1.057,1.253,34,34,42,79.0,100.0,No,No,80704,102356,0.0,0.0,0.0,0.000,0.144,45599,11166,34.9,38.0,42.4,38,38,36,38,38,38,38,38,38,83.0,0.725,12.186,12.258,12.172,12.150,12.165,0,0,16.220,5.651,11.001,0.429,7.778,8.116,2.664,11.001,5.336,1.262,3.274,290.000,320.000,1200.0,101.2,1065.0,288.8,1155.0,1020.0,866.0,72.9,845.8,0.0,1.0,0.0,0.0,9.0,0.0,0.1,0.0,0.0,0.0,0,0,Yes,No,No,No,No,Yes,No,5.6,5.5,4,0,0,0,0,0,0,0,0,119,0,0,0,0,0,0,0,0,0,0,0,0,0,0,0,0,0,0,0,0,7458,734,565,42,5.0,3.7,4.6,3.3,3.3,3.3,3.3,3.7,4.6,3.3,3.3,3.3,3.3,272.54,300.90,217.86,216.34,300.90,300.90,0.92,271.66,272.54,0.00,78.41,201,6,0.0,0.1,0,0,0.0,0.0,0,
27.8.2026,17:29:11.314,6356,12897,33.0,5283,11026,32.3,2.5,2944,73,0.951,0.956,0.950,0.950,0.950,0.950,0.950,3656.7,3675.0,3675.0,3675.0,3675.0,3620.0,3620.0,100.0,160.3,322.7,49.4,7.5,9.5,318.3,433.5,71.9,464.8,66.7,153.5,6.7,19.6,160.3,3.1,0.0,0.0,1.4,0.0,8.3,10.8,0.0,5.8,2.7,4.8,1.4,1.7,10.8,3.1,3.7,1.7,1.3,0.2,0.2,8.5,11.6,1.8,12.4,1.7,4.1,0.1,0.5,3.7,36.6,36.8,36.8,36.8,36.8,36.2,36.2,20.8,5.0,1.9,0.4,10.8,11.5,4.6,0.7,27.0,27.7,5.6,48.5,55.4,21.0,3.9,68.1,70.7,94.1,40.9,33.1,74.4,95.6,1600.0,16.00,16,18,18,36,74,560,1,38.1,31.8,33.5,29.0,28.8,28.3,30.0,30.3,28.5,28.2,29.1,29.1,29.0,24.2,1.150,0.994,1.156,5.204,5.029,5.217,5.217,25.039,0.494,0.457,0.133,0.934,0.875,0.478,0.088,5.631,5.001,10.632,24.816,1600.0,1600.0,3393.3,3393.3,4650.0,32.7,8.7,5.8,33.5,187.8,No,No,No,0.176,0.050,0.3,38.0,36.0,35.5,33.0,31.0,32.5,35.5,12.168,5.000,1.002,1.348,0.988,0.880,0.872,1.562,3.356,1.834,1064,761,554,548,1.057,1.253,34,34,42,79.0,100.0,No,No,80704,102356,0.0,0.0,0.0,0.000,0.000,45599,11166,34.8,38.0,42.5,38,38,36,38,38,38,38,38,38,83.0,0.725,12.182,12.254,12.167,12.144,12.162,0,0,16.256,5.651,10.994,0.404,7.726,7.991,2.566,10.994,5.140,1.262,3.784,290.000,320.000,1200.0,101.2,1065.0,304.9,1155.0,1020.0,872.1,72.5,835.2,0.0,1.0,0.0,0.0,9.0,0.0,0.0,0.0,0.0,0.0,0,0,Yes,No,No,No,No,Yes,No,5.6,5.9,4,0,0,0,0,0,0,0,0,119,0,0,0,0,0,0,0,0,0,0,0,0,0,0,0,0,0,0,0,0,7458,734,565,42,5.0,3.5,5.0,2.9,2.9,2.9,2.9,3.5,5.0,2.9,2.9,2.9,2.9,283.52,349.52,201.18,199.35,350.52,350.52,0.74,282.89,283.52,0.00,112.04,201,6,0.0,0.0,0,0,0.0,0.0,0,
27.8.2026,17:29:11.808,6355,12898,33.0,5275,11034,32.3,2.5,2944,73,0.950,0.950,0.950,0.950,0.950,0.950,0.950,3675.0,3675.0,3675.0,3675.0,3675.0,3675.0,3675.0,100.0,141.8,160.9,6.5,26.2,9.9,57.0,395.5,506.4,198.4,239.3,76.3,3.8,21.6,141.8,3.9,2.0,16.7,0.0,1.6,2.6,10.2,9.7,2.7,0.7,0.1,0.0,0.0,16.7,3.9,3.5,0.6,0.2,0.6,0.2,1.4,10.6,13.6,5.3,6.4,2.0,0.1,0.6,3.5,36.8,36.8,36.8,36.8,36.8,36.8,36.8,19.3,5.7,0.8,0.9,10.0,15.1,6.7,0.6,25.7,8.3,3.8,50.5,57.9,32.4,1.1,68.8,91.0,95.4,39.8,27.2,61.0,98.5,1600.0,16.00,16,18,18,36,74,560,1,38.1,32.4,33.2,29.1,28.3,28.4,29.6,31.5,28.5,28.4,29.2,29.2,29.0,24.5,1.150,0.994,1.156,5.552,5.056,5.553,5.553,25.252,0.504,0.189,0.103,0.883,1.313,0.475,0.062,6.053,5.029,11.082,25.273,1600.0,1600.0,3615.1,3615.1,4650.0,33.3,9.3,6.2,34.1,197.8,No,No,No,0.186,0.043,0.3,38.0,36.0,35.5,33.0,31.0,32.5,35.5,12.168,5.000,1.002,1.348,0.992,0.882,0.872,1.562,3.356,1.836,1063,776,555,548,1.056,1.256,34,34,41,79.0,100.0,No,No,80704,102356,0.0,0.0,0.0,0.000,0.000,45599,11166,34.8,38.0,42.4,38,38,36,38,38,38,38,36,38,83.0,0.725,12.179,12.254,12.164,12.141,12.157,0,0,16.173,5.635,10.884,0.404,7.688,7.977,2.602,10.884,5.206,1.261,3.811,290.000,320.000,1200.0,101.2,1065.0,304.9,1155.0,1020.0,1087.4,90.7,1046.8,0.0,1.0,0.0,0.0,9.0,0.0,0.0,0.0,0.0,0.0,0,0,Yes,No,No,No,No,Yes,No,5.9,6.0,4,0,0,0,0,0,0,0,0,119,0,0,0,0,0,0,0,0,0,0,0,0,0,0,0,0,0,0,0,0,7458,734,565,42,5.0,3.5,5.9,2.9,2.9,2.9,2.9,3.5,5.9,2.9,2.9,2.9,2.9,285.15,350.28,169.50,166.39,350.52,350.52,0.87,284.28,285.15,0.00,167.33,201,6,0.1,0.0,0,0,0.0,0.0,0,
27.8.2026,17:29:12.312,6357,12896,33.0,5285,11024,32.4,2.5,2944,73,0.950,0.950,0.950,0.950,0.950,0.950,0.950,3675.0,3675.0,3675.0,3675.0,3675.0,3675.0,3675.0,100.0,128.4,26.2,0.9,11.1,41.8,119.7,242.6,3.0,672.7,89.1,312.8,4.1,17.2,128.4,4.5,0.0,0.0,0.0,2.9,1.6,4.4,0.0,14.2,4.0,8.9,10.2,7.9,14.2,4.5,3.4,0.6,0.0,0.3,1.1,3.0,6.4,0.1,18.2,2.3,8.4,0.1,0.4,3.4,36.8,36.8,36.8,36.8,36.8,36.8,36.8,1.2,5.7,0.7,1.4,7.6,15.1,9.0,0.6,28.4,2.1,10.1,63.9,55.9,35.8,2.9,65.8,97.2,88.6,28.6,29.0,55.2,96.5,1600.0,16.00,16,18,18,36,74,560,1,38.1,32.9,33.0,29.3,28.4,28.7,29.4,31.8,28.9,28.5,29.4,29.4,28.8,24.5,1.150,0.994,1.156,5.792,5.270,5.795,5.795,26.557,0.492,0.071,0.152,0.732,1.365,0.566,0.067,6.296,5.238,11.534,26.543,1600.0,1600.0,3936.5,3936.5,4650.0,34.9,9.7,6.4,34.6,210.4,No,No,No,0.119,0.057,0.3,38.0,36.0,35.5,33.0,31.0,32.5,35.5,12.168,5.000,1.002,1.348,1.008,0.882,0.870,1.560,3.352,1.834,1063,776,555,548,1.056,1.256,34,34,41,79.0,100.0,No,No,80704,102356,0.0,0.0,0.0,0.000,0.000,45599,11166,34.9,38.0,42.5,38,38,36,38,38,38,38,38,38,83.0,0.725,12.182,12.255,12.168,12.145,12.162,0,0,16.175,5.686,11.208,0.404,7.824,8.210,2.615,11.208,5.248,1.263,3.190,290.000,320.000,1200.0,101.2,1065.0,294.7,1155.0,1020.0,868.4,72.3,837.5,1.0,1.0,0.0,0.0,9.0,0.0,0.0,0.0,0.0,0.0,0,0,Yes,No,No,No,No,Yes,No,5.6,6.0,4,0,0,0,0,0,0,0,0,119,0,0,0,0,0,0,0,0,0,0,0,0,0,0,0,0,0,0,0,0,7458,734,565,42,5.0,3.4,7.6,2.4,2.4,2.4,2.4,3.4,7.3,2.4,2.4,2.4,2.4,294.40,415.08,131.89,128.08,416.64,416.64,0.87,293.47,294.40,0.00,220.63,201,6,0.0,0.0,0,0,0.0,0.0,0,
27.8.2026,17:29:12.822,7067,12186,36.7,5609,10700,34.3,2.5,2944,73,1.196,1.175,1.200,1.200,1.200,1.200,1.200,4223.3,3620.0,4525.0,4525.0,3620.0,4525.0,4525.0,100.0,572.9,239.8,25.0,627.9,201.1,1657.4,490.6,61.7,709.4,1755.0,686.5,315.1,105.7,572.9,17.8,4.7,6.7,22.0,7.8,40.9,11.4,7.5,21.1,41.1,18.1,24.3,8.5,41.1,17.8,15.1,4.7,0.6,16.7,5.2,44.3,12.9,1.6,19.1,46.9,18.2,8.2,2.7,15.1,42.2,36.2,45.2,45.2,36.2,45.2,45.2,11.1,25.2,4.9,19.4,47.1,16.5,53.0,10.0,53.6,64.9,58.1,39.7,61.7,30.0,67.2,21.3,30.2,22.6,13.3,21.8,17.0,22.9,1600.0,16.00,16,18,18,36,74,560,1,38.5,36.7,40.0,32.5,30.8,31.6,34.4,32.6,34.6,30.7,30.3,30.3,29.2,25.0,1.188,0.994,1.200,13.681,5.360,13.547,19.864,35.472,1.959,0.961,1.870,3.012,1.646,3.057,1.209,16.120,5.329,21.449,36.054,1600.0,1600.0,4165.4,4165.4,4645.6,47.4,22.6,22.1,38.6,137.1,No,No,No,1.632,1.364,1.5,38.0,36.0,35.5,33.0,31.0,32.5,35.5,12.192,5.000,1.004,1.348,1.150,0.882,0.872,1.560,3.352,1.834,1061,761,555,561,1.056,1.266,34,34,41,79.0,100.0,No,No,80704,102356,0.8,0.0,0.9,0.198,0.049,45599,11166,34.9,38.0,42.5,38,38,38,38,38,38,38,38,38,83.0,0.725,12.176,12.252,12.160,12.138,12.155,0,0,16.292,5.573,11.031,0.368,7.698,8.084,2.565,11.031,5.138,1.263,2.984,290.000,320.000,1200.0,101.2,1065.0,294.7,1155.0,1020.0,1101.8,91.7,1063.3,0.0,1.0,0.0,0.0,9.0,0.0,0.1,0.0,0.0,0.0,0,0,Yes,No,No,No,No,Yes,No,6.1,6.5,4,0,0,0,0,0,0,0,0,119,0,0,0,0,0,0,0,0,0,0,0,0,0,0,0,0,0,0,0,0,7458,734,565,42,5.0,3.2,11.1,2.2,2.2,2.2,2.2,3.2,11.1,2.2,2.2,2.2,2.2,316.83,449.82,90.01,84.02,450.49,450.49,0.94,315.83,316.83,0.00,329.66,201,6,0.0,0.0,0,0,0.0,0.0,0,
27.8.2026,17:29:13.325,7550,11703,39.2,5774,10535,35.4,2.4,2944,72,1.156,1.156,1.156,1.156,1.156,1.156,1.156,3921.7,3620.0,3620.0,4525.0,3620.0,4525.0,3620.0,100.0,646.2,217.0,71.6,257.2,384.6,1843.2,1541.1,292.7,536.1,491.5,1765.5,148.6,205.0,646.2,11.9,3.0,0.0,4.6,7.3,39.9,32.9,2.1,1.7,9.6,38.3,0.0,3.4,39.9,11.9,17.2,4.9,1.9,6.5,10.1,49.8,41.0,7.8,14.5,13.0,47.2,3.9,5.4,17.2,39.2,36.2,36.2,45.2,36.2,45.2,36.2,0.0,27.4,5.2,15.1,73.5,14.6,47.4,8.5,60.4,40.1,84.9,26.5,80.3,52.6,77.9,12.2,54.7,0.0,0.0,5.0,0.0,13.6,1600.0,16.00,16,18,18,36,74,560,1,39.9,42.2,38.8,34.4,32.3,32.0,40.3,33.3,37.2,31.4,31.2,31.2,29.2,23.9,1.156,0.994,1.169,16.425,5.473,16.485,22.875,40.429,2.345,0.756,1.759,5.064,1.706,3.542,1.243,19.463,5.440,24.902,40.225,1600.0,1600.0,4525.0,4525.0,4650.0,52.9,27.5,25.4,44.4,137.9,No,No,No,1.186,0.898,1.6,38.0,36.0,35.5,33.0,31.0,32.5,35.5,12.168,5.000,1.004,1.348,1.182,0.880,0.870,1.560,3.348,1.834,1061,761,555,561,1.056,1.266,34,34,41,79.0,100.0,No,No,80704,102356,1.1,0.0,1.1,1.901,0.000,45600,11166,34.9,38.0,42.3,38,38,36,38,38,38,38,38,38,83.0,0.725,12.184,12.256,12.170,12.147,12.164,0,0,16.526,6.070,11.995,0.478,8.361,8.673,2.761,11.995,5.540,1.263,3.564,290.000,320.000,1200.0,101.2,1065.0,322.4,1155.0,1020.0,958.5,79.6,922.6,1.0,1.0,0.0,0.0,9.0,0.0,0.1,0.0,0.0,0.0,0,0,Yes,No,No,No,No,Yes,No,6.0,6.6,4,0,0,0,0,0,0,0,0,119,0,0,0,0,0,0,0,0,0,0,0,0,0,0,0,0,0,0,0,0,7458,734,565,42,5.0,3.1,13.5,2.2,2.2,2.2,2.2,3.1,13.5,2.2,2.2,2.2,2.2,322.35,450.48,74.30,67.40,450.49,450.49,0.93,321.38,322.35,0.00,377.96,201,6,0.4,0.4,0,0,0.0,0.0,0,
27.8.2026,17:29:13.841,7570,11683,39.3,5810,10499,35.6,2.4,2944,72,1.162,1.163,1.163,1.163,1.163,1.163,1.163,3770.8,3620.0,3620.0,3620.0,3620.0,4525.0,3620.0,100.0,565.6,92.2,32.4,166.8,370.7,261.0,2684.2,46.3,874.3,144.0,1914.2,57.8,142.8,565.6,11.6,3.0,0.0,5.2,0.0,7.0,59.8,0.0,15.5,1.6,42.9,0.0,4.6,59.8,11.6,15.0,1.8,0.8,4.2,9.9,6.9,72.1,1.2,23.6,3.7,51.1,1.5,3.8,15.0,37.7,36.2,36.2,36.2,36.2,45.2,36.2,0.0,25.1,2.4,12.7,65.3,20.2,45.3,4.7,45.0,14.7,76.5,34.7,62.0,54.7,27.5,29.9,82.9,10.8,0.0,17.8,0.0,67.8,1600.0,16.00,16,18,18,36,74,560,1,40.4,40.3,41.2,33.3,31.1,31.8,37.4,33.2,36.1,30.3,31.2,31.2,27.8,23.4,1.181,0.994,1.188,14.677,5.406,14.673,17.382,37.839,2.030,0.323,1.503,4.497,1.718,3.559,0.580,17.260,5.373,22.633,37.818,1600.0,1600.0,4525.0,4525.0,4650.0,49.8,24.5,19.3,42.4,141.2,No,No,No,0.629,0.393,1.5,39.0,36.0,35.5,33.0,31.0,32.5,35.5,12.192,5.000,1.004,1.348,1.180,0.882,0.872,1.562,3.352,1.834,1061,760,552,561,1.056,1.270,34,34,43,79.0,100.0,No,No,80704,102356,0.5,0.0,0.5,0.254,0.000,45600,11166,34.8,38.0,42.4,38,38,38,38,38,38,38,36,38,83.0,0.725,12.179,12.253,12.163,12.141,12.158,0,0,16.653,5.749,11.288,0.453,8.004,8.183,2.675,11.288,5.366,1.261,3.219,290.000,320.000,1200.0,101.2,1065.0,322.4,1155.0,1020.0,868.4,72.3,833.8,0.0,1.0,0.0,0.0,9.0,0.0,0.0,0.0,0.0,0.0,0,0,Yes,No,No,No,No,Yes,No,5.7,8.1,4,0,0,0,0,0,0,0,0,119,0,0,0,0,0,0,0,0,0,0,0,0,0,0,0,0,0,0,0,0,7458,734,565,42,5.0,3.1,17.3,2.1,2.1,2.1,2.1,3.1,17.2,2.1,2.1,2.1,2.1,327.77,482.80,57.92,50.72,483.47,483.47,0.90,326.88,327.77,0.00,405.62,201,6,0.2,0.0,0,0,0.0,0.0,0,
27.8.2026,17:29:14.354,8731,10522,45.3,6046,10264,37.0,2.4,2944,72,1.174,1.212,1.163,1.163,1.163,1.163,1.181,3770.8,3620.0,3620.0,3620.0,3620.0,4525.0,3620.0,100.0,677.0,268.1,99.2,274.2,244.1,691.4,2456.4,130.7,897.1,352.6,2271.5,216.6,222.2,677.0,20.8,5.4,17.8,6.8,13.9,15.8,53.4,20.4,29.1,10.9,49.3,24.0,2.9,53.4,20.8,17.3,4.8,2.0,6.6,5.7,17.8,65.9,2.8,23.6,8.7,59.2,5.2,5.4,17.3,37.7,36.2,36.2,36.2,36.2,45.2,36.2,0.0,28.3,6.5,11.3,67.8,21.0,54.1,9.4,47.5,46.3,51.5,32.2,59.4,45.9,49.7,24.2,47.2,37.3,0.0,19.7,0.0,40.8,1600.0,16.00,16,18,18,36,74,560,1,41.4,42.6,40.0,34.0,32.0,31.1,38.5,34.1,37.6,31.0,31.1,31.1,30.0,24.6,1.175,0.994,1.188,15.192,5.680,15.178,21.547,38.843,2.145,0.876,1.177,4.296,2.121,3.375,1.023,17.978,5.645,23.623,39.193,1600.0,1600.0,4523.2,4523.2,4650.0,51.6,25.3,23.9,44.8,139.0,No,No,No,1.022,1.265,1.7,40.0,36.0,35.5,33.5,31.0,32.5,35.5,12.192,5.000,1.002,1.348,1.186,0.882,0.870,1.556,3.340,1.836,1075,760,552,561,1.056,1.270,34,34,43,79.0,100.0,No,No,80704,102356,0.1,0.1,0.2,0.039,0.748,45600,11166,35.0,38.0,42.5,38,38,36,38,38,38,38,38,38,83.0,0.725,12.183,12.256,12.168,12.145,12.161,0,0,16.607,6.200,12.176,0.478,8.615,8.805,2.858,12.176,5.736,1.262,3.689,290.000,320.000,1200.0,101.2,1065.0,327.3,1155.0,1020.0,751.3,63.3,737.1,1.0,1.0,0.0,0.0,9.1,0.0,0.0,0.0,0.0,0.0,0,0,Yes,No,No,No,No,Yes,No,6.2,17.6,4,0,0,0,0,0,0,0,0,119,0,0,0,0,0,0,0,0,0,0,0,0,0,0,0,0,0,0,0,0,7449,743,574,102,16.0,3.0,38.6,1.9,1.9,1.9,1.9,3.0,38.8,1.9,1.9,1.9,1.9,338.85,515.83,25.94,17.53,516.49,516.49,4.16,338.02,338.85,0.00,466.90,201,6,0.4,0.4,0,0,0.0,0.0,0,
27.8.2026,17:29:14.850,8725,10528,45.3,6046,10263,37.0,2.4,2944,72,1.162,1.163,1.163,1.163,1.163,1.163,1.163,3770.8,3620.0,3620.0,4525.0,3620.0,3620.0,3620.0,100.0,529.1,45.7,15.1,93.5,70.7,6.3,4387.3,321.3,643.0,256.2,393.0,62.3,55.3,529.1,11.3,0.0,0.0,0.5,0.0,0.0,97.0,5.5,12.8,4.1,10.0,5.5,0.0,97.0,11.3,14.5,1.0,0.4,2.5,1.9,0.2,118.5,8.7,17.4,6.8,13.9,1.6,1.4,14.5,37.7,36.2,36.2,45.2,36.2,36.2,36.2,0.0,23.1,1.5,4.0,96.9,16.2,17.5,2.6,35.9,14.6,35.2,3.1,65.2,82.5,14.5,41.0,83.9,60.9,0.0,18.6,0.0,82.9,1600.0,16.00,16,18,18,36,74,560,1,41.8,42.3,41.5,33.1,31.2,29.9,41.6,33.2,33.1,29.8,31.0,31.0,30.0,24.6,1.181,0.994,1.188,12.035,5.935,12.076,15.237,36.697,1.429,0.245,0.540,4.218,1.670,1.583,0.318,14.152,5.898,20.050,36.346,1600.0,1600.0,4525.0,4525.0,4650.0,47.8,20.1,16.9,44.6,164.4,No,No,No,0.223,0.217,1.4,41.0,36.0,35.5,33.0,31.0,32.5,36.0,12.120,4.980,1.004,1.348,1.176,0.882,0.872,1.554,3.324,1.834,1075,1558,552,560,1.056,1.246,34,34,42,79.0,100.0,No,No,80704,102356,0.0,0.0,0.0,0.000,0.000,45600,11166,43.0,44.0,53.0,44,44,44,44,44,42,44,42,44,83.0,0.825,12.083,12.171,12.068,12.054,12.039,0,0,38.843,65.407,133.984,21.276,75.861,64.744,13.965,133.984,27.928,23.190,93.728,290.000,320.000,1200.0,1156.5,1230.0,327.3,1335.0,1185.0,1199.9,1155.6,1335.0,100.0,10.0,0.0,0.0,20.4,19.5,78.1,0.0,0.0,0.0,0,0,Yes,No,No,No,No,Yes,No,55.8,56.3,4,0,0,0,0,0,0,0,0,120,0,0,0,0,0,0,0,0,0,0,0,0,0,0,0,0,0,0,0,0,6517,1675,1506,116,16.0,2.9,38.3,1.9,1.9,1.9,1.9,2.9,38.0,1.9,1.9,1.9,1.9,344.54,516.17,26.14,17.42,516.49,516.49,4.09,340.49,344.54,0.00,494.56,201,6,1.0,0.0,0,0,0.0,0.0,0,
27.8.2026,17:29:15.348,8725,10529,45.3,6047,10262,37.0,2.4,2944,72,1.162,1.163,1.163,1.163,1.163,1.163,1.163,3770.8,3620.0,3620.0,4525.0,3620.0,3620.0,3620.0,100.0,541.7,102.9,17.8,136.9,84.9,12.2,4524.5,140.0,723.9,282.0,371.4,40.9,63.5,541.7,12.1,3.1,1.7,0.0,11.3,0.0,100.0,0.0,14.6,7.6,6.7,0.0,0.0,100.0,12.1,14.5,2.0,0.5,3.6,2.2,0.3,122.3,3.8,19.5,7.5,9.9,1.1,1.7,14.5,37.7,36.2,36.2,45.2,36.2,36.2,36.2,0.0,23.5,2.4,5.0,100.0,16.7,14.6,2.5,35.8,13.8,31.9,0.0,67.2,85.3,16.3,40.7,83.8,63.0,0.0,16.1,0.1,81.2,1600.0,16.00,16,18,18,36,74,560,1,42.0,42.3,42.5,33.0,31.4,29.9,42.1,32.8,32.4,29.6,30.9,30.9,29.2,24.2,1.163,0.994,1.169,12.128,5.929,12.126,15.491,36.359,1.448,0.297,0.567,4.362,1.719,1.433,0.310,14.265,5.892,20.156,36.397,1600.0,1600.0,4525.0,4525.0,4650.0,47.9,20.2,17.2,44.5,163.6,No,No,No,0.200,0.171,1.4,41.0,36.0,36.0,33.0,31.0,32.5,36.0,12.120,4.970,1.004,1.348,1.176,0.882,0.872,1.552,3.324,1.834,1078,1558,552,560,1.056,1.246,34,34,42,79.0,100.0,No,No,80704,102356,0.0,0.0,0.0,0.000,0.000,45600,11166,44.9,46.0,55.3,45,44,44,46,46,44,46,44,44,83.0,0.825,12.089,12.181,12.072,12.061,12.043,0,0,104.971,65.619,134.330,21.305,75.923,64.947,13.934,134.330,27.870,22.778,95.152,290.000,320.000,1200.0,1156.5,1230.0,975.5,1335.0,1185.0,1200.0,1155.7,1335.2,100.0,10.0,0.0,0.0,20.4,25.0,100.0,0.0,0.0,0.0,0,0,Yes,No,No,No,No,Yes,No,55.9,55.8,4,0,0,0,0,0,0,0,0,120,0,0,0,0,0,0,0,0,0,0,0,0,0,0,0,0,0,0,0,0,6517,1675,1506,116,16.0,3.1,39.6,2.0,2.0,2.0,2.0,3.1,39.2,2.0,2.0,2.0,2.0,327.84,500.00,25.27,17.17,500.68,500.68,0.92,326.99,327.84,0.00,472.76,201,6,0.3,0.4,0,0,0.0,0.0,0,
27.8.2026,17:29:15.846,8724,10529,45.3,6024,10285,36.9,2.4,2944,72,1.231,1.231,1.231,1.231,1.231,1.231,1.231,3875.0,3720.0,3720.0,4650.0,3720.0,3720.0,3720.0,100.0,529.6,60.8,22.7,91.8,34.7,6.7,4583.0,14.8,842.6,301.3,275.3,59.8,61.8,529.6,13.0,0.0,4.8,0.6,0.0,1.5,100.0,9.9,21.9,6.3,7.7,0.0,2.8,100.0,13.0,14.2,1.0,0.6,2.4,0.9,0.2,123.9,0.4,22.8,8.0,7.3,1.6,1.6,14.2,38.8,37.2,37.2,46.5,37.2,37.2,37.2,0.0,23.7,1.6,3.2,100.0,21.0,13.3,3.0,33.1,9.4,25.6,0.0,63.6,86.5,13.8,43.2,89.0,71.2,0.0,15.4,0.2,83.2,1600.0,16.00,16,18,18,36,74,560,1,42.6,43.2,44.5,33.3,31.4,29.8,43.1,33.2,32.3,29.8,31.0,31.0,30.2,25.3,1.231,0.994,1.238,12.566,5.890,12.556,15.965,37.218,1.520,0.242,0.468,4.719,1.854,1.493,0.342,15.169,5.853,21.022,37.253,1600.0,1600.0,4583.2,4583.2,4650.0,49.0,20.9,17.7,45.4,165.6,No,No,No,0.231,0.201,1.4,42.0,36.0,36.0,33.0,31.0,32.5,36.0,12.120,4.970,1.004,1.348,1.178,0.882,0.872,1.552,3.324,1.836,1078,773,553,546,1.056,1.245,34,34,42,79.0,100.0,No,No,80704,102356,0.0,0.1,0.1,0.000,0.624,45600,11167,45.6,46.0,56.1,46,46,46,46,46,46,46,46,46,83.0,0.825,12.089,12.181,12.072,12.060,12.043,0,0,162.402,65.900,134.498,21.366,76.223,64.931,14.030,134.498,28.063,24.277,95.218,290.000,320.000,1200.0,1156.5,1230.0,975.5,1335.0,1185.0,1199.7,1155.0,1334.8,100.0,10.0,0.0,0.0,20.4,20.8,83.1,0.0,0.0,0.0,0,0,Yes,No,No,No,No,Yes,No,56.1,56.6,4,0,0,0,0,0,0,0,0,120,0,0,0,0,0,0,0,0,0,0,0,0,0,0,0,0,0,0,0,0,6517,1675,1506,116,16.0,3.0,13.3,2.1,2.1,2.1,2.1,3.0,13.4,2.1,2.1,2.1,2.1,333.32,466.57,75.24,68.06,466.58,466.58,0.82,332.46,333.32,0.00,416.45,201,6,0.5,0.0,0,0,0.0,0.0,0,
27.8.2026,17:29:16.351,8721,10532,45.2,6021,10288,36.9,2.4,2944,72,1.234,1.250,1.231,1.231,1.231,1.231,1.231,3875.0,3720.0,3720.0,4650.0,3720.0,3720.0,3720.0,100.0,527.1,46.8,13.1,64.6,75.6,4.4,4649.5,231.0,581.2,271.7,296.3,46.9,44.3,527.1,15.3,2.2,0.0,8.6,16.1,1.5,100.0,7.5,16.8,8.5,9.2,10.7,2.5,100.0,15.3,14.2,0.8,0.3,1.6,2.0,0.1,125.7,6.2,15.7,7.2,7.9,1.2,1.2,14.2,38.8,37.2,37.2,46.5,37.2,37.2,37.2,0.0,23.6,1.2,3.7,100.0,19.1,14.9,2.4,33.6,13.0,21.4,0.0,70.8,83.5,12.8,42.9,85.8,74.9,0.0,10.1,1.6,84.8,1600.0,16.00,16,18,18,36,74,560,1,43.4,44.7,45.0,33.7,31.7,29.9,44.7,33.4,32.9,29.8,31.3,31.3,30.0,24.7,1.231,0.994,1.238,13.171,5.942,13.166,16.617,38.354,1.638,0.270,0.473,5.172,1.940,1.662,0.310,16.295,5.905,22.200,38.434,1600.0,1600.0,4650.0,4650.0,4650.0,50.6,21.9,18.5,47.0,165.4,No,No,No,0.196,0.164,1.4,43.0,36.0,36.0,33.5,31.0,32.5,36.0,12.120,4.970,1.004,1.348,1.232,0.882,0.872,1.552,3.316,1.836,1101,1513,553,546,1.056,1.245,34,34,42,79.0,100.0,No,No,80704,102356,0.0,0.0,0.0,0.000,0.000,45600,11167,46.1,48.0,56.6,46,48,46,46,46,46,46,46,46,83.0,0.825,12.088,12.179,12.072,12.060,12.041,0,0,162.707,65.392,133.376,21.155,75.715,64.617,14.064,133.376,28.132,22.794,95.298,290.000,320.000,1200.0,1156.5,1230.0,1200.0,1335.0,1185.0,1199.9,1155.6,1335.5,100.0,10.0,0.0,0.0,20.4,25.0,100.0,0.0,0.0,0.0,0,0,Yes,No,No,No,No,Yes,No,55.7,56.2,4,0,0,0,0,0,0,0,0,120,0,0,0,0,0,0,0,0,0,0,0,0,0,0,0,0,0,0,0,0,6517,1675,1506,115,16.0,3.2,17.2,2.1,2.1,2.1,2.1,3.2,17.2,2.1,2.1,2.1,2.1,316.44,465.45,58.09,51.20,466.11,466.11,0.90,315.58,316.44,0.00,399.13,201,6,0.4,0.4,0,0,0.0,0.0,0,
27.8.2026,17:29:16.865,8723,10531,45.3,6021,10288,36.9,2.4,2944,72,1.162,1.163,1.163,1.163,1.163,1.163,1.163,3770.8,3620.0,3620.0,3620.0,3620.0,4525.0,3620.0,100.0,526.1,59.0,14.7,85.6,68.6,299.4,2825.3,183.3,576.8,89.8,2027.1,28.4,54.7,526.1,12.3,1.8,4.1,0.0,0.0,10.1,61.1,5.0,13.4,3.1,46.7,0.0,2.1,61.1,12.3,14.1,1.1,0.4,2.2,1.8,8.0,76.2,4.9,15.6,2.3,54.7,0.7,1.4,14.1,37.7,36.2,36.2,36.2,36.2,45.2,36.2,0.0,23.4,1.4,3.9,66.8,18.2,48.1,2.0,32.5,8.7,26.4,33.2,59.5,51.6,15.6,44.1,89.9,69.7,0.0,22.4,0.3,82.4,1600.0,16.00,16,18,18,36,74,560,1,43.6,43.9,39.8,33.4,31.1,30.0,40.0,33.0,36.6,29.7,31.1,31.1,30.2,24.8,1.181,0.994,1.188,12.448,5.931,12.473,15.929,37.392,1.525,0.215,0.521,3.740,1.684,2.688,0.305,15.101,5.894,20.995,37.274,1600.0,1600.0,4602.9,4602.9,4650.0,49.0,20.8,17.7,46.2,164.3,No,No,No,0.203,0.192,1.4,43.0,36.0,36.0,33.5,31.0,32.5,36.0,12.120,4.970,1.004,1.348,1.232,0.880,0.870,1.554,3.324,1.836,1101,1513,551,558,1.056,1.242,34,34,41,79.0,100.0,No,No,80704,102356,0.0,0.0,0.0,0.000,0.000,45600,11167,46.4,48.0,57.0,46,48,46,46,46,46,46,46,48,83.0,0.825,12.087,12.177,12.070,12.059,12.041,0,0,162.665,65.844,134.296,21.334,76.175,64.936,14.088,134.296,28.188,24.080,95.208,290.000,320.000,1200.0,1156.5,1230.0,1200.0,1335.0,1185.0,1200.4,1155.2,1334.8,100.0,10.0,0.0,0.0,20.4,21.8,87.3,0.0,0.0,0.0,0,0,Yes,No,No,No,No,Yes,No,56.0,56.6,4,0,0,0,0,0,0,0,0,120,0,0,0,0,0,0,0,0,0,0,0,0,0,0,0,0,0,0,0,0,6517,1675,1506,115,16.0,3.2,9.4,2.3,2.3,2.3,2.3,3.2,9.4,2.3,2.3,2.3,2.3,316.52,432.43,106.92,101.24,432.77,432.77,0.98,315.53,316.52,0.00,343.62,201,6,0.0,0.0,0,0,0.0,0.0,0,
27.8.2026,17:29:17.353,8724,10529,45.3,6023,10286,36.9,2.4,2944,72,1.192,1.181,1.194,1.194,1.194,1.194,1.194,3921.7,3620.0,3620.0,3620.0,4525.0,4525.0,3620.0,100.0,538.4,119.1,47.8,140.3,50.4,217.1,2697.2,12.6,994.7,230.2,1804.9,101.3,45.8,538.4,12.4,0.0,0.0,4.4,7.9,3.0,58.3,1.3,27.2,3.6,39.4,3.5,0.0,58.3,12.4,14.4,2.0,1.3,3.7,1.3,5.8,72.8,0.3,26.8,6.1,48.7,2.7,1.2,14.4,39.2,36.2,36.2,36.2,45.2,45.2,36.2,0.0,24.2,3.0,4.7,63.9,24.2,45.9,3.8,38.1,21.2,34.5,36.1,62.7,54.1,19.9,37.7,75.8,60.8,0.0,13.1,0.0,76.3,1600.0,16.00,16,18,18,36,74,560,1,43.6,42.4,46.5,33.4,31.2,30.1,38.7,33.7,36.6,29.9,31.0,31.0,29.8,24.9,1.219,0.994,1.231,12.830,5.978,12.759,16.632,37.069,1.565,0.412,0.621,3.292,2.031,2.628,0.408,15.296,5.940,21.236,37.407,1600.0,1600.0,4555.2,4555.2,4650.0,49.2,21.3,18.5,44.6,162.2,No,No,No,0.264,0.299,1.5,43.0,36.0,36.0,33.0,31.0,32.5,36.0,12.120,4.970,1.002,1.348,1.204,0.882,0.872,1.558,3.324,1.836,1121,753,552,558,1.056,1.242,34,34,41,79.0,100.0,No,No,80704,102356,0.0,0.0,0.0,0.000,0.207,45600,11167,46.8,48.0,57.2,47,48,46,46,46,46,48,46,48,83.0,0.825,12.088,12.179,12.071,12.059,12.041,0,0,162.685,65.764,134.246,21.325,76.146,64.854,14.052,134.246,28.104,23.563,95.338,290.000,320.000,1200.0,1156.5,1230.0,1200.0,1335.0,1185.0,1199.9,1155.7,1335.2,100.0,10.0,0.0,0.0,20.4,25.0,100.0,0.0,0.0,0.0,0,0,Yes,No,No,No,No,Yes,No,56.0,23.4,4,0,0,0,0,0,0,0,0,120,0,0,0,0,0,0,0,0,0,0,0,0,0,0,0,0,0,0,0,0,6517,1675,1506,115,16.0,3.2,8.1,2.4,2.4,2.4,2.4,3.2,8.2,2.4,2.4,2.4,2.4,310.95,415.84,122.71,117.62,416.17,416.17,0.82,310.01,310.95,0.00,299.44,201,6,0.0,0.0,0,0,0.0,0.0,0,
27.8.2026,17:29:17.870,8726,10527,45.3,6027,10283,36.9,2.4,2944,72,1.185,1.181,1.181,1.181,1.181,1.194,1.194,4223.3,3620.0,3620.0,4525.0,4525.0,4525.0,4525.0,100.0,535.0,57.1,20.5,53.8,71.1,4520.4,23.1,127.6,830.1,273.5,262.5,62.2,118.5,535.0,13.9,2.2,4.6,2.5,2.7,99.9,1.7,4.0,19.7,7.2,7.2,8.2,6.7,99.9,13.9,14.3,1.0,0.5,1.4,1.7,122.1,0.6,3.4,22.5,7.0,7.0,1.6,3.1,14.3,42.2,36.2,36.2,45.2,45.2,45.2,45.2,0.0,23.4,1.4,2.7,99.9,20.8,11.7,4.0,34.8,12.7,21.2,0.1,73.3,88.3,13.2,41.8,85.9,76.1,0.0,5.9,0.0,82.8,1600.0,16.00,16,18,18,36,74,560,1,43.6,42.3,41.5,33.3,31.3,29.7,42.0,34.1,32.6,30.0,31.0,31.0,30.0,25.1,1.181,0.994,1.188,12.043,5.932,12.064,15.191,36.457,1.446,0.246,0.376,4.349,1.904,1.440,0.360,14.174,5.895,20.069,36.333,1600.0,1600.0,4525.0,4525.0,4650.0,47.8,20.1,16.9,44.5,163.2,No,No,No,0.183,0.186,1.4,43.0,36.0,36.0,33.0,31.0,32.5,36.0,12.120,4.970,1.004,1.348,1.174,0.882,0.872,1.552,3.324,1.836,1121,753,552,546,1.056,1.265,34,34,41,79.0,100.0,No,No,80704,102356,0.0,0.0,0.0,0.000,0.000,45600,11167,46.8,48.0,57.2,47,48,46,48,48,46,48,46,48,83.0,0.825,12.088,12.180,12.072,12.059,12.041,0,0,158.810,65.542,134.475,21.351,76.293,64.975,14.088,134.475,28.185,23.683,92.349,290.000,320.000,1200.0,1156.5,1230.0,1200.0,1335.0,1185.0,1199.8,1155.7,1334.9,100.0,10.0,0.0,0.0,20.4,22.9,91.6,0.0,0.0,0.0,0,0,Yes,No,No,No,No,Yes,No,56.1,53.8,4,0,0,0,0,0,0,0,0,120,0,0,0,0,0,0,0,0,0,0,0,0,0,0,0,0,0,0,0,0,6517,1675,1506,115,16.0,3.4,7.2,2.5,2.5,2.5,2.5,3.4,7.3,2.5,2.5,2.5,2.5,294.35,398.62,137.99,134.10,399.62,399.62,0.78,293.70,294.35,0.00,255.18,201,6,0.0,0.0,0,0,0.0,0.0,0,
27.8.2026,17:29:18.366,8725,10528,45.3,6024,10286,36.9,2.4,2944,72,1.180,1.163,1.181,1.181,1.181,1.181,1.194,4223.3,3620.0,4525.0,4525.0,3620.0,4525.0,4525.0,100.0,515.4,44.6,13.3,104.9,77.9,325.3,470.1,6.8,518.8,4524.7,9.0,56.9,32.6,515.4,11.9,1.5,0.9,2.8,2.4,8.0,11.0,0.8,12.1,100.0,0.8,1.6,1.4,100.0,11.9,13.8,0.9,0.3,2.5,2.1,8.8,12.6,0.2,14.0,122.3,0.2,1.1,1.0,13.8,42.2,36.2,45.2,45.2,36.2,45.2,45.2,0.0,21.8,1.1,3.6,12.6,11.7,100.0,1.8,27.7,9.4,18.4,72.7,51.7,0.0,14.1,50.5,89.5,78.1,14.7,36.6,0.0,84.1,1600.0,16.00,16,18,18,36,74,560,1,43.6,42.8,39.2,32.7,30.0,29.7,32.8,31.6,42.6,29.4,30.9,30.9,30.0,24.1,1.188,0.994,1.206,11.139,5.920,11.117,13.855,35.243,1.291,0.187,0.431,1.427,1.120,4.319,0.261,13.059,5.883,18.942,35.149,1600.0,1600.0,4525.0,4525.0,4650.0,46.2,18.5,15.4,45.1,168.1,No,No,No,0.157,0.049,1.3,43.0,36.0,36.0,33.0,31.0,32.5,36.0,12.096,4.970,1.004,1.348,1.172,0.882,0.872,1.552,3.320,1.834,1137,750,551,546,1.056,1.265,34,34,41,79.0,100.0,No,No,80704,102356,0.0,0.0,0.0,0.000,0.000,45600,11167,47.2,48.0,57.8,48,48,46,48,48,48,48,46,48,83.0,0.825,12.086,12.176,12.070,12.057,12.041,0,0,158.874,65.844,134.285,21.296,76.099,64.916,14.027,134.285,28.051,24.167,95.471,290.000,320.000,1200.0,1156.5,1230.0,1200.0,1335.0,1185.0,1200.3,1155.4,1334.6,100.0,10.0,0.0,0.0,20.4,25.0,100.0,0.0,0.0,0.0,0,0,Yes,No,No,No,No,Yes,No,56.0,55.5,4,0,0,0,0,0,0,0,0,120,0,0,0,0,0,0,0,0,0,0,0,0,0,0,0,0,0,0,0,0,6517,1675,1506,115,16.0,3.9,5.9,2.9,2.9,2.9,2.9,3.9,5.9,2.9,2.9,2.9,2.9,258.37,347.95,168.80,167.15,349.78,349.78,0.73,257.68,258.37,0.00,199.70,201,6,0.3,0.4,0,0,0.0,0.0,0,
27.8.2026,17:29:18.855,8725,10528,45.3,6035,10274,37.0,2.4,2944,72,1.162,1.163,1.163,1.163,1.163,1.163,1.163,3770.8,3620.0,3620.0,4525.0,3620.0,3620.0,3620.0,100.0,530.7,49.5,17.3,69.3,72.0,4494.9,18.4,281.2,717.7,244.9,301.9,53.4,47.4,530.7,10.1,0.0,0.0,0.0,0.0,99.3,0.0,1.3,11.6,3.7,4.9,0.0,0.0,99.3,10.1,14.3,0.7,0.4,1.9,1.9,121.4,0.5,7.6,19.4,6.4,7.9,1.9,1.3,14.3,37.7,36.2,36.2,45.2,36.2,36.2,36.2,0.0,22.7,1.3,3.6,99.5,17.4,11.7,2.9,32.8,10.6,23.7,0.5,64.5,88.2,9.2,44.5,88.2,72.7,0.0,18.1,0.2,87.9,1600.0,16.00,16,18,18,36,74,560,1,43.6,42.2,41.8,33.0,31.2,29.8,41.8,32.9,32.4,29.7,30.9,30.9,30.2,24.6,1.163,0.994,1.169,11.800,5.919,11.851,14.414,36.076,1.378,0.216,0.394,4.307,1.760,1.360,0.233,13.861,5.882,19.743,36.047,1600.0,1600.0,4525.0,4525.0,4650.0,47.4,19.8,16.0,44.5,166.1,No,No,No,0.178,0.215,1.4,43.0,36.0,36.0,33.0,31.0,32.5,36.0,12.120,4.970,1.004,1.348,1.174,0.882,0.872,1.552,3.324,1.836,1137,750,551,546,1.056,1.260,34,34,41,79.0,100.0,No,No,80704,102356,0.0,0.0,0.0,0.000,0.000,45600,11167,47.4,48.0,58.0,48,48,48,48,48,48,48,48,48,83.0,0.825,12.087,12.177,12.071,12.058,12.041,0,0,162.828,65.656,134.441,21.359,76.193,64.969,14.052,134.441,28.104,23.453,93.895,290.000,320.000,1200.0,1156.5,1230.0,1200.0,1335.0,1185.0,1200.3,1155.2,1335.3,100.0,10.0,0.0,0.0,20.4,24.4,97.6,0.0,0.0,0.0,0,0,Yes,No,No,No,No,Yes,No,56.0,56.0,4,0,0,0,0,0,0,0,0,120,0,0,0,0,0,0,0,0,0,0,0,0,0,0,0,0,0,0,0,0,6517,1675,1506,115,16.0,3.8,5.0,3.0,3.0,3.0,3.0,3.8,5.0,3.0,3.0,3.0,3.0,266.56,331.50,201.62,200.43,332.83,332.83,0.84,265.77,266.56,0.00,149.60,201,6,0.9,0.0,0,0,0.0,0.0,0,
27.8.2026,17:29:19.363,8725,10528,45.3,6024,10285,36.9,2.4,2944,72,1.162,1.163,1.163,1.163,1.163,1.163,1.163,3770.8,3620.0,3620.0,4525.0,3620.0,3620.0,3620.0,100.0,528.5,52.6,18.1,80.6,52.4,4524.5,3.4,61.2,780.6,338.4,352.2,43.7,34.0,528.5,11.5,1.0,0.0,1.9,0.0,100.0,0.0,1.4,17.5,7.7,7.9,0.0,0.0,100.0,11.5,14.2,0.9,0.5,2.1,1.4,122.3,0.1,1.6,21.1,8.9,9.3,1.1,0.9,14.2,37.7,36.2,36.2,45.2,36.2,36.2,36.2,0.0,23.2,1.4,3.2,100.0,17.7,15.1,1.8,33.1,8.9,23.2,0.0,70.2,82.5,14.0,43.7,89.7,73.6,0.0,12.1,2.4,84.2,1600.0,16.00,16,18,18,36,74,560,1,43.6,42.3,41.8,33.1,31.3,29.7,42.1,32.9,32.8,29.6,31.0,31.0,30.2,25.7,1.163,0.994,1.169,11.972,5.907,11.986,14.762,36.226,1.404,0.198,0.406,4.319,1.737,1.503,0.258,14.059,5.870,19.929,36.186,1600.0,1600.0,4525.0,4525.0,4650.0,47.6,20.0,16.4,44.6,166.0,No,No,No,0.185,0.131,1.4,43.0,36.0,36.0,33.0,31.0,32.5,36.0,12.120,4.970,1.004,1.348,1.174,0.882,0.872,1.552,3.320,1.836,1174,749,550,559,1.056,1.255,34,34,41,79.0,100.0,No,No,80704,102356,0.0,0.0,0.0,0.000,0.000,45600,11167,47.6,48.0,57.9,48,48,48,48,48,46,48,46,48,83.0,0.825,12.087,12.177,12.071,12.057,12.042,0,0,162.868,65.753,134.816,21.371,76.337,65.109,14.016,134.816,28.038,23.378,93.891,290.000,320.000,1200.0,1156.5,1230.0,1200.0,1335.0,1185.0,1200.3,1155.8,1334.7,100.0,10.0,0.0,0.0,20.4,25.0,100.0,0.0,0.0,0.0,0,0,Yes,No,No,No,No,Yes,No,56.1,56.7,4,0,0,0,0,0,0,0,0,120,0,0,0,0,0,0,0,0,0,0,0,0,0,0,0,0,0,0,0,0,6517,1675,1506,115,16.0,3.7,4.6,3.2,3.2,3.2,3.2,3.8,4.6,3.2,3.2,3.2,3.2,266.73,315.41,218.05,217.16,316.40,316.40,0.77,265.93,266.73,0.00,108.07,201,6,0.5,0.4,0,0,0.0,0.0,0,
27.8.2026,17:29:19.859,8725,10528,45.3,6036,10274,37.0,2.4,2944,72,1.162,1.163,1.163,1.163,1.163,1.163,1.163,3770.8,3620.0,3620.0,3620.0,3620.0,4525.0,3620.0,100.0,527.0,107.4,30.6,53.2,92.2,2018.2,272.3,18.6,566.9,2856.1,209.1,41.2,57.5,527.0,13.4,4.1,13.4,0.4,4.3,44.2,10.7,0.0,12.0,64.0,0.8,3.2,3.5,64.0,13.4,14.1,2.1,0.8,1.3,2.4,54.3,7.1,0.5,15.3,77.1,5.6,1.1,1.5,14.1,37.7,36.2,36.2,36.2,36.2,45.2,36.2,0.0,22.7,2.7,3.5,47.5,12.9,67.4,2.5,35.4,14.6,34.4,52.5,58.8,32.6,19.4,41.9,82.7,62.2,0.0,28.3,0.0,78.1,1600.0,16.00,16,18,18,36,74,560,1,43.6,42.0,39.2,33.0,30.8,29.8,36.6,32.6,38.6,29.7,30.9,30.9,30.0,24.2,1.156,0.994,1.169,11.992,5.975,11.982,14.950,36.264,1.430,0.315,0.509,2.665,1.421,3.311,0.357,14.060,5.938,19.998,36.247,1600.0,1600.0,4501.1,4501.1,4650.0,47.7,20.0,16.6,44.2,163.3,No,No,No,0.262,0.350,1.4,43.0,36.0,36.0,33.0,31.0,32.5,36.0,12.120,4.970,1.004,1.348,1.174,0.882,0.872,1.552,3.320,1.834,1174,749,550,559,1.056,1.255,34,34,41,79.0,100.0,No,No,80704,102356,0.0,0.0,0.0,0.000,0.000,45600,11167,46.7,48.0,56.9,48,48,48,48,48,46,48,46,48,83.0,0.825,12.093,12.183,12.078,12.065,12.048,0,0,162.967,61.390,128.898,20.200,73.771,62.931,14.000,128.898,27.995,2.086,93.728,290.000,320.000,1200.0,1156.5,1230.0,1200.0,1335.0,1185.0,1200.2,1155.4,1334.7,78.0,8.0,0.0,0.0,20.4,25.0,100.0,0.0,0.0,0.0,0,0,Yes,No,No,No,No,Yes,No,43.7,55.9,4,0,0,0,0,0,0,0,0,120,0,0,0,0,0,0,0,0,0,0,0,0,0,0,0,0,0,0,0,0,6517,1675,1506,115,16.0,3.7,4.0,3.5,3.5,3.5,3.5,3.7,4.0,3.5,3.5,3.5,3.5,266.73,283.34,250.11,249.81,283.68,283.68,0.50,266.18,266.73,0.00,33.26,201,6,0.0,0.0,0,0,0.0,0.0,0,
27.8.2026,17:29:20.354,8725,10528,45.3,6024,10285,36.9,2.4,2944,72,1.178,1.163,1.181,1.181,1.181,1.181,1.181,3921.7,3620.0,3620.0,4525.0,4525.0,3620.0,3620.0,100.0,524.2,62.7,25.8,104.5,104.6,4522.6,5.6,25.9,719.1,350.1,272.3,30.9,66.2,524.2,12.4,0.0,1.8,3.5,0.0,99.9,0.0,4.6,19.4,6.3,10.0,0.0,2.7,99.9,12.4,14.0,0.9,0.7,2.7,2.7,122.2,0.1,0.7,19.3,9.4,7.3,0.8,1.7,14.0,39.2,36.2,36.2,45.2,45.2,36.2,36.2,0.0,23.1,1.6,4.6,99.7,16.3,13.8,2.3,32.3,13.9,24.7,0.3,58.8,83.4,13.0,44.6,84.6,70.7,0.0,24.9,2.8,84.7,1600.0,16.00,16,18,18,36,74,560,1,43.5,42.2,43.2,33.1,31.4,30.0,42.1,32.8,32.6,29.7,31.0,31.0,30.2,25.2,1.194,0.994,1.206,11.837,5.915,11.810,14.985,35.920,1.390,0.262,0.502,4.323,1.550,1.420,0.283,13.919,5.878,19.797,36.008,1600.0,1600.0,4525.0,4525.0,4650.0,47.4,19.7,16.6,44.5,166.0,No,No,No,0.194,0.140,1.4,43.0,36.0,36.0,33.0,31.0,32.5,36.0,12.120,4.970,1.004,1.348,1.174,0.882,0.872,1.552,3.324,1.836,1171,749,550,559,1.056,1.255,34,34,41,79.0,100.0,No,No,80704,102356,0.0,0.0,0.0,0.000,0.007,45600,11167,47.9,48.0,58.4,48,48,48,48,48,48,48,48,48,83.0,0.825,12.089,12.180,12.072,12.060,12.042,0,0,159.187,65.995,134.645,21.328,76.224,65.138,14.029,134.645,28.079,24.610,95.258,290.000,320.000,1200.0,1156.5,1230.0,1200.0,1335.0,1185.0,1200.1,1155.3,1334.6,100.0,10.0,0.0,0.0,20.4,23.7,94.7,0.0,0.0,0.0,0,0,Yes,No,No,No,No,Yes,No,56.1,55.6,4,0,0,0,0,0,0,0,0,120,0,0,0,0,0,0,0,0,0,0,0,0,0,0,0,0,0,0,0,0,6517,1675,1506,115,16.0,3.7,4.0,3.5,3.5,3.5,3.5,3.7,4.0,3.5,3.5,3.5,3.5,272.23,283.68,250.18,249.57,283.68,283.68,0.63,271.55,272.23,0.00,33.65,201,6,1.0,0.4,0,0,0.0,0.0,0,
27.8.2026,17:29:20.866,8725,10528,45.3,6035,10274,37.0,2.4,2944,72,1.230,1.225,1.231,1.231,1.231,1.231,1.231,3875.0,3720.0,3720.0,4650.0,3720.0,3720.0,3720.0,100.0,554.4,98.8,52.2,115.5,38.7,4535.1,8.3,299.0,633.0,445.5,261.5,41.0,123.7,554.4,13.6,3.0,2.4,0.8,17.1,100.0,0.0,4.9,13.6,11.0,4.2,4.9,0.9,100.0,13.6,14.9,2.0,1.4,3.0,1.0,122.6,0.2,8.1,17.2,11.9,6.9,1.1,3.3,14.9,38.8,37.2,37.2,46.5,37.2,37.2,37.2,0.0,24.5,2.7,3.7,100.0,21.2,15.5,3.8,31.7,10.4,21.1,0.0,63.9,84.5,10.7,43.8,86.9,75.3,0.0,14.9,0.0,85.6,1600.0,16.00,16,18,18,36,74,560,1,43.6,42.7,44.0,33.5,31.7,30.0,42.4,34.2,32.8,30.1,31.1,31.1,30.0,24.7,1.231,0.994,1.238,12.281,5.943,12.300,15.765,36.481,1.498,0.298,0.423,4.413,2.024,1.512,0.317,14.503,5.906,20.409,36.668,1600.0,1600.0,4535.2,4535.2,4650.0,48.2,20.5,17.5,44.9,160.8,No,No,No,0.204,0.218,1.5,43.0,36.0,36.0,33.0,31.0,32.5,36.0,12.096,4.970,1.004,1.348,1.178,0.882,0.872,1.554,3.320,1.834,1174,749,550,559,1.056,1.243,34,34,42,79.0,100.0,No,No,80704,102356,0.0,0.0,0.0,0.000,0.000,45600,11167,48.2,50.0,58.6,48,50,48,48,48,48,48,48,48,83.0,0.825,12.089,12.180,12.072,12.060,12.042,0,0,159.205,65.611,134.742,21.388,76.394,65.148,14.102,134.742,28.221,23.390,92.372,290.000,320.000,1200.0,1156.5,1230.0,1200.0,1335.0,1185.0,1200.2,1155.4,1334.9,100.0,10.0,0.0,0.0,20.4,24.4,97.5,0.0,0.0,0.0,0,0,Yes,No,No,No,No,Yes,No,56.2,56.8,4,0,0,0,0,0,0,0,0,120,0,0,0,0,0,0,0,0,0,0,0,0,0,0,0,0,0,0,0,0,6517,1675,1506,115,16.0,3.7,5.4,3.0,3.0,3.0,3.0,3.8,5.4,3.0,3.0,3.0,3.0,266.79,332.81,185.06,183.25,333.81,333.81,0.76,266.11,266.79,0.00,94.77,201,6,0.3,0.0,0,0,0.0,0.0,0,
27.8.2026,17:29:21.355,8725,10528,45.3,6024,10285,36.9,2.4,2944,72,1.231,1.231,1.231,1.231,1.231,1.231,1.231,3875.0,3720.0,3720.0,4650.0,3720.0,3720.0,3720.0,100.0,522.0,58.7,17.4,50.2,52.0,4649.6,4.9,123.5,451.4,324.1,449.6,33.4,49.4,522.0,11.5,0.0,0.0,5.3,2.5,100.0,1.3,1.4,10.4,6.6,10.1,0.0,0.0,100.0,11.5,14.0,1.1,0.4,1.3,1.3,125.7,0.1,3.3,12.2,8.4,11.9,0.9,1.3,14.0,38.8,37.2,37.2,46.5,37.2,37.2,37.2,0.0,23.5,1.6,2.7,100.0,15.1,19.1,2.1,32.6,10.9,19.7,0.0,71.8,80.5,12.4,44.0,87.5,77.6,0.0,13.1,0.4,85.4,1600.0,16.00,16,18,18,36,74,560,1,44.0,44.8,44.2,33.8,31.9,29.9,44.8,32.9,33.7,29.8,31.4,31.4,30.2,25.6,1.231,0.994,1.238,12.871,5.912,12.869,16.306,38.126,1.626,0.272,0.413,5.177,1.683,1.897,0.313,15.925,5.875,21.799,38.039,1600.0,1600.0,4650.0,4650.0,4650.0,50.1,21.4,18.1,47.2,162.6,No,No,No,0.186,0.137,1.4,44.0,36.0,36.0,33.0,31.0,32.5,36.0,12.120,4.970,1.004,1.348,1.236,0.882,0.872,1.554,3.320,1.836,1174,749,551,546,1.056,1.243,34,34,42,79.0,100.0,No,No,80704,102356,0.0,0.0,0.0,0.000,0.000,45600,11167,48.3,50.0,58.6,49,50,48,48,48,48,50,48,50,83.0,0.825,12.086,12.176,12.071,12.058,12.041,0,0,163.145,65.861,134.766,21.356,76.374,65.199,14.100,134.766,28.205,24.019,93.961,290.000,320.000,1200.0,1156.5,1230.0,1200.0,1335.0,1185.0,1200.5,1155.6,1335.0,100.0,10.0,0.0,0.0,20.4,25.0,100.0,0.0,0.0,0.0,0,0,Yes,No,No,No,No,Yes,No,56.2,56.6,4,0,0,0,0,0,0,0,0,120,0,0,0,0,0,0,0,0,0,0,0,0,0,0,0,0,0,0,0,0,6517,1675,1506,115,16.0,3.4,5.9,2.6,2.6,2.6,2.6,3.4,5.9,2.6,2.6,2.6,2.6,294.56,382.61,169.60,166.58,383.61,383.61,0.69,293.73,294.56,0.00,178.17,201,6,0.0,0.0,0,0,0.0,0.0,0,
27.8.2026,17:29:21.868,8725,10528,45.3,6035,10274,37.0,2.4,2944,72,1.231,1.231,1.231,1.231,1.231,1.231,1.231,3875.0,3720.0,3720.0,4650.0,3720.0,3720.0,3720.0,100.0,533.4,69.8,33.7,84.1,40.3,4649.6,2.4,82.9,634.7,451.4,259.3,43.2,49.6,533.4,14.7,2.2,0.0,0.6,5.4,100.0,0.0,0.5,18.2,13.4,8.3,25.3,2.8,100.0,14.7,14.2,0.7,0.9,2.2,1.0,125.7,0.1,2.1,17.0,12.1,6.9,1.1,1.3,14.2,38.8,37.2,37.2,46.5,37.2,37.2,37.2,0.0,24.0,1.7,3.2,100.0,18.3,18.3,2.4,34.8,11.0,23.1,0.0,76.5,81.7,16.4,41.2,87.3,73.6,0.0,5.2,0.0,81.1,1600.0,16.00,16,18,18,36,74,560,1,44.4,44.9,44.0,34.0,32.0,30.0,44.9,33.7,33.4,30.0,31.5,31.5,30.5,26.1,1.231,0.994,1.238,13.301,5.952,13.298,16.928,38.584,1.678,0.275,0.482,5.173,2.007,1.756,0.374,16.465,5.915,22.379,38.620,1600.0,1600.0,4650.0,4650.0,4650.0,50.8,22.2,18.8,47.3,163.1,No,No,No,0.197,0.212,1.4,44.0,36.0,36.0,33.0,31.5,32.5,36.0,12.120,4.970,1.004,1.348,1.234,0.882,0.872,1.554,3.320,1.836,1146,749,551,546,1.056,1.244,34,34,41,79.0,100.0,No,No,80704,102356,0.0,0.0,0.0,0.000,0.000,45600,11167,48.5,50.0,59.0,48,50,48,48,48,48,50,48,48,83.0,0.825,12.084,12.173,12.069,12.055,12.038,0,0,163.238,66.062,134.686,21.387,76.312,65.195,14.109,134.686,28.236,24.277,95.674,290.000,320.000,1200.0,1156.5,1230.0,1200.0,1335.0,1185.0,1200.1,1155.5,1335.5,100.0,10.0,0.0,0.0,20.4,23.7,94.7,0.0,0.0,0.0,0,0,Yes,No,No,No,No,Yes,No,56.2,56.6,4,0,0,0,0,0,0,0,0,120,0,0,0,0,0,0,0,0,0,0,0,0,0,0,0,0,0,0,0,0,6517,1675,1506,115,16.0,3.3,6.5,2.6,2.6,2.6,2.6,3.3,6.5,2.6,2.6,2.6,2.6,305.47,383.59,154.45,150.26,383.61,383.61,0.69,304.69,305.47,0.00,228.09,201,6,0.4,0.1,0,0,0.0,0.0,0,
27.8.2026,17:29:22.364,8722,10531,45.3,6022,10287,36.9,2.4,2944,72,1.231,1.231,1.231,1.231,1.231,1.231,1.231,3875.0,3720.0,3720.0,4650.0,3720.0,3720.0,3720.0,100.0,522.5,67.8,11.0,75.8,95.2,4286.9,167.6,232.9,503.7,453.4,278.3,43.4,54.6,522.5,12.0,0.0,0.0,3.2,0.7,92.1,4.9,7.4,11.4,10.1,8.2,0.0,5.5,92.1,12.0,14.0,1.5,0.3,2.0,2.5,115.8,4.5,6.3,13.6,12.1,7.4,1.1,1.4,14.0,38.8,37.2,37.2,46.5,37.2,37.2,37.2,0.0,23.4,1.9,4.5,94.8,18.9,17.8,2.6,36.7,20.7,24.9,5.2,65.6,81.6,22.4,39.8,77.4,70.6,0.0,15.4,0.6,75.0,1600.0,16.00,16,18,18,36,74,560,1,44.5,44.6,44.2,33.9,32.1,30.2,44.3,33.4,33.3,30.1,31.5,31.5,29.8,24.4,1.231,0.994,1.238,12.921,5.949,12.922,16.780,38.196,1.668,0.404,0.562,5.018,1.782,1.795,0.446,15.957,5.911,21.869,38.129,1600.0,1600.0,4644.2,4644.2,4650.0,50.2,21.5,18.6,47.0,159.0,No,No,No,0.312,0.279,1.4,44.0,36.0,36.0,33.0,31.5,32.5,36.0,12.120,4.970,1.004,1.348,1.230,0.882,0.872,1.554,3.320,1.836,1146,764,550,559,1.056,1.244,34,34,41,79.0,100.0,No,No,80704,102356,0.0,0.0,0.0,0.000,0.000,45600,11167,48.3,50.0,58.8,48,50,48,50,48,48,48,48,48,83.0,0.825,12.086,12.175,12.071,12.057,12.040,0,0,163.201,65.489,134.030,21.245,76.010,64.869,14.063,134.030,28.125,23.897,93.130,290.000,320.000,1200.0,1156.5,1230.0,1200.0,1335.0,1185.0,1200.3,1155.6,1335.5,79.0,8.0,0.0,0.0,20.4,24.0,96.1,0.0,0.0,0.0,0,0,Yes,No,No,No,No,Yes,No,55.9,56.6,4,0,0,0,0,0,0,0,0,120,0,0,0,0,0,0,0,0,0,0,0,0,0,0,0,0,0,0,0,0,6517,1675,1506,115,16.0,3.3,11.2,2.2,2.2,2.2,2.2,3.3,11.2,2.2,2.2,2.2,2.2,305.45,448.41,89.58,84.19,449.75,449.75,0.70,304.73,305.45,0.00,299.89,201,6,1.4,0.1,0,0,0.0,0.0,0,
27.8.2026,17:29:22.870,8727,10527,45.3,6035,10274,37.0,2.4,2944,72,1.231,1.231,1.231,1.231,1.231,1.231,1.231,3875.0,3720.0,3720.0,4650.0,3720.0,3720.0,3720.0,100.0,532.4,56.6,27.1,113.8,88.0,5.3,4649.4,297.5,469.9,324.3,261.8,56.0,39.0,532.4,15.3,2.4,23.1,4.3,3.7,0.0,99.9,9.3,13.8,9.9,8.3,8.4,0.0,99.9,15.3,14.3,1.0,0.7,3.0,2.3,0.2,125.6,8.0,12.7,8.7,7.0,1.5,1.0,14.3,38.8,37.2,37.2,46.5,37.2,37.2,37.2,0.0,23.3,1.5,5.3,100.0,15.6,14.9,2.6,34.4,9.9,33.0,0.0,69.5,85.1,9.0,42.3,88.5,61.7,0.0,14.9,0.0,88.4,1600.0,16.00,16,18,18,36,74,560,1,44.8,45.0,44.5,33.9,32.0,30.5,44.9,32.8,33.5,29.9,31.5,31.5,29.2,24.6,1.231,0.994,1.238,12.902,5.949,12.908,15.977,38.165,1.637,0.260,0.664,5.186,1.718,1.702,0.289,15.948,5.912,21.860,38.113,1600.0,1600.0,4650.0,4650.0,4650.0,50.1,21.5,17.8,47.3,162.0,No,No,No,0.194,0.224,1.4,44.0,36.0,36.0,33.0,31.5,32.5,36.0,12.120,4.970,1.004,1.348,1.232,0.882,0.872,1.552,3.320,1.836,1153,764,550,559,1.056,1.243,34,34,41,79.0,100.0,No,No,80704,102356,0.0,0.0,0.0,0.000,0.000,45600,11167,48.8,50.0,59.1,48,50,48,48,48,48,50,48,48,83.0,0.825,12.087,12.177,12.071,12.057,12.041,0,0,159.274,65.555,134.092,21.236,75.951,65.097,14.100,134.092,28.216,23.726,93.482,290.000,320.000,1200.0,1156.5,1230.0,1200.0,1335.0,1185.0,1200.0,1155.6,1335.3,100.0,10.0,0.0,0.0,20.4,25.0,100.0,0.0,0.0,0.0,0,0,Yes,No,No,No,No,Yes,No,56.0,55.5,4,0,0,0,0,0,0,0,0,120,0,0,0,0,0,0,0,0,0,0,0,0,0,0,0,0,0,0,0,0,6517,1675,1506,115,16.0,3.2,13.5,2.2,2.2,2.2,2.2,3.2,13.5,2.2,2.2,2.2,2.2,316.80,449.43,74.21,67.61,449.75,449.75,0.82,315.96,316.80,0.00,371.99,201,6,0.0,0.0,0,0,0.0,0.0,0,
27.8.2026,17:29:23.358,8726,10527,45.3,6025,10284,36.9,2.4,2944,72,1.231,1.231,1.231,1.231,1.231,1.231,1.231,3875.0,3720.0,3720.0,4650.0,3720.0,3720.0,3720.0,100.0,526.3,61.6,13.2,81.2,32.3,8.5,4649.0,325.4,592.1,263.1,190.8,45.6,53.1,526.3,10.7,2.2,0.0,0.0,0.0,0.0,100.0,6.9,11.5,8.0,0.0,0.0,0.0,100.0,10.7,14.1,1.1,0.3,2.1,0.8,0.2,125.6,8.8,16.0,7.0,5.1,1.2,1.4,14.1,38.8,37.2,37.2,46.5,37.2,37.2,37.2,0.0,23.1,1.5,2.9,100.0,19.8,11.6,2.6,30.7,7.2,22.3,0.0,58.7,88.4,7.8,46.2,91.4,74.7,0.0,21.5,0.0,89.5,1600.0,16.00,16,18,18,36,74,560,1,44.9,45.0,44.5,33.8,32.0,30.1,45.0,33.1,33.0,30.0,31.5,31.5,30.5,25.0,1.231,0.994,1.238,12.865,5.937,12.879,15.801,38.034,1.584,0.231,0.459,5.161,1.829,1.542,0.281,15.900,5.900,21.800,38.060,1600.0,1600.0,4650.0,4650.0,4650.0,50.1,21.5,17.6,47.3,166.7,No,No,No,0.185,0.136,1.4,44.0,36.0,36.0,33.0,31.5,32.5,36.0,12.120,4.970,1.004,1.348,1.232,0.882,0.870,1.552,3.324,1.836,1153,764,551,546,1.056,1.243,34,34,41,79.0,100.0,No,No,80704,102356,0.0,0.0,0.0,0.000,0.000,45600,11167,49.0,50.0,59.3,49,50,48,48,50,48,50,48,50,83.0,0.825,12.089,12.181,12.073,12.059,12.043,0,0,159.353,65.479,134.183,21.207,75.954,65.060,14.042,134.183,28.082,22.928,93.675,290.000,320.000,1200.0,1156.5,1230.0,1200.0,1335.0,1185.0,1200.7,1155.9,1334.6,100.0,10.0,0.0,0.0,20.4,24.5,98.1,0.0,0.0,0.0,0,0,Yes,No,No,No,No,Yes,No,56.0,57.0,4,0,0,0,0,0,0,0,0,120,0,0,0,0,0,0,0,0,0,0,0,0,0,0,0,0,0,0,0,0,6517,1675,1506,115,16.0,3.1,13.6,2.1,2.1,2.1,2.1,3.1,13.5,2.1,2.1,2.1,2.1,327.83,482.44,73.64,67.03,483.43,483.43,0.80,326.93,327.83,0.00,383.54,201,6,0.3,0.4,0,0,0.0,0.0,0,
27.8.2026,17:29:23.870,8723,10530,45.3,6034,10275,36.9,2.4,2944,72,1.231,1.231,1.231,1.231,1.231,1.231,1.231,3875.0,3720.0,3720.0,4650.0,3720.0,3720.0,3720.0,100.0,533.5,60.9,13.7,101.3,57.0,4.7,4649.0,394.1,471.3,392.2,167.8,43.5,46.8,533.5,16.8,0.0,7.5,7.0,3.0,0.0,100.0,14.6,18.9,9.1,11.3,19.7,10.9,100.0,16.8,14.3,1.3,0.3,2.6,1.5,0.1,125.6,10.6,12.7,10.5,4.5,1.1,1.2,14.3,38.8,37.2,37.2,46.5,37.2,37.2,37.2,0.0,24.3,1.6,4.1,100.0,22.9,14.6,2.6,31.0,10.8,13.3,0.0,64.1,85.4,12.6,44.7,87.6,82.6,0.0,13.0,0.0,84.8,1600.0,16.00,16,18,18,36,74,560,1,45.0,45.0,44.5,34.0,32.1,30.2,45.0,33.7,33.1,30.0,31.5,31.5,30.2,25.3,1.231,0.994,1.238,13.071,5.947,13.025,16.896,38.054,1.648,0.262,0.409,5.194,2.023,1.683,0.316,16.164,5.910,22.075,38.263,1600.0,1600.0,4650.0,4650.0,4650.0,50.3,21.7,18.8,47.4,163.2,No,No,No,0.192,0.222,1.5,44.0,36.0,36.0,33.0,31.5,32.5,36.0,12.120,4.970,1.004,1.348,1.232,0.882,0.872,1.552,3.320,1.836,1156,749,550,546,1.056,1.270,34,34,41,79.0,100.0,No,No,80704,102356,0.0,0.0,0.0,0.000,0.055,45600,11167,49.2,50.0,59.7,49,50,50,50,50,48,50,48,48,83.0,0.825,12.089,12.180,12.073,12.059,12.042,0,0,163.336,65.487,134.246,21.242,75.999,65.097,14.053,134.246,28.120,24.319,92.063,290.000,320.000,1200.0,1156.5,1230.0,1200.0,1335.0,1185.0,1199.8,1155.4,1335.1,100.0,10.0,0.0,0.0,20.4,24.7,98.8,0.0,0.0,0.0,0,0,Yes,No,No,No,No,Yes,No,56.0,56.7,4,0,0,0,0,0,0,0,0,120,0,0,0,0,0,0,0,0,0,0,0,0,0,0,0,0,0,0,0,0,6517,1675,1506,115,16.0,3.1,38.8,2.1,2.1,2.1,2.1,3.1,38.5,2.1,2.1,2.1,2.1,327.78,483.46,25.79,17.38,483.46,483.46,0.64,327.16,327.78,0.00,450.23,201,6,0.1,0.0,0,0,0.0,0.0,0,
27.8.2026,17:29:24.376,8744,10509,45.4,6035,10274,37.0,2.4,2944,72,1.236,1.231,1.238,1.238,1.238,1.238,1.238,3875.0,3720.0,3720.0,4650.0,3720.0,3720.0,3720.0,100.0,554.4,61.8,16.0,77.1,72.4,107.9,4461.8,519.2,642.2,338.3,256.7,65.6,33.8,554.4,14.9,2.6,14.8,0.5,3.3,8.9,96.3,9.8,16.0,10.3,8.3,6.1,2.4,96.3,14.9,14.9,1.0,0.4,2.0,1.9,2.3,121.1,14.1,17.4,9.1,6.9,1.7,0.9,14.9,38.8,37.2,37.2,46.5,37.2,37.2,37.2,0.0,25.5,1.5,3.9,98.2,31.2,15.4,2.7,33.2,10.0,22.6,1.8,68.8,84.6,11.6,41.3,88.5,73.5,0.0,0.0,0.0,85.8,1600.0,16.00,16,18,18,36,74,560,1,45.0,44.8,41.0,34.2,32.0,30.3,44.8,34.6,33.4,30.3,31.6,31.6,30.2,24.9,1.244,0.994,1.250,13.339,5.931,13.335,17.851,38.550,1.707,0.260,0.537,5.127,2.252,1.729,0.340,16.489,5.894,22.383,38.622,1600.0,1600.0,4649.5,4649.5,4650.0,50.8,22.2,19.8,47.2,160.4,No,No,No,0.213,0.193,1.5,45.0,36.0,36.0,33.0,31.5,32.5,36.0,12.120,4.970,1.002,1.348,1.232,0.882,0.872,1.554,3.324,1.836,1156,749,550,558,1.056,1.270,34,34,41,79.0,100.0,No,No,80704,102356,0.0,0.0,0.0,0.000,0.000,45600,11167,49.3,50.0,59.6,49,50,50,50,50,48,50,48,48,83.0,0.825,12.086,12.175,12.071,12.057,12.040,0,0,163.350,65.499,134.864,21.368,76.225,65.385,14.075,134.864,28.154,24.328,90.224,290.000,320.000,1200.0,1156.5,1230.0,1200.0,1335.0,1185.0,1200.2,1155.4,1335.0,100.0,10.0,0.0,0.0,20.4,25.0,100.0,0.0,0.0,0.0,0,0,Yes,No,No,No,No,Yes,No,56.3,57.0,4,0,0,0,0,0,0,0,0,120,0,0,0,0,0,0,0,0,0,0,0,0,0,0,0,0,0,0,0,0,6517,1675,1506,115,16.0,3.0,38.1,2.0,2.0,2.0,2.0,3.0,38.5,2.0,2.0,2.0,2.0,333.37,499.40,26.25,17.85,499.72,499.72,0.73,332.70,333.37,0.00,472.25,201,6,0.7,0.9,0,0,0.0,0.0,0,
27.8.2026,17:29:24.888,8727,10526,45.3,6025,10284,36.9,2.4,2944,72,1.231,1.231,1.231,1.231,1.231,1.231,1.231,3875.0,3720.0,3720.0,4650.0,3720.0,3720.0,3720.0,100.0,506.3,60.9,15.9,138.3,41.0,73.7,2682.1,259.3,423.5,226.3,2058.2,25.8,71.2,506.3,11.0,0.0,0.0,4.4,0.0,0.1,59.2,6.8,10.7,4.0,45.4,1.7,0.0,59.2,11.0,13.6,1.2,0.4,3.6,1.0,2.5,72.1,7.0,11.4,6.0,55.3,0.6,1.9,13.6,38.8,37.2,37.2,46.5,37.2,37.2,37.2,0.0,22.7,1.5,4.3,60.6,15.3,52.1,2.3,41.9,15.0,50.7,39.4,84.3,47.9,14.2,35.4,83.4,45.0,0.0,0.3,0.0,83.4,1600.0,16.00,16,18,18,36,74,560,1,44.9,42.8,45.0,33.5,31.2,30.5,38.6,33.1,37.5,30.1,31.4,31.4,28.8,25.0,1.231,0.994,1.238,12.631,5.936,12.659,15.104,37.316,1.483,0.281,0.706,3.213,1.623,2.774,0.299,14.999,5.899,20.899,37.189,1600.0,1600.0,4550.0,4550.0,4650.0,48.9,21.1,16.8,45.0,167.8,No,No,No,0.218,0.256,1.4,44.0,36.0,36.0,33.0,31.5,32.5,36.0,12.120,4.970,1.004,1.348,1.178,0.882,0.872,1.554,3.324,1.836,1160,763,551,546,1.056,1.257,34,34,41,79.0,100.0,No,No,80704,102356,0.0,0.1,0.1,0.000,0.289,45600,11167,49.1,50.0,59.8,50,50,50,50,50,50,50,48,50,83.0,0.819,12.090,12.182,12.074,12.061,12.044,0,0,163.238,64.521,132.601,21.111,75.367,64.251,14.067,132.601,28.151,23.837,88.704,290.000,320.000,1200.0,1156.5,1230.0,1200.0,1335.0,1185.0,1200.4,1155.3,1335.0,98.0,10.0,0.0,0.0,20.4,25.0,100.0,0.0,0.0,0.0,0,0,Yes,No,No,No,No,Yes,No,55.8,55.2,4,0,0,0,0,0,0,0,0,120,0,0,0,0,0,0,0,0,0,0,0,0,0,0,0,0,0,0,0,0,6517,1675,1506,115,16.0,3.0,17.2,2.0,2.0,2.0,2.0,3.0,17.2,2.0,2.0,2.0,2.0,333.22,498.73,57.98,50.78,499.72,499.72,0.88,332.30,333.22,0.00,444.27,201,6,0.0,0.0,0,0,0.0,0.0,0,
27.8.2026,17:29:25.393,8726,10528,45.3,6025,10284,36.9,2.4,2944,72,1.246,1.256,1.244,1.244,1.244,1.244,1.244,3875.0,3720.0,3720.0,4650.0,3720.0,3720.0,3720.0,100.0,552.9,62.3,25.1,93.2,46.6,7.0,4649.0,452.8,662.0,260.2,282.9,62.3,31.0,552.9,14.0,2.4,7.6,3.7,0.0,0.0,100.0,13.3,16.3,5.3,8.8,0.0,10.3,100.0,14.0,14.8,1.0,0.7,2.4,1.2,0.2,125.6,12.2,17.9,6.9,7.6,1.6,0.8,14.8,38.8,37.2,37.2,46.5,37.2,37.2,37.2,0.0,25.3,1.7,3.7,100.0,29.8,14.2,2.4,38.7,12.3,75.3,0.0,57.5,76.7,10.7,36.0,86.0,21.1,0.0,12.7,9.1,86.8,1600.0,16.00,16,18,18,36,74,560,1,45.0,44.9,45.0,34.2,32.0,30.9,44.9,34.0,33.0,30.1,31.5,31.5,30.2,25.1,1.231,0.994,1.238,13.640,5.929,13.626,17.820,39.002,1.743,0.290,1.030,5.165,2.113,1.569,0.294,16.872,5.892,22.764,38.988,1600.0,1600.0,4650.0,4650.0,4650.0,51.3,22.7,19.8,47.3,160.8,No,No,No,0.200,0.162,1.5,44.0,36.0,36.0,33.0,31.5,32.5,36.0,12.120,4.970,1.004,1.348,1.230,0.882,0.872,1.554,3.324,1.836,1160,763,551,546,1.056,1.257,34,34,41,79.0,100.0,No,No,80704,102356,0.0,0.0,0.0,0.000,0.128,45600,11167,49.5,50.0,60.1,50,50,50,50,50,48,50,48,50,83.0,0.819,12.086,12.176,12.070,12.057,12.040,0,0,159.124,64.891,133.220,21.173,75.633,64.600,14.111,133.220,28.219,22.921,90.922,290.000,320.000,1200.0,1156.5,1230.0,1200.0,1335.0,1185.0,1200.0,1155.8,1335.0,100.0,10.0,0.0,0.0,20.4,23.7,94.7,0.0,0.0,0.0,0,0,Yes,No,No,No,No,Yes,No,55.7,56.6,4,0,0,0,0,0,0,0,0,120,0,0,0,0,0,0,0,0,0,0,0,0,0,0,0,0,0,0,0,0,6517,1675,1506,115,16.0,3.1,13.4,2.2,2.2,2.2,2.2,3.1,13.4,2.2,2.2,2.2,2.2,322.25,449.95,74.75,67.86,449.96,449.96,0.97,321.35,322.25,0.00,388.68,201,6,0.4,0.4,0,0,0.0,0.0,0,
27.8.2026,17:29:25.907,8724,10529,45.3,6023,10286,36.9,2.4,2944,72,1.252,1.250,1.256,1.256,1.250,1.250,1.250,3875.0,3720.0,3720.0,4650.0,3720.0,3720.0,3720.0,100.0,526.5,230.2,190.2,138.3,50.6,4.3,4649.4,356.9,128.4,335.3,171.8,38.3,25.0,526.5,12.6,3.4,9.2,2.0,5.6,1.5,100.0,8.1,1.8,10.0,3.0,5.3,2.0,100.0,12.6,14.1,5.1,5.1,3.6,1.3,0.1,125.7,9.6,3.4,8.7,4.6,1.0,0.6,14.1,38.8,37.2,37.2,46.5,37.2,37.2,37.2,0.0,23.1,6.2,5.0,100.0,12.9,12.7,1.6,37.9,26.6,56.5,0.0,61.9,74.1,8.5,39.0,67.2,38.5,0.0,25.1,13.3,89.9,1600.0,16.00,16,18,18,36,74,560,1,45.1,45.3,45.2,34.1,33.5,31.0,45.3,32.1,32.9,29.6,31.6,31.6,30.2,25.6,1.250,0.994,1.262,13.069,5.919,13.049,16.470,38.159,1.668,0.810,0.932,5.221,1.307,1.496,0.241,16.192,5.882,22.074,38.288,1600.0,1600.0,4650.0,4650.0,4650.0,50.4,21.7,18.3,47.7,161.8,No,No,No,0.176,0.187,1.4,45.0,36.0,36.0,33.0,31.5,32.5,36.0,12.120,4.970,1.004,1.348,1.244,0.882,0.872,1.552,3.324,1.836,1202,763,550,559,1.056,1.253,34,34,42,79.0,100.0,No,No,80704,102356,0.0,0.0,0.0,0.000,0.000,45600,11167,49.7,50.0,60.0,50,50,50,50,50,48,50,48,50,83.0,0.819,12.088,12.179,12.073,12.059,12.041,0,0,158.518,65.310,133.254,21.179,75.683,64.565,14.100,133.254,28.207,23.409,94.139,290.000,320.000,1200.0,1156.5,1230.0,1200.0,1335.0,1185.0,1200.6,1155.2,1335.3,100.0,10.0,0.0,0.0,20.4,23.7,94.9,0.0,0.0,0.0,0,0,Yes,No,No,No,No,Yes,No,55.7,55.1,4,0,0,0,0,0,0,0,0,120,0,0,0,0,0,0,0,0,0,0,0,0,0,0,0,0,0,0,0,0,6517,1675,1506,115,16.0,3.1,13.5,2.2,2.2,2.2,2.2,3.1,13.5,2.2,2.2,2.2,2.2,322.07,449.92,74.25,67.35,449.93,449.93,1.06,321.09,322.07,0.00,383.18,201,6,0.0,0.0,0,0,0.0,0.0,0,
27.8.2026,17:29:26.412,8664,10589,45.0,6025,10284,36.9,2.4,2944,72,1.229,1.219,1.231,1.231,1.231,1.231,1.231,3875.0,3720.0,3720.0,4650.0,3720.0,3720.0,3720.0,100.0,516.8,49.9,21.1,67.5,98.9,79.3,4292.5,622.5,412.2,314.9,160.9,49.6,32.9,516.8,13.1,1.8,1.5,2.6,3.5,2.7,92.4,19.9,14.5,9.0,5.1,2.1,1.8,92.4,13.1,13.9,0.8,0.5,1.7,2.6,2.1,116.0,16.8,11.1,8.6,4.2,1.2,0.8,13.9,38.8,37.2,37.2,46.5,37.2,37.2,37.2,0.0,21.8,1.4,4.3,94.0,16.9,12.3,2.0,40.9,10.4,72.5,6.0,56.2,84.6,15.8,37.3,88.2,23.2,0.0,26.9,3.1,82.2,1600.0,16.00,16,18,18,36,74,560,1,45.1,43.9,41.0,33.7,31.9,30.9,43.7,32.9,32.7,30.0,31.5,31.5,30.2,24.8,1.237,0.994,1.250,13.155,6.003,13.163,15.381,38.512,1.606,0.237,1.001,4.887,1.685,1.500,0.324,16.206,5.965,22.171,38.463,1600.0,1600.0,4627.4,4627.4,4650.0,50.6,21.9,17.1,46.2,167.3,No,No,No,0.607,0.265,1.3,45.0,36.0,36.0,33.0,31.5,32.5,36.0,12.096,4.970,1.004,1.348,1.238,0.882,0.872,1.554,3.324,1.836,1203,763,550,559,1.056,1.253,34,34,42,79.0,100.0,No,No,80704,102356,0.0,0.3,0.3,0.000,0.618,45600,11167,49.8,50.0,60.0,50,50,50,50,50,50,52,48,50,83.0,0.819,12.087,12.178,12.072,12.059,12.041,0,0,161.990,65.308,133.387,21.189,75.751,64.635,14.112,133.387,28.219,22.826,94.268,290.000,320.000,1200.0,1156.5,1230.0,1200.0,1335.0,1185.0,1200.3,1155.5,1334.8,100.0,10.0,0.0,0.0,20.4,25.0,100.0,0.0,0.0,0.0,0,0,Yes,No,No,No,No,Yes,No,55.7,55.0,4,0,0,0,0,0,0,0,0,120,0,0,0,0,0,0,0,0,0,0,0,0,0,0,0,0,0,0,0,0,6517,1675,1506,115,16.0,3.1,9.4,2.2,2.2,2.2,2.2,3.1,9.4,2.2,2.2,2.2,2.2,322.19,449.25,106.76,101.07,449.93,449.93,0.86,321.28,322.19,0.00,349.92,201,6,0.0,0.0,0,0,0.0,0.0,0,
27.8.2026,17:29:26.916,6356,12897,33.0,5297,11012,32.4,2.4,2944,72,1.164,0.950,1.206,1.206,1.206,1.206,1.206,3780.0,3675.0,3620.0,3620.0,4525.0,3620.0,3620.0,100.0,454.3,102.5,26.5,383.9,1143.7,377.3,1616.4,441.4,194.9,430.1,622.4,83.8,28.9,454.3,10.1,2.1,0.0,8.9,21.4,8.4,35.1,11.0,5.2,11.5,14.9,2.5,0.0,35.1,10.1,12.1,1.9,0.7,10.3,30.8,10.1,43.6,11.9,5.2,11.5,16.7,2.3,0.7,12.1,37.8,36.8,36.2,36.2,45.2,36.2,36.2,0.0,19.7,2.7,27.8,43.1,15.5,25.9,3.2,57.7,33.3,71.7,53.9,63.0,73.6,50.8,22.6,64.0,0.5,3.0,21.5,0.5,46.0,1600.0,16.00,16,18,18,36,74,560,1,45.0,39.1,44.2,33.1,31.3,33.0,36.1,33.6,34.1,30.7,31.3,31.3,30.8,26.4,1.212,0.994,1.225,12.518,6.170,12.561,14.009,37.964,1.565,0.512,1.857,2.712,1.683,1.956,0.668,14.913,6.131,21.045,37.508,1600.0,1600.0,4326.0,4326.0,4650.0,49.4,20.9,15.6,41.2,158.1,No,No,No,0.894,1.812,1.2,45.0,36.0,36.0,33.0,31.5,32.5,36.0,12.168,4.990,1.004,1.348,1.236,0.882,0.872,1.558,3.340,1.836,1203,748,551,546,1.056,1.259,34,34,41,79.0,100.0,No,No,80704,102356,0.0,0.1,0.1,0.000,0.049,45600,11167,43.8,50.0,53.9,49,50,48,50,50,48,50,48,48,83.0,0.825,12.143,12.247,12.125,12.103,12.097,0,0,161.987,21.874,40.757,2.327,33.672,30.620,12.943,40.757,25.892,1.981,7.919,290.000,320.000,1200.0,1187.7,1230.0,1200.0,1335.0,1185.0,1200.1,1186.5,1334.8,0.0,0.0,0.0,0.0,9.0,0.0,0.0,0.0,0.0,0.0,0,0,Yes,No,No,No,No,Yes,No,23.0,23.3,4,0,0,0,0,0,0,0,0,120,0,0,0,0,0,0,0,0,0,0,0,0,0,0,0,0,0,0,0,0,7458,734,565,41,16.0,3.2,8.1,2.4,2.4,2.4,2.4,3.2,8.2,2.4,2.4,2.4,2.4,311.06,415.87,122.72,117.63,416.20,416.20,0.59,310.40,311.06,0.00,299.62,201,6,0.4,0.0,0,0,0.0,0.0,0,
27.8.2026,17:29:27.416,6353,12900,32.9,5296,11014,32.4,2.4,2944,72,0.952,0.963,0.950,0.950,0.950,0.950,0.950,3675.0,3675.0,3675.0,3675.0,3675.0,3675.0,3675.0,100.0,184.9,65.5,18.4,106.2,63.9,343.6,39.0,517.3,467.9,268.5,111.0,77.4,140.5,184.9,3.1,2.0,0.0,0.1,5.2,2.7,1.7,9.5,8.4,3.9,3.4,0.0,0.9,9.5,3.1,4.9,1.3,0.5,2.8,1.7,9.2,1.0,14.0,12.7,7.1,2.9,2.0,3.7,4.9,36.8,36.8,36.8,36.8,36.8,36.8,36.8,0.0,8.4,1.9,4.0,8.7,22.1,8.8,4.6,42.1,16.7,29.5,72.2,69.2,42.5,22.6,49.5,81.3,66.5,19.1,8.7,48.7,72.8,1600.0,16.00,16,18,18,36,74,560,1,44.5,35.1,33.5,30.8,29.6,29.9,30.7,34.2,30.4,30.3,30.4,30.4,29.5,24.5,1.150,0.994,1.156,7.824,5.960,7.869,7.869,30.749,0.751,0.236,0.421,0.884,1.793,0.748,0.423,8.631,5.923,14.555,30.860,1600.0,1600.0,3996.1,3996.1,4650.0,40.6,13.1,8.7,37.0,189.4,No,No,No,0.236,0.228,0.5,44.0,36.0,36.0,33.0,31.5,32.5,36.0,12.168,4.990,1.004,1.348,1.086,0.882,0.872,1.558,3.340,1.836,1183,748,551,546,1.056,1.259,34,34,41,79.0,100.0,No,No,80704,102356,0.0,0.0,0.0,0.000,0.000,45600,11167,42.9,50.0,53.0,49,50,48,48,50,48,50,48,48,83.0,0.825,12.149,12.252,12.131,12.109,12.103,0,0,120.059,21.473,39.298,2.230,32.778,30.273,12.998,39.298,26.014,2.565,7.805,290.000,320.000,1245.0,1187.7,1230.0,1200.0,1335.0,1185.0,1245.3,1186.7,1335.5,1.0,0.0,0.0,0.0,9.0,0.0,0.1,0.0,0.0,0.0,0,0,Yes,No,No,No,No,Yes,No,22.5,23.1,4,0,0,0,0,0,0,0,0,120,0,0,0,0,0,0,0,0,0,0,0,0,0,0,0,0,0,0,0,0,7458,734,565,41,16.0,6.9,107.3,2.6,2.5,2.5,2.5,6.9,57.2,2.6,2.5,2.5,2.5,144.39,391.15,9.32,8.19,399.91,399.91,0.43,143.95,144.39,0.00,158.24,201,6,0.0,0.0,0,0,0.0,0.0,0,
27.8.2026,17:29:27.920,6353,12901,32.9,5294,11015,32.4,2.4,2944,72,1.143,0.950,1.181,1.181,1.181,1.181,1.181,3780.0,3675.0,3620.0,3620.0,3620.0,4525.0,3620.0,100.0,123.0,48.9,9.9,12.3,24.0,64.5,116.1,371.3,462.9,91.3,234.9,7.5,32.7,123.0,4.1,0.0,12.8,2.2,0.0,6.3,1.6,4.3,6.4,4.1,4.3,7.7,0.0,12.8,4.1,3.2,0.7,0.2,0.3,0.6,1.6,3.0,10.0,12.5,2.4,6.3,0.2,0.9,3.2,37.8,36.8,36.2,36.2,36.2,45.2,36.2,0.0,5.4,1.0,0.8,4.1,18.5,6.8,1.0,35.6,19.8,4.2,53.4,77.2,58.1,0.9,59.0,79.2,95.0,42.5,4.3,35.0,98.1,1600.0,16.00,16,18,18,36,74,560,1,44.0,33.7,34.0,30.0,29.1,29.1,29.6,32.8,30.1,29.2,30.1,30.1,28.2,24.1,1.150,0.994,1.156,6.314,5.978,6.312,6.312,29.094,0.510,0.199,0.087,0.495,1.504,0.710,0.067,6.795,5.940,12.735,28.953,1600.0,1600.0,3939.2,3939.2,4650.0,38.1,10.5,7.0,35.5,219.3,No,No,No,0.104,0.037,0.3,44.0,36.0,36.0,33.0,31.5,32.5,36.0,12.168,4.990,1.002,1.348,1.036,0.882,0.872,1.558,3.344,1.834,1183,1534,551,560,1.056,1.250,34,34,41,79.0,100.0,No,No,80704,102356,0.0,0.0,0.0,0.000,0.000,45600,11167,42.4,50.0,52.4,49,50,48,48,48,48,50,48,50,83.0,0.825,12.144,12.248,12.126,12.104,12.098,0,0,76.285,21.343,39.184,2.192,32.813,30.114,12.969,39.184,25.953,1.923,7.758,290.000,320.000,1245.0,1187.7,1230.0,1200.0,1335.0,1185.0,1245.3,1186.8,1334.9,0.0,0.0,0.0,0.0,9.0,0.0,0.0,0.0,0.0,0.0,0,0,Yes,No,No,No,No,Yes,No,22.5,23.1,4,0,0,0,0,0,0,0,0,120,0,0,0,0,0,0,0,0,0,0,0,0,0,0,0,0,0,0,0,0,7458,734,565,41,16.0,6.9,107.3,3.1,3.0,3.0,3.0,6.9,57.2,3.1,3.0,3.0,3.0,144.36,327.85,9.32,8.19,333.28,333.28,0.41,143.98,144.36,0.00,105.45,201,6,1.1,0.0,0,0,0.0,0.0,0,
27.8.2026,17:29:28.427,6353,12900,32.9,5293,11016,32.4,2.4,2944,72,1.111,0.950,1.144,1.144,1.144,1.144,1.144,3930.8,3675.0,3620.0,4525.0,3620.0,4525.0,3620.0,100.0,139.3,37.1,6.4,14.6,33.3,204.0,294.1,410.1,437.6,65.7,139.0,10.9,18.8,139.3,5.9,1.3,3.7,0.9,19.1,5.1,7.2,9.7,10.3,2.1,3.8,0.8,6.8,19.1,5.9,3.7,0.8,0.2,0.3,0.9,5.4,7.9,11.1,11.8,1.6,3.7,0.2,0.5,3.7,39.3,36.8,36.2,45.2,36.2,45.2,36.2,0.0,6.3,0.9,1.2,11.0,18.8,4.8,0.8,32.1,4.4,11.5,64.2,79.4,28.3,4.6,61.7,94.7,87.3,24.8,1.8,66.9,94.6,1600.0,16.00,16,18,18,36,74,560,1,43.5,33.8,36.0,29.9,29.0,29.1,30.5,32.7,29.2,29.1,30.0,30.0,30.5,25.5,1.156,0.994,1.163,6.567,5.977,6.493,6.493,28.779,0.539,0.088,0.157,0.971,1.522,0.410,0.085,7.149,5.940,13.089,29.227,1600.0,1600.0,3976.7,3976.7,4650.0,38.5,10.8,7.2,35.6,218.6,No,No,No,0.129,0.071,0.4,43.0,36.0,36.0,33.0,31.5,32.5,36.0,12.168,5.000,1.002,1.348,1.042,0.882,0.872,1.560,3.344,1.834,1210,765,551,560,1.056,1.250,34,34,41,79.0,100.0,No,No,80704,102356,0.0,0.0,0.0,0.000,0.016,45600,11167,42.0,50.0,51.6,48,48,48,48,48,48,50,48,50,83.0,0.738,12.146,12.250,12.127,12.106,12.100,0,0,65.549,21.283,39.094,2.193,32.744,29.986,12.922,39.094,25.861,1.919,7.735,290.000,320.000,1245.0,625.2,1095.0,1232.5,1185.0,1050.0,1244.9,624.5,1184.7,0.0,0.0,0.0,0.0,9.0,0.0,0.0,0.0,0.0,0.0,0,0,Yes,No,No,No,No,Yes,No,22.4,16.9,4,0,0,0,0,0,0,0,0,120,0,0,0,0,0,0,0,0,0,0,0,0,0,0,0,0,0,0,0,0,7458,734,565,41,16.0,3.7,5.0,3.0,3.0,3.0,3.0,3.7,5.0,3.0,3.0,3.0,3.0,272.15,332.28,201.65,200.15,333.28,333.28,0.45,271.73,272.15,0.00,122.19,201,6,0.3,0.4,0,0,0.0,0.0,0,
27.8.2026,17:29:28.943,6355,12898,33.0,5294,11015,32.4,2.4,2944,72,0.966,0.950,0.969,0.969,0.969,0.969,0.969,3629.2,3675.0,3620.0,3620.0,3620.0,3620.0,3620.0,100.0,119.0,98.8,8.1,7.8,26.0,81.7,168.0,461.6,394.8,120.0,43.3,9.8,8.0,119.0,2.6,0.0,0.0,0.0,0.0,0.6,2.6,11.8,10.4,1.4,0.0,0.0,4.8,11.8,2.6,3.0,1.1,0.2,0.2,0.7,2.1,4.5,12.5,10.7,3.1,1.1,0.2,0.2,3.0,36.3,36.8,36.2,36.2,36.2,36.2,36.2,3.0,5.2,1.2,0.8,5.9,19.0,3.8,0.5,29.7,8.1,8.2,72.0,67.2,18.0,4.7,65.1,90.7,91.0,22.1,13.8,78.3,94.8,1600.0,16.00,16,18,18,36,74,560,1,43.0,33.5,32.2,29.8,28.9,29.1,30.1,32.5,29.0,29.0,29.9,29.9,29.8,24.6,1.150,0.994,1.156,5.903,5.904,6.003,6.003,28.941,0.468,0.143,0.111,0.693,1.472,0.323,0.066,6.373,5.868,12.241,28.484,1600.0,1600.0,3862.4,3862.4,4650.0,37.5,10.0,6.7,35.2,223.8,No,No,No,0.125,0.057,0.3,43.0,36.0,36.0,33.0,31.5,32.5,36.0,12.168,4.990,1.004,1.348,1.088,0.880,0.872,1.560,3.348,1.834,1210,765,552,547,1.056,1.247,34,34,41,79.0,100.0,No,No,80704,102356,0.0,0.0,0.0,0.000,0.000,45600,11167,41.3,48.0,50.8,47,48,46,46,48,46,48,46,48,83.0,0.738,12.159,12.253,12.143,12.116,12.124,0,0,63.924,15.547,27.754,1.336,24.590,21.579,9.881,27.754,19.772,1.441,5.820,290.000,320.000,1245.0,625.2,1095.0,1232.5,1185.0,1050.0,1244.8,624.7,1185.0,0.0,0.0,0.0,0.0,9.0,0.0,0.0,0.0,0.0,0.0,0,0,Yes,No,No,No,No,Yes,No,16.4,16.4,4,0,0,0,0,0,0,0,0,120,0,0,0,0,0,0,0,0,0,0,0,0,0,0,0,0,0,0,0,0,7458,734,565,41,16.0,3.7,4.0,3.5,3.5,3.5,3.5,3.7,4.0,3.5,3.5,3.5,3.5,272.22,283.17,251.03,250.44,283.18,283.18,0.52,271.70,272.22,0.00,49.83,201,6,0.9,0.0,0,0,0.0,0.0,0,
27.8.2026,17:29:29.444,6354,12900,33.0,5272,11037,32.3,2.4,2944,72,1.200,1.200,1.200,1.200,1.200,1.200,1.200,3921.7,4525.0,3620.0,4525.0,3620.0,3620.0,3620.0,100.0,199.3,376.8,165.8,71.1,49.4,197.6,266.6,510.7,505.5,59.3,102.4,35.1,51.5,199.3,8.0,4.1,4.4,5.2,4.7,5.1,6.7,14.5,14.3,2.0,8.6,24.3,1.8,24.3,8.0,4.4,3.7,4.2,1.5,0.9,4.8,6.8,13.4,13.2,1.1,2.3,0.5,0.9,4.4,39.2,45.2,36.2,45.2,36.2,36.2,36.2,9.6,6.7,6.4,2.4,9.7,17.1,3.4,1.5,32.2,9.1,11.3,73.1,54.5,36.4,9.1,61.1,84.6,86.4,17.3,28.5,60.3,89.5,1600.0,16.00,16,18,18,36,74,560,1,42.6,33.1,37.5,29.7,29.2,29.0,30.1,32.0,28.8,29.0,29.7,29.7,29.5,25.0,1.200,0.994,1.212,6.468,5.768,6.343,6.343,27.776,0.624,0.423,0.257,0.967,1.431,0.421,0.246,7.074,5.734,12.808,28.319,1600.0,1600.0,3767.1,3767.1,4650.0,37.3,10.6,7.0,34.9,188.2,No,No,No,0.319,0.263,0.4,42.0,36.0,36.0,33.0,31.5,32.5,36.0,12.168,4.990,1.002,1.352,1.002,0.880,0.872,1.558,3.348,1.836,1200,766,551,547,1.056,1.247,34,34,41,79.0,100.0,No,No,80704,102356,0.0,0.0,0.0,0.000,0.000,45600,11167,41.2,48.0,50.4,46,48,46,46,46,46,48,46,46,83.0,0.738,12.161,12.255,12.145,12.118,12.126,0,0,55.774,15.462,27.505,1.287,24.485,21.474,9.883,27.505,19.765,1.437,5.820,290.000,320.000,1245.0,625.2,1095.0,1244.9,1185.0,1050.0,1245.4,624.6,1185.1,0.0,0.0,0.0,0.0,9.0,0.0,0.0,0.0,0.0,0.0,0,0,Yes,No,No,No,No,Yes,No,16.3,16.3,4,0,0,0,0,0,0,0,0,120,0,0,0,0,0,0,0,0,0,0,0,0,0,0,0,0,0,0,0,0,7458,734,565,41,16.0,3.8,4.3,3.5,3.5,3.5,3.5,3.8,4.3,3.5,3.5,3.5,3.5,266.60,283.09,234.75,233.87,283.10,283.10,0.47,266.15,266.60,0.00,44.10,201,6,1.1,0.4,0,0,0.0,0.0,0,
27.8.2026,17:29:29.937,6353,12900,32.9,5264,11045,32.2,2.4,2944,72,0.950,0.950,0.950,0.950,0.950,0.950,0.950,3675.0,3675.0,3675.0,3675.0,3675.0,3675.0,3675.0,100.0,445.8,2290.0,403.0,188.7,175.3,468.7,467.4,321.4,261.1,257.5,201.2,202.8,112.1,445.8,6.6,49.6,3.4,2.0,0.0,8.3,8.2,1.7,3.4,0.4,2.1,0.0,0.0,49.6,6.6,10.6,61.5,9.4,3.5,3.1,11.0,11.0,7.2,5.5,5.4,3.9,4.0,1.4,10.6,36.8,36.8,36.8,36.8,36.8,36.8,36.8,0.0,15.7,50.7,6.9,14.2,8.8,8.0,5.5,55.9,49.3,53.6,85.8,42.9,56.5,47.3,28.4,0.0,39.5,0.0,48.2,35.6,47.2,1600.0,16.00,16,18,18,36,74,560,1,42.4,36.4,34.0,31.8,35.0,30.5,32.9,31.2,30.8,30.3,30.8,30.8,30.8,25.0,1.150,1.000,1.156,10.856,5.506,10.951,10.951,34.033,1.426,2.820,1.050,1.647,1.136,1.068,0.835,12.616,5.472,18.088,33.546,1600.0,1600.0,4190.6,4190.6,4650.0,44.1,18.3,12.2,38.3,146.6,No,No,No,1.522,2.486,0.9,42.0,36.5,36.0,33.0,31.5,32.5,36.0,12.192,5.000,1.004,1.348,1.182,0.880,0.872,1.562,3.348,1.836,1200,766,551,561,1.056,1.263,34,34,41,79.0,100.0,No,No,80704,102356,0.0,0.0,0.0,0.000,0.056,45600,11167,39.5,46.0,47.0,44,44,44,44,46,44,46,42,44,83.0,0.738,12.182,12.254,12.168,12.145,12.162,0,0,47.598,5.791,11.412,0.441,7.678,8.380,2.554,11.412,5.108,1.409,3.726,290.000,320.000,1245.0,101.2,1095.0,965.2,1185.0,1050.0,906.5,72.7,860.7,0.0,1.0,0.0,0.0,9.0,0.0,0.0,0.0,0.0,0.0,0,0,Yes,No,No,No,No,Yes,No,5.7,5.7,4,0,0,0,0,0,0,0,0,121,0,0,0,0,0,0,0,0,0,0,0,0,0,0,0,0,0,0,0,0,7458,734,565,41,5.0,3.8,4.0,3.5,3.5,3.5,3.5,3.8,4.0,3.5,3.5,3.5,3.5,261.01,282.29,249.68,249.67,282.94,282.94,0.71,260.34,261.01,0.00,27.65,201,6,2.4,0.0,0,0,0.0,0.0,0,
27.8.2026,17:29:30.441,6352,12901,32.9,5265,11045,32.2,2.4,2944,72,1.126,0.950,1.156,1.156,1.156,1.156,1.181,3780.0,3675.0,3620.0,3620.0,3620.0,4525.0,3620.0,100.0,133.7,80.3,5.7,13.3,21.8,39.7,135.5,599.6,458.4,75.9,143.4,11.0,19.3,133.7,2.9,0.9,3.0,0.1,6.1,0.7,3.0,0.0,10.0,4.6,6.0,0.1,0.0,10.0,2.9,3.5,1.1,0.1,0.3,0.5,1.0,3.6,16.2,12.4,1.9,3.7,0.3,0.5,3.5,37.8,36.8,36.2,36.2,36.2,45.2,36.2,5.0,5.3,1.4,0.7,4.0,20.4,4.9,0.8,28.9,7.6,16.0,55.7,66.6,20.8,6.9,65.8,91.1,83.4,40.4,13.1,74.3,92.4,1600.0,16.00,16,18,18,36,74,560,1,42.0,33.2,40.5,29.8,29.0,29.3,29.6,32.5,29.1,29.3,30.1,30.1,29.2,24.7,1.156,0.994,1.163,5.914,5.216,5.892,5.892,26.610,0.494,0.140,0.178,0.549,1.573,0.424,0.100,6.407,5.185,11.592,26.423,1600.0,1600.0,3796.4,3796.4,4650.0,34.8,9.8,6.5,34.9,214.4,No,No,No,0.142,0.078,0.3,42.0,36.0,36.0,33.0,31.5,32.5,36.0,12.168,5.000,1.004,1.348,1.112,0.880,0.872,1.562,3.356,1.836,1181,767,554,548,1.056,1.263,34,34,41,79.0,100.0,No,No,80704,102356,0.0,0.0,0.0,0.000,0.121,45600,11167,39.2,44.0,46.9,43,44,42,42,44,42,44,42,44,83.0,0.738,12.189,12.260,12.176,12.153,12.169,0,0,36.993,5.704,11.182,0.454,7.634,8.276,2.592,11.182,5.196,1.397,3.422,290.000,320.000,1245.0,101.2,1095.0,965.2,1185.0,1050.0,887.9,71.5,846.6,1.0,1.0,0.0,0.0,9.0,0.0,0.0,0.0,0.0,0.0,0,0,Yes,No,No,No,No,Yes,No,5.6,5.7,4,0,0,0,0,0,0,0,0,121,0,0,0,0,0,0,0,0,0,0,0,0,0,0,0,0,0,0,0,0,7458,734,565,41,5.0,3.8,4.0,3.5,3.5,3.5,3.5,3.8,4.0,3.5,3.5,3.5,3.5,266.64,283.27,250.01,249.70,283.61,283.61,0.77,265.76,266.64,0.00,17.05,201,6,0.3,0.4,0,0,0.0,0.0,0,
27.8.2026,17:29:30.943,6352,12901,32.9,5266,11043,32.2,2.4,2944,72,0.996,1.194,0.956,0.956,0.956,0.956,0.956,3665.8,3620.0,3675.0,3675.0,3675.0,3675.0,3675.0,100.0,145.6,43.7,2.5,25.5,16.1,170.7,167.3,434.1,514.5,201.7,114.4,14.8,41.2,145.6,4.8,2.1,0.0,0.0,0.0,5.1,5.1,29.9,9.9,2.9,0.0,0.0,2.2,29.9,4.8,3.9,0.9,0.1,0.6,0.5,4.5,4.4,11.7,13.9,5.4,3.1,0.4,1.1,3.9,36.7,36.2,36.8,36.8,36.8,36.8,36.8,0.0,6.2,1.1,1.0,5.7,21.0,7.2,1.2,32.9,10.0,7.9,72.4,65.7,41.1,0.5,60.9,88.9,91.1,22.0,13.4,51.6,98.3,1600.0,16.00,16,18,18,36,74,560,1,41.8,34.1,32.5,30.1,29.0,29.1,30.1,33.1,30.0,29.3,30.0,30.0,30.0,24.5,1.150,1.000,1.156,6.511,5.289,6.547,6.547,27.292,0.555,0.148,0.129,0.736,1.587,0.626,0.102,7.107,5.256,12.363,27.474,1600.0,1600.0,3955.0,3955.0,4650.0,36.2,10.9,7.3,35.9,210.3,No,No,No,0.196,0.040,0.4,41.0,36.0,36.0,33.0,31.5,32.5,36.0,12.192,5.000,1.002,1.348,1.056,0.880,0.872,1.562,3.356,1.836,1181,767,554,548,1.057,1.264,34,34,41,79.0,100.0,No,No,80704,102356,0.0,0.0,0.0,0.000,0.000,45600,11167,39.0,44.0,46.6,43,44,42,44,44,42,44,40,44,83.0,0.738,12.188,12.258,12.174,12.151,12.168,0,0,23.451,5.956,11.581,0.478,7.937,8.505,2.677,11.581,5.358,1.400,4.086,290.000,320.000,1245.0,101.2,1095.0,348.1,1185.0,1050.0,888.1,71.1,846.2,0.0,1.0,0.0,0.0,9.0,0.0,0.0,0.0,0.0,0.0,0,0,Yes,No,No,No,No,Yes,No,5.8,6.4,4,0,0,0,0,0,0,0,0,121,0,0,0,0,0,0,0,0,0,0,0,0,0,0,0,0,0,0,0,0,7458,734,565,41,5.0,3.9,5.0,3.2,3.2,3.2,3.2,3.9,5.0,3.2,3.2,3.2,3.2,258.42,316.08,200.75,199.69,317.26,317.26,0.98,257.57,258.42,0.00,100.33,201,6,1.7,0.1,0,0,0.0,0.0,0,
27.8.2026,17:29:31.448,6351,12902,32.9,5267,11043,32.2,2.4,2944,72,0.950,0.950,0.950,0.950,0.950,0.950,0.950,3675.0,3675.0,3675.0,3675.0,3675.0,3675.0,3675.0,100.0,127.3,47.0,6.6,14.0,23.2,66.2,112.5,454.9,509.8,89.2,173.5,11.7,18.6,127.3,4.0,0.2,0.0,0.0,0.0,1.0,2.0,9.6,10.8,4.5,6.4,13.2,0.0,13.2,4.0,3.4,0.8,0.2,0.3,0.6,1.7,2.9,12.3,13.8,2.3,4.6,0.3,0.5,3.4,36.8,36.8,36.8,36.8,36.8,36.8,36.8,0.0,5.7,1.1,0.9,4.1,21.4,6.2,0.8,27.6,9.5,5.5,41.7,76.7,30.6,1.4,66.7,89.5,93.6,54.2,1.9,63.2,97.8,1600.0,16.00,16,18,18,36,74,560,1,41.5,33.6,33.0,29.7,28.7,29.0,29.1,33.1,29.3,29.0,29.8,29.8,30.2,25.8,1.150,0.994,1.156,6.030,5.249,6.028,6.028,26.877,0.474,0.139,0.087,0.413,1.670,0.482,0.055,6.529,5.217,11.746,26.818,1600.0,1600.0,3952.5,3952.5,4650.0,35.3,10.0,6.7,35.3,226.5,No,No,No,0.123,0.059,0.3,41.0,36.0,36.0,33.0,31.5,32.5,36.0,12.192,5.000,1.002,1.348,1.064,0.880,0.872,1.562,3.352,1.836,1138,752,552,562,1.057,1.264,34,34,41,79.0,100.0,No,No,80704,102356,0.0,0.0,0.0,0.000,0.000,45600,11167,38.8,44.0,46.4,42,42,42,42,42,42,44,42,42,83.0,0.738,12.187,12.258,12.173,12.149,12.166,0,0,17.174,5.689,11.118,0.417,7.559,8.359,2.616,11.118,5.248,1.393,3.378,290.000,320.000,1245.0,101.2,1095.0,348.1,1185.0,1050.0,902.0,72.5,859.5,1.0,1.0,0.0,0.0,9.0,0.0,0.0,0.0,0.0,0.0,0,0,Yes,No,No,No,No,Yes,No,5.6,5.6,4,0,0,0,0,0,0,0,0,121,0,0,0,0,0,0,0,0,0,0,0,0,0,0,0,0,0,0,0,0,7458,734,565,41,5.0,3.6,5.4,2.7,2.7,2.7,2.7,3.6,5.4,2.7,2.7,2.7,2.7,274.98,365.47,184.50,182.84,367.31,367.31,0.97,273.99,274.98,0.00,158.97,201,6,0.0,0.0,0,0,0.0,0.0,0,
27.8.2026,17:29:31.954,6351,12902,32.9,5268,11041,32.3,2.4,2944,72,0.950,0.950,0.950,0.950,0.950,0.950,0.950,3675.0,3675.0,3675.0,3675.0,3675.0,3675.0,3675.0,100.0,115.5,35.7,2.3,25.3,9.2,120.5,119.0,362.4,430.8,85.6,170.7,4.4,20.6,115.5,4.7,2.4,7.2,12.7,0.0,1.4,4.3,6.7,8.2,0.5,0.0,0.0,12.6,12.7,4.7,3.1,0.9,0.1,0.6,0.2,3.1,3.1,9.8,11.6,2.2,4.6,0.1,0.5,3.1,36.8,36.8,36.8,36.8,36.8,36.8,36.8,1.4,5.2,1.0,0.8,5.4,17.6,5.9,0.6,28.2,1.4,4.3,50.4,75.8,33.1,4.2,66.6,97.6,94.9,44.2,6.6,61.0,95.1,1600.0,16.00,16,18,18,36,74,560,1,41.1,33.1,33.0,29.6,28.6,29.0,29.4,32.2,29.3,28.9,29.8,29.8,29.5,25.2,1.150,0.994,1.156,5.827,5.251,5.836,5.836,26.552,0.442,0.063,0.080,0.510,1.410,0.518,0.068,6.281,5.219,11.500,26.525,1600.0,1600.0,3917.5,3917.5,4650.0,34.9,9.7,6.5,34.8,233.9,No,No,No,0.113,0.040,0.3,41.0,36.0,36.0,33.0,31.5,32.5,36.0,12.192,5.010,1.004,1.352,1.070,0.880,0.872,1.562,3.356,1.836,1124,752,552,562,1.056,1.254,34,34,41,79.0,100.0,No,No,80704,102356,0.0,0.0,0.0,0.000,0.016,45600,11167,38.8,44.0,46.5,42,42,40,42,42,42,42,40,42,83.0,0.738,12.186,12.256,12.173,12.150,12.166,0,0,16.730,5.675,11.107,0.490,7.499,8.225,2.555,11.107,5.130,1.395,3.567,290.000,320.000,1245.0,101.2,1095.0,298.6,1185.0,1050.0,698.3,56.3,665.0,0.0,1.0,0.0,0.0,9.0,0.0,0.0,0.0,0.0,0.0,0,0,Yes,No,No,No,No,Yes,No,5.7,5.6,4,0,0,0,0,0,0,0,0,121,0,0,0,0,0,0,0,0,0,0,0,0,0,0,0,0,0,0,0,0,7458,734,565,41,5.0,3.4,6.5,2.7,2.7,2.7,2.7,3.4,6.5,2.7,2.7,2.7,2.7,294.59,367.31,153.74,149.83,367.31,367.31,0.82,293.73,294.59,0.00,206.20,201,6,0.1,0.0,0,0,0.0,0.0,0,
27.8.2026,17:29:32.468,6354,12900,33.0,5270,11039,32.3,2.4,2944,72,0.950,0.950,0.950,0.950,0.950,0.950,0.950,3675.0,3675.0,3675.0,3675.0,3675.0,3675.0,3675.0,100.0,125.9,58.0,3.6,9.6,32.1,164.7,168.1,429.9,409.5,126.7,63.2,8.7,36.7,125.9,6.6,0.0,23.1,0.0,17.7,5.7,2.9,8.7,10.9,4.9,3.5,2.2,0.0,23.1,6.6,3.3,0.8,0.1,0.2,0.8,4.4,4.5,11.6,11.1,3.3,1.7,0.2,0.9,3.3,36.8,36.8,36.8,36.8,36.8,36.8,36.8,1.7,5.6,0.9,1.0,7.7,18.6,4.4,1.3,28.3,6.0,13.9,39.6,75.4,24.8,9.8,66.1,93.1,85.1,52.8,6.1,70.8,88.9,1600.0,16.00,16,18,18,36,74,560,1,40.9,33.2,32.0,29.7,28.7,29.0,29.7,32.4,29.0,29.1,29.8,29.8,29.0,24.7,1.150,0.994,1.156,5.966,5.291,5.952,5.952,26.641,0.492,0.109,0.169,0.626,1.475,0.417,0.158,6.468,5.259,11.727,26.719,1600.0,1600.0,3888.9,3888.9,4650.0,35.2,9.9,6.6,35.0,216.3,No,No,No,0.134,0.057,0.3,41.0,35.5,36.0,33.0,31.5,32.5,36.0,12.192,5.000,1.002,1.348,1.064,0.880,0.872,1.564,3.352,1.836,1124,768,554,549,1.056,1.254,34,34,41,79.0,100.0,No,No,80704,102356,0.0,0.0,0.0,0.000,0.032,45600,11167,38.7,44.0,46.4,42,44,42,42,42,42,44,40,42,83.0,0.738,12.183,12.256,12.168,12.146,12.162,0,0,16.611,5.734,11.313,0.453,7.642,8.381,2.591,11.313,5.188,1.386,3.342,290.000,320.000,1245.0,101.2,1095.0,298.6,1185.0,1050.0,1040.2,84.6,1011.8,1.0,1.0,0.0,0.0,9.0,0.0,0.1,0.0,0.0,0.0,0,0,Yes,No,No,No,No,Yes,No,5.6,5.8,4,0,0,0,0,0,0,0,0,121,0,0,0,0,0,0,0,0,0,0,0,0,0,0,0,0,0,0,0,0,7458,734,565,41,5.0,3.3,7.3,2.4,2.4,2.4,2.4,3.3,7.2,2.4,2.4,2.4,2.4,305.59,415.76,137.64,133.43,416.76,416.76,0.72,304.83,305.59,0.00,244.90,201,6,0.6,0.0,0,0,0.0,0.0,0,
27.8.2026,17:29:32.967,6351,12903,32.9,5270,11039,32.3,2.4,2944,72,0.950,0.950,0.950,0.950,0.950,0.950,0.950,3534.2,3675.0,3675.0,3675.0,2940.0,3620.0,3620.0,100.0,127.8,29.8,1.4,21.9,13.0,183.4,111.0,423.4,579.2,115.8,28.8,8.9,16.4,127.8,3.2,2.5,0.0,2.3,0.0,2.9,1.4,11.1,11.8,1.4,5.4,0.0,0.0,11.8,3.2,3.4,0.7,0.0,0.6,0.3,4.8,2.9,11.4,15.6,3.0,0.7,0.2,0.4,3.4,35.3,36.8,36.8,36.8,29.4,36.2,36.2,5.5,5.7,0.8,0.9,6.5,22.0,3.3,0.7,26.1,2.9,8.1,59.8,64.4,18.1,3.4,68.2,96.3,91.0,33.7,13.7,78.7,96.0,1600.0,16.00,16,18,18,36,74,560,1,40.8,33.6,33.8,29.6,28.6,29.0,29.6,33.0,28.7,29.0,29.7,29.7,29.2,24.2,1.150,0.994,1.156,5.879,5.183,5.887,5.887,26.445,0.496,0.071,0.121,0.680,1.661,0.307,0.135,6.423,5.152,11.575,26.421,1600.0,1600.0,3876.2,3876.2,4650.0,34.8,9.8,6.5,35.4,213.3,No,No,No,0.139,0.042,0.3,40.0,36.0,36.0,33.0,31.5,32.5,36.0,12.192,5.010,1.002,1.348,1.066,0.880,0.872,1.562,3.352,1.836,1149,768,554,549,1.057,1.263,34,34,41,79.0,100.0,No,No,80704,102356,0.0,0.0,0.0,0.000,0.000,45600,11167,38.6,44.0,46.3,42,42,40,42,42,42,42,40,42,83.0,0.738,12.192,12.261,12.179,12.155,12.173,0,0,16.653,5.584,10.972,0.466,7.405,8.108,2.508,10.972,5.034,1.386,3.401,290.000,320.000,1245.0,101.2,1095.0,305.3,1185.0,1050.0,891.4,71.9,852.4,0.0,1.0,0.0,0.0,9.0,0.0,0.0,0.0,0.0,0.0,0,0,Yes,No,No,No,No,Yes,No,5.5,6.6,4,0,0,0,0,0,0,0,0,121,0,0,0,0,0,0,0,0,0,0,0,0,0,0,0,0,0,0,0,0,7458,734,565,41,5.0,3.2,13.6,2.2,2.2,2.2,2.2,3.2,13.6,2.2,2.2,2.2,2.2,311.17,449.62,73.47,67.16,450.29,450.29,0.98,310.17,311.17,0.00,339.11,201,6,0.0,0.0,0,0,0.0,0.0,0,
27.8.2026,17:29:33.474,6353,12900,32.9,5272,11037,32.3,2.4,2944,72,0.939,0.912,0.906,0.906,0.969,0.969,0.969,3647.5,3675.0,3675.0,3675.0,3620.0,3620.0,3620.0,100.0,129.9,101.1,1.9,48.0,7.7,364.0,294.9,238.1,305.3,95.0,71.3,9.0,23.0,129.9,3.8,1.0,0.0,0.9,0.0,8.0,9.4,0.0,0.0,0.0,0.0,18.0,8.9,18.0,3.8,3.3,1.2,0.0,1.2,0.2,9.8,7.9,6.3,8.1,2.5,1.9,0.2,0.6,3.3,36.5,36.8,36.8,36.8,36.2,36.2,36.2,17.0,5.0,1.3,1.4,11.5,11.2,4.0,0.8,28.0,11.7,11.4,62.2,43.6,37.9,1.3,67.0,87.0,87.3,26.3,45.2,58.2,98.0,1600.0,16.00,16,18,18,36,74,560,1,40.4,32.5,33.0,29.5,28.9,28.9,30.5,31.0,29.0,28.7,29.7,29.7,28.8,24.2,1.150,0.994,1.156,5.377,4.995,5.397,5.397,24.932,0.475,0.162,0.144,1.030,0.992,0.410,0.113,5.817,4.969,10.786,25.135,1600.0,1600.0,3742.9,3742.9,4650.0,33.1,9.0,6.0,34.2,201.5,No,No,No,0.196,0.078,0.3,40.0,36.0,36.0,33.0,31.5,32.5,36.0,12.192,5.000,1.002,1.352,1.066,0.880,0.872,1.560,3.352,1.834,1149,770,553,562,1.057,1.263,34,34,41,79.0,100.0,No,No,80704,102356,0.0,0.0,0.0,0.000,0.000,45600,11167,38.6,42.0,46.3,42,44,42,42,42,42,44,40,42,83.0,0.738,12.188,12.258,12.175,12.152,12.169,0,0,16.723,5.578,10.986,0.454,7.390,8.129,2.507,10.986,5.012,1.386,3.348,290.000,320.000,1245.0,101.2,1095.0,305.3,1185.0,1050.0,883.8,70.9,836.4,1.0,1.0,0.0,0.0,9.0,0.0,0.0,0.0,0.0,0.0,0,0,Yes,No,No,No,No,Yes,No,5.5,7.0,4,0,0,0,0,0,0,0,0,121,0,0,0,0,0,0,0,0,0,0,0,0,0,0,0,0,0,0,0,0,7458,734,565,41,5.0,3.0,11.1,2.2,2.2,2.2,2.2,3.1,11.0,2.2,2.2,2.2,2.2,327.88,450.29,90.42,83.81,450.29,450.29,0.95,326.85,327.88,0.00,372.47,201,6,0.3,0.4,0,0,0.0,0.0,0,
27.8.2026,17:29:33.976,6351,12902,32.9,5272,11038,32.3,2.4,2944,72,1.110,0.912,1.150,1.150,1.150,1.150,1.150,3780.0,3675.0,3620.0,3620.0,3620.0,4525.0,3620.0,100.0,139.4,129.5,1.5,16.7,16.7,180.2,248.9,297.6,181.6,353.2,221.4,5.9,19.7,139.4,7.0,0.0,24.4,1.9,4.7,5.4,4.0,24.1,2.5,12.0,3.5,0.0,1.9,24.4,7.0,3.5,0.7,0.0,0.4,0.4,4.6,6.5,8.0,4.9,9.4,5.9,0.1,0.5,3.5,37.8,36.8,36.2,36.2,36.2,45.2,36.2,18.7,5.0,0.8,0.8,8.3,9.7,9.9,0.7,22.9,1.2,5.5,63.9,30.8,35.4,0.4,72.2,98.1,93.8,27.8,59.5,54.8,99.0,1600.0,16.00,16,18,18,36,74,560,1,40.1,32.1,38.5,29.3,28.6,28.6,30.0,30.0,30.2,28.4,29.5,29.5,29.0,23.8,1.156,0.994,1.163,5.215,4.978,5.173,5.173,24.935,0.455,0.118,0.110,0.892,0.706,0.842,0.064,5.613,4.952,10.564,24.739,1600.0,1600.0,3520.9,3520.9,4650.0,32.6,8.6,5.7,33.8,203.6,No,No,No,0.188,0.041,0.3,40.0,36.0,36.0,33.0,31.5,32.5,36.0,12.168,5.000,1.004,1.348,1.028,0.880,0.872,1.562,3.356,1.836,1129,755,553,562,1.057,1.248,34,34,41,79.0,100.0,No,No,80704,102356,0.0,0.0,0.0,0.000,0.000,45600,11167,38.6,42.0,46.2,41,42,40,42,42,40,42,40,42,83.0,0.738,12.191,12.260,12.177,12.154,12.171,0,0,16.853,5.724,11.276,0.527,7.586,8.253,2.544,11.276,5.098,1.386,3.570,290.000,320.000,1245.0,101.2,1095.0,319.1,1185.0,1050.0,1084.0,87.2,1036.0,1.0,1.0,0.0,0.0,9.0,0.0,0.1,0.0,0.0,0.0,0,0,Yes,No,No,No,No,Yes,No,5.6,6.1,4,0,0,0,0,0,0,0,0,121,0,0,0,0,0,0,0,0,0,0,0,0,0,0,0,0,0,0,0,0,7458,734,565,41,5.0,3.0,17.3,2.1,2.1,2.1,2.1,3.1,17.2,2.1,2.1,2.1,2.1,327.87,482.94,57.74,50.53,483.61,483.61,0.94,326.90,327.87,0.00,400.25,201,6,0.1,0.0,0,0,0.0,0.0,0,
27.8.2026,17:29:34.476,6353,12900,32.9,5279,11030,32.3,2.4,2944,72,1.136,0.912,1.181,1.181,1.181,1.181,1.181,3780.0,3675.0,3620.0,3620.0,4525.0,3620.0,3620.0,100.0,186.0,71.6,11.9,43.8,22.4,532.9,98.2,361.7,447.3,269.1,344.4,5.7,22.7,186.0,6.3,0.8,0.2,1.0,0.0,11.9,2.2,13.3,29.5,3.0,10.5,3.1,0.5,29.5,6.3,4.9,0.9,0.3,1.2,0.5,14.3,2.6,9.5,11.9,7.3,9.2,0.1,0.6,4.9,37.8,36.8,36.2,36.2,45.2,36.2,36.2,8.5,8.1,1.1,1.7,13.9,17.2,13.9,0.7,36.9,9.9,24.5,66.1,58.5,59.8,2.7,55.0,88.9,73.8,20.0,24.4,26.3,96.6,1600.0,16.00,16,18,18,36,74,560,1,40.0,33.3,41.5,30.2,29.0,29.1,31.1,31.9,31.2,28.8,29.8,29.8,28.8,23.5,1.194,0.994,1.200,6.998,5.165,6.998,6.998,27.506,0.692,0.149,0.299,1.165,1.418,1.047,0.077,7.660,5.136,12.795,27.518,1600.0,1600.0,3777.6,3777.6,4650.0,36.2,11.7,7.8,35.0,183.0,No,No,No,0.218,0.082,0.5,40.0,36.0,36.0,33.0,31.5,32.5,36.0,12.192,5.000,1.002,1.352,1.060,0.880,0.872,1.562,3.356,1.836,1129,755,555,562,1.057,1.248,34,34,41,79.0,100.0,No,No,80704,102356,0.4,0.0,0.5,0.757,0.180,45600,11167,38.4,42.0,46.1,42,42,40,42,42,42,42,40,42,83.0,0.738,12.187,12.257,12.173,12.150,12.166,0,0,16.946,5.607,11.105,0.478,7.438,8.153,2.482,11.105,4.980,1.385,3.342,290.000,320.000,1245.0,101.2,1095.0,319.1,1185.0,1050.0,899.2,72.0,854.3,1.0,1.0,0.0,0.0,9.0,0.0,0.0,0.0,0.0,0.0,0,0,Yes,No,No,No,No,Yes,No,5.5,5.7,4,0,0,0,0,0,0,0,0,121,0,0,0,0,0,0,0,0,0,0,0,0,0,0,0,0,0,0,0,0,7458,734,565,41,5.0,3.0,23.8,2.1,2.1,2.1,2.1,3.0,23.6,2.1,2.1,2.1,2.1,333.42,483.61,42.04,33.93,483.61,483.61,0.75,332.64,333.42,0.00,444.72,201,6,0.8,0.5,0,0,0.0,0.0,0,
27.8.2026,17:29:34.995,6352,12901,32.9,5279,11030,32.3,2.4,2944,72,0.996,1.194,0.956,0.956,0.956,0.956,0.956,3665.8,3620.0,3675.0,3675.0,3675.0,3675.0,3675.0,100.0,137.2,29.5,1.3,12.5,9.3,51.6,53.8,953.0,225.4,127.0,89.8,2.6,90.5,137.2,3.5,1.2,0.0,0.0,3.6,1.7,1.8,19.2,2.6,6.3,2.6,0.0,2.5,19.2,3.5,3.7,0.7,0.0,0.3,0.2,1.3,1.4,25.8,6.1,3.3,2.4,0.1,2.4,3.7,36.7,36.2,36.8,36.8,36.8,36.8,36.8,0.0,6.2,0.9,0.6,2.3,26.4,5.1,2.1,30.4,4.4,10.0,58.9,70.6,37.4,0.8,63.4,94.7,89.4,38.7,3.0,57.5,97.1,1600.0,16.00,16,18,18,36,74,560,1,40.0,34.2,33.0,29.8,28.5,28.9,29.0,33.8,29.1,29.2,29.7,29.7,30.2,24.3,1.169,0.994,1.175,6.280,5.275,6.292,6.292,26.974,0.535,0.076,0.111,0.455,1.998,0.459,0.107,6.852,5.243,12.095,27.162,1600.0,1600.0,3959.1,3959.1,4650.0,35.7,10.5,7.0,36.0,210.7,No,No,No,0.108,0.020,0.4,40.0,36.0,36.0,33.0,31.5,32.5,36.0,12.192,5.000,1.002,1.352,1.044,0.880,0.872,1.564,3.356,1.836,1119,772,555,562,1.057,1.269,34,34,42,79.0,100.0,No,No,80704,102356,0.0,0.0,0.0,0.000,0.000,45600,11167,38.5,42.0,46.2,42,42,40,42,42,42,42,40,42,83.0,0.738,12.187,12.258,12.173,12.150,12.167,0,0,16.890,5.803,11.507,0.503,7.705,8.432,2.567,11.507,5.144,1.386,3.472,290.000,320.000,1245.0,101.2,1095.0,309.8,1185.0,1050.0,1109.0,88.9,1056.9,1.0,1.0,0.0,0.0,9.0,0.0,0.0,0.0,0.0,0.0,0,0,Yes,No,No,No,No,Yes,No,5.7,6.1,4,0,0,0,0,0,0,0,0,121,0,0,0,0,0,0,0,0,0,0,0,0,0,0,0,0,0,0,0,0,7458,734,565,41,5.0,3.1,39.1,2.1,2.1,2.1,2.1,3.1,38.4,2.1,2.1,2.1,2.1,327.77,483.61,25.54,17.13,483.61,483.61,0.81,327.01,327.77,0.00,461.45,201,6,0.0,0.0,0,0,0.0,0.0,0,
27.8.2026,17:29:35.485,7129,12124,37.0,5703,10606,34.9,2.4,2944,72,1.162,1.163,1.163,1.163,1.163,1.163,1.163,3770.8,3620.0,3620.0,4525.0,3620.0,3620.0,3620.0,100.0,559.5,131.9,23.7,432.1,117.5,2141.0,313.0,470.7,493.4,2181.0,178.6,134.2,97.3,559.5,14.6,3.8,0.0,30.0,0.0,48.2,2.3,8.9,9.4,49.1,7.8,9.8,6.4,49.1,14.6,14.9,2.7,0.6,11.5,3.0,57.6,8.2,12.7,13.3,58.7,4.6,3.5,2.5,14.9,37.7,36.2,36.2,45.2,36.2,36.2,36.2,0.0,24.8,3.2,12.7,54.2,21.2,52.1,5.7,49.1,30.4,57.6,42.0,78.8,43.6,42.0,26.1,66.4,29.7,3.8,0.0,4.3,52.3,1600.0,16.00,16,18,18,36,74,560,1,40.9,40.9,40.8,33.4,31.0,31.3,37.3,34.1,35.8,30.7,30.9,30.9,30.2,25.5,1.181,0.994,1.194,14.515,5.460,14.467,18.184,37.553,1.938,0.509,1.335,3.788,1.996,3.239,0.764,17.100,5.426,22.526,37.748,1600.0,1600.0,4494.4,4494.4,4650.0,49.7,24.1,20.2,43.0,146.5,No,No,No,1.628,1.294,1.5,40.0,36.0,36.0,33.0,31.0,32.5,36.0,12.192,5.010,1.004,1.348,1.110,0.880,0.872,1.562,3.352,1.836,1119,772,555,562,1.057,1.269,34,34,42,79.0,100.0,No,No,80704,102356,0.0,0.1,0.1,0.000,0.064,45600,11167,38.6,42.0,46.3,42,42,40,42,42,42,42,40,42,83.0,0.738,12.184,12.256,12.169,12.147,12.164,0,0,16.881,5.969,11.883,0.502,8.068,8.649,2.676,11.883,5.352,1.381,3.331,290.000,320.000,1245.0,101.2,1095.0,309.8,1185.0,1050.0,976.4,78.3,929.8,0.0,1.0,0.0,0.0,9.0,0.0,0.1,0.0,0.0,0.0,0,0,Yes,No,No,No,No,Yes,No,5.9,6.1,4,0,0,0,0,0,0,0,0,121,0,0,0,0,0,0,0,0,0,0,0,0,0,0,0,0,0,0,0,0,7458,734,565,41,5.0,2.9,23.5,2.0,2.0,2.0,2.0,3.0,23.6,2.0,2.0,2.0,2.0,339.13,499.98,42.58,34.48,500.32,500.32,1.74,337.58,339.13,0.00,461.33,201,6,0.3,0.4,0,0,0.0,0.0,0,
27.8.2026,17:29:35.993,7550,11703,39.2,5788,10522,35.4,2.4,2944,72,1.161,1.156,1.163,1.163,1.163,1.163,1.163,3921.7,3620.0,3620.0,4525.0,3620.0,4525.0,3620.0,100.0,573.2,116.0,30.1,207.9,446.0,482.7,1973.5,390.2,484.8,76.2,2545.0,67.9,58.0,573.2,11.9,0.7,2.4,3.5,11.8,9.5,45.9,4.5,9.6,0.1,55.1,0.0,0.0,55.1,11.9,15.1,2.3,0.8,5.3,11.7,13.0,52.4,10.5,13.1,1.9,67.7,1.8,1.5,15.1,39.2,36.2,36.2,45.2,36.2,45.2,36.2,0.0,25.5,2.9,15.3,54.5,19.6,57.7,3.1,50.5,17.1,84.1,45.5,77.6,42.3,36.3,24.0,80.1,0.5,0.0,2.9,0.0,60.6,1600.0,16.00,16,18,18,36,74,560,1,41.2,41.0,39.2,34.0,31.4,32.3,37.1,34.1,38.3,30.5,31.4,31.4,28.8,24.3,1.175,0.994,1.188,15.586,5.426,15.571,18.811,38.806,2.174,0.360,1.791,4.073,1.924,4.324,0.574,18.369,5.392,23.762,38.935,1600.0,1600.0,4525.0,4525.0,4650.0,51.2,26.0,20.9,43.2,140.4,No,No,No,0.730,0.366,1.5,41.0,36.0,36.0,33.0,31.5,32.5,36.0,12.192,5.000,1.004,1.348,1.182,0.880,0.872,1.560,3.352,1.836,1116,757,555,562,1.056,1.263,34,34,41,79.0,100.0,No,No,80704,102356,0.0,0.0,0.0,0.000,0.000,45600,11167,38.4,42.0,46.0,42,42,40,42,42,42,42,40,42,83.0,0.738,12.184,12.257,12.169,12.146,12.164,0,0,16.922,5.868,11.620,0.404,7.910,8.515,2.603,11.620,5.222,1.382,3.540,290.000,320.000,1245.0,101.2,1095.0,326.6,1185.0,1050.0,1244.5,101.0,1185.3,1.0,1.0,0.0,0.0,9.0,0.0,0.0,0.0,0.0,0.0,0,0,Yes,No,No,No,No,Yes,No,5.8,5.6,4,0,0,0,0,0,0,0,0,121,0,0,0,0,0,0,0,0,0,0,0,0,0,0,0,0,0,0,0,0,7458,734,565,41,5.0,3.1,23.9,2.0,2.0,2.0,2.0,3.1,24.2,2.0,2.0,2.0,2.0,327.81,499.31,41.76,34.27,500.32,500.32,1.58,326.23,327.81,0.00,450.18,201,6,1.0,0.3,0,0,0.0,0.0,0,
27.8.2026,17:29:36.484,7597,11656,39.4,5845,10465,35.8,2.4,2944,72,1.170,1.175,1.169,1.169,1.169,1.169,1.169,3770.8,3620.0,3620.0,3620.0,3620.0,4525.0,3620.0,100.0,536.6,94.0,40.5,173.7,184.7,219.4,2237.0,433.3,466.7,430.7,2017.1,57.8,84.7,536.6,13.9,0.0,25.2,2.7,5.7,3.5,48.9,16.3,9.1,8.3,40.2,2.9,3.6,48.9,13.9,14.3,1.5,1.0,4.6,4.8,5.8,60.3,11.7,12.6,11.4,54.4,1.5,2.2,14.3,37.7,36.2,36.2,36.2,36.2,45.2,36.2,0.0,23.7,2.4,8.5,54.5,19.5,54.1,3.5,41.5,23.3,44.8,45.5,66.0,45.9,23.7,34.7,74.3,46.6,0.0,14.5,0.0,72.9,1600.0,16.00,16,18,18,36,74,560,1,41.9,41.9,36.5,34.0,31.3,30.9,37.3,33.5,37.9,30.2,31.4,31.3,30.2,24.8,1.175,0.994,1.181,14.067,5.343,14.094,16.370,37.348,2.174,0.390,0.931,3.884,1.762,3.934,0.435,16.534,5.311,21.845,37.069,1600.0,1600.0,4525.0,4503.0,4650.0,48.8,23.5,18.2,44.1,145.4,No,No,No,0.784,0.445,1.4,41.0,36.0,36.0,33.0,31.5,32.5,36.0,12.168,5.000,1.004,1.348,1.180,0.880,0.872,1.560,3.352,1.836,1116,757,555,562,1.056,1.263,34,34,41,79.0,100.0,No,No,80704,102356,0.0,0.0,0.0,0.000,0.000,45600,11167,38.4,42.0,45.9,41,42,40,42,42,40,42,40,42,83.0,0.738,12.185,12.256,12.171,12.148,12.165,0,0,16.837,5.573,10.978,0.368,7.388,8.212,2.506,10.978,5.016,1.382,3.331,290.000,320.000,1245.0,101.2,1095.0,326.6,1185.0,1050.0,897.8,72.1,854.4,1.0,1.0,0.0,0.0,9.0,0.0,0.1,0.0,0.0,0.0,0,0,Yes,No,No,No,No,Yes,No,5.5,5.6,4,0,0,0,0,0,0,0,0,121,0,0,0,0,0,0,0,0,0,0,0,0,0,0,0,0,0,0,0,0,7458,734,565,41,5.0,3.1,23.9,2.0,2.0,2.0,2.0,3.1,24.2,2.0,2.0,2.0,2.0,327.81,499.31,41.76,34.27,500.32,500.32,1.58,326.23,327.81,0.00,450.18,201,6,1.0,0.3,0,0,0.0,0.0,0,
27.8.2026,17:29:36.992,8725,10529,45.3,6025,10284,36.9,2.4,2944,72,1.162,1.163,1.163,1.163,1.163,1.163,1.163,3770.8,3620.0,3620.0,3620.0,3620.0,4525.0,3620.0,100.0,682.7,304.3,68.1,193.6,346.6,646.6,238.0,701.3,902.0,67.5,4478.4,126.9,119.0,682.7,14.6,7.5,0.0,2.2,8.8,15.3,6.4,10.9,23.1,2.0,98.9,0.0,0.0,98.9,14.6,17.9,7.1,1.4,4.6,8.9,17.1,6.0,18.5,24.0,0.9,120.9,2.7,2.7,17.9,37.7,36.2,36.2,36.2,36.2,45.2,36.2,0.0,28.5,7.5,11.6,19.1,28.9,99.0,5.1,47.0,51.4,54.3,65.2,71.1,1.0,38.7,24.5,41.1,34.1,15.7,0.0,0.0,56.1,1600.0,16.00,16,18,18,36,74,560,1,42.5,43.3,38.8,34.1,31.5,31.1,33.6,34.5,43.0,31.0,31.4,31.4,30.2,25.0,1.163,0.994,1.169,14.483,5.971,14.484,21.864,39.214,1.937,0.959,1.127,1.728,2.280,4.747,0.782,17.192,5.934,23.125,39.357,1600.0,1600.0,4525.0,4525.0,4650.0,51.8,24.1,24.3,45.6,147.4,No,No,No,0.978,0.988,1.7,42.0,36.0,36.0,33.0,31.5,32.5,36.0,12.096,4.970,1.004,1.348,1.170,0.880,0.872,1.558,3.324,1.836,1094,756,552,547,1.057,1.261,34,34,41,79.0,100.0,No,No,80704,102356,0.0,0.0,0.0,0.000,0.000,45600,11168,45.2,46.0,55.1,45,46,44,46,46,44,46,44,46,83.0,0.825,12.081,12.169,12.067,12.053,12.036,0,0,35.632,66.586,136.815,21.587,76.869,66.317,13.986,136.815,27.986,24.563,94.334,290.000,320.000,1245.0,1156.5,1230.0,514.4,1335.0,1185.0,1244.9,1154.7,1334.9,68.0,7.0,0.0,0.0,20.4,0.0,0.1,0.0,0.0,0.0,0,0,Yes,No,No,No,No,Yes,No,57.2,57.3,4,0,0,0,0,0,0,0,0,122,0,0,0,0,0,0,0,0,0,0,0,0,0,0,0,0,0,0,0,0,6517,1675,1506,115,16.0,3.2,7.2,2.4,2.4,2.4,2.4,3.2,7.2,2.4,2.4,2.4,2.4,311.00,415.59,138.59,134.09,416.25,416.25,0.95,310.06,311.00,0.00,293.90,201,6,0.8,0.1,0,0,0.0,0.0,0,
27.8.2026,17:29:37.488,8725,10529,45.3,6025,10284,36.9,2.4,2944,72,1.162,1.163,1.163,1.163,1.163,1.163,1.163,3770.8,3620.0,3620.0,3620.0,3620.0,4525.0,3620.0,100.0,682.7,304.3,68.1,193.6,346.6,646.6,238.0,701.3,902.0,67.5,4478.4,126.9,119.0,682.7,14.6,7.5,0.0,2.2,8.8,15.3,6.4,10.9,23.1,2.0,98.9,0.0,0.0,98.9,14.6,17.9,7.1,1.4,4.6,8.9,17.1,6.0,18.5,24.0,0.9,120.9,2.7,2.7,17.9,37.7,36.2,36.2,36.2,36.2,45.2,36.2,0.0,28.5,7.5,11.6,19.1,28.9,99.0,5.1,47.0,51.4,54.3,65.2,71.1,1.0,38.7,24.5,41.1,34.1,15.7,0.0,0.0,56.1,1600.0,16.00,16,18,18,36,74,560,1,42.5,43.3,38.8,34.1,31.5,31.1,33.6,34.5,43.0,31.0,31.4,31.4,30.2,25.0,1.163,0.994,1.169,14.483,5.971,14.484,21.864,39.214,1.937,0.959,1.127,1.728,2.280,4.747,0.782,17.192,5.934,23.125,39.357,1600.0,1600.0,4525.0,4525.0,4650.0,51.8,24.1,24.3,45.6,147.4,No,No,No,0.978,0.988,1.7,42.0,36.0,36.0,33.0,31.5,32.5,36.0,12.096,4.970,1.004,1.348,1.176,0.880,0.872,1.554,3.324,1.834,1094,756,552,547,1.057,1.261,34,34,41,79.0,100.0,No,No,80704,102356,0.0,0.0,0.0,0.000,0.000,45600,11168,48.6,48.0,58.7,48,48,48,48,48,46,48,46,50,83.0,0.825,12.090,12.182,12.074,12.061,12.043,0,0,103.676,67.889,138.827,22.050,77.552,67.424,14.114,138.827,28.231,25.208,98.772,290.000,320.000,1245.0,1156.5,1230.0,514.4,1335.0,1185.0,1244.8,1155.2,1335.4,100.0,10.0,0.0,0.0,20.4,19.0,75.9,0.0,0.0,0.0,0,0,Yes,No,No,No,No,Yes,No,57.6,58.3,4,0,0,0,0,0,0,0,0,122,0,0,0,0,0,0,0,0,0,0,0,0,0,0,0,0,0,0,0,0,6517,1675,1506,115,16.0,3.2,7.2,2.4,2.4,2.4,2.4,3.2,7.2,2.4,2.4,2.4,2.4,311.00,415.59,138.59,134.09,416.25,416.25,0.95,310.06,311.00,0.00,293.90,201,6,0.8,0.1,0,0,0.0,0.0,0,
27.8.2026,17:29:37.981,8721,10532,45.2,6031,10279,36.9,2.4,2944,72,1.178,1.163,1.181,1.181,1.181,1.181,1.181,3921.7,3620.0,3620.0,4525.0,4525.0,3620.0,3620.0,100.0,549.1,76.3,11.9,134.6,46.3,25.2,4522.1,470.4,300.4,530.6,397.4,42.3,31.8,549.1,17.6,3.1,12.6,0.0,0.0,0.0,99.9,17.0,10.9,13.5,7.7,23.5,23.3,99.9,17.6,14.7,1.5,0.3,3.5,1.2,0.7,122.2,12.6,8.0,14.2,10.7,1.1,0.8,14.7,39.2,36.2,36.2,45.2,45.2,36.2,36.2,0.0,23.2,1.8,3.9,99.8,15.8,15.7,1.8,31.3,5.3,26.1,0.0,56.6,84.3,15.5,45.6,92.9,70.0,0.2,27.6,0.0,82.7,1600.0,16.00,16,18,18,36,74,560,1,42.6,42.6,46.8,33.2,31.4,30.1,42.2,32.3,33.6,29.7,31.2,31.2,29.2,25.1,1.200,0.994,1.212,11.925,5.946,11.891,15.032,36.105,1.395,0.184,0.487,4.342,1.393,1.696,0.266,14.007,5.909,19.916,36.120,1600.0,1600.0,4525.0,4525.0,4650.0,47.5,19.8,16.7,44.9,166.5,No,No,No,0.216,0.190,1.4,42.0,36.0,36.0,33.0,31.5,32.5,36.0,12.120,4.970,1.002,1.348,1.178,0.880,0.872,1.552,3.324,1.836,1107,1544,553,559,1.057,1.246,34,34,41,79.0,100.0,No,No,80704,102356,0.0,0.0,0.0,0.000,0.000,45600,11168,49.6,50.0,59.6,49,48,50,50,50,48,48,48,50,83.0,0.825,12.086,12.176,12.071,12.058,12.040,0,0,166.620,67.606,138.383,21.966,77.422,67.139,14.075,138.383,28.168,24.182,98.739,290.000,320.000,1245.0,1156.5,1230.0,1245.0,1335.0,1185.0,1244.7,1155.4,1335.1,100.0,10.0,0.0,0.0,20.4,25.0,100.0,0.0,0.0,0.0,0,0,Yes,No,No,No,No,Yes,No,57.4,57.1,4,0,0,0,0,0,0,0,0,122,0,0,0,0,0,0,0,0,0,0,0,0,0,0,0,0,0,0,0,0,6517,1675,1506,115,16.0,3.4,7.2,2.6,2.6,2.6,2.6,3.4,7.2,2.6,2.6,2.6,2.6,294.31,382.82,138.05,133.86,383.16,383.16,0.71,293.48,294.31,0.00,244.16,201,6,0.0,0.0,0,0,0.0,0.0,0,
27.8.2026,17:29:38.488,8723,10530,45.3,6025,10284,36.9,2.4,2944,72,1.195,1.200,1.194,1.194,1.194,1.194,1.194,3921.7,3620.0,3620.0,3620.0,4525.0,4525.0,3620.0,100.0,556.9,40.9,12.3,101.8,78.7,424.2,190.8,649.1,594.6,14.0,4519.5,38.7,18.6,556.9,12.5,0.0,0.0,8.5,2.6,12.9,2.1,12.4,11.2,0.0,99.8,0.0,0.0,99.8,12.5,15.0,1.2,0.3,2.7,2.1,11.3,5.2,17.5,16.1,0.3,122.1,1.0,0.5,15.0,39.2,36.2,36.2,36.2,45.2,45.2,36.2,0.0,24.1,1.5,4.3,13.9,24.0,99.7,1.4,29.3,10.6,23.1,71.1,61.7,0.3,8.7,46.6,87.9,72.7,15.0,14.3,0.0,89.9,1600.0,16.00,16,18,18,36,74,560,1,42.9,43.3,43.2,33.3,30.1,30.2,32.6,34.2,42.9,29.7,31.1,31.1,30.5,25.4,1.181,0.994,1.194,12.342,5.911,12.319,15.578,36.343,1.446,0.202,0.484,1.367,2.055,4.378,0.192,14.536,5.874,20.410,36.622,1600.0,1600.0,4525.0,4525.0,4650.0,48.2,20.5,17.3,45.6,166.8,No,No,No,0.185,0.146,1.4,43.0,36.0,36.0,33.0,31.5,32.5,36.0,12.096,4.970,1.004,1.348,1.182,0.880,0.872,1.552,3.324,1.836,1150,1544,553,559,1.057,1.246,34,34,41,79.0,100.0,No,No,80704,102356,0.0,0.0,0.0,0.000,0.000,45600,11168,50.1,50.0,60.3,50,50,50,50,50,48,50,48,50,83.0,0.825,12.090,12.182,12.074,12.061,12.043,0,0,167.094,68.033,139.746,22.318,77.940,67.615,14.078,139.746,28.168,23.775,98.912,290.000,320.000,1245.0,1156.5,1230.0,1245.0,1335.0,1185.0,1244.7,1155.5,1335.2,100.0,10.0,0.0,0.0,20.4,23.0,92.0,0.0,0.0,0.0,0,0,Yes,No,No,No,No,Yes,No,57.9,58.3,4,0,0,0,0,0,0,0,0,122,0,0,0,0,0,0,0,0,0,0,0,0,0,0,0,0,0,0,0,0,6517,1675,1506,115,16.0,3.4,5.4,2.7,2.7,2.7,2.7,3.4,5.4,2.7,2.7,2.7,2.7,294.38,365.72,186.72,184.03,366.39,366.39,0.67,293.74,294.38,0.00,188.59,201,6,0.0,0.0,0,0,0.0,0.0,0,
27.8.2026,17:29:38.979,8722,10532,45.2,6032,10277,36.9,2.4,2944,72,1.189,1.163,1.194,1.194,1.194,1.194,1.194,3921.7,3620.0,3620.0,4525.0,4525.0,3620.0,3620.0,100.0,536.4,71.5,24.9,94.4,44.3,11.3,4524.0,448.3,488.5,489.0,169.4,33.7,37.9,536.4,19.2,2.3,16.9,3.4,5.2,0.0,99.9,11.1,12.0,12.3,5.1,31.2,31.3,99.9,19.2,14.4,1.1,0.6,2.5,1.1,0.3,122.2,12.1,13.2,13.1,4.5,0.8,1.0,14.4,39.2,36.2,36.2,45.2,45.2,36.2,36.2,0.0,23.4,1.7,3.4,99.8,20.8,12.8,1.7,35.3,14.7,18.0,0.0,76.2,87.2,15.7,41.3,83.6,78.6,0.2,3.0,0.0,82.6,1600.0,16.00,16,18,18,36,74,560,1,43.0,42.6,43.2,33.4,31.5,29.9,42.3,33.8,32.9,30.0,31.2,31.2,30.0,25.0,1.212,0.994,1.225,12.332,5.912,12.321,15.420,36.638,1.447,0.273,0.373,4.372,1.914,1.482,0.267,14.514,5.875,20.389,36.623,1600.0,1600.0,4525.0,4525.0,4650.0,48.2,20.5,17.1,44.8,166.4,No,No,No,0.224,0.212,1.4,43.0,36.0,36.0,33.0,31.5,32.5,36.0,12.096,4.970,1.004,1.348,1.182,0.880,0.872,1.552,3.324,1.836,1150,1544,553,559,1.056,1.257,34,34,41,79.0,100.0,No,No,80704,102356,0.0,0.0,0.0,0.000,0.000,45600,11168,50.4,50.0,60.7,50,50,50,50,50,50,50,48,52,83.0,0.819,12.087,12.177,12.072,12.058,12.040,0,0,166.719,67.145,137.426,21.761,77.212,66.598,14.087,137.426,28.178,24.313,97.304,290.000,320.000,1245.0,1156.5,1230.0,1245.0,1335.0,1185.0,1244.9,1155.3,1335.0,100.0,10.0,0.0,0.0,20.4,25.0,100.0,0.0,0.0,0.0,0,0,Yes,No,No,No,No,Yes,No,57.1,57.3,4,0,0,0,0,0,0,0,0,122,0,0,0,0,0,0,0,0,0,0,0,0,0,0,0,0,0,0,0,0,6517,1675,1506,115,16.0,3.8,5.4,3.0,3.0,3.0,3.0,3.8,5.4,3.0,3.0,3.0,3.0,266.54,332.00,185.75,183.97,333.01,333.01,0.68,265.79,266.54,0.00,132.94,201,6,0.3,0.4,0,0,0.0,0.0,0,
27.8.2026,17:29:39.491,8724,10529,45.3,6025,10284,36.9,2.4,2944,72,1.182,1.188,1.181,1.181,1.181,1.181,1.181,3921.7,3620.0,3620.0,4525.0,4525.0,3620.0,3620.0,100.0,539.4,69.7,10.3,79.2,26.4,7.8,4524.5,573.5,653.5,399.7,70.5,39.2,19.0,539.4,12.3,0.1,12.6,0.0,0.0,1.9,100.0,11.7,13.4,8.0,0.4,0.0,0.0,100.0,12.3,14.5,1.4,0.3,2.1,0.7,0.2,122.3,15.4,17.6,10.7,1.8,1.0,0.5,14.5,39.2,36.2,36.2,45.2,45.2,36.2,36.2,0.0,23.4,1.7,2.6,100.0,24.0,10.6,1.4,34.0,6.3,22.4,0.0,70.8,89.4,15.2,42.6,92.0,75.0,0.0,5.2,0.0,83.3,1600.0,16.00,16,18,18,36,74,560,1,43.0,42.6,43.8,33.4,31.5,29.9,42.4,34.3,32.3,29.9,31.2,31.2,30.8,25.9,1.212,0.994,1.219,12.294,5.934,12.299,15.246,36.550,1.452,0.190,0.378,4.384,2.131,1.368,0.260,14.474,5.897,20.371,36.622,1600.0,1600.0,4525.0,4525.0,4650.0,48.2,20.5,16.9,44.8,165.7,No,No,No,0.211,0.164,1.4,43.0,36.0,36.0,33.0,31.5,33.0,36.0,12.096,4.970,1.004,1.348,1.184,0.880,0.872,1.552,3.324,1.836,1150,767,550,546,1.056,1.257,34,34,41,79.0,100.0,No,No,80704,102356,0.0,0.0,0.0,0.000,0.000,45600,11168,50.5,52.0,60.7,50,50,50,50,50,52,50,48,52,83.0,0.819,12.087,12.178,12.072,12.058,12.040,0,0,165.910,66.828,137.450,21.750,77.294,66.546,14.087,137.450,28.171,24.557,94.146,290.000,320.000,1245.0,1156.5,1230.0,1245.0,1335.0,1185.0,1245.1,1155.1,1335.2,100.0,10.0,0.0,0.0,20.4,22.9,91.5,0.0,0.0,0.0,0,0,Yes,No,No,No,No,Yes,No,57.1,57.6,4,0,0,0,0,0,0,0,0,122,0,0,0,0,0,0,0,0,0,0,0,0,0,0,0,0,0,0,0,0,6517,1675,1506,115,16.0,3.7,4.0,3.5,3.5,3.5,3.5,3.7,4.0,3.5,3.5,3.5,3.5,272.07,282.83,251.27,250.69,282.83,282.83,0.84,271.24,272.07,0.00,55.03,201,6,2.5,0.3,0,0,0.0,0.0,0,
27.8.2026,17:29:39.983,8725,10529,45.3,6027,10282,36.9,2.4,2944,72,1.189,1.194,1.188,1.188,1.188,1.188,1.188,3921.7,3620.0,3620.0,4525.0,4525.0,3620.0,3620.0,100.0,532.0,83.1,29.6,129.1,39.5,50.0,4219.4,261.4,549.3,645.3,205.6,75.9,96.3,532.0,13.2,2.5,2.0,7.1,2.3,2.4,93.3,7.2,13.4,15.7,5.9,3.0,3.6,93.3,13.2,14.2,1.2,0.8,3.4,1.0,1.3,114.0,7.1,14.8,17.3,5.5,2.0,2.6,14.2,39.2,36.2,36.2,45.2,45.2,36.2,36.2,0.0,23.4,1.9,3.9,93.7,17.5,19.0,4.0,37.6,15.1,32.5,6.3,77.8,79.3,14.9,39.0,83.1,63.6,0.0,4.7,1.6,81.1,1600.0,16.00,16,18,18,36,74,560,1,43.1,42.5,43.8,33.5,31.7,30.3,41.8,33.9,33.1,30.2,31.2,31.2,30.5,25.7,1.212,0.994,1.219,12.356,5.956,12.365,15.427,36.711,1.483,0.303,0.543,4.165,1.872,1.641,0.375,14.517,5.918,20.435,36.706,1600.0,1600.0,4508.2,4508.2,4650.0,48.3,20.6,17.1,44.8,162.2,No,No,No,0.245,0.309,1.4,43.0,36.0,36.0,33.0,31.5,32.5,36.0,12.120,4.970,1.004,1.348,1.178,0.880,0.872,1.552,3.320,1.836,1161,767,550,546,1.056,1.242,34,34,41,79.0,100.0,No,No,80704,102356,0.0,0.0,0.0,0.000,0.000,45600,11168,50.7,52.0,61.1,50,50,50,52,50,50,50,50,52,83.0,0.819,12.086,12.176,12.071,12.057,12.040,0,0,161.665,67.120,137.331,21.746,77.317,66.444,14.098,137.331,28.207,24.517,97.093,290.000,320.000,1245.0,1156.5,1230.0,1245.0,1335.0,1185.0,1245.2,1154.9,1334.7,100.0,10.0,0.0,0.0,20.4,24.3,97.3,0.0,0.0,0.0,0,0,Yes,No,No,No,No,Yes,No,57.1,57.4,4,0,0,0,0,0,0,0,0,122,0,0,0,0,0,0,0,0,0,0,0,0,0,0,0,0,0,0,0,0,6517,1675,1506,115,16.0,4.0,4.6,3.5,3.5,3.5,3.5,4.0,4.6,3.5,3.5,3.5,3.5,249.80,282.11,216.93,216.32,282.76,282.76,0.86,248.93,249.80,0.00,33.07,201,6,0.1,0.1,0,0,0.0,0.0,0,
27.8.2026,17:29:40.492,8722,10531,45.3,6025,10285,36.9,2.4,2944,72,1.233,1.244,1.231,1.231,1.231,1.231,1.231,3875.0,3720.0,3720.0,4650.0,3720.0,3720.0,3720.0,100.0,529.3,146.5,103.9,64.6,39.6,11.2,4611.3,472.2,287.3,310.9,192.1,72.9,39.0,529.3,10.5,0.0,0.0,0.0,0.0,0.0,100.0,10.9,5.5,6.5,2.9,0.0,0.0,100.0,10.5,14.0,1.1,2.8,1.6,1.0,0.3,124.6,12.8,7.8,8.3,5.1,1.9,1.0,14.0,38.8,37.2,37.2,46.5,37.2,37.2,37.2,0.0,23.5,4.0,2.6,100.0,19.1,12.6,3.0,32.2,14.2,24.6,0.0,57.7,83.1,13.6,44.2,81.9,72.7,0.0,23.2,4.3,83.4,1600.0,16.00,16,18,18,36,74,560,1,43.6,44.3,45.0,33.8,32.4,30.0,44.3,33.1,33.1,30.1,31.4,31.4,29.8,25.3,1.231,0.994,1.238,12.625,5.920,12.646,16.217,37.556,1.561,0.447,0.444,4.943,1.666,1.518,0.347,15.381,5.883,21.264,37.527,1600.0,1600.0,4611.5,4611.5,4650.0,49.4,21.1,18.0,46.6,163.8,No,No,No,0.194,0.172,1.4,43.0,36.0,36.0,33.0,31.5,33.0,36.0,12.120,4.970,1.004,1.348,1.174,0.880,0.872,1.554,3.320,1.836,1161,767,551,545,1.056,1.242,34,34,41,79.0,100.0,No,No,80704,102356,0.0,0.0,0.0,0.000,0.000,45600,11168,51.2,52.0,61.4,51,50,52,52,52,50,50,50,52,83.0,0.819,12.083,12.171,12.069,12.054,12.037,0,0,161.789,67.160,137.345,21.750,77.301,66.455,14.095,137.345,28.202,24.426,97.522,290.000,320.000,1245.0,1156.5,1230.0,1245.0,1335.0,1185.0,1245.0,1155.5,1334.5,100.0,10.0,0.0,0.0,20.4,23.6,94.3,0.0,0.0,0.0,0,0,Yes,No,No,No,No,Yes,No,57.1,56.1,4,0,0,0,0,0,0,0,0,122,0,0,0,0,0,0,0,0,0,0,0,0,0,0,0,0,0,0,0,0,6517,1675,1506,115,16.0,4.1,4.6,3.3,3.3,3.3,3.3,4.1,4.6,3.4,3.3,3.3,3.3,244.34,298.57,216.25,216.25,300.24,300.24,0.83,243.49,244.34,0.00,67.05,201,6,0.4,0.0,0,0,0.0,0.0,0,
27.8.2026,17:29:40.986,8723,10530,45.3,6024,10285,36.9,2.4,2944,72,1.255,1.250,1.256,1.256,1.256,1.256,1.256,3875.0,3720.0,3720.0,4650.0,3720.0,3720.0,3720.0,100.0,532.1,58.7,12.5,133.4,25.5,4649.5,4.7,441.0,453.5,381.7,138.8,62.6,22.8,532.1,14.0,2.6,0.0,7.8,5.0,100.0,1.7,13.2,13.5,11.5,5.1,3.1,5.0,100.0,14.0,14.3,1.1,0.3,3.5,0.6,125.6,0.2,11.9,12.2,10.2,3.7,1.6,0.6,14.3,38.8,37.2,37.2,46.5,37.2,37.2,37.2,0.0,23.8,1.5,4.2,100.0,21.0,13.6,2.3,34.3,16.0,28.0,0.0,66.4,85.7,9.8,41.9,82.5,67.8,0.0,12.7,0.7,87.9,1600.0,16.00,16,18,18,36,74,560,1,44.2,45.2,46.0,34.1,32.2,30.6,45.2,33.7,33.0,30.2,31.6,31.6,30.0,26.2,1.256,0.994,1.262,13.033,5.967,13.019,16.890,38.129,1.670,0.327,0.591,5.213,1.944,1.639,0.305,16.137,5.930,22.067,38.293,1600.0,1600.0,4650.0,4650.0,4650.0,50.4,21.7,18.8,47.5,160.5,No,No,No,0.209,0.192,1.4,44.0,36.0,36.0,33.0,31.5,33.0,36.0,12.096,4.970,1.004,1.348,1.234,0.878,0.872,1.554,3.320,1.836,1135,767,551,545,1.056,1.259,34,34,42,79.0,100.0,No,No,80704,102356,0.0,0.0,0.0,0.000,0.121,45600,11168,51.2,52.0,61.4,51,50,50,52,50,50,52,50,52,83.0,0.819,12.085,12.173,12.070,12.056,12.039,0,0,165.118,66.688,137.247,21.705,77.187,66.478,14.074,137.247,28.161,24.464,93.628,290.000,320.000,1245.0,1156.5,1230.0,1245.0,1335.0,1185.0,1245.5,1155.2,1335.3,100.0,10.0,0.0,0.0,20.4,25.0,100.0,0.0,0.0,0.0,0,0,Yes,No,No,No,No,Yes,No,57.0,57.6,4,0,0,0,0,0,0,0,0,122,0,0,0,0,0,0,0,0,0,0,0,0,0,0,0,0,0,0,0,0,6517,1675,1506,115,16.0,4.3,6.0,3.2,3.2,3.2,3.2,4.3,6.0,3.2,3.2,3.2,3.2,233.29,315.11,167.24,166.34,317.12,317.12,0.78,232.56,233.29,0.00,111.40,201,6,4.5,2.2,0,0,0.0,0.0,0,
27.8.2026,17:29:41.495,8725,10529,45.3,6027,10283,36.9,2.4,2944,72,1.229,1.250,1.225,1.225,1.225,1.225,1.225,3875.0,3720.0,3720.0,4650.0,3720.0,3720.0,3720.0,100.0,536.5,50.7,15.9,88.2,50.5,4649.5,6.5,550.5,394.0,358.1,186.2,58.1,29.5,536.5,11.6,0.0,1.7,0.6,0.0,100.0,0.0,13.3,8.9,8.0,3.3,2.8,0.0,100.0,11.6,14.4,0.9,0.4,2.3,1.3,125.7,0.2,14.9,10.5,9.6,4.9,1.5,0.8,14.4,38.8,37.2,37.2,46.5,37.2,37.2,37.2,0.0,24.3,1.4,3.7,100.0,24.9,13.6,2.3,34.2,20.8,23.1,0.0,60.5,85.3,15.7,41.5,77.8,73.3,0.0,14.6,1.1,82.0,1600.0,16.00,16,18,18,36,74,560,1,44.6,45.3,46.2,34.3,32.4,30.4,45.3,34.2,33.3,30.3,31.7,31.7,30.5,25.8,1.250,0.994,1.262,13.136,5.922,13.117,17.345,38.401,1.706,0.369,0.505,5.224,2.150,1.630,0.359,16.272,5.885,22.157,38.380,1600.0,1600.0,4650.0,4650.0,4650.0,50.5,21.9,19.3,47.7,158.6,No,No,No,0.221,0.173,1.5,44.0,36.0,36.0,33.0,31.5,33.0,36.0,12.120,4.970,1.004,1.348,1.242,0.880,0.872,1.554,3.324,1.836,1135,765,552,558,1.056,1.259,34,34,42,79.0,100.0,No,No,80704,102356,0.0,0.0,0.0,0.000,0.000,45600,11168,51.5,52.0,61.9,52,52,50,52,52,52,52,50,52,83.0,0.819,12.088,12.180,12.073,12.059,12.041,0,0,165.382,67.329,137.788,21.838,77.339,66.818,14.125,137.788,28.248,24.556,97.462,290.000,320.000,1245.0,1156.5,1230.0,1245.0,1335.0,1185.0,1245.2,1154.8,1334.8,100.0,10.0,0.0,0.0,20.4,23.5,94.1,0.0,0.0,0.0,0,0,Yes,No,No,No,No,Yes,No,57.3,56.4,4,0,0,0,0,0,0,0,0,122,0,0,0,0,0,0,0,0,0,0,0,0,0,0,0,0,0,0,0,0,6517,1675,1506,115,16.0,4.3,6.0,2.8,2.7,2.7,2.7,4.3,6.0,2.8,2.7,2.7,2.7,233.14,363.36,165.82,165.81,367.38,367.38,0.63,232.46,233.14,0.00,183.97,201,6,0.4,0.1,0,0,0.0,0.0,0,
27.8.2026,17:29:41.989,8726,10527,45.3,6027,10282,36.9,2.4,2944,72,1.255,1.250,1.256,1.256,1.256,1.256,1.256,3875.0,3720.0,3720.0,4650.0,3720.0,3720.0,3720.0,100.0,529.6,69.9,15.7,235.5,81.0,4649.5,11.8,477.3,228.2,264.5,151.1,64.2,106.9,529.6,13.0,2.6,0.0,7.4,6.2,100.0,1.5,11.2,4.4,8.1,5.1,2.9,6.9,100.0,13.0,14.2,1.4,0.4,6.3,2.1,125.7,0.3,12.9,6.2,7.0,4.0,1.7,2.9,14.2,38.8,37.2,37.2,46.5,37.2,37.2,37.2,0.0,23.8,1.9,6.9,100.0,19.2,10.4,4.4,33.8,14.8,11.8,0.0,71.9,86.0,18.1,42.4,83.4,81.3,0.0,8.9,3.6,77.5,1600.0,16.00,16,18,18,36,74,560,1,44.9,45.2,46.0,34.3,32.3,30.9,45.2,33.8,32.8,30.7,31.7,31.7,30.8,24.8,1.250,0.994,1.262,13.039,5.924,13.064,16.700,38.490,1.663,0.341,0.638,5.229,1.813,1.481,0.473,16.148,5.887,22.035,38.312,1600.0,1600.0,4650.0,4650.0,4650.0,50.4,21.8,18.6,47.6,161.3,No,No,No,0.197,0.189,1.4,44.0,36.0,36.0,33.0,31.5,33.0,36.0,12.096,4.970,1.004,1.348,1.246,0.878,0.872,1.554,3.320,1.836,1181,749,552,558,1.056,1.265,34,34,42,79.0,100.0,No,No,80704,102356,0.0,0.0,0.0,0.000,0.128,45600,11168,51.0,52.0,61.4,51,52,50,50,52,50,52,50,52,83.0,0.819,12.116,12.207,12.102,12.084,12.070,0,0,165.494,52.446,94.206,13.160,57.773,50.525,13.567,94.206,27.131,23.889,97.555,290.000,320.000,1245.0,1156.5,1230.0,1245.0,1335.0,1185.0,1244.5,1155.4,1335.2,100.0,10.0,0.0,0.0,20.4,24.6,98.2,0.0,0.0,0.0,0,0,Yes,No,No,No,No,Yes,No,41.8,56.3,4,0,0,0,0,0,0,0,0,122,0,0,0,0,0,0,0,0,0,0,0,0,0,0,0,0,0,0,0,0,6517,1675,1506,115,16.0,3.6,6.0,2.6,2.6,2.6,2.6,3.6,5.9,2.6,2.6,2.6,2.6,274.45,380.92,167.98,166.03,383.09,383.09,0.90,273.49,274.45,0.00,209.20,201,6,0.0,0.0,0,0,0.0,0.0,0,
27.8.2026,17:29:42.480,8724,10529,45.3,6027,10282,36.9,2.4,2944,72,1.247,1.250,1.244,1.244,1.244,1.250,1.250,3875.0,3720.0,3720.0,4650.0,3720.0,3720.0,3720.0,100.0,517.2,80.6,16.9,154.5,44.0,4285.4,30.2,296.5,371.0,661.8,148.9,74.1,42.2,517.2,13.2,2.9,4.4,5.1,2.2,92.3,4.6,11.7,7.7,17.8,5.0,3.0,2.2,92.3,13.2,13.9,1.8,0.4,4.1,1.1,115.8,0.8,8.0,10.0,17.6,3.9,1.9,1.1,13.9,38.8,37.2,37.2,46.5,37.2,37.2,37.2,0.0,23.4,2.1,5.1,92.6,17.3,20.4,3.1,35.8,14.1,41.3,7.4,62.0,78.4,11.6,40.8,83.8,53.7,0.0,20.7,1.1,85.4,1600.0,16.00,16,18,18,36,74,560,1,45.0,44.9,45.2,34.1,32.3,30.8,44.3,33.3,34.0,30.2,31.7,31.7,30.5,25.7,1.256,0.994,1.262,12.984,5.972,12.952,16.278,37.951,1.654,0.336,0.740,4.911,1.641,1.942,0.354,15.984,5.935,21.919,38.130,1600.0,1600.0,4616.4,4616.4,4650.0,50.2,21.6,18.1,47.3,160.8,No,No,No,0.269,0.293,1.4,45.0,36.5,36.0,33.0,31.5,33.0,36.0,12.120,4.970,1.004,1.348,1.242,0.880,0.872,1.552,3.320,1.836,1181,749,550,545,1.056,1.265,34,34,42,79.0,100.0,No,No,80704,102356,0.0,0.0,0.0,0.000,0.000,45600,11168,51.8,52.0,62.0,52,52,50,52,52,52,52,50,52,83.0,0.819,12.087,12.178,12.072,12.058,12.041,0,0,161.615,67.257,137.596,21.774,77.274,66.791,14.136,137.596,28.272,24.553,97.320,290.000,320.000,1245.0,1156.5,1230.0,1245.0,1335.0,1185.0,1245.0,1155.1,1334.5,100.0,10.0,0.0,0.0,20.4,24.3,97.3,0.0,0.0,0.0,0,0,Yes,No,No,No,No,Yes,No,57.2,57.6,4,0,0,0,0,0,0,0,0,122,0,0,0,0,0,0,0,0,0,0,0,0,0,0,0,0,0,0,0,0,6517,1675,1506,115,16.0,3.9,9.7,2.4,2.4,2.4,2.4,3.9,9.7,2.4,2.4,2.4,2.4,258.34,413.30,103.38,100.54,416.46,416.46,0.79,257.70,258.34,0.00,299.76,201,6,2.3,0.2,0,0,0.0,0.0,0,
27.8.2026,17:29:42.991,8724,10529,45.3,6024,10285,36.9,2.4,2944,72,1.194,1.163,1.200,1.200,1.200,1.200,1.200,3823.3,3620.0,3680.0,4600.0,3680.0,3680.0,3680.0,100.0,505.6,65.1,7.8,95.8,40.7,4084.5,25.2,434.3,403.8,735.7,127.6,15.0,31.8,505.6,10.9,0.0,1.2,0.4,0.0,87.7,0.0,9.6,14.3,15.8,1.3,0.0,0.0,87.7,10.9,13.6,1.5,0.2,2.4,1.1,110.4,0.6,11.7,10.9,19.9,3.4,0.4,0.7,13.6,38.2,36.2,36.8,46.0,36.8,36.8,36.8,0.0,22.9,1.8,3.3,88.4,22.2,20.5,1.1,30.5,10.3,15.3,11.6,56.8,78.0,10.7,46.7,87.9,81.4,0.0,21.0,1.6,88.3,1600.0,16.00,16,18,18,36,74,560,1,45.1,44.8,42.5,34.0,32.2,30.2,43.8,33.6,33.9,30.1,31.6,31.6,30.5,25.9,1.212,0.994,1.244,12.310,5.948,12.322,15.497,37.604,1.530,0.280,0.376,4.704,1.840,1.761,0.218,15.132,5.911,21.042,37.302,1600.0,1600.0,4636.3,4636.3,4650.0,49.1,20.5,17.2,47.2,164.4,No,No,No,0.170,0.069,1.4,45.0,36.0,36.0,33.0,31.5,33.0,36.0,12.096,4.970,1.004,1.348,1.240,0.878,0.872,1.552,3.324,1.836,1192,764,551,545,1.056,1.247,34,34,42,79.0,100.0,No,No,80704,102356,0.0,0.1,0.1,0.000,0.208,45600,11168,52.0,52.0,62.1,52,52,52,52,52,52,52,50,52,83.0,0.819,12.089,12.180,12.073,12.060,12.042,0,0,161.516,67.363,137.884,21.875,77.402,66.838,14.137,137.884,28.282,24.525,97.439,290.000,320.000,1245.0,1156.5,1230.0,1245.0,1335.0,1185.0,1245.6,1155.9,1335.3,100.0,10.0,0.0,0.0,20.4,23.8,95.2,0.0,0.0,0.0,0,0,Yes,No,No,No,No,Yes,No,57.3,56.3,4,0,0,0,0,0,0,0,0,122,0,0,0,0,0,0,0,0,0,0,0,0,0,0,0,0,0,0,0,0,6517,1675,1506,115,16.0,3.7,11.5,2.2,2.2,2.2,2.2,3.7,11.5,2.2,2.2,2.2,2.2,266.88,446.45,87.30,84.00,450.11,450.11,0.66,266.03,266.88,0.00,349.58,201,6,0.0,0.0,0,0,0.0,0.0,0,
27.8.2026,17:29:43.480,8720,10533,45.2,6033,10277,36.9,2.4,2944,72,1.231,1.231,1.231,1.231,1.231,1.231,1.231,3875.0,3720.0,3720.0,4650.0,3720.0,3720.0,3720.0,100.0,516.9,57.7,17.5,123.8,63.0,4632.1,7.7,414.7,398.3,331.1,91.0,43.0,23.3,516.9,11.9,2.6,2.0,1.8,3.2,99.6,0.0,9.8,9.3,10.3,3.9,0.0,0.0,99.6,11.9,13.9,1.1,0.4,3.4,1.7,125.1,0.2,11.2,10.7,8.9,2.4,1.1,0.7,13.9,38.8,37.2,37.2,46.5,37.2,37.2,37.2,0.0,23.5,1.6,5.3,99.5,21.7,11.3,1.9,33.4,10.2,26.9,0.5,66.0,86.6,10.5,43.0,88.2,67.8,0.0,12.4,2.2,87.6,1600.0,16.00,16,18,18,36,74,560,1,45.1,44.9,44.5,34.1,32.1,30.7,44.9,33.8,33.0,30.2,31.7,31.7,31.0,25.8,1.225,0.994,1.238,12.772,5.944,12.818,16.159,37.814,1.610,0.259,0.575,5.152,1.921,1.486,0.269,15.763,5.907,21.670,37.966,1600.0,1600.0,4648.6,4648.6,4650.0,50.0,21.4,18.0,47.3,162.3,No,No,No,0.182,0.179,1.4,45.0,36.0,36.0,33.0,31.5,33.0,36.0,12.120,4.970,1.004,1.348,1.206,0.878,0.872,1.552,3.320,1.834,1192,764,551,558,1.056,1.247,34,34,42,79.0,100.0,No,No,80704,102356,0.0,0.0,0.0,0.000,0.000,45600,11168,52.2,52.0,62.4,52,52,52,52,52,52,52,50,52,83.0,0.819,12.087,12.178,12.072,12.057,12.040,0,0,165.560,67.374,137.970,21.897,77.419,66.859,14.123,137.970,28.243,24.293,97.594,290.000,320.000,1245.0,1156.5,1230.0,1245.0,1335.0,1185.0,1245.1,1155.3,1335.0,100.0,10.0,0.0,0.0,20.4,25.0,100.0,0.0,0.0,0.0,0,0,Yes,No,No,No,No,Yes,No,57.3,57.7,4,0,0,0,0,0,0,0,0,122,0,0,0,0,0,0,0,0,0,0,0,0,0,0,0,0,0,0,0,0,6517,1675,1506,115,16.0,3.9,18.5,2.2,2.1,2.1,2.1,3.9,18.5,2.2,2.1,2.1,2.1,258.42,462.87,53.96,50.21,467.04,467.04,0.78,257.59,258.42,0.00,408.49,201,6,0.8,0.3,0,0,0.0,0.0,0,
27.8.2026,17:29:43.993,8719,10534,45.2,6022,10288,36.9,2.4,2944,72,1.231,1.231,1.231,1.231,1.231,1.231,1.231,3875.0,3720.0,3720.0,4650.0,3720.0,3720.0,3720.0,100.0,529.7,57.4,16.8,84.3,52.6,4649.5,7.6,470.4,456.3,378.3,99.2,44.4,39.2,529.7,10.6,0.0,0.0,3.5,0.0,100.0,0.0,1.9,0.0,8.5,0.8,2.4,10.4,100.0,10.6,14.2,1.1,0.4,2.2,1.4,125.7,0.2,12.7,12.3,10.1,2.6,1.1,1.0,14.2,38.8,37.2,37.2,46.5,37.2,37.2,37.2,0.0,23.6,1.6,3.5,100.0,21.7,12.6,2.3,31.8,12.9,17.3,0.0,62.9,81.3,16.6,44.6,85.5,79.2,0.0,15.4,6.1,81.1,1600.0,16.00,16,18,18,36,74,560,1,45.2,45.3,44.8,34.2,32.3,30.4,45.3,33.9,33.0,30.3,31.7,31.7,31.0,25.2,1.231,0.994,1.238,12.672,5.954,12.663,16.499,37.925,1.629,0.289,0.440,5.219,1.948,1.521,0.358,15.682,5.917,21.599,37.832,1600.0,1600.0,4650.0,4650.0,4650.0,49.8,21.1,18.3,47.7,160.0,No,No,No,0.199,0.168,1.4,45.0,36.0,36.0,33.0,31.5,33.0,36.0,12.120,4.970,1.004,1.348,1.232,0.878,0.872,1.552,3.320,1.836,1207,749,550,546,1.056,1.243,34,34,41,79.0,100.0,No,No,80704,102356,0.0,0.0,0.0,0.000,0.000,45600,11168,52.4,52.0,62.7,52,52,52,52,52,52,52,50,52,83.0,0.819,12.087,12.176,12.072,12.057,12.040,0,0,165.629,66.833,137.571,21.784,77.214,66.738,14.099,137.571,28.195,23.863,94.463,290.000,320.000,1245.0,1156.5,1230.0,1245.0,1335.0,1185.0,1245.0,1155.6,1335.1,100.0,10.0,0.0,0.0,20.4,25.0,100.0,0.0,0.0,0.0,0,0,Yes,No,No,No,No,Yes,No,57.2,56.5,4,0,0,0,0,0,0,0,0,122,0,0,0,0,0,0,0,0,0,0,0,0,0,0,0,0,0,0,0,0,6517,1675,1506,115,16.0,3.8,46.9,2.0,1.9,1.9,1.9,3.7,46.2,2.0,1.9,1.9,1.9,266.52,511.72,21.31,16.81,516.72,516.72,0.76,265.94,266.52,0.00,475.38,201,6,6.5,0.2,0,0,0.0,0.0,0,
27.8.2026,17:29:44.488,8744,10509,45.4,6036,10273,37.0,2.4,2944,72,1.213,1.231,1.206,1.206,1.206,1.212,1.212,4089.2,3720.0,4525.0,3620.0,4525.0,4525.0,3620.0,100.0,544.0,72.2,29.6,128.0,81.0,4538.4,32.7,502.1,456.2,453.3,117.1,89.3,28.3,544.0,15.5,2.4,2.2,4.5,3.5,97.8,5.0,24.0,24.6,11.6,4.5,3.8,2.1,97.8,15.5,14.4,1.0,0.8,3.2,2.1,122.9,0.9,13.6,12.1,10.4,3.1,2.4,0.7,14.4,40.9,37.2,45.2,36.2,45.2,45.2,36.2,0.0,24.3,1.8,4.8,98.5,24.7,13.1,3.1,33.4,10.1,29.9,1.5,62.2,82.0,14.6,42.3,88.1,65.3,0.0,13.1,4.9,82.2,1600.0,16.00,16,18,18,36,74,560,1,45.2,45.2,44.8,34.2,32.2,30.5,45.2,34.1,33.0,30.4,31.7,31.7,31.0,25.7,1.231,0.994,1.225,13.067,5.915,13.016,17.115,38.078,1.705,0.276,0.648,5.170,2.094,1.626,0.414,16.167,5.878,22.044,38.231,1600.0,1600.0,4649.2,4649.2,4650.0,50.3,21.7,19.0,47.5,158.6,No,No,No,0.226,0.204,1.5,45.0,36.0,36.0,33.0,31.5,33.0,36.0,12.120,4.970,1.004,1.348,1.236,0.878,0.872,1.552,3.320,1.836,1181,749,550,546,1.056,1.243,34,34,41,79.0,100.0,No,No,80704,102356,0.0,0.0,0.0,0.000,0.000,45600,11168,52.2,52.0,62.4,52,52,52,52,52,52,52,50,52,83.0,0.819,12.089,12.181,12.074,12.060,12.041,0,0,161.422,66.973,136.978,21.657,77.042,66.556,14.148,136.978,28.303,23.746,97.343,290.000,320.000,1245.0,1156.5,1230.0,1245.0,1335.0,1185.0,1245.2,1155.1,1334.9,95.0,10.0,0.0,0.0,20.4,25.0,100.0,0.0,0.0,0.0,0,0,Yes,No,No,No,No,Yes,No,57.0,56.4,4,0,0,0,0,0,0,0,0,122,0,0,0,0,0,0,0,0,0,0,0,0,0,0,0,0,0,0,0,0,6517,1675,1506,115,16.0,3.0,39.0,1.9,1.9,1.9,1.9,3.0,38.5,1.9,1.9,1.9,1.9,338.88,516.06,25.64,17.22,516.72,516.72,0.81,338.03,338.88,0.00,489.16,201,6,6.8,0.4,0,0,0.0,0.0,0,
27.8.2026,17:29:44.983,8723,10530,45.3,6024,10285,36.9,2.4,2944,72,1.168,1.194,1.163,1.163,1.163,1.163,1.163,3770.8,3620.0,3620.0,3620.0,3620.0,4525.0,3620.0,100.0,520.5,44.7,10.8,109.4,71.7,355.0,289.2,507.1,405.0,4264.8,22.1,59.2,107.7,520.5,10.9,1.4,0.0,0.2,2.1,8.5,6.9,8.9,6.7,95.4,0.9,0.0,0.0,95.4,10.9,14.0,1.0,0.3,3.1,1.9,9.5,7.7,13.7,11.1,115.1,0.6,1.5,2.8,14.0,37.7,36.2,36.2,36.2,36.2,45.2,36.2,0.0,23.5,1.4,4.4,14.5,20.8,95.7,4.1,38.0,20.7,29.5,83.7,65.0,4.3,24.9,38.5,77.9,66.2,1.8,14.2,0.0,71.0,1600.0,16.00,16,18,18,36,74,560,1,45.2,43.2,40.0,33.7,30.7,30.4,33.4,34.5,42.6,30.6,31.4,31.4,30.2,26.1,1.163,0.994,1.169,12.454,5.952,12.512,15.896,37.020,1.486,0.307,0.497,1.561,1.873,4.231,0.445,14.684,5.915,20.599,36.932,1600.0,1600.0,4525.4,4525.4,4650.0,48.6,20.9,17.7,45.5,163.6,No,No,No,0.230,0.292,1.4,45.0,36.0,36.0,33.0,31.5,33.0,36.0,12.096,4.960,1.004,1.348,1.234,0.878,0.872,1.552,3.324,1.836,1181,749,551,559,1.057,1.241,34,34,41,79.0,100.0,No,No,80704,102356,0.0,0.0,0.0,0.000,0.000,45600,11168,52.6,54.0,62.8,52,52,52,52,54,52,54,52,52,83.0,0.819,12.082,12.168,12.069,12.054,12.037,0,0,161.357,67.072,136.971,21.684,77.037,66.466,14.119,136.971,28.241,24.554,97.604,290.000,320.000,1245.0,1156.5,1230.0,1245.0,1335.0,1185.0,1245.5,1155.1,1334.6,100.0,10.0,0.0,0.0,20.4,25.0,100.0,0.0,0.0,0.0,0,0,Yes,No,No,No,No,Yes,No,57.3,57.7,4,0,0,0,0,0,0,0,0,122,0,0,0,0,0,0,0,0,0,0,0,0,0,0,0,0,0,0,0,0,6517,1675,1506,115,16.0,3.0,23.7,2.1,2.1,2.1,2.1,3.1,23.8,2.1,2.1,2.1,2.1,327.89,483.27,42.12,34.32,483.61,483.61,0.64,327.17,327.89,0.00,450.18,201,6,0.9,0.0,0,0,0.0,0.0,0,
27.8.2026,17:29:45.489,8721,10533,45.2,6022,10287,36.9,2.4,2944,72,1.173,1.163,1.194,1.194,1.163,1.163,1.163,3770.8,3620.0,3620.0,4525.0,3620.0,3620.0,3620.0,100.0,531.7,55.4,13.5,95.4,53.4,8.1,4522.9,419.5,537.3,400.9,212.3,50.6,11.1,531.7,14.0,0.0,18.7,3.3,0.0,0.0,99.9,10.4,10.3,7.4,3.0,5.1,9.6,99.9,14.0,14.3,1.0,0.3,2.5,1.4,0.2,122.2,11.3,14.5,10.8,5.6,1.3,0.3,14.3,37.7,36.2,36.2,45.2,36.2,36.2,36.2,0.0,23.6,1.4,3.7,99.8,21.4,13.9,1.5,32.7,10.4,19.6,0.2,66.6,86.1,13.2,43.7,88.1,76.7,0.0,12.0,0.0,85.3,1600.0,16.00,16,18,18,36,74,560,1,45.1,42.7,42.8,33.6,31.6,30.3,42.5,34.1,33.1,30.0,31.4,31.4,30.2,25.4,1.163,0.994,1.169,12.175,5.950,12.173,15.226,36.529,1.429,0.214,0.408,4.341,1.888,1.487,0.239,14.308,5.913,20.221,36.462,1600.0,1600.0,4525.0,4525.0,4650.0,48.0,20.3,16.9,45.0,165.9,No,No,No,0.194,0.170,1.4,45.0,35.5,36.0,33.0,32.0,33.0,36.0,12.120,4.970,1.004,1.348,1.170,0.878,0.872,1.554,3.324,1.836,1182,749,551,559,1.056,1.264,34,34,41,79.0,100.0,No,No,80704,102356,0.0,0.0,0.0,0.000,0.000,45600,11168,52.9,52.0,63.1,52,52,52,52,52,52,54,52,52,83.0,0.819,12.092,12.185,12.076,12.063,12.044,0,0,164.365,67.465,138.210,21.921,77.482,67.096,14.152,138.210,28.320,24.186,97.611,290.000,320.000,1245.0,1156.5,1230.0,1245.0,1335.0,1185.0,1245.4,1155.5,1334.9,100.0,10.0,0.0,0.0,20.4,25.0,100.0,0.0,0.0,0.0,0,0,Yes,No,No,No,No,Yes,No,57.4,56.6,4,0,0,0,0,0,0,0,0,122,0,0,0,0,0,0,0,0,0,0,0,0,0,0,0,0,0,0,0,0,6517,1675,1506,115,16.0,3.1,13.4,2.1,2.1,2.1,2.1,3.1,13.5,2.1,2.1,2.1,2.1,327.77,466.27,74.40,67.50,466.61,466.61,0.68,327.07,327.77,0.00,405.47,201,6,1.6,0.1,0,0,0.0,0.0,0,
27.8.2026,17:29:45.984,8723,10531,45.3,6022,10287,36.9,2.4,2944,72,1.178,1.163,1.181,1.181,1.181,1.181,1.181,3770.8,3620.0,3620.0,4525.0,3620.0,3620.0,3620.0,100.0,529.5,43.0,6.2,289.0,199.5,18.9,4524.5,516.4,34.2,405.2,222.0,64.0,30.8,529.5,12.9,2.4,0.0,7.8,2.9,1.8,100.0,7.2,2.2,10.5,6.4,11.0,2.1,100.0,12.9,14.3,1.0,0.1,7.7,5.3,0.5,122.3,13.9,0.9,10.8,5.9,1.7,0.8,14.3,37.7,36.2,36.2,45.2,36.2,36.2,36.2,0.0,22.9,1.2,7.6,100.0,12.0,14.1,2.3,35.5,7.0,33.4,0.0,77.1,85.9,9.4,41.7,91.8,59.0,0.0,11.0,0.0,88.4,1600.0,16.00,16,18,18,36,74,560,1,45.0,42.7,43.0,33.5,31.6,31.2,42.6,32.6,33.2,29.9,31.4,31.4,30.0,25.7,1.175,0.994,1.181,11.986,5.931,11.983,14.679,36.196,1.416,0.172,0.871,4.365,1.379,1.470,0.237,14.072,5.894,19.966,36.206,1600.0,1600.0,4525.0,4525.0,4650.0,47.6,20.0,16.3,45.0,165.0,No,No,No,0.187,0.187,1.4,45.0,36.0,36.0,33.0,32.0,33.0,36.0,12.120,4.970,1.004,1.348,1.176,0.878,0.872,1.554,3.324,1.836,1182,1520,550,546,1.056,1.264,34,34,41,79.0,100.0,No,No,80704,102356,0.0,0.0,0.0,0.000,0.095,45600,11168,52.9,54.0,63.1,52,52,52,52,54,52,54,52,52,83.0,0.819,12.091,12.183,12.075,12.062,12.043,0,0,165.810,67.463,138.355,21.967,77.520,67.219,14.186,138.355,28.371,23.576,97.614,290.000,320.000,1245.0,1156.5,1230.0,1245.0,1335.0,1185.0,1244.8,1154.9,1334.4,100.0,10.0,0.0,0.0,20.4,25.0,100.0,0.0,0.0,0.0,0,0,Yes,No,No,No,No,Yes,No,57.5,57.8,4,0,0,0,0,0,0,0,0,122,0,0,0,0,0,0,0,0,0,0,0,0,0,0,0,0,0,0,0,0,6517,1675,1506,115,16.0,3.2,11.1,2.2,2.2,2.2,2.2,3.2,11.1,2.2,2.2,2.2,2.2,311.16,448.96,89.92,84.22,449.96,449.96,0.68,310.50,311.16,0.00,355.38,201,6,0.3,0.4,0,0,0.0,0.0,0,
27.8.2026,17:29:46.491,8721,10533,45.2,6022,10287,36.9,2.4,2944,72,1.166,1.181,1.163,1.163,1.163,1.163,1.163,3770.8,3620.0,3620.0,3620.0,3620.0,4525.0,3620.0,100.0,541.4,81.5,17.2,107.1,52.9,353.3,874.0,783.9,303.7,37.1,3786.3,69.3,30.1,541.4,13.8,2.5,18.5,0.3,0.0,8.8,19.8,20.6,7.6,1.7,84.5,0.0,1.5,84.5,13.8,14.5,1.7,0.4,2.8,1.4,9.4,23.6,21.2,8.2,0.9,102.3,1.8,0.8,14.5,37.7,36.2,36.2,36.2,36.2,45.2,36.2,0.0,23.0,2.2,3.8,27.0,18.3,84.6,2.3,31.2,10.6,28.4,71.0,50.8,15.4,10.9,45.8,87.3,67.8,2.0,30.9,0.0,86.8,1600.0,16.00,16,18,18,36,74,560,1,45.0,43.7,40.2,33.5,30.8,30.3,35.2,33.4,41.3,30.1,31.4,31.4,30.5,25.4,1.163,0.994,1.169,12.207,5.939,12.210,15.075,36.586,1.433,0.248,0.503,2.032,1.678,3.863,0.272,14.456,5.902,20.358,36.603,1600.0,1600.0,4542.7,4542.7,4650.0,48.2,20.3,16.8,46.0,167.2,No,No,No,0.203,0.169,1.4,45.0,36.0,36.0,33.0,31.5,33.0,36.0,12.096,4.960,1.004,1.348,1.170,0.878,0.872,1.554,3.324,1.836,1182,1520,550,546,1.056,1.259,34,34,41,79.0,100.0,No,No,80704,102356,0.0,0.0,0.0,0.000,0.000,45600,11168,53.2,54.0,63.4,52,54,52,52,52,52,54,52,52,83.0,0.819,12.089,12.180,12.074,12.061,12.042,0,0,166.037,67.551,138.271,22.009,77.467,67.178,14.209,138.271,28.424,24.524,97.607,290.000,320.000,1245.0,1156.5,1230.0,1245.0,1335.0,1185.0,1245.1,1155.4,1334.7,100.0,10.0,0.0,0.0,20.4,25.0,100.0,0.0,0.0,0.0,0,0,Yes,No,No,No,No,Yes,No,57.5,24.4,4,0,0,0,0,0,0,0,0,122,0,0,0,0,0,0,0,0,0,0,0,0,0,0,0,0,0,0,0,0,6517,1675,1506,115,16.0,3.8,8.4,2.4,2.4,2.4,2.4,3.8,8.4,2.4,2.4,2.4,2.4,266.53,413.32,119.74,117.04,416.32,416.32,0.92,265.66,266.53,0.00,291.69,201,6,3.3,0.4,0,0,0.0,0.0,0,
27.8.2026,17:29:46.986,8724,10529,45.3,6025,10284,36.9,2.4,2944,72,1.162,1.163,1.163,1.163,1.163,1.163,1.163,3770.8,3620.0,3620.0,3620.0,3620.0,4525.0,3620.0,100.0,509.5,92.6,41.6,151.0,65.1,187.3,2834.3,640.5,157.1,407.1,1419.7,74.1,43.4,509.5,11.2,0.1,0.0,4.9,8.6,5.7,62.2,13.0,1.9,7.8,30.3,0.0,0.0,62.2,11.2,13.7,1.8,1.1,4.0,1.7,5.0,76.6,17.3,4.2,10.9,38.3,2.0,1.1,13.7,37.7,36.2,36.2,36.2,36.2,45.2,36.2,0.0,22.1,2.4,5.1,66.8,15.0,40.4,2.9,35.7,10.3,34.8,33.2,63.4,59.6,13.0,42.2,87.2,60.1,0.0,21.6,0.0,84.1,1600.0,16.00,16,18,18,36,74,560,1,44.9,42.4,39.8,33.3,31.3,30.6,38.9,33.1,36.0,30.0,31.4,31.4,30.0,25.6,1.181,0.994,1.188,11.906,5.972,11.908,14.229,36.167,1.387,0.271,0.627,3.253,1.514,2.356,0.300,13.955,5.934,19.890,36.153,1600.0,1600.0,4501.5,4501.5,4650.0,47.6,19.8,15.8,44.6,167.0,No,No,No,0.247,0.323,1.3,45.0,36.0,36.0,33.0,31.5,33.0,36.0,12.168,4.980,1.004,1.348,1.160,0.878,0.872,1.554,3.324,1.836,1182,762,551,559,1.056,1.259,34,34,41,79.0,100.0,No,No,80704,102356,0.0,0.0,0.0,0.000,0.000,45600,11168,53.2,54.0,63.5,52,52,52,54,54,52,52,52,52,83.0,0.819,12.085,12.174,12.071,12.056,12.039,0,0,161.242,67.082,137.173,21.755,77.071,66.647,14.170,137.173,28.337,23.757,97.654,290.000,320.000,1245.0,1156.5,1230.0,1245.0,1335.0,1185.0,1245.6,1155.7,1335.4,100.0,10.0,0.0,0.0,20.4,25.0,100.0,0.0,0.0,0.0,0,0,Yes,No,No,No,No,Yes,No,57.1,56.2,4,0,0,0,0,0,0,0,0,122,0,0,0,0,0,0,0,0,0,0,0,0,0,0,0,0,0,0,0,0,6517,1675,1506,115,16.0,3.3,8.2,2.4,2.4,2.4,2.4,3.3,8.2,2.4,2.4,2.4,2.4,305.45,415.65,122.17,117.37,416.32,416.32,0.93,304.57,305.45,0.00,288.69,201,6,0.0,0.1,0,0,0.0,0.0,0,
27.8.2026,17:29:47.495,8724,10529,45.3,6025,10284,36.9,2.4,2944,72,1.166,1.181,1.163,1.163,1.163,1.163,1.163,3770.8,3620.0,3620.0,4525.0,3620.0,3620.0,3620.0,100.0,528.9,104.7,25.8,181.8,37.9,16.7,4523.7,917.8,11.8,328.7,130.9,30.9,36.7,528.9,15.2,3.1,17.1,5.5,0.0,0.0,99.9,19.1,1.6,8.8,4.4,5.0,17.3,99.9,15.2,14.2,1.9,0.7,4.8,1.0,0.4,122.2,24.8,0.3,8.8,3.5,0.8,1.0,14.2,37.7,36.2,36.2,45.2,36.2,36.2,36.2,0.0,23.4,2.5,5.1,99.9,20.6,10.4,1.7,31.3,9.2,20.2,0.1,58.9,89.6,9.6,45.4,88.3,74.7,0.0,20.5,0.0,88.7,1600.0,16.00,16,18,18,36,74,560,1,44.8,42.7,42.5,33.5,31.8,30.6,42.5,33.5,32.7,29.9,31.3,31.3,30.5,25.2,1.163,0.994,1.169,12.035,5.951,12.039,15.000,36.292,1.415,0.273,0.503,4.374,1.783,1.342,0.217,14.166,5.914,20.080,36.325,1600.0,1600.0,4525.0,4525.0,4650.0,47.8,20.1,16.7,45.0,166.1,No,No,No,0.196,0.170,1.4,44.0,36.0,36.0,33.0,32.0,33.0,36.0,12.096,4.970,1.004,1.348,1.174,0.876,0.872,1.554,3.324,1.836,1214,1520,551,559,1.057,1.250,34,34,41,79.0,100.0,No,No,80704,102356,0.0,0.0,0.0,0.000,0.000,45600,11168,53.3,54.0,63.5,53,52,52,52,54,54,54,52,52,83.0,0.819,12.085,12.174,12.071,12.057,12.039,0,0,161.183,66.241,136.764,21.730,76.845,66.520,14.170,136.764,28.356,17.475,97.541,290.000,320.000,1245.0,1156.5,1230.0,1245.0,1335.0,1185.0,1245.7,1155.8,1335.6,100.0,10.0,0.0,0.0,20.4,25.0,100.0,0.0,0.0,0.0,0,0,Yes,No,No,No,No,Yes,No,56.9,58.0,4,0,0,0,0,0,0,0,0,122,0,0,0,0,0,0,0,0,0,0,0,0,0,0,0,0,0,0,0,0,6517,1675,1506,115,16.0,3.7,7.4,2.6,2.6,2.6,2.6,3.7,7.4,2.6,2.6,2.6,2.6,266.71,382.69,134.87,133.51,383.18,383.18,0.77,265.94,266.71,0.00,233.27,201,6,0.9,0.0,0,0,0.0,0.0,0,
27.8.2026,17:29:48.003,8723,10530,45.3,6023,10287,36.9,2.4,2944,72,1.168,1.194,1.163,1.163,1.163,1.163,1.163,3770.8,3620.0,3620.0,4525.0,3620.0,3620.0,3620.0,100.0,542.5,80.8,32.8,110.5,70.6,8.6,4524.5,657.7,229.6,524.0,165.1,82.0,23.7,542.5,11.9,0.1,0.0,0.0,3.1,1.7,100.0,18.5,6.5,10.4,2.3,0.3,0.0,100.0,11.9,14.6,1.8,0.9,2.9,1.9,0.2,122.3,17.7,6.2,14.1,4.4,2.2,0.6,14.6,37.7,36.2,36.2,45.2,36.2,36.2,36.2,0.0,23.9,2.2,4.3,100.0,19.8,14.8,2.5,31.3,7.7,20.5,0.0,64.0,82.4,13.2,44.8,90.1,75.2,0.0,16.2,2.8,84.3,1600.0,16.00,16,18,18,36,74,560,1,44.6,42.8,42.5,33.6,31.7,30.1,42.6,34.0,32.8,30.1,31.3,31.3,30.8,26.3,1.188,0.994,1.169,12.053,5.965,12.046,15.572,36.199,1.455,0.212,0.436,4.384,1.975,1.418,0.304,14.195,5.928,20.123,36.359,1600.0,1600.0,4525.0,4525.0,4650.0,47.8,20.1,17.3,45.1,161.9,No,No,No,0.189,0.187,1.4,44.0,36.0,36.0,33.0,32.0,33.0,36.0,12.096,4.970,1.004,1.348,1.176,0.876,0.872,1.554,3.320,1.836,1214,1520,551,559,1.057,1.250,34,34,41,79.0,100.0,No,No,80704,102356,0.0,0.0,0.0,0.000,0.000,45600,11168,53.6,54.0,63.8,54,54,54,52,54,54,54,52,54,83.0,0.819,12.089,12.180,12.074,12.060,12.042,0,0,165.899,67.227,137.341,21.803,77.081,66.837,14.198,137.341,28.400,24.281,97.759,290.000,320.000,1245.0,1156.5,1230.0,1245.0,1335.0,1185.0,1244.9,1155.8,1335.4,100.0,10.0,0.0,0.0,20.4,25.0,100.0,0.0,0.0,0.0,0,0,Yes,No,No,No,No,Yes,No,57.2,56.5,4,0,0,0,0,0,0,0,0,122,0,0,0,0,0,0,0,0,0,0,0,0,0,0,0,0,0,0,0,0,6517,1675,1506,115,16.0,4.3,5.4,3.5,3.5,3.5,3.5,4.3,5.4,3.5,3.5,3.5,3.5,233.40,282.11,184.52,183.62,283.10,283.10,0.53,232.88,233.40,0.00,111.01,201,6,0.0,0.0,0,0,0.0,0.0,0,
27.8.2026,17:29:48.511,8724,10529,45.3,6025,10284,36.9,2.4,2944,72,1.235,1.256,1.231,1.231,1.231,1.231,1.231,3875.0,3720.0,3720.0,4650.0,3720.0,3720.0,3720.0,100.0,524.6,102.5,24.2,160.2,20.4,10.2,4622.5,530.4,9.2,497.1,203.0,93.3,22.3,524.6,13.6,3.2,4.9,11.0,2.0,0.0,100.0,10.0,0.0,14.5,6.4,3.9,7.6,100.0,13.6,14.1,1.8,0.6,4.2,0.5,0.3,124.9,14.3,0.2,13.3,5.4,2.5,0.6,14.1,38.8,37.2,37.2,46.5,37.2,37.2,37.2,0.0,23.8,2.4,4.8,100.0,14.4,17.8,3.1,30.2,9.5,24.6,0.0,64.8,72.3,10.0,46.0,88.1,70.6,0.0,20.8,9.9,86.9,1600.0,16.00,16,18,18,36,74,560,1,44.9,44.5,45.2,34.0,32.1,30.6,44.5,33.4,32.9,30.2,31.5,31.5,30.5,26.1,1.231,0.994,1.238,12.827,5.928,12.821,16.286,37.889,1.566,0.302,0.566,5.005,1.637,1.571,0.312,15.707,5.891,21.598,37.828,1600.0,1600.0,4622.7,4622.7,4650.0,49.8,21.4,18.1,46.9,166.6,No,No,No,0.192,0.174,1.4,44.0,36.0,36.0,33.0,32.0,33.0,36.0,12.120,4.970,1.004,1.348,1.240,0.876,0.872,1.552,3.324,1.836,1178,747,550,546,1.056,1.245,34,34,41,79.0,100.0,No,No,80704,102356,0.0,0.0,0.0,0.000,0.000,45600,11168,49.6,52.0,60.0,52,52,52,52,52,52,52,52,52,83.0,0.819,12.141,12.236,12.126,12.105,12.096,0,0,166.049,29.702,63.209,7.012,43.666,39.076,13.233,63.209,26.464,2.268,9.177,290.000,320.000,1245.0,1156.5,1230.0,1245.0,1335.0,1185.0,1244.8,1155.3,1334.8,100.0,10.0,0.0,0.0,17.3,25.0,100.0,0.0,0.0,0.0,0,0,Yes,No,No,No,No,Yes,No,30.9,22.9,4,0,0,0,0,0,0,0,0,122,0,0,0,0,0,0,0,0,0,0,0,0,0,0,0,0,0,0,0,0,6773,1419,1250,115,16.0,4.0,4.3,3.8,3.8,3.8,3.8,4.0,4.3,3.8,3.8,3.7,3.7,249.92,265.92,233.92,233.63,266.24,266.24,0.63,249.25,249.92,0.00,41.42,201,6,0.3,0.4,0,0,0.0,0.0,0,
27.8.2026,17:29:49.012,6361,12892,33.0,5305,11004,32.5,2.4,2944,72,1.250,1.250,1.250,1.250,1.250,1.250,1.250,3875.0,3720.0,3720.0,4650.0,3720.0,3720.0,3720.0,100.0,572.5,313.2,66.1,316.2,240.7,62.9,4187.6,701.6,38.7,618.1,187.4,72.4,64.7,572.5,13.8,5.3,0.3,7.0,7.8,5.7,90.0,22.4,5.4,14.5,3.5,3.4,0.2,90.0,13.8,15.2,6.7,1.7,8.4,6.3,1.6,113.1,18.9,1.0,16.5,4.9,1.9,1.7,15.2,38.8,37.2,37.2,46.5,37.2,37.2,37.2,0.0,26.2,8.4,14.5,91.4,19.1,20.4,3.7,38.2,28.0,35.0,8.6,54.3,79.3,24.3,35.5,63.6,50.5,0.0,26.6,0.3,72.0,1600.0,16.00,16,18,18,36,74,560,1,45.0,43.9,41.2,34.3,33.2,31.5,43.6,33.4,33.8,30.6,31.8,31.8,30.2,24.7,1.237,0.994,1.250,14.547,6.164,14.521,19.229,40.226,1.858,0.772,1.108,5.191,1.679,1.867,0.531,17.925,6.126,24.050,40.438,1600.0,1600.0,4615.9,4615.9,4650.0,53.2,24.2,21.4,46.2,160.3,No,No,No,1.180,1.892,1.6,44.0,36.0,36.0,33.0,32.0,33.0,36.0,12.168,4.990,1.004,1.348,1.236,0.876,0.872,1.554,3.320,1.834,1173,747,550,546,1.056,1.245,34,34,41,79.0,100.0,No,No,80704,102356,0.0,0.1,0.1,0.000,0.073,45600,11168,46.8,52.0,56.8,52,52,52,52,52,52,52,50,52,83.0,0.819,12.157,12.256,12.141,12.119,12.111,0,0,131.894,21.596,39.616,2.267,33.096,30.346,13.056,39.616,26.126,2.021,8.220,290.000,320.000,1245.0,1187.7,1230.0,1245.0,1335.0,1185.0,1245.5,1186.6,1334.9,0.0,0.0,0.0,0.0,9.0,0.0,0.1,0.0,0.0,0.0,0,0,Yes,No,No,No,No,Yes,No,22.7,22.8,4,0,0,0,0,0,0,0,0,122,0,0,0,0,0,0,0,0,0,0,0,0,0,0,0,0,0,0,0,0,7458,734,565,41,16.0,3.7,3.8,3.7,3.7,3.7,3.7,3.7,3.8,3.7,3.7,3.7,3.7,266.82,267.23,266.24,266.22,267.23,267.23,0.61,266.15,266.82,0.00,0.49,201,6,0.0,0.0,0,0,0.0,0.0,0,
27.8.2026,17:29:49.515,6357,12896,33.0,5303,11006,32.5,2.4,2944,72,0.953,0.969,0.950,0.950,0.950,0.950,0.950,3675.0,3675.0,3675.0,3675.0,3675.0,3675.0,3675.0,100.0,169.3,96.2,5.2,64.1,41.2,177.3,125.0,596.1,6.3,443.4,207.4,131.3,138.7,169.3,2.5,1.5,0.0,1.2,0.0,3.9,2.6,7.2,0.0,9.8,4.4,0.0,0.0,9.8,2.5,4.5,1.9,0.1,1.7,1.0,4.6,3.3,16.1,0.1,11.9,5.5,3.5,3.7,4.5,36.8,36.8,36.8,36.8,36.8,36.8,36.8,3.0,6.9,1.9,2.5,6.8,13.3,12.7,4.3,52.7,36.1,44.4,88.6,67.8,54.9,24.5,40.4,62.0,53.2,4.8,18.8,32.4,71.2,1600.0,16.00,16,18,18,36,74,560,1,44.5,34.5,35.0,31.1,30.4,30.2,31.4,32.3,31.8,30.7,30.8,30.8,30.2,25.3,1.150,0.994,1.156,7.443,5.916,7.538,7.538,30.868,0.747,0.353,0.428,0.936,1.156,1.095,0.514,8.172,5.880,14.052,30.273,1600.0,1600.0,3943.9,3943.9,4650.0,39.8,12.6,8.4,36.3,180.7,No,No,No,0.253,0.243,0.4,44.0,36.0,36.0,33.0,32.0,33.0,36.0,12.168,4.990,1.002,1.348,1.058,0.876,0.872,1.558,3.344,1.836,1173,763,551,559,1.056,1.248,34,34,41,79.0,100.0,No,No,80704,102356,0.0,0.0,0.0,0.032,0.081,45600,11168,46.3,52.0,56.5,52,52,52,52,52,52,52,52,52,83.0,0.819,12.159,12.257,12.143,12.122,12.114,0,0,86.391,21.639,39.817,2.304,33.224,30.366,13.047,39.817,26.098,1.987,8.093,290.000,320.000,1290.0,1187.7,1230.0,1245.0,1335.0,1185.0,1289.9,1187.0,1334.5,0.0,0.0,0.0,0.0,9.0,0.0,0.0,0.0,0.0,0.0,0,0,Yes,No,No,No,No,Yes,No,22.7,23.5,4,0,0,0,0,0,0,0,0,122,0,0,0,0,0,0,0,0,0,0,0,0,0,0,0,0,0,0,0,0,7458,734,565,41,16.0,4.2,6.6,3.2,3.2,3.2,3.2,4.2,6.6,3.2,3.2,3.2,3.2,237.50,315.31,151.08,149.24,316.81,316.81,0.42,237.05,237.50,0.00,79.30,201,6,3.6,0.4,0,0,0.0,0.0,0,
27.8.2026,17:29:50.018,6359,12894,33.0,5303,11006,32.5,2.4,2944,72,0.950,0.950,0.950,0.950,0.950,0.950,0.950,3675.0,3675.0,3675.0,3675.0,3675.0,3675.0,3675.0,100.0,132.9,38.4,6.7,15.2,36.1,214.0,209.7,509.7,295.0,114.7,126.3,12.8,15.7,132.9,4.6,2.8,2.3,0.0,3.0,6.9,6.8,15.8,8.5,4.8,2.0,0.0,2.5,15.8,4.6,3.5,0.7,0.2,0.4,0.9,5.7,5.6,13.8,8.0,3.0,3.4,0.3,0.4,3.5,36.8,36.8,36.8,36.8,36.8,36.8,36.8,11.4,5.3,0.9,1.2,9.5,13.7,5.6,0.8,30.4,4.6,2.0,62.9,46.5,57.9,8.2,64.4,94.5,96.8,27.8,39.7,36.5,91.0,1600.0,16.00,16,18,18,36,74,560,1,44.0,33.4,34.0,30.1,29.3,29.3,30.7,32.2,29.9,29.2,30.2,30.2,30.8,25.2,1.150,0.994,1.156,5.740,5.794,5.727,5.727,27.588,0.510,0.087,0.150,0.903,1.225,0.609,0.084,6.196,5.761,11.957,27.635,1600.0,1600.0,3537.4,3537.4,4650.0,36.4,9.5,6.4,35.1,200.4,No,No,No,0.165,0.093,0.3,44.0,36.0,36.0,33.0,32.0,33.0,36.0,12.168,4.990,1.002,1.348,1.030,0.876,0.872,1.560,3.344,1.834,1204,763,551,559,1.056,1.248,34,34,41,79.0,100.0,No,No,80704,102356,0.0,0.0,0.0,0.000,0.000,45600,11168,46.0,52.0,56.2,52,52,52,52,52,52,52,50,52,83.0,0.819,12.155,12.255,12.138,12.116,12.110,0,0,66.025,21.521,39.465,2.243,32.907,30.412,13.067,39.465,26.133,1.978,8.017,290.000,320.000,1290.0,1187.7,1230.0,1269.2,1335.0,1185.0,1289.9,1187.0,1335.4,0.0,0.0,0.0,0.0,9.0,0.0,0.0,0.0,0.0,0.0,0,0,Yes,No,No,No,No,Yes,No,22.6,22.9,4,0,0,0,0,0,0,0,0,122,0,0,0,0,0,0,0,0,0,0,0,0,0,0,0,0,0,0,0,0,7458,734,565,41,16.0,4.7,27.3,2.9,2.9,2.9,2.9,4.7,27.1,2.9,2.9,2.9,2.9,212.36,349.35,36.70,33.57,350.36,350.36,0.37,212.00,212.36,0.00,174.70,201,6,0.0,0.0,0,0,0.0,0.0,0,
27.8.2026,17:29:50.525,6358,12895,33.0,5302,11007,32.5,2.4,2944,72,0.950,0.950,0.950,0.950,0.950,0.950,0.950,3675.0,3675.0,3675.0,3675.0,3675.0,3675.0,3675.0,100.0,120.1,78.7,4.0,22.0,10.2,173.4,184.1,732.6,81.5,49.8,71.0,26.6,6.9,120.1,1.9,0.0,1.0,0.0,0.0,1.9,2.1,14.5,0.0,0.0,2.6,0.0,1.0,14.5,1.9,3.1,0.8,0.1,0.6,0.2,4.6,4.9,19.8,2.2,1.3,1.9,0.6,0.1,3.1,36.8,36.8,36.8,36.8,36.8,36.8,36.8,20.8,4.9,0.9,0.8,8.0,16.4,2.6,0.7,25.1,10.3,4.5,63.2,40.9,18.5,13.2,70.0,88.8,94.7,28.8,42.7,78.8,86.3,1600.0,16.00,16,18,18,36,74,560,1,43.5,33.1,33.8,29.7,29.1,29.1,30.3,31.9,28.9,29.1,29.9,29.9,30.8,25.6,1.150,0.994,1.156,5.293,5.603,5.291,5.291,26.570,0.461,0.153,0.088,0.850,1.218,0.227,0.229,5.759,5.573,11.332,26.612,1600.0,1600.0,3424.7,3424.7,4650.0,35.0,8.8,5.9,34.9,205.7,No,No,No,0.197,0.041,0.3,43.0,36.0,36.0,33.0,32.0,33.0,36.0,12.168,4.990,1.002,1.348,1.008,0.876,0.872,1.558,3.344,1.836,1204,750,551,547,1.057,1.277,34,34,41,79.0,100.0,No,No,80704,102356,0.0,0.0,0.0,0.000,0.000,45600,11168,45.1,52.0,54.3,50,50,50,50,50,50,52,50,50,83.0,0.750,12.168,12.258,12.154,12.127,12.134,0,0,64.467,15.948,28.573,1.495,24.866,22.107,9.962,28.573,19.924,1.613,6.414,290.000,320.000,1290.0,625.2,1140.0,1269.2,1230.0,1080.0,1289.7,624.7,1229.4,0.0,0.0,0.0,0.0,9.0,0.0,0.0,0.0,0.0,0.0,0,0,Yes,No,No,No,No,Yes,No,16.7,16.9,4,0,0,0,0,0,0,0,0,122,0,0,0,0,0,0,0,0,0,0,0,0,0,0,0,0,0,0,0,0,7458,734,565,41,16.0,3.9,5.9,2.9,2.9,2.9,2.9,3.9,5.9,2.9,2.9,2.9,2.9,258.33,348.52,168.14,166.48,350.36,350.36,0.47,257.86,258.33,0.00,250.21,201,6,1.6,0.4,0,0,0.0,0.0,0,
27.8.2026,17:29:51.033,6357,12897,33.0,5300,11010,32.4,2.4,2944,72,1.174,0.950,1.219,1.219,1.219,1.219,1.219,3780.0,3675.0,3620.0,3620.0,4525.0,3620.0,3620.0,100.0,151.0,199.0,5.9,20.6,17.2,44.4,222.2,941.8,46.3,100.1,189.0,4.9,20.4,151.0,4.7,3.0,0.0,0.0,0.0,3.0,6.9,24.8,5.8,4.2,6.2,0.0,2.5,24.8,4.7,3.7,1.0,0.2,0.5,0.4,1.0,5.9,25.4,1.2,2.6,5.1,0.1,0.5,3.7,37.8,36.8,36.2,36.2,45.2,36.2,36.2,12.3,6.0,1.1,0.9,5.9,20.8,6.8,0.6,29.2,8.1,6.2,66.1,58.2,34.5,2.1,64.8,90.9,92.9,28.1,21.0,58.7,97.3,1600.0,16.00,16,18,18,36,74,560,1,43.0,33.7,45.5,30.0,29.0,29.1,29.9,32.7,30.0,29.1,29.9,29.9,30.5,25.6,1.194,0.994,1.206,6.170,5.746,6.123,6.123,27.829,0.572,0.215,0.108,0.786,1.595,0.665,0.060,6.799,5.714,12.513,28.093,1600.0,1600.0,3652.5,3652.5,4650.0,37.0,10.2,6.8,35.5,197.0,No,No,No,0.173,0.068,0.4,43.0,36.0,36.0,33.0,32.0,33.0,36.0,12.168,4.990,1.004,1.348,1.038,0.876,0.872,1.560,3.344,1.836,1196,1538,551,547,1.057,1.277,34,34,41,79.0,100.0,No,No,80704,102356,0.0,0.0,0.0,0.000,0.016,45600,11168,44.8,50.0,53.9,50,50,50,50,50,48,50,48,50,83.0,0.750,12.170,12.260,12.155,12.128,12.136,0,0,56.609,15.749,27.958,1.398,24.590,21.878,9.964,27.958,19.940,1.603,6.450,290.000,320.000,1290.0,625.2,1140.0,1289.3,1230.0,1080.0,1289.9,624.4,1229.6,0.0,0.0,0.0,0.0,9.0,0.0,0.0,0.0,0.0,0.0,0,0,Yes,No,No,No,No,Yes,No,16.5,17.2,4,0,0,0,0,0,0,0,0,122,0,0,0,0,0,0,0,0,0,0,0,0,0,0,0,0,0,0,0,0,7458,734,565,41,16.0,3.4,5.9,2.7,2.7,2.7,2.7,3.4,5.9,2.7,2.7,2.7,2.7,294.56,366.74,169.91,166.60,367.07,367.07,0.43,294.13,294.56,0.00,189.30,201,6,0.1,0.1,0,0,0.0,0.0,0,
27.8.2026,17:29:51.549,6360,12893,33.0,5302,11008,32.5,2.4,2944,72,0.997,1.200,0.956,0.956,0.956,0.956,0.956,3665.8,3620.0,3675.0,3675.0,3675.0,3675.0,3675.0,100.0,128.3,26.6,1.9,14.2,8.5,306.9,90.7,804.2,10.3,125.2,50.8,5.1,95.1,128.3,2.4,0.0,0.0,0.0,0.0,5.0,0.0,13.5,0.0,0.8,0.0,9.3,0.0,13.5,2.4,3.4,0.6,0.0,0.3,0.2,8.2,2.3,21.8,0.3,3.3,1.3,0.1,2.5,3.4,36.7,36.2,36.8,36.8,36.8,36.8,36.8,17.2,5.7,0.7,0.6,8.4,18.3,3.8,2.3,22.5,4.7,1.3,56.8,61.6,9.8,0.8,71.8,94.6,98.2,34.8,20.2,86.4,96.9,1600.0,16.00,16,18,18,36,74,560,1,42.6,34.0,34.5,29.9,28.9,29.0,30.4,32.7,29.0,29.3,29.8,29.8,31.0,25.6,1.169,0.994,1.175,5.526,5.650,5.584,5.584,27.452,0.468,0.076,0.049,0.905,1.415,0.251,0.114,6.046,5.619,11.665,27.190,1600.0,1600.0,3516.4,3516.4,4650.0,35.8,9.3,6.2,35.8,211.2,No,No,No,0.145,0.041,0.3,43.0,36.5,36.0,33.0,31.5,33.0,36.0,12.168,4.990,1.004,1.348,1.030,0.876,0.874,1.558,3.344,1.834,1196,1538,552,547,1.057,1.266,34,34,41,79.0,100.0,No,No,80704,102356,0.0,0.0,0.0,0.000,0.000,45600,11168,44.7,50.0,53.7,50,50,50,50,50,48,50,48,50,83.0,0.750,12.170,12.258,12.150,12.122,12.131,0,0,48.609,15.749,27.830,1.299,24.554,21.832,9.935,27.830,19.875,1.597,6.474,290.000,320.000,1290.0,625.2,1140.0,1289.3,1230.0,1080.0,1289.6,624.6,1229.6,0.0,0.0,0.0,0.0,9.0,0.0,0.0,0.0,0.0,0.0,0,0,Yes,No,No,No,No,Yes,No,16.5,17.2,4,0,0,0,0,0,0,0,0,122,0,0,0,0,0,0,0,0,0,0,0,0,0,0,0,0,0,0,0,0,7458,734,565,41,16.0,3.3,7.3,2.5,2.5,2.5,2.5,3.3,7.2,2.5,2.5,2.5,2.5,299.98,399.18,137.70,133.49,399.84,399.84,0.51,299.46,299.98,0.00,233.72,201,6,0.0,0.0,0,0,0.0,0.0,0,
27.8.2026,17:29:52.056,6359,12895,33.0,5301,11009,32.5,2.4,2944,72,0.950,0.950,0.950,0.950,0.950,0.950,0.950,3665.8,3675.0,3675.0,3675.0,3675.0,3675.0,3620.0,100.0,149.6,73.4,5.7,12.0,12.4,98.5,88.9,413.5,498.9,275.2,288.9,9.6,18.2,149.6,4.6,3.3,0.0,8.4,2.9,1.8,4.7,9.0,10.7,5.3,8.5,0.0,0.0,10.7,4.6,3.8,0.7,0.1,0.3,0.3,2.5,2.3,11.1,13.5,6.7,7.1,0.2,0.5,3.8,36.7,36.8,36.8,36.8,36.8,36.8,36.2,7.1,5.8,0.8,0.6,4.2,18.1,10.4,0.7,30.8,2.1,5.1,69.1,53.0,48.0,7.6,63.4,97.1,94.3,26.8,28.9,41.6,91.7,1600.0,16.00,16,18,18,36,74,560,1,42.2,33.5,36.5,29.9,28.9,29.0,29.7,32.5,30.3,29.2,29.9,29.9,30.5,25.0,1.150,0.994,1.156,6.012,5.671,6.012,6.012,27.808,0.544,0.085,0.156,0.626,1.390,0.887,0.123,6.547,5.637,12.185,27.708,1600.0,1600.0,3877.5,3877.5,4650.0,36.5,10.0,6.7,35.3,198.3,No,No,No,0.161,0.066,0.3,42.0,36.5,36.0,33.0,31.5,33.0,36.0,12.168,4.990,1.002,1.348,1.050,0.876,0.872,1.560,3.348,1.836,1191,768,553,548,1.057,1.266,34,34,41,79.0,100.0,No,No,80704,102356,0.0,0.1,0.1,0.000,0.065,45600,11168,42.9,48.0,50.5,47,48,46,46,48,46,48,46,48,83.0,0.750,12.191,12.260,12.178,12.154,12.172,0,0,43.184,5.914,11.832,0.588,7.465,8.690,2.459,11.832,4.930,1.556,3.876,290.000,320.000,1290.0,101.2,1140.0,1177.7,1230.0,1080.0,919.4,71.2,875.6,0.0,1.0,0.0,0.0,9.0,0.0,0.0,0.0,0.0,0.0,0,0,Yes,No,No,No,No,Yes,No,5.8,5.9,4,0,0,0,0,0,0,0,0,123,0,0,0,0,0,0,0,0,0,0,0,0,0,0,0,0,0,0,0,0,7458,734,565,41,5.0,3.3,11.2,2.3,2.3,2.3,2.3,3.3,11.2,2.3,2.3,2.3,2.3,305.65,433.09,89.67,83.97,433.77,433.77,0.73,304.96,305.65,0.00,311.16,201,6,0.1,0.0,0,0,0.0,0.0,0,
27.8.2026,17:29:52.564,6358,12895,33.0,5300,11009,32.4,2.4,2944,72,1.132,0.950,1.169,1.169,1.169,1.169,1.169,3675.0,3675.0,3675.0,3675.0,3675.0,3675.0,3675.0,100.0,145.3,135.5,3.7,22.0,14.8,116.7,78.7,615.7,258.9,374.9,110.3,3.8,8.6,145.3,6.3,0.0,26.7,0.0,5.3,4.7,0.9,15.5,7.7,10.0,4.3,0.0,0.0,26.7,6.3,3.6,0.7,0.1,0.5,0.4,3.0,2.0,16.6,7.0,9.6,2.5,0.1,0.2,3.6,36.8,36.8,36.8,36.8,36.8,36.8,36.8,8.8,5.4,0.7,0.9,4.3,17.1,9.3,0.3,27.3,1.2,9.9,41.4,62.4,43.1,5.9,67.3,98.3,89.3,54.4,20.5,47.6,93.8,1600.0,16.00,16,18,18,36,74,560,1,41.9,33.4,36.2,29.8,28.8,29.2,29.4,32.1,30.2,29.1,29.9,29.9,30.5,25.4,1.169,0.994,1.181,5.712,5.156,5.702,5.702,25.901,0.512,0.137,0.127,0.524,1.378,0.827,0.076,6.207,5.126,11.333,25.977,1600.0,1600.0,3714.0,3714.0,4650.0,34.2,9.5,6.3,35.2,199.9,No,No,No,0.157,0.040,0.3,42.0,36.5,36.0,33.0,31.5,33.0,36.0,12.192,5.000,1.002,1.348,1.074,0.876,0.872,1.562,3.348,1.834,1191,768,553,548,1.056,1.263,34,34,41,79.0,100.0,No,No,80704,102356,0.0,0.0,0.0,0.000,0.000,45600,11168,42.5,48.0,50.2,46,46,46,46,46,46,46,46,46,83.0,0.750,12.191,12.261,12.177,12.154,12.171,0,0,29.333,5.941,11.851,0.601,7.586,8.593,2.471,11.851,4.950,1.544,4.023,290.000,320.000,1290.0,101.2,1140.0,1177.7,1230.0,1080.0,1176.8,91.4,1122.7,0.0,1.0,0.0,0.0,9.0,0.0,0.0,0.0,0.0,0.0,0,0,Yes,No,No,No,No,Yes,No,5.8,6.6,4,0,0,0,0,0,0,0,0,123,0,0,0,0,0,0,0,0,0,0,0,0,0,0,0,0,0,0,0,0,7458,734,565,41,5.0,3.9,11.6,2.3,2.3,2.3,2.3,3.9,11.5,2.3,2.3,2.3,2.3,258.37,430.26,86.48,83.32,433.77,433.77,1.27,257.65,258.37,0.00,350.22,201,6,0.8,0.0,0,0,0.0,0.0,0,
27.8.2026,17:29:53.062,6356,12897,33.0,5298,11011,32.4,2.4,2944,72,0.950,0.950,0.950,0.950,0.950,0.950,0.950,3675.0,3675.0,3675.0,3675.0,3675.0,3675.0,3675.0,100.0,151.7,82.8,7.5,15.6,21.0,107.2,129.5,871.2,213.6,149.9,197.4,16.9,7.2,151.7,7.5,0.0,0.0,2.3,2.4,1.4,1.8,20.9,6.5,1.8,3.0,21.4,28.2,28.2,7.5,3.8,0.7,0.2,0.4,0.5,2.7,3.3,23.5,5.8,3.3,4.8,0.4,0.2,3.8,36.8,36.8,36.8,36.8,36.8,36.8,36.8,11.3,5.5,0.8,0.9,5.1,19.7,6.0,0.6,23.9,4.0,2.2,54.6,56.0,24.3,2.4,70.7,95.3,97.1,40.5,24.3,69.8,97.2,1600.0,16.00,16,18,18,36,74,560,1,41.6,33.1,34.5,29.7,28.8,29.0,29.6,32.3,29.5,29.1,29.9,29.9,30.0,25.3,1.150,0.994,1.156,5.607,5.086,5.608,5.608,25.765,0.506,0.144,0.115,0.647,1.468,0.571,0.095,6.116,5.058,11.173,25.752,1600.0,1600.0,3692.4,3692.4,4650.0,33.9,9.3,6.2,34.9,198.9,No,No,No,0.162,0.070,0.3,41.0,36.0,36.0,33.0,31.5,33.0,36.0,12.192,5.000,1.002,1.352,1.076,0.876,0.872,1.562,3.352,1.836,1175,753,555,561,1.056,1.263,34,34,41,79.0,100.0,No,No,80704,102356,0.0,0.0,0.0,0.000,0.000,45600,11168,42.4,48.0,49.9,46,48,46,46,46,46,46,46,46,83.0,0.750,12.192,12.260,12.178,12.155,12.173,0,0,17.623,5.757,11.353,0.515,7.429,8.363,2.483,11.353,4.974,1.541,3.807,290.000,320.000,1290.0,101.2,1140.0,330.4,1230.0,1080.0,933.2,72.4,903.3,0.0,1.0,0.0,0.0,9.0,0.0,0.0,0.0,0.0,0.0,0,0,Yes,No,No,No,No,Yes,No,5.6,7.3,4,0,0,0,0,0,0,0,0,123,0,0,0,0,0,0,0,0,0,0,0,0,0,0,0,0,0,0,0,0,7458,734,565,41,5.0,3.8,14.1,2.2,2.1,2.1,2.1,3.8,14.2,2.2,2.1,2.1,2.1,266.65,462.54,70.77,67.17,466.53,466.53,0.90,265.24,266.65,0.00,391.78,201,6,0.0,0.0,0,0,0.0,0.0,0,
27.8.2026,17:29:53.565,6360,12894,33.0,5300,11010,32.4,2.4,2944,72,0.950,0.950,0.950,0.950,0.950,0.950,0.950,3675.0,3675.0,3675.0,3675.0,3675.0,3675.0,3675.0,100.0,136.7,34.9,1.6,34.8,17.1,167.2,121.5,536.0,70.8,371.0,274.5,5.9,5.5,136.7,3.4,1.8,0.0,1.8,1.5,4.6,3.6,10.1,0.0,9.0,6.8,1.2,0.0,10.1,3.4,3.5,0.8,0.0,0.9,0.4,4.1,2.9,14.5,1.8,9.6,7.0,0.1,0.1,3.5,36.8,36.8,36.8,36.8,36.8,36.8,36.8,4.9,5.2,0.8,1.3,5.8,12.4,10.7,0.3,30.3,5.4,5.9,62.3,62.6,45.2,0.4,64.5,93.8,92.9,31.9,24.9,44.1,99.3,1600.0,16.00,16,18,18,36,74,560,1,41.2,33.1,39.0,29.8,28.9,29.1,29.9,31.7,30.5,28.9,29.9,29.9,29.8,25.2,1.175,0.994,1.181,5.765,5.226,5.770,5.770,26.300,0.506,0.087,0.106,0.711,1.198,0.903,0.031,6.217,5.194,11.412,26.266,1600.0,1600.0,3833.4,3833.4,4650.0,34.6,9.6,6.4,34.8,202.2,No,No,No,0.131,0.034,0.3,41.0,36.0,36.0,33.0,31.5,33.0,36.0,12.168,5.000,1.002,1.348,1.064,0.874,0.872,1.562,3.352,1.836,1129,753,555,561,1.057,1.244,34,34,41,79.0,100.0,No,No,80704,102356,0.0,0.0,0.0,0.000,0.008,45600,11168,42.3,46.0,50.1,46,46,46,46,46,44,46,46,46,83.0,0.750,12.192,12.263,12.181,12.159,12.176,0,0,17.580,5.757,11.633,0.625,7.504,8.462,2.484,11.633,4.976,1.539,3.957,290.000,320.000,1290.0,101.2,1140.0,330.4,1230.0,1080.0,926.9,72.1,882.8,0.0,1.0,0.0,0.0,9.0,0.0,0.0,0.0,0.0,0.0,0,0,Yes,No,No,No,No,Yes,No,5.6,7.3,4,0,0,0,0,0,0,0,0,123,0,0,0,0,0,0,0,0,0,0,0,0,0,0,0,0,0,0,0,0,7458,734,565,41,5.0,3.0,13.5,2.1,2.1,2.1,2.1,3.1,13.5,2.1,2.1,2.1,2.1,327.89,466.52,74.19,67.28,466.85,466.85,0.93,326.93,327.89,0.00,389.01,201,6,0.3,0.4,0,0,0.0,0.0,0,
27.8.2026,17:29:54.059,6356,12897,33.0,5298,11011,32.4,2.4,2944,72,0.950,0.950,0.950,0.950,0.950,0.950,0.950,3647.5,3675.0,3675.0,3675.0,3620.0,3620.0,3620.0,100.0,137.3,30.2,4.5,13.7,42.6,228.9,141.7,661.9,76.6,258.8,175.0,5.6,8.0,137.3,2.9,0.0,4.6,0.0,0.0,3.8,1.9,16.1,0.2,3.8,2.0,0.0,1.8,16.1,2.9,3.5,0.7,0.1,0.3,1.1,6.1,3.7,17.9,2.1,6.1,3.9,0.1,0.2,3.5,36.5,36.8,36.8,36.8,36.2,36.2,36.2,23.9,5.5,0.8,1.3,8.1,15.0,7.2,0.4,25.8,9.1,5.8,57.3,45.8,35.9,0.6,68.8,90.1,92.9,34.7,39.1,56.9,99.1,1600.0,16.00,16,18,18,36,74,560,1,40.9,32.9,40.2,29.7,28.9,29.0,30.0,31.8,29.7,28.9,29.7,29.7,29.5,24.9,1.150,0.994,1.163,5.404,4.888,5.406,5.406,24.736,0.505,0.123,0.136,0.827,1.183,0.717,0.041,5.920,4.864,10.783,24.797,1600.0,1600.0,3456.1,3456.1,4650.0,32.6,9.0,6.0,34.6,193.3,No,No,No,0.165,0.068,0.3,41.0,36.0,36.0,33.0,31.5,33.0,36.0,12.192,5.000,1.002,1.348,1.020,0.874,0.872,1.560,3.356,1.834,1129,770,554,548,1.057,1.244,34,34,41,79.0,100.0,No,No,80704,102356,0.0,0.0,0.0,0.000,0.000,45600,11168,42.1,46.0,49.8,46,46,44,46,46,46,46,44,46,83.0,0.750,12.195,12.258,12.175,12.152,12.170,0,0,17.717,5.868,11.337,0.490,7.402,8.349,2.458,11.337,4.924,1.542,3.798,290.000,320.000,1290.0,101.2,1140.0,330.4,1230.0,1080.0,926.9,72.1,882.8,0.0,1.0,0.0,0.0,9.0,0.0,0.0,0.0,0.0,0.0,0,0,Yes,No,No,No,No,Yes,No,5.7,7.5,4,0,0,0,0,0,0,0,0,123,0,0,0,0,0,0,0,0,0,0,0,0,0,0,0,0,0,0,0,0,7458,734,565,41,5.0,2.1,2.1,2.1,2.1,2.1,2.1,2.1,2.1,2.1,2.1,2.1,2.1,466.85,466.85,466.85,466.85,466.85,466.85,1.11,465.69,466.85,0.00,400.14,201,6,0.1,0.0,0,0,0.0,0.0,0,
27.8.2026,17:29:54.573,6359,12894,33.0,5300,11010,32.4,2.4,2944,72,1.155,0.950,1.194,1.194,1.194,1.200,1.200,3780.0,3675.0,3620.0,3620.0,4525.0,3620.0,3620.0,100.0,165.7,67.3,1.2,11.7,15.6,257.4,266.5,873.2,154.9,170.2,138.4,10.8,20.9,165.7,5.0,2.3,1.5,0.0,1.9,7.1,7.3,20.7,7.7,5.1,4.4,0.0,2.0,20.7,5.0,4.2,0.8,0.0,0.3,0.4,6.6,6.8,23.6,4.2,4.1,3.3,0.3,0.5,4.2,37.8,36.8,36.2,36.2,45.2,36.2,36.2,19.3,6.1,0.8,0.7,9.8,19.4,5.0,0.7,25.3,1.2,9.4,58.9,51.8,28.6,1.9,68.7,98.1,90.0,31.4,28.8,66.4,97.4,1600.0,16.00,16,18,18,36,74,560,1,40.8,33.8,34.2,29.9,28.8,29.0,30.4,32.8,29.4,29.0,29.8,29.8,30.2,25.4,1.169,0.994,1.175,5.931,4.973,5.872,5.872,25.382,0.578,0.088,0.176,0.966,1.616,0.555,0.066,6.548,4.947,11.495,25.628,1600.0,1600.0,3601.3,3601.3,4650.0,33.7,9.8,6.5,35.6,187.5,No,No,No,0.153,0.037,0.4,40.0,36.0,36.0,33.0,31.5,33.0,36.0,12.168,5.000,1.002,1.348,1.034,0.874,0.872,1.562,3.352,1.834,1150,770,554,548,1.056,1.248,34,34,41,79.0,100.0,No,No,80704,102356,0.0,0.1,0.1,0.000,0.121,45600,11168,42.1,46.0,49.8,46,46,44,46,46,46,46,44,46,83.0,0.750,12.191,12.261,12.178,12.154,12.172,0,0,17.740,5.835,11.560,0.539,7.428,8.520,2.471,11.560,4.940,1.534,3.966,290.000,320.000,1290.0,101.2,1140.0,360.1,1230.0,1080.0,928.2,72.1,886.7,0.0,1.0,0.0,0.0,9.0,0.0,0.0,0.0,0.0,0.0,0,0,Yes,No,No,No,No,Yes,No,5.7,6.0,4,0,0,0,0,0,0,0,0,123,0,0,0,0,0,0,0,0,0,0,0,0,0,0,0,0,0,0,0,0,7458,734,565,41,5.0,3.8,46.9,2.0,1.9,1.9,1.9,3.7,46.2,2.0,1.9,1.9,1.9,266.57,511.83,21.31,16.80,516.83,516.83,0.83,265.72,266.57,0.00,500.25,201,6,0.4,0.4,0,0,0.0,0.0,0,
27.8.2026,17:29:55.093,6360,12893,33.0,5300,11009,32.4,2.4,2944,72,0.951,0.956,0.950,0.950,0.950,0.950,0.950,3675.0,3675.0,3675.0,3675.0,3675.0,3675.0,3675.0,100.0,134.3,46.5,4.7,13.9,32.8,210.9,89.6,538.3,252.8,231.8,165.8,7.1,17.4,134.3,1.6,1.4,0.0,0.0,0.0,5.1,2.4,6.9,0.0,2.6,1.1,0.0,0.0,6.9,1.6,3.5,0.9,0.1,0.3,0.9,5.4,2.1,14.4,6.7,5.9,4.1,0.2,0.5,3.5,36.8,36.8,36.8,36.8,36.8,36.8,36.8,18.4,5.7,1.1,0.9,6.4,17.3,7.9,0.5,29.7,11.0,5.2,63.6,58.2,39.8,0.6,64.6,87.9,93.9,30.1,24.5,52.4,98.9,1600.0,16.00,16,18,18,36,74,560,1,40.5,33.3,33.5,29.9,28.9,29.0,30.1,32.6,29.7,29.0,29.8,29.8,29.0,24.2,1.150,0.994,1.156,5.673,4.988,5.746,5.746,25.818,0.541,0.143,0.096,0.854,1.388,0.704,0.061,6.207,4.961,11.169,25.513,1600.0,1600.0,3343.9,3343.9,4650.0,33.6,9.6,6.4,35.1,188.6,No,No,No,0.170,0.066,0.3,40.0,36.0,36.0,33.0,31.5,33.0,36.0,12.192,5.000,1.002,1.348,1.066,0.874,0.872,1.562,3.352,1.834,1150,755,555,561,1.056,1.248,34,34,41,79.0,100.0,No,No,80704,102356,0.0,0.0,0.0,0.000,0.000,45600,11168,42.1,46.0,49.9,45,44,44,46,46,44,46,44,46,83.0,0.750,12.194,12.262,12.181,12.157,12.175,0,0,17.372,5.855,11.568,0.601,7.442,8.547,2.508,11.568,5.030,1.523,3.906,290.000,320.000,1290.0,101.2,1140.0,323.7,1230.0,1080.0,939.2,72.8,896.7,0.0,1.0,0.0,0.0,9.0,0.0,0.1,0.0,0.0,0.0,0,0,Yes,No,No,No,No,Yes,No,5.7,6.0,4,0,0,0,0,0,0,0,0,123,0,0,0,0,0,0,0,0,0,0,0,0,0,0,0,0,0,0,0,0,7458,734,565,41,5.0,3.9,18.4,2.2,2.1,2.1,2.1,3.9,18.5,2.2,2.1,2.1,2.1,258.55,462.79,54.30,50.55,466.96,466.96,0.85,257.68,258.55,0.00,433.68,201,6,0.5,0.0,0,0,0.0,0.0,0,
27.8.2026,17:29:55.591,6359,12894,33.0,5299,11010,32.4,2.4,2944,72,0.950,0.950,0.950,0.950,0.950,0.950,0.950,3675.0,3675.0,3675.0,3675.0,3675.0,3675.0,3675.0,100.0,139.9,31.4,1.8,11.4,11.4,271.4,183.4,863.5,10.7,146.1,116.5,11.4,19.6,139.9,4.4,0.0,0.0,5.4,2.6,5.1,3.1,18.7,2.5,5.4,1.8,5.4,2.7,18.7,4.4,3.6,0.8,0.0,0.3,0.3,6.8,4.4,23.3,0.3,3.7,2.9,0.3,0.5,3.6,36.8,36.8,36.8,36.8,36.8,36.8,36.8,6.8,5.8,0.9,0.5,8.4,19.4,4.8,0.9,29.8,1.3,9.0,69.7,63.6,26.6,8.4,64.4,97.9,90.5,21.9,17.0,68.7,90.7,1600.0,16.00,16,18,18,36,74,560,1,40.4,33.7,34.8,29.9,28.9,29.1,30.2,32.7,29.2,29.1,29.9,29.9,29.2,24.6,1.150,0.994,1.156,6.127,5.155,6.116,6.116,26.543,0.540,0.071,0.111,0.927,1.580,0.438,0.113,6.682,5.125,11.806,26.575,1600.0,1600.0,3826.7,3826.7,4650.0,35.0,10.2,6.8,35.5,204.0,No,No,No,0.129,0.036,0.3,40.0,36.0,36.0,33.0,31.5,33.0,36.0,12.192,5.000,1.002,1.348,1.036,0.874,0.872,1.562,3.352,1.834,1134,772,555,561,1.057,1.247,34,34,41,79.0,100.0,No,No,80704,102356,0.0,0.0,0.0,0.000,0.178,45600,11168,42.0,46.0,49.6,45,44,44,44,46,44,46,44,46,83.0,0.750,12.188,12.259,12.174,12.151,12.169,0,0,17.403,5.839,11.527,0.515,7.438,8.530,2.482,11.527,4.974,1.532,4.029,290.000,320.000,1290.0,101.2,1140.0,323.7,1230.0,1080.0,939.5,72.5,894.2,0.0,1.0,0.0,0.0,9.0,0.0,0.0,0.0,0.0,0.0,0,0,Yes,No,No,No,No,Yes,No,5.7,5.9,4,0,0,0,0,0,0,0,0,123,0,0,0,0,0,0,0,0,0,0,0,0,0,0,0,0,0,0,0,0,7458,734,565,41,5.0,3.7,11.4,2.2,2.2,2.2,2.2,3.7,11.5,2.2,2.2,2.2,2.2,267.13,446.20,88.06,84.77,449.85,449.85,0.76,266.37,267.13,0.00,383.10,201,6,0.4,0.4,0,0,0.0,0.0,0,
27.8.2026,17:29:56.097,6360,12893,33.0,5299,11010,32.4,2.4,2944,72,0.950,0.950,0.950,0.950,0.950,0.950,0.950,3675.0,3675.0,3675.0,3675.0,3675.0,3675.0,3675.0,100.0,149.3,86.6,6.4,33.0,45.2,192.4,188.6,442.4,288.6,392.5,104.8,8.4,3.0,149.3,5.8,0.6,27.3,0.5,0.9,3.9,3.9,12.5,6.2,8.5,5.0,0.0,0.0,27.3,5.8,3.7,0.8,0.2,0.8,1.1,4.8,4.6,11.9,7.8,10.2,2.5,0.2,0.1,3.7,36.8,36.8,36.8,36.8,36.8,36.8,36.8,5.3,6.0,1.0,1.5,7.0,16.2,10.2,0.3,28.7,2.4,10.2,42.3,62.2,50.7,4.2,65.3,96.7,88.3,50.7,21.6,39.1,95.6,1600.0,16.00,16,18,18,36,74,560,1,40.2,33.7,34.2,29.9,28.8,29.2,29.7,32.6,29.9,29.1,29.9,29.9,29.0,25.6,1.150,0.994,1.156,6.224,5.206,6.228,6.228,26.711,0.543,0.103,0.164,0.659,1.490,0.782,0.057,6.792,5.175,11.967,26.782,1600.0,1600.0,3833.9,3833.9,4650.0,35.2,10.4,6.9,35.5,206.4,No,No,No,0.141,0.063,0.4,40.0,36.0,36.0,33.0,31.5,33.0,36.0,12.192,5.000,1.002,1.352,1.070,0.874,0.872,1.562,3.356,1.834,1134,772,555,562,1.057,1.247,34,34,41,79.0,100.0,No,No,80704,102356,0.0,0.0,0.0,0.000,0.000,45600,11168,41.9,46.0,49.7,45,44,44,46,46,44,46,42,46,83.0,0.750,12.186,12.257,12.171,12.149,12.167,0,0,17.358,5.728,11.252,0.466,7.376,8.347,2.470,11.252,4.960,1.529,3.897,290.000,320.000,1290.0,101.2,1140.0,327.6,1230.0,1080.0,1038.4,80.5,989.8,1.0,1.0,0.0,0.0,9.0,0.0,0.0,0.0,0.0,0.0,0,0,Yes,No,No,No,No,Yes,No,5.6,5.8,4,0,0,0,0,0,0,0,0,123,0,0,0,0,0,0,0,0,0,0,0,0,0,0,0,0,0,0,0,0,7458,734,565,41,5.0,5.0,14.9,2.3,2.2,2.2,2.2,5.0,14.9,2.3,2.2,2.2,2.2,200.05,441.67,67.14,66.83,448.96,448.96,0.66,199.38,200.05,0.00,371.34,201,6,0.0,0.0,0,0,0.0,0.0,0,
27.8.2026,17:29:56.602,6357,12896,33.0,5297,11012,32.4,2.4,2944,72,0.950,0.950,0.950,0.950,0.950,0.950,0.950,3675.0,3675.0,3675.0,3675.0,3675.0,3675.0,3675.0,100.0,140.1,38.6,1.9,8.5,22.3,175.4,92.7,869.3,8.9,294.0,150.9,10.7,7.4,140.1,2.8,0.0,0.0,0.0,0.0,2.3,0.3,18.2,0.0,4.9,1.8,1.8,4.6,18.2,2.8,3.6,0.8,0.0,0.2,0.6,4.3,2.0,23.5,0.2,7.6,3.7,0.2,0.2,3.6,36.8,36.8,36.8,36.8,36.8,36.8,36.8,3.6,5.9,0.9,0.8,4.8,19.5,8.8,0.5,31.0,4.7,2.6,65.9,56.9,52.5,3.7,63.1,94.4,96.6,29.4,23.5,38.7,95.8,1600.0,16.00,16,18,18,36,74,560,1,40.1,33.8,38.2,29.9,28.9,29.0,29.7,32.8,30.1,29.1,29.9,29.9,30.0,24.6,1.156,0.994,1.163,6.166,5.257,6.148,6.148,26.931,0.552,0.099,0.076,0.726,1.534,0.801,0.075,6.731,5.226,11.956,26.861,1600.0,1600.0,3857.3,3857.3,4650.0,35.3,10.2,6.8,35.6,201.0,No,No,No,0.123,0.035,0.4,40.0,36.0,36.0,33.0,31.5,33.0,36.0,12.192,5.000,1.002,1.348,1.016,0.874,0.872,1.562,3.356,1.836,1096,758,554,549,1.056,1.278,34,34,41,79.0,100.0,No,No,80704,102356,0.0,0.0,0.0,0.000,0.000,45600,11168,41.9,46.0,49.8,44,44,44,46,46,44,46,42,44,83.0,0.750,12.195,12.263,12.181,12.159,12.176,0,0,17.328,5.730,11.227,0.429,7.455,8.377,2.533,11.227,5.062,1.528,3.735,290.000,320.000,1290.0,101.2,1140.0,327.6,1230.0,1080.0,1289.5,100.9,1230.1,0.0,1.0,0.0,0.0,9.0,0.0,0.0,0.0,0.0,0.0,0,0,Yes,No,No,No,No,Yes,No,5.6,5.7,4,0,0,0,0,0,0,0,0,123,0,0,0,0,0,0,0,0,0,0,0,0,0,0,0,0,0,0,0,0,7458,734,565,41,5.0,4.0,14.2,2.3,2.3,2.3,2.3,4.0,14.2,2.3,2.3,2.3,2.3,249.99,429.53,70.46,67.16,433.19,433.19,0.85,249.15,249.99,0.00,374.42,201,6,0.8,0.0,0,0,0.0,0.0,0,
27.8.2026,17:29:57.117,6359,12894,33.0,5299,11010,32.4,2.4,2944,72,0.950,0.950,0.950,0.950,0.950,0.950,0.950,3675.0,3675.0,3675.0,3675.0,3675.0,3675.0,3675.0,100.0,148.3,38.4,1.5,31.5,35.3,103.5,108.8,584.4,286.6,405.7,173.2,2.7,8.0,148.3,4.2,3.0,12.8,0.0,3.0,4.5,4.7,12.2,0.0,7.7,2.6,0.0,0.0,12.8,4.2,3.8,0.9,0.0,0.8,0.9,2.7,2.8,15.8,7.7,10.3,4.0,0.0,0.2,3.8,36.8,36.8,36.8,36.8,36.8,36.8,36.8,0.0,6.0,1.0,1.5,4.9,17.4,10.9,0.3,37.0,13.0,4.2,86.3,64.0,53.6,0.7,57.0,86.0,94.4,8.8,18.5,35.5,99.0,1600.0,16.00,16,18,18,36,74,560,1,40.1,33.5,33.2,30.0,29.0,29.1,30.0,32.4,30.3,29.0,30.0,30.0,29.0,24.3,1.150,0.994,1.156,6.549,5.305,6.558,6.558,27.346,0.577,0.167,0.108,0.748,1.459,0.941,0.041,7.063,5.273,12.336,27.422,1600.0,1600.0,3933.9,3933.9,4650.0,36.1,10.9,7.3,35.3,201.9,No,No,No,0.116,0.065,0.4,40.0,36.0,36.0,33.0,31.5,33.0,36.0,12.192,5.010,1.002,1.348,1.070,0.874,0.872,1.562,3.356,1.834,1096,758,554,549,1.056,1.278,34,34,41,79.0,100.0,No,No,80704,102356,0.0,0.0,0.0,0.000,0.000,45600,11168,41.8,46.0,49.5,44,44,44,44,46,44,46,44,44,83.0,0.750,12.192,12.260,12.178,12.157,12.175,0,0,17.240,5.693,11.251,0.441,7.344,8.315,2.435,11.251,4.874,1.529,3.798,290.000,320.000,1290.0,101.2,1140.0,327.1,1230.0,1080.0,937.5,72.5,888.7,1.0,1.0,0.0,0.0,9.0,0.0,0.0,0.0,0.0,0.0,0,0,Yes,No,No,No,No,Yes,No,5.6,5.7,4,0,0,0,0,0,0,0,0,123,0,0,0,0,0,0,0,0,0,0,0,0,0,0,0,0,0,0,0,0,7458,734,565,41,5.0,4.7,10.0,2.4,2.4,2.4,2.4,4.7,10.0,2.4,2.4,2.4,2.4,211.16,410.58,100.42,100.12,416.57,416.57,0.74,210.41,211.16,0.00,316.67,201,6,0.0,0.0,0,0,0.0,0.0,0,
27.8.2026,17:29:57.607,6621,12632,34.3,5387,10922,33.0,2.4,2944,72,1.179,1.181,1.181,1.181,1.181,1.175,1.175,3770.8,3620.0,3620.0,3620.0,3620.0,4525.0,3620.0,100.0,324.1,178.7,29.0,201.0,170.2,869.0,327.0,364.2,22.8,1203.7,338.8,87.8,97.4,324.1,10.7,2.2,9.0,14.9,9.4,18.9,6.8,10.8,8.8,24.5,10.3,7.7,5.1,24.5,10.7,8.0,2.7,0.7,5.2,4.5,22.8,8.2,9.8,0.6,26.9,9.2,2.4,2.7,8.0,37.7,36.2,36.2,36.2,36.2,45.2,36.2,3.2,12.3,3.2,8.1,22.9,8.9,26.2,4.6,33.0,23.2,25.4,56.2,40.1,30.2,22.7,54.8,73.7,66.5,21.0,51.1,43.6,72.8,1600.0,16.00,16,18,18,36,74,560,1,40.1,34.9,38.5,30.8,29.8,30.1,32.3,30.9,32.2,29.7,30.2,30.2,30.5,25.2,1.156,0.994,1.163,8.784,5.260,8.713,8.713,29.501,1.072,0.475,0.743,1.828,0.901,1.970,0.514,9.952,5.229,15.181,30.025,1600.0,1600.0,4047.9,4047.9,4650.0,39.5,14.5,9.7,36.8,158.2,No,No,No,0.431,0.227,0.7,40.0,36.0,36.0,33.0,31.5,33.0,36.0,12.192,5.010,1.002,1.348,1.032,0.874,0.872,1.560,3.356,1.836,1124,774,555,562,1.056,1.265,34,34,41,79.0,100.0,No,No,80704,102356,0.0,0.0,0.0,0.000,0.047,45600,11168,41.8,46.0,49.4,44,44,44,44,46,44,44,44,46,83.0,0.750,12.192,12.257,12.169,12.146,12.164,0,0,17.296,5.693,12.103,0.576,7.764,8.818,2.530,12.103,5.078,1.528,3.741,290.000,320.000,1290.0,101.2,1140.0,327.1,1230.0,1080.0,926.5,72.2,896.0,0.0,1.0,0.0,0.0,9.0,0.0,0.0,0.0,0.0,0.0,0,0,Yes,No,No,No,No,Yes,No,5.9,5.7,4,0,0,0,0,0,0,0,0,123,0,0,0,0,0,0,0,0,0,0,0,0,0,0,0,0,0,0,0,0,7458,734,565,41,5.0,4.6,8.5,2.6,2.6,2.6,2.6,4.6,8.5,2.6,2.6,2.6,2.6,216.86,378.53,117.50,116.89,383.18,383.18,0.85,216.08,216.86,0.00,266.57,201,6,0.0,0.0,0,0,0.0,0.0,0,
27.8.2026,17:29:58.110,7526,11727,39.0,5760,10549,35.3,2.4,2944,72,1.176,1.181,1.175,1.175,1.175,1.175,1.175,3921.7,3620.0,3620.0,4525.0,3620.0,4525.0,3620.0,100.0,572.0,113.9,62.9,156.5,392.2,726.5,850.8,576.6,237.9,2790.9,741.3,76.4,138.4,572.0,11.7,0.0,0.0,1.8,7.5,14.7,17.3,14.0,3.6,63.3,13.8,0.0,4.4,63.3,11.7,15.3,1.5,1.7,4.1,10.3,19.5,22.5,15.6,6.4,78.0,18.6,1.9,3.4,15.3,39.2,36.2,36.2,45.2,36.2,45.2,36.2,0.0,24.7,2.9,12.2,35.0,13.7,79.4,5.0,44.2,29.9,67.1,65.0,38.3,20.6,44.1,31.1,67.2,20.7,0.0,48.0,0.0,50.9,1600.0,16.00,16,18,18,36,74,560,1,41.1,41.8,39.5,33.6,31.0,31.5,35.3,32.4,40.9,30.6,31.3,31.3,30.5,25.5,1.181,0.994,1.194,14.426,5.461,14.415,17.981,37.840,1.920,0.472,1.336,2.686,1.338,4.922,0.765,16.991,5.427,22.418,37.697,1600.0,1600.0,4525.0,4525.0,4650.0,49.6,24.0,20.0,44.1,147.2,No,No,No,1.657,1.284,1.5,40.0,36.0,36.0,33.0,31.5,33.0,36.0,12.168,5.000,1.002,1.348,1.176,0.874,0.872,1.562,3.352,1.836,1122,774,555,562,1.056,1.265,34,34,41,79.0,100.0,No,No,80704,102356,0.0,0.0,0.0,0.000,0.000,45600,11168,41.8,46.0,49.4,44,46,44,46,44,44,44,42,46,83.0,0.750,12.187,12.258,12.173,12.150,12.168,0,0,17.271,5.843,11.518,0.503,7.560,8.530,2.543,11.518,5.098,1.528,3.789,290.000,320.000,1290.0,101.2,1140.0,318.8,1230.0,1080.0,926.4,71.8,886.8,0.0,1.0,0.0,0.0,9.0,0.0,0.1,0.0,0.0,0.0,0,0,Yes,No,No,No,No,Yes,No,5.7,5.6,4,0,0,0,0,0,0,0,0,123,0,0,0,0,0,0,0,0,0,0,0,0,0,0,0,0,0,0,0,0,7458,734,565,41,5.0,4.4,6.6,2.8,2.7,2.7,2.7,4.4,6.7,2.8,2.7,2.7,2.7,228.00,362.32,150.92,150.62,366.30,366.30,0.91,227.12,228.00,0.00,216.41,201,6,0.0,0.0,0,0,0.0,0.0,0,
27.8.2026,17:29:58.605,7547,11706,39.2,5786,10523,35.4,2.4,2944,72,1.176,1.181,1.175,1.175,1.175,1.175,1.175,3921.7,3620.0,3620.0,3620.0,4525.0,4525.0,3620.0,100.0,587.0,100.7,24.1,123.1,648.0,402.5,1718.4,636.5,10.4,433.9,2705.7,118.4,122.0,587.0,14.1,3.0,1.6,3.8,15.6,9.7,38.5,15.2,4.2,10.3,59.6,3.8,3.8,59.6,14.1,15.5,2.1,0.6,3.2,16.9,10.5,45.5,17.1,0.3,11.4,72.0,3.1,3.1,15.5,39.2,36.2,36.2,36.2,45.2,45.2,36.2,0.0,25.7,2.5,17.5,45.9,14.4,68.2,5.7,52.6,15.9,82.5,54.1,59.8,31.8,71.6,21.7,81.6,0.0,0.0,25.8,0.0,22.7,1600.0,16.00,16,18,18,36,74,560,1,41.4,40.5,43.0,34.3,31.3,33.1,36.9,33.9,38.9,31.5,31.6,31.6,29.2,25.1,1.206,0.994,1.225,15.375,5.368,15.376,19.972,38.718,2.221,0.342,1.950,3.552,1.642,4.791,1.049,18.156,5.335,23.491,38.674,1600.0,1600.0,4525.0,4525.0,4650.0,50.9,25.6,22.2,42.6,135.9,No,No,No,0.598,0.332,1.5,41.0,36.0,36.0,33.0,31.5,33.0,36.0,12.192,5.000,1.004,1.348,1.186,0.872,0.872,1.560,3.352,1.834,1122,759,554,562,1.056,1.261,34,34,41,79.0,100.0,No,No,80704,102356,0.0,0.0,0.0,0.000,0.000,45600,11168,41.8,46.0,49.5,44,44,44,46,46,44,46,42,44,83.0,0.750,12.187,12.260,12.174,12.151,12.168,0,0,17.284,5.843,11.963,0.588,7.743,8.773,2.567,11.963,5.156,1.530,4.506,290.000,320.000,1290.0,101.2,1140.0,318.8,1230.0,1080.0,1015.7,79.4,973.6,0.0,1.0,0.0,0.0,9.0,0.0,0.0,0.0,0.0,0.0,0,0,Yes,No,No,No,No,Yes,No,5.7,5.6,4,0,0,0,0,0,0,0,0,123,0,0,0,0,0,0,0,0,0,0,0,0,0,0,0,0,0,0,0,0,7458,734,565,41,5.0,4.4,5.9,3.4,3.3,3.3,3.3,4.4,6.0,3.4,3.3,3.3,3.3,227.88,297.94,168.09,167.19,299.59,299.59,0.92,227.06,227.88,0.00,138.50,201,6,0.5,0.4,0,0,0.0,0.0,0,
27.8.2026,17:29:59.103,8725,10529,45.3,6029,10281,36.9,2.4,2944,72,1.183,1.194,1.181,1.181,1.181,1.181,1.181,3921.7,3620.0,3620.0,4525.0,3620.0,4525.0,3620.0,100.0,613.6,196.3,12.6,225.7,264.7,674.4,1995.5,762.0,58.7,350.9,2587.8,64.6,169.5,613.6,14.1,5.3,1.2,5.8,6.7,15.6,45.0,17.8,0.0,8.4,56.2,2.3,4.8,56.2,14.1,16.2,4.8,0.3,5.7,6.7,17.7,53.7,20.6,1.5,9.1,68.0,1.6,4.5,16.2,39.2,36.2,36.2,45.2,36.2,45.2,36.2,0.0,26.3,5.0,11.1,55.7,17.7,62.6,5.7,49.4,40.3,59.5,44.3,59.9,37.4,54.8,24.3,54.7,29.5,0.0,22.4,0.0,39.5,1600.0,16.00,16,18,18,36,74,560,1,42.4,43.5,43.2,34.5,32.1,31.7,38.1,34.4,39.7,31.2,31.6,31.6,30.8,25.3,1.181,0.994,1.188,15.540,5.577,15.535,20.111,39.208,2.129,0.698,1.256,3.871,1.831,4.225,0.895,18.392,5.543,23.934,39.374,1600.0,1600.0,4525.0,4525.0,4650.0,51.8,25.9,22.3,45.8,143.5,No,No,No,1.028,0.780,1.6,41.0,36.0,36.0,33.0,31.5,33.0,36.0,12.168,5.000,1.002,1.348,1.180,0.872,0.872,1.558,3.332,1.836,1098,759,554,562,1.056,1.261,34,34,41,79.0,100.0,No,No,80704,102356,0.0,0.0,0.0,0.000,0.063,45600,11168,41.8,46.0,49.5,44,44,44,46,46,44,46,42,44,83.0,0.750,12.188,12.260,12.174,12.151,12.168,0,0,17.284,6.088,11.963,0.588,7.743,8.773,2.567,11.963,5.156,1.530,4.506,290.000,320.000,1290.0,101.2,1140.0,318.8,1230.0,1080.0,1015.7,79.4,973.6,0.0,1.0,0.0,0.0,9.0,0.0,0.0,0.0,0.0,0.0,0,0,Yes,No,No,No,No,Yes,No,6.3,6.2,4,0,0,0,0,0,0,0,0,123,0,0,0,0,0,0,0,0,0,0,0,0,0,0,0,0,0,0,0,0,7458,734,565,41,5.0,4.0,4.6,3.4,3.3,3.3,3.3,4.0,4.6,3.4,3.3,3.3,3.3,250.09,298.25,217.30,217.00,299.56,299.56,0.94,249.26,250.09,0.00,77.28,201,6,0.1,0.0,0,0,0.0,0.0,0,
27.8.2026,17:29:59.621,8717,10537,45.2,6027,10282,36.9,2.4,2944,72,1.181,1.181,1.181,1.181,1.181,1.181,1.181,4374.2,3620.0,4525.0,4525.0,4525.0,4525.0,4525.0,100.0,523.4,201.8,144.4,60.1,47.4,177.7,150.4,705.9,194.8,11.1,4508.0,18.5,60.1,523.4,13.0,5.2,9.5,2.0,0.0,5.0,4.2,16.3,10.4,0.0,99.7,1.2,2.0,99.7,13.0,14.1,5.2,3.9,1.4,1.2,4.8,4.0,19.0,5.2,0.3,121.8,0.4,1.4,14.1,43.7,36.2,45.2,45.2,45.2,45.2,45.2,0.0,21.9,4.7,2.3,6.8,16.0,99.7,1.7,38.2,21.9,31.2,84.8,54.7,0.3,36.5,39.9,73.4,66.5,8.4,29.4,0.0,61.8,1600.0,16.00,16,18,18,36,74,560,1,42.9,43.6,40.5,33.5,31.0,30.2,32.2,33.7,43.4,30.4,31.4,31.4,30.2,24.9,1.194,0.994,1.206,12.139,5.938,12.134,15.343,36.525,1.428,0.506,0.433,1.108,1.662,4.420,0.441,14.319,5.901,20.220,36.451,1600.0,1600.0,4525.0,4525.0,4650.0,48.0,20.2,17.0,45.9,166.6,No,No,No,0.165,0.104,1.3,42.0,36.0,36.0,33.0,31.5,33.0,36.0,12.096,4.970,1.002,1.348,1.184,0.872,0.872,1.552,3.320,1.836,1098,774,553,561,1.056,1.262,34,34,41,79.0,100.0,No,No,80704,102356,0.0,0.0,0.0,0.000,0.008,45600,11168,50.7,50.0,60.4,50,50,50,50,50,50,50,48,50,83.0,0.819,12.080,12.166,12.067,12.052,12.034,0,0,18.952,70.058,144.078,23.469,79.676,69.262,14.175,144.078,28.354,25.522,101.905,290.000,320.000,1290.0,1156.5,1230.0,351.8,1335.0,1185.0,1290.1,1155.5,1334.6,100.0,11.0,0.0,0.0,20.4,15.1,60.3,0.0,0.0,0.0,0,0,Yes,No,No,No,No,Yes,No,59.2,58.7,4,0,0,0,0,0,0,0,0,124,0,0,0,0,0,0,0,0,0,0,0,0,0,0,0,0,0,0,0,0,6517,1675,1506,115,16.0,3.9,4.3,3.5,3.5,3.5,3.5,3.9,4.3,3.5,3.5,3.5,3.5,255.72,282.55,234.07,233.78,283.21,283.21,0.81,254.94,255.72,0.00,49.66,201,6,0.4,0.4,0,0,0.0,0.0,0,
27.8.2026,17:30:0.108,8718,10535,45.2,6027,10282,36.9,2.4,2944,72,1.162,1.163,1.163,1.163,1.163,1.163,1.163,3770.8,3620.0,3620.0,3620.0,3620.0,4525.0,3620.0,100.0,533.0,57.4,11.0,53.3,103.5,79.6,3504.8,884.3,251.8,231.8,1101.4,70.5,47.1,533.0,9.5,0.0,0.0,0.0,0.0,0.0,76.8,9.0,0.0,5.9,22.6,0.0,0.0,76.8,9.5,14.4,1.1,0.3,1.5,2.8,2.2,94.7,23.9,6.8,6.2,29.8,1.9,1.2,14.4,37.7,36.2,36.2,36.2,36.2,45.2,36.2,0.0,22.8,1.5,3.8,79.3,20.0,29.3,2.9,39.8,7.9,25.0,20.7,58.8,70.7,55.6,37.4,90.7,71.2,0.0,21.1,0.0,41.5,1600.0,16.00,16,18,18,36,74,560,1,43.0,43.0,39.8,33.7,31.3,30.3,40.4,34.4,34.8,30.8,31.4,31.4,30.0,24.6,1.163,0.994,1.169,12.648,5.924,12.683,15.712,37.120,1.488,0.194,0.422,3.702,1.969,1.966,0.674,14.931,5.887,20.819,37.111,1600.0,1600.0,4525.0,4525.0,4650.0,48.8,21.1,17.5,45.3,165.7,No,No,No,0.185,0.200,1.4,42.0,36.0,36.0,33.0,31.5,33.0,36.0,12.096,4.970,1.002,1.348,1.176,0.872,0.872,1.552,3.320,1.836,1109,755,553,561,1.056,1.262,34,34,41,79.0,100.0,No,No,80704,102356,0.0,0.2,0.2,0.000,0.126,45600,11168,52.5,52.0,62.5,51,50,50,52,52,52,52,50,52,83.0,0.819,12.086,12.175,12.072,12.058,12.040,0,0,82.297,69.312,142.275,23.095,78.794,68.706,14.170,142.275,28.347,25.446,100.703,290.000,320.000,1290.0,1156.5,1230.0,351.8,1335.0,1185.0,1290.1,1155.6,1334.6,100.0,11.0,0.0,0.0,20.4,25.0,100.0,0.0,0.0,0.0,0,0,Yes,No,No,No,No,Yes,No,58.8,59.5,4,0,0,0,0,0,0,0,0,124,0,0,0,0,0,0,0,0,0,0,0,0,0,0,0,0,0,0,0,0,6517,1675,1506,115,16.0,3.8,4.3,3.3,3.3,3.3,3.3,3.8,4.3,3.3,3.3,3.3,3.3,261.12,299.41,233.08,232.77,300.41,300.41,0.80,260.44,261.12,0.00,39.11,201,6,0.1,0.0,0,0,0.0,0.0,0,
27.8.2026,17:30:0.610,8712,10541,45.2,6014,10295,36.8,2.4,2944,72,1.162,1.163,1.163,1.163,1.163,1.163,1.163,3770.8,3620.0,3620.0,4525.0,3620.0,3620.0,3620.0,100.0,547.1,71.4,17.3,92.8,78.7,22.2,4523.9,538.8,18.5,674.4,403.6,66.8,57.2,547.1,12.1,2.3,0.0,0.0,5.7,0.0,100.0,7.2,0.0,15.9,9.8,2.4,2.2,100.0,12.1,14.7,1.5,0.4,2.4,2.1,0.6,122.2,14.5,0.5,18.1,10.9,1.7,1.4,14.7,37.7,36.2,36.2,45.2,36.2,36.2,36.2,0.0,23.3,1.9,3.9,99.6,12.5,18.9,3.0,38.3,11.7,24.9,0.4,58.9,81.1,52.7,38.4,86.4,71.2,0.0,28.7,0.0,44.3,1600.0,16.00,16,18,18,36,74,560,1,43.1,42.9,42.8,33.7,31.7,30.4,42.5,33.1,33.9,30.7,31.4,31.4,29.5,26.4,1.188,0.994,1.194,12.631,5.948,12.659,15.814,37.145,1.491,0.251,0.465,4.357,1.453,1.752,0.665,14.853,5.911,20.764,37.043,1600.0,1600.0,4525.0,4525.0,4650.0,48.7,21.1,17.6,45.1,165.4,No,No,No,0.255,0.157,1.4,43.0,36.0,36.0,33.0,31.5,33.0,36.0,12.120,4.970,1.002,1.348,1.168,0.872,0.872,1.554,3.324,1.836,1109,755,552,560,1.056,1.240,34,34,41,79.0,100.0,No,No,80704,102356,0.0,0.0,0.0,0.000,0.000,45600,11168,53.3,52.0,63.3,52,52,52,52,52,52,52,50,54,83.0,0.819,12.086,12.175,12.072,12.057,12.038,0,0,151.871,68.819,142.360,23.206,78.829,68.651,14.169,142.360,28.347,24.504,96.944,290.000,320.000,1290.0,1156.5,1230.0,1287.9,1335.0,1185.0,1290.9,1155.2,1334.9,100.0,11.0,0.0,0.0,20.4,25.0,100.0,0.0,0.0,0.0,0,0,Yes,No,No,No,No,Yes,No,58.9,57.3,4,0,0,0,0,0,0,0,0,124,0,0,0,0,0,0,0,0,0,0,0,0,0,0,0,0,0,0,0,0,6517,1675,1506,115,16.0,4.1,6.6,3.0,3.0,3.0,3.0,4.1,6.6,3.0,3.0,3.0,3.0,245.83,332.51,151.10,149.75,333.50,333.50,0.88,244.90,245.83,0.00,121.09,201,6,1.1,0.4,0,0,0.0,0.0,0,
27.8.2026,17:30:1.097,8711,10543,45.2,6026,10284,36.9,2.4,2944,72,1.162,1.163,1.163,1.163,1.163,1.163,1.163,3770.8,3620.0,3620.0,4525.0,3620.0,3620.0,3620.0,100.0,526.0,190.5,15.1,103.6,57.7,8.9,4524.3,327.1,269.9,494.5,223.5,50.8,46.4,526.0,11.6,4.9,0.0,3.4,0.0,0.0,100.0,2.2,14.6,9.4,3.0,0.0,2.0,100.0,11.6,14.1,4.6,0.4,2.7,1.5,0.2,122.3,8.8,7.3,13.3,5.9,1.3,1.1,14.1,37.7,36.2,36.2,45.2,36.2,36.2,36.2,0.0,22.7,4.4,3.7,100.0,11.5,14.3,2.4,38.8,12.8,26.3,0.0,41.0,85.1,67.4,38.5,82.9,70.0,0.0,47.5,0.5,30.2,1600.0,16.00,16,18,18,36,74,560,1,43.2,42.8,42.8,33.6,32.6,30.2,42.7,32.1,33.2,30.6,31.4,31.4,30.2,25.2,1.163,0.994,1.169,12.358,5.958,12.362,15.387,36.749,1.451,0.460,0.468,4.377,1.062,1.579,0.756,14.557,5.920,20.477,36.730,1600.0,1600.0,4525.0,4525.0,4650.0,48.3,20.6,17.1,45.0,166.6,No,No,No,0.211,0.225,1.4,43.0,36.0,36.0,33.0,31.5,33.0,36.0,12.096,4.970,1.002,1.348,1.188,0.872,0.872,1.552,3.320,1.836,1125,753,552,560,1.056,1.240,34,34,41,79.0,100.0,No,No,80704,102356,0.0,0.0,0.0,0.000,0.000,45600,11168,53.6,54.0,63.6,53,52,52,52,54,54,52,52,54,83.0,0.819,12.085,12.173,12.072,12.057,12.039,0,0,170.534,68.887,142.324,23.105,78.902,68.665,14.182,142.324,28.371,25.161,96.954,290.000,320.000,1290.0,1156.5,1230.0,1287.9,1335.0,1185.0,1290.4,1155.3,1335.5,100.0,11.0,0.0,0.0,20.4,25.0,100.0,0.0,0.0,0.0,0,0,Yes,No,No,No,No,Yes,No,58.9,59.0,4,0,0,0,0,0,0,0,0,124,0,0,0,0,0,0,0,0,0,0,0,0,0,0,0,0,0,0,0,0,6517,1675,1506,115,16.0,4.7,27.3,3.0,3.0,3.0,3.0,4.7,27.2,3.0,3.0,3.0,3.0,212.55,333.89,36.68,33.54,333.90,333.90,0.71,211.82,212.55,0.00,183.31,201,6,0.0,0.0,0,0,0.0,0.0,0,
27.8.2026,17:30:1.617,8712,10541,45.2,6013,10296,36.8,2.4,2944,72,1.226,1.231,1.225,1.225,1.225,1.225,1.225,3875.0,3720.0,3720.0,4650.0,3720.0,3720.0,3720.0,100.0,534.0,52.2,14.1,242.5,61.2,9.3,4540.2,837.8,19.2,396.4,160.1,34.5,40.6,534.0,13.9,0.0,9.4,3.3,0.0,1.1,100.0,32.3,1.3,9.8,4.5,4.6,0.0,100.0,13.9,14.3,1.0,0.4,6.5,1.6,0.2,122.7,22.6,0.5,10.6,4.2,0.9,1.0,14.3,38.8,37.2,37.2,46.5,37.2,37.2,37.2,0.0,23.6,1.4,6.7,100.0,19.3,12.4,1.8,36.3,11.6,30.1,0.0,49.1,86.5,40.5,40.1,87.1,63.2,0.0,31.7,1.0,57.7,1600.0,16.00,16,18,18,36,74,560,1,43.4,43.1,44.8,33.7,31.8,31.0,43.0,33.4,32.7,30.3,31.4,31.4,31.0,26.1,1.225,0.994,1.238,12.753,5.924,12.678,16.409,36.846,1.514,0.231,0.703,4.487,1.696,1.461,0.505,15.146,5.887,21.033,37.178,1600.0,1600.0,4541.0,4541.0,4650.0,48.9,21.1,18.2,45.4,166.0,No,No,No,0.181,0.132,1.4,43.0,36.0,36.0,33.0,31.5,33.0,36.0,12.096,4.970,1.002,1.348,1.184,0.872,0.872,1.552,3.320,1.836,1125,753,551,559,1.056,1.247,34,34,41,79.0,100.0,No,No,80704,102356,0.0,0.0,0.0,0.000,0.007,45600,11168,54.0,54.0,64.2,53,52,52,54,54,54,54,52,54,83.0,0.819,12.082,12.169,12.068,12.054,12.036,0,0,170.755,68.948,142.108,23.072,78.768,68.563,14.154,142.108,28.325,25.640,97.799,290.000,320.000,1290.0,1156.5,1230.0,1290.0,1335.0,1185.0,1289.8,1155.8,1335.4,100.0,11.0,0.0,0.0,20.4,25.0,100.0,0.0,0.0,0.0,0,0,Yes,No,No,No,No,Yes,No,58.8,57.8,4,0,0,0,0,0,0,0,0,124,0,0,0,0,0,0,0,0,0,0,0,0,0,0,0,0,0,0,0,0,6517,1675,1506,115,16.0,3.5,7.3,2.5,2.5,2.5,2.5,3.5,7.3,2.5,2.5,2.5,2.5,288.86,398.28,137.11,133.49,399.59,399.59,0.78,287.98,288.86,0.00,255.72,201,6,0.0,0.0,0,0,0.0,0.0,0,
27.8.2026,17:30:2.111,8712,10542,45.2,6028,10282,36.9,2.4,2944,72,1.234,1.250,1.231,1.231,1.231,1.231,1.231,3875.0,3720.0,3720.0,4650.0,3720.0,3720.0,3720.0,100.0,534.1,188.2,150.2,80.9,101.8,205.2,4268.2,537.4,63.0,421.8,206.2,46.5,140.5,534.1,14.8,3.2,10.3,5.7,18.3,8.1,91.9,15.2,0.0,11.5,6.3,2.1,4.5,91.9,14.8,14.1,2.4,4.0,2.1,2.6,5.5,115.3,14.5,1.6,11.3,5.4,1.2,3.6,14.1,38.8,37.2,37.2,46.5,37.2,37.2,37.2,0.0,23.2,5.0,4.6,96.0,15.0,13.7,4.7,45.4,34.5,33.1,4.0,64.3,74.8,61.9,31.4,60.5,62.2,0.0,20.7,11.5,33.4,1600.0,16.00,16,18,18,36,74,560,1,44.1,44.9,45.8,34.5,33.0,30.7,44.9,33.8,33.3,31.4,31.8,31.8,30.5,25.7,1.231,0.994,1.238,13.759,5.967,13.797,17.555,39.393,1.784,0.690,0.653,5.113,1.701,1.626,0.923,17.033,5.930,22.963,39.270,1600.0,1600.0,4645.8,4645.8,4650.0,51.7,23.0,19.5,47.3,158.6,No,No,No,0.245,0.356,1.4,43.0,36.0,36.0,33.0,31.5,33.0,36.0,12.096,4.970,1.004,1.348,1.230,0.872,0.872,1.552,3.320,1.836,1167,752,552,559,1.056,1.247,34,34,41,79.0,100.0,No,No,80704,102356,0.0,0.0,0.0,0.000,0.000,45600,11168,53.9,54.0,64.0,53,52,52,54,54,54,54,52,54,83.0,0.819,12.080,12.165,12.067,12.053,12.034,0,0,170.757,69.462,142.785,23.272,79.038,68.883,14.212,142.785,28.431,25.247,100.505,290.000,320.000,1290.0,1156.5,1230.0,1290.0,1335.0,1185.0,1290.1,1155.6,1335.3,78.0,8.0,0.0,0.0,20.4,24.9,99.6,0.0,0.0,0.0,0,0,Yes,No,No,No,No,Yes,No,59.0,58.6,4,0,0,0,0,0,0,0,0,124,0,0,0,0,0,0,0,0,0,0,0,0,0,0,0,0,0,0,0,0,6517,1675,1506,115,16.0,3.2,9.4,2.3,2.3,2.3,2.3,3.2,9.4,2.3,2.3,2.3,2.3,310.98,432.42,106.24,100.85,433.09,433.09,0.70,310.27,310.98,0.00,299.79,201,6,0.1,0.0,0,0,0.0,0.0,0,
27.8.2026,17:30:2.621,8714,10539,45.2,6015,10294,36.8,2.4,2944,72,1.242,1.231,1.244,1.244,1.244,1.244,1.244,3875.0,3720.0,3720.0,4650.0,3720.0,3720.0,3720.0,100.0,526.2,54.5,18.4,67.0,30.8,6.7,4649.5,644.8,9.7,555.8,170.4,57.3,50.0,526.2,12.0,2.1,1.4,0.0,0.0,0.0,100.0,15.5,1.2,15.7,5.4,0.0,2.2,100.0,12.0,14.1,1.2,0.5,1.7,0.8,0.2,125.7,17.4,0.2,14.9,4.5,1.5,1.2,14.1,38.8,37.2,37.2,46.5,37.2,37.2,37.2,0.0,23.9,1.7,2.4,100.0,17.4,18.7,2.8,35.1,10.3,18.7,0.0,59.2,72.1,50.1,41.1,88.0,78.9,0.0,23.4,9.1,47.2,1600.0,16.00,16,18,18,36,74,560,1,44.6,45.4,44.8,34.4,32.4,30.2,45.4,33.2,34.1,30.9,31.8,31.8,30.5,26.0,1.231,0.994,1.256,13.573,5.938,13.582,17.482,39.023,1.687,0.258,0.396,5.237,1.634,1.852,0.748,16.842,5.901,22.742,38.990,1600.0,1600.0,4650.0,4650.0,4650.0,51.3,22.6,19.4,47.8,166.1,No,No,No,0.180,0.127,1.4,44.0,36.0,36.0,33.0,31.5,33.0,36.0,12.096,4.970,1.004,1.348,1.242,0.872,0.872,1.554,3.320,1.836,1167,752,552,546,1.056,1.262,34,34,41,79.0,100.0,No,No,80704,102356,0.0,0.0,0.0,0.000,0.000,45600,11168,54.4,54.0,64.4,54,54,54,54,54,54,54,52,54,83.0,0.819,12.081,12.169,12.068,12.053,12.035,0,0,166.771,69.614,143.255,23.304,79.313,68.993,14.201,143.255,28.398,25.032,100.779,290.000,320.000,1290.0,1156.5,1230.0,1290.0,1335.0,1185.0,1289.7,1155.1,1335.4,100.0,11.0,0.0,0.0,20.4,24.0,96.0,0.0,0.0,0.0,0,0,Yes,No,No,No,No,Yes,No,59.2,59.3,4,0,0,0,0,0,0,0,0,124,0,0,0,0,0,0,0,0,0,0,0,0,0,0,0,0,0,0,0,0,6517,1675,1506,115,16.0,3.2,11.1,2.3,2.3,2.3,2.3,3.2,11.1,2.3,2.3,2.3,2.3,316.78,433.77,90.47,84.17,433.78,433.78,0.90,315.90,316.78,0.00,344.29,201,6,0.0,0.0,0,0,0.0,0.0,0,
27.8.2026,17:30:3.134,8715,10539,45.2,6029,10280,36.9,2.4,2944,72,1.252,1.231,1.256,1.256,1.256,1.256,1.256,3875.0,3720.0,3720.0,4650.0,3720.0,3720.0,3720.0,100.0,527.7,59.6,7.7,70.1,55.7,4649.5,5.9,801.3,39.9,320.4,183.4,76.2,63.1,527.7,12.8,1.8,0.0,2.4,7.7,100.0,0.0,19.6,0.0,9.1,5.5,5.5,2.2,100.0,12.8,14.2,1.1,0.2,1.8,1.4,125.6,0.2,21.6,1.0,8.6,4.9,2.0,1.6,14.2,38.8,37.2,37.2,46.5,37.2,37.2,37.2,0.0,23.8,1.3,3.4,100.0,21.8,12.9,3.5,37.0,11.4,23.4,0.0,62.0,76.5,48.6,39.2,87.3,73.2,0.0,16.2,10.6,47.9,1600.0,16.00,16,18,18,36,74,560,1,44.9,45.4,45.8,34.4,32.3,30.5,45.4,34.0,33.3,31.1,31.8,31.8,30.2,25.4,1.231,0.994,1.238,13.834,5.971,13.826,17.618,39.347,1.714,0.271,0.490,5.261,1.948,1.543,0.770,17.170,5.934,23.104,39.341,1600.0,1600.0,4650.0,4650.0,4650.0,51.8,23.0,19.6,47.8,166.4,No,No,No,0.189,0.222,1.4,44.0,36.0,36.0,33.0,32.0,33.5,36.0,12.120,4.970,1.004,1.348,1.244,0.872,0.872,1.552,3.320,1.836,1178,750,550,559,1.056,1.262,34,34,41,79.0,100.0,No,No,80704,102356,0.0,0.0,0.0,0.000,0.000,45600,11168,54.8,54.0,65.0,54,54,54,54,54,54,54,52,54,83.0,0.819,12.078,12.163,12.066,12.050,12.032,0,0,166.898,69.608,143.135,23.232,79.237,68.892,14.126,143.135,28.253,25.647,100.815,290.000,320.000,1290.0,1156.5,1230.0,1290.0,1335.0,1185.0,1289.7,1155.1,1335.3,100.0,11.0,0.0,0.0,20.4,25.0,100.0,0.0,0.0,0.0,0,0,Yes,No,No,No,No,Yes,No,59.1,57.1,4,0,0,0,0,0,0,0,0,124,0,0,0,0,0,0,0,0,0,0,0,0,0,0,0,0,0,0,0,0,6517,1675,1506,115,16.0,3.0,17.4,2.0,2.0,2.0,2.0,3.1,17.3,2.0,2.0,2.0,2.0,327.95,498.96,57.47,50.56,500.29,500.29,0.76,327.10,327.95,0.00,394.68,201,6,0.0,0.0,0,0,0.0,0.0,0,
27.8.2026,17:30:3.628,8713,10540,45.2,6014,10295,36.8,2.4,2944,72,1.231,1.231,1.231,1.231,1.231,1.231,1.231,3875.0,3720.0,3720.0,4650.0,3720.0,3720.0,3720.0,100.0,518.1,43.2,8.3,121.8,40.9,4649.5,4.5,680.2,18.9,374.2,177.7,31.4,66.7,518.1,12.0,0.0,0.0,6.9,4.8,100.0,1.0,19.0,1.4,8.0,2.6,0.0,0.0,100.0,12.0,13.9,1.1,0.2,3.2,1.0,125.7,0.1,18.4,0.5,10.0,4.7,0.8,1.7,13.9,38.8,37.2,37.2,46.5,37.2,37.2,37.2,0.0,23.5,1.3,4.3,100.0,18.4,14.3,2.6,31.7,14.7,21.7,0.0,68.1,60.1,25.8,44.8,83.9,74.0,0.0,13.6,25.6,71.6,1600.0,16.00,16,18,18,36,74,560,1,45.1,45.5,45.0,34.3,32.4,30.6,45.5,33.7,32.9,30.6,31.8,31.8,31.2,26.6,1.231,0.994,1.238,13.215,5.936,13.223,17.320,38.527,1.633,0.295,0.532,5.240,1.827,1.418,0.483,16.407,5.899,22.306,38.557,1600.0,1600.0,4650.0,4650.0,4650.0,50.7,22.0,19.2,47.9,167.0,No,No,No,0.181,0.125,1.4,44.0,36.0,36.0,33.0,32.0,33.0,36.0,12.120,4.970,1.004,1.348,1.240,0.872,0.872,1.552,3.324,1.836,1178,750,550,559,1.056,1.254,34,34,41,79.0,100.0,No,No,80704,102356,0.0,0.0,0.0,0.000,0.000,45600,11168,55.0,54.0,65.3,54,54,54,54,54,54,54,52,54,83.0,0.819,12.086,12.176,12.072,12.058,12.039,0,0,171.064,69.133,142.928,23.305,79.122,68.861,14.194,142.928,28.395,24.713,97.756,290.000,320.000,1290.0,1156.5,1230.0,1290.0,1335.0,1185.0,1289.9,1155.1,1334.6,100.0,11.0,0.0,0.0,20.4,4.8,19.3,0.0,0.0,0.0,0,0,Yes,No,No,No,No,Yes,No,59.1,58.4,4,0,0,0,0,0,0,0,0,124,0,0,0,0,0,0,0,0,0,0,0,0,0,0,0,0,0,0,0,0,6517,1675,1506,115,16.0,3.0,38.4,2.0,2.0,2.0,2.0,3.0,38.0,2.0,2.0,2.0,2.0,338.86,500.28,26.03,17.32,500.29,500.29,0.78,338.07,338.86,0.00,472.45,201,6,0.4,0.4,0,0,0.0,0.0,0,
27.8.2026,17:30:4.125,8715,10538,45.2,6017,10292,36.8,2.4,2944,72,1.231,1.231,1.231,1.231,1.231,1.231,1.231,3875.0,3720.0,3720.0,4650.0,3720.0,3720.0,3720.0,100.0,528.0,115.1,14.9,224.6,55.5,4390.9,34.0,445.2,129.9,549.7,249.2,95.3,32.5,528.0,14.0,3.3,30.7,6.8,0.0,94.6,4.5,0.0,0.0,15.3,7.4,3.4,1.7,94.6,14.0,14.2,2.5,0.4,6.0,1.4,118.6,0.9,12.0,3.5,14.7,6.6,2.5,0.8,14.2,38.8,37.2,37.2,46.5,37.2,37.2,37.2,0.0,23.6,2.8,7.4,94.9,14.9,18.4,3.4,33.8,23.0,37.8,5.1,55.1,54.1,27.6,42.6,74.2,54.9,0.0,30.0,27.5,69.0,1600.0,16.00,16,18,18,36,74,560,1,45.2,44.8,44.8,34.3,32.6,31.1,44.7,33.3,33.5,30.7,31.8,31.8,30.2,25.2,1.231,0.994,1.238,12.982,5.975,12.985,16.974,38.277,1.659,0.469,0.814,5.006,1.572,1.561,0.534,16.018,5.938,21.956,38.219,1600.0,1600.0,4627.6,4627.6,4650.0,50.3,21.6,18.9,47.1,160.3,No,No,No,0.261,0.325,1.4,45.0,36.0,36.0,33.0,32.0,33.0,36.0,12.096,4.970,1.004,1.348,1.232,0.872,0.872,1.558,3.332,1.836,1190,1534,551,546,1.056,1.254,34,34,41,79.0,100.0,No,No,80704,102356,0.0,0.0,0.0,0.000,0.000,45600,11168,55.2,56.0,65.2,54,54,54,56,54,54,54,54,54,83.0,0.819,12.085,12.174,12.071,12.056,12.038,0,0,171.062,69.696,143.654,23.446,79.440,69.083,14.169,143.654,28.349,24.512,100.960,290.000,320.000,1290.0,1156.5,1230.0,1290.0,1335.0,1185.0,1290.4,1155.1,1335.1,100.0,11.0,0.0,0.0,20.4,25.0,100.0,0.0,0.0,0.0,0,0,Yes,No,No,No,No,Yes,No,59.3,59.8,4,0,0,0,0,0,0,0,0,124,0,0,0,0,0,0,0,0,0,0,0,0,0,0,0,0,0,0,0,0,6517,1675,1506,115,16.0,3.0,39.0,2.0,2.0,2.0,2.0,3.0,38.5,2.0,2.0,2.0,2.0,333.32,499.63,25.66,17.24,499.95,499.95,0.81,332.44,333.32,0.00,477.92,201,6,0.1,0.0,0,0,0.0,0.0,0,
27.8.2026,17:30:4.640,8716,10537,45.2,6016,10293,36.8,2.4,2944,72,1.189,1.163,1.194,1.194,1.194,1.194,1.194,3921.7,3620.0,3620.0,3620.0,4525.0,4525.0,3620.0,100.0,533.2,102.9,27.7,94.8,99.0,2195.8,318.1,512.2,289.7,2595.1,95.3,37.3,30.0,533.2,15.7,2.6,1.4,0.0,3.1,48.0,7.6,31.8,30.3,60.0,3.2,0.0,0.0,60.0,15.7,14.3,1.9,0.7,2.5,2.6,59.3,8.5,13.8,7.8,70.1,2.5,1.0,0.8,14.3,39.2,36.2,36.2,36.2,45.2,45.2,36.2,0.0,23.8,2.6,4.9,53.1,18.5,61.8,1.7,28.1,5.7,30.0,46.9,46.9,24.4,14.5,48.2,91.7,65.1,0.0,34.6,13.9,83.8,1600.0,16.00,16,18,18,36,74,560,1,45.2,44.3,45.8,33.9,31.7,30.7,39.0,33.1,38.4,30.1,31.6,31.6,31.2,26.1,1.194,0.994,1.206,12.312,5.930,12.273,15.841,36.754,1.500,0.255,0.589,3.268,1.641,2.967,0.282,14.854,5.893,20.748,36.949,1600.0,1600.0,4590.6,4590.6,4650.0,48.6,20.5,17.6,46.6,164.5,No,No,No,0.193,0.167,1.4,45.0,36.5,36.0,33.0,32.0,33.0,36.0,12.096,4.970,1.004,1.348,1.228,0.872,0.872,1.554,3.320,1.836,1175,1534,551,546,1.056,1.252,34,34,41,79.0,100.0,No,No,80704,102356,0.0,0.0,0.0,0.000,0.112,45600,11168,55.2,54.0,65.2,54,54,54,54,54,54,54,54,54,83.0,0.819,12.085,12.174,12.071,12.057,12.038,0,0,171.387,69.711,143.654,23.387,79.484,69.121,14.180,143.654,28.364,24.888,100.666,290.000,320.000,1290.0,1156.5,1230.0,1290.0,1335.0,1185.0,1290.6,1155.2,1335.1,100.0,11.0,0.0,0.0,20.4,22.8,91.2,0.0,0.0,0.0,0,0,Yes,No,No,No,No,Yes,No,59.3,58.3,4,0,0,0,0,0,0,0,0,124,0,0,0,0,0,0,0,0,0,0,0,0,0,0,0,0,0,0,0,0,6517,1675,1506,115,16.0,3.0,23.7,2.1,2.1,2.1,2.1,3.1,23.7,2.1,2.1,2.1,2.1,327.91,483.36,42.26,34.46,483.71,483.71,0.73,327.12,327.91,0.00,450.09,201,6,0.4,0.4,0,0,0.0,0.0,0,
27.8.2026,17:30:5.149,8716,10537,45.2,6017,10292,36.8,2.4,2944,72,1.231,1.231,1.231,1.231,1.231,1.231,1.231,3875.0,3720.0,3720.0,4650.0,3720.0,3720.0,3720.0,100.0,555.5,93.5,50.4,68.8,50.4,4545.9,39.4,827.1,358.0,391.3,99.2,25.2,116.4,555.5,11.0,1.7,0.0,0.0,0.0,99.9,1.3,14.7,2.5,9.4,2.9,0.0,0.0,99.9,11.0,14.9,1.2,1.3,1.8,1.3,122.8,1.0,22.4,9.7,10.5,2.6,0.6,3.1,14.9,38.8,37.2,37.2,46.5,37.2,37.2,37.2,0.0,23.3,2.4,2.9,99.8,20.6,11.0,3.3,34.0,10.6,25.8,0.2,61.6,89.0,17.0,42.7,87.0,71.3,0.0,17.8,0.0,79.8,1600.0,16.00,16,18,18,36,74,560,1,45.2,43.5,45.8,33.9,32.0,30.4,43.1,34.4,33.1,30.5,31.6,31.6,31.0,25.9,1.231,0.994,1.238,12.365,5.956,12.412,15.568,37.084,1.485,0.260,0.440,4.501,1.928,1.429,0.352,14.693,5.919,20.612,36.915,1600.0,1600.0,4546.8,4546.8,4650.0,48.6,20.7,17.3,45.8,164.2,No,No,No,0.236,0.195,1.4,45.0,36.0,36.0,33.0,32.0,33.0,36.0,12.096,4.970,1.004,1.348,1.178,0.870,0.872,1.552,3.320,1.836,1175,763,551,546,1.056,1.252,34,34,41,79.0,100.0,No,No,80704,102356,0.0,0.0,0.0,0.000,0.000,45600,11168,55.4,54.0,65.6,54,54,54,54,56,54,54,52,54,83.0,0.812,12.090,12.181,12.075,12.061,12.041,0,0,167.346,68.828,141.499,22.937,78.474,68.497,14.220,141.499,28.441,24.676,99.203,290.000,320.000,1290.0,1156.5,1230.0,1290.0,1335.0,1185.0,1290.5,1155.4,1335.0,100.0,11.0,0.0,0.0,20.4,25.0,100.0,0.0,0.0,0.0,0,0,Yes,No,No,No,No,Yes,No,58.6,59.1,4,0,0,0,0,0,0,0,0,124,0,0,0,0,0,0,0,0,0,0,0,0,0,0,0,0,0,0,0,0,6517,1675,1506,115,16.0,3.0,13.4,2.1,2.1,2.1,2.1,3.0,13.4,2.1,2.1,2.1,2.1,333.24,466.43,74.86,67.66,466.43,466.43,0.85,332.36,333.24,0.00,410.93,201,6,1.7,0.1,0,0,0.0,0.0,0,
27.8.2026,17:30:5.642,8717,10536,45.2,6017,10293,36.8,2.4,2944,72,1.231,1.231,1.231,1.231,1.231,1.231,1.231,3875.0,3720.0,3720.0,4650.0,3720.0,3720.0,3720.0,100.0,523.4,57.5,16.9,66.9,54.1,4649.5,15.8,802.5,17.6,371.2,125.2,80.0,24.0,523.4,14.8,1.4,11.6,7.8,0.0,100.0,0.7,21.9,0.9,7.5,0.7,5.4,20.4,100.0,14.8,14.0,1.0,0.4,1.7,1.4,125.7,0.3,21.7,0.4,9.9,3.3,2.1,0.6,14.0,38.8,37.2,37.2,46.5,37.2,37.2,37.2,0.0,23.7,1.4,3.1,100.0,21.7,13.0,2.7,29.8,18.0,23.4,0.0,62.7,60.9,13.8,46.5,80.6,73.5,0.0,15.6,26.1,83.5,1600.0,16.00,16,18,18,36,74,560,1,45.4,45.4,45.8,34.3,32.5,30.5,45.4,34.0,32.8,30.5,31.8,31.8,30.0,26.0,1.231,0.994,1.238,12.762,5.938,12.761,16.740,37.947,1.618,0.346,0.479,5.232,1.958,1.334,0.359,15.810,5.901,21.711,37.949,1600.0,1600.0,4650.0,4650.0,4650.0,49.9,21.3,18.6,47.8,162.5,No,No,No,0.183,0.156,1.4,45.0,36.5,36.0,33.0,32.0,33.5,36.0,12.120,4.970,1.004,1.348,1.232,0.870,0.872,1.554,3.320,1.834,1184,763,551,546,1.056,1.253,34,34,41,79.0,100.0,No,No,80704,102356,0.0,0.0,0.0,0.000,0.000,45600,11168,55.6,56.0,65.7,55,56,54,54,56,54,56,54,56,83.0,0.812,12.087,12.177,12.073,12.059,12.040,0,0,167.366,68.009,140.400,22.710,77.941,68.048,14.171,140.400,28.349,24.635,95.424,290.000,320.000,1290.0,1156.5,1230.0,1290.0,1335.0,1185.0,1290.0,1155.2,1334.7,100.0,11.0,0.0,0.0,20.4,25.0,100.0,0.0,0.0,0.0,0,0,Yes,No,No,No,No,Yes,No,58.4,57.6,4,0,0,0,0,0,0,0,0,124,0,0,0,0,0,0,0,0,0,0,0,0,0,0,0,0,0,0,0,0,6517,1675,1506,115,16.0,3.1,17.1,2.1,2.1,2.1,2.1,3.1,17.1,2.1,2.1,2.1,2.1,327.71,466.53,58.48,50.99,466.54,466.54,0.87,326.85,327.71,0.00,410.91,201,6,0.6,0.8,0,0,0.0,0.0,0,
27.8.2026,17:30:6.144,8716,10537,45.2,6017,10292,36.8,2.4,2944,72,1.231,1.231,1.231,1.231,1.231,1.231,1.231,3875.0,3720.0,3720.0,4650.0,3720.0,3720.0,3720.0,100.0,531.7,76.2,22.7,106.4,37.7,4633.8,25.3,798.1,32.8,355.8,175.8,62.1,53.6,531.7,13.3,0.0,9.2,6.0,6.9,99.6,0.0,21.7,1.2,9.8,5.0,0.0,0.0,99.6,13.3,14.3,1.3,0.6,2.8,1.0,125.2,0.6,21.6,0.8,9.5,4.6,1.6,1.4,14.3,38.8,37.2,37.2,46.5,37.2,37.2,37.2,0.0,24.0,1.9,3.9,99.8,21.8,13.7,3.2,31.9,9.6,28.5,0.2,64.7,74.8,13.4,44.1,88.5,67.6,0.0,13.5,11.6,83.4,1600.0,16.00,16,18,18,36,74,560,1,45.4,45.4,45.2,34.3,32.3,30.7,45.4,34.0,33.2,30.5,31.8,31.8,26.2,24.4,1.231,0.994,1.238,13.123,5.960,13.118,16.901,38.336,1.650,0.270,0.575,5.207,1.959,1.526,0.364,16.246,5.923,22.169,38.411,1600.0,1600.0,4650.0,4650.0,4650.0,50.5,21.9,18.8,47.8,163.5,No,No,No,0.210,0.191,1.4,45.0,36.0,36.0,33.0,32.0,33.5,36.0,12.096,4.970,1.004,1.348,1.232,0.870,0.872,1.552,3.320,1.836,1184,762,550,559,1.056,1.253,34,34,41,79.0,100.0,No,No,80704,102356,0.0,0.0,0.0,0.000,0.000,45600,11168,55.7,56.0,65.6,55,54,54,54,56,56,56,54,56,83.0,0.812,12.086,12.175,12.072,12.058,12.039,0,0,170.064,68.231,140.522,22.719,78.143,68.066,14.218,140.522,28.443,23.973,97.474,290.000,320.000,1290.0,1156.5,1230.0,1290.0,1335.0,1185.0,1290.3,1155.2,1334.9,100.0,11.0,0.0,0.0,20.4,24.0,96.1,0.0,0.0,0.0,0,0,Yes,No,No,No,No,Yes,No,58.3,58.7,4,0,0,0,0,0,0,0,0,124,0,0,0,0,0,0,0,0,0,0,0,0,0,0,0,0,0,0,0,0,6517,1675,1506,115,16.0,3.2,13.6,2.1,2.1,2.1,2.1,3.2,13.6,2.1,2.1,2.1,2.1,311.04,465.20,73.63,67.65,466.54,466.54,0.98,310.11,311.04,0.00,383.22,201,6,4.8,0.3,0,0,0.0,0.0,0,
27.8.2026,17:30:6.636,8714,10539,45.2,6015,10294,36.8,2.4,2944,72,1.235,1.256,1.231,1.231,1.231,1.231,1.231,3875.0,3720.0,3720.0,4650.0,3720.0,3720.0,3720.0,100.0,515.9,62.6,19.8,89.1,69.7,4228.8,30.9,870.7,69.7,558.1,88.4,60.5,42.8,515.9,13.6,1.6,1.0,0.0,2.3,91.1,1.2,23.8,2.4,14.7,2.8,10.3,12.3,91.1,13.6,13.8,1.1,0.5,2.3,1.8,114.3,0.7,23.5,1.9,15.0,2.3,1.6,1.1,13.8,38.8,37.2,37.2,46.5,37.2,37.2,37.2,0.0,23.5,1.6,4.2,91.4,24.9,16.3,2.8,38.5,15.6,30.2,8.6,74.2,82.8,19.9,37.9,82.8,65.6,0.0,1.0,0.9,77.4,1600.0,16.00,16,18,18,36,74,560,1,45.5,44.5,45.8,34.3,32.2,30.7,44.3,34.5,33.5,30.6,31.8,31.8,30.8,25.4,1.231,0.994,1.238,13.314,5.943,13.309,16.692,38.542,1.688,0.321,0.620,4.869,2.181,1.725,0.410,16.397,5.906,22.303,38.553,1600.0,1600.0,4605.8,4605.8,4650.0,50.7,22.2,18.5,46.8,161.5,No,No,No,0.247,0.283,1.4,45.0,36.0,36.0,33.0,32.0,33.5,36.0,12.096,4.970,1.004,1.348,1.222,0.870,0.872,1.552,3.328,1.836,1189,762,550,559,1.056,1.247,34,34,41,79.0,100.0,No,No,80704,102356,0.0,0.0,0.0,0.000,0.000,45600,11168,55.3,56.0,65.3,55,56,54,54,56,56,56,54,54,83.0,0.812,12.085,12.173,12.071,12.057,12.038,0,0,169.348,68.324,140.558,22.739,78.078,68.193,14.241,140.558,28.496,24.683,97.366,290.000,320.000,1290.0,1156.5,1230.0,1290.0,1335.0,1185.0,1290.1,1155.9,1335.1,76.0,8.0,0.0,0.0,20.4,25.0,100.0,0.0,0.0,0.0,0,0,Yes,No,No,No,No,Yes,No,58.3,57.8,4,0,0,0,0,0,0,0,0,124,0,0,0,0,0,0,0,0,0,0,0,0,0,0,0,0,0,0,0,0,6517,1675,1506,115,16.0,3.3,7.2,2.5,2.5,2.5,2.5,3.3,7.2,2.5,2.5,2.5,2.5,305.45,399.27,139.01,134.53,399.61,399.61,0.98,304.42,305.45,0.00,282.93,201,6,20.1,1.8,0,0,0.0,0.0,0,
27.8.2026,17:30:7.138,8716,10537,45.2,6018,10291,36.9,2.4,2944,72,1.252,1.231,1.256,1.256,1.256,1.256,1.256,3875.0,3720.0,3720.0,4650.0,3720.0,3720.0,3720.0,100.0,535.0,106.6,17.3,65.4,71.1,4649.1,14.5,877.5,19.5,377.3,150.7,29.3,41.2,535.0,13.2,3.1,1.2,5.3,5.5,100.0,1.0,16.6,1.3,10.8,4.7,7.2,1.8,100.0,13.2,14.4,2.3,0.4,1.7,1.8,125.6,0.3,23.7,0.5,10.1,4.0,0.8,1.1,14.4,38.8,37.2,37.2,46.5,37.2,37.2,37.2,0.0,24.3,2.9,3.7,100.0,24.0,13.6,1.9,32.1,10.2,32.5,0.0,64.4,76.6,8.6,43.6,86.9,63.9,0.0,11.5,9.8,89.5,1600.0,16.00,16,18,18,36,74,560,1,45.5,45.4,46.0,34.4,32.5,30.7,45.4,34.3,33.2,30.3,31.8,31.8,30.8,25.9,1.256,0.994,1.262,13.270,5.974,13.254,16.962,38.467,1.669,0.335,0.613,5.209,2.077,1.527,0.253,16.424,5.937,22.361,38.585,1600.0,1600.0,4650.0,4650.0,4650.0,50.8,22.1,18.8,47.8,163.7,No,No,No,0.210,0.194,1.5,45.0,36.5,36.0,33.0,32.0,33.5,36.0,12.096,4.970,1.004,1.348,1.232,0.870,0.872,1.552,3.320,1.836,1189,762,550,559,1.056,1.247,34,34,41,79.0,100.0,No,No,80704,102356,0.0,0.0,0.0,0.000,0.000,45600,11168,56.0,56.0,66.0,55,56,54,56,56,54,56,54,56,83.0,0.812,12.087,12.176,12.072,12.059,12.039,0,0,164.814,68.304,140.425,22.612,78.168,68.071,14.218,140.425,28.453,24.364,98.001,290.000,320.000,1290.0,1156.5,1230.0,1290.0,1335.0,1185.0,1290.0,1155.1,1335.0,100.0,11.0,0.0,0.0,20.4,24.1,96.4,0.0,0.0,0.0,0,0,Yes,No,No,No,No,Yes,No,58.2,59.2,4,0,0,0,0,0,0,0,0,124,0,0,0,0,0,0,0,0,0,0,0,0,0,0,0,0,0,0,0,0,6517,1675,1506,115,16.0,3.8,6.5,2.6,2.6,2.6,2.6,3.8,6.6,2.6,2.6,2.6,2.6,266.57,380.38,152.75,150.66,382.71,382.71,0.93,265.64,266.57,0.00,240.84,201,6,45.8,3.3,0,0,0.0,0.0,0,
27.8.2026,17:30:7.651,8728,10525,45.3,6026,10283,36.9,2.4,2944,72,1.250,1.231,1.256,1.256,1.256,1.250,1.250,3875.0,3720.0,3720.0,4650.0,3720.0,3720.0,3720.0,100.0,532.1,44.1,15.8,94.5,41.1,8.8,4649.2,659.8,210.1,424.1,160.3,37.6,40.0,532.1,13.0,1.3,1.0,3.0,1.6,0.0,100.0,25.0,6.1,10.8,1.8,1.5,4.5,100.0,13.0,14.2,0.7,0.4,2.5,1.1,0.3,125.6,17.8,5.6,10.3,4.3,1.0,1.0,14.2,38.8,37.2,37.2,46.5,37.2,37.2,37.2,0.0,23.0,1.2,3.2,100.0,17.8,13.6,2.0,30.8,9.1,25.5,0.0,60.6,81.9,7.8,46.2,89.7,71.3,0.0,21.6,4.5,90.2,1600.0,16.00,16,18,18,36,74,560,1,45.5,45.3,46.8,34.3,32.3,30.6,45.3,33.7,33.4,30.3,31.8,31.8,30.8,26.3,1.256,0.994,1.262,12.877,5.940,12.844,15.832,37.756,1.605,0.231,0.503,5.174,1.791,1.666,0.268,15.925,5.903,21.828,38.021,1600.0,1600.0,4650.0,4650.0,4650.0,50.0,21.4,17.6,47.7,165.4,No,No,No,0.186,0.085,1.4,45.0,36.0,36.0,33.0,32.0,33.5,36.5,12.096,4.970,1.002,1.348,1.232,0.870,0.872,1.552,3.324,1.836,1223,762,550,559,1.056,1.263,34,34,41,79.0,100.0,No,No,80704,102356,0.0,0.0,0.0,0.000,0.000,45600,11168,56.1,56.0,66.1,56,56,56,56,56,54,56,56,56,83.0,0.812,12.088,12.177,12.074,12.060,12.040,0,0,164.628,68.208,140.159,22.638,77.923,68.006,14.207,140.159,28.431,25.055,97.297,290.000,320.000,1290.0,1156.5,1230.0,1290.0,1335.0,1185.0,1290.5,1155.4,1335.3,100.0,11.0,0.0,0.0,20.4,25.0,100.0,0.0,0.0,0.0,0,0,Yes,No,No,No,No,Yes,No,58.1,59.1,4,0,0,0,0,0,0,0,0,124,0,0,0,0,0,0,0,0,0,0,0,0,0,0,0,0,0,0,0,0,6517,1675,1506,115,16.0,3.8,5.0,3.0,3.0,3.0,3.0,3.8,5.0,3.0,3.0,3.0,3.0,266.58,331.51,201.65,200.46,332.83,332.83,0.83,265.76,266.58,0.00,157.80,201,6,7.5,0.2,0,0,0.0,0.0,0,
27.8.2026,17:30:8.147,8706,10548,45.2,6022,10287,36.9,2.4,2944,72,1.231,1.231,1.231,1.231,1.231,1.231,1.231,3875.0,3720.0,3720.0,4650.0,3720.0,3720.0,3720.0,100.0,505.9,38.5,9.5,65.5,44.2,7.4,4645.6,785.1,22.8,226.6,206.9,7.6,10.8,505.9,10.9,1.2,0.0,0.0,0.0,0.5,99.9,18.9,0.0,4.5,5.8,0.0,0.0,99.9,10.9,13.7,0.8,0.2,1.7,1.2,0.2,125.6,21.2,0.6,7.1,5.4,0.2,0.3,13.7,38.8,37.2,37.2,46.5,37.2,37.2,37.2,0.0,23.0,1.1,2.9,99.9,21.2,12.5,0.5,27.4,6.4,20.7,0.1,58.9,72.5,6.0,49.5,92.5,76.4,0.0,19.9,15.0,93.5,1600.0,16.00,16,18,18,36,74,560,1,45.6,45.3,45.0,34.2,32.3,30.6,45.3,33.9,33.1,30.1,31.8,31.8,30.5,24.7,1.231,0.994,1.238,12.442,5.956,12.503,15.563,38.012,1.518,0.179,0.414,5.183,1.878,1.331,0.125,15.372,5.919,21.291,37.613,1600.0,1600.0,4650.0,4650.0,4650.0,49.5,20.8,17.3,47.7,167.4,No,No,No,0.155,0.189,1.4,45.0,36.0,36.0,33.0,32.0,33.5,36.0,12.120,4.970,1.004,1.348,1.232,0.870,0.872,1.554,3.320,1.836,1223,762,551,546,1.056,1.263,34,34,41,79.0,100.0,No,No,80704,102356,0.0,0.0,0.0,0.000,0.000,45600,11168,56.3,56.0,66.3,56,56,54,56,56,56,56,56,56,83.0,0.812,12.089,12.180,12.074,12.060,12.040,0,0,169.320,68.407,140.932,22.898,78.181,68.281,14.220,140.932,28.457,24.002,97.755,290.000,320.000,1290.0,1156.5,1230.0,1290.0,1335.0,1185.0,1290.2,1154.9,1335.4,100.0,11.0,0.0,0.0,20.4,24.5,98.0,0.0,0.0,0.0,0,0,Yes,No,No,No,No,Yes,No,58.4,57.7,4,0,0,0,0,0,0,0,0,124,0,0,0,0,0,0,0,0,0,0,0,0,0,0,0,0,0,0,0,0,6517,1675,1506,115,16.0,3.7,4.3,3.3,3.3,3.3,3.3,3.7,4.3,3.3,3.3,3.3,3.3,266.70,299.05,234.35,233.76,299.71,299.71,0.79,265.86,266.70,0.00,83.03,201,6,0.0,0.0,0,0,0.0,0.0,0,
27.8.2026,17:30:8.645,8705,10548,45.2,6009,10300,36.8,2.4,2944,72,1.231,1.231,1.231,1.231,1.231,1.231,1.231,3875.0,3720.0,3720.0,4650.0,3720.0,3720.0,3720.0,100.0,536.6,109.1,44.3,108.3,105.7,239.1,4148.6,513.7,17.4,910.9,119.1,48.8,74.0,536.6,13.5,0.0,0.0,0.0,3.3,2.8,89.0,13.6,1.0,24.5,3.7,24.7,0.0,89.0,13.5,14.3,1.6,1.1,2.8,2.8,6.4,112.1,13.8,0.4,24.5,3.1,1.3,1.9,14.3,38.8,37.2,37.2,46.5,37.2,37.2,37.2,0.0,24.3,2.8,5.3,94.2,13.6,26.8,3.3,37.7,13.0,54.6,5.8,64.2,72.8,15.6,38.0,84.2,40.1,0.0,22.3,0.5,81.1,1600.0,16.00,16,18,18,36,74,560,1,45.5,44.5,45.2,34.3,32.4,31.1,44.4,32.8,34.5,30.4,31.8,31.8,30.0,25.1,1.231,0.994,1.238,13.338,5.963,13.325,17.306,38.649,1.687,0.375,0.869,4.936,1.483,2.046,0.412,16.475,5.926,22.401,38.642,1600.0,1600.0,4643.9,4643.9,4650.0,50.8,22.2,19.2,46.8,162.4,No,No,No,0.266,0.246,1.5,45.0,36.0,36.5,33.0,32.0,33.5,36.5,12.096,4.970,1.004,1.348,1.234,0.870,0.872,1.554,3.336,1.836,1191,1492,550,546,1.056,1.250,34,34,41,79.0,100.0,No,No,80704,102356,0.0,0.0,0.0,0.000,0.000,45600,11168,56.5,56.0,66.7,56,56,56,56,56,56,56,56,56,83.0,0.812,12.088,12.178,12.073,12.059,12.040,0,0,169.606,68.512,141.633,22.968,78.617,68.473,14.232,141.633,28.463,24.403,96.190,290.000,320.000,1290.0,1156.5,1230.0,1290.0,1335.0,1185.0,1290.3,1155.6,1334.9,100.0,11.0,0.0,0.0,20.4,24.5,98.0,0.0,0.0,0.0,0,0,Yes,No,No,No,No,Yes,No,46.5,23.9,4,0,0,0,0,0,0,0,0,124,0,0,0,0,0,0,0,0,0,0,0,0,0,0,0,0,0,0,0,0,6517,1675,1506,115,16.0,3.8,4.0,3.5,3.5,3.5,3.5,3.7,4.0,3.5,3.5,3.5,3.5,266.59,282.71,250.48,250.18,283.04,283.04,0.63,266.03,266.59,0.00,41.34,201,6,0.7,0.5,0,0,0.0,0.0,0,
27.8.2026,17:30:9.147,8705,10548,45.2,6024,10285,36.9,2.4,2944,72,1.231,1.231,1.231,1.231,1.231,1.231,1.231,3875.0,3720.0,3720.0,4650.0,3720.0,3720.0,3720.0,100.0,532.0,96.4,57.7,263.9,225.4,7.7,4649.5,420.5,26.0,429.8,124.6,31.3,52.0,532.0,14.9,1.6,14.8,19.6,9.2,0.6,100.0,11.7,1.1,11.8,3.7,0.0,4.6,100.0,14.9,14.2,1.2,1.5,7.0,6.0,0.2,125.7,11.3,0.7,11.5,3.3,0.8,1.3,14.2,38.8,37.2,37.2,46.5,37.2,37.2,37.2,0.0,23.3,2.8,8.5,100.0,11.9,14.4,2.1,33.5,17.2,45.0,0.0,64.7,63.3,11.0,43.2,80.0,46.5,0.0,23.4,22.3,86.9,1600.0,16.00,16,18,18,36,74,560,1,45.6,45.6,45.2,34.3,32.7,31.9,45.6,32.4,33.2,30.2,31.9,31.9,30.8,25.0,1.231,0.994,1.238,12.926,5.972,12.940,16.667,38.371,1.630,0.393,1.133,5.233,1.327,1.399,0.296,16.024,5.934,21.958,38.224,1600.0,1600.0,4650.0,4650.0,4650.0,50.3,21.6,18.5,48.0,163.3,No,No,No,0.210,0.246,1.4,45.0,36.5,36.5,33.0,32.0,33.5,36.5,12.096,4.970,1.004,1.348,1.242,0.870,0.872,1.552,3.320,1.836,1191,1492,550,559,1.056,1.250,34,34,41,79.0,100.0,No,No,80704,102356,0.0,0.0,0.0,0.000,0.007,45600,11168,56.3,56.0,66.3,56,56,56,56,56,56,56,56,56,83.0,0.812,12.091,12.183,12.076,12.063,12.044,0,0,169.606,68.178,140.931,22.758,78.335,68.290,14.235,140.931,28.486,23.984,95.653,290.000,320.000,1290.0,1156.5,1230.0,1290.0,1335.0,1185.0,1290.4,1155.1,1335.2,100.0,11.0,0.0,0.0,20.4,23.9,95.5,0.0,0.0,0.0,0,0,Yes,No,No,No,No,Yes,No,58.4,59.2,4,0,0,0,0,0,0,0,0,124,0,0,0,0,0,0,0,0,0,0,0,0,0,0,0,0,0,0,0,0,6517,1675,1506,115,16.0,3.7,4.0,3.5,3.5,3.5,3.5,3.8,4.0,3.5,3.5,3.5,3.5,266.76,283.32,250.19,249.89,283.66,283.66,0.53,266.20,266.76,0.00,16.66,201,6,0.7,0.0,0,0,0.0,0.0,0,
27.8.2026,17:30:9.638,8702,10551,45.1,6009,10300,36.8,2.4,2944,72,1.231,1.231,1.231,1.231,1.231,1.231,1.231,3875.0,3720.0,3720.0,4650.0,3720.0,3720.0,3720.0,100.0,532.6,92.3,39.4,291.1,314.5,12.6,4648.6,308.8,35.9,414.4,146.0,40.7,47.1,532.6,11.6,1.6,0.0,7.7,5.4,0.0,100.0,8.2,0.8,11.0,3.8,0.0,1.2,100.0,11.6,14.3,1.6,1.0,7.8,8.4,0.3,125.6,8.2,0.8,11.1,3.8,1.1,1.2,14.3,38.8,37.2,37.2,46.5,37.2,37.2,37.2,0.0,23.0,2.4,10.6,100.0,8.6,14.5,2.2,29.2,13.9,41.8,0.0,39.1,67.9,12.4,47.8,83.7,47.6,0.0,52.3,17.7,85.5,1600.0,16.00,16,18,18,36,74,560,1,45.6,45.5,45.0,34.2,32.7,32.2,45.4,31.7,33.0,30.0,31.8,31.8,30.8,25.8,1.231,0.994,1.238,12.688,5.974,12.690,16.081,37.892,1.587,0.364,1.222,5.199,1.013,1.423,0.300,15.711,5.937,21.648,37.892,1600.0,1600.0,4650.0,4650.0,4650.0,49.9,21.1,17.9,47.9,164.5,No,No,No,0.204,0.126,1.4,45.0,36.0,36.5,33.0,32.0,33.5,36.5,12.096,4.970,1.004,1.348,1.244,0.868,0.872,1.554,3.320,1.836,1223,747,551,547,1.056,1.255,34,34,41,79.0,100.0,No,No,80704,102356,0.0,0.0,0.0,0.000,0.000,45600,11168,56.6,56.0,66.5,56,56,56,56,56,56,56,56,56,83.0,0.812,12.086,12.175,12.072,12.058,12.038,0,0,164.381,68.543,140.982,22.706,78.454,68.272,14.229,140.982,28.474,23.789,99.003,290.000,320.000,1290.0,1156.5,1230.0,1290.0,1335.0,1185.0,1290.2,1155.0,1334.8,100.0,11.0,0.0,0.0,20.4,25.0,100.0,0.0,0.0,0.0,0,0,Yes,No,No,No,No,Yes,No,58.4,59.3,4,0,0,0,0,0,0,0,0,124,0,0,0,0,0,0,0,0,0,0,0,0,0,0,0,0,0,0,0,0,6517,1675,1506,115,16.0,3.7,4.6,3.3,3.3,3.3,3.3,3.8,4.6,3.3,3.3,3.3,3.3,266.71,299.63,217.86,216.65,299.96,299.96,0.67,266.08,266.71,0.00,61.13,201,6,0.4,0.4,0,0,0.0,0.0,0,
27.8.2026,17:30:10.164,8705,10548,45.2,6023,10286,36.9,2.4,2944,72,1.231,1.231,1.231,1.231,1.231,1.231,1.231,3875.0,3720.0,3720.0,4650.0,3720.0,3720.0,3720.0,100.0,536.9,95.2,12.0,103.1,78.8,5.7,4648.9,731.0,37.7,436.1,187.6,53.9,53.2,536.9,13.1,3.1,6.8,3.6,2.9,1.0,100.0,0.0,0.0,12.2,5.6,21.4,0.0,100.0,13.1,14.4,2.2,0.3,2.7,2.1,0.1,125.6,19.7,0.9,11.5,4.8,1.4,1.4,14.4,38.8,37.2,37.2,46.5,37.2,37.2,37.2,0.0,24.2,2.4,4.4,100.0,20.0,15.6,2.8,30.9,9.4,28.7,0.0,58.7,77.0,11.5,44.9,88.1,66.8,0.0,21.2,7.4,85.7,1600.0,16.00,16,18,18,36,74,560,1,45.8,45.4,45.2,34.3,32.5,30.7,45.4,33.5,33.4,30.4,31.8,31.8,30.8,26.3,1.231,0.994,1.238,13.090,5.960,13.089,16.863,38.196,1.655,0.310,0.598,5.191,1.829,1.671,0.333,16.198,5.923,22.120,38.370,1600.0,1600.0,4650.0,4650.0,4650.0,50.5,21.8,18.7,47.8,162.6,No,No,No,0.212,0.241,1.5,45.0,36.0,36.5,33.0,32.0,33.5,36.5,12.096,4.970,1.004,1.348,1.238,0.870,0.872,1.552,3.320,1.836,1223,747,551,547,1.056,1.255,34,34,41,79.0,100.0,No,No,80704,102356,0.0,0.0,0.0,0.000,0.000,45600,11168,56.8,56.0,66.6,56,56,56,56,56,56,56,56,56,83.0,0.812,12.087,12.175,12.073,12.059,12.039,0,0,169.768,68.261,139.929,22.597,77.884,67.931,14.254,139.929,28.508,24.204,99.111,290.000,320.000,1290.0,1156.5,1230.0,1290.0,1335.0,1185.0,1289.6,1155.3,1335.3,100.0,11.0,0.0,0.0,20.4,25.0,100.0,0.0,0.0,0.0,0,0,Yes,No,No,No,No,Yes,No,58.1,58.3,4,0,0,0,0,0,0,0,0,124,0,0,0,0,0,0,0,0,0,0,0,0,0,0,0,0,0,0,0,0,6517,1675,1506,115,16.0,3.6,5.0,3.0,3.0,3.0,3.0,3.6,4.9,3.0,3.0,3.0,3.0,277.75,332.85,201.77,199.97,333.52,333.52,0.65,277.11,277.75,0.00,105.51,201,6,0.2,0.0,0,0,0.0,0.0,0,
27.8.2026,17:30:10.660,6340,12914,32.9,5289,11021,32.4,2.4,2944,72,1.153,0.950,1.194,1.194,1.194,1.194,1.194,3780.0,3675.0,3620.0,3620.0,4525.0,3620.0,3620.0,100.0,514.2,394.8,139.1,119.2,293.3,168.8,3170.2,578.8,20.0,781.6,361.7,86.3,56.3,514.2,15.1,7.4,4.4,0.0,11.0,9.7,68.5,36.4,18.5,20.8,4.2,0.0,0.0,68.5,15.1,13.5,6.8,3.7,3.1,7.7,4.5,85.6,15.6,0.5,20.7,9.4,2.3,1.4,13.5,37.8,36.8,36.2,36.2,45.2,36.2,36.2,0.0,22.8,10.4,11.0,72.0,14.8,25.0,3.8,52.8,55.8,74.6,28.0,51.4,73.6,33.7,24.3,33.9,14.4,0.0,33.8,1.4,62.5,1600.0,16.00,16,18,18,36,74,560,1,45.8,42.0,47.0,34.2,33.6,31.7,41.4,33.2,34.7,30.8,31.8,31.8,31.0,25.6,1.219,0.994,1.231,14.041,6.205,14.011,16.559,39.569,1.813,1.059,1.235,4.275,1.586,2.088,0.638,17.098,6.166,23.264,39.672,1600.0,1600.0,4450.3,4450.3,4650.0,52.2,23.4,18.4,44.2,156.6,No,No,No,1.329,1.940,1.4,45.0,36.0,36.5,33.0,32.0,33.5,36.5,12.168,4.980,1.004,1.348,1.218,0.868,0.872,1.558,3.336,1.836,1190,762,550,559,1.056,1.245,34,34,41,79.0,100.0,No,No,80704,102356,0.0,0.1,0.1,0.000,0.080,45600,11168,52.5,56.0,62.7,56,56,56,56,56,56,56,56,56,83.0,0.812,12.153,12.251,12.135,12.115,12.109,0,0,161.007,24.146,46.782,3.626,36.296,32.905,13.029,46.782,26.063,2.348,9.481,290.000,320.000,1290.0,1156.5,1230.0,1290.0,1335.0,1185.0,1290.7,1155.3,1334.8,100.0,11.0,0.0,0.0,17.3,19.2,76.8,0.0,0.0,0.0,0,0,Yes,No,No,No,No,Yes,No,25.1,23.3,4,0,0,0,0,0,0,0,0,124,0,0,0,0,0,0,0,0,0,0,0,0,0,0,0,0,0,0,0,0,6773,1419,1250,115,16.0,3.5,6.5,2.6,2.6,2.6,2.6,3.5,6.5,2.6,2.6,2.6,2.6,289.00,382.50,153.65,150.35,383.50,383.50,0.69,288.22,289.00,0.00,183.49,201,6,1.0,0.5,0,0,0.0,0.0,0,
27.8.2026,17:30:11.159,6340,12913,32.9,5289,11020,32.4,2.4,2944,72,0.964,0.963,0.969,0.969,0.969,0.956,0.956,3656.7,3675.0,3675.0,3675.0,3675.0,3620.0,3620.0,100.0,180.4,41.5,11.5,97.7,81.1,297.7,84.1,720.1,63.1,454.1,116.3,36.4,160.5,180.4,4.1,1.2,0.0,2.5,0.0,6.9,2.1,10.7,0.0,10.4,3.1,0.0,12.2,12.2,4.1,4.8,0.9,0.3,2.6,2.1,7.7,2.0,19.5,1.7,12.2,3.1,0.9,4.3,4.8,36.6,36.8,36.8,36.8,36.8,36.2,36.2,0.0,7.8,1.4,4.1,8.1,16.6,12.4,3.9,44.7,25.2,26.8,80.7,65.6,58.3,11.7,47.5,73.3,69.1,11.2,17.8,29.4,84.4,1600.0,16.00,16,18,18,36,74,560,1,45.2,35.1,34.8,31.2,30.1,30.3,31.3,34.2,30.8,30.5,30.8,30.8,31.2,25.5,1.150,0.994,1.156,7.553,5.986,7.631,7.631,31.054,0.744,0.282,0.440,0.981,1.604,0.825,0.333,8.330,5.949,14.279,30.629,1600.0,1600.0,3964.7,3964.7,4650.0,40.3,12.7,8.5,37.0,184.6,No,No,No,0.228,0.228,0.5,45.0,36.0,36.5,33.0,32.0,33.5,36.5,12.168,4.990,1.004,1.348,1.072,0.868,0.872,1.558,3.336,1.836,1228,762,550,559,1.056,1.245,34,34,41,79.0,100.0,No,No,80704,102356,0.0,0.0,0.0,0.000,0.000,45600,11168,50.2,56.0,60.0,55,56,54,56,54,54,56,54,54,83.0,0.819,12.155,12.255,12.137,12.116,12.111,0,0,113.939,21.842,40.183,2.292,33.365,30.593,13.043,40.183,26.094,2.113,8.715,290.000,320.000,1290.0,1187.7,1230.0,1290.0,1335.0,1185.0,1290.8,1186.2,1334.8,0.0,0.0,0.0,0.0,9.0,19.2,76.8,0.0,0.0,0.0,0,0,Yes,No,No,No,No,Yes,No,23.1,23.7,4,0,0,0,0,0,0,0,0,124,0,0,0,0,0,0,0,0,0,0,0,0,0,0,0,0,0,0,0,0,7458,734,565,41,16.0,4.0,14.4,2.5,2.5,2.5,2.5,4.0,14.5,2.5,2.5,2.5,2.5,249.98,399.07,69.46,67.22,399.56,399.56,0.47,249.41,249.98,0.00,262.56,201,6,0.0,0.0,0,0,0.0,0.0,0,
27.8.2026,17:30:11.671,6334,12919,32.9,5283,11026,32.3,2.4,2944,72,0.951,0.956,0.950,0.950,0.950,0.950,0.950,3675.0,3675.0,3675.0,3675.0,3675.0,3675.0,3675.0,100.0,119.7,46.8,3.8,30.7,15.5,301.9,151.7,573.8,10.3,237.2,45.5,8.3,10.4,119.7,4.3,0.0,0.0,4.7,4.3,4.7,1.3,13.5,1.1,3.2,5.0,14.5,0.0,14.5,4.3,3.2,0.9,0.1,0.8,0.4,8.1,4.0,15.5,0.3,6.3,1.2,0.2,0.3,3.2,36.8,36.8,36.8,36.8,36.8,36.8,36.8,17.6,5.3,1.0,1.2,10.0,12.8,6.4,0.4,30.6,10.1,12.3,56.6,61.4,41.4,2.0,64.1,88.8,86.5,33.4,25.8,52.3,97.6,1600.0,16.00,16,18,18,36,74,560,1,44.6,33.5,34.0,30.2,29.4,29.5,30.5,32.5,29.9,29.3,30.2,30.2,30.2,25.5,1.150,0.994,1.156,5.762,5.694,5.757,5.757,27.401,0.507,0.131,0.179,0.847,1.256,0.582,0.049,6.265,5.663,11.928,27.389,1600.0,1600.0,3419.1,3419.1,4650.0,36.0,9.6,6.4,35.3,203.5,No,No,No,0.168,0.083,0.3,44.0,36.0,36.5,33.0,32.0,33.5,36.0,12.168,4.990,1.002,1.348,1.004,0.868,0.872,1.558,3.344,1.836,1228,749,552,548,1.057,1.276,34,34,41,79.0,100.0,No,No,80704,102356,0.0,0.0,0.0,0.000,0.000,45600,11168,49.7,56.0,59.7,54,56,54,56,54,54,56,52,54,83.0,0.819,12.156,12.255,12.139,12.116,12.112,0,0,67.075,21.913,40.463,2.328,33.333,30.848,13.032,40.463,26.071,2.127,8.550,290.000,320.000,1335.0,1187.7,1230.0,1290.0,1335.0,1185.0,1335.3,1186.8,1335.2,0.0,0.0,0.0,0.0,9.0,0.0,0.0,0.0,0.0,0.0,0,0,Yes,No,No,No,No,Yes,No,22.9,23.3,4,0,0,0,0,0,0,0,0,124,0,0,0,0,0,0,0,0,0,0,0,0,0,0,0,0,0,0,0,0,7458,734,565,41,16.0,4.4,29.3,2.4,2.4,2.4,2.4,4.4,29.1,2.4,2.4,2.4,2.4,229.07,416.12,34.13,33.22,416.63,416.63,0.46,228.62,229.07,0.00,250.07,201,6,0.1,0.0,0,0,0.0,0.0,0,
27.8.2026,17:30:12.163,6334,12919,32.8,5282,11027,32.3,2.4,2944,72,0.966,0.950,0.969,0.969,0.969,0.969,0.969,3675.0,3675.0,3675.0,3675.0,3675.0,3675.0,3675.0,100.0,116.5,81.9,41.0,12.5,16.4,147.6,108.3,698.8,49.0,150.6,67.4,19.3,5.6,116.5,4.7,3.0,21.8,2.1,0.0,5.2,4.3,14.7,0.0,5.2,0.0,0.0,0.0,21.8,4.7,3.0,1.2,1.1,0.3,0.4,3.9,2.8,18.9,1.3,4.0,1.8,0.5,0.1,3.0,36.8,36.8,36.8,36.8,36.8,36.8,36.8,15.7,4.9,1.7,0.8,5.6,15.8,4.9,0.6,28.4,2.1,8.6,60.5,59.2,31.9,7.8,66.8,96.3,90.5,34.0,25.0,63.2,91.6,1600.0,16.00,16,18,18,36,74,560,1,44.1,33.2,33.5,30.0,29.2,29.3,30.2,32.2,29.7,29.3,30.1,30.1,30.5,25.4,1.169,0.994,1.175,5.431,5.737,5.435,5.435,27.156,0.457,0.111,0.121,0.692,1.243,0.486,0.091,5.881,5.705,11.586,27.130,1600.0,1600.0,3491.3,3491.3,4650.0,35.7,9.1,6.0,35.0,211.5,No,No,No,0.168,0.058,0.3,44.0,36.5,36.0,33.0,32.0,33.5,36.0,12.168,4.990,1.002,1.352,0.906,0.868,0.872,1.560,3.340,1.836,1229,765,552,548,1.057,1.276,34,34,41,79.0,100.0,No,No,80704,102356,0.0,0.0,0.0,0.000,0.000,45600,11168,49.4,56.0,59.2,54,54,54,56,54,54,54,54,54,83.0,0.819,12.155,12.255,12.138,12.117,12.112,0,0,66.642,21.893,40.360,2.304,33.392,30.752,13.056,40.360,26.109,2.122,8.580,290.000,320.000,1335.0,1187.7,1230.0,1328.8,1335.0,1185.0,1335.2,1186.9,1334.7,0.0,0.0,0.0,0.0,9.0,0.0,0.0,0.0,0.0,0.0,0,0,Yes,No,No,No,No,Yes,No,22.9,23.0,4,0,0,0,0,0,0,0,0,124,0,0,0,0,0,0,0,0,0,0,0,0,0,0,0,0,0,0,0,0,7458,734,565,41,16.0,3.2,11.1,2.2,2.2,2.2,2.2,3.2,11.1,2.2,2.2,2.2,2.2,316.63,449.22,90.04,84.04,449.89,449.89,0.51,316.12,316.63,0.00,361.19,201,6,0.0,0.0,0,0,0.0,0.0,0,
27.8.2026,17:30:12.693,6332,12922,32.8,5280,11030,32.3,2.4,2944,72,0.950,0.950,0.950,0.950,0.950,0.950,0.950,3629.2,3675.0,3620.0,3620.0,3620.0,3620.0,3620.0,100.0,127.7,33.3,2.3,11.4,7.3,238.5,366.6,651.8,9.7,161.5,29.1,5.6,15.4,127.7,7.5,0.0,0.0,0.0,33.5,3.5,6.4,15.5,4.2,1.9,4.7,18.5,1.5,33.5,7.5,3.4,0.9,0.1,0.3,0.2,6.4,9.8,17.6,0.2,4.3,0.7,0.1,0.4,3.4,36.3,36.8,36.2,36.2,36.2,36.2,36.2,7.4,5.3,0.8,0.4,11.0,14.6,4.4,0.5,29.2,12.7,4.6,73.0,53.9,28.0,2.9,65.5,86.5,95.0,16.0,31.5,67.6,96.6,1600.0,16.00,16,18,18,36,74,560,1,43.6,33.8,33.8,30.1,29.3,29.3,30.8,32.6,29.5,29.3,30.2,30.2,30.5,26.3,1.150,0.994,1.156,5.957,5.865,5.957,5.957,28.125,0.494,0.132,0.075,0.971,1.339,0.393,0.052,6.461,5.830,12.291,28.164,1600.0,1600.0,3809.1,3809.1,4650.0,37.1,9.9,6.6,35.6,215.4,No,No,No,0.132,0.019,0.3,43.0,36.5,36.0,33.0,32.0,33.5,36.0,12.168,5.010,1.002,1.348,0.988,0.868,0.872,1.558,3.344,1.836,1229,765,552,560,1.056,1.268,34,34,41,79.0,100.0,No,No,80704,102356,0.0,0.0,0.0,0.000,0.000,45600,11168,48.5,54.0,57.5,54,54,52,54,54,54,54,52,54,83.0,0.756,12.166,12.258,12.149,12.124,12.133,0,0,62.007,16.160,28.968,1.520,24.991,22.345,9.949,28.968,19.906,1.751,7.042,290.000,320.000,1335.0,625.2,1185.0,1328.8,1275.0,1125.0,1335.3,624.7,1274.9,0.0,0.0,0.0,0.0,9.0,0.0,0.0,0.0,0.0,0.0,0,0,Yes,No,No,No,No,Yes,No,16.9,17.6,4,0,0,0,0,0,0,0,0,124,0,0,0,0,0,0,0,0,0,0,0,0,0,0,0,0,0,0,0,0,7458,734,565,41,16.0,3.1,17.2,2.1,2.1,2.1,2.1,3.1,17.2,2.1,2.1,2.1,2.1,322.23,466.38,58.08,50.88,466.72,466.72,0.55,321.68,322.23,0.00,394.38,201,6,0.0,0.0,0,0,0.0,0.0,0,
27.8.2026,17:30:13.198,6335,12918,32.9,5281,11028,32.3,2.4,2944,72,0.966,0.950,0.969,0.969,0.969,0.969,0.969,3675.0,3675.0,3675.0,3675.0,3675.0,3675.0,3675.0,100.0,151.3,45.6,1.8,31.4,16.8,371.1,532.2,521.6,21.9,82.2,142.2,26.5,22.2,151.3,5.8,0.6,31.8,3.5,0.0,8.1,11.7,11.5,0.0,1.8,0.0,0.0,0.4,31.8,5.8,4.0,0.8,0.0,0.8,0.4,9.9,14.3,14.1,0.6,2.1,3.8,0.6,0.6,4.0,36.8,36.8,36.8,36.8,36.8,36.8,36.8,4.5,5.8,1.0,1.2,14.6,11.7,5.3,1.3,29.2,3.1,9.1,59.6,44.1,38.7,20.9,64.9,95.8,89.8,25.8,44.2,56.0,77.9,1600.0,16.00,16,18,18,36,74,560,1,43.2,33.8,33.8,30.1,29.4,29.4,31.6,31.3,29.8,29.4,30.3,30.3,29.8,25.1,1.150,0.994,1.156,6.102,5.914,6.115,6.115,28.458,0.513,0.081,0.146,1.178,0.954,0.512,0.206,6.630,5.878,12.508,28.544,1600.0,1600.0,3878.2,3878.2,4650.0,37.6,10.2,6.8,35.6,212.8,No,No,No,0.198,0.085,0.4,43.0,36.0,36.0,33.0,32.0,33.5,36.0,12.168,5.000,1.002,1.348,0.958,0.868,0.872,1.560,3.348,1.836,1219,751,552,560,1.056,1.268,34,34,41,79.0,100.0,No,No,80704,102356,0.0,0.0,0.0,0.000,0.008,45600,11168,48.2,54.0,57.3,52,52,52,52,52,54,54,52,52,83.0,0.756,12.163,12.257,12.145,12.120,12.131,0,0,53.946,16.001,28.417,1.397,24.837,22.179,10.008,28.417,20.019,1.733,7.006,290.000,320.000,1335.0,625.2,1185.0,1334.5,1275.0,1125.0,1334.6,624.6,1275.1,0.0,0.0,0.0,0.0,9.0,0.0,0.0,0.0,0.0,0.0,0,0,Yes,No,No,No,No,Yes,No,16.8,17.1,4,0,0,0,0,0,0,0,0,124,0,0,0,0,0,0,0,0,0,0,0,0,0,0,0,0,0,0,0,0,7458,734,565,41,16.0,3.0,23.9,2.0,2.0,2.0,2.0,3.0,23.8,2.0,2.0,2.0,2.0,333.44,499.68,41.91,34.10,500.35,500.35,0.63,332.82,333.44,0.00,438.95,201,6,0.2,0.1,0,0,0.0,0.0,0,
27.8.2026,17:30:13.680,6335,12918,32.9,5280,11029,32.3,2.4,2944,72,0.959,0.912,0.969,0.969,0.969,0.969,0.969,3675.0,3675.0,3675.0,3675.0,3675.0,3675.0,3675.0,100.0,127.7,58.6,1.2,45.3,15.0,202.2,114.9,831.3,142.2,55.8,40.8,3.7,21.1,127.7,5.3,2.3,0.0,2.4,4.5,3.0,3.9,19.7,4.4,2.6,5.1,14.3,1.8,19.7,5.3,3.4,1.0,0.0,1.2,0.4,5.3,3.0,22.5,3.8,1.4,1.1,0.1,0.5,3.4,36.8,36.8,36.8,36.8,36.8,36.8,36.8,8.1,5.2,0.9,1.4,7.1,19.0,2.2,0.7,26.5,9.6,6.9,46.3,58.6,35.0,2.7,68.3,89.5,91.7,46.6,22.4,62.9,96.7,1600.0,16.00,16,18,18,36,74,560,1,42.8,33.2,33.2,30.0,29.2,29.5,30.2,32.5,29.2,29.4,30.2,30.2,29.8,25.3,1.150,0.994,1.156,5.623,5.163,5.617,5.617,26.341,0.477,0.139,0.175,0.671,1.443,0.360,0.073,6.107,5.133,11.240,26.051,1600.0,1600.0,3713.2,3713.2,4650.0,34.3,9.4,6.2,34.9,210.6,No,No,No,0.148,0.045,0.3,42.0,36.0,36.0,33.0,32.0,33.5,36.0,12.168,5.000,1.002,1.352,0.984,0.868,0.872,1.564,3.352,1.836,1219,751,553,547,1.056,1.267,34,34,41,79.0,100.0,No,No,80704,102356,0.0,0.0,0.0,0.000,0.032,45600,11168,46.8,52.0,54.7,51,50,50,50,52,52,52,50,52,83.0,0.756,12.190,12.262,12.175,12.153,12.170,0,0,46.625,6.763,13.505,0.772,8.705,9.747,2.860,13.505,5.732,1.701,4.338,290.000,320.000,1335.0,101.2,1185.0,1334.5,1275.0,1125.0,1022.7,77.0,981.4,0.0,1.0,0.0,0.0,9.0,0.0,0.0,0.0,0.0,0.0,0,0,Yes,No,No,No,No,Yes,No,6.6,7.1,4,0,0,0,0,0,0,0,0,125,0,0,0,0,0,0,0,0,0,0,0,0,0,0,0,0,0,0,0,0,7458,734,565,41,5.0,2.9,23.7,2.0,2.0,2.0,2.0,3.0,23.7,2.0,2.0,2.0,2.0,338.99,500.02,42.13,34.03,500.35,500.35,0.77,338.23,338.99,0.00,461.38,201,6,0.4,0.4,0,0,0.0,0.0,0,
27.8.2026,17:30:14.188,6333,12920,32.8,5278,11031,32.3,2.4,2944,72,0.944,0.912,0.950,0.950,0.950,0.950,0.950,3675.0,3675.0,3675.0,3675.0,3675.0,3675.0,3675.0,100.0,134.3,30.3,6.4,11.9,4.5,284.3,137.2,486.0,338.5,190.7,67.6,36.4,17.2,134.3,2.1,0.0,2.0,0.0,0.0,8.3,2.0,9.7,0.0,3.2,0.4,0.0,0.0,9.7,2.1,3.6,1.1,0.2,0.3,0.1,7.6,3.6,13.1,9.1,5.1,1.8,1.0,0.4,3.6,36.8,36.8,36.8,36.8,36.8,36.8,36.8,13.7,5.8,1.3,0.4,9.0,17.6,5.5,1.3,26.5,9.2,1.3,53.5,59.2,35.3,0.7,67.7,89.6,98.4,37.7,23.2,59.3,98.1,1600.0,16.00,16,18,18,36,74,560,1,42.4,33.8,33.0,30.1,29.2,29.2,30.1,33.0,29.5,29.4,30.1,30.1,29.8,25.2,1.150,0.994,1.156,5.874,5.059,5.869,5.869,25.475,0.516,0.117,0.075,0.813,1.538,0.452,0.104,6.432,5.031,11.463,25.869,1600.0,1600.0,3809.2,3809.2,4650.0,34.0,9.8,6.5,35.6,205.5,No,No,No,0.186,0.072,0.4,42.0,36.5,36.0,33.0,32.0,33.5,36.0,12.192,5.010,1.002,1.352,1.032,0.868,0.872,1.562,3.356,1.836,1163,752,552,561,1.056,1.267,34,34,41,79.0,100.0,No,No,80704,102356,0.0,0.1,0.1,0.000,0.097,45600,11168,46.1,50.0,53.7,50,50,50,50,50,48,50,48,50,83.0,0.756,12.194,12.262,12.181,12.158,12.177,0,0,31.013,6.238,12.286,0.601,7.771,9.167,2.630,12.286,5.260,1.689,4.453,290.000,320.000,1335.0,101.2,1185.0,831.8,1275.0,1125.0,958.1,72.2,920.5,0.0,1.0,0.0,0.0,9.0,0.0,0.1,0.0,0.0,0.0,0,0,Yes,No,No,No,No,Yes,No,6.0,6.2,4,0,0,0,0,0,0,0,0,125,0,0,0,0,0,0,0,0,0,0,0,0,0,0,0,0,0,0,0,0,7458,734,565,41,5.0,3.1,38.7,2.1,2.1,2.1,2.1,3.1,38.5,2.1,2.1,2.1,2.1,327.79,483.47,25.84,17.44,483.48,483.48,0.91,326.89,327.79,0.00,461.30,201,6,0.5,0.3,0,0,0.0,0.0,0,
27.8.2026,17:30:14.695,6336,12917,32.9,5280,11030,32.3,2.4,2944,72,1.156,0.969,1.194,1.194,1.194,1.194,1.194,3780.0,3675.0,3620.0,3620.0,4525.0,3620.0,3620.0,100.0,143.2,91.3,2.8,17.0,11.6,204.1,115.9,744.7,10.7,309.3,182.2,13.3,16.2,143.2,6.7,3.1,0.0,13.0,0.0,3.6,4.7,20.6,26.7,8.9,0.0,0.0,0.0,26.7,6.7,3.7,1.1,0.1,0.4,0.3,5.4,3.0,20.1,0.3,8.3,4.9,0.3,0.4,3.7,37.8,36.8,36.2,36.2,45.2,36.2,36.2,5.5,5.8,1.2,0.6,7.1,16.5,8.5,0.8,29.6,3.7,3.0,63.5,57.1,49.8,0.4,64.7,95.1,96.4,29.5,26.4,41.7,98.9,1600.0,16.00,16,18,18,36,74,560,1,42.0,33.8,35.8,30.1,29.1,29.2,30.3,32.5,30.5,29.2,30.1,30.1,30.0,25.2,1.150,0.994,1.156,6.317,5.180,6.250,6.250,26.565,0.532,0.117,0.073,0.750,1.411,0.793,0.050,6.883,5.150,12.033,26.692,1600.0,1600.0,3754.8,3754.8,4650.0,35.1,10.4,6.9,35.6,213.0,No,No,No,0.149,0.037,0.3,42.0,36.0,36.0,33.0,32.0,33.5,36.0,12.192,5.000,1.002,1.352,1.028,0.868,0.872,1.562,3.352,1.836,1163,752,552,561,1.056,1.264,34,34,41,79.0,100.0,No,No,80704,102356,0.0,0.0,0.0,0.000,0.000,45600,11168,45.8,50.0,53.5,49,50,48,48,50,48,50,48,48,83.0,0.756,12.195,12.264,12.182,12.158,12.176,0,0,18.096,6.348,12.544,0.675,7.845,9.192,2.581,12.544,5.182,1.661,4.907,290.000,320.000,1335.0,101.2,1185.0,831.8,1275.0,1125.0,959.5,72.3,926.9,1.0,1.0,0.0,0.0,9.0,0.0,0.0,0.0,0.0,0.0,0,0,Yes,No,No,No,No,Yes,No,6.1,6.1,4,0,0,0,0,0,0,0,0,125,0,0,0,0,0,0,0,0,0,0,0,0,0,0,0,0,0,0,0,0,7458,734,565,41,5.0,3.1,17.3,2.1,2.1,2.1,2.1,3.1,17.4,2.1,2.1,2.1,2.1,322.20,482.39,57.76,50.86,483.40,483.40,0.96,321.25,322.20,0.00,427.85,201,6,0.6,0.3,0,0,0.0,0.0,0,
27.8.2026,17:30:15.203,6333,12920,32.8,5278,11031,32.3,2.4,2944,72,0.951,0.956,0.950,0.950,0.950,0.950,0.950,3675.0,3675.0,3675.0,3675.0,3675.0,3675.0,3675.0,100.0,130.9,36.0,5.4,68.4,34.2,159.3,110.2,811.4,147.7,69.5,110.7,8.0,10.1,130.9,2.9,0.0,4.5,3.1,0.0,5.1,0.9,14.1,1.7,0.1,4.1,0.0,1.7,14.1,2.9,3.5,1.0,0.1,1.8,0.9,4.2,2.9,22.0,4.0,1.8,2.9,0.2,0.2,3.5,36.8,36.8,36.8,36.8,36.8,36.8,36.8,6.4,5.7,1.1,2.3,6.1,19.6,4.4,0.5,30.1,1.3,12.7,64.1,68.8,29.9,3.5,64.3,97.6,85.1,29.9,11.6,65.7,96.0,1600.0,16.00,16,18,18,36,74,560,1,41.8,33.6,35.0,30.1,29.0,29.5,30.0,33.1,29.5,29.4,30.1,30.1,30.5,25.6,1.150,0.994,1.156,6.195,5.183,6.263,6.263,27.005,0.510,0.069,0.237,0.672,1.554,0.466,0.062,6.719,5.153,11.872,26.712,1600.0,1600.0,3894.3,3894.3,4650.0,35.1,10.4,7.0,35.4,217.0,No,No,No,0.163,0.070,0.3,41.0,36.0,36.0,33.0,32.0,33.5,36.0,12.168,5.000,1.002,1.348,0.956,0.868,0.872,1.564,3.352,1.836,1177,1544,553,562,1.056,1.264,34,34,41,79.0,100.0,No,No,80704,102356,0.0,0.0,0.0,0.000,0.000,45600,11168,45.8,50.0,53.6,48,48,48,48,48,48,48,48,50,83.0,0.756,12.189,12.260,12.175,12.153,12.170,0,0,17.919,6.493,12.963,0.674,8.181,9.492,2.702,12.963,5.402,1.674,4.386,290.000,320.000,1335.0,101.2,1185.0,322.4,1275.0,1125.0,1202.0,88.4,1125.8,0.0,1.0,0.0,0.0,9.0,0.0,0.0,0.0,0.0,0.0,0,0,Yes,No,No,No,No,Yes,No,6.3,6.1,4,0,0,0,0,0,0,0,0,125,0,0,0,0,0,0,0,0,0,0,0,0,0,0,0,0,0,0,0,0,7458,734,565,41,5.0,3.1,11.0,2.2,2.2,2.2,2.2,3.1,11.1,2.2,2.2,2.2,2.2,322.17,449.45,90.62,84.33,449.78,449.78,0.91,321.29,322.17,0.00,366.47,201,6,2.3,0.0,0,0,0.0,0.0,0,
27.8.2026,17:30:15.715,6335,12918,32.9,5279,11030,32.3,2.4,2944,72,0.950,0.950,0.950,0.950,0.950,0.950,0.950,3647.5,3675.0,3675.0,3675.0,3620.0,3620.0,3620.0,100.0,119.9,40.0,7.9,61.2,50.0,218.7,249.2,676.2,23.2,41.5,46.2,7.6,17.5,119.9,5.4,2.4,0.0,3.1,2.7,6.5,7.1,13.8,2.2,0.0,2.8,24.6,0.0,24.6,5.4,3.2,0.8,0.2,1.6,1.3,5.8,6.6,18.3,0.6,1.0,1.2,0.2,0.4,3.2,36.5,36.8,36.8,36.8,36.2,36.2,36.2,1.4,5.2,1.1,1.9,10.4,15.1,2.2,0.6,27.1,9.2,1.7,74.7,58.8,9.0,9.3,67.7,89.7,96.3,15.0,26.2,88.8,90.0,1600.0,16.00,16,18,18,36,74,560,1,41.4,33.6,35.2,29.9,29.2,29.5,30.7,31.8,28.8,29.2,30.1,30.1,30.2,25.3,1.150,0.994,1.156,5.753,5.269,5.746,5.746,26.480,0.447,0.121,0.135,0.975,1.175,0.175,0.100,6.202,5.237,11.439,26.443,1600.0,1600.0,3924.3,3924.3,4650.0,34.8,9.6,6.4,35.4,228.1,No,No,No,0.124,0.023,0.3,41.0,36.0,36.0,33.0,32.0,33.5,36.0,12.168,5.000,1.002,1.348,0.946,0.866,0.872,1.562,3.352,1.836,1163,1544,553,562,1.056,1.249,34,34,41,79.0,100.0,No,No,80704,102356,0.0,0.0,0.0,0.000,0.000,45600,11168,45.6,48.0,53.2,48,48,48,48,50,48,48,48,48,83.0,0.756,12.192,12.262,12.178,12.155,12.172,0,0,17.823,6.430,12.893,0.736,8.123,9.372,2.678,12.893,5.364,1.665,4.144,290.000,320.000,1335.0,101.2,1185.0,322.4,1275.0,1125.0,954.3,71.3,911.3,0.0,1.0,0.0,0.0,9.0,0.0,0.0,0.0,0.0,0.0,0,0,Yes,No,No,No,No,Yes,No,6.3,6.4,4,0,0,0,0,0,0,0,0,125,0,0,0,0,0,0,0,0,0,0,0,0,0,0,0,0,0,0,0,0,7458,734,565,41,5.0,3.2,11.1,2.2,2.2,2.2,2.2,3.2,11.2,2.2,2.2,2.2,2.2,311.04,448.78,89.88,84.19,449.78,449.78,1.48,310.17,311.04,0.00,349.77,201,6,0.3,0.4,0,0,0.0,0.0,0,
27.8.2026,17:30:16.226,6335,12918,32.9,5280,11029,32.3,2.4,2944,72,0.945,0.950,0.944,0.944,0.944,0.944,0.944,3675.0,3675.0,3675.0,3675.0,3675.0,3675.0,3675.0,100.0,142.7,56.2,11.1,6.7,18.3,177.2,418.6,575.1,285.3,48.8,61.0,18.2,35.4,142.7,3.3,0.0,4.6,0.0,0.0,2.4,7.9,14.1,4.8,2.6,2.9,0.0,0.0,14.1,3.3,3.7,0.8,0.3,0.1,0.5,4.6,11.1,15.5,7.7,1.2,1.6,0.4,0.9,3.7,36.8,36.8,36.8,36.8,36.8,36.8,36.8,8.7,6.2,1.0,0.6,12.6,19.0,2.6,1.2,34.0,10.9,4.4,75.9,56.5,40.1,16.6,59.8,88.1,95.0,11.5,24.5,57.4,82.2,1600.0,16.00,16,18,18,36,74,560,1,41.2,34.0,34.2,30.1,29.2,29.2,30.5,33.2,29.2,29.5,30.1,30.1,30.5,25.2,1.150,0.994,1.156,6.370,5.165,6.379,6.379,26.789,0.557,0.142,0.077,0.971,1.592,0.376,0.186,6.961,5.135,12.097,26.818,1600.0,1600.0,3692.7,3692.7,4650.0,35.3,10.6,7.1,35.7,205.9,No,No,No,0.148,0.069,0.4,41.0,36.0,36.0,33.0,32.0,33.5,36.0,12.168,5.010,1.002,1.348,0.832,0.866,0.872,1.562,3.356,1.836,1163,1546,553,562,1.056,1.249,34,34,41,79.0,100.0,No,No,80704,102356,0.0,0.1,0.1,0.000,0.128,45600,11168,45.4,50.0,53.1,48,48,48,48,48,48,48,48,48,83.0,0.756,12.191,12.260,12.177,12.154,12.172,0,0,17.938,6.442,12.847,0.736,8.073,9.371,2.678,12.847,5.354,1.665,4.407,290.000,320.000,1335.0,101.2,1185.0,345.6,1275.0,1125.0,963.3,71.2,915.6,0.0,1.0,0.0,0.0,9.0,0.0,0.0,0.0,0.0,0.0,0,0,Yes,No,No,No,No,Yes,No,6.3,9.4,4,0,0,0,0,0,0,0,0,125,0,0,0,0,0,0,0,0,0,0,0,0,0,0,0,0,0,0,0,0,7458,734,565,41,5.0,3.2,7.2,2.5,2.5,2.5,2.5,3.2,7.2,2.5,2.5,2.5,2.5,311.03,399.79,138.91,134.12,399.79,399.79,1.54,309.50,311.03,0.00,283.09,201,6,0.4,0.2,0,0,0.0,0.0,0,
27.8.2026,17:30:16.717,6334,12919,32.9,5280,11030,32.3,2.4,2944,72,0.950,0.950,0.950,0.950,0.950,0.950,0.950,3675.0,3675.0,3675.0,3675.0,3675.0,3675.0,3675.0,100.0,120.3,31.8,8.4,12.2,6.6,225.7,195.3,733.7,108.4,72.6,28.1,3.0,17.4,120.3,7.2,2.0,16.5,4.2,18.5,6.1,5.4,17.2,3.4,2.7,1.7,4.0,4.3,18.5,7.2,3.2,0.9,0.2,0.3,0.1,6.0,5.2,19.8,2.9,1.9,0.7,0.1,0.4,3.2,36.8,36.8,36.8,36.8,36.8,36.8,36.8,9.4,5.0,1.2,0.4,9.2,16.6,2.2,0.5,25.2,0.8,2.1,59.8,65.1,22.7,0.8,69.8,98.0,97.5,31.0,18.3,75.1,98.7,1600.0,16.00,16,18,18,36,74,560,1,40.9,33.2,33.8,29.8,29.1,29.2,30.4,32.0,29.0,29.1,30.0,30.0,29.8,25.3,1.150,0.994,1.156,5.387,5.141,5.384,5.384,25.597,0.424,0.062,0.062,0.865,1.270,0.237,0.047,5.808,5.112,10.920,25.577,1600.0,1600.0,3567.8,3567.8,4650.0,33.7,9.0,6.0,34.9,225.4,No,No,No,0.117,0.032,0.3,41.0,36.0,36.0,33.0,32.0,33.5,36.0,12.192,5.010,1.002,1.352,0.800,0.866,0.872,1.560,3.352,1.836,1118,771,553,562,1.057,1.251,34,34,41,79.0,100.0,No,No,80704,102356,0.0,0.0,0.0,0.000,0.040,45600,11168,45.6,48.0,53.3,48,48,48,48,48,48,48,46,48,83.0,0.762,12.189,12.261,12.173,12.152,12.168,0,0,18.202,7.731,15.740,0.956,10.092,10.949,3.127,15.740,6.268,1.691,5.011,290.000,320.000,1335.0,101.2,1170.0,345.6,1260.0,1110.0,949.2,71.0,897.0,0.0,1.0,0.0,0.0,9.0,0.0,0.0,0.0,0.0,0.0,0,0,Yes,No,No,No,No,Yes,No,7.6,7.5,4,0,0,0,0,0,0,0,0,125,0,0,0,0,0,0,0,0,0,0,0,0,0,0,0,0,0,0,0,0,7458,734,565,41,5.0,3.3,7.2,2.5,2.5,2.5,2.5,3.3,7.2,2.5,2.5,2.5,2.5,299.93,399.04,138.23,134.03,399.70,399.70,0.73,299.21,299.93,0.00,255.26,201,6,0.0,0.1,0,0,0.0,0.0,0,
27.8.2026,17:30:17.209,6336,12917,32.9,5280,11029,32.3,2.4,2944,72,0.955,0.950,0.956,0.956,0.956,0.956,0.956,3675.0,3675.0,3675.0,3675.0,3675.0,3675.0,3675.0,100.0,140.4,54.7,7.6,8.6,20.5,113.7,117.2,893.4,335.0,58.6,38.9,3.3,33.5,140.4,2.7,0.9,6.0,0.0,0.0,2.6,2.7,19.9,0.0,0.0,0.0,0.0,0.7,19.9,2.7,3.7,0.9,0.2,0.2,0.5,3.0,3.1,24.1,9.0,1.5,1.0,0.1,0.9,3.7,36.8,36.8,36.8,36.8,36.8,36.8,36.8,0.3,5.1,1.2,0.7,5.1,20.4,2.4,0.9,29.5,13.2,5.5,65.2,60.8,31.0,1.2,65.4,85.6,93.7,29.7,18.8,66.6,97.9,1600.0,16.00,16,18,18,36,74,560,1,40.8,33.5,32.0,29.9,29.1,29.3,29.8,32.8,29.0,29.3,30.1,30.1,30.0,24.7,1.150,0.994,1.156,5.880,5.284,5.898,5.898,26.667,0.469,0.172,0.094,0.600,1.606,0.285,0.061,6.351,5.251,11.602,26.697,1600.0,1600.0,3916.6,3916.6,4650.0,35.1,9.8,6.6,35.3,222.0,No,No,No,0.112,0.071,0.3,40.0,36.5,36.0,33.0,32.0,33.5,36.0,12.192,5.000,1.002,1.348,1.012,0.866,0.872,1.564,3.356,1.836,1118,771,555,562,1.057,1.251,34,34,42,79.0,100.0,No,No,80704,102356,0.0,0.0,0.0,0.000,0.163,45600,11168,45.3,48.0,53.1,48,48,48,48,48,48,48,48,48,83.0,0.762,12.192,12.260,12.178,12.156,12.173,0,0,18.633,6.512,13.022,0.711,8.208,9.457,2.678,13.022,5.366,1.681,4.465,290.000,320.000,1335.0,101.2,1170.0,419.4,1260.0,1110.0,962.7,72.1,912.3,0.0,1.0,0.0,0.0,9.0,0.0,0.1,0.0,0.0,0.0,0,0,Yes,No,No,No,No,Yes,No,6.3,6.6,4,0,0,0,0,0,0,0,0,125,0,0,0,0,0,0,0,0,0,0,0,0,0,0,0,0,0,0,0,0,7458,734,565,41,5.0,3.4,6.5,2.7,2.7,2.7,2.7,3.4,6.5,2.7,2.7,2.7,2.7,294.41,366.53,154.50,150.60,366.53,366.53,0.72,293.69,294.41,0.00,222.03,201,6,0.8,0.2,0,0,0.0,0.0,0,
27.8.2026,17:30:17.717,6337,12916,32.9,5280,11029,32.3,2.4,2944,72,0.909,0.912,0.906,0.906,0.912,0.906,0.912,3675.0,3675.0,3675.0,3675.0,3675.0,3675.0,3675.0,100.0,140.6,210.3,2.1,14.0,11.9,80.4,116.6,767.5,14.9,286.7,158.2,3.5,21.7,140.6,6.5,0.0,0.0,2.0,19.1,0.5,1.3,15.9,0.0,8.0,5.3,26.3,0.0,26.3,6.5,3.4,1.2,0.0,0.3,0.3,2.1,3.0,20.7,0.4,7.7,4.2,0.1,0.5,3.4,36.8,36.8,36.8,36.8,36.8,36.8,36.8,10.5,5.6,1.1,0.7,4.4,17.3,9.6,0.6,30.7,7.0,1.5,63.2,60.0,48.7,3.9,63.7,92.0,97.8,32.5,22.8,41.8,95.6,1600.0,16.00,16,18,18,36,74,560,1,40.6,33.4,33.0,30.0,29.1,29.2,29.7,32.4,30.5,29.2,30.1,30.1,29.5,25.1,1.150,0.994,1.156,6.012,5.115,6.016,6.016,26.143,0.530,0.215,0.103,0.617,1.366,0.793,0.086,6.535,5.086,11.621,26.218,1600.0,1600.0,3695.9,3695.9,4650.0,34.5,10.0,6.7,35.2,203.4,No,No,No,0.155,0.033,0.3,40.0,36.0,36.0,33.0,32.0,33.5,36.0,12.168,5.000,1.002,1.352,1.094,0.866,0.872,1.562,3.356,1.836,1113,772,553,562,1.056,1.246,34,34,42,79.0,100.0,No,No,80704,102356,0.0,0.0,0.0,0.000,0.000,45600,11168,45.2,48.0,53.0,48,48,48,48,48,46,48,48,48,83.0,0.762,12.188,12.260,12.173,12.152,12.169,0,0,18.507,6.460,12.942,0.772,7.998,9.478,2.665,12.942,5.332,1.677,4.331,290.000,320.000,1335.0,101.2,1170.0,419.4,1260.0,1110.0,1334.8,101.0,1260.1,0.0,1.0,0.0,0.0,9.0,0.0,0.1,0.0,0.0,0.0,0,0,Yes,No,No,No,No,Yes,No,6.3,6.3,4,0,0,0,0,0,0,0,0,125,0,0,0,0,0,0,0,0,0,0,0,0,0,0,0,0,0,0,0,0,7458,734,565,41,5.0,3.5,5.9,2.7,2.7,2.7,2.7,3.5,5.9,2.7,2.7,2.7,2.7,283.25,365.53,169.80,167.11,366.53,366.53,0.94,282.33,283.25,0.00,188.71,201,6,0.0,0.0,0,0,0.0,0.0,0,
27.8.2026,17:30:18.215,6334,12919,32.8,5277,11032,32.3,2.4,2944,72,1.001,1.194,0.963,0.963,0.963,0.963,0.963,3647.5,3620.0,3675.0,3675.0,3675.0,3620.0,3620.0,100.0,160.6,84.2,3.4,13.6,5.2,267.4,196.9,1060.3,34.3,114.2,118.2,10.5,18.6,160.6,8.9,1.5,33.1,0.0,0.0,6.6,5.1,26.3,27.6,3.3,3.4,0.0,0.0,33.1,8.9,4.2,0.8,0.1,0.3,0.1,7.1,5.2,28.5,0.7,3.0,3.1,0.2,0.5,4.2,36.5,36.2,36.8,36.8,36.8,36.2,36.2,8.9,6.8,0.9,0.6,9.2,23.7,5.4,0.9,28.1,1.9,2.9,70.6,60.9,28.9,3.4,65.2,97.2,96.6,20.3,15.4,65.7,95.8,1600.0,16.00,16,18,18,36,74,560,1,40.5,34.5,34.2,30.2,29.0,29.2,30.6,33.6,29.5,29.3,30.1,30.1,29.2,24.7,1.169,0.994,1.194,6.482,5.147,6.424,6.424,26.630,0.590,0.111,0.071,0.907,1.879,0.470,0.099,7.193,5.117,12.310,26.898,1600.0,1600.0,3782.0,3782.0,4650.0,35.4,10.7,7.1,36.4,201.3,No,No,No,0.163,0.056,0.4,40.0,36.0,36.0,33.0,32.0,33.5,36.0,12.192,5.000,1.004,1.352,1.010,0.866,0.872,1.562,3.356,1.836,1113,772,553,562,1.056,1.278,34,34,41,79.0,100.0,No,No,80704,102356,0.0,0.0,0.0,0.000,0.000,45600,11168,45.2,48.0,53.2,48,48,48,48,48,46,48,46,48,83.0,0.762,12.191,12.260,12.177,12.154,12.172,0,0,18.161,6.332,12.633,0.625,7.878,9.310,2.593,12.633,5.194,1.677,4.447,290.000,320.000,1335.0,101.2,1170.0,366.5,1260.0,1110.0,1335.2,101.0,1259.9,0.0,1.0,0.0,0.0,9.0,0.0,0.0,0.0,0.0,0.0,0,0,Yes,No,No,No,No,Yes,No,6.1,6.1,4,0,0,0,0,0,0,0,0,125,0,0,0,0,0,0,0,0,0,0,0,0,0,0,0,0,0,0,0,0,7458,734,565,41,5.0,3.7,4.6,3.2,3.2,3.2,3.2,3.7,4.6,3.2,3.2,3.2,3.2,272.17,315.73,219.20,218.04,316.42,316.42,0.78,271.41,272.17,0.00,104.80,201,6,0.0,0.0,0,0,0.0,0.0,0,
27.8.2026,17:30:18.725,6336,12917,32.9,5279,11031,32.3,2.4,2944,72,0.951,0.956,0.950,0.950,0.950,0.950,0.950,3675.0,3675.0,3675.0,3675.0,3675.0,3675.0,3675.0,100.0,118.8,39.0,3.6,7.6,10.2,73.7,147.1,495.7,38.5,531.8,55.6,17.7,4.5,118.8,4.6,2.0,0.0,20.6,4.3,2.8,4.6,6.4,0.0,12.9,0.0,0.0,1.3,20.6,4.6,3.1,0.8,0.1,0.2,0.3,1.8,3.8,13.4,1.0,14.3,1.5,0.4,0.1,3.1,36.8,36.8,36.8,36.8,36.8,36.8,36.8,10.4,5.1,0.9,0.5,4.7,11.1,12.9,0.5,32.2,2.9,2.2,61.7,55.0,60.8,10.7,62.7,96.2,97.4,33.6,33.9,26.3,88.8,1600.0,16.00,16,18,18,36,74,560,1,40.4,33.3,33.2,29.9,28.9,29.1,29.7,31.5,31.2,29.1,30.0,30.0,30.5,25.5,1.150,0.994,1.156,5.631,5.118,5.656,5.656,26.030,0.466,0.076,0.057,0.595,0.957,1.015,0.096,6.035,5.089,11.123,25.768,1600.0,1600.0,3689.0,3689.0,4650.0,33.9,9.4,6.3,35.1,213.0,No,No,No,0.140,0.036,0.3,40.0,36.0,36.0,33.0,31.5,33.5,36.0,12.192,5.000,1.004,1.348,1.050,0.866,0.872,1.562,3.356,1.836,1125,757,555,562,1.056,1.278,34,34,41,79.0,100.0,No,No,80704,102356,0.0,0.0,0.0,0.000,0.000,45600,11168,45.1,48.0,52.8,48,48,48,48,48,48,48,46,48,83.0,0.762,12.190,12.261,12.175,12.153,12.170,0,0,17.824,6.330,12.687,0.662,7.950,9.285,2.616,12.687,5.238,1.678,4.163,290.000,320.000,1335.0,101.2,1170.0,366.5,1260.0,1110.0,939.3,70.9,897.5,0.0,1.0,0.0,0.0,9.0,0.0,0.1,0.0,0.0,0.0,0,0,Yes,No,No,No,No,Yes,No,6.2,6.2,4,0,0,0,0,0,0,0,0,125,0,0,0,0,0,0,0,0,0,0,0,0,0,0,0,0,0,0,0,0,7458,734,565,41,5.0,3.8,4.0,3.6,3.5,3.5,3.5,3.8,4.0,3.5,3.5,3.5,3.5,260.69,281.56,248.80,248.76,282.18,282.18,0.76,259.95,260.69,0.00,32.81,201,6,0.3,0.4,0,0,0.0,0.0,0,
27.8.2026,17:30:19.217,7067,12186,36.7,5627,10683,34.5,2.4,2944,72,1.162,1.163,1.163,1.163,1.163,1.163,1.163,3770.8,3620.0,3620.0,3620.0,3620.0,4525.0,3620.0,100.0,463.9,135.8,25.7,303.1,157.6,1512.8,298.4,769.0,20.4,1832.5,233.7,177.1,101.1,463.9,13.1,1.0,7.4,5.3,7.8,32.5,5.0,15.7,1.7,39.5,3.5,37.5,0.0,39.5,13.1,12.3,3.0,0.6,8.0,4.0,40.6,7.9,20.7,0.5,49.2,6.1,4.7,2.6,12.3,37.7,36.2,36.2,36.2,36.2,45.2,36.2,0.0,20.5,3.5,11.0,39.6,17.5,45.4,6.1,48.7,18.0,59.3,60.0,73.5,43.5,37.9,30.8,78.6,29.7,0.4,9.0,11.1,55.9,1600.0,16.00,16,18,18,36,74,560,1,40.6,38.2,41.2,32.6,30.6,31.2,34.6,33.4,35.2,30.8,30.9,30.9,30.8,25.3,1.156,0.994,1.169,12.584,5.471,12.537,13.926,34.891,1.596,0.409,1.201,2.605,1.695,2.910,0.755,14.628,5.437,20.065,35.264,1600.0,1600.0,4365.0,4365.0,4650.0,46.4,20.9,15.5,40.2,152.1,No,No,No,1.483,1.132,1.2,40.0,36.5,36.0,33.0,31.5,33.5,36.0,12.192,5.000,1.002,1.348,1.016,0.866,0.872,1.562,3.348,1.836,1125,757,555,562,1.056,1.265,34,34,41,79.0,100.0,No,No,80704,102356,0.0,0.1,0.1,0.000,0.152,45600,11169,45.1,48.0,52.8,47,48,46,48,48,46,48,46,48,83.0,0.762,12.188,12.259,12.174,12.152,12.169,0,0,17.771,6.596,13.070,0.736,8.132,9.478,2.641,13.070,5.286,2.487,4.468,290.000,320.000,1335.0,101.2,1170.0,329.8,1260.0,1110.0,933.5,70.3,895.6,0.0,1.0,0.0,0.0,9.0,0.0,0.0,0.0,0.0,0.0,0,0,Yes,No,No,No,No,Yes,No,6.3,6.1,4,0,0,0,0,0,0,0,0,125,0,0,0,0,0,0,0,0,0,0,0,0,0,0,0,0,0,0,0,0,7458,734,565,41,5.0,3.8,4.0,3.5,3.5,3.5,3.5,3.8,4.0,3.5,3.5,3.5,3.5,266.37,283.63,249.11,248.79,283.99,283.99,0.99,265.49,266.37,0.00,17.89,201,6,0.5,0.4,0,0,0.0,0.0,0,
27.8.2026,17:30:19.719,7521,11732,39.0,5761,10549,35.3,2.4,2944,72,1.162,1.163,1.163,1.163,1.163,1.163,1.163,3770.8,3620.0,3620.0,4525.0,3620.0,3620.0,3620.0,100.0,561.8,82.6,17.6,198.4,347.7,1382.1,1785.0,636.4,75.3,408.4,1627.2,93.3,88.1,561.8,12.6,3.0,0.0,3.1,9.5,29.6,39.5,15.7,0.3,10.6,39.0,0.0,0.6,39.5,12.6,14.9,1.6,0.4,5.1,9.1,37.3,46.8,17.3,2.0,11.0,43.5,2.5,2.3,14.9,37.7,36.2,36.2,45.2,36.2,36.2,36.2,0.0,24.9,2.0,13.0,69.1,15.9,45.2,4.4,45.0,18.3,68.5,30.9,62.5,54.8,34.9,30.1,79.7,18.5,0.0,21.6,0.0,60.7,1600.0,16.00,16,18,18,36,74,560,1,41.2,41.6,40.8,34.1,31.6,32.0,39.5,33.8,37.0,30.8,31.5,31.5,30.5,24.8,1.163,0.994,1.169,15.195,5.407,15.192,17.778,38.494,2.053,0.341,1.439,4.781,1.709,3.424,0.625,17.884,5.374,23.258,38.447,1600.0,1600.0,4525.0,4525.0,4650.0,50.6,25.3,19.8,43.8,144.3,No,No,No,0.838,0.447,1.5,41.0,36.0,36.0,33.0,31.5,33.5,36.0,12.168,5.000,1.004,1.352,1.174,0.866,0.872,1.560,3.348,1.836,1119,1518,554,550,1.056,1.265,34,34,41,79.0,100.0,No,No,80704,102356,0.0,0.0,0.0,0.000,0.000,45600,11169,45.1,48.0,53.1,48,48,48,48,48,46,48,48,48,83.0,0.762,12.188,12.259,12.172,12.151,12.168,0,0,17.791,6.336,12.448,0.637,7.815,9.222,2.616,12.448,5.240,2.465,4.130,290.000,320.000,1335.0,101.2,1170.0,329.8,1260.0,1110.0,963.3,72.0,909.9,0.0,1.0,0.0,0.0,9.0,0.0,0.0,0.0,0.0,0.0,0,0,Yes,No,No,No,No,Yes,No,6.1,7.2,4,0,0,0,0,0,0,0,0,125,0,0,0,0,0,0,0,0,0,0,0,0,0,0,0,0,0,0,0,0,7458,734,565,41,5.0,3.9,4.6,3.3,3.3,3.3,3.3,3.9,4.6,3.3,3.3,3.3,3.3,258.35,299.70,216.99,216.23,300.55,300.55,0.80,257.51,258.35,0.00,75.60,201,6,0.0,0.0,0,0,0.0,0.0,0,
27.8.2026,17:30:20.218,7553,11700,39.2,5784,10525,35.4,2.4,2944,72,1.162,1.163,1.163,1.163,1.163,1.163,1.163,3770.8,3620.0,3620.0,3620.0,3620.0,4525.0,3620.0,100.0,552.8,79.1,31.0,93.5,357.6,426.4,2224.6,590.6,175.3,104.5,2407.8,52.3,91.3,552.8,13.3,0.0,24.7,3.3,6.4,4.8,48.7,14.1,5.0,0.4,51.8,0.0,0.0,51.8,13.3,14.7,1.3,0.8,2.4,9.4,11.4,60.3,15.8,4.7,2.6,64.1,1.3,2.3,14.7,37.7,36.2,36.2,36.2,36.2,45.2,36.2,0.0,24.4,2.0,10.1,59.4,16.5,54.7,3.5,42.5,17.8,58.9,40.6,65.7,45.3,26.8,33.1,80.2,31.0,0.0,17.8,0.0,69.7,1600.0,16.00,16,18,18,36,74,560,1,41.8,42.0,40.5,33.9,31.6,31.6,38.5,33.8,37.1,30.7,31.7,31.7,29.2,25.2,1.163,0.994,1.169,14.329,5.435,14.342,16.848,37.557,1.972,0.317,1.192,4.145,1.702,3.977,0.500,16.852,5.401,22.253,37.452,1600.0,1600.0,4525.0,4525.0,4650.0,49.3,23.9,18.7,44.2,142.4,No,No,No,0.704,0.327,1.5,41.0,36.5,36.0,33.0,32.0,33.5,36.0,12.168,5.000,1.004,1.348,1.176,0.864,0.872,1.562,3.352,1.836,1092,1518,554,550,1.056,1.255,34,34,41,79.0,100.0,No,No,80704,102356,0.0,0.0,0.0,0.000,0.000,45600,11169,44.9,48.0,52.7,47,48,46,48,48,46,48,46,48,83.0,0.762,12.185,12.257,12.169,12.147,12.165,0,0,17.898,6.603,13.300,0.674,8.360,9.633,2.688,13.300,5.380,1.675,4.416,290.000,320.000,1335.0,101.2,1170.0,337.1,1260.0,1110.0,1335.6,100.9,1259.8,0.0,1.0,0.0,0.0,9.0,0.0,0.1,0.0,0.0,0.0,0,0,Yes,No,No,No,No,Yes,No,6.4,6.1,4,0,0,0,0,0,0,0,0,125,0,0,0,0,0,0,0,0,0,0,0,0,0,0,0,0,0,0,0,0,7458,734,565,41,5.0,3.8,5.0,3.0,3.0,3.0,3.0,3.7,5.0,3.0,3.0,3.0,3.0,266.65,332.33,200.96,199.76,333.68,333.68,0.96,265.74,266.65,0.00,117.18,201,6,0.3,0.0,0,0,0.0,0.0,0,
27.8.2026,17:30:20.732,8706,10547,45.2,6014,10296,36.8,2.4,2944,72,1.162,1.163,1.163,1.163,1.163,1.163,1.163,3770.8,3620.0,3620.0,3620.0,3620.0,4525.0,3620.0,100.0,553.9,187.2,43.0,151.1,149.6,501.8,972.6,455.9,207.7,540.0,3279.2,92.7,66.7,553.9,14.4,5.0,5.4,4.9,1.9,17.7,23.0,2.7,6.2,10.7,73.0,9.0,13.5,73.0,14.4,14.7,3.7,1.1,3.9,3.8,13.4,26.2,12.3,5.6,14.4,88.5,2.2,1.7,14.7,37.7,36.2,36.2,36.2,36.2,45.2,36.2,0.0,24.3,4.8,7.3,33.1,14.6,82.0,4.0,50.0,48.2,59.6,66.9,63.1,18.0,43.9,25.8,47.0,33.1,0.0,22.3,0.0,52.1,1600.0,16.00,16,18,18,36,74,560,1,42.5,42.7,40.0,34.1,31.8,31.0,36.2,33.4,41.0,30.7,31.6,31.6,31.2,25.7,1.163,0.994,1.169,13.852,5.793,13.870,18.099,38.041,1.791,0.718,0.974,2.690,1.529,4.159,0.678,16.328,5.757,22.085,38.000,1600.0,1600.0,4496.3,4496.3,4650.0,50.0,23.1,20.1,44.9,151.4,No,No,No,0.785,0.756,1.5,42.0,36.0,36.0,33.0,32.0,33.5,36.0,12.168,4.980,1.004,1.352,1.170,0.864,0.872,1.564,3.352,1.836,1092,758,554,550,1.056,1.255,34,34,41,79.0,100.0,No,No,80704,102356,0.0,0.1,0.1,0.000,0.072,45600,11169,45.2,48.0,52.8,48,48,48,48,48,46,48,48,48,83.0,0.825,12.183,12.257,12.167,12.145,12.162,0,0,17.880,6.404,12.961,0.686,8.140,9.303,2.590,12.961,5.182,1.676,4.136,290.000,320.000,1335.0,1187.7,1230.0,337.1,1335.0,1185.0,1335.5,1186.8,1334.4,0.0,1.0,0.0,0.0,9.1,0.0,0.0,0.0,0.0,0.0,0,0,Yes,No,No,No,No,Yes,No,6.3,20.9,4,0,0,0,0,0,0,0,0,126,0,0,0,0,0,0,0,0,0,0,0,0,0,0,0,0,0,0,0,0,7449,743,584,113,16.0,3.7,5.9,2.7,2.7,2.7,2.7,3.8,5.9,2.7,2.7,2.7,2.7,266.72,365.07,168.38,166.58,367.07,367.07,0.93,265.72,266.72,0.00,183.72,201,6,0.6,0.4,0,0,0.0,0.0,0,
27.8.2026,17:30:21.229,8707,10547,45.2,6011,10298,36.8,2.4,2944,72,1.189,1.163,1.194,1.194,1.194,1.194,1.194,3921.7,3620.0,3620.0,4525.0,4525.0,3620.0,3620.0,100.0,544.8,61.0,15.0,57.5,48.7,6.7,4523.3,884.1,311.6,279.3,296.0,22.4,31.3,544.8,13.4,2.0,0.0,0.0,0.0,0.0,99.9,28.9,7.7,7.2,4.6,0.0,9.8,99.9,13.4,14.6,1.2,0.4,1.5,1.2,0.2,122.2,23.8,8.4,7.5,8.0,0.6,0.8,14.6,39.2,36.2,36.2,45.2,45.2,36.2,36.2,0.0,23.5,1.7,2.6,99.8,22.6,13.0,1.3,38.7,47.8,23.8,0.2,60.7,87.0,12.9,37.8,50.4,73.6,0.0,16.7,0.0,85.8,1600.0,16.00,16,18,18,36,74,560,1,42.8,43.2,45.8,33.7,32.3,30.2,42.9,33.9,32.9,30.1,31.5,31.5,30.5,25.4,1.212,0.994,1.225,12.916,5.920,12.842,16.227,36.873,1.519,0.583,0.397,4.441,2.024,1.438,0.228,15.243,5.883,21.126,37.281,1600.0,1600.0,4525.0,4525.0,4650.0,49.1,21.4,18.0,45.5,166.7,No,No,No,0.207,0.180,1.4,42.0,36.0,36.0,33.0,32.0,33.5,36.0,12.096,4.970,1.004,1.348,1.180,0.864,0.872,1.552,3.320,1.836,1107,758,554,550,1.056,1.255,34,34,41,79.0,100.0,No,No,80704,102356,0.0,0.0,0.0,0.000,0.000,45600,11169,54.4,54.0,64.2,52,52,52,54,52,52,52,52,54,83.0,0.819,12.083,12.170,12.071,12.056,12.037,0,0,54.839,70.810,145.564,23.512,80.812,69.602,14.192,145.564,28.381,25.900,103.762,290.000,320.000,1335.0,1156.5,1230.0,670.7,1335.0,1185.0,1334.8,1155.1,1334.9,100.0,11.0,0.0,0.0,20.4,24.2,96.7,0.0,0.0,0.0,0,0,Yes,No,No,No,No,Yes,No,60.0,61.1,4,0,0,0,0,0,0,0,0,126,0,0,0,0,0,0,0,0,0,0,0,0,0,0,0,0,0,0,0,0,6517,1675,1506,115,16.0,3.4,7.3,2.6,2.6,2.6,2.6,3.4,7.2,2.6,2.6,2.6,2.6,294.54,383.34,137.57,133.36,383.67,383.67,0.81,293.76,294.54,0.00,228.17,201,6,0.0,0.0,0,0,0.0,0.0,0,
27.8.2026,17:30:21.711,8707,10547,45.2,6011,10298,36.8,2.4,2944,72,1.189,1.163,1.194,1.194,1.194,1.194,1.194,3921.7,3620.0,3620.0,4525.0,4525.0,3620.0,3620.0,100.0,544.8,61.0,15.0,57.5,48.7,6.7,4523.3,884.1,311.6,279.3,296.0,22.4,31.3,544.8,13.4,2.0,0.0,0.0,0.0,0.0,99.9,28.9,7.7,7.2,4.6,0.0,9.8,99.9,13.4,14.6,1.2,0.4,1.5,1.2,0.2,122.2,23.8,8.4,7.5,8.0,0.6,0.8,14.6,39.2,36.2,36.2,45.2,45.2,36.2,36.2,0.0,23.5,1.7,2.6,99.8,22.6,13.0,1.3,38.7,47.8,23.8,0.2,60.7,87.0,12.9,37.8,50.4,73.6,0.0,16.7,0.0,85.8,1600.0,16.00,16,18,18,36,74,560,1,42.8,43.2,45.8,33.7,32.3,30.2,42.9,33.9,32.9,30.1,31.5,31.5,30.5,25.4,1.212,0.994,1.225,12.916,5.920,12.842,16.227,36.873,1.519,0.583,0.397,4.441,2.024,1.438,0.228,15.243,5.883,21.126,37.281,1600.0,1600.0,4525.0,4525.0,4650.0,49.1,21.4,18.0,45.5,166.7,No,No,No,0.207,0.180,1.4,43.0,36.5,36.0,33.0,32.0,33.5,36.0,12.120,4.970,1.004,1.348,1.186,0.864,0.872,1.552,3.324,1.838,1107,755,554,561,1.056,1.255,34,34,41,79.0,100.0,No,No,80704,102356,0.0,0.0,0.0,0.000,0.000,45600,11169,55.9,56.0,65.8,54,54,54,54,54,54,54,52,56,83.0,0.819,12.082,12.169,12.069,12.055,12.035,0,0,126.294,71.160,146.531,23.669,81.311,69.989,14.237,146.531,28.477,26.041,103.650,290.000,320.000,1335.0,1156.5,1230.0,670.7,1335.0,1185.0,1335.1,1155.2,1335.5,100.0,11.0,0.0,0.0,20.4,24.9,99.6,0.0,0.0,0.0,0,0,Yes,No,No,No,No,Yes,No,60.3,62.0,4,0,0,0,0,0,0,0,0,126,0,0,0,0,0,0,0,0,0,0,0,0,0,0,0,0,0,0,0,0,6517,1675,1506,115,16.0,3.4,7.3,2.6,2.6,2.6,2.6,3.4,7.2,2.6,2.6,2.6,2.6,294.54,383.34,137.57,133.36,383.67,383.67,0.81,293.76,294.54,0.00,228.17,201,6,0.0,0.0,0,0,0.0,0.0,0,
27.8.2026,17:30:22.224,8707,10546,45.2,6017,10292,36.8,2.4,2944,72,1.184,1.200,1.181,1.181,1.181,1.181,1.181,4072.5,3620.0,3620.0,4525.0,3620.0,4525.0,4525.0,100.0,539.7,67.1,19.2,110.4,46.8,21.8,4524.5,788.6,194.6,255.8,272.9,58.4,116.8,539.7,15.0,0.0,4.8,4.0,5.4,4.8,100.0,16.3,5.8,7.2,7.7,19.8,4.0,100.0,15.0,14.5,1.0,0.5,2.9,1.2,0.6,122.3,21.4,5.2,6.8,7.2,1.5,3.0,14.5,40.7,36.2,36.2,45.2,36.2,45.2,45.2,0.0,23.7,1.7,3.7,100.0,22.0,11.1,3.8,35.1,45.1,26.0,0.0,64.6,66.0,8.9,41.2,53.2,70.3,0.0,13.4,22.9,87.2,1600.0,16.00,16,18,18,36,74,560,1,43.0,43.4,43.5,33.9,32.4,30.5,43.2,34.5,32.4,30.5,31.5,31.5,31.0,26.1,1.188,0.994,1.206,12.894,5.929,12.908,16.548,37.554,1.497,0.564,0.478,4.480,1.948,1.209,0.303,15.228,5.892,21.120,37.379,1600.0,1600.0,4525.0,4525.0,4650.0,49.2,21.5,18.4,45.7,168.5,No,No,No,0.194,0.170,1.4,43.0,36.5,36.0,33.0,32.0,33.5,36.0,12.096,4.970,1.004,1.348,1.186,0.864,0.872,1.554,3.324,1.836,1156,755,554,561,1.056,1.239,34,34,41,79.0,100.0,No,No,80704,102356,0.0,0.0,0.0,0.000,0.000,45600,11169,56.6,56.0,66.4,55,56,54,56,56,54,54,54,56,83.0,0.812,12.081,12.167,12.068,12.055,12.034,0,0,175.877,68.731,148.005,23.883,81.956,70.640,14.236,148.005,28.489,2.390,100.980,290.000,320.000,1335.0,1156.5,1230.0,1335.0,1335.0,1185.0,1335.5,1155.4,1335.1,100.0,11.0,0.0,0.0,20.4,23.4,93.7,0.0,0.0,0.0,0,0,Yes,No,No,No,No,Yes,No,60.1,61.2,4,0,0,0,0,0,0,0,0,126,0,0,0,0,0,0,0,0,0,0,0,0,0,0,0,0,0,0,0,0,6517,1675,1506,115,16.0,3.3,8.2,2.4,2.4,2.4,2.4,3.3,8.2,2.4,2.4,2.4,2.4,305.61,416.46,121.37,116.56,417.13,417.13,0.89,304.72,305.61,0.00,272.67,201,6,0.1,0.0,0,0,0.0,0.0,0,
27.8.2026,17:30:22.713,8704,10550,45.2,6005,10305,36.8,2.4,2944,72,1.157,1.163,1.156,1.156,1.156,1.156,1.156,3921.7,3620.0,3620.0,4525.0,3620.0,4525.0,3620.0,100.0,538.0,72.9,13.1,95.6,45.7,310.6,255.7,612.6,456.6,8.1,4519.8,36.7,28.8,538.0,11.2,2.7,0.0,3.7,0.0,5.6,7.2,9.4,5.8,0.0,99.9,0.0,0.0,99.9,11.2,14.5,1.4,0.3,2.5,1.2,8.3,6.8,16.5,12.3,0.2,122.2,0.9,0.9,14.5,39.2,36.2,36.2,45.2,36.2,45.2,36.2,0.0,22.9,1.8,3.4,12.4,17.8,99.9,1.8,42.9,63.8,25.2,85.1,67.9,0.1,15.3,34.2,34.4,71.4,2.4,14.3,0.0,82.9,1600.0,16.00,16,18,18,36,74,560,1,43.2,43.7,44.8,33.8,31.4,30.4,33.2,34.2,43.5,30.3,31.5,31.5,30.8,25.8,1.156,0.994,1.169,12.803,5.916,12.822,15.794,37.288,1.529,0.709,0.443,1.405,1.879,4.458,0.282,15.094,5.879,20.973,37.246,1600.0,1600.0,4525.0,4525.0,4650.0,49.0,21.4,17.5,46.0,163.9,No,No,No,0.196,0.187,1.4,43.0,36.5,36.0,33.0,32.0,33.5,36.0,12.096,4.970,1.004,1.348,1.174,0.864,0.872,1.552,3.324,1.836,1156,753,551,547,1.056,1.239,34,34,41,79.0,100.0,No,No,80704,102356,0.0,0.0,0.0,0.000,0.000,45600,11169,57.0,56.0,66.8,56,56,56,56,56,56,56,56,56,83.0,0.812,12.084,12.171,12.071,12.058,12.036,0,0,176.332,70.910,146.652,23.686,81.410,70.079,14.275,146.652,28.547,26.102,100.789,290.000,320.000,1335.0,1156.5,1230.0,1335.0,1335.0,1185.0,1335.1,1155.5,1335.2,100.0,11.0,0.0,0.0,20.4,25.0,100.0,0.0,0.0,0.0,0,0,Yes,No,No,No,No,Yes,No,60.4,61.5,4,0,0,0,0,0,0,0,0,126,0,0,0,0,0,0,0,0,0,0,0,0,0,0,0,0,0,0,0,0,6517,1675,1506,115,16.0,3.2,9.4,2.3,2.3,2.3,2.3,3.2,9.4,2.3,2.3,2.3,2.3,316.68,433.01,105.95,100.23,433.33,433.33,0.83,315.82,316.68,0.00,317.15,201,6,0.0,0.0,0,0,0.0,0.0,0,
27.8.2026,17:30:23.221,8708,10546,45.2,6018,10291,36.9,2.4,2944,72,1.184,1.163,1.194,1.194,1.194,1.181,1.181,4072.5,3620.0,3620.0,4525.0,4525.0,4525.0,3620.0,100.0,553.9,79.5,43.2,161.9,51.5,63.2,4503.0,732.1,146.5,330.9,455.5,45.1,34.9,553.9,15.4,0.0,5.0,1.9,15.1,0.0,99.5,19.6,7.1,10.5,8.6,15.0,1.9,99.5,15.4,14.8,0.9,1.1,4.3,1.3,1.7,121.7,19.8,3.9,8.0,12.4,1.1,0.9,14.8,40.7,36.2,36.2,45.2,45.2,45.2,36.2,0.0,23.7,2.0,5.0,99.7,19.3,14.4,2.0,38.3,59.2,26.9,0.3,54.9,75.8,12.9,37.9,38.8,68.0,0.0,25.8,9.8,85.1,1600.0,16.00,16,18,18,36,74,560,1,43.5,43.4,43.0,33.9,32.7,30.6,43.1,33.4,33.5,30.1,31.5,31.5,30.5,25.4,1.181,0.994,1.194,12.688,5.911,12.655,16.125,36.782,1.535,0.707,0.543,4.451,1.662,1.584,0.264,14.969,5.874,20.843,37.045,1600.0,1600.0,4525.0,4525.0,4650.0,48.7,21.1,17.9,45.7,162.5,No,No,No,0.200,0.216,1.4,43.0,36.5,36.0,33.0,32.0,33.5,36.0,12.096,4.970,1.004,1.348,1.184,0.864,0.872,1.554,3.320,1.836,1139,767,552,547,1.056,1.248,34,34,41,79.0,100.0,No,No,80704,102356,0.0,0.0,0.0,0.000,0.000,45600,11169,57.3,58.0,67.3,56,56,56,56,56,56,56,56,58,83.0,0.812,12.084,12.171,12.071,12.057,12.036,0,0,176.218,70.640,146.023,23.515,81.066,69.906,14.239,146.023,28.482,25.490,101.013,290.000,320.000,1335.0,1156.5,1230.0,1335.0,1335.0,1185.0,1335.5,1155.4,1335.2,100.0,11.0,0.0,0.0,20.4,24.6,98.4,0.0,0.0,0.0,0,0,Yes,No,No,No,No,Yes,No,60.2,61.5,4,0,0,0,0,0,0,0,0,126,0,0,0,0,0,0,0,0,0,0,0,0,0,0,0,0,0,0,0,0,6517,1675,1506,115,16.0,3.1,24.3,2.0,2.0,2.0,2.0,3.1,24.2,2.0,2.0,2.0,2.0,322.27,498.94,41.20,34.00,500.28,500.28,0.72,321.44,322.27,0.00,400.17,201,6,0.5,0.0,0,0,0.0,0.0,0,
27.8.2026,17:30:23.712,8707,10546,45.2,6010,10299,36.8,2.4,2944,72,1.189,1.163,1.194,1.194,1.194,1.194,1.194,3921.7,3620.0,3620.0,4525.0,4525.0,3620.0,3620.0,100.0,523.3,76.6,28.3,247.4,202.7,126.1,4172.6,494.5,393.4,330.0,114.3,63.3,30.7,523.3,12.0,2.5,2.1,4.1,3.0,7.0,92.4,12.3,10.0,9.6,1.1,0.0,0.0,92.4,12.0,14.1,1.1,0.7,6.6,5.4,3.4,112.7,13.3,10.5,9.6,3.0,1.7,0.8,14.1,39.2,36.2,36.2,45.2,45.2,36.2,36.2,0.0,22.9,2.0,7.7,95.0,19.5,10.9,2.4,47.2,64.3,41.2,5.0,78.4,74.6,19.5,29.9,33.7,51.1,0.0,2.1,14.5,78.1,1600.0,16.00,16,18,18,36,74,560,1,43.6,43.2,44.2,34.0,32.8,31.5,42.6,34.3,32.4,30.4,31.6,31.6,30.0,25.2,1.194,0.994,1.206,13.344,5.942,13.347,16.557,38.015,1.579,0.766,0.899,4.307,1.926,1.236,0.340,15.770,5.905,21.675,37.935,1600.0,1600.0,4525.0,4525.0,4650.0,49.9,22.2,18.4,45.5,165.2,No,No,No,0.236,0.265,1.4,43.0,36.5,36.0,33.0,32.0,33.5,36.0,12.096,4.970,1.004,1.348,1.188,0.864,0.872,1.554,3.324,1.836,1139,767,552,559,1.056,1.248,34,34,41,79.0,100.0,No,No,80704,102356,0.0,0.0,0.0,0.000,0.000,45600,11169,57.2,56.0,67.2,56,56,56,56,56,56,56,56,56,83.0,0.812,12.084,12.171,12.071,12.057,12.036,0,0,172.141,71.037,146.410,23.745,81.177,70.041,14.287,146.410,28.576,25.604,103.081,290.000,320.000,1335.0,1156.5,1230.0,1335.0,1335.0,1185.0,1335.5,1155.0,1335.1,98.0,11.0,0.0,0.0,20.4,25.0,100.0,0.0,0.0,0.0,0,0,Yes,No,No,No,No,Yes,No,60.3,61.5,4,0,0,0,0,0,0,0,0,126,0,0,0,0,0,0,0,0,0,0,0,0,0,0,0,0,0,0,0,0,6517,1675,1506,115,16.0,3.0,23.9,2.0,2.0,2.0,2.0,3.0,23.8,2.0,2.0,2.0,2.0,333.35,499.61,41.77,33.96,500.28,500.28,0.95,332.43,333.35,0.00,455.75,201,6,1.5,0.4,0,0,0.0,0.0,0,
27.8.2026,17:30:24.226,8707,10546,45.2,6009,10301,36.8,2.4,2944,72,1.250,1.250,1.250,1.250,1.250,1.250,1.250,3875.0,3720.0,3720.0,4650.0,3720.0,3720.0,3720.0,100.0,546.8,73.0,29.4,93.4,141.4,11.9,4535.0,737.9,132.5,287.2,130.4,226.2,162.8,546.8,12.4,0.0,0.0,3.9,5.0,0.0,100.0,15.2,2.1,6.1,4.9,6.6,5.3,100.0,12.4,14.7,1.1,0.8,2.4,3.7,0.3,122.6,19.9,3.6,7.6,3.4,6.1,4.3,14.7,38.8,37.2,37.2,46.5,37.2,37.2,37.2,0.0,24.2,1.9,6.1,100.0,20.1,10.6,6.3,38.2,53.5,22.9,0.0,78.6,46.4,27.7,37.6,44.6,71.0,0.0,1.3,42.9,66.0,1600.0,16.00,16,18,18,36,74,560,1,43.8,43.6,47.0,34.1,32.7,30.8,43.5,34.6,31.7,31.4,31.6,31.6,30.5,25.2,1.250,0.994,1.262,13.081,5.983,13.072,17.368,37.410,1.572,0.668,0.589,4.528,1.943,0.991,0.715,15.548,5.946,21.494,37.719,1600.0,1600.0,4535.2,4535.2,4650.0,49.6,21.8,19.3,45.9,163.8,No,No,No,0.220,0.191,1.5,44.0,36.5,36.0,33.0,32.0,33.5,36.0,12.096,4.970,1.004,1.348,1.212,0.864,0.872,1.552,3.320,1.836,1174,751,550,546,1.056,1.270,34,34,41,79.0,100.0,No,No,80704,102356,0.0,0.0,0.0,0.000,0.000,45600,11169,57.8,58.0,67.9,56,56,56,56,56,56,56,56,58,83.0,0.812,12.083,12.170,12.070,12.055,12.035,0,0,172.038,71.214,147.691,23.866,81.823,70.561,14.286,147.691,28.590,25.506,100.917,290.000,320.000,1335.0,1156.5,1230.0,1335.0,1335.0,1185.0,1335.3,1155.4,1335.3,100.0,11.0,0.0,0.0,20.4,25.0,100.0,0.0,0.0,0.0,0,0,Yes,No,No,No,No,Yes,No,60.8,60.1,4,0,0,0,0,0,0,0,0,126,0,0,0,0,0,0,0,0,0,0,0,0,0,0,0,0,0,0,0,0,6517,1675,1506,115,16.0,3.0,23.7,2.0,2.0,2.0,2.0,3.0,23.8,2.0,2.0,2.0,2.0,333.38,499.35,42.14,34.34,500.02,500.02,0.95,332.36,333.38,0.00,444.46,201,6,5.7,0.0,0,0,0.0,0.0,0,
27.8.2026,17:30:24.717,8726,10527,45.3,6019,10290,36.9,2.4,2944,72,1.240,1.231,1.244,1.244,1.244,1.238,1.238,3875.0,3720.0,3720.0,4650.0,3720.0,3720.0,3720.0,100.0,529.7,75.2,37.1,99.6,42.2,4649.5,13.9,465.6,439.8,218.6,130.4,80.8,104.0,529.7,13.0,2.2,2.2,3.8,2.3,100.0,1.6,13.6,13.0,6.1,4.7,3.3,3.9,100.0,13.0,14.1,1.0,0.9,2.6,1.1,125.6,0.4,12.6,11.9,4.9,3.5,2.1,2.7,14.1,38.8,37.2,37.2,46.5,37.2,37.2,37.2,0.0,23.6,1.9,3.7,100.0,23.7,7.7,4.7,31.5,27.1,14.2,0.0,71.4,53.7,22.5,44.9,71.0,82.2,0.0,4.9,38.6,72.7,1600.0,16.00,16,18,18,36,74,560,1,44.5,45.8,47.2,34.5,32.8,30.5,45.8,34.6,32.2,31.1,31.9,31.9,29.8,25.3,1.250,0.994,1.262,13.528,5.902,13.486,17.246,38.662,1.667,0.487,0.411,5.314,2.187,1.066,0.538,16.795,5.865,22.659,38.842,1600.0,1600.0,4650.0,4650.0,4650.0,51.1,22.5,19.2,48.3,168.1,No,No,No,0.193,0.081,1.4,44.0,36.5,36.0,33.0,32.0,33.5,36.0,12.096,4.970,1.004,1.348,1.238,0.862,0.872,1.554,3.324,1.836,1174,751,550,546,1.056,1.270,34,34,41,79.0,100.0,No,No,80704,102356,0.0,0.0,0.0,0.000,0.008,45600,11169,58.0,58.0,68.0,56,56,56,56,58,56,56,56,58,83.0,0.812,12.082,12.167,12.069,12.056,12.035,0,0,175.484,71.211,146.422,23.641,81.310,70.068,14.309,146.422,28.631,26.166,103.933,290.000,320.000,1335.0,1156.5,1230.0,1335.0,1335.0,1185.0,1334.8,1155.3,1335.0,100.0,11.0,0.0,0.0,20.4,21.9,87.6,0.0,0.0,0.0,0,0,Yes,No,No,No,No,Yes,No,60.4,61.6,4,0,0,0,0,0,0,0,0,126,0,0,0,0,0,0,0,0,0,0,0,0,0,0,0,0,0,0,0,0,6517,1675,1506,115,16.0,3.1,24.0,2.0,2.0,2.0,2.0,3.1,24.0,2.0,2.0,2.0,2.0,327.77,499.02,41.62,34.12,500.02,500.02,0.89,326.93,327.77,0.00,449.98,201,6,0.7,0.5,0,0,0.0,0.0,0,
27.8.2026,17:30:25.225,8707,10546,45.2,6020,10289,36.9,2.4,2944,72,1.159,1.175,1.156,1.156,1.156,1.156,1.156,3921.7,3620.0,3620.0,4525.0,3620.0,4525.0,3620.0,100.0,519.5,59.8,15.0,103.4,57.3,319.5,243.5,714.7,169.3,4496.7,5.2,37.6,12.4,519.5,11.0,2.4,0.0,1.0,0.0,8.4,3.8,14.4,2.2,99.9,0.0,0.0,0.0,99.9,11.0,14.0,1.1,0.4,2.8,1.5,8.5,6.5,19.3,4.5,121.3,0.1,1.0,0.4,14.0,39.2,36.2,36.2,45.2,36.2,45.2,36.2,0.0,22.9,1.6,4.1,11.4,19.1,99.9,1.5,36.8,38.4,35.3,61.1,75.9,0.1,10.0,40.3,60.0,60.6,27.5,5.0,0.0,88.5,1600.0,16.00,16,18,18,36,74,560,1,44.5,43.9,42.8,33.9,31.1,30.9,33.0,34.4,43.6,30.4,31.6,31.6,30.5,25.3,1.188,0.994,1.200,12.561,5.922,12.624,15.986,37.575,1.464,0.481,0.561,1.268,1.844,4.454,0.179,14.861,5.885,20.745,37.079,1600.0,1600.0,4530.1,4530.1,4650.0,48.8,21.0,17.8,46.2,168.2,No,No,No,0.179,0.182,1.4,44.0,36.5,36.0,33.0,32.0,33.5,36.0,12.096,4.970,1.004,1.348,1.172,0.864,0.872,1.554,3.324,1.836,1184,1501,552,559,1.056,1.256,34,34,41,79.0,100.0,No,No,80704,102356,0.0,0.0,0.0,0.000,0.000,45600,11169,58.2,58.0,68.1,56,58,56,56,56,56,56,56,58,83.0,0.812,12.084,12.173,12.071,12.057,12.036,0,0,176.433,71.084,146.724,23.762,81.355,70.182,14.287,146.724,28.581,25.801,102.340,290.000,320.000,1335.0,1156.5,1230.0,1335.0,1335.0,1185.0,1334.7,1155.4,1334.8,100.0,11.0,0.0,0.0,20.4,23.8,95.2,0.0,0.0,0.0,0,0,Yes,No,No,No,No,Yes,No,60.5,60.8,4,0,0,0,0,0,0,0,0,126,0,0,0,0,0,0,0,0,0,0,0,0,0,0,0,0,0,0,0,0,6517,1675,1506,115,16.0,3.1,13.4,2.2,2.2,2.2,2.2,3.1,13.5,2.2,2.2,2.2,2.2,322.23,450.00,74.62,67.73,450.01,450.01,0.86,321.40,322.23,0.00,394.36,201,6,2.8,0.0,0,0,0.0,0.0,0,
27.8.2026,17:30:25.736,8706,10547,45.2,6006,10303,36.8,2.4,2944,72,1.178,1.194,1.175,1.175,1.175,1.175,1.175,4223.3,3620.0,4525.0,4525.0,3620.0,4525.0,4525.0,100.0,548.9,110.5,35.0,232.4,163.9,2439.5,41.0,677.0,245.5,2485.6,58.9,58.2,39.0,548.9,12.9,0.1,2.2,6.6,5.1,53.3,2.4,13.7,6.8,54.3,2.8,2.7,5.2,54.3,12.9,14.7,1.8,0.9,6.2,4.3,65.9,1.1,18.3,6.6,67.1,1.5,1.5,1.0,14.7,42.2,36.2,45.2,45.2,36.2,45.2,45.2,0.0,23.2,2.7,6.3,55.0,16.7,56.3,2.3,38.0,49.9,32.5,45.0,47.9,43.7,9.3,38.7,47.4,61.2,0.0,35.4,0.0,88.4,1600.0,16.00,16,18,18,36,74,560,1,44.5,43.5,39.0,33.9,32.0,31.3,38.5,32.9,38.3,30.1,31.5,31.5,31.0,26.4,1.194,0.994,1.206,12.540,5.945,12.523,15.510,36.731,1.507,0.664,0.742,2.933,1.497,2.943,0.266,14.769,5.908,20.677,36.897,1600.0,1600.0,4525.0,4525.0,4650.0,48.5,20.9,17.2,45.7,162.4,No,No,No,0.231,0.148,1.4,44.0,36.0,36.0,33.0,32.0,33.5,36.0,12.120,4.970,1.004,1.348,1.174,0.862,0.872,1.554,3.320,1.836,1195,1501,552,559,1.056,1.256,34,34,41,79.0,100.0,No,No,80704,102356,0.0,0.0,0.0,0.000,0.000,45600,11169,57.7,58.0,67.7,57,58,56,58,56,58,58,56,58,83.0,0.812,12.079,12.163,12.068,12.053,12.032,0,0,175.872,69.418,142.893,23.062,79.541,68.788,14.258,142.893,28.523,25.530,99.275,290.000,320.000,1335.0,1156.5,1230.0,1335.0,1335.0,1185.0,1335.1,1154.9,1335.0,79.0,9.0,0.0,0.0,20.4,23.4,93.6,0.0,0.0,0.0,0,0,Yes,No,No,No,No,Yes,No,59.1,60.9,4,0,0,0,0,0,0,0,0,126,0,0,0,0,0,0,0,0,0,0,0,0,0,0,0,0,0,0,0,0,6517,1675,1506,115,16.0,3.2,9.5,2.2,2.2,2.2,2.2,3.2,9.5,2.2,2.2,2.2,2.2,311.02,448.40,105.74,100.65,449.73,449.73,0.83,310.16,311.02,0.00,338.66,201,6,1.6,0.3,0,0,0.0,0.0,0,
27.8.2026,17:30:26.231,8708,10546,45.2,6021,10288,36.9,2.4,2944,72,1.181,1.181,1.181,1.181,1.181,1.181,1.181,3770.8,3620.0,3620.0,4525.0,3620.0,3620.0,3620.0,100.0,526.2,53.1,22.1,190.6,59.0,4243.6,86.5,793.9,173.1,355.6,232.2,64.9,40.3,526.2,10.8,2.0,0.0,2.6,0.0,93.9,0.0,16.1,2.0,6.3,3.5,2.6,0.0,93.9,10.8,14.1,0.9,0.6,5.1,1.5,114.7,2.3,21.4,4.7,9.5,6.2,1.7,1.0,14.1,37.7,36.2,36.2,45.2,36.2,36.2,36.2,0.0,23.4,1.5,6.0,95.5,21.5,13.5,2.6,35.1,18.1,31.7,4.5,59.4,64.1,32.6,41.5,80.4,62.4,0.0,19.2,22.4,64.8,1600.0,16.00,16,18,18,36,74,560,1,44.5,42.8,43.0,33.8,31.9,30.8,42.4,34.2,32.7,30.7,31.5,31.5,30.5,26.4,1.181,0.994,1.194,12.471,5.985,12.523,16.062,37.090,1.470,0.279,0.626,4.286,1.867,1.283,0.478,14.684,5.948,20.632,36.957,1600.0,1600.0,4503.2,4503.2,4650.0,48.6,20.9,17.8,45.0,165.7,No,No,No,0.226,0.344,1.4,44.0,36.0,36.0,33.0,32.0,33.5,36.0,12.096,4.970,1.004,1.348,1.184,0.862,0.872,1.554,3.316,1.836,1195,765,551,546,1.056,1.252,34,34,41,79.0,100.0,No,No,80704,102356,0.0,0.0,0.0,0.000,0.000,45600,11169,58.5,58.0,68.5,58,58,56,58,58,58,58,56,58,83.0,0.812,12.080,12.167,12.068,12.054,12.033,0,0,171.388,71.302,147.630,23.847,81.881,70.491,14.295,147.630,28.607,25.725,101.614,290.000,320.000,1335.0,1156.5,1230.0,1335.0,1335.0,1185.0,1334.8,1155.1,1334.9,100.0,11.0,0.0,0.0,20.4,25.0,100.0,0.0,0.0,0.0,68,68,Yes,No,No,No,No,Yes,No,60.8,61.5,4,0,0,0,0,0,0,0,0,126,0,0,0,0,0,0,0,0,0,0,0,0,0,0,0,0,0,0,0,0,6517,1675,1506,115,16.0,3.4,7.2,2.6,2.6,2.6,2.6,3.4,7.2,2.6,2.6,2.6,2.6,294.41,382.90,138.26,134.07,383.24,383.24,0.83,293.61,294.41,0.00,255.40,201,6,0.5,0.1,0,0,0.0,0.0,0,
27.8.2026,17:30:26.735,8707,10547,45.2,6009,10300,36.8,2.4,2944,72,1.175,1.206,1.169,1.169,1.169,1.169,1.169,3770.8,3620.0,3620.0,4525.0,3620.0,3620.0,3620.0,100.0,527.5,53.7,15.4,66.3,37.1,4524.5,2.7,267.5,739.8,268.9,248.9,66.3,38.9,527.5,12.4,0.0,4.5,2.7,2.1,100.0,1.2,7.1,14.8,7.2,6.9,0.0,2.1,100.0,12.4,14.2,1.1,0.4,1.7,0.9,122.3,0.1,7.2,20.0,7.2,6.6,1.7,1.0,14.2,37.7,36.2,36.2,45.2,36.2,36.2,36.2,0.0,22.8,1.4,2.6,100.0,18.4,11.7,2.6,32.1,11.0,22.9,0.0,55.4,68.3,34.9,45.1,87.5,74.5,0.0,26.2,20.0,62.5,1600.0,16.00,16,18,18,36,74,560,1,44.5,43.1,43.0,33.7,31.9,30.3,42.9,33.9,32.4,30.6,31.6,31.6,30.2,25.9,1.188,0.994,1.194,12.154,5.963,12.147,15.214,36.519,1.411,0.223,0.384,4.423,1.747,1.197,0.492,14.324,5.926,20.250,36.481,1600.0,1600.0,4525.0,4525.0,4650.0,48.0,20.2,16.9,45.4,168.3,No,No,No,0.196,0.140,1.4,44.0,36.0,36.0,33.0,32.0,34.0,36.0,12.096,4.970,1.002,1.348,1.182,0.862,0.872,1.552,3.320,1.836,1166,765,551,546,1.056,1.252,34,34,41,79.0,100.0,No,No,80704,102356,0.0,0.0,0.0,0.000,0.000,45600,11169,58.7,58.0,68.6,58,58,56,58,58,58,58,58,58,83.0,0.812,12.078,12.153,12.071,12.056,12.035,926,955,172.387,73.195,152.478,28.473,81.984,70.541,14.273,152.478,28.557,25.833,104.135,290.000,320.000,1335.0,1156.5,1230.0,1335.0,1335.0,1185.0,1335.2,1155.9,1334.9,100.0,11.0,0.0,0.0,20.4,23.6,94.3,0.0,0.0,0.0,68,68,Yes,No,No,No,No,Yes,No,62.4,63.0,4,0,0,0,0,0,0,0,0,126,0,0,0,0,0,0,0,0,0,0,0,0,0,0,0,0,0,0,0,0,6517,1675,1506,115,16.0,3.3,5.9,2.7,2.7,2.7,2.7,3.3,5.9,2.7,2.7,2.7,2.7,299.94,366.61,170.80,167.21,366.61,366.61,0.74,299.20,299.94,0.00,210.93,201,6,0.4,0.0,0,0,0.0,0.0,0,
27.8.2026,17:30:27.238,8705,10548,45.2,6020,10289,36.9,2.4,2944,72,1.255,1.250,1.256,1.256,1.256,1.256,1.256,3875.0,3720.0,3720.0,4650.0,3720.0,3720.0,3720.0,100.0,532.1,85.4,42.0,59.0,63.9,4575.4,2.6,250.5,645.4,283.6,296.4,46.5,34.7,532.1,12.9,2.4,2.5,2.9,0.0,100.0,1.5,7.0,19.8,5.1,8.8,2.5,2.3,100.0,12.9,14.2,0.9,1.1,1.5,1.6,123.7,0.1,6.7,17.4,7.6,7.9,1.1,0.9,14.2,38.8,37.2,37.2,46.5,37.2,37.2,37.2,0.0,23.8,2.0,3.0,100.0,21.6,13.9,2.0,36.4,9.8,20.5,0.0,75.0,66.4,46.7,39.9,88.2,76.5,0.0,3.5,19.7,51.3,1600.0,16.00,16,18,18,36,74,560,1,44.6,44.1,46.5,34.1,32.1,30.4,44.0,34.3,32.7,30.9,31.6,31.6,30.0,25.6,1.256,0.994,1.262,13.169,5.939,13.145,16.834,37.785,1.568,0.249,0.404,4.781,2.002,1.370,0.601,15.869,5.903,21.772,37.980,1600.0,1600.0,4575.4,4575.4,4650.0,50.0,21.9,18.7,46.4,168.2,No,No,No,0.187,0.214,1.4,44.0,36.0,36.0,33.0,32.0,34.0,36.0,12.096,4.970,1.004,1.348,1.236,0.858,0.872,1.552,3.324,1.836,1166,764,550,545,1.056,1.233,34,34,41,79.0,100.0,No,No,80704,102356,0.0,0.0,0.0,0.000,0.000,45600,11169,58.8,58.0,68.8,58,58,58,58,58,58,58,58,58,83.0,0.812,12.082,12.168,12.069,12.056,12.034,1151,1129,178.877,71.506,148.114,24.117,82.008,70.633,14.333,148.114,28.682,25.763,101.795,290.000,320.000,1335.0,1156.5,1230.0,1335.0,1335.0,1185.0,1335.3,1155.3,1335.4,100.0,11.0,0.0,0.0,20.4,25.0,100.0,0.0,0.0,0.0,68,68,Yes,No,No,No,No,Yes,No,61.0,61.6,4,0,0,0,0,0,0,0,0,126,0,0,0,0,0,0,0,0,0,0,0,0,0,0,0,0,0,0,0,0,6517,1675,1506,115,16.0,3.5,5.9,2.7,2.7,2.7,2.7,3.5,5.9,2.7,2.7,2.7,2.7,283.33,365.61,169.79,167.09,366.61,366.61,0.83,282.59,283.33,0.00,183.33,201,6,2.4,0.0,0,0,0.0,0.0,0,
27.8.2026,17:30:27.750,8708,10545,45.2,6010,10300,36.8,2.4,2944,72,1.246,1.256,1.244,1.244,1.244,1.244,1.244,3875.0,3720.0,3720.0,4650.0,3720.0,3720.0,3720.0,100.0,522.3,64.0,18.7,94.6,45.2,4649.5,6.4,110.3,649.8,319.2,233.3,51.4,24.9,522.3,11.2,1.5,0.0,0.0,0.0,100.0,0.0,0.3,12.4,11.5,6.5,1.6,0.0,100.0,11.2,14.0,1.2,0.5,2.5,1.1,125.7,0.2,3.0,17.5,8.5,6.2,1.3,0.6,14.0,38.8,37.2,37.2,46.5,37.2,37.2,37.2,0.0,23.7,1.7,3.7,100.0,20.3,14.5,2.0,36.9,8.5,25.1,0.0,73.3,82.4,32.0,39.4,89.9,71.3,0.0,6.4,3.1,66.0,1600.0,16.00,16,18,18,36,74,560,1,45.1,45.8,45.8,34.6,32.4,30.7,45.8,34.3,33.5,30.9,31.9,31.9,31.0,25.9,1.231,0.994,1.238,13.689,5.936,13.703,17.680,39.354,1.714,0.246,0.517,5.323,2.054,1.621,0.521,17.004,5.899,22.902,39.164,1600.0,1600.0,4650.0,4650.0,4650.0,51.5,22.8,19.6,48.2,164.9,No,No,No,0.192,0.131,1.4,45.0,36.5,36.0,33.0,32.0,34.0,36.0,12.096,4.990,1.004,1.348,1.236,0.858,0.872,1.552,3.324,1.836,1167,764,550,545,1.056,1.233,34,34,41,79.0,100.0,No,No,80704,102356,0.0,0.0,0.0,0.000,0.000,45600,11169,59.0,58.0,69.0,58,58,58,58,58,58,58,58,58,83.0,0.812,12.078,12.162,12.067,12.053,12.032,958,877,178.990,71.468,148.077,24.130,81.961,70.557,14.294,148.077,28.605,25.788,101.719,290.000,320.000,1335.0,1156.5,1230.0,1335.0,1335.0,1185.0,1335.2,1155.6,1334.6,100.0,11.0,0.0,0.0,20.4,25.0,100.0,0.0,0.0,0.0,68,68,Yes,No,No,No,No,Yes,No,60.9,46.8,4,0,0,0,0,0,0,0,0,126,0,0,0,0,0,0,0,0,0,0,0,0,0,0,0,0,0,0,0,0,6517,1675,1506,115,16.0,3.6,4.6,3.2,3.2,3.2,3.2,3.6,4.6,3.2,3.2,3.2,3.2,277.71,316.24,218.77,217.29,316.58,316.58,1.00,276.80,277.71,0.00,110.89,201,6,0.7,0.1,0,0,0.0,0.0,0,
27.8.2026,17:30:28.253,8709,10544,45.2,6025,10285,36.9,2.4,2944,72,1.236,1.231,1.238,1.238,1.238,1.238,1.238,3875.0,3720.0,3720.0,4650.0,3720.0,3720.0,3720.0,100.0,513.9,50.2,16.2,101.3,98.7,4384.6,24.3,195.1,429.9,540.7,195.0,83.5,47.1,513.9,11.8,0.0,0.0,3.6,6.3,94.3,1.5,6.0,12.4,12.2,3.1,0.0,2.2,94.3,11.8,13.8,0.9,0.4,2.6,2.6,118.5,0.6,5.2,11.6,14.5,5.2,2.1,1.2,13.8,38.8,37.2,37.2,46.5,37.2,37.2,37.2,0.0,23.2,1.3,5.3,94.9,16.0,18.7,3.2,41.6,15.7,37.4,5.1,74.7,79.4,37.6,35.1,83.0,57.3,0.0,9.3,1.9,59.2,1600.0,16.00,16,18,18,36,74,560,1,45.2,45.2,45.8,34.6,32.5,31.2,45.1,33.8,34.2,31.1,32.0,32.0,30.5,25.6,1.225,0.994,1.238,14.096,5.999,14.096,17.655,39.687,1.740,0.300,0.746,5.131,1.726,1.906,0.632,17.468,5.962,23.430,39.691,1600.0,1600.0,4645.3,4645.3,4650.0,52.2,23.5,19.6,47.6,166.8,No,No,No,0.233,0.344,1.4,45.0,36.5,36.5,33.0,32.0,34.0,36.5,12.120,4.970,1.004,1.348,1.236,0.858,0.872,1.552,3.320,1.836,1167,764,552,558,1.056,1.243,34,34,41,79.0,100.0,No,No,80704,102356,0.0,0.0,0.0,0.000,0.000,45600,11169,58.8,58.0,68.7,58,58,58,58,58,58,58,58,58,83.0,0.812,12.082,12.167,12.070,12.055,12.034,913,833,172.051,71.693,147.800,24.249,81.762,70.475,14.345,147.800,28.703,26.092,104.006,290.000,320.000,1335.0,1156.5,1230.0,1335.0,1335.0,1185.0,1335.5,1155.4,1335.0,100.0,11.0,0.0,0.0,20.4,24.3,97.1,0.0,0.0,0.0,68,68,Yes,No,No,No,No,Yes,No,60.9,61.6,4,0,0,0,0,0,0,0,0,126,0,0,0,0,0,0,0,0,0,0,0,0,0,0,0,0,0,0,0,0,6517,1675,1506,115,16.0,3.8,4.6,3.3,3.3,3.3,3.3,3.7,4.6,3.3,3.3,3.3,3.3,266.47,299.08,218.50,217.32,299.41,299.41,0.89,265.61,266.47,0.00,77.25,201,6,2.4,0.0,0,0,0.0,0.0,0,
27.8.2026,17:30:28.749,8706,10547,45.2,6009,10301,36.8,2.4,2944,72,1.231,1.231,1.231,1.231,1.231,1.231,1.231,3875.0,3720.0,3720.0,4650.0,3720.0,3720.0,3720.0,100.0,535.4,70.0,19.9,45.7,39.1,4649.5,12.7,234.6,749.1,275.8,211.9,68.0,48.5,535.4,13.2,2.1,4.3,0.0,0.0,100.0,0.0,9.8,23.2,8.1,6.5,2.6,2.2,100.0,13.2,14.4,1.3,0.5,1.2,1.0,125.7,0.3,6.3,20.2,7.3,5.7,1.7,1.3,14.4,38.8,37.2,37.2,46.5,37.2,37.2,37.2,0.0,24.3,1.7,2.2,100.0,26.0,12.5,3.2,34.1,6.3,18.9,0.0,64.9,80.8,33.4,41.6,91.9,78.8,0.0,9.0,6.7,63.4,1600.0,16.00,16,18,18,36,74,560,1,45.5,45.9,45.8,34.8,32.6,30.6,45.9,34.8,33.5,31.2,32.1,32.1,30.8,26.7,1.225,0.994,1.238,14.075,5.900,14.049,17.542,39.324,1.723,0.228,0.390,5.308,2.252,1.566,0.591,17.458,5.863,23.321,39.534,1600.0,1600.0,4650.0,4650.0,4650.0,52.0,23.4,19.5,48.3,168.5,No,No,No,0.191,0.129,1.5,45.0,36.5,36.0,33.0,32.0,34.0,36.5,12.120,4.970,1.004,1.352,1.236,0.858,0.872,1.554,3.324,1.836,1214,1501,552,558,1.056,1.243,34,34,41,79.0,100.0,No,No,80704,102356,0.0,0.0,0.0,0.000,0.000,45600,11169,59.0,58.0,68.9,58,58,58,58,58,58,58,58,58,83.0,0.812,12.080,12.165,12.068,12.054,12.034,950,880,171.858,71.885,148.585,24.500,82.002,70.746,14.344,148.585,28.699,25.476,104.029,290.000,320.000,1335.0,1156.5,1230.0,1335.0,1335.0,1185.0,1335.4,1155.5,1334.9,100.0,11.0,0.0,0.0,20.4,25.0,100.0,0.0,0.0,0.0,69,69,Yes,No,No,No,No,Yes,No,61.1,60.3,4,0,0,0,0,0,0,0,0,126,0,0,0,0,0,0,0,0,0,0,0,0,0,0,0,0,0,0,0,0,6517,1675,1506,115,16.0,3.9,4.3,3.5,3.5,3.5,3.5,3.9,4.3,3.5,3.5,3.5,3.5,255.36,282.16,233.13,232.81,282.80,282.80,0.89,254.48,255.36,0.00,38.70,201,6,2.6,0.4,0,0,0.0,0.0,0,
27.8.2026,17:30:29.262,8707,10546,45.2,6022,10287,36.9,2.4,2944,72,1.240,1.250,1.238,1.238,1.238,1.238,1.238,3875.0,3720.0,3720.0,4650.0,3720.0,3720.0,3720.0,100.0,534.1,64.2,8.3,113.6,63.4,4649.6,10.6,224.2,645.9,261.8,282.7,35.3,49.6,534.1,11.2,2.7,0.0,1.2,0.0,100.0,0.0,1.2,13.1,5.3,5.8,2.1,2.5,100.0,11.2,14.4,1.5,0.2,3.0,1.6,125.7,0.3,6.0,17.4,7.0,7.6,0.8,1.3,14.4,38.8,37.2,37.2,46.5,37.2,37.2,37.2,0.0,24.2,1.8,4.6,100.0,22.6,14.2,2.3,35.4,5.3,21.7,0.0,70.3,70.7,44.6,40.3,93.0,73.7,0.0,7.1,15.1,53.1,1600.0,16.00,16,18,18,36,74,560,1,45.8,46.0,45.8,34.9,32.6,30.9,46.0,34.9,33.5,31.3,32.1,32.1,31.2,25.9,1.237,0.994,1.238,14.080,5.952,14.105,17.839,39.885,1.732,0.213,0.532,5.321,2.112,1.550,0.661,17.483,5.915,23.399,39.677,1600.0,1600.0,4650.0,4650.0,4650.0,52.2,23.5,19.8,48.4,167.7,No,No,No,0.204,0.235,1.5,45.0,36.5,36.5,33.0,32.0,34.0,36.5,12.096,4.970,1.004,1.348,1.238,0.856,0.872,1.552,3.320,1.836,1214,1501,551,547,1.056,1.263,34,34,41,79.0,100.0,No,No,80704,102356,0.0,0.0,0.0,0.000,0.000,45600,11169,59.2,58.0,69.2,58,58,58,58,58,58,58,58,58,83.0,0.812,12.082,12.167,12.070,12.056,12.035,1005,957,177.065,70.966,147.981,24.480,81.703,70.526,14.358,147.981,28.737,25.823,97.103,290.000,320.000,1335.0,1156.5,1230.0,1335.0,1335.0,1185.0,1335.4,1155.1,1335.1,100.0,11.0,0.0,0.0,20.4,22.8,91.2,0.0,0.0,0.0,69,69,Yes,No,No,No,No,Yes,No,60.9,60.5,4,0,0,0,0,0,0,0,0,126,0,0,0,0,0,0,0,0,0,0,0,0,0,0,0,0,0,0,0,0,6517,1675,1506,115,16.0,3.8,4.3,3.3,3.3,3.3,3.3,3.8,4.3,3.3,3.3,3.3,3.3,260.95,299.59,233.11,232.81,300.61,300.61,1.02,259.96,260.95,0.00,45.00,201,6,0.0,0.0,0,0,0.0,0.0,0,
27.8.2026,17:30:29.751,8705,10548,45.2,6005,10304,36.8,2.4,2944,70,1.246,1.256,1.244,1.244,1.244,1.244,1.244,3875.0,3720.0,3720.0,4650.0,3720.0,3720.0,3720.0,100.0,524.4,54.0,18.2,81.0,46.7,6.4,4649.4,446.3,356.2,329.3,177.9,67.6,60.0,524.4,12.6,0.0,1.6,6.0,5.2,0.0,100.0,13.0,10.6,9.7,5.8,0.0,0.0,100.0,12.6,14.1,0.9,0.5,2.0,1.2,0.2,125.6,12.0,9.6,8.8,4.7,1.7,1.6,14.1,38.8,37.2,37.2,46.5,37.2,37.2,37.2,0.0,23.1,1.3,3.3,100.0,18.2,12.4,3.2,38.4,11.3,27.2,0.0,63.8,68.4,59.9,38.5,87.3,69.5,0.0,18.0,19.2,36.9,1600.0,16.00,16,18,18,36,74,560,1,45.9,46.1,46.0,34.7,32.7,30.9,46.1,33.8,33.3,31.6,32.2,32.2,30.8,25.6,1.231,0.994,1.238,13.590,5.954,13.578,17.128,38.971,1.705,0.273,0.548,5.325,1.765,1.444,0.877,16.885,5.917,22.801,39.028,1600.0,1600.0,4650.0,4650.0,4650.0,51.4,22.6,19.0,48.5,164.6,No,No,No,0.241,0.144,1.4,46.0,37.0,36.5,33.0,32.0,34.0,36.5,12.096,4.970,1.004,1.348,1.238,0.856,0.872,1.552,3.320,1.836,1214,1501,551,547,1.056,1.263,34,34,41,79.0,100.0,No,No,80704,102356,1.2,0.0,1.2,3.089,0.096,45602,11169,59.2,60.0,69.1,58,58,58,58,58,58,58,58,60,83.0,0.812,12.083,12.168,12.071,12.057,12.035,1058,1028,177.263,71.031,147.159,24.336,81.296,70.205,14.346,147.159,28.701,26.129,99.944,290.000,320.000,1335.0,1156.5,1230.0,1335.0,1335.0,1185.0,1334.9,1155.7,1335.5,100.0,11.0,0.0,0.0,20.4,24.4,97.5,0.0,0.0,0.0,69,69,Yes,No,No,No,No,Yes,No,60.6,61.4,4,0,0,0,0,0,0,0,0,126,0,0,0,0,0,0,0,0,0,0,0,0,0,0,0,0,0,0,0,0,6517,1675,1506,115,16.0,4.2,5.4,3.5,3.5,3.5,3.5,4.2,5.4,3.5,3.5,3.5,3.5,238.68,283.24,183.97,182.76,283.93,283.93,1.04,237.65,238.68,0.00,61.63,201,6,0.9,0.4,0,0,0.0,0.0,0,
27.8.2026,17:30:30.258,8702,10552,45.1,6017,10293,36.8,2.4,2944,70,1.232,1.238,1.231,1.231,1.231,1.231,1.231,3875.0,3720.0,3720.0,4650.0,3720.0,3720.0,3720.0,100.0,532.4,102.6,43.6,128.6,102.8,156.8,4254.1,285.4,677.9,279.4,241.6,55.1,60.3,532.4,11.6,3.2,5.6,0.0,0.0,2.0,91.6,3.3,17.0,8.5,7.9,0.0,0.1,91.6,11.6,14.2,1.6,1.1,3.4,2.7,4.2,114.9,7.7,18.3,7.4,6.4,1.4,1.6,14.2,38.8,37.2,37.2,46.5,37.2,37.2,37.2,0.0,23.2,2.9,5.4,94.6,19.8,13.2,3.0,39.0,6.4,47.5,5.4,64.0,68.1,42.8,37.8,90.7,47.1,0.0,16.2,18.7,54.2,1600.0,16.00,16,18,18,36,74,560,1,46.0,45.4,46.8,34.8,32.8,31.5,45.3,34.3,33.4,31.4,32.2,32.2,31.5,26.0,1.237,0.994,1.244,13.730,5.939,13.747,17.125,39.215,1.725,0.290,0.859,5.110,1.976,1.442,0.673,16.970,5.902,22.872,39.163,1600.0,1600.0,4624.2,4624.2,4650.0,51.5,22.9,19.0,47.8,163.4,No,No,No,0.256,0.374,1.4,46.0,37.0,36.5,33.0,32.0,34.0,36.5,12.096,4.970,1.004,1.348,1.224,0.854,0.872,1.552,3.320,1.836,1185,748,552,559,1.056,1.240,34,34,42,79.0,100.0,No,No,80704,102356,0.0,0.1,0.1,0.258,0.605,45602,11169,58.9,58.0,68.7,58,58,58,58,58,58,58,58,58,83.0,0.812,12.084,12.170,12.072,12.058,12.037,1100,1078,172.713,70.506,146.833,24.304,81.037,70.059,14.288,146.833,28.592,25.653,96.957,290.000,320.000,1335.0,1156.5,1230.0,1335.0,1335.0,1185.0,1334.5,1155.1,1335.6,100.0,11.0,0.0,0.0,20.4,24.6,98.2,0.0,0.0,0.0,69,69,Yes,No,No,No,No,Yes,No,60.5,61.8,4,0,0,0,0,0,0,0,0,126,0,0,0,0,0,0,0,0,0,0,0,0,0,0,0,0,0,0,0,0,6517,1675,1506,115,16.0,4.4,6.7,2.9,2.9,2.9,2.9,4.4,6.6,2.9,2.9,2.9,2.9,227.57,347.05,150.34,149.74,350.41,350.41,0.92,226.61,227.57,0.00,156.01,201,6,1.8,0.1,0,0,0.0,0.0,0,
27.8.2026,17:30:30.752,8706,10548,45.2,6009,10300,36.8,2.4,2944,70,1.240,1.231,1.256,1.256,1.231,1.231,1.231,3875.0,3720.0,3720.0,4650.0,3720.0,3720.0,3720.0,100.0,520.8,66.4,16.3,87.1,58.4,449.4,4213.0,236.1,482.0,310.9,239.0,38.7,52.6,520.8,12.6,0.2,0.0,6.9,0.3,11.3,90.5,13.3,17.1,7.1,5.2,0.0,0.0,90.5,12.6,14.0,1.4,0.4,2.3,1.5,12.1,113.9,6.3,13.0,8.2,6.4,1.0,1.4,14.0,38.8,37.2,37.2,46.5,37.2,37.2,37.2,0.0,23.5,1.8,3.7,100.0,19.2,13.9,2.5,36.8,12.4,34.5,0.0,74.9,86.0,13.1,39.7,85.7,61.7,0.0,5.9,0.1,84.4,1600.0,16.00,16,18,18,36,74,560,1,46.0,46.1,46.2,34.8,32.8,31.0,46.1,34.0,33.9,30.8,32.2,32.2,31.2,25.8,1.231,0.994,1.244,13.962,5.961,13.960,16.697,39.445,1.683,0.301,0.619,5.306,1.862,1.682,0.329,17.304,5.924,23.228,39.466,1600.0,1600.0,4650.0,4650.0,4650.0,51.9,23.3,18.6,48.5,170.8,No,No,No,0.240,0.135,1.4,46.0,36.5,36.5,33.0,32.0,34.0,36.5,12.096,4.970,1.004,1.348,1.224,0.854,0.872,1.552,3.320,1.836,1185,748,552,559,1.056,1.240,34,34,42,79.0,100.0,No,No,80704,102356,0.0,0.0,0.0,0.000,0.000,45602,11169,59.2,58.0,69.3,58,58,58,58,58,58,58,58,58,83.0,0.812,12.078,12.160,12.067,12.052,12.031,1121,1112,172.343,70.976,147.388,24.369,81.392,70.156,14.269,147.388,28.547,25.733,99.538,290.000,320.000,1335.0,1156.5,1230.0,1335.0,1335.0,1185.0,1335.3,1155.6,1335.5,100.0,11.0,0.0,0.0,20.4,25.0,100.0,0.0,0.0,0.0,69,69,Yes,No,No,No,No,Yes,No,61.1,61.7,4,0,0,0,0,0,0,0,0,126,0,0,0,0,0,0,0,0,0,0,0,0,0,0,0,0,0,0,0,0,6517,1675,1506,115,16.0,4.6,7.5,2.8,2.7,2.7,2.7,4.6,7.5,2.8,2.7,2.7,2.7,216.61,362.90,133.25,132.94,367.25,367.25,0.91,215.69,216.61,0.00,217.23,201,6,1.2,0.5,0,0,0.0,0.0,0,
27.8.2026,17:30:31.261,8706,10547,45.2,6009,10300,36.8,2.4,2944,70,1.242,1.250,1.238,1.238,1.238,1.238,1.250,3875.0,3720.0,3720.0,4650.0,3720.0,3720.0,3720.0,100.0,543.7,103.6,43.6,96.5,74.3,9.3,4649.5,239.0,666.5,275.1,228.5,64.9,73.9,543.7,12.6,2.7,5.3,0.7,6.0,0.0,100.0,4.7,7.8,8.4,4.4,8.5,3.2,100.0,12.6,14.5,1.4,1.2,2.5,1.9,0.2,125.7,6.4,18.0,7.3,6.1,1.7,1.9,14.5,38.8,37.2,37.2,46.5,37.2,37.2,37.2,0.0,24.4,2.6,4.4,100.0,23.7,12.2,3.5,37.8,15.2,36.1,0.0,76.3,87.2,12.1,37.8,82.2,59.5,0.0,0.0,0.6,84.4,1600.0,16.00,16,18,18,36,74,560,1,46.1,46.3,46.0,35.1,33.1,31.2,46.3,34.9,33.8,31.3,32.3,32.3,29.8,25.7,1.231,0.994,1.244,14.436,5.920,14.435,17.391,40.028,1.779,0.378,0.668,5.331,2.238,1.648,0.410,17.905,5.883,23.788,40.043,1600.0,1600.0,4650.0,4650.0,4650.0,52.7,24.1,19.3,48.7,167.5,No,No,No,0.233,0.193,1.5,46.0,37.0,36.5,33.0,32.0,34.0,36.5,12.096,4.970,1.004,1.348,1.238,0.854,0.872,1.554,3.324,1.836,1230,763,551,546,1.056,1.251,34,34,41,79.0,100.0,No,No,80704,102356,0.0,0.0,0.0,0.000,0.000,45602,11169,59.2,58.0,69.2,58,58,58,58,58,58,58,58,60,83.0,0.812,12.082,12.167,12.070,12.056,12.034,1138,1129,172.317,71.399,148.380,24.552,81.894,70.576,14.333,148.380,28.677,25.618,100.178,290.000,320.000,1335.0,1156.5,1230.0,1335.0,1335.0,1185.0,1335.0,1155.2,1334.8,100.0,11.0,0.0,0.0,20.4,23.6,94.5,0.0,0.0,0.0,69,69,Yes,No,No,No,No,Yes,No,61.1,60.1,4,0,0,0,0,0,0,0,0,126,0,0,0,0,0,0,0,0,0,0,0,0,0,0,0,0,0,0,0,0,6517,1675,1506,115,16.0,4.6,9.9,2.4,2.4,2.4,2.4,4.6,10.0,2.4,2.4,2.4,2.4,216.47,410.75,100.74,100.15,416.42,416.42,0.82,215.64,216.47,0.00,278.22,201,6,4.3,0.5,0,0,0.0,0.0,0,
27.8.2026,17:30:31.752,8707,10546,45.2,6006,10303,36.8,2.4,2944,70,1.232,1.238,1.231,1.231,1.231,1.231,1.231,3875.0,3720.0,3720.0,4650.0,3720.0,3720.0,3720.0,100.0,536.1,75.7,34.8,93.3,40.7,16.4,4649.4,417.2,554.5,214.7,227.5,84.5,24.4,536.1,13.6,0.0,2.4,0.9,2.5,1.8,100.0,12.5,23.1,4.1,7.4,3.7,5.0,100.0,13.6,14.4,1.1,0.9,2.5,1.0,0.4,125.7,11.3,14.9,5.7,6.1,2.2,0.6,14.4,38.8,37.2,37.2,46.5,37.2,37.2,37.2,0.0,24.0,2.0,3.5,100.0,24.1,11.2,2.9,34.9,10.8,23.5,0.0,75.1,86.1,14.0,41.1,87.2,73.0,0.0,0.8,2.6,83.1,1600.0,16.00,16,18,18,36,74,560,1,46.2,46.2,47.2,35.0,33.0,31.1,46.2,34.9,33.6,31.1,32.3,32.3,30.8,26.6,1.250,0.994,1.262,14.108,5.953,14.080,16.931,39.434,1.715,0.291,0.509,5.312,2.249,1.558,0.371,17.487,5.916,23.404,39.611,1600.0,1600.0,4650.0,4650.0,4650.0,52.1,23.5,18.8,48.7,169.6,No,No,No,0.210,0.156,1.4,46.0,37.0,36.5,33.0,32.0,34.5,36.5,12.096,4.970,1.004,1.348,1.244,0.854,0.872,1.552,3.320,1.836,1230,763,551,546,1.056,1.251,34,34,41,79.0,100.0,No,No,80704,102356,0.0,0.0,0.0,0.000,0.000,45602,11169,56.5,58.0,66.6,58,58,58,58,58,58,58,58,58,83.0,0.812,12.082,12.166,12.070,12.056,12.035,1146,1142,177.187,71.108,147.377,24.417,81.425,70.214,14.345,147.377,28.701,25.924,100.188,290.000,320.000,1335.0,1156.5,1230.0,1335.0,1335.0,1185.0,1335.3,1155.5,1335.3,100.0,11.0,0.0,0.0,17.3,25.0,100.0,0.0,0.0,0.0,69,69,Yes,No,No,No,No,Yes,No,32.9,23.4,4,0,0,0,0,0,0,0,0,126,0,0,0,0,0,0,0,0,0,0,0,0,0,0,0,0,0,0,0,0,6773,1419,1250,115,16.0,5.1,19.6,2.3,2.3,2.3,2.3,5.1,19.7,2.3,2.3,2.3,2.3,194.45,426.46,51.13,50.24,433.12,433.12,0.67,193.85,194.45,0.00,344.43,201,6,0.5,0.1,0,0,0.0,0.0,0,
27.8.2026,17:30:32.247,6342,12911,32.9,5287,11023,32.4,2.4,2944,70,1.004,1.181,0.969,0.969,0.969,0.969,0.969,3665.8,3620.0,3675.0,3675.0,3675.0,3675.0,3675.0,100.0,544.5,500.6,383.3,265.9,189.0,243.8,2693.5,306.0,567.8,677.8,519.3,46.8,140.8,544.5,11.4,5.1,1.1,7.4,5.9,9.2,58.5,3.4,9.4,16.6,13.1,0.0,7.5,58.5,11.4,13.8,4.1,10.3,7.1,4.9,6.4,72.7,8.2,15.4,18.1,13.9,1.2,3.7,13.8,36.7,36.2,36.8,36.8,36.8,36.8,36.8,0.0,23.4,12.1,10.8,63.6,21.8,27.2,4.9,57.1,40.4,55.5,36.4,77.7,68.0,64.6,19.5,47.5,33.7,0.0,0.5,4.8,30.5,1600.0,16.00,16,18,18,36,74,560,1,46.2,43.5,37.0,35.0,33.9,32.1,40.7,35.6,35.4,32.1,32.4,32.4,31.2,26.5,1.175,0.994,1.181,14.722,6.183,14.800,18.250,40.947,1.872,0.988,1.086,3.971,2.100,2.166,0.924,17.865,6.144,24.010,40.559,1600.0,1600.0,4528.5,4528.5,4650.0,53.4,24.7,20.3,45.7,158.3,No,No,No,1.232,2.022,1.4,46.0,36.5,36.5,33.0,32.0,34.5,36.5,12.168,4.980,1.004,1.348,1.240,0.854,0.872,1.552,3.320,1.836,1203,748,553,559,1.056,1.250,34,34,42,79.0,100.0,No,No,80704,102356,0.0,0.1,0.1,0.000,0.080,45602,11169,52.5,58.0,62.6,58,58,56,58,58,58,58,58,58,83.0,0.812,12.152,12.252,12.133,12.112,12.109,1154,1156,149.629,22.064,40.713,2.610,33.270,30.971,13.078,40.713,26.162,2.195,8.862,290.000,320.000,1380.0,1187.7,1230.0,1335.0,1335.0,1185.0,1380.3,1186.5,1334.8,1.0,0.0,0.0,0.0,9.0,0.0,0.0,0.0,0.0,0.0,69,69,Yes,No,No,No,No,Yes,No,23.1,23.1,4,0,0,0,0,0,0,0,0,126,0,0,0,0,0,0,0,0,0,0,0,0,0,0,0,0,0,0,0,0,7458,734,565,41,16.0,3.2,17.5,2.2,2.2,2.2,2.2,3.2,17.4,2.2,2.2,2.2,2.2,311.13,450.08,57.25,50.34,450.42,450.42,0.75,310.27,311.13,0.00,394.77,201,6,0.9,0.2,0,0,0.0,0.0,0,
27.8.2026,17:30:32.751,6338,12915,32.9,5281,11029,32.3,2.4,2944,70,0.950,0.950,0.950,0.950,0.950,0.950,0.950,3675.0,3675.0,3675.0,3675.0,3675.0,3675.0,3675.0,100.0,121.6,36.9,6.5,23.3,23.7,107.4,216.6,216.5,695.2,54.3,51.3,18.0,10.0,121.6,3.4,0.0,7.1,0.0,0.0,0.8,3.3,8.8,16.5,0.0,0.0,4.6,0.0,16.5,3.4,3.2,0.7,0.2,0.6,0.6,2.8,5.8,5.8,18.8,1.4,1.3,0.5,0.2,3.2,36.8,36.8,36.8,36.8,36.8,36.8,36.8,0.0,5.5,1.0,1.3,7.3,20.1,2.5,0.7,35.5,11.9,11.2,74.4,68.9,42.4,4.0,59.1,87.2,87.5,18.4,10.9,55.2,95.2,1600.0,16.00,16,18,18,36,74,560,1,45.8,34.8,35.2,31.1,30.3,30.3,31.3,34.2,30.3,30.2,31.2,31.2,31.2,25.9,1.175,0.994,1.181,6.464,6.006,6.470,6.470,29.280,0.528,0.137,0.153,0.795,1.621,0.385,0.078,6.980,5.969,12.949,29.183,1600.0,1600.0,3939.6,3939.6,4650.0,38.4,10.8,7.2,36.6,217.5,No,No,No,0.129,0.050,0.3,46.0,37.0,36.5,33.0,32.0,34.5,36.5,12.168,4.990,1.004,1.348,1.194,0.852,0.872,1.558,3.344,1.836,1240,748,553,559,1.056,1.250,34,34,42,79.0,100.0,No,No,80704,102356,0.0,0.1,0.1,0.000,0.105,45602,11169,51.6,58.0,61.4,57,56,56,58,58,56,56,56,58,83.0,0.812,12.155,12.254,12.137,12.116,12.112,1154,1161,99.628,21.973,40.462,2.610,33.146,30.872,13.106,40.462,26.210,2.149,8.738,290.000,320.000,1380.0,1187.7,1230.0,1335.0,1335.0,1185.0,1380.2,1187.0,1335.1,0.0,0.0,0.0,0.0,9.0,0.0,0.0,0.0,0.0,0.0,69,69,Yes,No,No,No,No,Yes,No,23.0,23.3,4,0,0,0,0,0,0,0,0,126,0,0,0,0,0,0,0,0,0,0,0,0,0,0,0,0,0,0,0,0,7458,734,565,41,16.0,6.0,57.8,2.3,2.3,2.3,2.3,6.0,57.7,2.3,2.3,2.3,2.3,166.66,425.73,17.29,16.69,433.40,433.40,0.41,166.13,166.66,0.00,277.96,201,6,0.2,0.1,0,0,0.0,0.0,0,
27.8.2026,17:30:33.253,6337,12917,32.9,5278,11031,32.3,2.4,2944,70,0.960,0.950,0.963,0.963,0.963,0.963,0.963,3675.0,3675.0,3675.0,3675.0,3675.0,3675.0,3675.0,100.0,136.8,86.5,3.8,27.0,61.2,35.5,182.4,507.3,584.9,68.7,61.0,17.0,6.2,136.8,5.8,2.9,0.0,5.4,13.7,2.7,6.0,10.2,14.7,6.3,6.2,0.0,2.0,14.7,5.8,3.5,1.0,0.1,0.7,1.6,0.9,4.8,13.7,15.8,1.8,1.6,0.4,0.1,3.5,36.8,36.8,36.8,36.8,36.8,36.8,36.8,16.2,4.7,1.0,1.7,4.7,17.3,3.2,0.6,24.3,6.3,1.4,50.1,61.6,18.8,7.8,71.0,92.7,97.0,45.2,21.1,78.0,91.8,1600.0,16.00,16,18,18,36,74,560,1,45.1,34.1,35.0,30.5,29.7,30.2,30.3,33.3,29.7,29.9,30.7,30.7,30.8,26.4,1.175,0.994,1.181,5.388,5.696,5.378,5.378,26.930,0.450,0.125,0.136,0.568,1.483,0.305,0.084,5.830,5.664,11.494,26.962,1600.0,1600.0,3614.0,3614.0,4650.0,35.5,9.0,6.0,35.9,213.1,No,No,No,0.166,0.089,0.3,45.0,37.0,36.5,33.0,32.0,34.5,36.5,12.168,5.000,1.002,1.348,1.102,0.852,0.872,1.558,3.344,1.836,1240,765,553,547,1.056,1.259,34,34,41,79.0,100.0,No,No,80704,102356,0.0,0.0,0.0,0.000,0.000,45602,11169,51.2,58.0,60.9,57,58,56,58,58,56,58,56,58,83.0,0.819,12.157,12.256,12.140,12.120,12.115,1152,1157,66.926,22.131,40.900,2.635,33.226,31.220,13.096,40.900,26.210,2.187,8.804,290.000,320.000,1380.0,1187.7,1230.0,1371.6,1335.0,1185.0,1380.0,1186.7,1335.3,0.0,0.0,0.0,0.0,9.0,0.0,0.0,0.0,0.0,0.0,69,69,Yes,No,No,No,No,Yes,No,23.1,23.3,4,0,0,0,0,0,0,0,0,126,0,0,0,0,0,0,0,0,0,0,0,0,0,0,0,0,0,0,0,0,7458,734,565,41,16.0,4.1,47.1,2.2,2.1,2.1,2.1,4.1,47.3,2.2,2.1,2.1,2.1,241.71,462.18,21.24,17.19,466.68,466.68,0.46,241.25,241.71,0.00,241.67,201,6,0.0,0.0,0,0,0.0,0.0,0,
27.8.2026,17:30:33.753,6336,12917,32.9,5277,11032,32.3,2.4,2944,70,1.137,0.950,1.175,1.175,1.175,1.175,1.175,3675.0,3675.0,3675.0,3675.0,3675.0,3675.0,3675.0,100.0,143.4,180.0,0.9,13.6,9.5,69.0,253.6,408.4,428.3,203.8,128.7,3.8,21.1,143.4,3.6,0.6,0.0,0.0,0.0,1.2,5.4,11.4,11.9,4.2,2.5,5.5,0.0,11.9,3.6,3.5,1.0,0.0,0.3,0.2,1.8,6.7,11.0,11.6,5.4,3.4,0.1,0.5,3.5,36.8,36.8,36.8,36.8,36.8,36.8,36.8,17.7,4.4,1.1,0.6,6.5,11.1,6.5,0.6,28.2,8.1,10.5,59.2,49.5,38.6,3.4,67.5,91.0,89.0,34.4,39.3,55.0,96.2,1600.0,16.00,16,18,18,36,74,560,1,44.6,33.7,35.0,30.4,29.7,29.8,30.4,32.5,30.6,29.7,30.6,30.6,30.2,26.2,1.150,0.994,1.156,5.262,5.670,5.275,5.275,26.865,0.473,0.205,0.117,0.647,1.155,0.651,0.063,5.666,5.639,11.305,26.742,1600.0,1600.0,3683.2,3683.2,4650.0,35.2,8.8,5.9,35.4,197.0,No,No,No,0.201,0.045,0.3,45.0,37.0,36.0,33.0,32.0,34.5,36.5,12.168,4.990,1.002,1.348,0.984,0.850,0.872,1.558,3.344,1.834,1208,765,553,547,1.056,1.259,34,34,41,79.0,100.0,No,No,80704,102356,0.0,0.0,0.0,0.000,0.000,45602,11169,50.3,56.0,59.6,56,56,56,56,56,56,56,56,56,83.0,0.769,12.161,12.254,12.143,12.117,12.128,1153,1158,66.840,16.807,30.523,2.341,25.246,22.950,10.017,30.523,20.040,1.857,7.767,290.000,320.000,1380.0,625.2,1200.0,1371.6,1305.0,1155.0,1380.3,624.8,1304.6,1.0,0.0,0.0,0.0,9.0,0.0,0.0,0.0,0.0,0.0,69,69,Yes,No,No,No,No,Yes,No,17.4,17.5,4,0,0,0,0,0,0,0,0,126,0,0,0,0,0,0,0,0,0,0,0,0,0,0,0,0,0,0,0,0,7458,734,565,41,16.0,2.1,2.1,2.1,2.1,2.1,2.1,2.1,2.1,2.1,2.1,2.1,2.1,483.36,483.36,483.36,483.36,483.36,483.36,0.58,482.79,483.36,0.00,449.78,201,6,0.8,0.5,0,0,0.0,0.0,0,
27.8.2026,17:30:34.265,6341,12913,32.9,5280,11029,32.3,2.4,2944,70,0.950,0.950,0.950,0.950,0.950,0.950,0.950,3675.0,3675.0,3675.0,3675.0,3675.0,3675.0,3675.0,100.0,136.2,49.6,7.3,15.1,23.7,38.2,305.4,261.9,686.9,56.2,167.5,7.9,14.6,136.2,5.4,0.0,12.8,0.0,13.2,0.0,6.0,1.8,11.7,0.4,2.8,10.4,5.3,13.2,5.4,3.6,0.8,0.2,0.4,0.6,0.9,8.1,7.1,18.5,1.4,4.4,0.2,0.4,3.6,36.8,36.8,36.8,36.8,36.8,36.8,36.8,6.6,5.9,1.0,1.0,7.6,20.0,5.2,0.6,30.3,4.7,9.1,51.4,56.9,50.3,9.1,63.8,94.3,90.0,41.0,23.1,44.4,90.3,1600.0,16.00,16,18,18,36,74,560,1,44.1,34.1,34.0,30.6,29.7,29.8,30.6,33.3,30.3,29.8,30.7,30.7,31.2,26.4,1.150,0.994,1.156,6.059,5.904,6.073,6.073,28.348,0.519,0.093,0.139,0.695,1.521,0.575,0.091,6.577,5.869,12.445,28.404,1600.0,1600.0,3838.3,3838.3,4650.0,37.4,10.1,6.7,35.8,208.8,No,No,No,0.187,0.076,0.4,44.0,37.0,36.0,33.0,32.0,34.5,36.0,12.168,4.990,1.002,1.348,1.012,0.852,0.872,1.560,3.348,1.836,1208,766,555,560,1.056,1.248,34,34,41,79.0,100.0,No,No,80704,102356,0.0,0.1,0.1,0.000,0.121,45602,11169,49.9,56.0,58.9,55,56,54,56,54,54,56,54,54,83.0,0.769,12.161,12.255,12.143,12.118,12.128,1150,1156,61.138,16.784,30.526,2.316,25.331,22.891,10.017,30.526,20.044,1.861,7.542,290.000,320.000,1380.0,625.2,1200.0,1379.8,1305.0,1155.0,1379.7,624.6,1304.9,0.0,0.0,0.0,0.0,9.0,0.0,0.0,0.0,0.0,0.0,69,69,Yes,No,No,No,No,Yes,No,17.4,17.9,4,0,0,0,0,0,0,0,0,126,0,0,0,0,0,0,0,0,0,0,0,0,0,0,0,0,0,0,0,0,7458,734,565,41,16.0,5.3,20.0,2.2,2.1,2.1,2.1,5.3,20.0,2.2,2.1,2.1,2.1,188.88,458.38,49.95,49.95,466.72,466.72,0.44,188.45,188.88,0.00,422.26,201,6,0.1,0.0,0,0,0.0,0.0,0,
27.8.2026,17:30:34.770,6337,12916,32.9,5277,11032,32.3,2.4,2944,70,1.117,0.950,1.150,1.150,1.150,1.150,1.150,3780.0,3675.0,3620.0,3620.0,3620.0,4525.0,3620.0,100.0,154.8,29.9,1.4,15.5,11.7,365.4,136.3,252.3,494.8,399.7,117.6,10.0,22.4,154.8,6.9,2.8,10.1,19.4,0.0,9.9,5.1,4.5,10.0,10.7,4.6,0.0,5.3,19.4,6.9,4.1,0.9,0.0,0.4,0.3,9.7,3.6,6.8,13.4,10.7,3.1,0.2,0.5,4.1,37.8,36.8,36.2,36.2,36.2,45.2,36.2,0.3,6.8,0.8,0.8,11.3,15.9,10.8,1.0,36.1,0.8,4.0,74.3,69.1,52.1,16.5,57.1,98.4,95.2,14.4,15.0,37.1,82.5,1600.0,16.00,16,18,18,36,74,560,1,43.8,35.2,35.0,31.1,29.9,29.8,31.9,33.2,31.7,30.0,30.9,30.9,32.2,26.8,1.150,0.994,1.156,7.051,5.999,7.056,7.056,29.813,0.607,0.056,0.086,1.037,1.335,0.953,0.173,7.674,5.961,13.636,29.854,1600.0,1600.0,3961.5,3961.5,4650.0,39.3,11.8,7.8,37.0,208.6,No,No,No,0.146,0.043,0.4,44.0,37.0,36.0,33.0,32.0,34.5,36.0,12.168,5.000,1.004,1.348,1.042,0.850,0.870,1.560,3.344,1.836,1228,751,555,560,1.056,1.248,34,34,41,79.0,100.0,No,No,80704,102356,0.0,0.0,0.0,0.000,0.161,45602,11169,49.5,56.0,58.5,54,56,54,54,56,54,54,52,54,83.0,0.769,12.161,12.255,12.143,12.117,12.127,1147,1151,53.773,16.579,29.984,2.267,25.002,22.623,9.969,29.984,19.943,1.879,7.564,290.000,320.000,1380.0,625.2,1200.0,1379.8,1305.0,1155.0,1380.1,624.5,1305.3,0.0,0.0,0.0,0.0,9.0,0.0,0.0,0.0,0.0,0.0,69,69,Yes,No,No,No,No,Yes,No,17.2,17.4,4,0,0,0,0,0,0,0,0,126,0,0,0,0,0,0,0,0,0,0,0,0,0,0,0,0,0,0,0,0,7458,734,565,41,16.0,4.3,18.7,2.4,2.4,2.4,2.4,4.3,18.6,2.4,2.4,2.4,2.4,233.37,413.12,53.62,50.31,416.78,416.78,0.36,233.01,233.37,0.00,391.73,201,6,0.6,0.4,0,0,0.0,0.0,0,
27.8.2026,17:30:35.268,6341,12913,32.9,5280,11029,32.3,2.4,2944,70,1.153,0.950,1.194,1.194,1.194,1.194,1.194,3780.0,3675.0,3620.0,3620.0,4525.0,3620.0,3620.0,100.0,141.4,60.9,1.9,25.7,22.7,42.5,159.5,217.7,835.6,134.7,167.8,22.1,5.9,141.4,4.8,0.1,4.8,0.0,8.0,0.0,2.5,9.4,22.5,2.0,2.6,5.3,0.0,22.5,4.8,3.7,1.3,0.0,0.7,0.6,1.0,4.2,5.9,22.6,3.6,4.5,0.5,0.1,3.7,37.8,36.8,36.2,36.2,45.2,36.2,36.2,0.0,6.2,1.5,1.2,4.6,23.0,5.9,0.7,29.7,8.4,2.8,48.1,74.6,24.8,19.6,64.1,90.1,96.0,47.3,2.4,69.3,79.7,1600.0,16.00,16,18,18,36,74,560,1,43.4,35.1,36.2,30.9,29.8,29.9,30.4,34.4,30.4,30.2,30.9,30.9,31.0,26.1,1.175,0.994,1.181,6.722,5.726,6.633,6.633,28.408,0.551,0.151,0.085,0.497,1.859,0.522,0.190,7.349,5.690,13.040,28.716,1600.0,1600.0,3970.4,3970.4,4650.0,37.8,11.1,7.4,36.9,220.0,No,No,No,0.103,0.063,0.4,43.0,36.5,36.0,33.5,32.0,34.5,36.0,12.168,5.000,1.002,1.348,1.064,0.850,0.872,1.560,3.348,1.836,1228,751,554,548,1.056,1.268,34,34,41,79.0,100.0,No,No,80704,102356,0.0,0.0,0.0,0.000,0.000,45602,11169,47.7,54.0,55.2,52,52,52,52,52,52,52,52,54,83.0,0.769,12.188,12.257,12.174,12.151,12.169,1148,1150,50.395,6.682,13.461,1.495,7.791,9.429,2.628,13.461,5.274,1.838,4.762,290.000,320.000,1380.0,101.2,1200.0,1379.4,1305.0,1155.0,1210.9,87.9,1145.8,0.0,1.0,0.0,0.0,9.0,0.0,0.0,0.0,0.0,0.0,69,69,Yes,No,No,No,No,Yes,No,6.5,6.7,4,0,0,0,0,0,0,0,0,127,0,0,0,0,0,0,0,0,0,0,0,0,0,0,0,0,0,0,0,0,7458,734,565,41,5.0,3.8,7.4,2.5,2.5,2.5,2.5,3.8,7.4,2.5,2.5,2.5,2.5,266.61,397.22,135.99,133.59,399.89,399.89,0.61,266.07,266.61,0.00,275.03,201,6,0.0,0.0,0,0,0.0,0.0,0,
27.8.2026,17:30:35.776,6337,12916,32.9,5277,11032,32.3,2.4,2944,70,0.951,0.956,0.950,0.950,0.950,0.950,0.950,3675.0,3675.0,3675.0,3675.0,3675.0,3675.0,3675.0,100.0,120.2,27.7,1.2,11.5,6.3,28.3,241.4,356.3,593.1,30.6,135.9,2.7,7.0,120.2,2.6,0.5,0.0,2.9,2.8,0.3,5.2,1.4,12.9,0.4,2.7,0.0,2.8,12.9,2.6,3.2,0.8,0.0,0.3,0.1,0.7,6.4,9.6,16.0,0.8,3.6,0.1,0.2,3.2,36.8,36.8,36.8,36.8,36.8,36.8,36.8,0.0,5.3,0.9,0.4,6.2,20.1,3.8,0.3,32.4,10.5,1.4,80.4,72.4,25.7,4.1,62.3,88.6,98.2,13.5,7.5,70.4,95.6,1600.0,16.00,16,18,18,36,74,560,1,43.0,34.5,35.5,30.8,29.9,29.8,31.2,33.8,30.0,29.9,30.9,30.9,30.5,26.0,1.150,0.994,1.156,6.182,5.283,6.242,6.242,27.446,0.486,0.133,0.044,0.794,1.509,0.377,0.058,6.668,5.250,11.919,27.069,1600.0,1600.0,3932.5,3932.5,4650.0,35.6,10.4,6.9,36.3,225.7,No,No,No,0.087,0.034,0.3,43.0,37.0,36.0,33.5,32.0,34.5,36.0,12.168,5.010,1.004,1.352,1.050,0.848,0.872,1.562,3.356,1.836,1210,768,556,548,1.056,1.268,34,34,41,79.0,100.0,No,No,80704,102356,0.0,0.0,0.0,0.000,0.008,45602,11169,47.2,52.0,54.9,51,50,52,50,52,50,52,50,52,83.0,0.769,12.193,12.262,12.180,12.157,12.175,1147,1150,35.360,6.577,13.383,1.533,7.710,9.252,2.557,13.383,5.132,1.768,4.480,290.000,320.000,1380.0,101.2,1200.0,1379.4,1305.0,1155.0,998.4,72.3,941.7,0.0,1.0,0.0,0.0,9.0,0.0,0.0,0.0,0.0,0.0,69,69,Yes,No,No,No,No,Yes,No,6.4,6.7,4,0,0,0,0,0,0,0,0,127,0,0,0,0,0,0,0,0,0,0,0,0,0,0,0,0,0,0,0,0,7458,734,565,41,5.0,4.0,8.4,2.6,2.6,2.6,2.6,4.0,8.4,2.6,2.6,2.6,2.6,250.02,380.51,119.53,117.13,383.17,383.17,0.48,249.56,250.02,0.00,274.84,201,6,0.3,0.4,0,0,0.0,0.0,0,
27.8.2026,17:30:36.267,6340,12913,32.9,5280,11029,32.3,2.4,2944,70,0.961,0.956,0.963,0.963,0.963,0.963,0.963,3629.2,3675.0,3620.0,3620.0,3620.0,3620.0,3620.0,100.0,153.4,253.4,7.0,23.3,16.5,97.7,292.1,152.0,637.1,85.4,258.7,8.9,8.5,153.4,5.6,0.4,17.5,0.0,0.0,1.6,6.0,5.6,10.8,1.3,5.2,19.5,0.0,19.5,5.6,3.6,1.1,0.2,0.6,0.4,2.5,7.8,4.1,17.2,2.2,6.9,0.2,0.2,3.6,36.3,36.8,36.2,36.2,36.2,36.2,36.2,9.2,5.9,1.4,1.0,8.2,17.3,7.1,0.4,30.9,4.7,12.9,56.3,68.3,38.9,4.6,63.2,94.1,86.2,35.7,14.4,54.1,95.0,1600.0,16.00,16,18,18,36,74,560,1,42.8,34.6,34.5,30.8,29.8,30.0,30.8,33.7,30.7,29.9,30.9,30.9,31.2,25.7,1.150,0.994,1.156,6.383,5.135,6.395,6.395,26.589,0.561,0.211,0.159,0.753,1.512,0.662,0.067,6.949,5.105,12.055,26.678,1600.0,1600.0,3870.3,3870.3,4650.0,35.1,10.7,7.1,36.4,204.4,No,No,No,0.198,0.078,0.4,42.0,37.0,36.0,33.5,32.0,34.5,36.0,12.192,5.010,1.002,1.352,1.062,0.850,0.872,1.562,3.356,1.836,1210,768,556,562,1.056,1.260,34,34,41,79.0,100.0,No,No,80704,102356,0.0,0.0,0.0,0.000,0.000,45602,11169,46.8,52.0,54.5,50,50,50,50,50,50,50,50,52,83.0,0.769,12.193,12.261,12.180,12.157,12.176,1147,1149,22.788,6.939,14.191,1.618,8.197,9.750,2.691,14.191,5.388,1.786,4.641,290.000,320.000,1380.0,101.2,1200.0,471.5,1305.0,1155.0,1379.9,101.0,1305.3,0.0,1.0,0.0,0.0,9.0,0.0,0.0,0.0,0.0,0.0,69,69,Yes,No,No,No,No,Yes,No,6.8,6.8,4,0,0,0,0,0,0,0,0,127,0,0,0,0,0,0,0,0,0,0,0,0,0,0,0,0,0,0,0,0,7458,734,565,41,5.0,3.9,6.6,2.7,2.7,2.7,2.7,3.9,6.6,2.7,2.7,2.7,2.7,258.42,364.51,152.34,150.39,366.67,366.67,0.68,257.75,258.42,0.00,224.85,201,6,1.8,0.4,0,0,0.0,0.0,0,
27.8.2026,17:30:36.768,6339,12914,32.9,5279,11030,32.3,2.4,2944,70,0.966,0.950,0.969,0.969,0.969,0.969,0.969,3675.0,3675.0,3675.0,3675.0,3675.0,3675.0,3675.0,100.0,120.4,48.9,2.2,11.7,7.8,31.1,310.7,255.5,453.0,66.0,233.9,5.5,18.7,120.4,4.0,3.2,0.0,0.0,0.0,2.9,9.1,4.9,9.3,3.8,4.5,0.0,10.7,10.7,4.0,3.2,1.0,0.1,0.3,0.2,0.7,8.3,6.9,12.2,1.7,6.2,0.1,0.5,3.2,36.8,36.8,36.8,36.8,36.8,36.8,36.8,4.5,5.2,1.2,0.4,7.8,15.2,6.2,0.6,31.0,3.0,4.9,68.4,63.4,45.3,1.3,63.8,95.9,94.7,23.8,21.4,48.6,98.2,1600.0,16.00,16,18,18,36,74,560,1,42.4,34.3,34.0,30.6,29.8,29.8,31.1,32.8,30.5,29.8,30.8,30.8,31.0,26.2,1.150,0.994,1.156,5.978,5.201,5.990,5.990,26.495,0.473,0.081,0.062,0.805,1.232,0.605,0.055,6.405,5.171,11.576,26.404,1600.0,1600.0,3838.9,3838.9,4650.0,34.7,10.0,6.7,36.1,222.6,No,No,No,0.159,0.040,0.3,42.0,37.0,36.0,33.0,32.0,34.5,36.0,12.168,5.010,1.002,1.352,1.018,0.848,0.870,1.564,3.356,1.836,1161,770,555,549,1.056,1.260,34,34,41,79.0,100.0,No,No,80704,102356,0.0,0.0,0.0,0.000,0.000,45602,11169,46.6,50.0,54.1,50,50,50,50,52,50,50,50,50,83.0,0.769,12.194,12.262,12.181,12.158,12.175,1147,1147,19.421,6.921,14.299,1.643,8.173,9.775,2.642,14.299,5.304,1.757,4.394,290.000,320.000,1380.0,101.2,1200.0,471.5,1305.0,1155.0,1005.0,72.9,951.6,0.0,1.0,0.0,0.0,9.0,0.0,0.0,0.0,0.0,0.0,69,69,Yes,No,No,No,No,Yes,No,6.8,7.0,4,0,0,0,0,0,0,0,0,127,0,0,0,0,0,0,0,0,0,0,0,0,0,0,0,0,0,0,0,0,7458,734,565,41,5.0,4.3,6.0,3.2,3.2,3.2,3.2,4.3,6.0,3.2,3.2,3.2,3.2,233.45,314.15,167.96,167.05,316.13,316.13,0.92,232.61,233.45,0.00,149.72,201,6,1.8,0.0,0,0,0.0,0.0,0,
27.8.2026,17:30:37.276,6337,12916,32.9,5278,11031,32.3,2.4,2944,70,0.950,0.950,0.950,0.950,0.950,0.950,0.950,3675.0,3675.0,3675.0,3675.0,3675.0,3675.0,3675.0,100.0,159.4,228.8,7.6,11.3,21.9,259.6,338.2,290.6,418.5,71.4,174.1,33.9,56.7,159.4,3.8,0.0,20.1,3.7,1.1,3.4,5.3,7.0,0.0,0.0,4.6,0.0,0.0,20.1,3.8,3.8,1.3,0.2,0.2,0.6,6.9,9.0,7.8,11.3,1.9,4.6,0.9,1.5,3.8,36.8,36.8,36.8,36.8,36.8,36.8,36.8,18.0,4.7,1.3,0.8,9.2,9.6,5.6,1.5,27.1,10.0,10.6,60.5,34.2,34.7,12.8,68.3,88.8,88.8,30.4,56.3,59.8,85.9,1600.0,16.00,16,18,18,36,74,560,1,42.0,33.5,34.5,30.5,29.9,29.8,31.4,31.7,30.3,30.0,30.7,30.7,31.2,26.6,1.150,0.994,1.156,5.410,5.026,5.419,5.419,25.098,0.517,0.226,0.153,1.049,0.861,0.594,0.222,5.846,4.999,10.845,25.110,1600.0,1600.0,3254.1,3254.1,4650.0,33.0,9.0,6.0,35.3,186.0,No,No,No,0.207,0.074,0.3,42.0,37.0,36.0,33.5,32.0,34.5,36.0,12.168,5.020,1.002,1.352,1.082,0.848,0.870,1.562,3.356,1.836,1161,770,555,549,1.057,1.255,34,34,41,79.0,100.0,No,No,80704,102356,0.0,0.0,0.0,0.000,0.000,45602,11169,46.3,50.0,54.2,50,50,50,50,50,48,50,48,50,83.0,0.781,12.190,12.258,12.177,12.154,12.172,1144,1145,19.666,6.949,14.274,1.667,7.951,9.845,2.593,14.274,5.206,1.834,4.897,290.000,320.000,1380.0,101.2,1215.0,407.3,1320.0,1170.0,1018.0,73.9,985.6,0.0,1.0,0.0,0.0,9.0,0.0,0.0,0.0,0.0,0.0,69,69,Yes,No,No,No,No,Yes,No,6.7,6.9,4,0,0,0,0,0,0,0,0,127,0,0,0,0,0,0,0,0,0,0,0,0,0,0,0,0,0,0,0,0,7458,734,565,41,5.0,4.1,4.6,3.5,3.5,3.5,3.5,4.1,4.6,3.5,3.5,3.5,3.5,244.65,281.90,217.61,217.31,282.88,282.88,0.66,244.01,244.65,0.00,71.68,201,6,3.9,0.1,0,0,0.0,0.0,0,
27.8.2026,17:30:37.775,6338,12915,32.9,5279,11030,32.3,2.4,2944,70,0.950,0.950,0.950,0.950,0.950,0.950,0.950,3665.8,3675.0,3675.0,3675.0,3675.0,3675.0,3620.0,100.0,141.8,132.0,5.6,7.9,23.3,46.8,120.0,549.3,473.5,196.7,117.9,3.9,25.0,141.8,6.8,1.1,0.0,0.0,3.9,1.4,3.1,12.5,28.7,4.7,3.1,16.1,6.7,28.7,6.8,3.6,0.8,0.1,0.2,0.6,1.2,3.2,14.8,12.8,5.2,3.1,0.1,0.6,3.6,36.7,36.8,36.8,36.8,36.8,36.8,36.2,0.1,4.9,1.0,0.8,3.9,16.2,6.7,0.7,27.2,5.2,2.5,62.9,52.7,37.8,2.3,67.9,93.8,96.8,33.2,31.1,55.6,97.0,1600.0,16.00,16,18,18,36,74,560,1,41.9,33.8,34.8,30.5,29.7,29.8,30.4,32.8,30.6,29.8,30.8,30.8,30.5,25.9,1.150,0.994,1.156,5.715,5.294,5.704,5.704,26.328,0.456,0.138,0.082,0.526,1.331,0.587,0.071,6.145,5.261,11.407,26.411,1600.0,1600.0,3907.7,3907.7,4650.0,34.8,9.5,6.3,35.6,221.8,No,No,No,0.142,0.038,0.3,41.0,37.0,36.0,33.5,32.0,34.5,36.0,12.192,5.010,1.002,1.348,0.974,0.844,0.870,1.562,3.356,1.836,1141,756,556,562,1.057,1.255,34,34,41,79.0,100.0,No,No,80704,102356,0.0,0.0,0.0,0.000,0.139,45602,11169,46.1,50.0,53.8,50,50,50,50,50,48,50,48,50,83.0,0.781,12.186,12.258,12.171,12.149,12.166,1143,1145,20.170,7.479,15.315,1.692,8.910,10.400,2.847,15.315,5.708,1.826,5.297,290.000,320.000,1380.0,101.2,1215.0,407.3,1320.0,1170.0,972.9,70.7,936.1,0.0,1.0,0.0,0.0,9.0,0.0,0.0,0.0,0.0,0.0,69,69,Yes,No,No,No,No,Yes,No,7.2,7.1,4,0,0,0,0,0,0,0,0,127,0,0,0,0,0,0,0,0,0,0,0,0,0,0,0,0,0,0,0,0,7458,734,565,41,5.0,4.0,4.3,3.8,3.8,3.8,3.8,4.0,4.3,3.8,3.8,3.8,3.8,249.93,265.73,234.12,233.83,266.05,266.05,1.86,249.07,249.93,0.00,41.19,201,6,0.8,0.1,0,0,0.0,0.0,0,
27.8.2026,17:30:38.284,6338,12915,32.9,5280,11029,32.3,2.4,2944,70,0.950,0.950,0.950,0.950,0.950,0.950,0.950,3656.7,3675.0,3675.0,3675.0,3675.0,3620.0,3620.0,100.0,124.8,23.5,4.7,13.1,11.1,34.5,206.0,484.5,502.8,130.3,64.0,5.4,17.9,124.8,5.3,0.9,30.5,0.0,0.0,0.8,4.7,10.7,11.2,3.1,1.5,0.0,0.0,30.5,5.3,3.4,0.9,0.1,0.3,0.3,0.8,5.5,13.1,13.6,3.5,1.7,0.1,0.5,3.4,36.6,36.8,36.8,36.8,36.8,36.2,36.2,3.3,5.6,1.0,0.5,5.4,21.7,4.6,0.6,28.1,1.1,7.4,65.8,62.0,30.1,2.1,66.3,97.9,92.1,28.8,16.2,65.4,97.3,1600.0,16.00,16,18,18,36,74,560,1,41.6,34.4,35.8,30.8,29.8,30.1,30.7,33.8,30.1,30.1,31.0,31.0,31.2,26.3,1.150,0.994,1.163,5.976,5.243,5.982,5.982,26.703,0.481,0.058,0.092,0.651,1.637,0.385,0.064,6.509,5.212,11.721,26.647,1600.0,1600.0,3940.5,3940.5,4650.0,35.1,10.0,6.6,36.2,222.5,No,No,No,0.129,0.060,0.3,41.0,37.0,36.0,33.5,32.0,34.5,36.0,12.168,5.000,1.002,1.352,1.084,0.844,0.870,1.562,3.352,1.836,1159,756,556,562,1.056,1.252,34,34,41,79.0,100.0,No,No,80704,102356,0.0,0.0,0.0,0.000,0.000,45602,11169,45.9,50.0,53.6,49,50,48,50,50,48,50,48,50,83.0,0.781,12.186,12.257,12.172,12.149,12.167,1141,1142,20.058,6.746,13.728,1.532,7.827,9.488,2.567,13.728,5.150,1.812,4.884,290.000,320.000,1380.0,101.2,1215.0,421.0,1320.0,1170.0,1154.9,83.8,1104.7,1.0,1.0,0.0,0.0,9.0,0.0,0.0,0.0,0.0,0.0,69,69,Yes,No,No,No,No,Yes,No,6.5,6.4,4,0,0,0,0,0,0,0,0,127,0,0,0,0,0,0,0,0,0,0,0,0,0,0,0,0,0,0,0,0,7458,734,565,41,5.0,3.7,4.3,3.3,3.3,3.3,3.3,3.7,4.3,3.3,3.3,3.3,3.3,272.43,300.29,233.70,232.78,300.63,300.63,0.89,270.92,272.43,0.00,45.09,201,6,0.0,0.0,0,0,0.0,0.0,0,
27.8.2026,17:30:38.780,6338,12915,32.9,5279,11030,32.3,2.4,2944,70,0.950,0.950,0.950,0.950,0.950,0.950,0.950,3675.0,3675.0,3675.0,3675.0,3675.0,3675.0,3675.0,100.0,123.8,53.9,5.7,4.7,4.5,169.9,181.5,32.7,811.7,161.9,39.1,2.9,16.8,123.8,4.8,2.2,0.0,0.0,7.2,5.2,5.6,2.2,19.3,5.1,0.0,1.5,10.0,19.3,4.8,3.3,0.8,0.1,0.1,0.1,4.5,4.8,0.9,21.9,4.3,1.0,0.1,0.4,3.3,36.8,36.8,36.8,36.8,36.8,36.8,36.8,1.8,5.3,1.0,0.2,7.5,18.3,4.6,0.5,28.4,12.5,1.3,53.2,69.7,33.1,0.5,66.3,86.5,98.5,39.3,12.0,62.3,99.1,1600.0,16.00,16,18,18,36,74,560,1,41.5,34.8,35.0,30.8,30.0,29.9,31.0,33.9,30.2,30.0,31.0,31.0,30.5,26.0,1.150,0.994,1.156,6.045,5.255,6.049,6.049,26.763,0.488,0.148,0.041,0.686,1.566,0.441,0.044,6.555,5.223,11.778,26.758,1600.0,1600.0,3883.1,3883.1,4650.0,35.2,10.1,6.7,36.6,220.9,No,No,No,0.108,0.036,0.3,41.0,37.0,36.0,33.5,32.0,34.5,36.0,12.168,5.000,1.004,1.352,1.090,0.846,0.870,1.562,3.356,1.836,1159,772,555,549,1.056,1.252,34,34,41,79.0,100.0,No,No,80704,102356,0.0,0.0,0.0,0.000,0.000,45602,11169,45.8,50.0,53.6,49,50,48,50,50,48,50,48,50,83.0,0.781,12.184,12.256,12.168,12.146,12.164,1138,1140,19.489,6.933,14.259,1.618,8.140,9.826,2.664,14.259,5.344,1.812,4.472,290.000,320.000,1380.0,101.2,1215.0,421.0,1320.0,1170.0,982.8,71.1,940.2,0.0,1.0,0.0,0.0,9.0,0.0,0.0,0.0,0.0,0.0,68,68,Yes,No,No,No,No,Yes,No,6.8,7.9,4,0,0,0,0,0,0,0,0,127,0,0,0,0,0,0,0,0,0,0,0,0,0,0,0,0,0,0,0,0,7458,734,565,41,5.0,3.7,5.4,3.0,3.0,3.0,3.0,3.7,5.4,3.0,3.0,3.0,3.0,272.44,333.24,185.13,183.01,333.90,333.90,0.70,271.80,272.44,0.00,111.74,201,6,0.3,0.4,0,0,0.0,0.0,0,
27.8.2026,17:30:39.288,6336,12917,32.9,5278,11031,32.3,2.4,2944,70,1.011,1.194,0.975,0.975,0.975,0.975,0.975,3665.8,3620.0,3675.0,3675.0,3675.0,3675.0,3675.0,100.0,142.1,43.9,26.5,14.3,11.8,46.1,163.8,19.2,1033.7,72.5,247.0,7.3,19.2,142.1,4.9,0.0,0.0,21.4,0.0,0.0,2.8,2.4,24.6,0.7,7.5,0.0,0.0,24.6,4.9,3.8,0.9,0.7,0.4,0.3,1.2,4.3,0.5,27.9,1.9,6.6,0.2,0.5,3.8,36.7,36.2,36.8,36.8,36.8,36.8,36.8,0.0,6.3,1.5,0.7,4.7,23.1,7.2,0.6,32.3,0.9,12.2,63.6,74.5,32.5,10.1,61.4,97.6,87.1,31.8,2.4,60.3,89.3,1600.0,16.00,16,18,18,36,74,560,1,41.5,35.3,35.2,31.0,29.9,30.1,30.8,34.7,30.6,30.2,31.0,31.0,31.5,25.9,1.150,0.994,1.156,6.648,5.302,6.615,6.615,27.283,0.582,0.079,0.158,0.631,1.933,0.556,0.134,7.320,5.269,12.589,27.622,1600.0,1600.0,3982.5,3982.5,4650.0,36.3,11.0,7.4,37.2,207.1,No,No,No,0.097,0.055,0.4,41.0,37.0,36.0,33.5,32.0,34.5,36.0,12.192,5.010,1.002,1.348,1.076,0.844,0.870,1.564,3.356,1.836,1120,772,555,549,1.056,1.242,34,34,41,79.0,100.0,No,No,80704,102356,0.0,0.0,0.0,0.000,0.000,45602,11169,45.5,50.0,53.2,49,50,48,48,50,48,50,48,50,83.0,0.781,12.192,12.259,12.178,12.156,12.175,1133,1134,19.227,6.593,13.466,1.508,7.550,9.396,2.496,13.466,5.002,1.790,4.666,290.000,320.000,1380.0,101.2,1215.0,340.5,1320.0,1170.0,988.5,72.0,956.2,1.0,1.0,0.0,0.0,9.0,0.0,0.0,0.0,0.0,0.0,68,68,Yes,No,No,No,No,Yes,No,6.4,6.6,4,0,0,0,0,0,0,0,0,127,0,0,0,0,0,0,0,0,0,0,0,0,0,0,0,0,0,0,0,0,7458,734,565,41,5.0,3.5,5.4,2.9,2.9,2.9,2.9,3.5,5.4,2.9,2.9,2.9,2.9,289.01,349.99,185.83,183.11,350.31,350.31,0.61,288.38,289.01,0.00,156.11,201,6,0.0,0.0,0,0,0.0,0.0,0,
27.8.2026,17:30:39.793,6339,12915,32.9,5279,11030,32.3,2.4,2944,70,0.951,0.956,0.950,0.950,0.950,0.950,0.950,3675.0,3675.0,3675.0,3675.0,3675.0,3675.0,3675.0,100.0,124.2,55.8,6.4,7.2,5.6,27.9,125.1,26.1,786.2,244.1,193.7,5.8,6.3,124.2,4.1,0.8,0.3,11.1,8.6,0.8,3.0,0.0,15.1,5.7,4.5,0.0,0.0,15.1,4.1,3.2,0.7,0.2,0.2,0.1,0.7,3.3,0.7,21.2,6.5,5.2,0.1,0.1,3.2,36.8,36.8,36.8,36.8,36.8,36.8,36.8,0.0,5.3,0.9,0.3,3.5,17.6,9.3,0.3,34.7,6.4,1.3,82.5,82.4,34.0,1.6,60.0,92.7,98.4,14.0,0.0,56.7,98.1,1600.0,16.00,16,18,18,36,74,560,1,41.4,34.8,35.0,31.0,29.9,30.0,30.7,34.1,31.0,30.1,31.0,31.0,30.5,25.6,1.175,0.994,1.181,6.221,5.289,6.238,6.238,27.391,0.517,0.113,0.049,0.651,1.541,0.703,0.046,6.717,5.257,11.974,27.072,1600.0,1600.0,3935.1,3935.1,4650.0,35.6,10.4,6.9,36.6,213.9,No,No,No,0.093,0.031,0.3,41.0,37.0,36.0,33.5,32.0,34.5,36.0,12.192,5.000,1.004,1.348,1.066,0.846,0.870,1.560,3.352,1.834,1120,772,557,562,1.056,1.242,34,34,41,79.0,100.0,No,No,80704,102356,0.0,0.0,0.0,0.000,0.007,45602,11169,45.3,50.0,53.0,49,50,48,48,50,48,48,48,50,83.0,0.781,12.191,12.260,12.177,12.154,12.173,1128,1129,19.332,6.689,13.789,1.569,7.720,9.529,2.520,13.789,5.050,1.798,4.438,290.000,320.000,1380.0,101.2,1215.0,340.5,1320.0,1170.0,975.7,71.0,938.2,1.0,1.0,0.0,0.0,9.0,0.0,0.0,0.0,0.0,0.0,68,68,Yes,No,No,No,No,Yes,No,6.7,6.7,4,0,0,0,0,0,0,0,0,127,0,0,0,0,0,0,0,0,0,0,0,0,0,0,0,0,0,0,0,0,7458,734,565,41,5.0,3.4,7.3,2.5,2.5,2.5,2.5,3.4,7.3,2.5,2.5,2.5,2.5,294.55,399.45,137.24,133.32,400.45,400.45,0.70,293.82,294.55,0.00,217.10,201,6,0.6,0.4,0,0,0.0,0.0,0,
27.8.2026,17:30:40.300,6357,12896,33.0,5294,11015,32.4,2.4,2944,70,1.191,1.175,1.194,1.194,1.194,1.194,1.194,4072.5,3620.0,3620.0,4525.0,3620.0,4525.0,4525.0,100.0,256.2,92.9,37.5,124.5,98.1,641.0,235.5,11.6,825.0,497.9,357.1,96.4,56.9,256.2,13.7,1.1,32.4,13.5,17.5,14.2,5.0,0.0,18.2,11.0,7.8,25.4,18.8,32.4,13.7,6.7,1.3,1.0,3.3,2.5,17.1,6.2,0.3,22.3,13.3,9.5,2.5,1.4,6.7,40.7,36.2,36.2,45.2,36.2,45.2,45.2,2.4,11.3,2.3,5.2,19.2,18.4,18.9,3.6,35.4,23.6,17.3,53.5,73.5,27.8,16.9,53.3,74.2,77.5,27.3,8.1,53.4,79.4,1600.0,16.00,16,18,18,36,74,560,1,41.4,35.5,40.8,31.8,30.7,30.8,32.5,34.2,32.0,30.7,31.2,31.2,30.8,26.0,1.188,0.994,1.200,8.538,5.279,8.452,8.452,29.303,0.960,0.385,0.507,1.535,1.654,1.269,0.409,9.664,5.248,14.911,29.797,1600.0,1600.0,4049.0,4049.0,4650.0,39.2,14.1,9.4,37.4,166.9,No,No,No,0.353,0.203,0.7,41.0,37.0,36.0,33.5,32.0,34.5,36.0,12.192,5.000,1.004,1.348,1.066,0.844,0.870,1.560,3.356,1.836,1116,758,557,562,1.056,1.270,34,34,41,79.0,100.0,No,No,80704,102356,0.0,0.0,0.0,0.000,0.049,45602,11169,45.2,50.0,53.0,49,50,48,48,50,48,48,48,50,83.0,0.781,12.188,12.258,12.174,12.151,12.168,1123,1125,19.400,6.945,14.284,1.630,8.242,9.696,2.641,14.284,5.300,1.798,4.634,290.000,320.000,1380.0,101.2,1215.0,337.9,1320.0,1170.0,1119.2,81.0,1088.6,0.0,1.0,0.0,0.0,9.0,0.0,0.0,0.0,0.0,0.0,68,68,Yes,No,No,No,No,Yes,No,6.6,7.3,4,0,0,0,0,0,0,0,0,127,0,0,0,0,0,0,0,0,0,0,0,0,0,0,0,0,0,0,0,0,7458,734,565,41,5.0,3.2,9.5,2.3,2.3,2.3,2.3,3.2,9.4,2.3,2.3,2.3,2.3,311.08,432.53,105.63,100.22,433.19,433.19,0.68,310.34,311.08,0.00,300.42,201,6,0.8,1.6,0,0,0.0,0.0,0,
27.8.2026,17:30:40.810,7501,11752,38.9,5730,10579,35.1,2.4,2944,70,1.181,1.181,1.181,1.181,1.181,1.181,1.181,3921.7,3620.0,3620.0,4525.0,3620.0,4525.0,3620.0,100.0,574.3,137.0,67.0,227.5,285.2,521.6,1054.6,31.1,665.5,3367.7,351.7,83.4,99.2,574.3,13.2,3.1,0.0,6.8,8.0,10.3,24.4,2.2,16.1,74.1,9.0,0.3,3.8,74.1,13.2,15.2,1.8,1.8,6.0,7.5,14.0,28.2,0.8,18.0,90.9,9.2,2.1,2.6,15.2,39.2,36.2,36.2,45.2,36.2,45.2,36.2,0.0,24.8,3.4,11.4,31.9,15.4,82.2,4.4,52.0,59.5,68.7,68.1,57.0,17.8,40.8,23.2,37.1,19.9,0.0,27.7,0.0,54.8,1600.0,16.00,16,18,18,36,74,560,1,42.5,43.5,41.0,35.0,32.6,32.6,36.7,34.2,42.3,31.6,32.3,32.3,30.8,26.2,1.181,0.994,1.194,14.858,5.513,14.870,19.250,38.387,2.033,0.828,1.373,2.654,1.572,5.068,0.705,17.584,5.478,23.062,38.373,1600.0,1600.0,4525.0,4525.0,4650.0,50.5,24.8,21.4,45.8,143.6,No,No,No,1.771,1.289,1.5,41.0,37.0,36.0,33.5,32.0,34.5,36.0,12.168,5.010,1.004,1.352,1.062,0.844,0.870,1.560,3.352,1.836,1116,758,555,549,1.056,1.270,34,34,41,79.0,100.0,No,No,80704,102356,0.0,0.0,0.0,0.000,0.000,45602,11169,45.0,50.0,52.7,49,50,48,48,50,48,48,48,50,83.0,0.781,12.186,12.258,12.171,12.150,12.167,1117,1120,19.441,6.892,14.221,1.630,8.143,9.683,2.616,14.221,5.254,1.791,4.472,290.000,320.000,1380.0,101.2,1215.0,337.9,1320.0,1170.0,1380.3,100.9,1319.6,1.0,1.0,0.0,0.0,9.0,0.0,0.1,0.0,0.0,0.0,68,68,Yes,No,No,No,No,Yes,No,6.4,6.8,4,0,0,0,0,0,0,0,0,127,0,0,0,0,0,0,0,0,0,0,0,0,0,0,0,0,0,0,0,0,7458,734,565,41,5.0,3.1,11.0,2.2,2.2,2.2,2.2,3.1,11.1,2.2,2.2,2.2,2.2,322.35,449.90,90.60,84.31,450.24,450.24,0.87,321.44,322.35,0.00,349.99,201,6,0.7,0.6,0,0,0.0,0.0,0,
27.8.2026,17:30:41.314,7538,11716,39.1,5786,10523,35.4,2.4,2944,70,1.176,1.181,1.175,1.175,1.175,1.175,1.175,4072.5,3620.0,4525.0,4525.0,3620.0,4525.0,3620.0,100.0,571.2,88.1,37.9,105.0,561.9,386.3,2354.2,117.0,443.3,338.1,2197.8,86.3,138.3,571.2,12.3,0.0,2.2,0.7,11.2,9.6,51.1,3.9,8.3,8.4,47.7,3.3,1.5,51.1,12.3,15.1,1.4,0.9,2.8,14.6,10.1,63.0,3.1,12.0,8.7,58.8,2.2,3.6,15.1,40.7,36.2,45.2,45.2,36.2,45.2,36.2,0.0,24.3,2.2,15.8,55.3,10.9,56.5,5.4,50.3,22.8,84.2,44.7,45.0,43.5,61.3,25.4,75.0,0.0,0.0,44.2,0.0,33.2,1600.0,16.00,16,18,18,36,74,560,1,42.9,42.1,40.0,35.0,32.7,33.7,39.6,32.8,39.1,32.0,32.7,32.7,31.8,25.7,1.175,0.994,1.188,15.265,5.392,15.254,18.004,38.525,2.119,0.408,1.856,4.303,1.061,4.149,0.939,17.972,5.358,23.330,38.509,1600.0,1600.0,4525.0,4525.0,4650.0,50.7,25.4,20.0,44.4,141.0,No,No,No,0.673,0.351,1.5,42.0,37.5,36.0,33.5,32.0,35.0,36.0,12.192,5.000,1.004,1.348,1.180,0.844,0.870,1.562,3.356,1.838,1147,758,556,549,1.056,1.266,34,34,41,79.0,100.0,No,No,80704,102356,0.0,0.0,0.0,0.000,0.000,45602,11169,44.9,50.0,52.5,49,50,48,48,48,48,50,48,50,83.0,0.781,12.185,12.256,12.170,12.148,12.165,1105,1108,19.662,7.089,14.326,1.569,8.263,9.937,2.725,14.326,5.456,1.791,5.406,290.000,320.000,1380.0,101.2,1215.0,349.2,1320.0,1170.0,981.6,71.0,940.0,0.0,1.0,0.0,0.0,9.0,0.0,0.0,0.0,0.0,0.0,33,33,Yes,No,No,No,No,Yes,No,6.6,7.2,4,0,0,0,0,0,0,0,0,127,0,0,0,0,0,0,0,0,0,0,0,0,0,0,0,0,0,0,0,0,7458,734,565,41,5.0,3.1,13.4,2.2,2.2,2.2,2.2,3.1,13.5,2.2,2.2,2.2,2.2,322.33,450.24,74.55,67.66,450.24,450.24,0.71,321.62,322.33,0.00,377.76,201,6,0.0,0.0,0,0,0.0,0.0,0,
27.8.2026,17:30:41.808,8707,10546,45.2,6033,10277,36.9,2.4,2944,70,1.175,1.188,1.188,1.188,1.163,1.163,1.163,3921.7,3620.0,4525.0,4525.0,3620.0,3620.0,3620.0,100.0,581.7,144.4,25.6,101.7,185.0,257.1,2410.5,56.1,1025.7,392.7,2213.0,77.7,91.0,581.7,13.4,4.0,1.7,3.4,5.2,6.7,48.9,2.2,24.5,6.2,51.7,2.7,3.0,51.7,13.4,14.7,3.1,0.7,2.7,4.6,6.8,58.7,1.4,25.9,6.0,62.2,1.8,2.2,14.7,39.2,36.2,45.2,45.2,36.2,36.2,36.2,0.0,24.3,3.6,6.8,53.6,21.7,56.1,3.9,45.2,29.8,47.4,46.4,65.8,43.9,38.0,30.5,66.5,45.8,0.0,12.5,0.0,58.1,1600.0,16.00,16,18,18,36,74,560,1,43.6,43.7,41.5,35.0,32.8,31.9,39.1,35.0,39.6,31.8,32.6,32.6,30.8,25.8,1.163,0.994,1.169,14.666,5.515,14.635,17.196,37.835,1.947,0.515,0.864,3.782,2.098,3.775,0.646,17.282,5.481,22.763,38.053,1600.0,1600.0,4506.5,4506.5,4650.0,50.1,24.4,19.1,46.0,148.3,No,No,No,0.852,0.469,1.5,42.0,37.5,36.0,33.5,32.0,34.5,36.0,12.168,5.000,1.004,1.352,1.174,0.844,0.870,1.562,3.352,1.836,1147,758,556,549,1.056,1.266,34,34,41,79.0,100.0,No,No,80704,102356,0.0,0.0,0.0,0.000,0.067,45602,11169,49.6,50.0,58.8,51,52,52,50,50,52,50,50,52,83.0,0.819,12.151,12.249,12.133,12.112,12.112,925,934,19.634,20.916,39.170,2.719,30.271,28.814,11.325,39.170,22.638,2.032,12.101,290.000,320.000,1380.0,1156.5,1230.0,349.2,1335.0,1185.0,1379.8,1155.4,1335.3,20.0,3.0,0.0,0.0,20.4,0.0,0.0,0.0,0.0,0.0,0,0,Yes,No,No,No,No,Yes,No,53.4,61.9,4,0,0,0,0,0,0,0,0,128,0,0,0,0,0,0,0,0,0,0,0,0,0,0,0,0,0,0,0,0,6517,1675,1506,115,16.0,3.1,13.5,2.1,2.1,2.1,2.1,3.1,13.5,2.1,2.1,2.1,2.1,327.65,466.41,74.03,67.13,466.75,466.75,0.53,327.14,327.65,0.00,388.97,201,6,0.1,0.0,0,0,0.0,0.0,0,
27.8.2026,17:30:42.313,8706,10547,45.2,6013,10297,36.8,2.4,2944,70,1.189,1.163,1.194,1.194,1.194,1.194,1.194,3921.7,3620.0,3620.0,4525.0,4525.0,3620.0,3620.0,100.0,524.2,107.1,62.1,89.7,129.0,5.8,4195.6,25.8,913.6,262.8,439.3,12.4,46.9,524.2,11.5,0.0,0.0,0.0,1.4,0.0,93.5,0.0,21.1,8.6,13.3,0.0,0.1,93.5,11.5,15.1,1.2,1.7,2.1,3.0,0.1,114.4,0.8,26.8,11.5,17.2,0.6,1.6,15.1,39.2,36.2,36.2,45.2,45.2,36.2,36.2,0.0,24.7,3.1,4.3,93.6,22.5,22.7,2.2,34.6,8.5,36.8,6.4,69.8,74.2,11.9,40.7,88.5,58.8,0.0,7.8,3.1,85.9,1600.0,16.00,16,18,18,36,74,560,1,43.9,44.2,47.5,35.1,33.1,31.7,43.6,35.6,35.2,31.4,32.5,32.5,31.8,26.8,1.200,0.994,1.212,13.178,6.001,13.203,16.497,37.873,1.522,0.289,0.650,4.317,2.008,1.728,0.140,15.541,5.964,21.505,37.821,1600.0,1600.0,4525.0,4525.0,4650.0,49.8,22.0,18.3,46.5,162.5,No,No,No,0.437,0.463,1.5,43.0,37.0,36.0,33.5,32.0,35.0,36.0,12.096,4.970,1.004,1.348,1.180,0.842,0.870,1.558,3.340,1.836,1121,773,555,549,1.056,1.246,34,34,41,79.0,100.0,No,No,80704,102356,0.0,0.0,0.0,0.000,0.000,45602,11169,55.1,56.0,64.9,55,56,54,54,56,54,54,56,56,83.0,0.819,12.079,12.162,12.067,12.054,12.033,725,695,50.428,73.328,151.159,24.690,83.145,72.166,14.427,151.159,28.853,26.539,107.818,290.000,320.000,1380.0,1156.5,1230.0,638.4,1335.0,1185.0,1380.2,1155.4,1335.5,100.0,12.0,0.0,0.0,20.4,24.3,97.4,0.0,0.0,0.0,0,0,Yes,No,No,No,No,Yes,No,63.0,62.5,4,0,0,0,0,0,0,0,0,128,0,0,0,0,0,0,0,0,0,0,0,0,0,0,0,0,0,0,0,0,6517,1675,1506,115,16.0,3.1,17.2,2.1,2.1,2.1,2.1,3.1,17.1,2.1,2.1,2.1,2.1,327.81,466.76,58.27,50.76,466.76,466.76,0.58,327.20,327.81,0.00,411.32,201,6,0.2,0.1,0,0,0.0,0.0,0,
27.8.2026,17:30:42.810,8702,10551,45.1,6004,10306,36.8,2.4,2944,70,1.162,1.163,1.163,1.163,1.163,1.163,1.163,3770.8,3620.0,3620.0,4525.0,3620.0,3620.0,3620.0,100.0,522.4,64.9,12.0,84.3,96.3,6.2,4524.1,85.2,730.0,254.9,261.1,124.7,24.9,522.4,11.4,2.1,1.3,2.9,0.3,1.1,100.0,0.0,14.6,6.8,6.9,0.7,0.0,100.0,11.4,14.0,1.3,0.3,2.2,2.5,0.2,122.3,2.3,19.8,6.7,7.0,3.3,0.6,14.0,37.7,36.2,36.2,45.2,36.2,36.2,36.2,0.0,23.2,1.6,4.4,100.0,18.4,11.6,3.4,34.5,6.4,27.4,0.0,77.1,84.8,11.5,42.2,92.0,68.2,0.0,4.5,3.6,85.0,1600.0,16.00,16,18,18,36,74,560,1,44.0,44.1,43.5,34.8,32.8,31.5,43.9,35.5,33.7,31.5,32.4,32.4,30.8,27.2,1.163,0.994,1.169,12.184,5.933,12.233,15.064,36.746,1.454,0.197,0.520,4.433,1.854,1.404,0.315,14.338,5.896,20.234,36.539,1600.0,1600.0,4525.0,4525.0,4650.0,48.1,20.4,16.7,46.4,163.3,No,No,No,0.179,0.136,1.4,43.0,37.0,36.5,33.5,32.0,34.5,36.0,12.096,4.970,1.004,1.348,1.172,0.844,0.868,1.552,3.320,1.836,1121,773,555,548,1.056,1.246,34,34,41,79.0,100.0,No,No,80704,102356,0.0,0.0,0.0,0.000,0.000,45602,11169,56.2,56.0,66.1,56,56,54,56,56,56,54,56,58,83.0,0.819,12.074,12.157,12.063,12.049,12.027,0,652,123.876,74.888,154.926,25.347,84.861,73.706,14.505,154.926,29.021,26.949,109.748,290.000,320.000,1380.0,1156.5,1230.0,638.4,1335.0,1185.0,1380.2,1155.3,1335.7,100.0,12.0,0.0,0.0,20.4,25.0,100.0,0.0,0.0,0.0,0,0,Yes,No,No,No,No,Yes,No,63.4,63.4,4,0,0,0,0,0,0,0,0,128,0,0,0,0,0,0,0,0,0,0,0,0,0,0,0,0,0,0,0,0,6517,1675,1506,115,16.0,3.1,39.0,2.0,2.0,2.0,2.0,3.1,39.2,2.0,2.0,2.0,2.0,327.73,499.11,25.67,17.57,499.77,499.77,0.81,327.02,327.73,0.00,450.17,201,6,0.2,0.0,0,0,0.0,0.0,0,
27.8.2026,17:30:43.323,8705,10548,45.2,6015,10295,36.8,2.4,2944,70,1.179,1.163,1.163,1.188,1.188,1.188,1.188,3770.8,3620.0,3620.0,4525.0,3620.0,3620.0,3620.0,100.0,531.4,66.5,13.8,90.6,65.7,6.4,4524.4,37.5,838.5,285.7,354.1,45.2,48.5,531.4,14.7,1.1,0.0,4.6,4.1,2.7,100.0,3.5,20.8,6.1,7.8,9.1,16.4,100.0,14.7,14.3,1.6,0.3,2.4,1.7,0.2,122.3,1.0,22.6,7.6,9.5,1.2,1.3,14.3,37.7,36.2,36.2,45.2,36.2,36.2,36.2,0.0,23.6,1.9,3.7,100.0,19.4,14.6,2.3,33.7,9.0,22.7,0.0,75.0,85.4,10.1,42.7,89.1,73.6,0.0,5.6,0.0,87.6,1600.0,16.00,16,18,18,36,74,560,1,44.1,44.1,43.8,34.8,32.8,31.4,44.0,35.0,34.1,31.4,32.4,32.4,31.0,26.8,1.188,0.994,1.194,12.526,5.946,12.512,15.526,36.926,1.462,0.221,0.432,4.441,1.901,1.516,0.260,14.746,5.909,20.656,36.887,1600.0,1600.0,4525.0,4525.0,4650.0,48.5,20.9,17.3,46.5,167.5,No,No,No,0.197,0.218,1.4,44.0,37.0,36.5,33.5,32.0,34.5,36.5,12.096,4.960,1.004,1.348,1.176,0.844,0.868,1.552,3.320,1.836,1163,769,554,559,1.056,1.250,34,34,41,79.0,100.0,No,No,80704,102356,0.0,0.0,0.0,0.000,0.000,45602,11169,56.8,58.0,66.8,56,56,56,56,56,56,56,56,58,83.0,0.819,12.078,12.163,12.066,12.053,12.031,0,0,181.612,73.421,153.600,25.129,84.065,72.943,14.281,153.600,28.564,19.732,108.877,290.000,320.000,1380.0,1156.5,1230.0,1380.0,1335.0,1185.0,1380.5,1155.6,1335.5,100.0,12.0,0.0,0.0,20.4,25.0,100.0,0.0,0.0,0.0,0,0,Yes,No,No,No,No,Yes,No,62.8,63.5,4,0,0,0,0,0,0,0,0,128,0,0,0,0,0,0,0,0,0,0,0,0,0,0,0,0,0,0,0,0,6517,1675,1506,115,16.0,3.9,46.2,2.0,2.0,2.0,2.0,3.9,46.5,2.0,2.0,2.0,2.0,258.30,494.94,21.66,17.31,499.77,499.77,0.88,257.45,258.30,0.00,483.22,201,6,0.0,0.0,0,0,0.0,0.0,0,
27.8.2026,17:30:43.829,8706,10548,45.2,6005,10304,36.8,2.4,2944,70,1.238,1.238,1.238,1.238,1.238,1.238,1.238,3875.0,3720.0,3720.0,4650.0,3720.0,3720.0,3720.0,100.0,522.8,58.0,14.4,76.5,65.3,26.8,4635.0,68.4,791.2,237.0,236.8,34.8,29.3,522.8,12.3,0.3,0.0,1.5,1.1,0.0,100.0,1.3,20.8,5.7,5.4,0.0,11.3,100.0,12.3,14.0,0.9,0.4,2.0,1.7,0.7,125.3,1.8,21.4,6.3,6.3,0.9,0.7,14.0,38.8,37.2,37.2,46.5,37.2,37.2,37.2,0.0,23.3,1.3,3.7,100.0,21.4,11.8,1.7,31.8,6.2,22.6,0.0,67.9,88.2,5.7,44.9,92.5,73.8,0.0,10.7,0.0,92.7,1600.0,16.00,16,18,18,36,74,560,1,45.0,46.3,47.0,35.3,33.2,31.6,46.3,35.0,34.3,31.3,32.8,32.8,31.8,27.1,1.237,0.994,1.244,13.527,5.909,13.521,15.914,38.627,1.615,0.209,0.499,5.192,1.970,1.610,0.208,16.675,5.872,22.547,38.781,1600.0,1600.0,4635.3,4635.3,4650.0,51.0,22.5,17.7,48.8,171.3,No,No,No,0.191,0.144,1.4,44.0,37.5,36.5,33.5,32.0,34.5,36.5,12.096,4.970,1.004,1.348,1.236,0.844,0.868,1.552,3.320,1.836,1150,769,554,559,1.056,1.250,34,34,41,79.0,100.0,No,No,80704,102356,0.0,0.0,0.0,0.000,0.000,45602,11169,57.0,58.0,67.0,57,58,56,58,56,56,56,56,58,83.0,0.819,12.077,12.161,12.065,12.053,12.030,0,0,182.361,73.321,153.200,25.075,83.963,72.750,14.304,153.200,28.607,19.797,108.993,290.000,320.000,1380.0,1156.5,1230.0,1380.0,1335.0,1185.0,1380.4,1155.3,1334.6,100.0,13.0,0.0,0.0,20.4,25.0,100.0,0.0,0.0,0.0,0,0,Yes,No,No,No,No,Yes,No,62.7,63.7,4,0,0,0,0,0,0,0,0,128,0,0,0,0,0,0,0,0,0,0,0,0,0,0,0,0,0,0,0,0,6517,1675,1506,115,16.0,3.7,14.1,2.2,2.1,2.1,2.1,3.7,14.1,2.2,2.1,2.1,2.1,266.79,462.45,71.13,67.54,466.44,466.44,0.74,266.01,266.79,0.00,424.80,201,6,0.4,0.4,0,0,0.0,0.0,0,
27.8.2026,17:30:44.332,8708,10545,45.2,6016,10293,36.8,2.4,2944,70,1.223,1.238,1.250,1.250,1.250,1.175,1.175,3938.3,3720.0,4525.0,3620.0,3620.0,4525.0,3620.0,100.0,540.7,71.6,32.5,93.0,73.0,34.8,4590.3,238.8,409.6,467.0,373.0,62.4,42.4,540.7,15.6,2.5,17.3,3.9,3.3,5.1,98.8,10.5,12.3,13.4,11.3,5.9,2.5,98.8,15.6,14.5,1.0,0.8,2.4,1.9,0.9,124.1,6.4,11.0,12.2,10.0,1.6,1.1,14.5,39.4,37.2,45.2,36.2,36.2,45.2,36.2,0.0,22.9,1.9,4.4,99.3,11.3,17.7,2.7,31.8,14.0,24.9,0.7,52.0,82.3,17.2,45.2,84.1,70.7,0.0,36.6,0.0,80.0,1600.0,16.00,16,18,18,36,74,560,1,45.8,47.0,40.8,35.4,33.6,31.7,47.0,33.4,35.5,31.4,32.9,32.9,32.0,27.9,1.194,0.994,1.206,12.982,5.970,12.954,16.263,38.238,1.661,0.329,0.590,5.324,1.314,1.997,0.410,16.124,5.933,22.057,38.268,1600.0,1600.0,4650.0,4650.0,4650.0,50.4,21.6,18.1,49.5,161.5,No,No,No,0.228,0.218,1.4,45.0,37.0,36.5,33.5,32.5,34.5,36.5,12.096,4.970,1.004,1.348,1.238,0.844,0.868,1.552,3.320,1.836,1150,752,551,546,1.056,1.244,34,34,41,79.0,100.0,No,No,80704,102356,0.0,0.0,0.0,0.000,0.000,45602,11169,56.4,58.0,66.3,57,58,58,56,56,56,56,56,58,83.0,0.819,12.110,12.197,12.097,12.081,12.065,0,0,182.543,58.237,107.292,15.759,63.438,55.899,13.814,107.292,27.631,26.313,106.689,290.000,320.000,1380.0,1156.5,1230.0,1380.0,1335.0,1185.0,1380.6,1155.0,1334.6,80.0,9.0,0.0,0.0,20.4,25.0,100.0,0.0,0.0,0.0,0,0,Yes,No,No,No,No,Yes,No,46.5,61.3,4,0,0,0,0,0,0,0,0,128,0,0,0,0,0,0,0,0,0,0,0,0,0,0,0,0,0,0,0,0,6517,1675,1506,115,16.0,3.6,9.7,2.2,2.2,2.2,2.2,3.6,9.7,2.2,2.2,2.2,2.2,274.87,446.12,103.62,100.48,449.61,449.61,0.81,274.06,274.87,0.00,366.23,201,6,0.1,0.0,0,0,0.0,0.0,0,
27.8.2026,17:30:44.836,8708,10545,45.2,6008,10302,36.8,2.4,2944,70,1.238,1.238,1.238,1.238,1.238,1.238,1.238,3875.0,3720.0,3720.0,4650.0,3720.0,3720.0,3720.0,100.0,517.7,45.5,14.2,58.0,65.6,24.3,4363.6,7.6,411.3,646.2,422.1,38.1,115.5,517.7,10.1,0.0,0.0,0.0,0.1,0.0,93.8,0.0,0.0,15.6,9.8,0.0,1.3,93.8,10.1,13.9,1.2,0.3,1.5,1.7,0.6,117.9,0.2,11.1,17.6,11.3,1.0,3.1,13.9,38.8,37.2,37.2,46.5,37.2,37.2,37.2,0.0,22.7,1.6,3.2,94.2,11.2,22.0,3.8,29.9,14.7,26.5,5.8,34.7,78.0,19.6,47.4,83.7,70.3,0.0,54.1,0.0,76.6,1600.0,16.00,16,18,18,36,74,560,1,46.2,46.4,47.0,35.2,33.5,31.5,46.1,32.6,36.2,31.4,32.8,32.8,31.8,26.9,1.237,0.994,1.244,12.805,5.978,12.840,15.793,38.187,1.579,0.295,0.506,5.070,0.956,2.225,0.420,15.813,5.941,21.754,38.058,1600.0,1600.0,4623.8,4623.8,4650.0,50.1,21.4,17.5,48.9,166.3,No,No,No,0.225,0.260,1.4,45.0,37.0,36.5,33.5,32.5,34.5,36.5,12.096,4.960,1.004,1.348,1.236,0.844,0.868,1.552,3.320,1.834,1171,752,551,546,1.056,1.244,34,34,41,79.0,100.0,No,No,80704,102356,0.0,0.0,0.0,0.000,0.114,45602,11169,57.5,58.0,67.7,57,56,58,58,58,56,56,58,58,83.0,0.812,12.079,12.164,12.066,12.053,12.031,0,0,178.334,74.473,154.603,25.337,84.581,73.344,14.341,154.603,28.699,26.573,108.172,290.000,320.000,1380.0,1156.5,1230.0,1380.0,1335.0,1185.0,1380.2,1155.4,1335.4,100.0,12.0,0.0,0.0,20.4,25.0,100.0,0.0,0.0,0.0,0,0,Yes,No,No,No,No,Yes,No,63.2,63.0,4,0,0,0,0,0,0,0,0,128,0,0,0,0,0,0,0,0,0,0,0,0,0,0,0,0,0,0,0,0,6517,1675,1506,115,16.0,4.9,10.0,2.4,2.4,2.4,2.4,4.9,10.0,2.4,2.4,2.4,2.4,205.82,410.17,100.14,100.13,416.49,416.49,0.72,205.17,205.82,0.00,327.49,201,6,0.4,0.4,0,0,0.0,0.0,0,
27.8.2026,17:30:45.324,8707,10546,45.2,6017,10292,36.8,2.4,2944,70,1.232,1.238,1.231,1.231,1.231,1.231,1.231,3875.0,3720.0,3720.0,4650.0,3720.0,3720.0,3720.0,100.0,534.4,93.6,14.0,79.4,63.0,4.2,4649.0,27.7,894.3,265.8,226.9,74.1,20.8,534.4,13.2,2.7,1.3,2.9,0.0,1.0,100.0,1.6,32.8,7.8,6.9,0.0,1.4,100.0,13.2,14.3,1.8,0.4,2.1,1.6,0.1,125.6,0.7,24.1,7.0,6.1,2.0,0.5,14.3,38.8,37.2,37.2,46.5,37.2,37.2,37.2,0.0,24.2,2.2,3.7,100.0,24.3,12.6,2.7,32.6,11.4,16.3,0.0,68.4,87.4,12.2,43.1,86.4,79.9,0.0,7.3,0.0,85.2,1600.0,16.00,16,18,18,36,74,560,1,46.5,47.0,47.0,35.6,33.6,31.5,47.0,35.2,34.6,31.6,32.9,32.9,29.8,26.6,1.244,0.994,1.244,13.598,5.946,13.574,17.135,38.921,1.706,0.323,0.433,5.334,2.134,1.666,0.346,16.884,5.909,22.793,39.012,1600.0,1600.0,4650.0,4650.0,4650.0,51.3,22.6,19.0,49.4,164.5,No,No,No,0.204,0.212,1.5,46.0,37.0,36.5,33.5,32.5,34.5,36.5,12.096,4.960,1.004,1.348,1.242,0.844,0.868,1.554,3.316,1.836,1171,1526,551,546,1.056,1.253,34,34,41,79.0,100.0,No,No,80704,102356,0.0,0.0,0.0,0.000,0.000,45602,11169,57.8,58.0,67.7,58,58,58,56,58,58,58,58,58,83.0,0.812,12.080,12.166,12.067,12.054,12.032,0,0,178.310,73.551,152.356,24.832,83.711,72.492,14.354,152.356,28.711,26.364,106.785,290.000,320.000,1380.0,1156.5,1230.0,1380.0,1335.0,1185.0,1380.4,1155.1,1335.6,100.0,12.0,0.0,0.0,20.4,25.0,100.0,0.0,0.0,0.0,0,0,Yes,No,No,No,No,Yes,No,62.4,62.9,4,0,0,0,0,0,0,0,0,128,0,0,0,0,0,0,0,0,0,0,0,0,0,0,0,0,0,0,0,0,6517,1675,1506,115,16.0,4.7,9.9,2.5,2.5,2.5,2.5,4.7,9.9,2.5,2.5,2.5,2.5,211.28,393.96,101.49,100.90,399.27,399.27,0.61,210.65,211.28,0.00,293.75,201,6,0.7,0.1,0,0,0.0,0.0,0,
27.8.2026,17:30:45.834,8705,10548,45.2,6005,10305,36.8,2.4,2944,70,1.238,1.238,1.238,1.238,1.238,1.238,1.238,3875.0,3720.0,3720.0,4650.0,3720.0,3720.0,3720.0,100.0,539.7,74.4,32.5,74.9,45.4,4649.5,20.6,127.4,777.4,254.3,253.7,42.4,124.5,539.7,11.9,2.8,0.0,0.0,8.5,99.9,0.0,0.0,17.4,8.4,5.6,0.0,0.0,99.9,11.9,14.5,1.0,0.8,2.0,1.1,125.6,0.6,3.4,21.0,6.7,6.8,1.1,3.3,14.5,38.8,37.2,37.2,46.5,37.2,37.2,37.2,0.0,24.5,1.9,3.2,100.0,24.3,13.2,4.5,34.1,12.2,19.2,0.0,71.7,86.3,15.2,41.4,85.8,77.7,0.0,4.0,0.4,80.3,1600.0,16.00,16,18,18,36,74,560,1,46.8,47.0,46.5,35.9,33.7,31.6,47.0,36.0,34.7,32.0,33.0,33.0,31.0,26.8,1.250,0.994,1.262,13.848,5.974,13.874,17.386,39.436,1.765,0.324,0.462,5.354,2.259,1.739,0.451,17.198,5.936,23.134,39.410,1600.0,1600.0,4650.0,4650.0,4650.0,51.9,23.1,19.3,49.5,161.9,No,No,No,0.196,0.144,1.5,46.0,37.0,36.5,33.5,32.5,34.5,36.5,12.096,4.960,1.004,1.348,1.244,0.844,0.868,1.552,3.320,1.836,1220,749,551,546,1.056,1.259,34,34,41,79.0,100.0,No,No,80704,102356,0.0,0.0,0.0,0.000,0.000,45602,11169,57.9,58.0,67.8,58,58,58,58,58,58,58,58,58,83.0,0.812,12.081,12.167,12.069,12.055,12.033,0,0,181.694,73.756,152.876,24.917,83.973,72.692,14.367,152.876,28.737,26.413,106.953,290.000,320.000,1380.0,1156.5,1230.0,1380.0,1335.0,1185.0,1379.7,1155.3,1334.8,100.0,12.0,0.0,0.0,20.4,25.0,100.0,0.0,0.0,0.0,0,0,Yes,No,No,No,No,Yes,No,62.6,61.4,4,0,0,0,0,0,0,0,0,128,0,0,0,0,0,0,0,0,0,0,0,0,0,0,0,0,0,0,0,0,6517,1675,1506,115,16.0,4.5,7.4,2.8,2.7,2.7,2.7,4.5,7.5,2.8,2.7,2.7,2.7,222.26,362.24,134.41,133.81,366.23,366.23,0.74,221.50,222.26,0.00,232.81,201,6,0.3,0.4,0,0,0.0,0.0,0,
27.8.2026,17:30:46.328,8708,10545,45.2,6008,10301,36.8,2.4,2944,70,1.238,1.238,1.238,1.238,1.238,1.238,1.238,3875.0,3720.0,3720.0,4650.0,3720.0,3720.0,3720.0,100.0,527.6,101.5,51.7,142.2,80.2,4649.6,10.1,9.2,601.9,228.5,351.3,61.7,42.9,527.6,14.9,0.0,2.8,5.2,0.6,100.0,1.7,0.0,14.8,4.5,10.7,25.6,13.1,100.0,14.9,14.1,1.4,1.4,3.8,2.1,125.7,0.3,0.2,16.2,6.0,9.4,1.6,1.1,14.1,38.8,37.2,37.2,46.5,37.2,37.2,37.2,0.0,23.7,2.9,5.3,100.0,16.4,15.0,2.8,34.7,9.6,25.6,0.0,77.1,85.0,10.7,41.6,87.5,69.1,0.0,6.5,0.0,86.5,1600.0,16.00,16,18,18,36,74,560,1,46.9,47.0,46.0,35.7,33.7,32.2,47.0,34.7,35.0,31.6,33.0,33.0,30.2,26.3,1.231,0.994,1.238,13.469,5.937,13.473,16.593,38.837,1.700,0.323,0.637,5.328,1.809,1.765,0.335,16.721,5.900,22.621,38.873,1600.0,1600.0,4650.0,4650.0,4650.0,51.1,22.5,18.4,49.5,163.5,No,No,No,0.198,0.196,1.4,46.0,37.0,36.5,33.5,32.5,34.5,36.5,12.096,4.970,1.004,1.348,1.240,0.844,0.868,1.552,3.320,1.836,1220,749,552,558,1.056,1.259,34,34,41,79.0,100.0,No,No,80704,102356,0.0,0.0,0.0,0.000,0.000,45602,11169,56.7,58.0,66.8,58,58,58,58,58,58,58,58,58,83.0,0.812,12.081,12.167,12.068,12.055,12.032,0,0,180.763,73.499,152.453,24.822,83.737,72.523,14.330,152.453,28.663,25.595,106.917,290.000,320.000,1380.0,1156.5,1230.0,1380.0,1335.0,1185.0,1380.7,1155.2,1334.9,100.0,12.0,0.0,0.0,20.4,16.3,65.3,0.0,0.0,0.0,0,0,Yes,No,No,No,No,Yes,No,62.5,51.8,4,0,0,0,0,0,0,0,0,128,0,0,0,0,0,0,0,0,0,0,0,0,0,0,0,0,0,0,0,0,6517,1675,1506,115,16.0,4.4,6.0,3.2,3.2,3.2,3.2,4.4,6.0,3.2,3.2,3.2,3.2,227.86,314.24,167.47,166.86,316.56,316.56,0.70,227.08,227.86,0.00,155.34,201,6,0.1,0.2,0,0,0.0,0.0,0,
27.8.2026,17:30:46.834,8708,10545,45.2,6008,10301,36.8,2.4,2944,70,1.238,1.238,1.238,1.238,1.238,1.238,1.238,3875.0,3720.0,3720.0,4650.0,3720.0,3720.0,3720.0,100.0,530.8,76.8,12.9,114.7,59.0,4365.0,28.1,24.8,712.9,462.2,421.1,52.1,40.0,530.8,11.7,2.7,0.0,0.0,0.0,94.0,0.0,1.8,19.9,12.6,9.5,0.0,0.0,94.0,11.7,14.2,1.6,0.3,3.0,1.5,118.0,0.7,0.6,19.2,12.3,11.3,1.4,1.0,14.2,38.8,37.2,37.2,46.5,37.2,37.2,37.2,0.0,24.1,1.9,4.4,94.5,19.1,22.0,2.5,34.6,13.5,26.9,5.5,66.5,78.0,17.1,41.3,84.6,68.7,0.0,14.3,0.0,80.4,1600.0,16.00,16,18,18,36,74,560,1,46.9,46.5,46.2,35.6,33.5,31.8,46.3,34.7,36.0,31.6,33.0,33.0,30.8,26.9,1.237,0.994,1.244,13.706,5.942,13.713,17.096,39.237,1.726,0.330,0.590,5.110,1.842,2.099,0.386,16.960,5.905,22.865,39.136,1600.0,1600.0,4637.3,4637.3,4650.0,51.5,22.9,19.0,48.9,163.3,No,No,No,0.257,0.287,1.4,46.0,37.0,36.5,33.5,32.5,34.5,36.5,12.096,4.970,1.002,1.348,1.238,0.844,0.868,1.552,3.316,1.836,1200,762,550,558,1.056,1.256,34,34,41,79.0,100.0,No,No,80704,102356,0.0,0.0,0.0,0.000,0.000,45602,11169,58.3,58.0,68.3,58,58,56,58,58,58,58,58,58,83.0,0.812,12.079,12.165,12.067,12.054,12.031,0,0,177.091,72.957,151.679,24.634,83.398,72.384,14.377,151.679,28.764,26.275,103.422,290.000,320.000,1380.0,1156.5,1230.0,1380.0,1335.0,1185.0,1380.4,1154.8,1335.1,100.0,12.0,0.0,0.0,20.4,22.9,91.5,0.0,0.0,0.0,33,33,Yes,No,No,No,No,Yes,No,62.2,61.4,4,0,0,0,0,0,0,0,0,128,0,0,0,0,0,0,0,0,0,0,0,0,0,0,0,0,0,0,0,0,6517,1675,1506,115,16.0,4.1,5.0,3.0,3.0,3.0,3.0,4.1,5.0,3.0,3.0,3.0,3.0,244.55,330.42,200.22,200.22,333.07,333.07,0.72,243.84,244.55,0.00,127.60,201,6,0.2,0.4,0,0,0.0,0.0,0,
27.8.2026,17:30:47.323,8706,10548,45.2,6006,10303,36.8,2.4,2944,70,1.238,1.238,1.238,1.238,1.238,1.238,1.238,3875.0,3720.0,3720.0,4650.0,3720.0,3720.0,3720.0,100.0,518.6,87.5,31.3,57.5,61.5,4649.5,5.2,200.0,544.7,260.2,246.0,50.9,28.4,518.6,17.3,0.0,15.0,15.6,0.0,100.0,1.4,6.6,15.8,5.2,7.8,19.7,21.1,100.0,17.3,13.9,1.6,0.8,1.5,1.6,125.7,0.1,5.4,14.7,6.9,6.6,1.3,0.7,13.9,38.8,37.2,37.2,46.5,37.2,37.2,37.2,0.0,23.0,2.5,3.1,100.0,17.6,13.0,2.0,34.7,18.0,29.1,0.0,63.5,87.0,10.9,42.2,79.6,67.8,0.0,18.9,0.0,87.1,1600.0,16.00,16,18,18,36,74,560,1,47.0,47.1,46.2,35.6,33.9,31.7,47.1,34.7,34.7,31.5,33.0,33.0,31.2,26.6,1.237,0.994,1.244,13.295,5.978,13.287,16.536,38.661,1.674,0.405,0.553,5.336,1.805,1.657,0.288,16.519,5.941,22.460,38.699,1600.0,1600.0,4650.0,4650.0,4650.0,50.9,22.1,18.4,49.5,163.8,No,No,No,0.204,0.194,1.4,46.0,37.0,36.5,33.5,32.5,34.5,36.5,12.096,4.960,1.004,1.348,1.240,0.844,0.868,1.552,3.320,1.836,1200,762,550,546,1.056,1.256,34,34,41,79.0,100.0,No,No,80704,102356,0.2,0.0,0.3,0.064,0.024,45602,11169,58.5,58.0,68.4,58,58,58,58,58,58,58,58,58,83.0,0.812,12.080,12.166,12.068,12.054,12.032,0,0,176.633,73.170,152.018,24.721,83.545,72.386,14.330,152.018,28.677,26.904,103.933,290.000,320.000,1380.0,1156.5,1230.0,1380.0,1335.0,1185.0,1380.0,1155.6,1334.3,100.0,12.0,0.0,0.0,20.4,25.0,100.0,0.0,0.0,0.0,68,68,Yes,No,No,No,No,Yes,No,62.3,61.4,4,0,0,0,0,0,0,0,0,128,0,0,0,0,0,0,0,0,0,0,0,0,0,0,0,0,0,0,0,0,6517,1675,1506,115,16.0,4.1,5.0,3.7,3.7,3.7,3.7,4.1,5.0,3.7,3.7,3.7,3.7,244.62,266.99,201.67,200.47,267.00,267.00,0.74,243.88,244.62,0.00,66.52,201,6,0.4,0.1,0,0,0.0,0.0,0,
27.8.2026,17:30:47.835,8708,10545,45.2,6008,10301,36.8,2.4,2944,70,1.238,1.238,1.238,1.238,1.238,1.238,1.238,3875.0,3720.0,3720.0,4650.0,3720.0,3720.0,3720.0,100.0,527.4,115.5,61.3,65.8,55.6,4649.1,7.4,21.5,669.4,219.0,375.3,53.1,36.1,527.4,12.5,1.3,0.0,0.0,14.7,100.0,0.1,0.5,18.0,5.7,10.0,0.0,0.0,100.0,12.5,14.1,1.3,1.6,1.7,1.4,125.6,0.2,0.6,18.1,5.8,10.1,1.4,0.9,14.1,38.8,37.2,37.2,46.5,37.2,37.2,37.2,0.0,23.7,2.9,3.2,100.0,18.1,15.5,2.2,31.8,9.9,22.4,0.0,61.1,84.5,12.9,44.5,87.2,74.4,0.0,20.7,0.0,84.9,1600.0,16.00,16,18,18,36,74,560,1,47.1,47.0,47.0,35.6,33.7,31.7,47.0,34.6,35.2,31.5,33.0,33.0,30.5,25.9,1.237,0.994,1.244,13.196,5.945,13.210,16.556,38.578,1.673,0.322,0.485,5.326,1.759,1.824,0.324,16.380,5.908,22.288,38.550,1600.0,1600.0,4650.0,4650.0,4650.0,50.7,22.0,18.4,49.5,162.6,No,No,No,0.183,0.165,1.4,47.0,37.0,36.5,33.5,32.5,34.5,36.5,12.096,4.960,1.002,1.348,1.238,0.844,0.868,1.552,3.320,1.834,1238,747,552,558,1.056,1.256,34,34,41,79.0,100.0,No,No,80704,102356,0.0,0.0,0.0,0.000,0.000,45602,11169,58.8,58.0,68.7,58,58,58,58,58,58,58,58,58,83.0,0.812,12.075,12.145,12.069,12.054,12.032,675,595,176.724,75.092,157.830,30.131,83.780,72.675,14.390,157.830,28.793,26.531,103.864,290.000,320.000,1380.0,1156.5,1230.0,1380.0,1335.0,1185.0,1380.1,1155.4,1334.8,100.0,12.0,0.0,0.0,20.4,23.0,92.1,0.0,0.0,0.0,68,68,Yes,No,No,No,No,Yes,No,64.4,63.1,4,0,0,0,0,0,0,0,0,128,0,0,0,0,0,0,0,0,0,0,0,0,0,0,0,0,0,0,0,0,6517,1675,1506,115,16.0,3.7,3.8,3.7,3.7,3.7,3.7,3.8,3.8,3.7,3.7,3.7,3.7,266.72,267.00,266.40,266.39,267.00,267.00,0.64,266.06,266.72,0.00,0.25,201,6,0.0,0.0,0,0,0.0,0.0,0,
27.8.2026,17:30:48.337,8704,10549,45.2,6005,10304,36.8,2.4,2944,70,1.238,1.238,1.238,1.238,1.238,1.238,1.238,3875.0,3720.0,3720.0,4650.0,3720.0,3720.0,3720.0,100.0,536.0,88.7,37.4,68.4,66.1,4649.1,6.6,89.7,662.1,393.9,300.4,24.3,45.2,536.0,12.6,1.2,3.8,4.6,0.0,100.0,0.0,2.2,17.7,10.3,7.9,0.0,4.0,100.0,12.6,14.3,1.4,1.0,1.8,1.7,125.6,0.2,2.4,17.9,10.5,8.0,0.6,1.2,14.3,38.8,37.2,37.2,46.5,37.2,37.2,37.2,0.0,23.5,2.3,3.6,100.0,17.9,15.3,1.8,33.2,10.6,27.6,0.0,62.7,84.7,13.5,43.3,87.1,68.8,0.0,19.3,0.0,84.6,1600.0,16.00,16,18,18,36,74,560,1,47.1,47.0,47.0,35.6,33.6,31.7,47.0,34.4,35.2,31.4,33.0,33.0,31.8,26.5,1.237,0.994,1.244,13.386,5.966,13.383,16.603,38.733,1.684,0.308,0.540,5.353,1.733,1.861,0.308,16.624,5.929,22.553,38.801,1600.0,1600.0,4650.0,4650.0,4650.0,51.1,22.3,18.4,49.5,164.1,No,No,No,0.229,0.195,1.4,47.0,37.5,36.5,33.5,32.5,34.5,36.5,12.096,4.960,1.004,1.348,1.238,0.842,0.868,1.552,3.316,1.836,1252,747,552,558,1.056,1.245,34,34,41,79.0,100.0,No,No,80704,102356,0.0,0.0,0.0,0.000,0.000,45602,11169,58.9,58.0,68.9,58,58,58,58,58,58,58,58,58,83.0,0.812,12.079,12.165,12.067,12.054,12.031,1253,1188,182.291,73.484,153.130,25.266,83.852,72.664,14.341,153.130,28.691,26.332,103.947,290.000,320.000,1380.0,1156.5,1230.0,1380.0,1335.0,1185.0,1380.1,1154.7,1335.2,100.0,12.0,0.0,0.0,20.4,25.0,100.0,0.0,0.0,0.0,68,68,Yes,No,No,No,No,Yes,No,63.1,63.3,4,0,0,0,0,0,0,0,0,128,0,0,0,0,0,0,0,0,0,0,0,0,0,0,0,0,0,0,0,0,6517,1675,1506,115,16.0,3.8,5.0,3.2,3.2,3.2,3.2,3.8,5.0,3.2,3.2,3.2,3.2,261.21,316.18,201.01,199.80,317.19,317.19,0.66,260.55,261.21,0.00,61.35,201,6,1.0,0.2,0,0,0.0,0.0,0,
27.8.2026,17:30:48.839,8702,10552,45.1,6003,10306,36.8,2.4,2944,70,1.248,1.238,1.250,1.250,1.250,1.250,1.250,3875.0,3720.0,3720.0,4650.0,3720.0,3720.0,3720.0,100.0,552.1,69.5,23.8,221.7,156.0,4337.3,27.1,10.7,478.0,735.7,425.2,83.6,56.4,552.1,15.0,2.4,1.9,7.1,8.1,93.5,1.9,4.4,16.4,20.2,12.4,9.0,2.7,93.5,15.0,14.8,1.1,0.6,5.9,4.1,117.2,0.7,0.3,12.8,19.8,11.4,2.2,1.5,14.8,38.8,37.2,37.2,46.5,37.2,37.2,37.2,0.0,24.4,1.8,7.7,93.9,12.8,26.7,3.6,33.9,17.0,48.8,6.1,40.1,73.3,18.0,41.7,81.1,43.5,0.0,47.1,0.0,78.4,1600.0,16.00,16,18,18,36,74,560,1,47.1,46.3,48.0,35.6,33.5,32.7,46.1,33.2,36.4,31.4,32.9,32.9,32.2,27.5,1.250,0.994,1.262,13.512,5.984,13.443,17.263,38.391,1.737,0.350,1.061,5.072,1.220,2.266,0.451,16.702,5.946,22.648,38.822,1600.0,1600.0,4630.6,4630.6,4650.0,51.1,22.4,19.2,48.8,159.7,No,No,No,0.267,0.291,1.5,47.0,37.0,36.5,33.5,32.5,35.0,36.5,12.168,4.960,1.002,1.348,1.228,0.840,0.866,1.552,3.316,1.834,1252,762,551,546,1.056,1.245,34,34,41,79.0,100.0,No,No,80704,102356,0.0,0.1,0.1,0.000,0.152,45602,11169,58.8,58.0,68.7,58,58,58,58,58,58,58,58,58,83.0,0.812,12.080,12.166,12.068,12.055,12.032,1032,968,183.324,74.037,153.673,25.536,84.101,72.752,14.366,153.673,28.752,26.519,106.956,290.000,320.000,1380.0,1156.5,1230.0,1380.0,1335.0,1185.0,1380.8,1155.4,1335.1,100.0,12.0,0.0,0.0,20.4,24.1,96.5,0.0,0.0,0.0,68,68,Yes,No,No,No,No,Yes,No,62.9,61.8,4,0,0,0,0,0,0,0,0,128,0,0,0,0,0,0,0,0,0,0,0,0,0,0,0,0,0,0,0,0,6517,1675,1506,115,16.0,3.5,4.6,3.0,3.0,3.0,3.0,3.5,4.6,3.0,3.0,3.0,3.0,289.11,333.62,218.20,216.38,333.95,333.95,0.75,288.39,289.11,0.00,111.57,201,6,1.2,0.4,0,0,0.0,0.0,0,
27.8.2026,17:30:49.327,8727,10527,45.3,6020,10290,36.9,2.4,2944,70,1.248,1.238,1.250,1.250,1.250,1.250,1.250,3875.0,3720.0,3720.0,4650.0,3720.0,3720.0,3720.0,100.0,532.4,87.2,37.7,142.0,44.7,4649.5,5.4,48.6,828.9,216.1,178.7,22.1,127.4,532.4,12.4,0.0,2.7,5.4,2.8,100.0,1.8,0.0,21.3,3.6,3.5,2.3,5.0,100.0,12.4,14.2,1.3,1.0,3.8,1.1,125.7,0.1,1.3,22.4,4.9,4.8,0.6,3.3,14.2,38.8,37.2,37.2,46.5,37.2,37.2,37.2,0.0,23.9,2.3,4.5,100.0,23.7,9.2,3.8,34.7,9.1,12.7,0.0,75.5,90.7,20.3,41.4,88.6,82.8,0.0,0.8,0.1,75.8,1600.0,16.00,16,18,18,36,74,560,1,47.1,47.0,48.0,35.8,33.7,31.8,47.0,36.0,34.3,32.0,33.0,33.0,31.8,27.0,1.256,0.994,1.262,13.482,5.958,13.488,16.825,38.962,1.727,0.278,0.473,5.339,2.219,1.571,0.480,16.736,5.921,22.657,38.904,1600.0,1600.0,4650.0,4650.0,4650.0,51.2,22.5,18.7,49.5,161.8,No,No,No,0.181,0.127,1.4,47.0,37.0,36.5,33.5,32.5,35.0,36.5,12.096,4.960,1.004,1.348,1.240,0.840,0.868,1.554,3.320,1.834,1226,762,551,546,1.056,1.241,34,34,42,79.0,100.0,No,No,80704,102356,0.0,0.0,0.0,0.000,0.128,45602,11170,59.0,58.0,68.8,58,58,58,58,58,58,58,58,58,83.0,0.812,12.079,12.165,12.067,12.054,12.032,961,904,177.920,73.864,153.322,25.509,83.915,72.614,14.366,153.322,28.744,25.940,107.042,290.000,320.000,1380.0,1156.5,1230.0,1380.0,1335.0,1185.0,1380.8,1155.1,1334.8,100.0,12.0,0.0,0.0,20.4,25.0,99.8,0.0,0.0,0.0,69,69,Yes,No,No,No,No,Yes,No,62.8,62.2,4,0,0,0,0,0,0,0,0,128,0,0,0,0,0,0,0,0,0,0,0,0,0,0,0,0,0,0,0,0,6517,1675,1506,115,16.0,3.5,6.5,2.7,2.7,2.7,2.7,3.5,6.5,2.7,2.7,2.7,2.7,283.56,366.78,152.95,149.63,367.45,367.45,0.80,282.78,283.56,0.00,172.84,201,6,4.9,0.0,0,0,0.0,0.0,0,
27.8.2026,17:30:49.832,8703,10550,45.2,6003,10306,36.8,2.4,2944,70,1.234,1.238,1.238,1.238,1.231,1.231,1.231,3875.0,3720.0,3720.0,4650.0,3720.0,3720.0,3720.0,100.0,505.4,27.3,4.5,113.4,25.1,4645.6,21.8,37.7,864.0,54.7,223.2,8.2,39.3,505.4,11.1,2.1,0.0,1.5,0.0,99.9,0.0,2.5,19.5,3.7,4.4,0.0,0.0,99.9,11.1,13.7,0.6,0.1,3.0,0.6,125.6,0.6,1.0,23.3,2.1,5.9,0.2,1.1,13.7,38.8,37.2,37.2,46.5,37.2,37.2,37.2,0.0,22.8,0.8,3.6,99.9,23.3,8.0,1.3,33.9,7.9,20.6,0.1,76.7,91.2,6.6,43.3,91.3,75.8,0.0,0.0,0.8,92.1,1600.0,16.00,16,18,18,36,74,560,1,47.1,46.9,47.2,35.7,33.5,31.9,46.9,35.7,34.2,31.6,33.1,33.1,31.0,27.1,1.237,0.994,1.244,12.917,5.955,12.961,15.595,38.517,1.623,0.189,0.459,5.302,2.188,1.425,0.176,16.019,5.918,21.937,38.236,1600.0,1600.0,4650.0,4650.0,4650.0,50.3,21.6,17.3,49.4,163.0,No,No,No,0.175,0.113,1.4,47.0,37.0,36.5,33.5,32.5,35.0,36.5,12.096,4.970,1.004,1.348,1.238,0.840,0.868,1.552,3.320,1.836,1226,761,552,558,1.056,1.241,34,34,42,79.0,100.0,No,No,80704,102356,0.0,0.0,0.0,0.000,0.000,45602,11170,59.1,58.0,69.1,58,58,58,58,58,58,58,58,60,83.0,0.812,12.079,12.163,12.068,12.054,12.031,970,933,177.147,73.931,153.492,25.663,83.809,72.602,14.305,153.492,28.617,26.499,106.900,290.000,320.000,1380.0,1156.5,1230.0,1380.0,1335.0,1185.0,1380.7,1155.4,1335.4,100.0,12.0,0.0,0.0,20.4,23.7,94.8,0.0,0.0,0.0,69,69,Yes,No,No,No,No,Yes,No,62.7,62.0,4,0,0,0,0,0,0,0,0,128,0,0,0,0,0,0,0,0,0,0,0,0,0,0,0,0,0,0,0,0,6517,1675,1506,115,16.0,3.3,7.3,2.5,2.5,2.5,2.5,3.3,7.2,2.5,2.5,2.5,2.5,299.95,399.17,137.28,133.05,399.81,399.81,0.88,299.18,299.95,0.00,239.70,201,6,6.2,0.5,0,0,0.0,0.0,0,
27.8.2026,17:30:50.326,8706,10548,45.2,6017,10292,36.8,2.4,2944,70,1.238,1.238,1.238,1.238,1.238,1.238,1.238,3875.0,3720.0,3720.0,4650.0,3720.0,3720.0,3720.0,100.0,534.0,77.1,42.9,78.4,63.8,14.8,4649.4,42.0,815.0,305.2,232.5,44.7,42.0,534.0,12.7,1.0,0.0,0.0,0.0,0.0,99.9,0.0,21.9,8.1,6.3,14.6,0.0,99.9,12.7,14.3,1.0,1.1,2.1,1.6,0.4,125.6,1.1,22.0,8.1,6.2,1.2,1.1,14.3,38.8,37.2,37.2,46.5,37.2,37.2,37.2,0.0,24.1,2.2,3.8,100.0,22.4,13.9,2.2,33.7,8.7,23.6,0.0,73.2,85.3,11.1,42.3,89.1,72.6,0.0,4.5,0.8,86.7,1600.0,16.00,16,18,18,36,74,560,1,47.2,47.1,47.0,35.8,33.7,31.9,47.1,35.5,35.0,31.7,33.1,33.1,32.0,26.8,1.256,0.994,1.262,13.356,5.979,13.371,16.810,38.840,1.717,0.295,0.528,5.324,2.109,1.735,0.311,16.579,5.941,22.520,38.787,1600.0,1600.0,4650.0,4650.0,4650.0,51.0,22.3,18.7,49.6,160.5,No,No,No,0.200,0.222,1.4,47.0,37.5,36.5,33.5,32.5,35.0,36.5,12.096,4.970,1.004,1.348,1.240,0.838,0.868,1.550,3.320,1.836,1229,746,552,558,1.056,1.238,34,34,41,79.0,100.0,No,No,80704,102356,0.0,0.0,0.0,0.000,0.000,45602,11170,59.1,60.0,69.1,58,58,58,58,58,58,58,58,60,83.0,0.812,12.078,12.161,12.067,12.053,12.031,1016,988,181.791,73.446,152.984,25.611,83.590,72.440,14.341,152.984,28.699,26.310,104.059,290.000,320.000,1380.0,1156.5,1230.0,1380.0,1335.0,1185.0,1380.1,1155.7,1335.1,100.0,12.0,0.0,0.0,20.4,25.0,100.0,0.0,0.0,0.0,69,69,Yes,No,No,No,No,Yes,No,62.6,63.4,4,0,0,0,0,0,0,0,0,128,0,0,0,0,0,0,0,0,0,0,0,0,0,0,0,0,0,0,0,0,6517,1675,1506,115,16.0,3.2,11.1,2.1,2.1,2.1,2.1,3.2,11.2,2.1,2.1,2.1,2.1,316.60,465.18,89.82,84.12,466.51,466.51,0.83,315.73,316.60,0.00,322.47,201,6,9.2,0.0,0,0,0.0,0.0,0,
27.8.2026,17:30:50.838,8706,10548,45.2,6006,10303,36.8,2.4,2944,70,1.238,1.238,1.238,1.238,1.238,1.238,1.238,3875.0,3720.0,3720.0,4650.0,3720.0,3720.0,3720.0,100.0,524.6,66.6,33.1,129.5,56.5,25.3,4274.2,243.1,483.8,499.0,387.3,56.2,40.7,524.6,15.0,0.2,13.7,13.5,11.8,0.0,91.9,0.0,12.4,12.1,12.4,0.0,11.4,91.9,15.0,14.0,0.9,0.9,3.4,1.4,0.7,115.5,6.5,13.0,13.3,10.4,1.5,1.0,14.0,38.8,37.2,37.2,46.5,37.2,37.2,37.2,0.0,23.0,1.8,4.8,92.5,13.3,22.8,2.6,33.6,15.4,29.3,7.5,57.2,77.2,15.1,43.4,82.7,65.9,0.0,29.5,0.0,82.3,1600.0,16.00,16,18,18,36,74,560,1,47.2,46.3,46.8,35.6,33.7,31.9,46.1,34.0,35.9,31.6,33.1,33.1,31.8,27.1,1.237,0.994,1.244,13.171,5.969,13.177,15.907,38.482,1.662,0.330,0.649,5.013,1.526,2.079,0.373,16.258,5.932,22.190,38.459,1600.0,1600.0,4609.3,4609.3,4650.0,50.6,22.0,17.7,48.8,162.5,No,No,No,0.259,0.267,1.4,47.0,37.0,36.5,33.5,32.5,35.0,36.5,12.096,4.970,1.004,1.348,1.214,0.838,0.866,1.552,3.320,1.836,1229,746,551,545,1.056,1.238,34,34,41,79.0,100.0,No,No,80704,102356,0.0,0.0,0.0,0.000,0.000,45602,11170,58.9,60.0,68.8,58,58,58,60,58,58,58,58,60,83.0,0.812,12.080,12.165,12.068,12.055,12.032,1063,1046,181.991,74.099,153.940,25.886,84.067,72.761,14.402,153.940,28.812,26.254,106.824,290.000,320.000,1380.0,1156.5,1230.0,1380.0,1335.0,1185.0,1379.8,1155.3,1335.0,100.0,12.0,0.0,0.0,20.4,22.8,91.2,0.0,0.0,0.0,69,69,Yes,No,No,No,No,Yes,No,63.0,63.4,4,0,0,0,0,0,0,0,0,128,0,0,0,0,0,0,0,0,0,0,0,0,0,0,0,0,0,0,0,0,6517,1675,1506,115,16.0,3.1,17.2,2.1,2.1,2.1,2.1,3.1,17.2,2.1,2.1,2.1,2.1,322.42,466.19,58.12,50.91,466.51,466.51,0.91,321.42,322.42,0.00,399.86,201,6,0.3,0.4,0,0,0.0,0.0,0,
27.8.2026,17:30:51.352,8706,10547,45.2,6018,10291,36.9,2.4,2944,70,1.238,1.238,1.238,1.238,1.238,1.238,1.238,3875.0,3720.0,3720.0,4650.0,3720.0,3720.0,3720.0,100.0,522.1,67.7,16.2,92.3,65.7,7.2,4649.0,17.1,741.9,264.1,254.8,33.0,56.7,522.1,13.9,2.6,0.0,3.7,0.0,1.4,100.0,14.6,23.3,8.1,5.1,7.7,0.0,100.0,13.9,14.0,1.3,0.4,2.4,1.7,0.2,125.6,0.4,20.0,7.0,6.8,0.9,1.5,14.0,38.8,37.2,37.2,46.5,37.2,37.2,37.2,0.0,23.6,1.7,4.2,100.0,20.1,13.5,2.3,31.2,6.9,25.0,0.0,60.5,86.5,8.1,45.2,91.3,70.8,0.0,19.4,0.0,89.6,1600.0,16.00,16,18,18,36,74,560,1,47.2,47.1,47.0,35.7,33.7,31.9,47.1,34.9,34.8,31.7,33.1,33.1,31.8,26.1,1.237,0.994,1.244,13.145,5.949,13.146,16.355,38.511,1.657,0.241,0.561,5.324,1.872,1.673,0.274,16.311,5.912,22.223,38.474,1600.0,1600.0,4650.0,4650.0,4650.0,50.6,21.9,18.2,49.6,163.5,No,No,No,0.199,0.217,1.4,47.0,37.5,36.5,33.5,32.5,35.0,36.5,12.096,4.970,1.004,1.348,1.238,0.838,0.866,1.552,3.324,1.836,1230,1528,552,545,1.056,1.277,34,34,41,79.0,100.0,No,No,80704,102356,0.0,0.0,0.0,0.000,0.000,45602,11170,59.2,60.0,69.2,58,58,58,58,58,58,58,58,60,83.0,0.812,12.081,12.166,12.069,12.056,12.033,1097,1086,176.703,74.119,153.942,25.951,83.941,72.736,14.368,153.942,28.732,26.438,107.022,290.000,320.000,1380.0,1156.5,1230.0,1380.0,1335.0,1185.0,1380.0,1155.0,1335.1,100.0,12.0,0.0,0.0,20.4,25.0,100.0,0.0,0.0,0.0,69,69,Yes,No,No,No,No,Yes,No,63.0,63.4,4,0,0,0,0,0,0,0,0,128,0,0,0,0,0,0,0,0,0,0,0,0,0,0,0,0,0,0,0,0,6517,1675,1506,115,16.0,3.1,17.4,2.1,2.1,2.1,2.1,3.1,17.2,2.1,2.1,2.1,2.1,327.84,482.76,57.49,50.27,483.41,483.41,1.07,326.70,327.84,0.00,411.47,201,6,1.7,0.0,0,0,0.0,0.0,0,
27.8.2026,17:30:51.849,8704,10549,45.2,6004,10306,36.8,2.4,2944,70,1.232,1.238,1.231,1.231,1.231,1.231,1.231,3875.0,3720.0,3720.0,4650.0,3720.0,3720.0,3720.0,100.0,522.9,40.5,15.9,44.1,51.9,5.7,4649.0,10.6,495.9,454.1,418.5,40.9,47.2,522.9,13.3,0.0,0.0,2.3,0.0,1.3,100.0,4.3,14.2,10.4,12.2,15.1,0.0,100.0,13.3,14.1,1.0,0.4,1.1,1.3,0.1,125.6,0.3,13.3,12.1,11.3,1.1,1.2,14.1,38.8,37.2,37.2,46.5,37.2,37.2,37.2,0.0,23.1,1.2,2.4,100.0,13.2,19.4,2.4,29.0,10.5,22.2,0.0,51.3,80.6,9.1,48.0,88.3,75.4,0.0,35.5,0.0,88.6,1600.0,16.00,16,18,18,36,74,560,1,47.2,47.3,47.2,35.6,33.7,31.6,47.3,33.7,36.0,31.4,33.1,33.1,32.0,27.2,1.231,0.994,1.244,12.882,5.959,12.845,15.929,38.084,1.616,0.246,0.435,5.345,1.354,2.035,0.282,15.988,5.922,21.911,38.108,1600.0,1600.0,4650.0,4650.0,4650.0,50.1,21.4,17.7,49.8,164.5,No,No,No,0.183,0.139,1.4,47.0,37.5,36.5,33.5,32.5,35.0,36.5,12.096,4.960,1.004,1.348,1.238,0.838,0.866,1.552,3.316,1.836,1230,1528,552,558,1.056,1.277,34,34,41,79.0,100.0,No,No,80704,102356,0.0,0.0,0.0,0.000,0.000,45602,11170,59.2,60.0,69.2,59,60,58,60,58,60,58,58,60,83.0,0.812,12.083,12.169,12.071,12.058,12.035,1121,1111,176.699,74.329,154.377,25.993,84.252,73.036,14.466,154.377,28.944,26.471,107.042,290.000,320.000,1380.0,1156.5,1230.0,1380.0,1335.0,1185.0,1380.5,1155.4,1335.0,100.0,13.0,0.0,0.0,20.4,25.0,100.0,0.0,0.0,0.0,69,69,Yes,No,No,No,No,Yes,No,63.2,63.2,4,0,0,0,0,0,0,0,0,128,0,0,0,0,0,0,0,0,0,0,0,0,0,0,0,0,0,0,0,0,6517,1675,1506,115,16.0,3.0,23.7,2.0,2.0,2.0,2.0,3.0,23.6,2.0,2.0,2.0,2.0,338.91,499.78,42.22,34.12,500.11,500.11,0.95,337.94,338.91,0.00,450.25,201,6,0.0,0.0,0,0,0.0,0.0,0,
27.8.2026,17:30:52.373,8643,10610,44.8,6007,10302,36.8,2.4,2944,70,1.220,1.206,1.219,1.219,1.225,1.225,1.225,3858.3,3620.0,3720.0,4650.0,3720.0,3720.0,3720.0,100.0,546.4,93.1,40.7,61.9,94.5,29.6,4342.4,303.6,788.7,469.8,164.2,43.4,124.3,546.4,15.4,2.4,33.0,0.0,6.7,2.1,93.3,3.9,19.9,10.8,2.9,0.0,10.3,93.3,15.4,14.7,1.0,1.1,1.6,2.4,0.8,117.0,8.4,22.1,12.9,4.5,1.2,3.4,14.7,38.6,36.2,37.2,46.5,37.2,37.2,37.2,0.0,24.1,2.3,4.1,93.7,23.6,16.2,4.6,37.3,16.8,28.4,6.3,63.3,83.6,25.4,38.6,80.9,67.5,0.0,13.0,0.2,69.9,1600.0,16.00,16,18,18,36,74,560,1,47.4,47.2,43.8,36.0,33.9,32.0,46.5,36.1,35.2,32.3,33.2,33.2,31.8,26.7,1.231,0.994,1.238,13.780,5.980,13.793,17.615,39.130,1.780,0.378,0.612,5.093,2.217,1.815,0.566,17.095,5.943,23.038,39.319,1600.0,1600.0,4643.6,4643.6,4650.0,51.7,23.0,19.6,49.7,158.3,No,No,No,0.358,0.353,1.4,47.0,37.5,36.5,33.5,32.5,35.0,36.5,12.096,4.960,1.004,1.348,1.244,0.836,0.866,1.552,3.324,1.836,1230,746,551,546,1.056,1.252,34,34,41,79.0,100.0,No,No,80704,102356,0.0,0.0,0.0,0.000,0.023,45602,11170,54.7,58.0,64.8,58,58,58,58,58,58,58,58,58,83.0,0.812,12.157,12.255,12.139,12.118,12.115,1138,1134,182.227,22.429,41.646,2.868,33.516,31.082,12.926,41.646,25.853,2.443,9.880,290.000,320.000,1380.0,1156.5,1230.0,1380.0,1335.0,1185.0,1379.8,1155.3,1335.0,87.0,10.0,0.0,0.0,17.3,25.0,100.0,0.0,0.0,0.0,69,69,Yes,No,No,No,No,Yes,No,23.3,23.2,4,0,0,0,0,0,0,0,0,128,0,0,0,0,0,0,0,0,0,0,0,0,0,0,0,0,0,0,0,0,6773,1419,1250,115,16.0,3.0,38.5,2.0,2.0,2.0,2.0,3.0,38.0,2.0,2.0,2.0,2.0,338.91,500.32,25.96,17.25,500.33,500.33,0.91,338.05,338.91,0.00,477.98,201,6,3.4,0.0,0,0,0.0,0.0,0,
27.8.2026,17:30:52.855,6345,12908,32.9,5286,11024,32.4,2.4,2944,70,0.967,0.956,0.969,0.969,0.969,0.969,0.969,3675.0,3675.0,3675.0,3675.0,3675.0,3675.0,3675.0,100.0,433.0,272.6,126.7,672.7,570.3,223.8,1826.8,9.2,589.4,215.5,572.9,83.6,32.6,433.0,8.9,2.7,0.0,14.9,14.9,6.7,40.7,0.0,10.5,6.8,9.7,0.0,0.0,40.7,8.9,11.4,3.9,3.4,18.1,15.3,6.0,51.8,0.2,15.4,5.5,14.9,2.1,0.8,11.4,36.8,36.8,36.8,36.8,36.8,36.8,36.8,0.0,18.0,7.0,18.7,46.5,14.5,18.4,2.9,54.1,52.7,48.4,53.5,71.3,80.8,17.8,27.9,40.3,33.0,0.0,14.3,0.8,79.2,1600.0,16.00,16,18,18,36,74,560,1,47.2,41.4,36.5,34.7,33.9,34.4,38.9,34.4,34.9,31.9,33.0,33.0,31.2,27.2,1.175,0.994,1.181,12.625,6.145,12.670,12.670,37.897,1.509,0.842,1.506,3.103,1.514,1.684,0.407,14.972,6.107,21.079,37.565,1600.0,1600.0,4310.8,4310.8,4650.0,49.4,21.1,14.1,43.6,165.4,No,No,No,1.005,1.793,1.1,47.0,37.0,36.5,33.5,32.5,35.5,36.5,12.168,4.980,1.004,1.348,1.216,0.834,0.866,1.558,3.344,1.834,1230,746,551,546,1.056,1.252,34,34,41,79.0,100.0,No,No,80704,102356,0.0,0.0,0.0,0.000,0.059,45602,11170,52.1,58.0,62.2,58,58,58,56,58,58,58,56,58,83.0,0.819,12.160,12.257,12.143,12.123,12.118,1148,1151,169.541,22.260,41.320,2.660,33.612,31.143,13.063,41.320,26.135,2.170,8.915,290.000,320.000,1380.0,1187.7,1230.0,1380.0,1335.0,1185.0,1380.5,1186.8,1334.9,0.0,0.0,0.0,0.0,9.0,0.0,0.0,0.0,0.0,0.0,69,69,Yes,No,No,No,No,Yes,No,23.3,23.9,4,0,0,0,0,0,0,0,0,128,0,0,0,0,0,0,0,0,0,0,0,0,0,0,0,0,0,0,0,0,7458,734,565,41,16.0,2.9,38.0,2.0,2.0,2.0,2.0,3.0,37.9,2.0,2.0,2.0,2.0,339.00,500.32,26.29,17.59,500.33,500.33,0.75,338.18,339.00,0.00,483.56,201,6,0.0,0.0,0,0,0.0,0.0,0,
27.8.2026,17:30:53.366,6344,12909,32.9,5288,11022,32.4,2.4,2944,70,0.916,0.950,0.906,0.906,0.912,0.906,0.912,3675.0,3675.0,3675.0,3675.0,3675.0,3675.0,3675.0,100.0,169.3,99.8,25.9,127.0,61.4,132.9,162.1,26.1,867.4,285.9,138.2,58.0,47.5,169.3,6.8,0.9,0.0,2.1,0.6,2.2,2.9,2.8,21.1,5.7,8.1,6.3,29.1,29.1,6.8,4.5,1.9,0.7,3.4,1.6,3.5,4.2,0.7,23.4,7.6,3.7,1.5,1.2,4.5,36.8,36.8,36.8,36.8,36.8,36.8,36.8,1.0,7.5,2.5,4.3,6.7,19.5,9.6,2.6,38.5,11.8,22.9,79.8,61.2,50.1,5.3,54.0,85.7,72.8,13.5,19.3,40.4,92.1,1600.0,16.00,16,18,18,36,74,560,1,46.6,35.7,34.5,32.2,31.3,31.6,32.2,34.8,31.9,31.4,31.9,31.9,31.8,26.2,1.150,0.994,1.156,7.331,5.998,7.376,7.376,30.394,0.666,0.248,0.397,0.867,1.531,0.727,0.227,8.012,5.961,13.973,30.250,1600.0,1600.0,3932.1,3932.1,4650.0,39.8,12.3,8.2,37.6,198.4,No,No,No,0.226,0.255,0.5,47.0,37.5,36.5,33.5,32.5,35.5,36.5,12.168,4.990,1.004,1.348,1.098,0.836,0.866,1.558,3.344,1.836,1267,748,554,559,1.056,1.260,34,34,42,79.0,100.0,No,No,80704,102356,0.0,0.0,0.0,0.000,0.000,45602,11170,51.3,58.0,61.2,57,58,56,56,56,58,56,56,58,83.0,0.819,12.160,12.257,12.143,12.123,12.118,1150,1154,117.346,22.200,41.159,2.648,33.563,31.095,13.075,41.159,26.164,2.167,8.768,290.000,320.000,1410.0,1187.7,1230.0,1380.0,1335.0,1185.0,1410.4,1186.7,1334.9,1.0,0.0,0.0,0.0,9.0,0.0,0.1,0.0,0.0,0.0,69,69,Yes,No,No,No,No,Yes,No,23.2,23.3,4,0,0,0,0,0,0,0,0,128,0,0,0,0,0,0,0,0,0,0,0,0,0,0,0,0,0,0,0,0,7458,734,565,41,16.0,5.1,32.3,2.0,2.0,2.0,2.0,5.1,30.0,2.0,2.0,2.0,2.0,196.68,492.82,30.93,30.84,500.06,500.06,0.43,196.20,196.68,0.00,317.72,201,6,0.8,0.0,0,0,0.0,0.0,0,
27.8.2026,17:30:53.862,6344,12910,32.9,5287,11023,32.4,2.4,2944,70,1.155,1.175,1.156,1.150,1.150,1.150,1.150,3629.2,3675.0,3620.0,3620.0,3620.0,3620.0,3620.0,100.0,127.0,206.9,1.0,9.3,23.6,52.6,279.3,3.4,222.5,316.5,386.3,5.9,17.2,127.0,5.3,2.0,0.0,4.2,1.6,2.3,7.3,1.1,5.9,8.1,9.6,20.5,1.4,20.5,5.3,3.0,1.0,0.0,0.2,0.6,1.3,7.4,0.1,6.0,8.5,10.4,0.1,0.4,3.0,36.3,36.8,36.2,36.2,36.2,36.2,36.2,14.7,4.5,0.9,0.8,7.4,5.1,12.3,0.6,20.6,1.5,4.6,45.5,16.0,55.6,0.6,75.0,97.9,94.6,47.2,79.0,32.2,98.9,1600.0,16.00,16,18,18,36,74,560,1,46.0,34.5,36.2,31.2,30.6,30.6,31.5,31.6,32.7,30.3,31.4,31.4,31.8,27.2,1.156,0.994,1.163,5.096,5.754,5.060,5.060,26.577,0.429,0.268,0.112,0.684,0.468,1.007,0.038,5.443,5.721,11.165,26.645,1600.0,1600.0,3526.1,3526.1,4650.0,35.1,8.4,5.6,36.4,208.2,No,No,No,0.181,0.037,0.3,46.0,37.5,36.5,33.5,32.5,35.5,36.5,12.168,4.990,1.002,1.348,1.032,0.834,0.866,1.558,3.344,1.834,1233,748,554,559,1.056,1.260,34,34,42,79.0,100.0,No,No,80704,102356,0.0,0.0,0.0,0.000,0.000,45602,11170,50.9,58.0,60.7,57,56,56,56,58,56,58,56,58,83.0,0.819,12.155,12.254,12.136,12.115,12.112,1153,1154,67.506,22.182,41.139,2.635,33.424,31.160,13.045,41.139,26.109,2.159,8.828,290.000,320.000,1410.0,1187.7,1230.0,1401.9,1335.0,1185.0,1410.2,1186.6,1335.1,0.0,0.0,0.0,0.0,9.0,0.0,0.0,0.0,0.0,0.0,69,69,Yes,No,No,No,No,Yes,No,23.2,23.2,4,0,0,0,0,0,0,0,0,128,0,0,0,0,0,0,0,0,0,0,0,0,0,0,0,0,0,0,0,0,7458,734,565,41,16.0,5.2,31.0,2.2,2.2,2.2,2.2,5.2,28.9,2.2,2.2,2.2,2.2,193.34,444.77,32.26,30.97,450.00,450.00,0.43,192.90,193.34,0.00,211.07,201,6,0.4,0.4,0,0,0.0,0.0,0,
27.8.2026,17:30:54.367,6344,12909,32.9,5286,11023,32.4,2.4,2944,70,0.949,0.912,0.906,0.969,0.969,0.969,0.969,3629.2,3675.0,3620.0,3620.0,3620.0,3620.0,3620.0,100.0,151.2,219.5,104.9,9.7,53.0,56.7,320.0,4.1,794.9,64.6,157.9,6.5,23.4,151.2,6.1,0.7,40.7,0.0,0.0,0.8,6.7,0.0,14.5,0.9,3.1,5.4,0.0,40.7,6.1,3.7,1.4,2.8,0.2,1.4,1.4,8.6,0.1,21.5,1.7,4.2,0.1,0.6,3.7,36.3,36.8,36.2,36.2,36.2,36.2,36.2,4.9,6.2,3.6,1.4,8.3,17.7,5.2,0.7,30.8,13.2,9.8,68.2,59.2,29.6,5.2,63.0,83.3,88.8,23.6,23.1,65.3,94.1,1600.0,16.00,16,18,18,36,74,560,1,45.5,35.4,35.8,31.7,31.1,30.9,32.1,34.3,31.0,30.8,31.6,31.6,31.8,27.2,1.156,0.994,1.163,6.517,5.899,6.546,6.546,28.849,0.583,0.310,0.176,0.935,1.488,0.505,0.086,7.107,5.864,12.971,28.985,1600.0,1600.0,3906.8,3906.8,4650.0,38.1,10.9,7.3,37.3,200.6,No,No,No,0.169,0.082,0.4,46.0,37.5,36.5,33.5,32.5,35.5,36.5,12.168,4.990,1.002,1.348,1.074,0.834,0.866,1.558,3.344,1.836,1233,764,553,547,1.056,1.254,34,34,42,79.0,100.0,No,No,80704,102356,0.0,0.0,0.0,0.000,0.008,45602,11170,49.9,56.0,59.1,56,56,56,56,56,56,56,56,56,83.0,0.781,12.166,12.258,12.149,12.123,12.133,1153,1154,67.415,17.059,31.365,2.353,25.828,23.058,9.949,31.365,19.898,1.927,7.791,290.000,320.000,1410.0,625.2,1230.0,1401.9,1335.0,1185.0,1410.1,624.6,1335.0,0.0,0.0,0.0,0.0,9.0,0.0,0.0,0.0,0.0,0.0,69,69,Yes,No,No,No,No,Yes,No,17.7,18.1,4,0,0,0,0,0,0,0,0,128,0,0,0,0,0,0,0,0,0,0,0,0,0,0,0,0,0,0,0,0,7458,734,565,41,16.0,3.7,11.4,2.2,2.2,2.2,2.2,3.7,11.5,2.2,2.2,2.2,2.2,266.97,446.34,87.61,84.31,450.00,450.00,0.49,266.45,266.97,0.00,375.04,201,6,0.1,0.0,0,0,0.0,0.0,0,
27.8.2026,17:30:54.875,6341,12912,32.9,5283,11027,32.3,2.4,2944,70,0.683,0.912,0.637,0.637,0.637,0.637,0.637,3675.0,3675.0,3675.0,3675.0,3675.0,3675.0,3675.0,100.0,114.6,59.8,1.0,7.5,25.1,69.9,194.9,4.3,601.6,145.9,241.2,7.6,16.8,114.6,4.1,1.6,3.9,0.0,4.5,0.0,5.5,4.0,16.8,4.3,6.4,1.2,1.4,16.8,4.1,3.0,0.6,0.0,0.2,0.7,1.8,5.1,0.1,16.2,3.9,6.5,0.2,0.4,3.0,36.8,36.8,36.8,36.8,36.8,36.8,36.8,6.5,5.1,0.7,1.0,6.0,13.5,8.6,0.6,32.1,4.5,4.8,79.3,54.6,48.1,1.3,62.9,94.8,94.2,14.9,32.0,43.3,98.0,1600.0,16.00,16,18,18,36,74,560,1,45.0,34.8,34.0,31.5,30.6,30.7,31.6,33.7,31.6,30.6,31.5,31.5,29.5,26.3,1.150,0.994,1.156,6.075,5.839,6.068,6.068,28.200,0.479,0.090,0.110,0.765,1.204,0.652,0.052,6.517,5.804,12.321,28.122,1600.0,1600.0,3818.6,3818.6,4650.0,37.0,10.1,6.7,36.6,224.0,No,No,No,0.140,0.036,0.3,45.0,37.5,36.5,33.5,32.5,35.5,36.5,12.168,4.990,1.002,1.348,1.068,0.834,0.866,1.560,3.348,1.834,1224,764,553,547,1.056,1.254,34,34,42,79.0,100.0,No,No,80704,102356,0.0,0.0,0.0,0.000,0.000,45602,11170,49.5,56.0,58.6,54,54,54,54,56,54,54,54,56,83.0,0.781,12.171,12.261,12.155,12.128,12.139,1149,1152,63.102,16.883,30.896,2.293,25.501,22.898,9.905,30.896,19.812,1.927,7.816,290.000,320.000,1410.0,625.2,1230.0,1409.5,1335.0,1185.0,1409.5,624.6,1335.3,0.0,0.0,0.0,0.0,9.0,0.0,0.1,0.0,0.0,0.0,69,69,Yes,No,No,No,No,Yes,No,17.5,17.6,4,0,0,0,0,0,0,0,0,128,0,0,0,0,0,0,0,0,0,0,0,0,0,0,0,0,0,0,0,0,7458,734,565,41,16.0,3.7,6.5,2.6,2.6,2.6,2.6,3.7,6.6,2.6,2.6,2.6,2.6,266.95,380.43,153.47,151.38,382.75,382.75,0.46,266.49,266.95,0.00,266.05,201,6,0.4,0.4,0,0,0.0,0.0,0,
27.8.2026,17:30:55.373,6343,12911,32.9,5284,11025,32.4,2.4,2944,70,1.152,0.912,1.200,1.200,1.200,1.200,1.200,3780.0,3675.0,3620.0,3620.0,4525.0,3620.0,3620.0,100.0,149.2,62.8,6.3,33.2,11.4,52.9,214.8,304.5,862.5,60.2,148.3,11.0,22.7,149.2,3.0,0.0,0.0,2.7,0.0,0.1,3.8,8.5,20.6,0.0,0.0,0.0,0.0,20.6,3.0,3.9,1.0,0.2,0.9,0.3,1.3,5.7,8.2,23.2,1.5,3.9,0.3,0.5,3.9,37.8,36.8,36.2,36.2,45.2,36.2,36.2,6.9,6.1,1.2,1.1,5.9,22.8,4.8,0.8,24.1,4.6,8.1,53.9,61.9,14.7,1.3,69.8,94.2,90.8,40.2,15.3,80.4,97.8,1600.0,16.00,16,18,18,36,74,560,1,44.6,35.6,47.0,31.6,30.6,30.8,31.5,35.0,30.8,30.8,31.6,31.6,31.2,27.3,1.200,0.994,1.206,6.423,5.835,6.359,6.359,27.472,0.537,0.160,0.132,0.674,1.845,0.349,0.059,7.044,5.800,12.844,28.533,1600.0,1600.0,3804.3,3804.3,4650.0,37.5,10.6,7.1,37.5,216.8,No,No,No,0.163,0.062,0.4,45.0,37.5,36.5,33.5,32.5,35.5,36.5,12.168,4.990,1.002,1.348,1.082,0.832,0.866,1.560,3.348,1.836,1224,750,555,561,1.056,1.248,34,34,42,79.0,100.0,No,No,80704,102356,0.0,0.0,0.0,0.000,0.000,45602,11170,48.0,56.0,55.6,54,54,52,54,54,54,54,52,54,83.0,0.781,12.190,12.261,12.176,12.153,12.170,1148,1151,48.517,8.481,17.104,1.766,10.776,11.813,3.627,17.104,7.264,1.916,4.956,290.000,320.000,1410.0,101.2,1230.0,1409.5,1335.0,1185.0,1002.9,70.9,948.4,0.0,0.0,0.0,0.0,9.0,0.0,0.0,0.0,0.0,0.0,69,69,Yes,No,No,No,No,Yes,No,8.0,7.7,4,0,0,0,0,0,0,0,0,129,0,0,0,0,0,0,0,0,0,0,0,0,0,0,0,0,0,0,0,0,7458,734,565,41,5.0,3.8,5.9,2.8,2.7,2.7,2.7,3.8,5.9,2.7,2.7,2.7,2.7,266.31,363.52,169.10,167.31,365.51,365.51,0.57,265.79,266.31,0.00,207.15,201,6,3.0,0.0,0,0,0.0,0.0,0,
27.8.2026,17:30:55.883,6340,12913,32.9,5282,11027,32.3,2.4,2944,70,0.952,0.963,0.950,0.950,0.950,0.950,0.950,3780.0,3675.0,3620.0,4525.0,3620.0,3620.0,3620.0,100.0,153.8,46.6,6.6,23.6,10.6,69.0,78.1,372.1,1061.0,51.4,29.8,1.5,95.1,153.8,6.0,2.0,1.1,1.5,0.0,5.4,0.0,6.2,21.9,2.2,12.3,16.2,3.0,21.9,6.0,4.1,1.0,0.2,0.6,0.3,1.7,2.0,10.0,28.7,1.3,0.7,0.0,2.5,4.1,37.8,36.8,36.2,45.2,36.2,36.2,36.2,1.3,5.9,1.2,0.8,3.1,25.9,2.0,2.2,24.5,3.2,1.6,58.5,66.4,16.5,0.8,69.6,95.6,97.6,38.4,7.6,81.5,96.9,1600.0,16.00,16,18,18,36,74,560,1,44.4,35.7,36.8,31.5,30.5,30.8,31.0,35.4,30.3,31.1,31.5,31.5,32.0,26.4,1.156,0.994,1.163,6.045,5.305,6.109,6.109,28.133,0.470,0.084,0.070,0.493,1.843,0.211,0.120,6.573,5.273,11.846,26.948,1600.0,1600.0,3945.7,3945.7,4650.0,35.5,10.2,6.8,37.6,228.9,No,No,No,0.114,0.033,0.4,44.0,37.5,36.5,33.5,32.5,35.5,36.5,12.168,5.000,1.002,1.348,1.096,0.832,0.866,1.562,3.352,1.834,1239,767,555,561,1.056,1.248,34,34,42,79.0,100.0,No,No,80704,102356,0.0,0.0,0.0,0.000,0.000,45602,11170,47.3,52.0,54.8,52,52,52,52,52,52,52,50,52,83.0,0.787,12.188,12.259,12.173,12.151,12.168,1148,1150,48.517,7.735,16.028,1.765,9.301,10.814,2.932,16.028,5.870,1.880,5.002,290.000,320.000,1410.0,101.2,1230.0,908.1,1335.0,1185.0,1409.7,101.0,1335.3,0.0,1.0,0.0,0.0,9.0,0.0,0.0,0.0,0.0,0.0,69,69,Yes,No,No,No,No,Yes,No,7.6,6.9,4,0,0,0,0,0,0,0,0,129,0,0,0,0,0,0,0,0,0,0,0,0,0,0,0,0,0,0,0,0,7458,734,565,41,5.0,3.7,5.0,3.0,3.0,3.0,3.0,3.7,5.0,3.0,3.0,3.0,3.0,266.73,331.55,201.91,200.72,332.87,332.87,0.76,266.10,266.73,0.00,149.54,201,6,0.4,0.4,0,0,0.0,0.0,0,
27.8.2026,17:30:56.370,6343,12910,32.9,5284,11026,32.3,2.4,2944,70,0.955,0.950,0.956,0.956,0.956,0.956,0.956,3675.0,3675.0,3675.0,3675.0,3675.0,3675.0,3675.0,100.0,132.6,95.0,9.7,9.1,17.6,186.1,215.8,107.9,755.3,52.0,130.0,8.5,4.6,132.6,3.2,2.1,4.4,1.4,0.0,5.4,6.1,0.6,15.4,2.5,0.0,0.0,0.0,15.4,3.2,3.4,0.9,0.2,0.2,0.4,4.9,5.8,2.9,20.4,1.3,3.4,0.2,0.1,3.4,36.8,36.8,36.8,36.8,36.8,36.8,36.8,1.3,5.4,1.3,0.6,9.1,17.0,3.9,0.3,30.3,3.5,13.1,67.6,69.7,24.8,3.0,64.4,95.3,86.3,23.3,13.3,71.3,96.7,1600.0,16.00,16,18,18,36,74,560,1,43.9,34.7,36.0,31.5,30.7,30.8,32.2,33.9,30.7,30.7,31.5,31.5,31.0,26.9,1.156,0.994,1.163,6.275,5.281,6.270,6.270,27.019,0.488,0.112,0.131,0.881,1.436,0.321,0.048,6.752,5.249,12.001,26.978,1600.0,1600.0,3917.0,3917.0,4650.0,35.5,10.5,7.0,36.5,227.4,No,No,No,0.144,0.068,0.3,44.0,37.5,36.5,33.5,32.5,35.5,36.5,12.192,5.000,1.002,1.348,1.112,0.832,0.866,1.562,3.356,1.836,1239,767,554,549,1.056,1.248,34,34,42,79.0,100.0,No,No,80704,102356,0.0,0.0,0.0,0.000,0.000,45602,11170,46.9,52.0,54.7,51,52,50,52,50,50,52,50,52,83.0,0.787,12.191,12.259,12.178,12.155,12.173,1146,1146,20.751,6.640,13.580,1.557,7.587,9.444,2.508,13.580,5.014,1.880,4.608,290.000,320.000,1410.0,101.2,1230.0,908.1,1335.0,1185.0,1035.2,72.3,966.6,0.0,1.0,0.0,0.0,9.0,0.0,0.0,0.0,0.0,0.0,69,69,Yes,No,No,No,No,Yes,No,6.4,6.5,4,0,0,0,0,0,0,0,0,129,0,0,0,0,0,0,0,0,0,0,0,0,0,0,0,0,0,0,0,0,7458,734,565,41,5.0,4.1,5.0,3.4,3.3,3.3,3.3,4.1,5.0,3.3,3.3,3.3,3.3,244.64,298.10,201.25,200.65,299.41,299.41,0.77,243.85,244.64,0.00,99.45,201,6,0.0,0.0,0,0,0.0,0.0,0,
27.8.2026,17:30:56.871,6342,12911,32.9,5283,11026,32.3,2.4,2944,70,1.122,0.950,1.156,1.156,1.156,1.156,1.156,3675.0,3675.0,3675.0,3675.0,3675.0,3675.0,3675.0,100.0,119.6,32.1,4.4,7.7,9.0,21.1,129.4,32.8,821.4,113.5,251.2,5.3,7.8,119.6,5.6,0.0,0.0,0.0,16.7,0.0,4.2,0.0,16.8,3.9,12.3,12.0,1.5,16.8,5.6,3.2,0.8,0.1,0.2,0.2,0.5,3.4,0.9,22.2,3.0,6.7,0.1,0.2,3.2,36.8,36.8,36.8,36.8,36.8,36.8,36.8,5.5,5.4,0.9,0.4,3.4,18.9,8.3,0.3,30.0,2.8,6.9,64.3,61.2,34.3,10.7,64.6,96.5,92.6,32.4,20.0,57.4,89.0,1600.0,16.00,16,18,18,36,74,560,1,43.6,34.9,35.2,31.5,30.5,30.7,31.1,34.1,31.7,30.8,31.5,31.5,31.5,27.4,1.150,0.994,1.156,6.120,5.223,6.105,6.105,26.596,0.493,0.077,0.098,0.536,1.490,0.645,0.113,6.639,5.193,11.831,26.638,1600.0,1600.0,3935.1,3935.1,4650.0,35.0,10.2,6.8,36.7,221.3,No,No,No,0.125,0.046,0.3,44.0,37.5,36.5,33.5,32.5,35.5,36.5,12.168,5.000,1.002,1.348,1.120,0.832,0.866,1.562,3.352,1.834,1223,768,556,549,1.056,1.248,34,34,42,79.0,100.0,No,No,80704,102356,0.0,0.0,0.0,0.000,0.000,45602,11170,46.5,52.0,54.1,50,50,50,50,50,50,50,50,50,83.0,0.787,12.192,12.261,12.178,12.156,12.174,1144,1147,19.946,6.699,13.666,1.545,7.672,9.457,2.508,13.666,5.030,1.868,4.876,290.000,320.000,1410.0,101.2,1230.0,358.2,1335.0,1185.0,1000.4,71.0,949.2,0.0,1.0,0.0,0.0,9.0,0.0,0.0,0.0,0.0,0.0,69,69,Yes,No,No,No,No,Yes,No,6.4,6.6,4,0,0,0,0,0,0,0,0,129,0,0,0,0,0,0,0,0,0,0,0,0,0,0,0,0,0,0,0,0,7458,734,565,41,5.0,4.0,4.3,3.5,3.5,3.5,3.5,4.0,4.3,3.5,3.5,3.5,3.5,250.20,281.78,233.91,233.91,282.75,282.75,0.74,249.51,250.20,0.00,54.96,201,6,0.0,0.0,0,0,0.0,0.0,0,
27.8.2026,17:30:57.378,6340,12913,32.9,5282,11027,32.3,2.4,2944,70,0.944,0.912,0.950,0.950,0.950,0.950,0.950,3675.0,3675.0,3675.0,3675.0,3675.0,3675.0,3675.0,100.0,125.0,97.4,1.4,22.4,20.0,27.5,177.1,16.9,932.7,57.9,122.2,6.7,17.7,125.0,6.4,0.0,14.8,21.5,8.0,0.0,2.9,0.0,22.3,0.3,1.7,4.9,0.0,22.3,6.4,3.2,0.9,0.0,0.6,0.5,0.7,4.7,0.4,25.2,1.5,3.2,0.2,0.4,3.2,36.8,36.8,36.8,36.8,36.8,36.8,36.8,12.0,5.5,1.0,1.2,4.8,21.0,4.4,0.7,23.6,3.7,1.4,47.7,57.2,26.4,5.2,71.0,95.5,97.5,47.5,21.8,69.2,94.1,1600.0,16.00,16,18,18,36,74,560,1,43.2,35.2,35.0,31.4,30.5,30.8,31.1,34.6,30.7,30.8,31.5,31.5,31.2,26.6,1.150,0.994,1.156,5.832,5.160,5.845,5.845,25.810,0.487,0.119,0.109,0.623,1.568,0.418,0.087,6.323,5.131,11.454,26.011,1600.0,1600.0,3689.6,3689.6,4650.0,34.2,9.7,6.5,37.0,213.1,No,No,No,0.159,0.071,0.3,43.0,37.5,36.5,33.5,32.5,35.5,36.5,12.168,5.000,1.002,1.348,1.082,0.832,0.866,1.562,3.352,1.834,1223,768,556,562,1.056,1.271,34,34,42,79.0,100.0,No,No,80704,102356,0.0,0.0,0.0,0.000,0.000,45602,11170,46.3,52.0,53.8,50,50,50,50,52,48,50,50,52,83.0,0.787,12.192,12.259,12.179,12.156,12.174,1143,1145,19.495,6.595,13.498,1.483,7.515,9.482,2.496,13.498,5.002,1.859,4.520,290.000,320.000,1410.0,101.2,1230.0,358.2,1335.0,1185.0,1230.1,87.3,1167.7,0.0,1.0,0.0,0.0,9.0,0.0,0.0,0.0,0.0,0.0,69,69,Yes,No,No,No,No,Yes,No,6.8,6.5,4,0,0,0,0,0,0,0,0,129,0,0,0,0,0,0,0,0,0,0,0,0,0,0,0,0,0,0,0,0,7458,734,565,41,5.0,3.8,4.3,3.3,3.3,3.3,3.3,3.8,4.3,3.3,3.3,3.3,3.3,261.30,299.57,234.22,233.94,300.59,300.59,0.89,260.47,261.30,0.00,38.71,201,6,0.0,0.0,0,0,0.0,0.0,0,
27.8.2026,17:30:57.868,6341,12912,32.9,5284,11026,32.3,2.4,2944,70,0.959,0.912,0.969,0.969,0.969,0.969,0.969,3780.0,3675.0,3620.0,4525.0,3620.0,3620.0,3620.0,100.0,119.2,36.1,4.6,5.9,9.7,141.6,217.1,204.6,559.8,73.9,155.4,3.7,18.5,119.2,4.2,3.2,0.0,0.0,0.0,2.6,7.2,21.1,11.9,4.1,0.0,0.0,0.0,21.1,4.2,3.2,0.8,0.1,0.1,0.2,3.7,5.8,5.5,15.1,1.8,4.1,0.1,0.5,3.2,37.8,36.8,36.2,45.2,36.2,36.2,36.2,8.1,4.5,1.0,0.4,5.7,14.0,5.3,0.5,30.6,14.4,9.7,72.6,57.3,26.3,3.1,65.0,84.6,90.0,21.8,28.7,68.4,96.3,1600.0,16.00,16,18,18,36,74,560,1,42.9,34.5,35.8,31.4,30.8,30.8,31.8,33.5,31.1,30.6,31.5,31.5,30.2,26.7,1.150,0.994,1.156,5.839,5.219,5.868,5.868,26.589,0.469,0.139,0.131,0.799,1.215,0.473,0.057,6.258,5.188,11.446,26.234,1600.0,1600.0,3615.7,3615.7,4650.0,34.5,9.8,6.5,36.3,222.6,No,No,No,0.111,0.035,0.3,43.0,37.5,36.5,33.5,32.5,35.5,36.5,12.168,5.000,1.004,1.348,1.060,0.830,0.864,1.562,3.352,1.836,1173,754,555,549,1.056,1.271,34,34,42,79.0,100.0,No,No,80704,102356,0.0,0.0,0.0,0.000,0.000,45602,11170,46.0,50.0,53.8,50,50,50,50,50,50,50,50,50,83.0,0.787,12.193,12.261,12.179,12.156,12.174,1143,1140,19.544,6.601,13.288,1.435,7.563,9.409,2.569,13.288,5.140,1.855,4.860,290.000,320.000,1410.0,101.2,1230.0,349.9,1335.0,1185.0,1044.3,71.6,953.8,0.0,1.0,0.0,0.0,9.0,0.0,0.0,0.0,0.0,0.0,69,69,Yes,No,No,No,No,Yes,No,6.5,8.2,4,0,0,0,0,0,0,0,0,129,0,0,0,0,0,0,0,0,0,0,0,0,0,0,0,0,0,0,0,0,7458,734,565,41,5.0,3.7,5.0,3.2,3.2,3.2,3.2,3.7,5.0,3.2,3.2,3.2,3.2,272.42,317.03,201.33,199.50,317.36,317.36,0.85,271.58,272.42,0.00,89.52,201,6,0.0,0.0,0,0,0.0,0.0,0,
27.8.2026,17:30:58.382,6341,12913,32.9,5283,11026,32.3,2.4,2944,70,0.944,0.912,0.950,0.950,0.950,0.950,0.950,3675.0,3675.0,3675.0,3675.0,3675.0,3675.0,3675.0,100.0,133.5,130.2,6.5,18.6,11.7,70.4,92.9,14.4,935.5,107.4,190.8,18.8,5.0,133.5,4.2,0.0,18.5,7.2,0.0,0.0,0.2,1.4,21.7,0.6,0.0,0.0,1.2,21.7,4.2,3.4,0.9,0.2,0.5,0.3,1.8,2.4,0.4,25.2,2.9,5.1,0.5,0.1,3.4,36.8,36.8,36.8,36.8,36.8,36.8,36.8,3.2,5.6,1.3,0.7,3.9,21.0,5.9,0.8,33.1,19.6,0.8,72.7,54.0,47.9,3.3,61.4,79.2,98.5,23.5,24.9,46.2,95.9,1600.0,16.00,16,18,18,36,74,560,1,42.6,35.1,35.0,31.6,30.8,30.8,31.4,34.3,31.5,30.8,31.6,31.6,30.8,26.3,1.150,0.994,1.156,6.454,5.269,6.437,6.437,26.433,0.540,0.255,0.102,0.635,1.560,0.599,0.090,6.985,5.238,12.222,27.108,1600.0,1600.0,3825.5,3825.5,4650.0,35.7,10.7,7.2,36.9,210.4,No,No,No,0.147,0.074,0.3,43.0,37.5,36.5,33.5,32.5,35.5,36.5,12.192,5.000,1.002,1.348,1.084,0.830,0.864,1.562,3.352,1.834,1173,754,555,549,1.057,1.265,34,34,42,79.0,100.0,No,No,80704,102356,0.0,0.0,0.0,0.000,0.105,45602,11170,45.8,50.0,53.5,50,50,50,50,50,48,50,50,50,83.0,0.787,12.195,12.261,12.182,12.159,12.177,1141,1142,19.465,6.629,13.543,1.484,7.577,9.520,2.521,13.543,5.060,1.852,4.564,290.000,320.000,1410.0,101.2,1230.0,349.9,1335.0,1185.0,1071.3,78.5,1055.7,0.0,1.0,0.0,0.0,9.0,0.0,0.0,0.0,0.0,0.0,69,69,Yes,No,No,No,No,Yes,No,6.6,6.5,4,0,0,0,0,0,0,0,0,129,0,0,0,0,0,0,0,0,0,0,0,0,0,0,0,0,0,0,0,0,7458,734,565,41,5.0,3.6,4.6,3.2,3.2,3.2,3.2,3.6,4.6,3.2,3.2,3.2,3.2,278.01,317.02,217.77,216.25,317.36,317.36,0.76,277.20,278.01,0.00,100.66,201,6,0.2,0.0,0,0,0.0,0.0,0,
27.8.2026,17:30:58.889,6341,12912,32.9,5283,11027,32.3,2.4,2944,70,1.147,0.912,1.194,1.194,1.194,1.194,1.194,3780.0,3675.0,3620.0,3620.0,4525.0,3620.0,3620.0,100.0,140.0,122.6,21.0,10.7,5.1,65.7,112.8,204.4,846.3,43.0,225.5,8.3,15.2,140.0,6.8,2.6,10.2,0.0,0.0,3.1,4.2,8.8,22.4,0.0,14.4,14.6,1.9,22.4,6.8,3.6,1.1,0.6,0.3,0.1,1.7,2.9,5.5,22.8,1.1,6.0,0.2,0.4,3.6,37.8,36.8,36.2,36.2,45.2,36.2,36.2,14.0,5.8,1.5,0.4,4.1,22.4,5.8,0.7,23.6,1.1,2.8,51.6,55.3,28.2,2.3,70.7,97.6,96.8,44.4,22.3,66.0,97.0,1600.0,16.00,16,18,18,36,74,560,1,42.5,35.4,46.8,31.5,30.7,30.7,31.1,34.7,31.2,30.8,31.5,31.5,31.5,26.2,1.200,0.994,1.206,5.969,5.110,5.897,5.897,25.994,0.509,0.145,0.078,0.558,1.682,0.526,0.064,6.543,5.081,11.623,25.971,1600.0,1600.0,3579.8,3579.8,4650.0,34.2,9.8,6.6,37.2,211.6,No,No,No,0.145,0.035,0.3,42.0,37.5,36.5,33.5,32.5,35.5,36.5,12.168,5.000,1.002,1.348,1.046,0.830,0.864,1.562,3.352,1.834,1158,756,555,549,1.057,1.265,34,34,42,79.0,100.0,No,No,80704,102356,0.0,0.0,0.0,0.000,0.000,45602,11170,45.7,50.0,53.2,50,50,50,48,50,48,50,50,50,83.0,0.787,12.197,12.264,12.183,12.160,12.179,1137,1138,19.504,6.631,13.521,1.423,7.553,9.509,2.484,13.521,4.984,1.842,4.845,290.000,320.000,1410.0,101.2,1230.0,354.7,1335.0,1185.0,970.7,68.8,916.3,0.0,1.0,0.0,0.0,9.0,0.0,0.0,0.0,0.0,0.0,68,68,Yes,No,No,No,No,Yes,No,6.7,7.0,4,0,0,0,0,0,0,0,0,129,0,0,0,0,0,0,0,0,0,0,0,0,0,0,0,0,0,0,0,0,7458,734,565,41,5.0,3.5,5.9,2.6,2.6,2.6,2.6,3.5,5.9,2.6,2.6,2.6,2.6,283.53,382.28,168.75,166.33,383.94,383.94,0.67,282.83,283.53,0.00,145.04,201,6,0.3,0.4,0,0,0.0,0.0,0,
27.8.2026,17:30:59.396,6341,12913,32.9,5282,11028,32.3,2.4,2944,70,0.951,0.956,0.950,0.950,0.950,0.950,0.950,3675.0,3675.0,3675.0,3675.0,3675.0,3675.0,3675.0,100.0,124.2,65.2,2.3,32.0,31.9,45.3,120.7,71.6,823.9,62.2,123.0,4.0,107.8,124.2,5.1,0.0,0.0,5.6,33.2,3.1,1.8,0.0,15.0,0.0,1.9,0.0,0.0,33.2,5.1,3.2,0.9,0.0,0.8,0.8,1.1,3.2,1.9,22.3,1.6,3.3,0.1,2.9,3.2,36.8,36.8,36.8,36.8,36.8,36.8,36.8,8.2,5.4,1.0,1.4,3.7,19.5,4.2,2.6,24.8,1.1,5.1,58.8,66.9,15.8,1.0,69.8,97.9,93.4,37.5,13.6,80.0,96.4,1600.0,16.00,16,18,18,36,74,560,1,42.2,35.4,34.5,31.6,30.5,30.9,31.2,34.9,30.8,31.0,31.5,31.5,30.2,26.2,1.150,0.994,1.156,5.838,5.183,5.892,5.892,26.751,0.480,0.082,0.134,0.603,1.552,0.385,0.122,6.350,5.153,11.503,26.293,1600.0,1600.0,3901.3,3901.3,4650.0,34.6,9.8,6.5,37.2,217.7,No,No,No,0.139,0.078,0.3,42.0,37.5,36.5,33.5,32.5,35.5,36.5,12.168,5.000,1.002,1.348,1.070,0.830,0.864,1.560,3.356,1.834,1174,756,555,549,1.056,1.259,34,34,42,79.0,100.0,No,No,80704,102356,0.0,0.0,0.0,0.000,0.000,45602,11170,45.5,50.0,53.3,50,50,50,50,50,48,50,50,50,83.0,0.787,12.197,12.262,12.185,12.162,12.181,1132,1135,19.555,6.690,13.765,1.508,7.701,9.596,2.521,13.765,5.058,1.840,4.457,290.000,320.000,1410.0,101.2,1230.0,354.7,1335.0,1185.0,1017.9,73.6,988.0,0.0,1.0,0.0,0.0,9.0,0.0,0.0,0.0,0.0,0.0,68,68,Yes,No,No,No,No,Yes,No,6.5,6.7,4,0,0,0,0,0,0,0,0,129,0,0,0,0,0,0,0,0,0,0,0,0,0,0,0,0,0,0,0,0,7458,734,565,41,5.0,3.3,8.2,2.4,2.4,2.4,2.4,3.3,8.2,2.4,2.4,2.4,2.4,305.52,415.93,121.39,116.57,416.58,416.58,0.87,304.58,305.52,0.00,261.73,201,6,0.5,0.3,0,0,0.0,0.0,0,
27.8.2026,17:30:59.904,6338,12915,32.9,5279,11030,32.3,2.4,2944,70,0.950,0.950,0.950,0.950,0.950,0.950,0.950,3675.0,3675.0,3675.0,3675.0,3675.0,3675.0,3675.0,100.0,129.6,39.4,5.4,17.4,150.8,98.5,201.0,339.2,555.0,53.0,71.1,6.7,18.2,129.6,6.7,1.7,38.4,0.0,4.3,0.1,5.5,5.5,10.4,7.8,5.5,1.0,0.0,38.4,6.7,3.4,0.8,0.1,0.4,4.1,2.6,5.4,9.2,15.0,1.4,1.9,0.1,0.5,3.4,36.8,36.8,36.8,36.8,36.8,36.8,36.8,2.7,5.4,1.0,3.9,6.7,17.0,3.1,0.7,26.6,3.3,11.8,58.5,65.8,17.3,2.7,68.1,95.7,84.3,34.9,17.2,79.6,96.7,1600.0,16.00,16,18,18,36,74,560,1,42.1,34.8,36.2,31.4,30.6,31.3,31.6,34.0,30.4,30.7,31.5,31.5,32.0,27.3,1.156,0.994,1.163,5.984,5.260,5.972,5.972,26.488,0.462,0.079,0.334,0.660,1.392,0.243,0.063,6.450,5.229,11.679,26.582,1600.0,1600.0,3870.1,3870.1,4650.0,35.0,10.0,6.6,36.6,229.4,No,No,No,0.164,0.066,0.3,42.0,37.5,36.5,33.5,32.5,35.5,36.5,12.168,5.010,1.002,1.348,1.060,0.828,0.864,1.564,3.352,1.834,1174,757,556,562,1.056,1.259,34,34,42,79.0,100.0,No,No,80704,102356,0.0,0.0,0.1,0.257,0.547,45602,11170,45.3,50.0,53.0,49,50,48,50,50,48,50,48,50,83.0,0.787,12.195,12.261,12.182,12.159,12.177,1128,1129,19.418,6.561,13.410,1.373,7.601,9.448,2.508,13.410,5.022,1.838,4.435,290.000,320.000,1410.0,101.2,1230.0,334.1,1335.0,1185.0,1410.3,101.0,1334.5,0.0,1.0,0.0,0.0,9.0,0.0,0.0,0.0,0.0,0.0,68,68,Yes,No,No,No,No,Yes,No,6.4,7.4,4,0,0,0,0,0,0,0,0,129,0,0,0,0,0,0,0,0,0,0,0,0,0,0,0,0,0,0,0,0,7458,734,565,41,5.0,3.2,9.4,2.4,2.4,2.4,2.4,3.2,9.4,2.4,2.4,2.4,2.4,311.25,416.99,106.50,100.80,417.00,417.00,0.95,310.27,311.25,0.00,311.29,201,6,0.1,0.1,0,0,0.0,0.0,0,
27.8.2026,17:31:0.418,6336,12917,32.9,5277,11032,32.3,2.4,2944,70,1.137,0.950,1.175,1.175,1.175,1.175,1.175,3675.0,3675.0,3675.0,3675.0,3675.0,3675.0,3675.0,100.0,129.9,38.4,2.5,17.2,26.6,99.6,223.2,29.6,885.1,95.6,123.1,11.1,6.4,129.9,7.5,1.3,0.6,18.3,1.2,2.9,5.6,1.2,20.1,2.8,3.4,13.8,18.1,20.1,7.5,3.4,0.7,0.1,0.4,0.7,2.6,5.9,0.8,23.9,2.5,3.3,0.2,0.1,3.4,36.8,36.8,36.8,36.8,36.8,36.8,36.8,2.4,5.8,0.9,1.0,7.1,20.2,5.0,0.4,30.2,4.6,8.5,56.8,66.9,35.8,8.7,64.0,94.6,90.5,36.2,12.9,59.1,90.9,1600.0,16.00,16,18,18,36,74,560,1,42.0,35.1,35.2,31.6,30.7,30.9,31.7,34.5,30.9,30.9,31.6,31.6,32.5,26.9,1.169,0.994,1.181,6.441,5.289,6.446,6.446,27.301,0.513,0.091,0.136,0.710,1.620,0.432,0.092,6.995,5.257,12.253,27.246,1600.0,1600.0,3873.9,3873.9,4650.0,35.8,10.7,7.2,36.9,224.5,No,No,No,0.187,0.088,0.3,42.0,37.5,36.5,33.5,32.5,35.5,36.5,12.168,5.000,1.002,1.348,1.114,0.828,0.864,1.562,3.352,1.834,1167,757,556,562,1.057,1.267,34,34,42,79.0,100.0,No,No,80704,102356,0.0,0.0,0.0,0.000,0.000,45602,11170,45.1,50.0,52.8,49,50,48,48,50,48,50,48,50,83.0,0.787,12.193,12.261,12.179,12.157,12.174,1124,1123,19.396,6.713,13.761,1.422,7.831,9.640,2.569,13.761,5.146,1.831,4.454,290.000,320.000,1410.0,101.2,1230.0,334.1,1335.0,1185.0,1410.5,101.0,1335.0,0.0,1.0,0.0,0.0,9.0,0.0,0.1,0.0,0.0,0.0,68,68,Yes,No,No,No,No,Yes,No,6.5,6.5,4,0,0,0,0,0,0,0,0,129,0,0,0,0,0,0,0,0,0,0,0,0,0,0,0,0,0,0,0,0,7458,734,565,41,5.0,3.2,9.4,2.3,2.3,2.3,2.3,3.2,9.4,2.3,2.3,2.3,2.3,316.73,433.26,105.94,100.22,433.59,433.59,0.96,315.74,316.73,0.00,322.53,201,6,0.9,0.0,0,0,0.0,0.0,0,
27.8.2026,17:31:0.916,6339,12914,32.9,5278,11031,32.3,2.4,2944,70,0.909,0.912,0.906,0.906,0.912,0.906,0.912,3675.0,3675.0,3675.0,3675.0,3675.0,3675.0,3675.0,100.0,123.3,40.3,5.1,26.8,5.2,104.2,173.8,4.8,977.8,52.0,64.1,6.6,19.1,123.3,3.7,0.0,4.8,0.0,0.0,4.2,2.8,1.9,25.5,0.0,0.3,4.8,0.0,25.5,3.7,3.3,0.8,0.1,0.7,0.1,2.7,4.6,0.1,26.4,1.3,1.7,0.2,0.5,3.3,36.8,36.8,36.8,36.8,36.8,36.8,36.8,4.4,5.6,1.0,0.8,6.3,21.9,2.8,0.7,28.8,2.3,7.9,64.7,62.1,31.1,4.6,65.6,96.7,91.3,29.0,16.0,66.1,94.7,1600.0,16.00,16,18,18,36,74,560,1,41.9,35.4,35.0,31.6,30.7,30.9,31.6,34.8,30.6,30.9,31.7,31.7,30.8,26.6,1.150,0.994,1.156,6.497,5.234,6.522,6.522,27.236,0.487,0.078,0.105,0.675,1.679,0.309,0.076,7.031,5.203,12.234,27.150,1600.0,1600.0,3943.4,3943.4,4650.0,35.7,10.9,7.2,37.2,236.6,No,No,No,0.150,0.044,0.3,42.0,37.5,36.5,33.5,32.5,35.5,36.5,12.168,5.000,1.002,1.348,1.096,0.828,0.864,1.562,3.352,1.834,1167,757,556,562,1.057,1.267,34,34,42,79.0,100.0,No,No,80704,102356,0.0,0.0,0.0,0.000,0.000,45602,11170,45.1,50.0,52.8,49,50,48,48,50,48,48,48,50,83.0,0.787,12.198,12.263,12.186,12.162,12.182,1117,1121,19.379,6.614,13.606,1.435,7.616,9.547,2.497,13.606,5.006,1.824,4.385,290.000,320.000,1410.0,101.2,1230.0,350.0,1335.0,1185.0,1005.8,70.8,951.4,1.0,1.0,0.0,0.0,9.0,0.0,0.0,0.0,0.0,0.0,68,68,Yes,No,No,No,No,Yes,No,6.4,6.7,4,0,0,0,0,0,0,0,0,129,0,0,0,0,0,0,0,0,0,0,0,0,0,0,0,0,0,0,0,0,7458,734,565,41,5.0,4.1,11.5,2.3,2.3,2.3,2.3,4.1,11.5,2.3,2.3,2.3,2.3,241.74,428.08,86.71,83.56,433.59,433.59,0.66,241.05,241.74,0.00,212.66,201,6,0.3,0.4,0,0,0.0,0.0,0,
27.8.2026,17:31:1.431,7063,12191,36.6,5621,10688,34.4,2.4,2944,70,1.159,1.163,1.169,1.156,1.156,1.156,1.156,3770.8,3620.0,3620.0,4525.0,3620.0,3620.0,3620.0,100.0,455.2,160.2,33.7,267.5,190.6,1804.9,275.2,569.9,519.8,1188.1,252.2,131.6,68.4,455.2,9.9,3.6,0.0,6.8,15.4,40.4,3.9,1.3,9.5,26.9,6.4,0.0,5.2,40.4,9.9,12.1,3.2,0.9,7.0,5.0,48.3,7.3,15.4,14.0,31.9,6.7,3.4,1.8,12.1,37.7,36.2,36.2,45.2,36.2,36.2,36.2,3.8,19.0,3.8,10.5,45.6,18.0,31.6,4.7,48.4,52.7,53.4,44.3,61.2,39.1,39.4,32.6,43.5,36.1,10.1,20.8,29.3,55.9,1600.0,16.00,16,18,18,36,74,560,1,42.1,40.1,46.0,34.1,32.8,32.7,36.8,35.2,35.0,32.1,32.3,32.3,32.5,27.1,1.163,0.994,1.175,12.406,5.430,12.332,13.519,34.462,1.598,0.782,1.164,2.922,1.844,2.182,0.691,14.524,5.398,19.922,34.899,1600.0,1600.0,4214.1,4214.1,4650.0,45.9,20.6,15.0,42.2,150.9,No,No,No,1.490,1.137,1.1,42.0,37.5,36.5,33.5,32.5,35.5,36.5,12.168,5.000,1.002,1.348,1.038,0.828,0.862,1.560,3.348,1.836,1163,757,556,562,1.056,1.246,34,34,42,79.0,100.0,No,No,80704,102356,0.0,0.0,0.0,0.000,0.056,45602,11170,44.8,50.0,52.5,49,50,48,48,50,48,48,48,50,83.0,0.787,12.193,12.262,12.180,12.157,12.175,1078,1080,19.375,6.442,13.092,1.226,7.442,9.373,2.472,13.092,4.956,1.817,4.508,290.000,320.000,1410.0,101.2,1230.0,350.0,1335.0,1185.0,1046.0,74.3,990.0,0.0,1.0,0.0,0.0,9.0,0.0,0.0,0.0,0.0,0.0,0,0,Yes,No,No,No,No,Yes,No,6.2,8.1,4,0,0,0,0,0,0,0,0,129,0,0,0,0,0,0,0,0,0,0,0,0,0,0,0,0,0,0,0,0,7458,734,565,41,5.0,3.8,18.6,2.1,2.1,2.1,2.1,3.8,18.5,2.1,2.1,2.1,2.1,261.17,479.02,53.78,50.17,483.69,483.69,0.83,260.44,261.17,0.00,227.77,201,6,0.6,0.0,0,0,0.0,0.0,0,
27.8.2026,17:31:1.925,7522,11732,39.0,5762,10547,35.3,2.4,2944,70,1.188,1.156,1.194,1.194,1.194,1.194,1.194,4223.3,3620.0,3620.0,4525.0,4525.0,4525.0,4525.0,100.0,572.7,124.3,38.4,175.1,278.6,1417.7,1641.9,202.1,687.9,372.5,1715.0,97.8,121.4,572.7,13.4,0.5,0.0,2.5,4.7,30.2,36.8,16.0,16.5,6.7,36.5,6.4,4.1,36.8,13.4,15.2,2.4,1.0,4.5,7.2,38.4,43.6,5.4,18.5,10.0,45.5,2.5,3.2,15.2,42.2,36.2,36.2,45.2,45.2,45.2,45.2,0.0,25.2,3.1,11.1,67.8,19.6,45.3,4.5,49.5,57.3,63.4,32.2,58.7,54.7,30.5,25.3,39.7,25.5,0.0,21.6,0.0,64.9,1600.0,16.00,16,18,18,36,74,560,1,43.0,43.8,44.8,36.0,34.4,33.4,42.1,35.5,38.6,32.3,33.3,33.3,32.5,28.0,1.212,0.994,1.225,15.707,5.455,15.656,18.531,38.957,2.184,0.831,1.374,4.956,1.810,3.503,0.629,18.563,5.421,23.984,39.128,1600.0,1600.0,4525.0,4525.0,4650.0,51.5,26.1,20.6,46.1,141.3,No,No,No,0.937,0.485,1.5,43.0,37.5,36.5,33.5,32.5,35.5,36.5,12.168,5.000,1.002,1.348,1.184,0.828,0.864,1.562,3.348,1.834,1163,758,556,550,1.056,1.246,34,34,42,79.0,100.0,No,No,80704,102356,0.0,0.0,0.0,0.000,0.056,45602,11170,44.6,50.0,52.3,48,50,48,48,50,48,48,48,48,83.0,0.787,12.192,12.260,12.178,12.156,12.174,852,860,19.130,6.432,13.018,0.969,7.587,9.493,2.508,13.018,5.036,1.817,4.445,290.000,320.000,1410.0,101.2,1230.0,346.3,1335.0,1185.0,1014.8,72.2,960.1,1.0,1.0,0.0,0.0,9.0,0.0,0.1,0.0,0.0,0.0,0,0,Yes,No,No,No,No,Yes,No,6.2,7.6,4,0,0,0,0,0,0,0,0,129,0,0,0,0,0,0,0,0,0,0,0,0,0,0,0,0,0,0,0,0,7458,734,565,41,5.0,3.1,38.7,2.1,2.1,2.1,2.1,3.1,38.5,2.1,2.1,2.1,2.1,327.80,483.68,25.87,17.47,483.69,483.69,1.11,326.77,327.80,0.00,455.80,201,6,2.2,0.2,0,0,0.0,0.0,0,
27.8.2026,17:31:2.431,7557,11696,39.2,5783,10527,35.4,2.4,2944,70,1.173,1.194,1.169,1.169,1.169,1.169,1.169,3770.8,3620.0,3620.0,3620.0,3620.0,4525.0,3620.0,100.0,589.9,117.9,48.2,134.7,205.0,303.3,2328.7,256.2,981.2,89.7,2354.7,70.6,188.7,589.9,13.2,3.3,8.3,4.8,3.3,8.3,52.2,4.3,20.9,0.5,52.7,0.0,0.0,52.7,13.2,15.7,1.9,1.3,3.5,5.3,8.1,62.5,6.9,26.6,2.3,63.2,1.9,5.0,15.7,37.7,36.2,36.2,36.2,36.2,45.2,36.2,0.0,25.8,3.0,8.1,57.4,27.0,53.6,5.6,52.7,69.2,63.4,42.6,61.7,46.4,33.0,21.5,27.9,28.5,0.0,11.3,0.0,61.4,1600.0,16.00,16,18,18,36,74,560,1,43.9,44.7,42.5,36.5,34.5,33.3,40.7,37.4,39.9,33.1,33.5,33.5,32.5,26.8,1.175,0.994,1.188,16.026,5.432,16.061,20.527,39.630,2.275,0.925,1.161,4.321,2.387,4.169,0.686,19.065,5.399,24.464,39.701,1600.0,1600.0,4525.0,4525.0,4650.0,52.2,26.8,22.8,47.1,139.2,No,No,No,0.754,0.352,1.5,43.0,38.0,36.5,33.5,32.5,35.5,36.5,12.168,5.000,1.002,1.352,1.188,0.828,0.864,1.562,3.348,1.834,1163,758,556,550,1.057,1.269,34,34,42,79.0,100.0,No,No,80704,102356,0.0,0.0,0.0,0.000,0.008,45602,11170,44.6,50.0,52.6,48,48,48,48,48,48,48,48,50,83.0,0.787,12.194,12.263,12.179,12.158,12.176,765,696,18.925,6.323,12.691,0.687,7.502,9.459,2.484,12.691,4.984,1.813,4.599,290.000,320.000,1410.0,101.2,1230.0,346.3,1335.0,1185.0,1278.7,90.7,1210.2,0.0,1.0,0.0,0.0,9.0,0.0,0.0,0.0,0.0,0.0,0,0,Yes,No,No,No,No,Yes,No,6.1,6.7,4,0,0,0,0,0,0,0,0,129,0,0,0,0,0,0,0,0,0,0,0,0,0,0,0,0,0,0,0,0,7458,734,565,41,5.0,3.0,38.3,2.0,2.0,2.0,2.0,3.0,38.5,2.0,2.0,2.0,2.0,333.31,499.65,26.08,17.68,499.99,499.99,0.89,332.43,333.31,0.00,472.19,201,6,4.0,0.1,0,0,0.0,0.0,0,
27.8.2026,17:31:2.920,8708,10545,45.2,6014,10295,36.8,2.4,2944,70,1.162,1.163,1.163,1.163,1.163,1.163,1.163,3770.8,3620.0,3620.0,3620.0,3620.0,4525.0,3620.0,100.0,558.4,181.0,36.3,190.1,135.4,370.2,474.1,35.2,862.7,222.0,3997.2,124.3,72.7,558.4,12.5,2.0,0.0,0.0,1.4,6.7,9.3,0.0,17.9,6.2,88.2,18.8,0.0,88.2,12.5,14.9,3.9,0.9,4.9,3.4,9.8,12.7,0.9,23.3,5.9,108.0,3.1,1.8,14.9,37.7,36.2,36.2,36.2,36.2,45.2,36.2,0.0,24.9,4.6,7.7,19.1,19.8,93.1,4.8,49.0,51.6,50.9,80.9,65.7,6.9,38.0,26.1,43.8,41.4,0.0,14.4,0.0,57.2,1600.0,16.00,16,18,18,36,74,560,1,44.8,45.6,42.2,36.0,33.3,32.9,35.8,36.1,45.4,32.7,33.3,33.3,32.2,27.2,1.163,0.994,1.169,14.404,5.812,14.434,18.466,38.860,1.878,0.779,0.969,1.840,1.873,5.123,0.682,17.048,5.776,22.824,38.728,1600.0,1600.0,4521.5,4521.5,4650.0,51.0,24.1,20.5,48.1,150.8,No,No,No,0.760,0.749,1.5,44.0,37.5,36.5,33.5,32.5,35.5,36.5,12.096,4.970,1.004,1.348,1.172,0.828,0.862,1.558,3.336,1.834,1163,758,557,563,1.057,1.269,34,34,42,79.0,100.0,No,No,80704,102356,0.0,0.1,0.1,0.000,0.072,45602,11170,53.0,54.0,62.5,54,54,54,54,54,54,52,52,54,83.0,0.819,12.076,12.159,12.064,12.051,12.028,0,0,40.042,74.838,155.303,25.206,85.476,74.104,14.758,155.303,29.519,24.810,109.058,290.000,320.000,1410.0,1156.5,1230.0,571.5,1335.0,1185.0,1410.0,1155.1,1334.8,73.0,10.0,0.0,0.0,20.4,0.0,0.0,0.0,0.0,0.0,0,0,Yes,No,No,No,No,Yes,No,63.7,63.1,4,0,0,0,0,0,0,0,0,130,0,0,0,0,0,0,0,0,0,0,0,0,0,0,0,0,0,0,0,0,6517,1675,1506,115,16.0,3.0,23.8,2.0,2.0,2.0,2.0,3.0,23.8,2.0,2.0,2.0,2.0,333.32,499.32,42.02,34.22,499.99,499.99,0.77,332.51,333.32,0.00,461.08,201,6,0.1,0.0,0,0,0.0,0.0,0,
27.8.2026,17:31:3.434,8711,10542,45.2,6010,10299,36.8,2.4,2944,70,1.162,1.163,1.163,1.163,1.163,1.163,1.163,3770.8,3620.0,3620.0,4525.0,3620.0,3620.0,3620.0,100.0,527.6,76.1,19.0,79.0,41.1,9.0,4523.7,44.0,459.0,556.1,448.8,46.9,28.5,527.6,14.6,2.6,4.6,5.9,0.0,1.5,99.9,2.2,8.7,13.5,11.3,0.0,24.8,99.9,14.6,14.2,1.3,0.5,2.1,1.0,0.2,122.2,1.2,12.4,14.9,12.1,1.2,0.7,14.2,37.7,36.2,36.2,45.2,36.2,36.2,36.2,0.0,22.8,1.9,2.6,99.6,10.4,20.1,1.8,41.5,73.5,26.8,0.4,60.7,79.9,7.8,35.7,24.6,70.5,0.0,28.9,0.0,90.4,1600.0,16.00,16,18,18,36,74,560,1,44.9,45.1,45.2,35.6,34.6,31.9,44.9,34.4,36.0,31.6,33.2,33.2,31.8,27.4,1.169,0.994,1.175,13.084,5.945,13.083,15.708,37.711,1.523,0.865,0.438,4.469,1.331,1.820,0.214,15.425,5.908,21.333,37.578,1600.0,1600.0,4525.0,4525.0,4650.0,49.4,21.8,17.5,47.5,168.1,No,No,No,0.196,0.173,1.4,44.0,37.5,36.5,33.5,32.5,35.5,36.5,12.096,4.970,1.004,1.348,1.176,0.828,0.864,1.550,3.324,1.836,1140,771,553,548,1.056,1.258,34,34,42,79.0,100.0,No,No,80704,102356,0.0,0.0,0.0,0.000,0.000,45602,11170,55.6,56.0,65.5,56,56,56,56,56,56,54,56,56,83.0,0.819,12.077,12.161,12.065,12.052,12.028,0,0,115.849,75.955,157.804,25.830,86.678,74.770,14.747,157.804,29.505,27.069,109.385,290.000,320.000,1410.0,1156.5,1230.0,571.5,1335.0,1185.0,1410.9,1155.7,1335.4,100.0,16.0,0.0,0.0,20.4,25.0,100.0,0.0,0.0,0.0,0,0,Yes,No,No,No,No,Yes,No,64.6,64.7,4,0,0,0,0,0,0,0,0,130,0,0,0,0,0,0,0,0,0,0,0,0,0,0,0,0,0,0,0,0,6517,1675,1506,115,16.0,3.1,17.1,2.1,2.1,2.1,2.1,3.1,17.3,2.1,2.1,2.1,2.1,322.18,466.28,58.41,51.22,466.62,466.62,0.86,321.32,322.18,0.00,416.53,201,6,0.3,0.3,0,0,0.0,0.0,0,
27.8.2026,17:31:3.941,8710,10543,45.2,6015,10294,36.8,2.4,2944,70,1.168,1.163,1.169,1.169,1.169,1.169,1.169,3770.8,3620.0,3620.0,4525.0,3620.0,3620.0,3620.0,100.0,549.0,87.5,42.9,331.1,374.5,9.6,4524.0,21.0,648.3,250.2,236.5,27.2,34.8,549.0,14.3,2.4,2.3,5.8,9.6,0.0,100.0,0.0,15.5,7.0,6.6,17.0,4.9,100.0,14.3,14.7,1.1,1.1,8.9,10.1,0.2,122.3,0.5,17.5,6.6,6.3,0.7,0.9,14.7,37.7,36.2,36.2,45.2,36.2,36.2,36.2,0.0,23.4,2.3,10.7,100.0,14.9,11.1,1.5,42.4,39.5,52.1,0.0,61.7,87.3,13.8,34.2,58.3,37.2,0.0,23.4,1.7,84.6,1600.0,16.00,16,18,18,36,74,560,1,45.1,45.3,41.0,35.6,34.2,34.3,45.0,34.1,34.6,31.6,33.2,33.2,32.8,27.4,1.163,0.994,1.169,12.937,5.956,12.924,16.702,37.351,1.573,0.554,1.297,4.509,1.395,1.426,0.257,15.288,5.918,21.206,37.437,1600.0,1600.0,4525.0,4525.0,4650.0,49.3,21.5,18.6,47.7,161.2,No,No,No,0.200,0.184,1.4,45.0,38.0,36.5,33.5,32.5,35.5,36.5,12.096,4.960,1.004,1.348,1.172,0.830,0.864,1.552,3.320,1.836,1140,771,553,548,1.056,1.258,34,34,42,79.0,100.0,No,No,80704,102356,0.0,0.0,0.0,0.000,0.000,45602,11170,56.5,58.0,66.5,56,56,56,56,56,56,56,56,58,83.0,0.819,12.075,12.159,12.063,12.050,12.026,0,0,185.426,77.033,159.604,26.167,87.760,75.629,14.996,159.604,29.990,27.628,111.919,290.000,320.000,1410.0,1156.5,1230.0,1410.0,1335.0,1185.0,1410.7,1155.7,1335.3,100.0,16.0,0.0,0.0,20.4,25.0,100.0,0.0,0.0,0.0,0,0,Yes,No,No,No,No,Yes,No,65.4,65.8,4,0,0,0,0,0,0,0,0,130,0,0,0,0,0,0,0,0,0,0,0,0,0,0,0,0,0,0,0,0,6517,1675,1506,115,16.0,3.1,9.3,2.2,2.2,2.2,2.2,3.1,9.4,2.2,2.2,2.2,2.2,327.58,449.17,106.99,101.01,449.50,449.50,0.85,326.65,327.58,0.00,360.69,201,6,0.1,0.1,0,0,0.0,0.0,0,
27.8.2026,17:31:4.429,8708,10545,45.2,6005,10304,36.8,2.4,2944,70,1.162,1.163,1.163,1.163,1.163,1.163,1.163,3770.8,3620.0,3620.0,3620.0,3620.0,4525.0,3620.0,100.0,516.6,78.1,25.8,65.3,53.0,273.2,291.0,42.5,790.2,6.7,4509.6,33.9,30.0,516.6,10.7,0.0,0.0,0.0,0.0,10.1,5.1,0.0,13.5,0.0,99.6,0.0,0.0,99.6,10.7,13.8,1.2,0.7,1.7,1.3,7.3,7.9,1.1,21.3,0.2,121.8,0.8,0.8,13.8,37.7,36.2,36.2,36.2,36.2,45.2,36.2,0.0,22.9,2.0,2.9,13.0,18.3,99.5,1.6,42.0,58.6,31.4,85.8,64.6,0.5,11.1,35.1,39.4,65.7,1.3,17.1,0.0,87.3,1600.0,16.00,16,18,18,36,74,560,1,45.2,45.3,42.0,35.4,33.0,32.0,35.2,35.2,45.2,31.7,33.1,33.1,32.2,26.7,1.156,0.994,1.169,12.933,5.939,12.955,16.055,37.495,1.524,0.699,0.490,1.529,1.709,4.489,0.229,15.275,5.902,21.177,37.454,1600.0,1600.0,4525.0,4525.0,4650.0,49.3,21.6,17.8,47.7,166.2,No,No,No,0.197,0.170,1.4,45.0,37.5,36.5,33.5,32.5,35.5,36.5,12.096,4.970,1.004,1.348,1.182,0.828,0.862,1.552,3.320,1.834,1158,752,553,560,1.056,1.253,34,34,42,79.0,100.0,No,No,80704,102356,0.0,0.0,0.0,0.000,0.000,45602,11170,57.0,58.0,66.9,57,58,58,56,58,56,56,58,58,83.0,0.819,12.078,12.164,12.066,12.053,12.029,0,0,187.284,76.278,157.637,25.776,86.733,74.864,14.880,157.637,29.757,27.346,111.873,290.000,320.000,1410.0,1156.5,1230.0,1410.0,1335.0,1185.0,1409.7,1155.1,1335.1,100.0,18.0,0.0,0.0,20.4,25.0,100.0,0.0,0.0,0.0,0,0,Yes,No,No,No,No,Yes,No,64.6,66.7,4,0,0,0,0,0,0,0,0,130,0,0,0,0,0,0,0,0,0,0,0,0,0,0,0,0,0,0,0,0,6517,1675,1506,115,16.0,3.3,11.1,2.3,2.3,2.3,2.3,3.3,11.2,2.3,2.3,2.3,2.3,305.42,432.24,90.09,84.41,432.91,432.91,0.93,304.44,305.42,0.00,332.94,201,6,1.2,0.4,0,0,0.0,0.0,0,
27.8.2026,17:31:4.944,8708,10546,45.2,6004,10305,36.8,2.4,2944,70,1.168,1.163,1.169,1.169,1.169,1.169,1.169,3770.8,3620.0,3620.0,4525.0,3620.0,3620.0,3620.0,100.0,532.8,73.4,23.3,80.5,96.9,7.3,4522.0,306.7,681.6,282.6,231.8,59.3,27.9,532.8,15.5,2.5,12.5,3.1,9.0,0.0,99.9,10.7,18.8,10.4,3.7,0.0,14.9,99.9,15.5,14.3,1.2,0.6,2.1,2.5,0.2,122.2,8.3,18.4,7.5,6.2,1.6,0.7,14.3,37.7,36.2,36.2,45.2,36.2,36.2,36.2,0.0,23.2,1.9,4.1,99.8,19.5,11.8,2.1,39.1,50.3,23.0,0.2,60.1,88.2,12.6,37.7,47.8,72.8,0.0,20.4,0.0,85.3,1600.0,16.00,16,18,18,36,74,560,1,45.4,45.0,44.8,35.6,34.2,32.1,44.7,35.8,34.9,31.9,33.1,33.1,32.0,27.0,1.169,0.994,1.175,13.122,5.946,13.097,15.742,37.526,1.536,0.641,0.457,4.484,1.877,1.483,0.275,15.487,5.908,21.396,37.609,1600.0,1600.0,4525.0,4525.0,4650.0,49.5,21.8,17.5,47.4,167.2,No,No,No,0.195,0.168,1.4,45.0,37.5,36.5,33.5,33.0,35.5,36.5,12.096,4.960,1.004,1.348,1.178,0.830,0.864,1.552,3.316,1.834,1178,752,553,560,1.056,1.253,34,34,42,79.0,100.0,No,No,80704,102356,0.0,0.1,0.1,0.000,0.095,45602,11170,57.4,60.0,67.5,58,58,58,58,58,58,56,58,60,83.0,0.819,12.080,12.166,12.068,12.055,12.031,0,0,187.842,75.829,157.492,25.767,86.476,74.618,14.690,157.492,29.397,27.956,108.578,290.000,320.000,1410.0,1156.5,1230.0,1410.0,1335.0,1185.0,1410.1,1155.6,1334.9,100.0,15.0,0.0,0.0,20.4,25.0,100.0,0.0,0.0,0.0,0,0,Yes,No,No,No,No,Yes,No,64.4,63.7,4,0,0,0,0,0,0,0,0,130,0,0,0,0,0,0,0,0,0,0,0,0,0,0,0,0,0,0,0,0,6517,1675,1506,115,16.0,3.3,6.5,2.5,2.5,2.5,2.5,3.3,6.5,2.5,2.5,2.5,2.5,299.88,398.57,154.27,150.68,399.57,399.57,1.06,298.79,299.88,0.00,255.17,201,6,0.0,0.0,0,0,0.0,0.0,0,
27.8.2026,17:31:5.436,8711,10543,45.2,6010,10299,36.8,2.4,2944,70,1.189,1.194,1.188,1.188,1.188,1.188,1.188,3770.8,3620.0,3620.0,4525.0,3620.0,3620.0,3620.0,100.0,545.2,112.3,38.0,95.3,78.9,37.5,4233.8,92.9,1086.6,408.0,255.0,68.6,35.0,545.2,12.5,0.3,0.0,0.0,0.0,0.0,93.4,3.3,27.4,7.5,7.1,10.9,0.0,93.4,12.5,14.6,2.2,1.0,2.5,2.0,1.0,114.4,2.5,29.3,10.9,6.8,1.8,0.9,14.6,37.7,36.2,36.2,45.2,36.2,36.2,36.2,0.0,23.9,2.9,4.1,94.1,24.6,15.1,2.7,44.4,62.6,36.1,5.9,60.0,84.4,17.7,31.7,34.5,59.8,0.0,15.4,0.6,79.6,1600.0,16.00,16,18,18,36,74,560,1,45.5,44.9,45.0,35.7,34.6,32.2,44.5,36.2,34.9,32.0,33.2,33.2,31.5,27.1,1.169,0.994,1.175,13.743,5.986,13.730,17.244,38.256,1.656,0.830,0.606,4.360,2.191,1.589,0.362,16.266,5.949,22.215,38.464,1600.0,1600.0,4511.5,4511.5,4650.0,50.6,22.9,19.2,47.2,163.0,No,No,No,0.251,0.313,1.4,45.0,37.5,36.5,33.5,33.0,35.5,36.5,12.096,4.960,1.004,1.348,1.178,0.830,0.862,1.558,3.320,1.834,1178,765,550,547,1.056,1.245,34,34,42,79.0,100.0,No,No,80704,102356,0.0,0.0,0.0,0.000,0.000,45602,11170,57.5,58.0,67.8,58,58,58,58,58,58,58,58,58,83.0,0.819,12.080,12.168,12.067,12.056,12.031,0,0,183.953,76.149,158.557,25.978,87.175,75.143,14.882,158.557,29.770,27.469,107.806,290.000,320.000,1410.0,1156.5,1230.0,1410.0,1335.0,1185.0,1409.5,1155.4,1334.9,100.0,17.0,0.0,0.0,20.4,25.0,100.0,0.0,0.0,0.0,0,0,Yes,No,No,No,No,Yes,No,64.9,65.9,4,0,0,0,0,0,0,0,0,130,0,0,0,0,0,0,0,0,0,0,0,0,0,0,0,0,0,0,0,0,6517,1675,1506,115,16.0,3.5,5.9,2.9,2.9,2.9,2.9,3.5,5.9,2.9,2.9,2.9,2.9,283.28,349.45,170.16,167.16,349.78,349.78,0.76,282.49,283.28,0.00,183.10,201,6,0.2,0.0,0,0,0.0,0.0,0,
27.8.2026,17:31:5.942,8708,10545,45.2,6005,10304,36.8,2.4,2944,70,1.256,1.256,1.256,1.256,1.256,1.256,1.256,3875.0,3720.0,3720.0,4650.0,3720.0,3720.0,3720.0,100.0,518.5,69.0,13.2,82.0,56.6,12.2,4535.0,26.9,722.2,233.3,406.8,37.5,27.8,518.5,13.9,2.7,1.7,9.0,10.8,1.6,100.0,0.0,15.4,7.3,10.6,5.2,2.1,100.0,13.9,13.9,1.3,0.3,2.1,1.4,0.3,122.6,0.7,19.5,6.2,10.9,1.0,0.7,13.9,38.8,37.2,37.2,46.5,37.2,37.2,37.2,0.0,23.2,1.8,3.6,100.0,17.3,14.7,1.8,36.3,37.1,20.7,0.0,63.0,84.8,12.2,40.5,61.1,75.8,0.0,19.7,0.4,86.0,1600.0,16.00,16,18,18,36,74,560,1,45.6,45.2,48.0,35.6,34.1,32.0,45.1,35.4,35.1,31.8,33.2,33.2,31.2,26.9,1.250,0.994,1.262,12.949,5.969,12.928,15.920,37.388,1.507,0.527,0.437,4.571,1.627,1.618,0.263,15.351,5.931,21.282,37.492,1600.0,1600.0,4535.4,4535.4,4650.0,49.3,21.5,17.7,47.5,169.0,No,No,No,0.193,0.163,1.4,45.0,37.5,36.5,33.5,33.0,35.5,36.5,12.096,4.960,1.004,1.348,1.180,0.830,0.864,1.550,3.316,1.834,1219,765,550,547,1.056,1.245,34,34,42,79.0,100.0,No,No,80704,102356,0.0,0.0,0.0,0.000,0.000,45602,11170,57.8,58.0,67.8,58,58,58,58,58,58,58,58,58,83.0,0.812,12.079,12.166,12.067,12.054,12.030,0,0,183.625,75.572,157.021,25.633,86.493,74.652,14.893,157.021,29.789,26.908,107.735,290.000,320.000,1410.0,1156.5,1230.0,1410.0,1335.0,1185.0,1410.1,1155.3,1334.7,100.0,16.0,0.0,0.0,20.4,25.0,100.0,0.0,0.0,0.0,0,0,Yes,No,No,No,No,Yes,No,63.6,63.9,4,0,0,0,0,0,0,0,0,130,0,0,0,0,0,0,0,0,0,0,0,0,0,0,0,0,0,0,0,0,6517,1675,1506,115,16.0,3.6,4.9,3.0,3.0,3.0,3.0,3.6,4.9,3.0,3.0,3.0,3.0,277.80,332.55,202.39,200.60,333.22,333.22,0.67,277.22,277.80,0.00,132.97,201,6,3.0,0.8,0,0,0.0,0.0,0,
27.8.2026,17:31:6.441,8744,10510,45.4,6023,10286,36.9,2.4,2944,70,1.250,1.256,1.256,1.256,1.256,1.238,1.238,3875.0,3720.0,3720.0,4650.0,3720.0,3720.0,3720.0,100.0,558.1,123.9,55.7,149.9,186.6,4649.5,11.5,110.4,697.8,318.2,269.4,69.0,55.0,558.1,12.9,2.4,1.7,4.2,5.2,100.0,0.0,8.7,19.0,7.9,4.6,0.0,1.7,100.0,12.9,14.9,2.2,1.5,4.0,4.9,125.6,0.3,2.9,18.8,7.7,7.2,1.8,1.4,14.9,38.8,37.2,37.2,46.5,37.2,37.2,37.2,0.0,24.7,3.3,7.2,100.0,20.8,13.4,3.4,44.5,62.6,40.4,0.0,67.3,75.3,21.5,30.8,34.1,52.5,0.0,11.9,11.4,75.1,1600.0,16.00,16,18,18,36,74,560,1,46.6,48.2,47.5,36.8,35.6,33.1,48.2,35.9,35.2,32.5,33.7,33.7,32.0,27.8,1.256,0.994,1.262,14.837,5.974,14.821,19.303,40.545,1.955,1.033,0.999,5.469,2.011,1.693,0.524,18.529,5.937,24.466,40.702,1600.0,1600.0,4650.0,4650.0,4650.0,53.6,24.7,21.4,50.7,157.8,No,No,No,0.291,0.157,1.5,46.0,37.5,36.5,33.5,33.0,35.5,36.5,12.096,4.960,1.004,1.348,1.236,0.830,0.862,1.550,3.320,1.836,1219,1500,550,547,1.056,1.236,34,34,42,79.0,100.0,No,No,80704,102356,0.0,0.0,0.0,0.000,0.000,45602,11170,57.9,60.0,67.8,58,58,58,58,58,58,58,58,58,83.0,0.812,12.078,12.163,12.066,12.053,12.029,0,0,186.487,75.413,156.427,25.602,86.043,74.245,14.736,156.427,29.488,26.724,109.022,290.000,320.000,1410.0,1156.5,1230.0,1410.0,1335.0,1185.0,1410.4,1155.3,1335.1,100.0,17.0,0.0,0.0,20.5,25.0,100.0,0.0,0.0,0.0,0,0,Yes,No,No,No,No,Yes,No,64.1,64.0,4,0,0,0,0,0,0,0,0,130,0,0,0,0,0,0,0,0,0,0,0,0,0,0,0,0,0,0,0,0,6513,1679,1510,115,16.0,4.9,11.5,3.4,3.3,3.3,3.3,4.9,11.5,3.4,3.3,3.3,3.3,204.03,297.79,86.83,83.69,299.78,299.78,0.78,203.23,204.03,0.00,78.89,201,6,14.7,1.9,0,0,0.0,0.0,0,
27.8.2026,17:31:6.932,8722,10531,45.3,6021,10288,36.9,2.4,2944,70,1.238,1.238,1.238,1.238,1.238,1.238,1.238,3875.0,3720.0,3720.0,4650.0,3720.0,3720.0,3720.0,100.0,508.5,64.5,23.9,146.2,45.6,4633.0,3.5,19.6,812.7,100.9,222.6,13.4,16.2,508.5,11.3,0.0,2.1,2.3,0.0,99.7,0.0,0.0,20.6,1.8,7.3,1.8,0.0,99.7,11.3,13.7,1.0,0.6,3.9,1.2,125.2,0.1,0.5,22.0,3.4,5.9,0.3,0.4,13.7,38.8,37.2,37.2,46.5,37.2,37.2,37.2,0.0,23.0,1.8,5.0,99.7,21.9,9.1,0.8,35.9,38.9,33.1,0.3,64.0,67.3,11.6,41.1,59.3,61.9,0.0,14.1,23.6,87.7,1600.0,16.00,16,18,18,36,74,560,1,47.1,48.0,46.8,36.4,34.9,32.9,48.0,36.0,34.4,32.0,33.6,33.6,31.0,26.8,1.237,0.994,1.244,13.925,5.970,13.979,17.523,40.023,1.716,0.624,0.721,5.424,2.068,1.245,0.214,17.376,5.933,23.309,39.620,1600.0,1600.0,4649.7,4649.7,4650.0,52.1,23.3,19.5,50.5,167.7,No,No,No,0.162,0.135,1.4,47.0,37.5,36.5,33.5,33.0,35.5,36.5,12.096,4.960,1.004,1.348,1.252,0.830,0.862,1.552,3.316,1.834,1189,762,550,547,1.056,1.236,34,34,42,79.0,100.0,No,No,80704,102356,0.0,0.0,0.0,0.000,0.000,45602,11170,58.2,60.0,68.1,58,58,58,58,58,58,58,58,60,83.0,0.812,12.080,12.168,12.068,12.055,12.032,0,0,185.884,75.593,156.660,25.613,86.178,74.437,14.799,156.660,29.606,27.299,109.082,290.000,320.000,1410.0,1156.5,1230.0,1410.0,1335.0,1185.0,1410.3,1155.3,1334.7,100.0,15.0,0.0,0.0,20.5,25.0,100.0,0.0,0.0,0.0,0,0,Yes,No,No,No,No,Yes,No,64.2,65.5,4,0,0,0,0,0,0,0,0,130,0,0,0,0,0,0,0,0,0,0,0,0,0,0,0,0,0,0,0,0,6513,1679,1510,115,16.0,5.6,11.7,4.0,4.0,4.0,4.0,5.6,11.7,4.0,4.0,4.0,4.0,177.73,249.23,85.67,83.58,250.24,250.24,0.74,176.91,177.73,0.00,105.44,201,6,50.2,3.2,0,0,0.0,0.0,0,
27.8.2026,17:31:7.446,8721,10533,45.2,6010,10299,36.8,2.4,2944,70,1.238,1.238,1.238,1.238,1.238,1.238,1.238,3875.0,3720.0,3720.0,4650.0,3720.0,3720.0,3720.0,100.0,530.3,77.9,21.9,112.2,214.1,4367.3,19.1,274.7,237.8,408.9,354.3,186.9,88.1,530.3,11.2,2.9,0.0,0.0,0.0,94.1,2.1,6.1,7.9,9.1,8.2,0.0,3.9,94.1,11.2,14.2,1.3,0.6,3.0,5.7,118.0,0.5,7.4,6.4,10.9,9.5,5.0,2.3,14.2,38.8,37.2,37.2,46.5,37.2,37.2,37.2,0.0,23.9,2.0,8.5,94.3,13.6,18.7,6.1,42.9,47.0,47.8,5.7,57.7,71.3,27.8,33.2,51.0,43.7,0.0,28.7,10.0,66.2,1600.0,16.00,16,18,18,36,74,560,1,47.4,47.3,47.0,36.5,34.8,33.2,47.2,34.8,35.6,33.1,33.5,33.5,32.0,28.2,1.237,0.994,1.244,14.370,5.945,14.393,18.203,40.104,1.846,0.735,1.068,5.179,1.527,1.778,0.789,17.854,5.908,23.762,40.055,1600.0,1600.0,4635.1,4635.1,4650.0,52.7,24.0,20.2,49.8,160.7,No,No,No,0.261,0.296,1.4,47.0,37.5,36.5,33.5,33.0,35.5,36.5,12.096,4.970,1.004,1.348,1.248,0.828,0.862,1.552,3.316,1.834,1189,762,551,559,1.056,1.263,34,34,42,79.0,100.0,No,No,80704,102356,0.0,0.0,0.0,0.000,0.000,45602,11170,58.3,58.0,68.2,58,58,58,58,58,58,58,58,58,83.0,0.812,12.080,12.166,12.067,12.054,12.031,0,0,182.344,75.487,156.986,25.659,86.608,74.617,14.966,156.986,29.938,26.221,107.402,290.000,320.000,1410.0,1156.5,1230.0,1410.0,1335.0,1185.0,1410.6,1155.8,1334.5,85.0,13.0,0.0,0.0,20.5,25.0,100.0,0.0,0.0,0.0,49,49,Yes,No,No,No,No,Yes,No,64.5,64.4,4,0,0,0,0,0,0,0,0,130,0,0,0,0,0,0,0,0,0,0,0,0,0,0,0,0,0,0,0,0,6513,1679,1510,115,16.0,3.9,4.0,3.7,3.7,3.7,3.7,3.9,4.0,3.8,3.8,3.8,3.8,258.36,266.69,250.02,249.87,266.86,266.86,0.83,257.52,258.36,0.00,8.52,201,6,7.3,0.0,0,0,0.0,0.0,0,
27.8.2026,17:31:7.936,8722,10532,45.3,6023,10286,36.9,2.4,2944,70,1.232,1.238,1.231,1.231,1.231,1.231,1.231,3875.0,3720.0,3720.0,4650.0,3720.0,3720.0,3720.0,100.0,528.5,95.3,18.6,125.3,68.7,4649.1,9.4,266.8,401.1,230.8,221.0,141.8,114.5,528.5,14.2,0.6,2.1,7.7,13.9,100.0,0.0,11.4,9.5,7.7,4.6,8.2,4.7,100.0,14.2,14.2,1.9,0.5,3.3,1.8,125.6,0.2,7.2,10.8,6.1,5.9,3.8,3.0,14.2,38.8,37.2,37.2,46.5,37.2,37.2,37.2,0.0,23.5,2.5,5.0,100.0,15.5,11.6,6.5,28.3,32.7,25.7,0.0,48.2,39.9,23.4,48.2,64.8,69.4,0.0,36.4,48.5,70.2,1600.0,16.00,16,18,18,36,74,560,1,47.5,47.8,44.8,36.1,34.7,32.5,47.8,34.7,33.8,33.0,33.6,33.6,32.0,28.1,1.225,0.994,1.238,13.369,5.976,13.327,17.550,38.744,1.665,0.600,0.627,5.413,1.498,1.119,0.733,16.670,5.939,22.608,38.804,1600.0,1600.0,4650.0,4650.0,4650.0,51.1,22.2,19.5,50.3,166.3,No,No,No,0.207,0.195,1.4,47.0,37.5,36.5,33.5,33.0,35.5,36.5,12.096,4.960,1.004,1.348,1.246,0.828,0.862,1.552,3.316,1.834,1244,1518,551,559,1.056,1.263,34,34,42,79.0,100.0,No,No,80704,102356,0.0,0.0,0.0,0.000,0.113,45602,11170,58.6,60.0,68.6,58,58,58,60,58,58,58,58,58,83.0,0.812,12.080,12.166,12.068,12.055,12.031,0,0,182.154,75.487,157.700,26.242,86.393,74.525,14.750,157.700,29.505,26.961,108.976,290.000,320.000,1410.0,1156.5,1230.0,1410.0,1335.0,1185.0,1410.9,1155.4,1334.8,100.0,15.0,0.0,0.0,20.5,25.0,39.0,0.0,0.0,0.0,49,49,Yes,No,No,No,No,Yes,No,64.5,64.4,4,0,0,0,0,0,0,0,0,130,0,0,0,0,0,0,0,0,0,0,0,0,0,0,0,0,0,0,0,0,6513,1679,1510,115,16.0,3.7,4.6,3.2,3.2,3.2,3.2,3.8,4.6,3.2,3.2,3.2,3.2,266.83,316.16,217.50,216.59,317.17,317.17,0.53,266.37,266.83,0.00,75.01,201,6,0.0,0.0,0,0,0.0,0.0,0,
27.8.2026,17:31:8.441,8720,10534,45.2,6013,10297,36.8,2.4,2944,70,1.232,1.238,1.231,1.231,1.231,1.231,1.231,3875.0,3720.0,3720.0,4650.0,3720.0,3720.0,3720.0,100.0,547.8,98.1,15.7,82.3,55.0,4617.2,21.4,740.0,283.0,271.4,221.7,50.4,117.5,547.8,12.9,3.4,4.6,0.0,0.0,99.3,0.0,18.5,8.8,8.4,9.9,0.0,1.4,99.3,12.9,14.7,2.1,0.4,2.2,1.4,124.8,0.6,20.0,7.6,7.2,5.9,1.3,3.1,14.7,38.8,37.2,37.2,46.5,37.2,37.2,37.2,0.0,24.6,2.6,3.5,99.5,24.7,12.7,4.4,31.0,31.9,16.7,0.5,60.6,54.4,21.8,44.4,65.5,79.7,0.0,14.7,32.8,73.9,1600.0,16.00,16,18,18,36,74,560,1,47.6,47.6,47.0,36.4,34.6,32.2,47.6,36.8,34.4,32.6,33.5,33.5,31.5,27.1,1.237,0.994,1.244,14.014,5.927,14.041,18.002,39.531,1.769,0.587,0.437,5.366,2.382,1.322,0.520,17.437,5.890,23.327,39.612,1600.0,1600.0,4649.7,4649.7,4650.0,52.1,23.4,20.0,50.1,163.8,No,No,No,0.213,0.167,1.5,47.0,37.5,36.5,33.5,33.0,35.5,36.5,12.096,4.960,1.004,1.348,1.242,0.828,0.862,1.550,3.316,1.834,1244,1518,551,559,1.056,1.260,34,34,42,79.0,100.0,No,No,80704,102356,0.0,0.0,0.0,0.000,0.000,45602,11170,58.9,60.0,68.7,58,60,58,58,60,58,58,58,60,83.0,0.812,12.080,12.149,12.068,12.054,12.029,1319,1351,183.672,75.861,160.986,29.498,86.405,74.565,14.760,160.986,29.524,26.869,109.190,290.000,320.000,1410.0,1156.5,1230.0,1410.0,1335.0,1185.0,1410.2,1155.8,1335.1,100.0,15.0,0.0,0.0,20.5,9.7,96.8,0.0,0.0,0.0,68,68,Yes,No,No,No,No,Yes,No,64.6,65.9,4,0,0,0,0,0,0,0,0,130,0,0,0,0,0,0,0,0,0,0,0,0,0,0,0,0,0,0,0,0,6513,1679,1510,115,16.0,3.8,5.0,3.0,3.0,3.0,3.0,3.8,5.0,3.0,3.0,3.0,3.0,266.67,332.50,200.84,199.63,333.84,333.84,0.66,265.88,266.67,0.00,125.48,201,6,0.3,0.4,0,0,0.0,0.0,0,
27.8.2026,17:31:8.937,8718,10535,45.2,6024,10286,36.9,2.4,2944,70,1.238,1.238,1.238,1.238,1.238,1.238,1.238,3875.0,3720.0,3720.0,4650.0,3720.0,3720.0,3720.0,100.0,522.2,93.7,43.3,72.3,38.0,4649.6,5.5,391.0,401.2,247.8,273.1,26.5,24.8,522.2,11.7,0.0,0.0,6.1,2.3,100.0,1.5,8.9,9.2,4.9,5.7,0.0,2.0,100.0,11.7,14.0,1.2,1.1,1.9,1.0,125.7,0.1,10.5,10.8,6.6,7.3,0.7,0.6,14.0,38.8,37.2,37.2,46.5,37.2,37.2,37.2,0.0,23.6,2.5,2.9,100.0,21.0,13.7,1.3,34.6,65.7,22.5,0.0,61.4,46.2,11.9,41.8,31.8,74.5,0.0,17.6,40.1,86.7,1600.0,16.00,16,18,18,36,74,560,1,47.8,48.0,46.5,36.3,35.4,32.1,48.0,35.9,34.5,32.0,33.6,33.6,31.0,27.8,1.256,0.994,1.244,13.694,5.985,13.686,17.301,39.294,1.727,0.972,0.476,5.388,1.961,1.290,0.277,17.045,5.947,22.993,39.231,1600.0,1600.0,4650.0,4650.0,4650.0,51.6,22.8,19.2,50.5,163.8,No,No,No,0.193,0.192,1.4,47.0,37.5,36.5,33.5,33.0,35.5,36.5,12.096,4.960,1.004,1.348,1.240,0.826,0.862,1.550,3.320,1.834,1259,1517,551,559,1.056,1.260,34,34,42,79.0,100.0,No,No,80704,102356,0.0,0.0,0.0,0.000,0.000,45602,11170,59.1,60.0,69.2,59,58,58,60,60,58,60,60,60,83.0,0.812,12.075,12.160,12.064,12.050,12.026,1093,1024,188.362,76.976,158.564,26.179,87.246,75.230,15.057,158.564,30.131,27.224,110.032,290.000,320.000,1410.0,1156.5,1230.0,1410.0,1335.0,1185.0,1409.5,1155.7,1335.1,100.0,18.0,0.0,0.0,20.5,24.2,100.0,0.0,0.0,0.0,68,68,Yes,No,No,No,No,Yes,No,65.7,66.2,4,0,0,0,0,0,0,0,0,130,0,0,0,0,0,0,0,0,0,0,0,0,0,0,0,0,0,0,0,0,6514,1678,1509,115,16.0,3.5,6.5,2.7,2.7,2.7,2.7,3.5,6.5,2.7,2.7,2.7,2.7,283.49,366.42,153.22,149.90,367.09,367.09,0.62,282.85,283.49,0.00,178.26,201,6,0.1,0.0,0,0,0.0,0.0,0,
27.8.2026,17:31:9.443,8717,10536,45.2,6011,10298,36.8,2.4,2944,70,1.246,1.238,1.238,1.250,1.250,1.250,1.250,3875.0,3720.0,3720.0,4650.0,3720.0,3720.0,3720.0,100.0,519.4,76.8,28.1,81.5,76.1,4249.7,41.4,574.5,224.0,485.9,252.0,68.6,74.4,519.4,14.3,2.4,4.6,3.1,5.8,91.5,4.8,18.8,9.7,13.2,4.8,13.3,0.0,91.5,14.3,13.9,1.3,0.7,2.1,2.0,114.8,1.1,15.5,6.0,13.0,6.7,1.8,2.0,13.9,38.8,37.2,37.2,46.5,37.2,37.2,37.2,0.0,23.2,2.1,4.1,92.0,18.9,18.3,3.7,40.0,54.6,29.0,8.0,66.2,67.2,15.2,36.8,43.3,66.9,0.0,14.9,14.5,81.1,1600.0,16.00,16,18,18,36,74,560,1,47.9,46.9,48.0,36.3,34.9,32.3,46.8,35.7,35.4,32.4,33.6,33.5,33.0,28.2,1.237,0.994,1.244,13.902,5.976,13.918,16.956,39.519,1.727,0.802,0.621,5.063,1.982,1.701,0.432,17.214,5.939,23.153,39.435,1600.0,1600.0,4650.0,4612.7,4650.0,51.9,23.2,18.8,49.4,162.0,No,No,No,0.240,0.289,1.4,47.0,37.5,37.0,33.5,33.0,36.0,36.5,12.144,4.990,1.004,1.348,1.240,0.824,0.862,1.550,3.312,1.836,1261,1517,551,559,1.056,1.267,34,34,42,79.0,100.0,No,No,80704,102356,0.0,0.0,0.0,0.000,0.000,45602,11170,58.6,60.0,68.5,59,58,60,58,60,58,60,58,60,83.0,0.812,12.075,12.166,12.068,12.055,12.031,967,853,184.064,76.470,156.031,25.962,85.511,73.931,14.702,156.031,29.414,26.705,108.059,290.000,320.000,1410.0,1156.5,1230.0,1410.0,1335.0,1185.0,1409.5,1155.7,1335.1,100.0,18.0,0.0,0.0,20.5,25.0,100.0,0.0,0.0,0.0,68,68,Yes,No,No,No,No,Yes,No,65.1,64.3,4,0,0,0,0,0,0,0,0,130,0,0,0,0,0,0,0,0,0,0,0,0,0,0,0,0,0,0,0,0,6514,1678,1509,115,16.0,3.5,6.5,2.7,2.7,2.7,2.7,3.5,6.5,2.7,2.7,2.7,2.7,283.49,366.42,153.22,149.90,367.09,367.09,0.62,282.85,283.49,0.00,178.26,201,6,0.1,0.0,0,0,0.0,0.0,0,
27.8.2026,17:31:9.940,8719,10534,45.2,6024,10285,36.9,2.4,2944,70,1.246,1.238,1.238,1.238,1.238,1.238,1.238,3875.0,3720.0,3720.0,4650.0,3720.0,3720.0,3720.0,100.0,519.4,143.5,69.8,100.1,108.7,4649.5,5.7,407.0,275.8,536.1,267.4,49.1,36.8,554.1,14.3,1.5,0.0,0.0,1.4,100.0,0.0,9.6,6.0,12.2,7.8,0.0,5.4,100.0,12.0,13.9,2.9,1.4,2.6,2.8,125.7,0.1,11.0,7.4,13.6,6.3,1.3,0.9,14.7,38.8,37.2,37.2,46.5,37.2,37.2,37.2,0.0,23.2,2.1,4.1,92.0,18.9,18.3,3.7,40.0,54.6,29.0,8.0,66.2,67.2,15.2,36.8,43.3,66.9,0.0,14.9,14.5,81.1,1600.0,16.00,16,18,18,36,74,560,1,47.9,46.9,48.0,36.2,34.9,32.3,46.8,35.7,35.4,32.4,33.5,33.5,33.0,28.2,1.237,0.994,1.244,13.902,5.976,13.918,16.956,39.519,1.767,0.802,0.621,5.063,1.982,1.701,0.432,17.214,5.939,23.153,39.435,1600.0,1600.0,4612.7,4612.7,4650.0,51.9,23.2,18.8,49.4,162.0,No,No,No,0.240,0.289,1.4,48.0,38.0,37.0,33.5,33.0,36.0,37.0,12.096,4.970,1.004,1.348,1.242,0.824,0.862,1.550,3.316,1.834,1261,760,551,559,1.056,1.267,34,34,42,79.0,100.0,No,No,80704,102356,0.0,0.0,0.0,0.000,0.000,45602,11170,59.1,60.0,69.0,59,60,58,60,60,60,58,58,60,83.0,0.812,12.080,12.164,12.068,12.054,12.031,950,849,181.518,75.150,157.759,26.286,86.319,74.531,14.702,157.759,29.414,26.905,109.082,290.000,320.000,1410.0,1156.5,1230.0,1410.0,1335.0,1185.0,1410.1,1155.0,1335.1,76.0,12.0,0.0,0.0,20.5,23.3,93.2,0.0,0.0,0.0,69,69,Yes,No,No,No,No,Yes,No,63.9,64.3,4,0,0,0,0,0,0,0,0,130,0,0,0,0,0,0,0,0,0,0,0,0,0,0,0,0,0,0,0,0,6514,1678,1509,115,16.0,3.6,6.6,2.5,2.5,2.5,2.5,3.6,6.6,2.5,2.5,2.5,2.5,274.63,397.19,152.07,149.82,399.69,399.69,1.14,273.74,274.63,0.00,233.76,201,6,0.4,0.4,0,0,0.0,0.0,0,
27.8.2026,17:31:10.445,8720,10533,45.2,6012,10297,36.8,2.4,2944,70,1.232,1.238,1.231,1.231,1.231,1.231,1.231,3875.0,3720.0,3720.0,4650.0,3720.0,3720.0,3720.0,100.0,551.3,65.2,17.6,262.3,138.4,4644.8,14.8,421.5,225.5,432.1,307.7,52.7,33.4,551.3,12.9,2.2,1.6,17.7,0.0,99.9,1.4,0.0,7.1,11.7,8.5,0.0,4.8,99.9,12.9,14.6,1.1,0.4,6.7,3.5,125.5,0.4,11.4,6.1,10.8,7.5,1.3,0.8,14.6,38.8,37.2,37.2,46.5,37.2,37.2,37.2,0.0,23.9,1.7,8.5,99.9,17.1,14.2,2.0,42.8,49.2,46.1,0.1,61.5,68.1,31.5,33.3,49.2,45.3,0.0,21.4,17.6,66.5,1600.0,16.00,16,18,18,36,74,560,1,48.1,48.2,46.8,36.5,35.1,33.5,48.2,35.7,35.2,32.5,33.6,33.7,31.8,27.8,1.231,0.994,1.244,14.412,5.956,14.426,18.853,40.261,1.844,0.772,1.172,5.467,1.864,1.761,0.571,18.007,5.919,23.926,40.193,1600.0,1600.0,4650.0,4650.0,4650.0,52.9,24.0,20.9,50.7,154.7,No,No,No,0.193,0.196,1.4,48.0,38.0,37.0,33.5,33.0,35.5,37.0,12.096,4.960,1.004,1.348,1.246,0.826,0.862,1.550,3.316,1.834,1232,760,551,559,1.056,1.252,34,34,42,79.0,100.0,No,No,80704,102356,0.0,0.0,0.0,0.000,0.000,45602,11170,59.2,60.0,69.3,59,60,58,58,60,60,58,60,60,83.0,0.812,12.079,12.160,12.066,12.053,12.028,986,906,181.405,75.862,158.035,26.278,86.573,74.704,14.771,158.035,29.558,26.874,109.217,290.000,320.000,1410.0,1156.5,1230.0,1410.0,1335.0,1185.0,1410.1,1154.9,1335.3,100.0,16.0,0.0,0.0,20.5,25.0,96.1,0.0,0.0,0.0,69,69,Yes,No,No,No,No,Yes,No,64.5,63.0,4,0,0,0,0,0,0,0,0,130,0,0,0,0,0,0,0,0,0,0,0,0,0,0,0,0,0,0,0,0,6514,1678,1509,115,16.0,3.3,11.1,2.3,2.3,2.3,2.3,3.3,11.2,2.3,2.3,2.3,2.3,305.64,432.93,89.95,84.26,433.60,433.60,0.85,304.70,305.64,0.00,305.50,201,6,0.0,0.0,0,0,0.0,0.0,0,
27.8.2026,17:31:10.943,8720,10533,45.2,6012,10297,36.8,2.4,2944,70,1.232,1.238,1.231,1.231,1.231,1.231,1.231,3875.0,3720.0,3720.0,4650.0,3720.0,3720.0,3720.0,100.0,551.3,65.2,17.6,262.3,138.4,4644.8,14.8,421.5,225.5,432.1,307.7,52.7,33.4,551.3,12.9,2.2,1.6,17.7,0.0,99.9,1.4,0.0,7.1,11.7,8.5,0.0,4.8,99.9,12.9,14.6,1.1,0.4,6.7,3.5,125.5,0.4,11.4,6.1,10.8,7.5,1.3,0.8,14.6,38.8,37.2,37.2,46.5,37.2,37.2,37.2,0.0,23.9,1.7,8.5,99.9,17.1,14.2,2.0,42.8,49.2,46.1,0.1,61.5,68.1,31.5,33.3,49.2,45.3,0.0,21.4,17.6,66.5,1600.0,16.00,16,18,18,36,74,560,1,48.1,48.2,46.8,36.7,35.1,33.5,48.2,35.7,35.2,32.5,33.7,33.7,31.8,27.8,1.231,0.994,1.244,14.412,5.956,14.426,18.853,40.261,1.934,0.772,1.172,5.467,1.864,1.761,0.571,18.007,5.919,23.926,40.193,1600.0,1600.0,4650.0,4650.0,4650.0,52.9,24.0,20.9,50.7,154.7,No,No,No,0.207,0.162,1.4,48.0,38.0,37.0,33.5,33.0,36.0,37.0,12.096,4.960,1.004,1.348,1.244,0.824,0.862,1.552,3.316,1.836,1232,760,551,559,1.056,1.252,34,34,42,79.0,100.0,No,No,80704,102356,0.0,0.0,0.0,0.000,0.000,45602,11170,59.2,60.0,69.3,59,60,58,58,60,60,58,60,60,83.0,0.812,12.077,12.160,12.066,12.053,12.028,986,906,181.405,76.005,158.035,26.278,86.573,74.704,14.771,158.035,29.558,26.874,109.217,290.000,320.000,1410.0,1156.5,1230.0,1410.0,1335.0,1185.0,1410.1,1154.9,1335.3,100.0,16.0,0.0,0.0,20.5,24.0,96.1,0.0,0.0,0.0,69,69,Yes,No,No,No,No,Yes,No,64.7,64.3,4,0,0,0,0,0,0,0,0,130,0,0,0,0,0,0,0,0,0,0,0,0,0,0,0,0,0,0,0,0,6514,1678,1509,115,16.0,3.1,11.1,2.2,2.2,2.2,2.2,3.1,11.1,2.2,2.2,2.2,2.2,322.23,449.80,89.96,83.65,450.13,450.13,0.67,321.53,322.23,0.00,355.68,201,6,0.5,0.4,0,0,0.0,0.0,0,
27.8.2026,17:31:11.442,8720,10533,45.2,6015,10294,36.8,2.4,2944,70,1.238,1.238,1.238,1.238,1.238,1.238,1.238,3875.0,3720.0,3720.0,4650.0,3720.0,3720.0,3720.0,100.0,545.9,58.2,15.5,87.2,64.2,4644.9,7.8,409.5,151.1,504.8,395.9,115.2,96.9,545.9,16.1,2.2,0.0,0.4,17.8,99.9,0.0,27.4,2.3,11.2,11.0,20.9,0.0,99.9,16.1,14.6,1.1,0.4,2.3,1.7,125.5,0.2,11.0,4.1,13.0,10.0,3.0,2.6,14.6,38.8,37.2,37.2,46.5,37.2,37.2,37.2,0.0,23.6,1.5,4.0,99.9,15.2,16.8,4.1,39.5,63.7,28.4,0.1,60.2,66.4,18.1,36.9,34.7,67.6,0.0,24.6,16.7,77.8,1600.0,16.00,16,18,18,36,74,560,1,48.2,48.2,48.5,36.7,35.5,32.4,48.2,35.4,35.9,32.7,33.7,33.7,32.5,27.9,1.250,0.994,1.262,14.485,5.976,14.459,17.778,40.130,1.863,0.933,0.607,5.433,1.725,1.957,0.523,18.073,5.939,24.012,40.226,1600.0,1600.0,4650.0,4650.0,4650.0,52.9,24.1,19.8,50.8,161.1,No,No,No,0.188,0.168,1.4,48.0,38.0,37.0,33.5,33.0,36.0,37.0,12.096,4.970,1.002,1.348,1.242,0.824,0.862,1.552,3.316,1.834,1284,761,550,559,1.056,1.240,34,34,42,79.0,100.0,No,No,80704,102356,0.0,0.0,0.0,0.000,0.000,45602,11170,59.3,60.0,69.2,60,60,58,60,60,60,60,60,60,83.0,0.812,12.077,12.160,12.065,12.053,12.028,1038,990,186.787,76.157,158.034,26.315,86.617,74.704,14.807,158.034,29.630,27.377,109.897,290.000,320.000,1410.0,1156.5,1230.0,1410.0,1335.0,1185.0,1410.9,1155.1,1335.0,100.0,16.0,0.0,0.0,20.5,23.9,95.8,0.0,0.0,0.0,69,69,Yes,No,No,No,No,Yes,No,64.7,65.6,4,0,0,0,0,0,0,0,0,130,0,0,0,0,0,0,0,0,0,0,0,0,0,0,0,0,0,0,0,0,6514,1678,1509,115,16.0,3.1,24.1,2.0,2.0,2.0,2.0,3.1,24.0,2.0,2.0,2.0,2.0,327.79,499.06,41.51,34.00,500.06,500.06,0.80,327.05,327.79,0.00,416.89,201,6,0.0,0.0,0,0,0.0,0.0,0,
27.8.2026,17:31:11.946,8722,10532,45.2,6028,10282,36.9,2.4,2944,70,1.236,1.238,1.231,1.231,1.231,1.244,1.244,3875.0,3720.0,3720.0,4650.0,3720.0,3720.0,3720.0,100.0,584.2,102.9,27.4,212.9,245.3,90.7,4336.6,335.4,279.6,739.7,546.5,43.1,50.0,584.2,13.4,0.0,1.9,6.5,7.4,0.0,93.6,9.8,7.5,19.9,11.6,2.3,0.0,93.6,13.4,15.3,1.8,0.7,5.5,6.3,2.5,117.1,8.7,6.4,19.4,13.3,1.1,1.3,15.3,38.8,37.2,37.2,46.5,37.2,37.2,37.2,0.0,24.1,2.7,9.5,95.1,11.5,23.3,2.4,40.6,56.5,44.6,4.9,41.0,75.1,21.7,35.3,40.8,45.9,0.0,47.5,1.6,75.9,1600.0,16.00,16,18,18,36,74,560,1,48.2,47.7,48.5,36.6,35.4,33.5,47.7,34.3,36.7,32.1,33.7,33.7,31.8,27.6,1.250,0.994,1.262,14.253,6.005,14.223,18.122,39.718,1.915,0.888,1.185,5.253,1.337,2.384,0.441,17.698,5.968,23.666,39.895,1600.0,1600.0,4633.6,4633.6,4650.0,52.5,23.7,20.1,50.3,154.5,No,No,No,0.231,0.338,1.4,48.0,38.0,37.0,34.0,33.5,36.0,37.0,12.096,4.970,1.004,1.348,1.242,0.824,0.862,1.550,3.316,1.834,1284,761,550,559,1.056,1.240,34,34,42,79.0,100.0,No,No,80704,102356,0.0,0.0,0.0,0.000,0.000,45602,11170,58.9,60.0,68.8,60,60,60,60,60,60,60,58,60,83.0,0.812,12.077,12.160,12.065,12.053,12.028,1081,1049,186.720,75.703,157.395,26.253,86.472,74.462,14.915,157.395,29.837,26.602,107.999,290.000,320.000,1410.0,1156.5,1230.0,1410.0,1335.0,1185.0,1410.2,1155.5,1335.4,82.0,11.0,0.0,0.0,20.5,25.0,100.0,0.0,0.0,0.0,69,69,Yes,No,No,No,No,Yes,No,64.6,63.7,4,0,0,0,0,0,0,0,0,130,0,0,0,0,0,0,0,0,0,0,0,0,0,0,0,0,0,0,0,0,6514,1678,1509,115,16.0,3.0,38.4,2.0,2.0,2.0,2.0,3.0,38.0,2.0,2.0,2.0,2.0,338.94,500.38,26.05,17.34,500.38,500.38,0.69,338.26,338.94,0.00,477.95,201,6,0.0,0.0,0,0,0.0,0.0,0,
27.8.2026,17:31:12.435,8719,10534,45.2,6012,10297,36.8,2.4,2944,70,1.232,1.238,1.231,1.231,1.231,1.231,1.231,3875.0,3720.0,3720.0,4650.0,3720.0,3720.0,3720.0,100.0,541.4,75.0,26.8,96.9,103.0,20.6,4631.8,536.5,134.5,380.9,302.1,97.2,92.1,541.4,14.4,2.2,0.0,3.4,3.2,1.3,99.7,12.5,2.5,10.7,9.5,18.7,9.0,99.7,14.4,14.6,1.3,0.7,2.5,2.3,0.5,125.2,14.6,4.8,9.9,8.8,2.5,2.4,14.6,38.8,37.2,37.2,46.5,37.2,37.2,37.2,0.0,23.8,2.1,5.4,99.7,16.9,15.2,3.7,38.5,55.5,31.8,0.3,49.7,78.1,15.3,37.7,42.4,62.8,0.0,33.4,6.6,81.0,1600.0,16.00,16,18,18,36,74,560,1,48.4,48.4,47.5,36.7,35.4,32.6,48.3,35.5,36.0,32.4,33.7,33.7,31.8,27.1,1.250,0.994,1.262,14.283,5.986,14.312,18.040,40.092,1.853,0.869,0.762,5.437,1.782,1.794,0.472,17.808,5.949,23.757,40.037,1600.0,1600.0,4649.7,4649.7,4650.0,52.7,23.9,20.0,50.9,158.7,No,No,No,0.192,0.141,1.4,48.0,38.0,37.0,33.5,33.5,36.0,37.0,12.096,4.960,1.002,1.348,1.242,0.822,0.862,1.550,3.316,1.836,1294,745,551,559,1.056,1.237,34,34,42,79.0,100.0,No,No,80704,102356,0.0,0.0,0.0,0.000,0.000,45602,11170,59.5,60.0,69.5,60,60,60,60,60,60,60,60,60,83.0,0.812,12.079,12.164,12.067,12.055,12.030,1116,1096,182.660,76.164,158.341,26.469,86.655,74.739,14.785,158.341,29.565,27.171,109.412,290.000,320.000,1410.0,1156.5,1230.0,1410.0,1335.0,1185.0,1409.8,1155.3,1335.0,100.0,17.0,0.0,0.0,20.5,25.0,100.0,0.0,0.0,0.0,69,69,Yes,No,No,No,No,Yes,No,64.8,64.3,4,0,0,0,0,0,0,0,0,130,0,0,0,0,0,0,0,0,0,0,0,0,0,0,0,0,0,0,0,0,6514,1678,1509,115,16.0,3.0,38.6,2.0,2.0,2.0,2.0,3.0,38.5,2.0,2.0,2.0,2.0,333.47,500.04,25.88,17.48,500.38,500.38,0.81,332.74,333.47,0.00,478.05,201,6,0.1,0.0,0,0,0.0,0.0,0,
27.8.2026,17:31:12.949,8722,10531,45.3,6015,10294,36.8,2.4,2944,70,1.232,1.238,1.231,1.231,1.231,1.231,1.231,3875.0,3720.0,3720.0,4650.0,3720.0,3720.0,3720.0,100.0,560.8,123.3,42.2,67.0,120.7,7.9,4649.4,429.2,185.3,607.4,365.2,78.6,52.8,560.8,15.7,2.5,21.3,0.0,0.0,0.0,100.0,14.5,8.3,13.5,9.8,5.5,12.7,100.0,15.7,14.9,2.0,1.1,1.7,2.8,0.2,125.7,11.5,5.0,15.9,9.4,2.1,1.3,14.9,38.8,37.2,37.2,46.5,37.2,37.2,37.2,0.0,23.9,3.3,4.8,100.0,14.1,18.5,3.0,38.1,51.3,28.4,0.0,52.7,77.2,18.8,38.0,45.4,66.8,0.0,33.2,4.4,78.3,1600.0,16.00,16,18,18,36,74,560,1,48.5,48.3,48.0,36.6,35.5,32.4,48.3,35.1,36.2,32.3,33.7,33.7,31.8,27.7,1.250,0.994,1.262,14.265,5.967,14.268,17.992,40.043,1.850,0.875,0.651,5.453,1.595,2.067,0.459,17.785,5.929,23.715,39.974,1600.0,1600.0,4650.0,4650.0,4650.0,52.6,23.8,20.0,50.8,159.9,No,No,No,0.226,0.197,1.4,48.0,38.5,37.0,33.5,33.5,36.0,37.0,12.096,4.960,1.002,1.348,1.246,0.822,0.860,1.552,3.316,1.834,1294,745,551,559,1.056,1.237,34,34,42,79.0,100.0,No,No,80704,102356,0.0,0.0,0.0,0.000,0.000,45602,11170,59.4,62.0,69.5,61,60,60,62,62,60,62,60,60,83.0,0.812,12.079,12.163,12.068,12.054,12.029,1132,1124,182.730,76.352,158.558,26.516,86.827,74.854,14.844,158.558,29.688,27.420,109.900,290.000,320.000,1410.0,1156.5,1230.0,1410.0,1335.0,1185.0,1410.4,1155.2,1335.0,100.0,15.0,0.0,0.0,20.5,10.3,41.3,0.0,0.0,0.0,69,69,Yes,No,No,No,No,Yes,No,64.9,64.9,4,0,0,0,0,0,0,0,0,130,0,0,0,0,0,0,0,0,0,0,0,0,0,0,0,0,0,0,0,0,6514,1678,1509,115,16.0,3.1,23.8,2.1,2.1,2.1,2.1,3.1,23.8,2.1,2.1,2.1,2.1,327.82,483.14,42.08,34.29,483.48,483.48,0.82,326.96,327.82,0.00,450.06,201,6,0.0,0.0,0,0,0.0,0.0,0,
27.8.2026,17:31:13.457,8657,10596,44.9,6015,10295,36.8,2.4,2944,70,1.177,0.969,1.219,1.219,1.219,1.219,1.219,3850.0,3675.0,3700.0,4625.0,3700.0,3700.0,3700.0,100.0,511.4,79.0,15.9,106.1,67.7,70.2,4225.6,524.8,81.7,543.7,228.8,68.5,124.7,511.4,15.0,0.5,8.0,12.6,11.8,6.4,90.8,13.3,1.2,15.6,5.1,3.8,10.7,90.8,15.0,13.7,1.5,0.4,2.8,1.7,1.8,114.2,14.2,2.2,14.5,6.1,1.8,3.3,13.7,38.5,36.8,37.0,46.2,37.0,37.0,37.0,0.0,22.6,2.0,4.4,92.0,14.5,17.3,5.1,38.4,40.5,23.1,8.0,64.3,70.0,24.5,39.1,57.5,72.5,0.0,21.2,12.8,70.4,1600.0,16.00,16,18,18,36,74,560,1,48.4,47.4,43.0,36.4,35.0,32.4,47.2,35.5,35.6,32.7,33.7,33.7,32.0,28.0,1.237,0.994,1.250,13.838,5.996,13.847,16.674,39.724,1.735,0.689,0.559,5.098,1.731,1.734,0.601,17.152,5.959,23.111,39.386,1600.0,1600.0,4608.9,4608.9,4650.0,51.8,23.1,18.5,49.8,164.2,No,No,No,0.214,0.308,1.4,48.0,38.0,37.0,33.5,33.5,36.0,37.0,12.168,4.990,1.004,1.348,1.200,0.822,0.862,1.556,3.336,1.834,1261,745,552,559,1.056,1.260,34,34,42,79.0,100.0,No,No,80704,102356,0.0,0.0,0.0,0.000,0.023,45602,11170,56.9,62.0,67.1,60,60,60,60,60,60,62,60,60,83.0,0.812,12.077,12.161,12.066,12.053,12.028,1146,1139,186.941,76.484,158.761,26.500,86.996,75.045,14.903,158.761,29.815,27.406,110.174,290.000,320.000,1410.0,1156.5,1230.0,1410.0,1335.0,1185.0,1409.7,1155.3,1335.2,100.0,17.0,0.0,0.0,17.4,25.0,100.0,0.0,0.0,0.0,69,69,Yes,No,No,No,No,Yes,No,27.2,23.6,4,0,0,0,0,0,0,0,0,130,0,0,0,0,0,0,0,0,0,0,0,0,0,0,0,0,0,0,0,0,6770,1422,1253,115,16.0,3.2,11.1,2.1,2.1,2.1,2.1,3.2,11.2,2.1,2.1,2.1,2.1,316.61,465.23,89.92,84.23,466.57,466.57,0.71,315.84,316.61,0.00,377.62,201,6,0.0,0.0,0,0,0.0,0.0,0,
27.8.2026,17:31:13.962,6356,12897,33.0,5295,11014,32.4,2.4,2944,70,1.123,0.956,1.156,1.156,1.156,1.156,1.156,3780.0,3675.0,3620.0,3620.0,3620.0,4525.0,3620.0,100.0,500.9,649.6,466.6,219.6,228.3,185.7,2589.4,477.2,67.1,564.8,463.4,55.0,44.8,500.9,9.8,6.3,4.5,6.5,3.7,5.1,54.8,10.3,0.0,14.3,12.3,0.0,0.0,54.8,9.8,12.3,5.5,12.6,5.8,5.9,4.9,69.9,12.9,1.8,14.4,11.6,1.4,1.1,12.3,37.8,36.8,36.2,36.2,36.2,45.2,36.2,0.0,20.4,17.1,10.4,59.9,12.4,20.2,2.3,53.0,58.2,67.6,40.1,58.3,69.9,23.8,26.6,24.8,22.0,0.0,29.3,9.9,73.8,1600.0,16.00,16,18,18,36,74,560,1,48.2,42.9,44.5,35.7,35.9,33.7,41.7,35.2,35.6,32.3,33.6,33.6,32.5,27.6,1.188,0.994,1.200,13.693,6.191,13.717,14.106,38.918,1.720,1.316,1.313,3.833,1.502,1.900,0.455,16.474,6.152,22.626,39.096,1600.0,1600.0,4378.5,4378.5,4650.0,51.4,22.9,15.7,45.1,158.8,No,No,No,1.264,1.867,1.2,48.0,38.0,37.0,34.0,33.5,36.0,37.0,12.168,4.990,1.004,1.348,1.132,0.820,0.860,1.558,3.340,1.834,1261,745,552,559,1.056,1.260,34,34,42,79.0,100.0,No,No,80704,102356,0.0,0.1,0.1,0.000,0.057,45602,11170,52.4,58.0,62.5,58,58,58,58,58,58,58,58,58,83.0,0.819,12.157,12.255,12.139,12.118,12.114,1155,1157,155.332,22.107,40.858,2.598,33.272,31.082,13.059,40.858,26.120,2.216,8.898,290.000,320.000,1455.0,1187.7,1275.0,1410.0,1380.0,1215.0,1455.2,1186.5,1380.4,0.0,0.0,0.0,0.0,9.0,0.0,0.1,0.0,0.0,0.0,69,69,Yes,No,No,No,No,Yes,No,23.4,23.5,4,0,0,0,0,0,0,0,0,130,0,0,0,0,0,0,0,0,0,0,0,0,0,0,0,0,0,0,0,0,7455,737,568,41,16.0,4.9,161.3,2.5,2.5,2.5,2.5,4.9,46.2,2.5,2.5,2.5,2.5,203.51,398.83,6.20,0.95,399.66,399.66,0.46,203.02,203.51,0.00,211.54,201,6,0.4,0.4,0,0,0.0,0.0,0,
27.8.2026,17:31:14.478,6355,12898,33.0,5292,11017,32.4,2.4,2944,70,0.939,0.912,0.906,0.906,0.969,0.969,0.969,3525.0,3675.0,3675.0,2940.0,3620.0,3620.0,3620.0,100.0,155.0,305.3,124.9,10.7,14.0,133.8,168.7,528.5,97.6,150.1,295.7,18.5,12.7,155.0,3.0,2.4,0.0,0.0,13.6,2.7,3.5,8.7,1.9,0.0,3.2,0.0,0.0,13.6,3.0,3.6,3.1,3.0,0.2,0.3,3.5,4.3,14.3,2.6,3.8,7.7,0.5,0.3,3.6,35.2,36.8,36.8,29.4,36.2,36.2,36.2,34.7,5.3,4.2,0.6,6.0,12.2,7.9,0.8,25.2,16.3,9.7,41.6,43.0,38.0,2.4,69.6,79.6,89.8,52.5,44.8,54.1,96.8,1600.0,16.00,16,18,18,36,74,560,1,47.0,35.0,35.8,32.1,31.7,31.3,32.2,34.0,32.2,31.1,31.8,31.8,31.2,27.1,1.175,0.994,1.181,5.504,5.406,5.552,5.552,26.448,0.562,0.490,0.139,0.817,1.132,0.722,0.073,6.022,5.381,11.403,26.129,1600.0,1600.0,3011.9,3011.9,4650.0,34.4,9.3,6.2,36.9,176.3,No,No,No,0.245,0.094,0.3,47.0,38.0,37.0,34.0,33.5,36.0,37.0,12.168,5.000,1.002,1.348,0.970,0.820,0.860,1.558,3.340,1.834,1267,763,553,560,1.056,1.262,34,34,42,79.0,100.0,No,No,80704,102356,0.0,0.0,0.0,0.000,0.066,45602,11170,51.5,58.0,61.3,58,58,56,58,58,58,58,56,58,83.0,0.819,12.158,12.257,12.140,12.118,12.115,1159,1162,101.056,22.179,41.067,2.660,33.336,31.205,13.073,41.067,26.161,2.180,8.862,290.000,320.000,1455.0,1187.7,1275.0,1419.4,1380.0,1215.0,1455.4,1186.6,1379.4,0.0,0.0,0.0,0.0,9.0,0.0,0.1,0.0,0.0,0.0,69,69,Yes,No,No,No,No,Yes,No,23.1,23.4,4,0,0,0,0,0,0,0,0,130,0,0,0,0,0,0,0,0,0,0,0,0,0,0,0,0,0,0,0,0,7455,737,568,41,16.0,4.4,6.6,2.9,2.9,2.9,2.9,4.4,6.6,2.9,2.9,2.9,2.9,227.90,345.77,151.57,150.98,349.08,349.08,0.48,227.41,227.90,0.00,129.25,201,6,0.4,0.4,0,0,0.0,0.0,0,
27.8.2026,17:31:14.996,6353,12901,32.9,5290,11019,32.4,2.4,2944,70,0.584,0.912,0.519,0.519,0.519,0.519,0.519,3675.0,3675.0,3675.0,3675.0,3675.0,3675.0,3675.0,100.0,157.7,382.1,12.8,26.4,6.3,68.2,126.5,477.8,337.8,176.3,250.4,5.0,22.9,157.7,5.4,2.0,0.0,1.6,4.0,2.6,3.9,8.7,5.6,5.0,9.3,20.4,1.5,20.4,5.4,3.4,1.0,0.3,0.7,0.1,1.8,3.3,12.9,9.1,4.7,6.7,0.1,0.6,3.4,36.8,36.8,36.8,36.8,36.8,36.8,36.8,22.1,5.0,1.3,0.8,4.5,13.9,9.1,0.6,24.1,1.2,1.8,54.7,48.6,36.6,1.6,70.9,97.5,97.4,41.0,37.5,54.4,97.9,1600.0,16.00,16,18,18,36,74,560,1,46.5,34.9,36.0,31.8,30.9,31.1,31.5,34.2,32.1,31.0,31.7,31.7,32.2,27.7,1.175,0.994,1.181,5.629,5.606,5.634,5.634,26.908,0.529,0.347,0.088,0.657,1.303,0.688,0.091,6.053,5.577,11.630,26.813,1600.0,1600.0,3239.9,3239.9,4650.0,35.3,9.4,6.3,36.8,188.6,No,No,No,0.185,0.062,0.3,46.0,38.0,36.5,33.5,33.5,36.0,36.5,12.192,4.990,1.002,1.348,0.938,0.820,0.860,1.558,3.340,1.834,1261,763,553,560,1.056,1.262,34,34,42,79.0,100.0,No,No,80704,102356,0.0,0.0,0.0,0.000,0.000,45602,11170,51.0,58.0,60.7,58,58,58,58,58,56,56,58,58,83.0,0.819,12.159,12.256,12.142,12.121,12.118,1157,1165,67.216,22.073,40.829,2.635,33.258,31.018,13.051,40.829,26.113,2.161,8.761,290.000,320.000,1455.0,1187.7,1275.0,1419.4,1380.0,1215.0,1455.0,1186.9,1380.3,0.0,0.0,0.0,0.0,9.0,0.0,0.0,0.0,0.0,0.0,69,69,Yes,No,No,No,No,Yes,No,23.1,23.1,4,0,0,0,0,0,0,0,0,130,0,0,0,0,0,0,0,0,0,0,0,0,0,0,0,0,0,0,0,0,7455,737,568,41,16.0,3.4,5.9,2.7,2.7,2.7,2.7,3.4,5.9,2.7,2.7,2.7,2.7,294.11,365.97,170.57,167.30,366.32,366.32,0.47,293.66,294.11,0.00,193.74,201,6,0.4,0.0,0,0,0.0,0.0,0,
27.8.2026,17:31:15.481,6353,12901,32.9,5290,11019,32.4,2.4,2944,70,0.584,0.912,0.519,0.519,0.519,0.519,0.519,3675.0,3675.0,3675.0,3675.0,3675.0,3675.0,3675.0,100.0,157.7,382.1,12.8,26.4,6.3,68.2,126.5,477.8,337.8,176.3,250.4,5.0,22.9,157.7,5.4,2.0,0.0,1.6,4.0,2.6,3.9,8.7,5.6,5.0,9.3,20.4,1.5,20.4,5.4,3.4,1.0,0.3,0.7,0.1,1.8,3.3,12.9,9.1,4.7,6.7,0.1,0.6,3.4,36.8,36.8,36.8,36.8,36.8,36.8,36.8,22.1,5.0,1.3,0.8,4.5,13.9,9.1,0.6,24.1,1.2,1.8,54.7,48.6,36.6,1.6,70.9,97.5,97.4,41.0,37.5,54.4,97.9,1600.0,16.00,16,18,18,36,74,560,1,46.5,34.9,36.0,31.8,30.9,31.1,31.5,34.2,32.1,31.0,31.7,31.7,32.2,27.7,1.175,0.994,1.181,5.629,5.606,5.634,5.634,26.908,0.529,0.347,0.088,0.657,1.303,0.688,0.091,6.053,5.577,11.630,26.813,1600.0,1600.0,3239.9,3239.9,4650.0,35.3,9.4,6.3,36.8,188.6,No,No,No,0.185,0.062,0.3,46.0,38.0,36.5,34.0,33.5,36.0,36.5,12.168,5.010,1.002,1.352,0.860,0.818,0.860,1.560,3.344,1.834,1261,764,555,547,1.057,1.262,34,34,42,79.0,100.0,No,No,80704,102356,0.0,0.0,0.0,0.000,0.000,45602,11170,50.0,58.0,59.2,56,56,56,56,56,56,56,56,56,83.0,0.794,12.168,12.258,12.152,12.126,12.136,1158,1163,67.144,17.131,31.425,2.329,25.739,23.234,9.939,31.425,19.897,2.032,8.160,290.000,320.000,1455.0,625.2,1275.0,1455.0,1380.0,1215.0,1454.6,624.7,1379.6,0.0,0.0,0.0,0.0,9.0,0.0,0.0,0.0,0.0,0.0,69,69,Yes,No,No,No,No,Yes,No,17.7,17.9,4,0,0,0,0,0,0,0,0,130,0,0,0,0,0,0,0,0,0,0,0,0,0,0,0,0,0,0,0,0,7455,737,568,41,16.0,3.4,5.9,2.7,2.7,2.7,2.7,3.4,5.9,2.7,2.7,2.7,2.7,294.11,365.97,170.57,167.30,366.32,366.32,0.47,293.66,294.11,0.00,193.74,201,6,0.4,0.0,0,0,0.0,0.0,0,
27.8.2026,17:31:15.982,6355,12899,33.0,5291,11018,32.4,2.4,2944,70,1.153,0.950,1.194,1.194,1.194,1.194,1.194,3930.8,3675.0,3620.0,3620.0,4525.0,4525.0,3620.0,100.0,161.9,166.6,26.9,34.5,33.7,222.0,266.8,477.1,35.2,158.5,480.1,11.7,29.8,161.9,4.1,0.0,2.6,2.7,0.0,3.9,4.9,14.9,5.5,5.5,9.8,0.0,0.0,14.9,4.1,4.0,1.0,0.7,0.9,0.9,5.9,7.1,12.8,0.9,4.2,12.9,0.3,0.7,4.0,39.3,36.8,36.2,36.2,45.2,45.2,36.2,5.1,6.2,1.8,1.6,9.9,10.5,12.5,1.0,27.7,4.2,20.7,69.9,25.4,42.3,3.4,66.2,94.1,77.7,20.2,64.0,45.4,95.7,1600.0,16.00,16,18,18,36,74,560,1,45.9,34.8,47.5,31.9,31.2,31.2,32.7,33.1,32.6,30.9,31.8,31.8,31.5,26.9,1.194,0.994,1.206,6.323,5.882,6.206,6.206,28.032,0.567,0.199,0.276,0.978,0.912,0.885,0.150,6.812,5.846,12.659,28.432,1600.0,1600.0,3775.9,3775.9,4650.0,37.4,10.3,6.9,36.6,198.2,No,No,No,0.235,0.085,0.4,45.0,38.0,36.5,34.0,33.5,36.0,36.5,12.168,4.990,1.002,1.348,1.042,0.820,0.860,1.558,3.344,1.834,1234,764,555,547,1.057,1.254,34,34,42,79.0,100.0,No,No,80704,102356,0.0,0.0,0.0,0.000,0.000,45602,11170,49.7,56.0,58.7,56,56,54,56,56,54,56,56,56,83.0,0.794,12.167,12.258,12.151,12.124,12.136,1155,1161,60.291,17.027,31.141,2.292,25.591,23.121,9.939,31.141,19.898,2.011,8.109,290.000,320.000,1455.0,625.2,1275.0,1455.0,1380.0,1215.0,1455.3,624.6,1379.9,0.0,0.0,0.0,0.0,9.0,0.0,0.0,0.0,0.0,0.0,69,69,Yes,No,No,No,No,Yes,No,17.6,17.8,4,0,0,0,0,0,0,0,0,130,0,0,0,0,0,0,0,0,0,0,0,0,0,0,0,0,0,0,0,0,7455,737,568,41,16.0,3.5,5.4,2.7,2.7,2.7,2.7,3.5,5.4,2.7,2.7,2.7,2.7,288.80,365.32,186.48,184.10,366.32,366.32,0.53,288.30,288.80,0.00,171.84,201,6,0.6,0.4,0,0,0.0,0.0,0,
27.8.2026,17:31:16.482,6355,12899,33.0,5291,11018,32.4,2.4,2944,70,1.119,0.963,1.150,1.150,1.150,1.150,1.150,3780.0,3675.0,3620.0,3620.0,3620.0,4525.0,3620.0,100.0,150.1,78.8,1.8,24.7,22.4,256.4,414.9,513.2,182.6,155.5,139.3,5.0,7.1,150.1,2.8,0.7,0.0,0.5,0.0,5.3,8.7,8.5,0.8,6.1,3.1,0.0,0.0,8.7,2.8,3.8,0.8,0.0,0.6,0.6,6.5,10.5,13.9,4.9,3.8,3.7,0.1,0.1,3.8,37.8,36.8,36.2,36.2,36.2,45.2,36.2,9.6,5.3,0.9,1.1,10.4,13.8,5.2,0.3,24.6,10.5,6.1,51.1,47.2,28.2,4.3,70.2,88.6,92.7,38.6,39.0,66.6,95.5,1600.0,16.00,16,18,18,36,74,560,1,45.5,35.8,44.8,32.1,31.3,31.3,32.4,34.6,31.7,31.2,31.9,31.9,32.0,27.0,1.194,0.994,1.200,6.032,5.801,6.092,6.092,28.418,0.530,0.171,0.121,0.947,1.326,0.528,0.084,6.507,5.767,12.275,28.088,1600.0,1600.0,3745.8,3745.8,4650.0,37.0,10.2,6.8,37.6,202.9,No,No,No,0.166,0.038,0.3,45.0,38.0,36.5,33.5,33.5,36.0,36.5,12.168,4.990,1.002,1.348,1.070,0.818,0.860,1.560,3.340,1.836,1234,750,554,561,1.057,1.254,35,35,42,79.0,100.0,No,No,80704,102356,0.0,0.0,0.0,0.000,0.000,45602,11170,49.3,56.0,58.3,56,56,56,54,56,56,56,54,56,83.0,0.794,12.168,12.259,12.152,12.125,12.136,1153,1159,53.169,16.966,30.884,2.305,25.421,23.134,10.000,30.884,20.002,1.999,8.068,290.000,320.000,1455.0,625.2,1275.0,1453.6,1380.0,1215.0,1455.4,624.4,1379.8,0.0,0.0,0.0,0.0,9.0,0.0,0.0,0.0,0.0,0.0,69,69,Yes,No,No,No,No,Yes,No,17.5,17.8,4,0,0,0,0,0,0,0,0,130,0,0,0,0,0,0,0,0,0,0,0,0,0,0,0,0,0,0,0,0,7455,737,568,41,16.0,3.8,4.9,3.2,3.2,3.2,3.2,3.8,5.0,3.2,3.2,3.2,3.2,266.48,315.58,202.10,200.61,316.25,316.25,0.59,265.94,266.48,0.00,110.64,201,6,0.5,0.0,0,0,0.0,0.0,0,
27.8.2026,17:31:16.992,6350,12903,32.9,5288,11021,32.4,2.4,2944,70,1.123,0.956,1.156,1.156,1.156,1.156,1.156,3780.0,3675.0,3620.0,3620.0,3620.0,4525.0,3620.0,100.0,153.5,97.4,20.8,29.9,9.0,231.4,202.1,712.5,71.9,191.7,260.7,8.8,5.7,153.5,5.2,0.9,0.0,0.0,8.7,5.1,4.5,15.8,1.5,3.9,5.5,13.7,3.1,15.8,5.2,3.9,0.9,0.6,0.8,0.2,6.1,5.3,19.2,1.9,4.7,6.5,0.2,0.1,3.9,37.8,36.8,36.2,36.2,36.2,45.2,36.2,6.9,5.5,1.2,1.0,6.7,15.9,7.8,0.3,32.3,13.8,6.4,74.3,53.9,43.1,2.0,62.3,85.0,92.7,19.0,30.2,49.1,97.8,1600.0,16.00,16,18,18,36,74,560,1,45.0,35.8,43.2,32.1,31.2,31.3,32.2,34.8,32.0,31.2,32.0,32.0,31.5,26.9,1.194,0.994,1.200,6.510,5.864,6.506,6.506,28.794,0.583,0.176,0.147,0.867,1.463,0.762,0.081,7.018,5.829,12.847,28.763,1600.0,1600.0,3787.8,3787.8,4650.0,37.8,10.8,7.2,37.6,198.4,No,No,No,0.175,0.066,0.3,44.0,38.5,36.5,34.0,33.0,36.0,36.5,12.168,5.000,1.002,1.348,1.050,0.818,0.860,1.560,3.344,1.834,1213,767,554,561,1.057,1.247,35,35,42,79.0,100.0,No,No,80704,102356,0.0,0.0,0.0,0.000,0.000,45602,11170,49.1,56.0,58.2,54,54,54,54,56,54,54,54,56,83.0,0.794,12.166,12.258,12.150,12.124,12.134,1153,1154,51.230,17.039,31.212,2.317,25.611,23.133,9.938,31.212,19.879,1.997,8.055,290.000,320.000,1455.0,625.2,1275.0,1453.6,1380.0,1215.0,1455.2,624.7,1379.4,0.0,0.0,0.0,0.0,9.0,0.0,0.0,0.0,0.0,0.0,69,69,Yes,No,No,No,No,Yes,No,17.6,17.9,4,0,0,0,0,0,0,0,0,130,0,0,0,0,0,0,0,0,0,0,0,0,0,0,0,0,0,0,0,0,7455,737,568,41,16.0,3.8,4.0,3.5,3.5,3.5,3.5,3.8,4.0,3.5,3.5,3.5,3.5,260.93,282.10,248.98,248.95,282.73,282.73,0.56,260.43,260.93,0.00,38.90,201,6,0.4,0.4,0,0,0.0,0.0,0,
27.8.2026,17:31:17.496,6353,12900,32.9,5290,11019,32.4,2.4,2944,70,1.116,0.912,1.156,1.156,1.156,1.156,1.156,3780.0,3675.0,3620.0,4525.0,3620.0,3620.0,3620.0,100.0,157.9,409.0,26.2,27.2,15.1,177.6,171.1,437.6,69.9,213.4,269.1,49.0,30.0,157.9,8.0,3.3,35.4,7.6,10.0,5.2,5.0,11.1,3.0,3.3,4.5,5.5,2.1,35.4,8.0,3.4,1.9,0.7,0.6,0.4,4.4,4.1,11.8,1.9,5.7,7.1,1.3,0.7,3.4,37.8,36.8,36.2,45.2,36.2,36.2,36.2,21.4,4.6,1.9,0.9,6.1,9.9,7.3,1.4,26.8,2.2,15.5,53.1,48.8,38.2,2.8,68.8,96.1,83.6,40.8,41.3,54.6,96.2,1600.0,16.00,16,18,18,36,74,560,1,44.5,34.9,42.5,31.9,31.2,31.3,31.9,33.7,32.1,31.3,31.9,31.9,31.2,26.1,1.194,0.994,1.200,5.589,5.249,5.602,5.602,25.991,0.521,0.260,0.213,0.832,0.994,0.731,0.098,5.996,5.222,11.218,25.825,1600.0,1600.0,3203.9,3203.9,4650.0,34.0,9.3,6.2,36.7,188.9,No,No,No,0.197,0.047,0.3,44.0,38.5,36.5,34.0,33.0,36.0,36.5,12.192,5.000,1.002,1.348,1.018,0.818,0.860,1.560,3.352,1.834,1213,767,556,548,1.057,1.247,35,35,42,79.0,100.0,No,No,80704,102356,0.0,0.0,0.0,0.000,0.000,45602,11170,47.6,54.0,55.4,52,54,52,52,54,52,52,52,52,83.0,0.806,12.194,12.261,12.180,12.159,12.176,1154,1153,51.017,8.277,16.605,1.766,9.635,11.162,2.983,16.605,5.974,1.977,7.785,290.000,320.000,1455.0,101.2,1275.0,1453.3,1380.0,1215.0,1085.4,71.8,989.2,0.0,1.0,0.0,0.0,9.0,0.0,0.0,0.0,0.0,0.0,69,69,Yes,No,No,No,No,Yes,No,7.8,9.6,5,0,0,0,0,0,0,0,0,131,0,0,0,0,0,0,0,0,0,0,0,0,0,0,0,0,0,0,0,0,7455,737,568,41,5.0,4.0,4.6,3.5,3.5,3.5,3.5,4.0,4.6,3.5,3.5,3.5,3.5,249.67,283.70,216.33,215.73,284.41,284.41,0.44,249.24,249.67,0.00,34.44,201,6,0.0,0.0,0,0,0.0,0.0,0,
27.8.2026,17:31:17.998,6349,12904,32.9,5287,11022,32.4,2.4,2944,70,1.120,0.969,1.150,1.150,1.150,1.150,1.150,3770.8,3620.0,3620.0,3620.0,3620.0,4525.0,3620.0,100.0,165.8,230.3,186.6,9.3,43.0,234.3,192.3,651.8,101.7,155.6,169.8,6.8,8.1,165.8,2.9,2.0,3.4,0.0,0.0,4.9,3.9,11.4,0.0,3.1,6.4,0.0,0.0,11.4,2.9,4.1,2.8,4.6,0.2,1.1,6.3,5.1,17.6,2.7,4.1,4.5,0.2,0.2,4.1,37.7,36.2,36.2,36.2,36.2,45.2,36.2,9.0,5.6,5.2,1.2,6.6,14.8,5.5,0.3,32.5,27.9,10.2,63.3,58.6,17.5,17.8,61.8,66.9,88.6,30.1,26.6,77.0,81.9,1600.0,16.00,16,18,18,36,74,560,1,44.2,35.8,44.0,32.2,31.8,31.3,32.3,34.8,31.4,31.4,31.9,31.9,31.5,27.3,1.194,0.994,1.200,6.527,5.142,6.513,6.513,26.644,0.592,0.495,0.169,0.815,1.431,0.444,0.199,7.134,5.112,12.247,26.827,1600.0,1600.0,3684.0,3684.0,4650.0,35.3,10.9,7.2,37.7,198.6,No,No,No,0.169,0.059,0.3,44.0,38.0,36.5,34.0,33.0,36.0,36.5,12.168,5.000,1.002,1.348,1.020,0.818,0.860,1.562,3.348,1.834,1194,769,556,548,1.057,1.255,35,35,42,79.0,100.0,No,No,80704,102356,0.0,0.0,0.0,0.000,0.000,45602,11170,46.8,52.0,54.5,52,52,52,52,52,52,52,50,52,83.0,0.806,12.197,12.264,12.183,12.160,12.179,1153,1154,38.276,7.191,14.660,1.656,8.005,10.081,2.545,14.660,5.104,1.985,6.021,290.000,320.000,1455.0,101.2,1275.0,1453.3,1380.0,1215.0,1052.2,72.3,997.0,0.0,1.0,0.0,0.0,9.0,0.0,0.0,0.0,0.0,0.0,69,69,Yes,No,No,No,No,Yes,No,6.8,9.8,5,0,0,0,0,0,0,0,0,131,0,0,0,0,0,0,0,0,0,0,0,0,0,0,0,0,0,0,0,0,7455,737,568,41,5.0,4.1,5.0,3.2,3.2,3.2,3.2,4.1,5.0,3.2,3.2,3.2,3.2,244.07,315.10,199.75,199.46,317.13,317.13,0.74,243.37,244.07,0.00,95.31,201,6,4.4,0.0,0,0,0.0,0.0,0,
27.8.2026,17:31:18.507,6352,12901,32.9,5289,11020,32.4,2.4,2944,70,1.111,0.950,1.144,1.144,1.144,1.144,1.144,3780.0,3675.0,3620.0,3620.0,3620.0,4525.0,3620.0,100.0,150.8,68.9,15.3,12.9,23.4,172.1,123.8,620.5,69.3,413.5,264.9,5.1,19.9,150.8,4.4,3.0,0.0,2.3,2.5,5.6,1.5,15.5,6.3,11.1,5.0,0.0,0.0,15.5,4.4,3.9,1.1,0.4,0.3,0.6,4.2,2.9,16.8,1.9,11.1,7.1,0.1,0.5,3.9,37.8,36.8,36.2,36.2,36.2,45.2,36.2,4.2,5.3,1.1,0.8,5.2,13.9,10.4,0.6,31.4,4.1,6.6,75.7,59.0,39.1,4.2,63.2,94.8,92.6,19.2,27.1,50.6,95.2,1600.0,16.00,16,18,18,36,74,560,1,43.9,35.9,42.5,32.2,31.3,31.3,32.3,34.7,32.3,31.3,32.0,32.0,31.5,26.7,1.194,0.994,1.200,6.529,5.235,6.531,6.531,27.164,0.555,0.141,0.114,0.854,1.353,0.785,0.085,7.031,5.204,12.234,27.112,1600.0,1600.0,3862.0,3862.0,4650.0,35.7,10.9,7.3,37.7,209.0,No,No,No,0.141,0.051,0.3,43.0,38.5,36.5,34.0,33.0,36.0,36.5,12.168,5.000,1.002,1.348,1.044,0.818,0.860,1.560,3.352,1.836,1194,769,556,548,1.057,1.255,35,35,42,79.0,100.0,No,No,80704,102356,0.0,0.0,0.0,0.000,0.000,45602,11170,46.5,52.0,54.1,51,50,50,50,52,52,52,50,52,83.0,0.806,12.194,12.261,12.181,12.159,12.177,1148,1154,24.462,6.861,14.210,1.545,7.735,9.873,2.484,14.210,4.976,1.977,4.741,290.000,320.000,1455.0,101.2,1275.0,565.3,1380.0,1215.0,1043.6,72.3,1004.6,0.0,1.0,0.0,0.0,9.0,0.0,0.1,0.0,0.0,0.0,69,69,Yes,No,No,No,No,Yes,No,6.6,7.4,5,0,0,0,0,0,0,0,0,131,0,0,0,0,0,0,0,0,0,0,0,0,0,0,0,0,0,0,0,0,7455,737,568,41,5.0,4.3,6.0,3.0,3.0,3.0,3.0,4.3,6.0,3.0,3.0,3.0,3.0,233.17,331.27,166.77,166.17,333.96,333.96,1.01,232.10,233.17,0.00,139.46,201,6,3.0,0.0,0,0,0.0,0.0,0,
27.8.2026,17:31:19.019,6352,12902,32.9,5289,11021,32.4,2.4,2944,70,1.125,0.912,1.156,1.156,1.175,1.175,1.175,3780.0,3675.0,3620.0,4525.0,3620.0,3620.0,3620.0,100.0,151.1,122.3,24.7,12.9,14.8,311.6,349.3,566.0,70.6,143.2,181.1,7.2,9.1,151.1,5.8,0.0,42.1,0.0,0.0,5.2,8.7,13.7,0.0,0.0,0.0,0.0,0.0,42.1,5.8,3.8,1.3,0.7,0.3,0.4,8.2,8.9,15.4,1.9,3.5,4.5,0.2,0.2,3.8,37.8,36.8,36.2,45.2,36.2,36.2,36.2,25.1,5.4,1.4,0.6,11.5,12.7,5.9,0.4,27.5,9.3,11.7,51.8,50.0,37.7,4.2,67.3,89.6,87.7,36.8,37.3,56.6,95.6,1600.0,16.00,16,18,18,36,74,560,1,43.6,35.4,44.2,32.1,31.4,31.3,32.7,34.3,31.7,31.2,31.9,31.9,31.8,27.0,1.163,0.994,1.169,5.824,4.884,5.833,5.833,25.207,0.552,0.187,0.151,1.025,1.216,0.630,0.103,6.339,4.860,11.199,25.114,1600.0,1600.0,3106.9,3106.9,4650.0,33.0,9.7,6.5,37.2,188.9,No,No,No,0.196,0.064,0.3,43.0,37.5,36.5,34.0,33.0,36.0,36.5,12.168,5.000,1.002,1.352,0.838,0.818,0.860,1.562,3.352,1.834,1215,1509,556,548,1.056,1.268,35,35,42,79.0,100.0,No,No,80704,102356,0.0,0.0,0.0,0.000,0.000,45602,11170,46.3,50.0,54.1,50,52,50,50,50,52,50,50,50,83.0,0.806,12.198,12.264,12.185,12.163,12.181,1148,1150,20.696,6.816,14.066,1.558,7.677,9.767,2.473,14.066,4.958,1.977,4.805,290.000,320.000,1455.0,101.2,1275.0,565.3,1380.0,1215.0,1054.0,72.5,1000.3,0.0,1.0,0.0,0.0,9.0,0.0,0.0,0.0,0.0,0.0,69,69,Yes,No,No,No,No,Yes,No,6.6,6.7,5,0,0,0,0,0,0,0,0,131,0,0,0,0,0,0,0,0,0,0,0,0,0,0,0,0,0,0,0,0,7455,737,568,41,5.0,3.9,6.0,2.9,2.9,2.9,2.9,3.9,5.9,2.9,2.9,2.9,2.9,258.31,348.67,167.95,166.29,350.51,350.51,0.89,257.34,258.31,0.00,175.60,201,6,5.1,0.4,0,0,0.0,0.0,0,
27.8.2026,17:31:19.528,6349,12904,32.9,5288,11022,32.4,2.4,2944,70,1.116,0.912,1.156,1.156,1.156,1.156,1.156,3780.0,3675.0,3620.0,3620.0,3620.0,4525.0,3620.0,100.0,148.9,262.4,1.8,9.6,21.1,461.4,361.9,219.6,190.0,113.4,116.2,6.3,23.5,148.9,6.6,1.7,0.0,0.0,6.9,11.0,6.2,2.6,0.0,8.7,8.8,31.8,1.2,31.8,6.6,3.5,1.0,0.0,0.2,0.5,12.5,10.0,5.9,5.1,2.9,3.0,0.2,0.6,3.5,37.8,36.8,36.2,36.2,36.2,45.2,36.2,26.6,4.5,0.9,0.7,11.6,8.8,4.1,0.8,21.2,16.6,10.3,41.8,34.6,18.4,5.2,74.5,82.8,89.1,46.7,56.6,77.6,94.2,1600.0,16.00,16,18,18,36,74,560,1,43.2,35.0,43.0,31.8,31.4,31.2,32.9,33.1,31.1,31.0,31.8,31.8,31.2,27.3,1.194,0.994,1.200,5.053,4.880,5.054,5.054,23.922,0.495,0.384,0.144,1.075,0.850,0.372,0.147,5.495,4.856,10.351,24.289,1600.0,1600.0,3117.3,3117.3,4650.0,32.0,8.4,5.6,36.9,182.4,No,No,No,0.187,0.049,0.3,43.0,38.0,36.5,34.0,33.0,36.0,36.5,12.168,5.020,1.002,1.352,0.762,0.818,0.860,1.560,3.352,1.834,1215,1509,556,549,1.056,1.268,35,35,42,79.0,100.0,No,No,80704,102356,0.0,0.0,0.0,0.000,0.111,45602,11170,46.0,50.0,53.7,50,50,50,50,50,50,50,50,50,83.0,0.806,12.199,12.264,12.186,12.163,12.182,1148,1150,20.554,6.851,14.054,1.521,7.714,9.901,2.546,14.054,5.102,1.962,4.808,290.000,320.000,1455.0,101.2,1275.0,393.9,1380.0,1215.0,1320.4,91.1,1261.5,0.0,1.0,0.0,0.0,9.0,0.0,0.0,0.0,0.0,0.0,69,69,Yes,No,No,No,No,Yes,No,6.6,6.8,5,0,0,0,0,0,0,0,0,131,0,0,0,0,0,0,0,0,0,0,0,0,0,0,0,0,0,0,0,0,7455,737,568,41,5.0,3.8,6.6,2.6,2.6,2.6,2.6,3.8,6.6,2.6,2.6,2.6,2.6,266.64,381.38,151.91,149.80,383.72,383.72,0.81,265.78,266.64,0.00,217.14,201,6,1.8,0.0,0,0,0.0,0.0,0,
27.8.2026,17:31:20.025,6349,12904,32.9,5286,11023,32.4,2.4,2944,70,1.113,0.912,1.150,1.150,1.150,1.156,1.156,3780.0,3675.0,3620.0,3620.0,3620.0,4525.0,3620.0,100.0,165.3,160.5,5.3,22.8,11.2,298.1,328.9,589.9,220.2,173.9,162.5,6.0,5.0,165.3,8.5,0.2,35.7,5.8,0.0,6.0,6.7,17.7,23.2,3.3,3.0,0.0,0.0,35.7,8.5,4.1,0.8,0.1,0.6,0.3,7.8,8.6,15.9,5.7,4.5,4.2,0.1,0.1,4.1,37.8,36.8,36.2,36.2,36.2,45.2,36.2,22.9,5.2,1.0,0.9,8.9,14.3,5.8,0.2,26.1,22.6,9.0,45.5,39.5,36.8,3.3,68.8,76.6,90.2,45.7,46.2,57.5,96.7,1600.0,16.00,16,18,18,36,74,560,1,43.0,34.9,44.8,31.9,31.2,31.2,32.1,34.1,31.7,31.0,31.7,31.7,31.8,27.7,1.194,0.994,1.200,5.775,4.932,5.741,5.741,24.930,0.544,0.270,0.174,0.855,1.323,0.586,0.054,6.281,4.907,11.187,25.148,1600.0,1600.0,3427.3,3427.3,4650.0,33.1,9.6,6.4,36.7,191.0,No,No,No,0.196,0.060,0.3,43.0,38.5,36.5,34.0,33.0,36.0,36.5,12.168,5.000,1.002,1.352,0.780,0.816,0.860,1.562,3.352,1.834,1190,755,555,561,1.056,1.263,35,35,42,79.0,100.0,No,No,80704,102356,0.0,0.0,0.0,0.000,0.000,45602,11170,45.8,50.0,53.6,50,50,50,50,50,48,50,50,50,83.0,0.806,12.203,12.267,12.191,12.168,12.187,1145,1144,20.538,6.790,13.983,1.533,7.656,9.783,2.498,13.983,5.012,1.963,4.702,290.000,320.000,1455.0,101.2,1275.0,393.9,1380.0,1215.0,1455.2,101.0,1379.5,0.0,1.0,0.0,0.0,9.0,0.0,0.1,0.0,0.0,0.0,69,69,Yes,No,No,No,No,Yes,No,6.5,9.3,5,0,0,0,0,0,0,0,0,131,0,0,0,0,0,0,0,0,0,0,0,0,0,0,0,0,0,0,0,0,7455,737,568,41,5.0,3.8,7.4,2.5,2.5,2.5,2.5,3.7,7.4,2.5,2.5,2.5,2.5,266.66,397.80,135.52,133.11,400.48,400.48,0.77,265.88,266.66,0.00,258.80,201,6,0.4,0.4,0,0,0.0,0.0,0,
27.8.2026,17:31:20.525,6351,12902,32.9,5289,11021,32.4,2.4,2944,70,1.123,0.956,1.156,1.156,1.156,1.156,1.156,3780.0,3675.0,3620.0,3620.0,3620.0,4525.0,3620.0,100.0,150.6,27.6,1.8,16.0,14.9,412.9,299.8,668.4,71.2,147.7,132.0,6.0,9.3,150.6,5.3,0.7,0.0,0.0,3.0,8.5,8.6,11.7,0.0,3.0,2.6,25.4,0.0,25.4,5.3,4.0,1.1,0.0,0.4,0.4,10.7,7.3,18.1,1.9,3.9,3.4,0.1,0.2,4.0,37.8,36.8,36.2,36.2,36.2,45.2,36.2,4.4,5.6,1.4,0.7,10.8,14.9,5.5,0.4,27.9,11.6,7.9,70.1,49.9,20.9,7.3,66.4,87.1,91.4,19.1,35.2,73.6,92.3,1600.0,16.00,16,18,18,36,74,560,1,42.9,35.9,43.2,32.1,31.3,31.2,32.5,34.8,31.4,31.3,31.9,31.9,31.0,26.9,1.194,0.994,1.200,6.281,5.261,6.311,6.311,27.441,0.553,0.171,0.125,1.055,1.395,0.461,0.109,6.814,5.229,12.043,26.969,1600.0,1600.0,3910.8,3910.8,4650.0,35.5,10.5,7.0,37.8,203.1,No,No,No,0.123,0.035,0.3,42.0,38.5,36.5,34.0,33.0,36.0,36.5,12.192,5.000,1.002,1.348,1.020,0.816,0.858,1.562,3.352,1.834,1190,755,555,561,1.056,1.263,35,35,42,79.0,100.0,No,No,80704,102356,0.0,0.0,0.0,0.000,0.000,45602,11170,45.7,50.0,53.5,50,50,50,50,50,48,50,50,50,83.0,0.806,12.196,12.262,12.183,12.159,12.179,1143,1143,20.543,6.915,14.318,1.606,7.736,9.946,2.484,14.318,4.984,1.948,4.899,290.000,320.000,1455.0,101.2,1275.0,406.8,1380.0,1215.0,1454.6,101.0,1380.1,0.0,1.0,0.0,0.0,9.0,0.0,0.0,0.0,0.0,0.0,69,69,Yes,No,No,No,No,Yes,No,6.7,6.8,5,0,0,0,0,0,0,0,0,131,0,0,0,0,0,0,0,0,0,0,0,0,0,0,0,0,0,0,0,0,7455,737,568,41,5.0,3.3,9.5,2.4,2.4,2.4,2.4,3.3,9.4,2.4,2.4,2.4,2.4,305.48,416.12,105.56,100.14,416.43,416.43,0.57,304.85,305.48,0.00,294.95,201,6,3.1,0.0,0,0,0.0,0.0,0,
27.8.2026,17:31:21.031,6349,12905,32.9,5286,11023,32.4,2.4,2944,70,1.118,0.956,1.150,1.150,1.150,1.150,1.150,3780.0,3675.0,3620.0,3620.0,3620.0,4525.0,3620.0,100.0,151.4,123.3,5.1,41.9,15.0,265.0,358.5,459.9,348.2,121.9,66.2,6.8,4.9,151.4,8.0,0.8,42.9,16.6,0.0,5.8,7.9,10.2,7.6,2.8,1.5,0.1,0.0,42.9,8.0,3.8,0.9,0.1,1.1,0.4,7.0,9.5,12.4,9.4,3.2,1.7,0.2,0.1,3.8,37.8,36.8,36.2,36.2,36.2,45.2,36.2,17.5,5.4,1.0,1.5,9.3,16.4,3.9,0.3,24.7,2.1,9.0,42.9,58.4,34.9,0.8,70.0,96.9,89.6,47.9,25.3,61.2,98.9,1600.0,16.00,16,18,18,36,74,560,1,42.8,35.8,45.0,32.0,31.1,31.4,32.2,35.0,31.3,31.2,31.9,31.9,32.8,27.2,1.200,0.994,1.206,5.870,5.004,5.873,5.873,25.623,0.526,0.105,0.162,0.852,1.517,0.447,0.075,6.369,4.977,11.346,25.659,1600.0,1600.0,3304.6,3304.6,4650.0,33.8,9.8,6.5,37.7,198.9,No,No,No,0.156,0.060,0.3,42.0,38.5,36.5,34.0,33.0,36.0,36.5,12.168,5.000,1.002,1.352,0.984,0.816,0.858,1.562,3.352,1.834,1183,756,555,562,1.057,1.245,35,35,42,79.0,100.0,No,No,80704,102356,0.0,0.0,0.0,0.000,0.000,45602,11170,45.4,50.0,53.1,50,50,50,50,50,48,50,48,50,83.0,0.806,12.193,12.261,12.179,12.156,12.175,1136,1138,20.608,6.806,14.068,1.557,7.660,9.822,2.496,14.068,4.994,1.952,4.634,290.000,320.000,1455.0,101.2,1275.0,406.8,1380.0,1215.0,1454.9,101.0,1379.8,0.0,1.0,0.0,0.0,9.0,0.0,0.0,0.0,0.0,0.0,68,68,Yes,No,No,No,No,Yes,No,6.6,7.7,5,0,0,0,0,0,0,0,0,131,0,0,0,0,0,0,0,0,0,0,0,0,0,0,0,0,0,0,0,0,7455,737,568,41,5.0,3.2,11.1,2.2,2.2,2.2,2.2,3.2,11.1,2.2,2.2,2.2,2.2,316.72,449.55,90.16,84.17,450.23,450.23,0.72,315.99,316.72,0.00,338.90,201,6,0.3,0.4,0,0,0.0,0.0,0,
27.8.2026,17:31:21.532,6349,12904,32.9,5287,11022,32.4,2.4,2944,70,1.122,0.950,1.156,1.156,1.156,1.156,1.156,3780.0,3675.0,3620.0,3620.0,3620.0,4525.0,3620.0,100.0,141.2,113.1,75.6,12.4,16.3,50.6,82.7,399.5,359.8,308.7,267.9,4.6,3.7,141.2,4.0,3.9,0.2,2.2,10.4,0.0,0.6,7.8,6.9,8.7,7.7,0.0,0.0,10.4,4.0,3.7,2.4,1.7,0.3,0.4,1.2,1.9,10.8,9.7,8.3,7.1,0.1,0.1,3.7,37.8,36.8,36.2,36.2,36.2,45.2,36.2,15.5,5.0,2.5,0.7,2.9,15.4,8.3,0.2,28.3,16.7,4.4,42.0,66.7,36.0,4.2,66.7,80.8,94.9,55.1,17.9,55.7,95.7,1600.0,16.00,16,18,18,36,74,560,1,42.6,35.6,43.8,32.1,31.4,31.2,31.5,34.7,32.2,31.3,31.9,31.9,32.2,27.4,1.194,0.994,1.200,6.174,5.045,6.169,6.169,26.094,0.554,0.361,0.130,0.527,1.438,0.772,0.093,6.676,5.018,11.694,26.090,1600.0,1600.0,3419.1,3419.1,4650.0,34.3,10.3,6.9,37.5,198.3,No,No,No,0.133,0.042,0.3,42.0,38.5,36.5,34.0,33.0,36.5,36.5,12.192,5.000,1.002,1.348,0.956,0.816,0.860,1.562,3.352,1.834,1183,756,555,562,1.057,1.245,35,35,42,79.0,100.0,No,No,80704,102356,0.0,0.0,0.0,0.000,0.000,45602,11170,45.2,50.0,52.9,50,50,50,50,50,48,50,48,50,83.0,0.806,12.193,12.260,12.180,12.157,12.176,1131,1134,20.451,6.784,14.022,1.496,7.685,9.762,2.472,14.022,4.950,1.950,4.696,290.000,320.000,1455.0,101.2,1275.0,383.0,1380.0,1215.0,1309.5,90.4,1143.8,0.0,1.0,0.0,0.0,9.0,0.0,0.0,0.0,0.0,0.0,68,68,Yes,No,No,No,No,Yes,No,6.5,6.7,5,0,0,0,0,0,0,0,0,131,0,0,0,0,0,0,0,0,0,0,0,0,0,0,0,0,0,0,0,0,7455,737,568,41,5.0,3.0,17.3,2.1,2.1,2.1,2.1,3.1,17.2,2.1,2.1,2.1,2.1,327.87,482.93,57.79,50.59,483.60,483.60,0.62,327.22,327.87,0.00,400.09,201,6,0.1,0.0,0,0,0.0,0.0,0,
27.8.2026,17:31:22.040,6366,12887,33.0,5295,11014,32.4,2.4,2944,70,1.181,1.181,1.181,1.181,1.181,1.181,1.181,4072.5,3620.0,4525.0,4525.0,3620.0,4525.0,3620.0,100.0,273.8,252.0,73.1,255.4,80.3,565.0,227.4,566.1,112.0,700.6,316.2,102.0,35.3,273.8,8.3,3.0,4.2,8.3,1.4,14.9,7.4,12.3,2.1,15.3,6.7,17.4,6.3,17.4,8.3,7.0,3.7,1.8,6.8,2.1,14.8,5.7,15.3,3.0,18.7,8.3,2.7,0.9,7.0,40.7,36.2,45.2,45.2,36.2,45.2,36.2,18.1,10.6,4.1,6.9,16.0,13.3,20.2,3.2,36.9,19.0,24.5,54.9,57.8,49.3,15.9,52.5,76.9,68.6,29.2,28.9,30.5,80.9,1600.0,16.00,16,18,18,36,74,560,1,42.5,36.7,45.5,32.9,31.8,32.2,33.2,34.5,34.1,31.7,32.0,32.0,32.5,26.9,1.188,0.994,1.200,8.355,5.026,8.273,8.273,28.115,0.979,0.452,0.705,1.433,1.370,1.520,0.396,9.405,4.999,14.404,28.618,1600.0,1600.0,3407.3,3407.3,4650.0,37.7,13.8,9.2,38.6,159.6,No,No,No,0.368,0.223,0.6,42.0,38.0,36.5,34.0,33.0,36.5,36.5,12.168,5.000,1.004,1.348,1.096,0.814,0.858,1.560,3.348,1.836,1167,1515,556,548,1.057,1.255,35,35,42,79.0,100.0,No,No,80704,102356,0.1,0.1,0.1,0.008,0.147,45602,11170,45.2,50.0,53.0,49,50,48,50,50,48,50,48,50,83.0,0.806,12.191,12.261,12.177,12.154,12.173,1128,1128,20.435,7.007,14.534,1.618,7.878,10.088,2.532,14.534,5.074,1.942,4.863,290.000,320.000,1455.0,101.2,1275.0,383.0,1380.0,1215.0,1455.2,101.0,1380.3,0.0,1.0,0.0,0.0,9.0,0.0,0.0,0.0,0.0,0.0,68,68,Yes,No,No,No,No,Yes,No,6.8,7.1,5,0,0,0,0,0,0,0,0,131,0,0,0,0,0,0,0,0,0,0,0,0,0,0,0,0,0,0,0,0,7455,737,568,41,5.0,3.0,38.9,1.9,1.9,1.9,1.9,3.0,38.5,1.9,1.9,1.9,1.9,338.98,516.31,25.70,17.29,516.97,516.97,0.61,338.33,338.98,0.00,466.92,201,6,0.9,0.0,0,0,0.0,0.0,0,
27.8.2026,17:31:22.547,7507,11746,38.9,5739,10570,35.1,2.4,2944,70,1.194,1.194,1.194,1.194,1.194,1.194,1.194,4374.2,3620.0,4525.0,4525.0,4525.0,4525.0,4525.0,100.0,584.2,198.4,51.3,310.7,277.5,1121.3,644.9,28.3,409.7,2935.0,626.9,275.9,130.2,584.2,13.3,2.1,2.9,5.9,7.8,23.9,13.1,5.2,13.3,64.3,12.1,7.7,1.5,64.3,13.3,15.5,3.8,1.3,8.2,7.3,30.2,17.1,0.7,11.0,79.0,16.2,7.3,3.4,15.5,43.7,36.2,45.2,45.2,45.2,45.2,45.2,0.0,24.5,4.8,13.7,33.8,9.8,77.1,7.6,46.6,35.3,59.1,66.2,48.6,22.9,47.4,28.9,59.9,27.1,0.0,41.6,0.0,45.0,1600.0,16.00,16,18,18,36,74,560,1,43.8,44.9,48.2,35.9,33.5,33.8,37.4,34.4,43.3,33.0,33.3,33.3,31.2,27.9,1.188,0.994,1.200,14.712,5.505,14.708,17.973,38.052,1.998,0.681,1.454,2.633,1.236,5.015,0.973,17.370,5.471,22.841,38.128,1600.0,1600.0,4525.0,4525.0,4650.0,50.2,24.5,20.0,47.2,144.5,No,No,No,1.698,1.324,1.5,44.0,38.0,36.5,34.0,33.0,36.5,36.5,12.168,5.000,1.004,1.348,1.176,0.816,0.858,1.560,3.352,1.834,1133,1515,556,548,1.057,1.255,35,35,42,79.0,100.0,No,No,80704,102356,0.0,0.0,0.0,0.000,0.000,45602,11170,44.9,50.0,52.7,49,50,48,48,50,48,48,48,50,83.0,0.806,12.193,12.260,12.180,12.157,12.176,1120,1120,20.565,6.714,13.806,1.533,7.527,9.689,2.472,13.806,4.964,1.937,4.692,290.000,320.000,1455.0,101.2,1275.0,399.8,1380.0,1215.0,1065.1,71.7,991.6,0.0,1.0,0.0,0.0,9.0,0.0,0.0,0.0,0.0,0.0,68,68,Yes,No,No,No,No,Yes,No,6.5,9.5,5,0,0,0,0,0,0,0,0,131,0,0,0,0,0,0,0,0,0,0,0,0,0,0,0,0,0,0,0,0,7455,737,568,41,5.0,2.9,38.7,1.9,1.9,1.9,1.9,2.9,38.0,1.9,1.9,1.9,1.9,344.57,516.65,25.86,17.14,516.97,516.97,0.78,343.74,344.57,0.00,494.81,201,6,0.0,0.0,0,0,0.0,0.0,0,
27.8.2026,17:31:23.059,7545,11709,39.1,5783,10526,35.4,2.4,2944,70,1.183,1.163,1.188,1.188,1.188,1.188,1.188,4374.2,3620.0,4525.0,4525.0,4525.0,4525.0,4525.0,100.0,587.5,130.1,59.6,98.4,484.5,147.1,2582.4,660.6,47.6,412.5,2245.8,77.9,103.6,587.5,14.3,3.7,3.5,4.1,13.0,4.8,57.4,16.4,3.0,10.8,50.3,0.9,3.9,57.4,14.3,15.3,1.8,1.5,2.2,12.7,3.4,68.6,17.8,1.1,10.8,59.7,2.1,2.1,15.3,43.7,36.2,45.2,45.2,45.2,45.2,45.2,0.0,24.6,3.3,13.7,59.3,14.9,52.6,4.0,52.1,60.1,77.3,40.7,56.9,47.4,30.4,23.2,36.7,9.0,0.0,28.2,0.0,65.6,1600.0,16.00,16,18,18,36,74,560,1,44.2,44.4,47.2,36.6,34.7,34.5,40.4,36.1,40.6,33.0,33.9,33.9,32.8,27.4,1.200,0.994,1.212,15.561,5.451,15.561,19.069,39.339,2.269,0.861,1.719,4.618,1.763,4.044,0.611,18.443,5.418,23.860,39.050,1600.0,1600.0,4525.0,4525.0,4650.0,51.4,25.9,21.2,46.7,135.1,No,No,No,0.697,0.278,1.5,44.0,38.5,36.5,34.0,33.0,36.5,36.5,12.168,4.990,1.004,1.352,1.168,0.814,0.858,1.562,3.352,1.836,1133,757,556,561,1.057,1.247,35,35,42,79.0,100.0,No,No,80704,102356,0.0,0.0,0.0,0.000,0.000,45602,11170,44.8,50.0,52.4,49,50,50,48,50,48,48,48,50,83.0,0.806,12.190,12.260,12.175,12.152,12.171,1104,1109,20.688,6.683,13.797,1.422,7.646,9.625,2.446,13.797,4.914,1.937,4.563,290.000,320.000,1455.0,101.2,1275.0,399.8,1380.0,1215.0,1454.7,101.0,1379.7,0.0,1.0,0.0,0.0,9.0,0.0,0.0,0.0,0.0,0.0,58,58,Yes,No,No,No,No,Yes,No,6.5,6.6,5,0,0,0,0,0,0,0,0,131,0,0,0,0,0,0,0,0,0,0,0,0,0,0,0,0,0,0,0,0,7455,737,568,41,5.0,3.0,39.6,2.0,2.0,2.0,2.0,3.1,39.0,2.0,2.0,2.0,2.0,327.91,499.89,25.27,17.15,500.56,500.56,0.81,327.08,327.91,0.00,472.71,201,6,0.0,0.0,0,0,0.0,0.0,0,
27.8.2026,17:31:23.566,8715,10539,45.2,6015,10294,36.8,2.4,2944,70,1.207,1.219,1.188,1.219,1.219,1.219,1.181,3921.7,3620.0,3620.0,3620.0,4525.0,4525.0,3620.0,100.0,627.2,367.2,181.4,209.9,185.8,372.1,1827.0,609.0,16.0,298.6,2780.2,388.0,291.5,627.2,11.8,5.4,1.7,2.5,1.9,6.1,39.0,11.4,0.0,4.5,55.4,8.3,4.9,55.4,11.8,16.2,8.8,4.8,5.7,4.7,10.0,48.9,16.4,0.5,7.9,68.8,9.2,8.6,16.2,39.2,36.2,36.2,36.2,45.2,45.2,36.2,0.0,25.2,8.7,9.5,46.1,13.9,62.9,10.2,51.8,71.1,56.2,53.9,40.4,37.1,52.3,22.9,20.2,34.3,0.0,45.7,0.0,37.5,1600.0,16.00,16,18,18,36,74,560,1,45.4,45.6,44.8,36.8,36.1,33.5,40.1,35.5,41.6,34.1,33.8,33.8,31.8,28.0,1.181,0.994,1.194,15.658,5.514,15.639,19.421,38.789,2.216,1.365,1.107,3.625,1.503,4.368,1.331,18.571,5.480,24.050,39.338,1600.0,1600.0,4493.3,4493.3,4650.0,51.8,26.1,21.6,48.0,139.9,No,No,No,0.891,0.570,1.5,45.0,38.5,36.5,34.0,33.0,36.0,36.5,12.072,4.960,1.002,1.348,1.180,0.814,0.858,1.550,3.316,1.834,1176,771,556,561,1.057,1.247,35,35,42,79.0,100.0,No,No,80704,102356,0.0,0.0,0.0,0.000,0.057,45602,11170,46.3,50.0,55.2,50,50,50,50,50,48,50,50,50,83.0,0.819,12.193,12.261,12.179,12.157,12.175,949,948,20.439,7.631,15.397,1.300,8.915,10.698,2.764,15.397,5.536,1.912,6.763,290.000,320.000,1455.0,1156.5,1275.0,402.1,1380.0,1215.0,1455.5,1155.2,1380.1,0.0,1.0,0.0,0.0,20.5,0.0,0.0,0.0,0.0,0.0,0,0,Yes,No,No,No,No,Yes,No,21.6,23.1,5,0,0,0,0,0,0,0,0,132,0,0,0,0,0,0,0,0,0,0,0,0,0,0,0,0,0,0,0,0,6514,1678,1509,115,16.0,3.1,13.4,2.1,2.1,2.1,2.1,3.1,13.4,2.1,2.1,2.1,2.1,327.86,466.56,74.85,67.97,466.90,466.90,0.85,327.01,327.86,0.00,411.04,201,6,2.7,0.0,0,0,0.0,0.0,0,
27.8.2026,17:31:24.062,8714,10540,45.2,6019,10291,36.9,2.4,2944,70,1.178,1.163,1.181,1.181,1.181,1.181,1.181,3921.7,3620.0,3620.0,4525.0,3620.0,4525.0,3620.0,100.0,499.9,175.7,94.5,131.9,196.3,288.0,4136.9,652.1,54.5,147.6,70.2,27.6,22.9,499.9,12.0,3.6,3.4,4.3,2.7,4.7,91.6,10.3,0.0,4.6,15.8,0.7,2.3,91.6,12.0,14.8,2.5,2.5,3.5,5.2,7.7,111.8,17.6,1.4,3.8,17.7,2.7,1.0,14.8,39.2,36.2,36.2,45.2,36.2,45.2,36.2,0.0,23.7,4.3,7.0,94.5,15.4,17.6,3.4,37.6,49.0,34.5,5.5,60.1,52.0,24.6,38.7,46.7,58.4,0.0,24.5,30.4,72.0,1600.0,16.00,16,18,18,36,74,560,1,45.5,46.0,45.5,36.3,35.0,32.9,44.9,36.1,35.8,32.8,33.7,33.7,32.0,27.9,1.188,0.994,1.200,13.155,5.999,13.211,16.822,38.349,1.553,0.775,0.685,4.422,1.714,1.480,0.244,15.578,5.961,21.539,37.897,1600.0,1600.0,4525.0,4525.0,4650.0,49.9,22.0,18.7,48.4,162.3,No,No,No,0.442,0.469,1.4,45.0,38.5,37.0,34.0,33.0,36.0,36.5,12.096,4.960,1.002,1.348,1.176,0.816,0.858,1.552,3.316,1.834,1176,771,555,561,1.056,1.261,35,35,42,79.0,100.0,No,No,80704,102356,0.0,0.1,0.1,0.000,0.168,45602,11170,55.0,56.0,64.7,55,56,54,54,56,54,54,56,56,83.0,0.819,12.074,12.158,12.062,12.049,12.025,727,713,38.004,78.257,161.704,26.663,88.647,76.574,15.103,161.704,30.202,28.748,114.972,290.000,320.000,1455.0,1156.5,1275.0,402.1,1380.0,1215.0,1454.9,1155.5,1379.9,100.0,19.0,0.0,0.0,20.5,12.9,51.7,0.0,0.0,0.0,0,0,Yes,No,No,No,No,Yes,No,65.8,63.9,5,0,0,0,0,0,0,0,0,132,0,0,0,0,0,0,0,0,0,0,0,0,0,0,0,0,0,0,0,0,6514,1678,1509,115,16.0,3.2,13.4,2.2,2.2,2.2,2.2,3.2,13.5,2.2,2.2,2.2,2.2,316.47,449.13,74.40,67.81,449.46,449.46,0.79,315.62,316.47,0.00,377.22,201,6,0.4,0.5,0,0,0.0,0.0,0,
27.8.2026,17:31:24.569,8712,10541,45.2,6020,10290,36.9,2.4,2944,70,1.183,1.163,1.188,1.188,1.188,1.188,1.188,3921.7,3620.0,3620.0,3620.0,4525.0,4525.0,3620.0,100.0,558.7,102.5,13.8,229.4,91.1,589.6,270.7,723.7,53.4,4.8,4521.3,86.6,17.9,558.7,13.0,2.4,0.0,2.1,2.1,15.8,5.5,21.2,4.3,0.0,99.8,2.2,0.0,99.8,13.0,14.9,2.4,0.3,5.9,2.2,15.5,6.3,19.5,1.4,0.2,122.1,2.3,0.4,14.9,39.2,36.2,36.2,36.2,45.2,45.2,36.2,0.0,23.8,2.7,6.8,14.8,16.1,99.9,2.4,35.9,44.9,33.5,59.4,61.4,0.1,16.2,40.3,52.3,59.8,25.8,22.5,0.0,81.3,1600.0,16.00,16,18,18,36,74,560,1,45.8,46.0,45.5,36.1,33.5,33.1,35.5,36.0,45.8,32.4,33.6,33.6,32.0,28.0,1.206,0.994,1.225,13.022,5.959,13.019,16.774,37.495,1.605,0.647,0.805,1.527,1.777,4.531,0.342,15.399,5.922,21.321,37.567,1600.0,1600.0,4525.0,4525.0,4650.0,49.4,21.7,18.6,48.4,159.2,No,No,No,0.185,0.162,1.4,45.0,38.0,36.5,34.0,33.5,36.0,37.0,12.096,4.960,1.004,1.348,1.170,0.816,0.858,1.552,3.316,1.834,1203,768,554,559,1.056,1.261,35,35,42,79.0,100.0,No,No,80704,102356,0.0,0.0,0.0,0.000,0.000,45602,11170,56.5,58.0,66.6,57,58,56,56,56,58,56,56,58,83.0,0.819,12.074,12.157,12.064,12.051,12.025,0,619,115.623,77.967,162.335,26.563,88.971,76.776,15.007,162.335,30.009,28.666,111.045,290.000,320.000,1455.0,1156.5,1275.0,1097.2,1380.0,1215.0,1455.1,1155.4,1380.3,100.0,20.0,0.0,0.0,20.5,25.0,100.0,0.0,0.0,0.0,0,0,Yes,No,No,No,No,Yes,No,66.8,66.1,5,0,0,0,0,0,0,0,0,132,0,0,0,0,0,0,0,0,0,0,0,0,0,0,0,0,0,0,0,0,6514,1678,1509,115,16.0,3.2,9.4,2.3,2.3,2.3,2.3,3.2,9.4,2.3,2.3,2.3,2.3,316.52,432.54,106.55,100.86,432.86,432.86,0.82,315.74,316.52,0.00,338.51,201,6,0.1,0.0,0,0,0.0,0.0,0,
27.8.2026,17:31:25.065,8710,10543,45.2,6007,10303,36.8,2.4,2944,70,1.169,1.169,1.169,1.169,1.169,1.169,1.169,3921.7,3620.0,3620.0,4525.0,3620.0,4525.0,3620.0,100.0,546.1,84.3,16.1,203.8,291.3,7.4,4522.8,645.3,25.9,435.8,200.0,35.6,84.4,546.1,13.0,1.0,13.4,7.0,3.1,0.0,99.9,11.3,0.0,11.9,3.5,0.4,4.4,99.9,13.0,14.5,1.5,0.4,5.4,7.7,0.2,122.2,17.5,0.6,11.4,4.6,0.9,2.2,14.5,39.2,36.2,36.2,45.2,36.2,45.2,36.2,0.0,23.3,2.0,9.1,99.7,14.9,11.3,2.9,38.0,38.5,35.7,0.0,67.6,65.1,21.0,38.7,59.5,55.2,0.3,17.5,23.6,76.1,1600.0,16.00,16,18,18,36,74,560,1,45.9,45.7,45.5,36.1,34.5,33.3,45.3,36.1,34.8,32.5,33.6,33.6,33.0,27.9,1.194,0.994,1.206,12.974,6.021,12.980,16.709,37.603,1.590,0.569,0.884,4.537,1.774,1.354,0.424,15.362,5.984,21.346,37.602,1600.0,1600.0,4525.0,4525.0,4650.0,49.5,21.6,18.6,48.1,160.0,No,No,No,0.210,0.164,1.4,46.0,38.5,37.0,34.0,33.5,36.0,37.0,12.096,4.960,1.004,1.348,1.170,0.816,0.858,1.552,3.316,1.834,1203,768,554,559,1.056,1.256,35,35,42,79.0,100.0,No,No,80704,102356,0.0,0.0,0.0,0.000,0.000,45602,11170,57.2,58.0,67.2,58,58,58,58,58,58,56,58,58,83.0,0.819,12.072,12.155,12.061,12.049,12.023,0,0,189.445,78.740,163.201,26.886,89.374,77.089,15.089,163.201,30.175,28.387,115.258,290.000,320.000,1455.0,1156.5,1275.0,1097.2,1380.0,1215.0,1455.1,1155.1,1379.8,100.0,18.0,0.0,0.0,20.5,13.6,54.4,0.0,0.0,0.0,0,0,Yes,No,No,No,No,Yes,No,66.7,64.6,5,0,0,0,0,0,0,0,0,132,0,0,0,0,0,0,0,0,0,0,0,0,0,0,0,0,0,0,0,0,6514,1678,1509,115,16.0,3.3,8.2,2.4,2.4,2.4,2.4,3.3,8.2,2.4,2.4,2.4,2.4,299.93,415.48,121.95,117.46,416.48,416.48,0.81,299.06,299.93,0.00,288.64,201,6,0.4,0.4,0,0,0.0,0.0,0,
27.8.2026,17:31:25.570,8712,10541,45.2,6017,10292,36.8,2.4,2944,70,1.205,1.163,1.219,1.212,1.212,1.212,1.212,4072.5,3620.0,4525.0,3620.0,4525.0,4525.0,3620.0,100.0,560.9,139.3,85.6,106.4,137.2,465.2,359.2,691.9,75.1,32.6,4494.3,103.8,39.7,560.9,13.2,3.4,0.3,0.7,9.9,14.3,6.0,19.0,5.9,0.0,99.3,0.0,0.0,99.3,13.2,14.9,2.1,2.2,2.7,3.5,12.4,9.0,18.6,2.0,0.9,121.4,2.7,1.0,14.9,40.7,36.2,45.2,36.2,45.2,45.2,36.2,0.0,23.4,3.4,5.1,14.4,15.5,99.4,2.7,30.8,37.5,21.3,55.0,56.8,0.6,13.4,45.8,59.0,73.6,30.6,27.7,0.0,83.9,1600.0,16.00,16,18,18,36,74,560,1,46.0,46.0,43.0,35.9,33.3,32.7,35.3,35.7,45.8,32.4,33.5,33.5,33.2,28.5,1.188,0.994,1.200,12.478,5.969,12.448,16.128,36.777,1.517,0.626,0.541,1.412,1.669,4.522,0.332,14.735,5.932,20.666,36.873,1600.0,1600.0,4525.0,4525.0,4650.0,48.5,20.7,17.9,48.4,161.6,No,No,No,0.208,0.195,1.4,46.0,38.0,37.0,34.0,33.5,36.0,37.0,12.096,4.960,1.004,1.348,1.168,0.816,0.856,1.550,3.316,1.834,1184,750,551,546,1.056,1.256,35,35,42,79.0,100.0,No,No,80704,102356,0.0,0.0,0.0,0.000,0.000,45602,11170,57.5,60.0,67.5,58,58,58,58,58,58,58,58,60,83.0,0.819,12.072,12.154,12.062,12.048,12.022,0,0,191.910,77.953,162.561,26.582,89.125,76.903,15.040,162.561,30.079,28.435,110.297,290.000,320.000,1455.0,1156.5,1275.0,1455.0,1380.0,1215.0,1455.2,1155.4,1380.1,100.0,19.0,0.0,0.0,20.5,25.0,100.0,0.0,0.0,0.0,0,0,Yes,No,No,No,No,Yes,No,66.4,65.5,5,0,0,0,0,0,0,0,0,132,0,0,0,0,0,0,0,0,0,0,0,0,0,0,0,0,0,0,0,0,6514,1678,1509,115,16.0,3.3,5.9,2.7,2.7,2.7,2.7,3.3,5.9,2.7,2.7,2.7,2.7,299.90,366.56,170.77,167.18,366.57,366.57,0.60,299.25,299.90,0.00,216.41,201,6,0.0,0.0,0,0,0.0,0.0,0,
27.8.2026,17:31:26.077,8713,10540,45.2,6010,10300,36.8,2.4,2944,70,1.168,1.163,1.169,1.169,1.169,1.169,1.169,3921.7,3620.0,3620.0,4525.0,3620.0,4525.0,3620.0,100.0,535.4,100.3,30.0,202.1,126.4,11.0,4522.9,487.0,157.7,517.4,179.7,53.3,37.4,535.4,10.8,0.0,1.5,5.4,0.0,0.0,99.9,0.0,1.3,12.4,1.9,0.0,7.3,99.9,10.8,14.4,1.9,0.8,5.4,3.3,0.3,122.2,13.2,4.2,13.8,4.8,1.4,1.0,14.4,39.2,36.2,36.2,45.2,36.2,45.2,36.2,0.0,23.0,2.5,5.7,99.7,14.6,13.5,1.9,40.9,60.4,30.2,0.3,58.9,78.3,17.2,36.1,37.0,64.1,0.0,26.6,8.3,80.9,1600.0,16.00,16,18,18,36,74,560,1,46.1,45.8,45.2,36.2,35.0,33.0,45.5,35.6,35.7,32.4,33.6,33.6,33.0,27.9,1.163,0.994,1.175,13.299,5.984,13.321,16.330,37.974,1.565,0.786,0.676,4.545,1.514,1.544,0.328,15.729,5.946,21.675,37.958,1600.0,1600.0,4525.0,4525.0,4650.0,49.9,22.2,18.1,48.2,166.3,No,No,No,0.199,0.163,1.4,46.0,38.5,37.0,34.0,33.5,36.0,37.0,12.096,4.970,1.004,1.348,1.170,0.816,0.858,1.550,3.316,1.834,1233,750,551,546,1.056,1.256,35,35,42,79.0,100.0,No,No,80704,102356,0.0,0.0,0.0,0.000,0.000,45602,11170,57.7,60.0,67.7,58,58,58,58,58,58,58,58,60,83.0,0.812,12.074,12.157,12.063,12.050,12.025,0,0,192.130,77.643,161.053,26.382,88.377,76.132,14.936,161.053,29.887,28.129,112.840,290.000,320.000,1455.0,1156.5,1275.0,1455.0,1380.0,1215.0,1454.6,1155.4,1380.0,100.0,18.0,0.0,0.0,20.5,16.7,66.7,0.0,0.0,0.0,0,0,Yes,No,No,No,No,Yes,No,65.8,66.4,5,0,0,0,0,0,0,0,0,132,0,0,0,0,0,0,0,0,0,0,0,0,0,0,0,0,0,0,0,0,6514,1678,1509,115,16.0,3.6,6.5,2.7,2.7,2.7,2.7,3.6,6.5,2.7,2.7,2.7,2.7,277.75,365.57,153.43,150.43,366.57,366.57,0.75,277.07,277.75,0.00,194.34,201,6,2.7,0.4,0,0,0.0,0.0,0,
27.8.2026,17:31:26.592,8713,10540,45.2,6021,10289,36.9,2.4,2944,70,1.194,1.163,1.200,1.200,1.200,1.200,1.200,3921.7,3620.0,3620.0,3620.0,4525.0,4525.0,3620.0,100.0,544.9,115.6,27.3,182.8,193.0,561.9,284.8,589.6,172.4,74.9,4223.6,58.7,54.0,544.9,15.5,3.6,5.0,5.6,5.8,16.5,7.9,34.3,8.0,3.2,93.4,2.8,0.0,93.4,15.5,14.6,2.3,0.7,4.8,5.1,15.1,7.6,15.8,4.6,2.1,114.1,1.5,1.4,14.6,39.2,36.2,36.2,36.2,45.2,45.2,36.2,0.0,23.4,3.0,7.3,17.4,15.6,94.6,2.7,41.2,53.7,41.4,79.0,44.0,5.4,23.7,35.4,43.4,51.3,3.7,40.4,0.0,73.6,1600.0,16.00,16,18,18,36,74,560,1,46.2,46.2,51.2,36.1,33.7,33.2,35.9,35.6,45.5,32.5,33.6,33.6,32.8,27.9,1.206,0.994,1.219,13.306,5.976,13.286,16.778,37.844,1.611,0.720,0.853,1.674,1.605,4.388,0.422,15.741,5.939,21.680,37.913,1600.0,1600.0,4521.5,4521.5,4650.0,49.9,22.1,18.6,48.6,162.1,No,No,No,0.253,0.330,1.4,46.0,38.0,37.0,34.0,33.5,36.0,37.0,12.096,4.960,1.002,1.348,1.166,0.816,0.858,1.552,3.316,1.834,1233,765,552,546,1.056,1.256,35,35,42,79.0,100.0,No,No,80704,102356,0.0,0.0,0.0,0.000,0.000,45602,11170,57.7,60.0,67.9,58,58,58,58,58,58,58,58,60,83.0,0.812,12.078,12.165,12.065,12.053,12.028,0,0,191.728,77.638,160.791,26.312,88.572,76.354,15.240,160.791,30.494,28.183,112.002,290.000,320.000,1455.0,1156.5,1275.0,1455.0,1380.0,1215.0,1455.6,1155.1,1379.4,98.0,19.0,0.0,0.0,20.5,25.0,100.0,0.0,0.0,0.0,0,0,Yes,No,No,No,No,Yes,No,66.0,65.7,5,0,0,0,0,0,0,0,0,132,0,0,0,0,0,0,0,0,0,0,0,0,0,0,0,0,0,0,0,0,6514,1678,1509,115,16.0,3.6,4.3,3.2,3.2,3.2,3.2,3.6,4.3,3.2,3.2,3.2,3.2,277.72,315.90,234.86,233.98,316.58,316.58,0.95,276.78,277.72,0.00,99.75,201,6,13.6,0.0,0,0,0.0,0.0,0,
27.8.2026,17:31:27.114,8712,10541,45.2,6009,10301,36.8,2.4,2944,70,1.201,1.206,1.200,1.200,1.200,1.200,1.200,3921.7,3620.0,3620.0,4525.0,4525.0,3620.0,3620.0,100.0,548.6,93.2,13.0,156.3,104.2,8.5,4521.7,665.2,406.2,389.7,147.8,55.9,21.1,548.6,14.1,0.3,0.0,0.0,3.8,0.0,99.9,13.4,7.6,7.4,1.9,8.3,26.5,99.9,14.1,14.7,2.0,0.3,4.1,2.7,0.2,122.2,17.9,11.0,10.4,4.0,1.5,0.5,14.7,39.2,36.2,36.2,45.2,45.2,36.2,36.2,0.0,23.3,2.4,4.6,99.8,20.2,11.1,1.9,38.7,61.6,22.8,0.0,47.1,84.8,16.1,37.9,36.0,72.6,0.2,32.7,4.1,82.0,1600.0,16.00,16,18,18,36,74,560,1,46.4,45.9,45.5,36.2,35.0,32.7,45.5,36.0,35.3,32.3,33.6,33.6,32.5,27.8,1.181,0.994,1.194,13.354,5.957,13.357,16.292,37.933,1.591,0.801,0.572,4.549,1.858,1.464,0.299,15.828,5.920,21.748,37.999,1600.0,1600.0,4525.0,4525.0,4650.0,50.0,22.3,18.1,48.4,165.1,No,No,No,0.200,0.137,1.4,46.0,38.5,37.0,34.0,33.5,36.0,37.0,12.096,4.960,1.002,1.348,1.168,0.816,0.858,1.552,3.316,1.834,1206,765,552,546,1.056,1.264,35,35,42,79.0,100.0,No,No,80704,102356,0.0,0.0,0.0,0.000,0.000,45602,11170,58.3,60.0,68.4,60,60,58,60,60,60,58,60,60,83.0,0.812,12.073,12.158,12.063,12.049,12.023,0,0,186.772,78.424,162.660,26.565,89.578,77.236,15.377,162.660,30.760,27.804,113.180,290.000,320.000,1455.0,1156.5,1275.0,1455.0,1380.0,1215.0,1455.1,1155.6,1380.0,100.0,19.0,0.0,0.0,20.5,18.1,72.4,0.0,0.0,0.0,0,0,Yes,No,No,No,No,Yes,No,66.7,65.3,5,0,0,0,0,0,0,0,0,132,0,0,0,0,0,0,0,0,0,0,0,0,0,0,0,0,0,0,0,0,6514,1678,1509,115,16.0,3.8,4.3,3.5,3.5,3.5,3.5,3.8,4.3,3.5,3.5,3.5,3.5,266.45,282.75,234.88,234.00,282.75,282.75,0.89,265.52,266.45,0.00,49.41,201,6,8.8,0.0,0,0,0.0,0.0,0,
27.8.2026,17:31:27.611,8715,10539,45.2,6020,10289,36.9,2.4,2944,70,1.178,1.163,1.181,1.181,1.181,1.181,1.181,3921.7,3620.0,3620.0,4525.0,3620.0,4525.0,3620.0,100.0,528.2,96.5,41.4,212.5,129.9,4524.7,13.5,485.8,150.0,406.7,180.9,52.2,44.1,528.2,12.6,2.2,2.1,13.7,0.0,99.9,0.0,9.1,1.4,10.3,5.1,5.2,2.1,99.9,12.6,14.1,1.2,1.1,5.7,3.4,122.2,0.4,13.2,4.0,10.8,4.7,1.4,1.1,14.1,39.2,36.2,36.2,45.2,36.2,45.2,36.2,0.0,22.5,2.3,5.8,100.0,13.7,11.2,2.3,36.3,52.7,25.3,0.0,65.4,64.9,9.8,41.1,45.0,69.0,0.0,21.0,23.9,87.9,1600.0,16.00,16,18,18,36,74,560,1,46.4,45.7,45.0,35.9,34.8,32.9,45.6,35.5,34.6,32.3,33.6,33.6,33.0,27.8,1.194,0.994,1.206,12.811,5.960,12.837,15.763,37.521,1.496,0.701,0.655,4.549,1.566,1.241,0.265,15.130,5.923,21.053,37.338,1600.0,1600.0,4525.0,4525.0,4650.0,49.1,21.4,17.5,48.1,167.9,No,No,No,0.208,0.222,1.4,46.0,38.0,37.0,34.0,33.5,36.0,37.0,12.096,4.970,1.004,1.348,1.174,0.816,0.858,1.552,3.316,1.834,1206,762,550,559,1.056,1.264,35,35,42,79.0,100.0,No,No,80704,102356,0.0,0.0,0.0,0.000,0.000,45602,11170,58.4,60.0,68.3,58,58,58,58,58,60,58,58,60,83.0,0.812,12.082,12.169,12.069,12.057,12.032,0,0,186.432,76.598,159.453,26.175,87.526,75.452,14.859,159.453,29.726,27.487,109.250,290.000,320.000,1455.0,1156.5,1275.0,1455.0,1380.0,1215.0,1455.3,1154.9,1379.5,100.0,19.0,0.0,0.0,20.5,25.0,100.0,0.0,0.0,0.0,0,0,Yes,No,No,No,No,Yes,No,65.2,66.8,5,0,0,0,0,0,0,0,0,132,0,0,0,0,0,0,0,0,0,0,0,0,0,0,0,0,0,0,0,0,6514,1678,1509,115,16.0,3.8,4.0,3.5,3.5,3.5,3.5,3.8,4.0,3.5,3.5,3.5,3.5,260.92,282.11,249.29,249.26,282.75,282.75,0.84,260.04,260.92,0.00,27.64,201,6,6.3,0.0,0,0,0.0,0.0,0,
27.8.2026,17:31:28.111,8713,10540,45.2,6009,10301,36.8,2.4,2944,70,1.248,1.238,1.250,1.250,1.250,1.250,1.250,3875.0,3720.0,3720.0,4650.0,3720.0,3720.0,3720.0,100.0,561.6,75.1,27.7,108.8,82.3,4536.4,5.5,768.3,83.0,600.3,381.9,55.3,14.3,561.6,12.0,0.0,0.0,0.0,3.3,99.9,0.0,18.7,3.3,11.9,6.9,0.0,0.0,99.9,12.0,15.0,1.5,0.7,2.8,2.1,122.6,0.1,20.7,2.2,15.6,9.8,1.4,0.3,15.0,38.8,37.2,37.2,46.5,37.2,37.2,37.2,0.0,23.7,2.0,4.1,99.9,17.9,16.8,1.7,39.1,49.8,27.8,0.1,62.8,81.1,13.2,37.1,48.2,68.0,0.0,19.3,2.1,85.1,1600.0,16.00,16,18,18,36,74,560,1,46.5,46.1,48.8,36.3,34.9,32.6,45.9,36.2,36.0,32.2,33.6,33.6,32.0,27.3,1.256,0.994,1.269,13.707,5.946,13.677,16.665,38.188,1.652,0.673,0.553,4.652,1.896,1.867,0.272,16.310,5.909,22.219,38.421,1600.0,1600.0,4540.3,4540.3,4650.0,50.6,22.8,18.5,48.5,163.7,No,No,No,0.194,0.133,1.4,46.0,38.5,37.0,34.0,33.5,36.0,37.0,12.096,4.960,1.004,1.348,1.186,0.816,0.858,1.552,3.316,1.836,1206,747,550,559,1.056,1.243,35,35,42,79.0,100.0,No,No,80704,102356,0.0,0.0,0.0,0.000,0.000,45602,11170,58.8,60.0,68.7,60,60,60,60,60,60,58,60,60,83.0,0.812,12.075,12.159,12.064,12.051,12.025,0,0,190.745,78.093,162.042,26.433,89.106,77.015,15.260,162.042,30.532,28.103,112.306,290.000,320.000,1455.0,1156.5,1275.0,1455.0,1380.0,1215.0,1455.1,1155.5,1380.4,100.0,19.0,0.0,0.0,20.5,25.0,100.0,0.0,0.0,0.0,68,68,Yes,No,No,No,No,Yes,No,66.4,64.2,5,0,0,0,0,0,0,0,0,132,0,0,0,0,0,0,0,0,0,0,0,0,0,0,0,0,0,0,0,0,6514,1678,1509,115,16.0,3.8,4.0,3.5,3.5,3.5,3.5,3.8,4.0,3.5,3.5,3.5,3.5,266.42,283.34,249.60,249.29,283.68,283.68,0.73,265.72,266.42,0.00,17.30,201,6,0.9,0.0,0,0,0.0,0.0,0,
27.8.2026,17:31:28.610,8714,10539,45.2,6021,10289,36.9,2.4,2944,70,1.238,1.238,1.238,1.238,1.238,1.238,1.238,3875.0,3720.0,3720.0,4650.0,3720.0,3720.0,3720.0,100.0,539.1,123.6,40.4,200.3,132.2,4649.7,5.6,483.9,44.6,378.7,301.5,61.4,47.7,539.1,13.7,3.8,2.6,6.7,4.9,100.0,0.0,14.3,2.7,11.4,9.4,0.1,8.4,100.0,13.7,14.4,2.3,1.1,5.3,3.4,125.7,0.1,13.0,1.2,10.0,8.0,1.6,1.3,14.4,38.8,37.2,37.2,46.5,37.2,37.2,37.2,0.0,23.6,3.3,7.3,100.0,13.0,15.0,2.8,40.6,67.2,24.7,0.0,63.7,73.4,14.7,35.8,29.5,68.0,0.0,23.2,11.6,82.5,1600.0,16.00,16,18,18,36,74,560,1,47.4,48.7,49.0,37.0,36.1,33.3,48.7,35.5,35.9,32.5,34.0,34.0,31.5,27.7,1.250,0.994,1.269,14.481,5.954,14.481,17.733,40.274,1.858,1.068,0.779,5.486,1.679,1.745,0.392,18.071,5.916,23.988,40.240,1600.0,1600.0,4650.0,4650.0,4650.0,52.9,24.1,19.7,51.3,161.8,No,No,No,0.211,0.217,1.4,47.0,38.5,37.0,34.0,33.5,36.0,37.0,12.072,4.960,1.004,1.348,1.244,0.816,0.856,1.550,3.316,1.834,1206,747,551,546,1.056,1.243,35,35,42,79.0,100.0,No,No,80704,102356,0.0,0.0,0.0,0.000,0.000,45602,11170,59.0,60.0,69.1,60,60,60,60,62,60,58,60,60,83.0,0.812,12.074,12.149,12.067,12.053,12.027,0,0,190.986,79.141,165.092,30.288,88.667,76.383,15.130,165.092,30.265,28.166,113.190,290.000,320.000,1455.0,1156.5,1275.0,1455.0,1380.0,1215.0,1455.7,1155.5,1380.4,100.0,19.0,0.0,0.0,20.5,20.8,83.4,0.0,0.0,0.0,68,68,Yes,No,No,No,No,Yes,No,67.4,68.3,5,0,0,0,0,0,0,0,0,132,0,0,0,0,0,0,0,0,0,0,0,0,0,0,0,0,0,0,0,0,6514,1678,1509,115,16.0,4.1,5.0,3.7,3.7,3.7,3.7,4.1,5.0,3.7,3.7,3.7,3.7,244.32,267.28,200.69,199.49,267.29,267.29,0.86,243.44,244.32,0.00,28.27,201,6,0.4,0.4,0,0,0.0,0.0,0,
27.8.2026,17:31:29.116,8716,10538,45.2,6013,10296,36.8,2.4,2944,70,1.248,1.238,1.250,1.250,1.250,1.250,1.250,3875.0,3720.0,3720.0,4650.0,3720.0,3720.0,3720.0,100.0,544.7,65.5,16.7,127.6,91.4,4385.1,26.4,462.5,293.0,652.3,208.5,107.3,100.1,544.7,13.5,2.6,1.8,4.5,3.6,94.5,4.8,11.0,6.3,17.9,3.7,6.9,4.0,94.5,13.5,14.6,1.3,0.4,3.3,2.3,118.5,0.7,12.5,7.9,17.3,5.4,2.8,2.6,14.6,38.8,37.2,37.2,46.5,37.2,37.2,37.2,0.0,24.3,1.9,5.6,94.8,20.3,19.0,4.4,44.9,55.1,36.4,5.2,62.9,78.3,31.5,30.8,43.0,58.0,0.0,16.8,2.7,64.1,1600.0,16.00,16,18,18,36,74,560,1,47.8,48.1,47.8,37.2,35.6,33.1,48.0,36.4,36.6,33.2,34.0,34.0,33.0,28.0,1.250,0.994,1.262,14.650,5.989,14.640,18.697,40.343,1.941,0.839,0.824,5.270,1.980,2.051,0.684,18.225,5.952,24.177,40.426,1600.0,1600.0,4634.0,4634.0,4650.0,53.2,24.4,20.8,50.6,155.8,No,No,No,0.264,0.261,1.5,47.0,38.5,37.0,34.0,33.5,36.5,37.0,12.096,4.970,1.002,1.348,1.242,0.816,0.858,1.550,3.316,1.836,1243,1528,550,546,1.056,1.263,35,35,42,79.0,100.0,No,No,80704,102356,0.0,0.0,0.0,0.000,0.008,45602,11170,58.9,62.0,68.8,60,60,60,60,62,60,60,58,60,83.0,0.812,12.072,12.152,12.063,12.050,12.024,1298,1258,192.155,79.069,164.616,28.630,89.422,77.058,15.258,164.616,30.525,28.173,113.322,290.000,320.000,1455.0,1156.5,1275.0,1455.0,1380.0,1215.0,1455.7,1155.0,1379.9,99.0,19.0,0.0,0.0,20.5,25.0,100.0,0.0,0.0,0.0,68,68,Yes,No,No,No,No,Yes,No,67.3,66.4,5,0,0,0,0,0,0,0,0,132,0,0,0,0,0,0,0,0,0,0,0,0,0,0,0,0,0,0,0,0,6514,1678,1509,115,16.0,4.1,5.0,3.2,3.2,3.2,3.2,4.1,5.0,3.2,3.2,3.2,3.2,244.30,314.99,199.70,199.39,317.00,317.00,0.92,243.27,244.30,0.00,95.00,201,6,0.7,0.4,0,0,0.0,0.0,0,
27.8.2026,17:31:29.614,8716,10537,45.2,6023,10286,36.9,2.4,2944,70,1.232,1.238,1.231,1.231,1.231,1.231,1.231,3875.0,3720.0,3720.0,4650.0,3720.0,3720.0,3720.0,100.0,530.5,91.7,47.6,122.5,54.7,4632.7,3.3,453.6,36.8,385.4,402.4,57.6,77.9,530.5,11.4,0.0,0.0,1.4,0.0,99.6,0.0,13.3,2.3,8.6,11.9,0.0,0.0,99.6,11.4,14.1,0.9,1.3,3.2,1.4,125.2,0.1,12.2,1.0,10.3,10.8,1.3,1.9,14.1,38.8,37.2,37.2,46.5,37.2,37.2,37.2,0.0,23.4,2.3,4.7,99.7,12.8,17.8,2.8,36.9,68.3,23.0,0.3,50.9,62.2,16.4,39.8,29.4,72.4,0.0,36.3,20.0,80.7,1600.0,16.00,16,18,18,36,74,560,1,48.1,48.7,49.5,36.9,36.0,32.8,48.7,35.0,36.2,32.5,34.0,34.0,31.8,28.1,1.250,0.994,1.269,14.308,5.966,14.313,17.172,40.004,1.796,1.039,0.573,5.471,1.493,1.754,0.444,17.843,5.929,23.772,40.030,1600.0,1600.0,4649.7,4649.7,4650.0,52.7,23.9,19.1,51.2,165.4,No,No,No,0.195,0.216,1.4,48.0,38.5,37.0,34.0,33.5,36.5,37.0,12.096,4.960,1.004,1.348,1.242,0.814,0.856,1.550,3.320,1.836,1243,1528,550,558,1.056,1.263,35,35,42,79.0,100.0,No,No,80704,102356,0.0,0.0,0.0,0.000,0.008,45602,11170,59.2,62.0,69.2,60,60,60,60,60,60,60,58,60,83.0,0.812,12.075,12.158,12.064,12.052,12.025,992,929,189.754,77.333,161.138,26.881,88.198,76.058,15.007,161.138,30.027,27.718,109.831,290.000,320.000,1455.0,1156.5,1275.0,1455.0,1380.0,1215.0,1455.5,1155.3,1380.4,100.0,20.0,0.0,0.0,20.5,24.6,98.3,0.0,0.0,0.0,68,68,Yes,No,No,No,No,Yes,No,65.9,65.4,5,0,0,0,0,0,0,0,0,132,0,0,0,0,0,0,0,0,0,0,0,0,0,0,0,0,0,0,0,0,6514,1678,1509,115,16.0,3.7,4.6,3.2,3.2,3.2,3.2,3.7,4.6,3.2,3.2,3.2,3.2,266.85,316.15,217.56,216.65,317.16,317.16,0.79,266.06,266.85,0.00,100.22,201,6,3.2,0.1,0,0,0.0,0.0,0,
27.8.2026,17:31:30.103,8719,10534,45.2,6016,10293,36.8,2.4,2944,70,1.256,1.256,1.256,1.256,1.256,1.256,1.256,3875.0,3720.0,3720.0,4650.0,3720.0,3720.0,3720.0,100.0,583.9,81.5,32.2,280.0,244.3,4640.1,16.5,365.3,217.5,444.3,274.5,158.5,252.3,583.9,16.3,2.8,5.1,11.2,10.5,99.8,1.7,11.1,7.2,13.1,8.6,8.3,15.7,99.8,16.3,15.6,1.4,0.8,7.3,6.5,125.4,0.4,9.9,5.9,11.9,7.3,4.2,6.8,15.6,38.8,37.2,37.2,46.5,37.2,37.2,37.2,0.0,24.9,2.2,9.7,99.8,14.6,15.0,8.0,38.9,46.0,38.2,0.2,62.1,60.5,26.5,36.2,51.9,52.1,0.0,23.3,24.5,65.6,1600.0,16.00,16,18,18,36,74,560,1,48.4,48.7,48.0,37.3,35.6,34.0,48.7,35.4,36.0,33.8,34.2,34.2,33.2,27.7,1.250,0.994,1.262,14.683,5.983,14.653,19.312,40.402,1.928,0.760,1.160,5.486,1.598,1.688,0.878,18.347,5.946,24.293,40.510,1600.0,1600.0,4650.0,4650.0,4650.0,53.3,24.4,21.5,51.2,158.5,No,No,No,0.320,0.170,1.5,48.0,38.5,37.0,34.0,33.5,36.5,37.0,12.096,4.960,1.004,1.348,1.242,0.814,0.856,1.550,3.320,1.836,1243,1528,550,558,1.056,1.262,35,35,42,79.0,100.0,No,No,80704,102356,0.0,0.0,0.0,0.000,0.047,45602,11170,59.2,62.0,69.3,60,60,60,60,60,60,62,60,60,83.0,0.812,12.072,12.154,12.063,12.049,12.023,889,846,188.898,78.055,162.344,27.297,88.624,76.402,15.005,162.344,30.017,27.977,112.481,290.000,320.000,1455.0,1156.5,1275.0,1455.0,1380.0,1215.0,1455.3,1155.4,1380.0,100.0,19.0,0.0,0.0,20.5,25.0,100.0,0.0,0.0,0.0,69,69,Yes,No,No,No,No,Yes,No,65.5,66.5,5,0,0,0,0,0,0,0,0,132,0,0,0,0,0,0,0,0,0,0,0,0,0,0,0,0,0,0,0,0,6514,1678,1509,115,16.0,3.8,6.0,2.7,2.7,2.7,2.7,3.7,5.9,2.7,2.7,2.7,2.7,266.49,364.95,168.03,166.22,366.96,366.96,0.82,265.67,266.49,0.00,175.59,201,6,0.9,0.4,0,0,0.0,0.0,0,
27.8.2026,17:31:30.610,8717,10537,45.2,6013,10296,36.8,2.4,2944,70,1.256,1.256,1.256,1.256,1.256,1.256,1.256,3875.0,3720.0,3720.0,4650.0,3720.0,3720.0,3720.0,100.0,551.7,110.0,21.6,177.8,56.6,4632.5,19.7,579.4,183.0,448.8,284.2,56.4,50.4,551.7,11.3,0.2,0.0,2.6,0.0,99.7,1.3,13.7,2.8,9.8,5.5,0.0,0.0,99.7,11.3,14.8,2.3,0.5,4.7,1.5,125.2,0.5,15.6,4.9,11.8,7.6,1.4,1.1,14.8,38.8,37.2,37.2,46.5,37.2,37.2,37.2,0.0,24.5,3.0,6.1,99.7,19.6,15.8,2.6,40.1,60.8,41.6,0.3,51.7,56.9,29.2,35.4,36.2,52.3,0.0,28.7,27.3,68.2,1600.0,16.00,16,18,18,36,74,560,1,48.6,48.9,44.5,37.3,36.2,33.5,48.9,36.2,35.9,33.0,34.3,34.3,31.8,28.2,1.250,0.994,1.262,14.431,5.954,14.450,18.979,40.195,1.901,0.985,0.892,5.511,1.829,1.638,0.551,18.037,5.917,23.954,40.231,1600.0,1600.0,4649.7,4649.7,4650.0,52.9,24.1,21.1,51.5,157.6,No,No,No,0.238,0.198,1.5,48.0,38.5,37.0,34.0,33.5,36.5,37.0,12.096,4.960,1.004,1.348,1.240,0.814,0.856,1.552,3.316,1.836,1260,747,552,546,1.056,1.262,35,35,42,79.0,100.0,No,No,80704,102356,0.0,0.0,0.0,0.000,0.000,45602,11170,59.4,62.0,69.4,60,60,60,62,60,60,60,60,60,83.0,0.812,12.073,12.156,12.063,12.050,12.024,917,883,191.884,78.604,163.469,27.765,89.122,76.882,15.162,163.469,30.337,27.909,113.319,290.000,320.000,1455.0,1156.5,1275.0,1455.0,1380.0,1215.0,1455.3,1155.8,1379.3,100.0,19.0,0.0,0.0,20.5,25.0,100.0,0.0,0.0,0.0,69,69,Yes,No,No,No,No,Yes,No,66.0,65.3,5,0,0,0,0,0,0,0,0,132,0,0,0,0,0,0,0,0,0,0,0,0,0,0,0,0,0,0,0,0,6514,1678,1509,115,16.0,3.9,6.6,2.7,2.7,2.7,2.7,3.9,6.6,2.7,2.7,2.7,2.7,258.35,364.89,151.81,149.86,367.07,367.07,0.90,257.45,258.35,0.00,217.00,201,6,1.8,0.1,0,0,0.0,0.0,0,
27.8.2026,17:31:31.106,8722,10531,45.3,6015,10294,36.8,2.4,2944,70,1.192,1.181,1.194,1.194,1.194,1.194,1.194,4374.2,3620.0,4525.0,4525.0,4525.0,4525.0,4525.0,100.0,538.8,68.1,8.6,128.9,53.9,662.9,178.6,633.0,160.3,4447.9,24.1,65.2,33.6,538.8,12.9,2.4,1.2,3.9,2.2,15.8,5.0,14.9,4.6,99.3,1.4,2.3,1.9,99.3,12.9,14.5,1.6,0.2,3.3,1.4,17.9,4.7,17.0,4.3,120.0,0.6,1.5,1.0,14.5,43.7,36.2,45.2,45.2,45.2,45.2,45.2,0.0,24.0,1.7,4.5,18.8,16.9,99.2,2.6,35.9,19.3,35.8,79.4,64.3,0.8,15.9,40.1,79.0,59.7,1.8,18.8,0.0,81.5,1600.0,16.00,16,18,18,36,74,560,1,48.5,46.2,44.2,36.2,33.1,32.9,36.4,36.1,46.0,32.6,33.8,33.8,32.5,28.4,1.188,0.994,1.200,13.151,5.983,13.135,16.263,37.861,1.575,0.349,0.630,1.815,1.755,4.542,0.357,15.561,5.946,21.506,37.745,1600.0,1600.0,4532.4,4532.4,4650.0,49.7,21.9,18.1,48.7,164.0,No,No,No,0.245,0.073,1.4,48.0,38.5,37.0,34.0,33.5,36.5,37.0,12.072,4.960,1.004,1.348,1.176,0.814,0.856,1.550,3.316,1.836,1260,747,552,546,1.056,1.265,35,35,42,79.0,100.0,No,No,80704,102356,0.0,0.0,0.0,0.000,0.000,45602,11170,58.0,62.0,68.0,60,60,60,60,60,60,60,60,60,83.0,0.812,12.102,12.189,12.090,12.075,12.055,981,947,191.740,51.396,125.829,20.319,71.938,62.657,14.467,125.829,28.937,2.448,10.144,290.000,320.000,1455.0,1156.5,1275.0,1455.0,1380.0,1215.0,1455.1,1155.0,1379.5,83.0,18.0,0.0,0.0,20.5,21.9,87.5,0.0,0.0,0.0,69,69,Yes,No,No,No,No,Yes,No,53.4,42.2,5,0,0,0,0,0,0,0,0,132,0,0,0,0,0,0,0,0,0,0,0,0,0,0,0,0,0,0,0,0,6514,1678,1509,115,16.0,3.6,7.4,2.4,2.4,2.4,2.4,3.6,7.3,2.4,2.4,2.4,2.4,274.92,414.07,135.76,133.21,416.91,416.91,1.02,273.80,274.92,0.00,258.74,201,6,0.3,0.4,0,0,0.0,0.0,0,
27.8.2026,17:31:31.604,8717,10536,45.2,6029,10280,36.9,2.4,2944,70,1.183,1.163,1.188,1.188,1.188,1.188,1.188,3770.8,3620.0,3620.0,3620.0,3620.0,4525.0,3620.0,100.0,543.2,143.8,89.1,121.4,57.7,368.5,324.5,776.1,72.3,4430.8,21.2,73.6,39.4,543.2,11.6,2.8,0.0,3.8,0.0,9.2,8.2,15.5,0.0,97.9,1.4,0.0,0.0,97.9,11.6,14.4,2.1,2.3,3.2,1.4,9.9,8.6,20.9,1.9,119.7,0.5,1.9,1.0,14.4,37.7,36.2,36.2,36.2,36.2,45.2,36.2,0.0,23.6,3.4,4.4,15.0,18.0,97.9,2.7,36.3,49.2,32.7,50.4,65.0,2.1,18.4,40.1,47.3,62.9,34.6,16.9,0.0,78.9,1600.0,16.00,16,18,18,36,74,560,1,48.4,45.9,43.2,36.0,33.5,32.7,34.9,36.5,45.8,32.7,33.6,33.6,32.5,27.8,1.181,0.994,1.194,12.757,5.987,12.824,16.450,37.559,1.540,0.714,0.566,1.210,1.922,4.476,0.353,15.067,5.950,21.017,37.366,1600.0,1600.0,4513.2,4513.2,4650.0,49.2,21.4,18.3,48.3,161.6,No,No,No,0.242,0.364,1.4,48.0,38.5,37.0,34.0,33.5,36.5,37.0,12.072,4.960,1.004,1.348,1.174,0.814,0.856,1.554,3.340,1.834,1246,746,551,558,1.056,1.265,35,35,43,79.0,100.0,No,No,80704,102356,0.0,0.0,0.0,0.000,0.007,45602,11170,59.4,62.0,69.3,61,60,62,60,62,60,62,60,60,83.0,0.812,12.068,12.146,12.059,12.046,12.020,1039,1025,188.761,77.159,160.719,27.401,87.633,75.407,14.868,160.719,29.747,27.637,110.299,290.000,320.000,1455.0,1156.5,1275.0,1455.0,1380.0,1215.0,1454.8,1155.6,1379.8,100.0,18.0,0.0,0.0,20.5,22.0,87.9,0.0,0.0,0.0,69,69,Yes,No,No,No,No,Yes,No,65.7,66.4,5,0,0,0,0,0,0,0,0,132,0,0,0,0,0,0,0,0,0,0,0,0,0,0,0,0,0,0,0,0,6514,1678,1509,115,16.0,3.2,13.6,2.1,2.1,2.1,2.1,3.2,13.6,2.1,2.1,2.1,2.1,316.74,465.69,73.63,67.33,466.69,466.69,1.01,315.79,316.74,0.00,344.67,201,6,0.0,0.0,0,0,0.0,0.0,0,
27.8.2026,17:31:32.112,8715,10538,45.2,6017,10292,36.8,2.4,2944,70,1.162,1.163,1.163,1.163,1.163,1.163,1.163,3770.8,3620.0,3620.0,4525.0,3620.0,3620.0,3620.0,100.0,523.5,77.4,24.1,159.7,71.2,10.5,4523.8,731.5,52.7,302.8,204.1,87.9,36.4,523.5,10.2,0.0,0.0,0.0,0.0,0.0,100.0,14.8,0.0,5.2,2.8,0.2,0.0,100.0,10.2,14.1,1.5,0.6,4.3,1.9,0.3,122.2,19.8,1.4,8.1,5.4,2.3,0.9,14.1,37.7,36.2,36.2,45.2,36.2,36.2,36.2,0.0,23.1,2.2,5.1,99.9,16.9,11.6,2.9,35.3,30.6,35.3,0.1,61.3,69.2,15.2,41.6,67.2,59.5,0.0,21.9,19.3,81.9,1600.0,16.00,16,18,18,36,74,560,1,48.2,45.7,45.8,36.1,34.5,32.9,45.5,36.2,34.9,32.6,33.7,33.7,31.8,28.2,1.188,0.994,1.194,13.020,5.949,13.030,16.004,37.656,1.508,0.477,0.618,4.546,1.819,1.235,0.351,15.389,5.912,21.301,37.562,1600.0,1600.0,4525.0,4525.0,4650.0,49.4,21.7,17.8,48.1,169.3,No,No,No,0.202,0.127,1.4,48.0,38.5,37.0,34.0,33.5,36.5,37.0,12.096,4.960,1.004,1.348,1.174,0.812,0.856,1.552,3.316,1.836,1253,746,551,558,1.056,1.251,35,35,43,79.0,100.0,No,No,80704,102356,0.0,0.0,0.0,0.000,0.000,45602,11170,59.7,62.0,69.7,61,62,62,62,62,60,62,60,60,83.0,0.812,12.072,12.154,12.063,12.050,12.024,1096,1077,187.029,77.775,161.512,27.650,87.926,75.720,14.909,161.512,29.817,27.948,112.982,290.000,320.000,1455.0,1156.5,1275.0,1455.0,1380.0,1215.0,1455.3,1155.2,1380.0,100.0,18.0,0.0,0.0,20.5,25.0,100.0,0.0,0.0,0.0,69,69,Yes,No,No,No,No,Yes,No,66.0,66.2,5,0,0,0,0,0,0,0,0,132,0,0,0,0,0,0,0,0,0,0,0,0,0,0,0,0,0,0,0,0,6514,1678,1509,115,16.0,3.1,17.2,2.1,2.1,2.1,2.1,3.1,17.1,2.1,2.1,2.1,2.1,327.79,466.95,58.08,50.58,466.95,466.95,0.94,326.80,327.79,0.00,411.22,201,6,0.6,0.0,0,0,0.0,0.0,0,
27.8.2026,17:31:32.616,8718,10535,45.2,6030,10280,36.9,2.4,2944,70,1.169,1.169,1.169,1.169,1.169,1.169,1.169,3770.8,3620.0,3620.0,4525.0,3620.0,3620.0,3620.0,100.0,539.5,135.5,50.0,178.6,93.7,13.0,4524.4,669.4,195.0,328.6,206.5,45.3,34.0,539.5,14.5,4.3,0.1,5.9,12.0,0.0,100.0,16.5,8.9,9.2,3.6,3.0,10.8,100.0,14.5,14.5,2.7,1.3,4.7,2.5,0.3,122.3,18.1,5.2,8.8,5.5,1.2,0.9,14.5,37.7,36.2,36.2,45.2,36.2,36.2,36.2,0.0,23.6,3.2,5.5,100.0,19.0,11.9,2.0,34.4,43.2,28.1,0.0,71.0,53.3,10.6,42.0,53.6,66.4,0.0,10.0,34.8,87.4,1600.0,16.00,16,18,18,36,74,560,1,48.1,45.9,46.0,36.2,35.1,33.0,45.7,36.4,34.5,32.4,33.7,33.7,30.8,27.4,1.181,0.994,1.194,13.042,5.985,13.036,16.444,37.590,1.538,0.706,0.613,4.565,1.923,1.166,0.254,15.432,5.948,21.380,37.625,1600.0,1600.0,4525.0,4525.0,4650.0,49.5,21.7,18.3,48.3,166.5,No,No,No,0.211,0.235,1.4,48.0,38.5,37.0,34.0,33.5,36.5,37.0,12.096,4.960,1.004,1.348,1.170,0.810,0.856,1.550,3.316,1.836,1253,746,552,558,1.056,1.251,35,35,42,79.0,100.0,No,No,80704,102356,0.0,0.0,0.0,0.000,0.000,45602,11170,59.6,62.0,69.8,61,62,60,62,62,60,62,60,60,83.0,0.812,12.072,12.153,12.062,12.049,12.022,1127,1111,186.786,78.945,164.191,27.855,89.692,77.332,15.352,164.191,30.722,27.780,113.391,290.000,320.000,1455.0,1156.5,1275.0,1455.0,1380.0,1215.0,1455.4,1155.5,1380.2,100.0,18.0,0.0,0.0,20.5,24.6,98.4,0.0,0.0,0.0,69,69,Yes,No,No,No,No,Yes,No,67.2,66.3,5,0,0,0,0,0,0,0,0,132,0,0,0,0,0,0,0,0,0,0,0,0,0,0,0,0,0,0,0,0,6514,1678,1509,115,16.0,3.1,39.2,2.0,2.0,2.0,2.0,3.1,39.0,2.0,2.0,2.0,2.0,327.82,499.32,25.53,17.42,499.99,499.99,0.81,327.07,327.82,0.00,450.24,201,6,1.4,0.0,0,0,0.0,0.0,0,
27.8.2026,17:31:33.117,8718,10536,45.2,6021,10288,36.9,2.4,2944,70,1.235,1.256,1.231,1.231,1.231,1.231,1.231,3875.0,3720.0,3720.0,4650.0,3720.0,3720.0,3720.0,100.0,526.0,69.8,7.3,88.9,30.7,8.0,4536.3,669.1,263.3,468.3,92.2,66.9,10.7,526.0,11.9,0.2,1.8,3.8,0.0,1.8,100.0,16.8,1.4,9.9,3.9,3.2,0.0,100.0,11.9,14.2,1.7,0.2,2.3,0.8,0.2,122.6,18.0,7.1,12.5,2.4,1.8,0.3,14.2,38.8,37.2,37.2,46.5,37.2,37.2,37.2,0.0,22.5,2.0,3.0,100.0,15.8,12.5,1.9,33.4,43.0,28.7,0.0,59.7,55.9,13.2,44.1,55.1,68.3,0.0,24.5,31.6,84.9,1600.0,16.00,16,18,18,36,74,560,1,48.0,46.0,47.8,36.0,34.8,32.6,45.9,35.7,34.7,32.3,33.7,33.7,32.0,27.9,1.250,0.994,1.262,12.700,5.943,12.673,15.745,37.140,1.491,0.595,0.489,4.619,1.727,1.247,0.269,15.089,5.906,20.996,37.199,1600.0,1600.0,4536.6,4536.6,4650.0,48.9,21.1,17.5,48.4,168.1,No,No,No,0.188,0.121,1.4,48.0,38.5,37.0,34.0,33.5,36.5,37.0,12.072,4.960,1.002,1.348,1.168,0.810,0.856,1.550,3.316,1.834,1253,746,552,558,1.056,1.242,35,35,42,79.0,100.0,No,No,80704,102356,0.0,0.0,0.0,0.000,0.007,45602,11170,59.8,62.0,69.7,61,62,60,62,62,60,60,60,62,83.0,0.812,12.077,12.159,12.066,12.053,12.028,1148,1136,192.382,76.874,160.839,27.466,87.567,75.467,14.843,160.839,29.693,27.789,107.362,290.000,320.000,1455.0,1156.5,1275.0,1455.0,1380.0,1215.0,1455.6,1155.6,1380.1,100.0,18.0,0.0,0.0,20.5,23.6,94.5,0.0,0.0,0.0,70,70,Yes,No,No,No,No,Yes,No,65.7,66.8,5,0,0,0,0,0,0,0,0,132,0,0,0,0,0,0,0,0,0,0,0,0,0,0,0,0,0,0,0,0,6514,1678,1509,115,16.0,3.0,37.9,2.0,2.0,2.0,2.0,3.0,38.5,2.0,2.0,2.0,2.0,333.33,499.64,26.38,17.99,499.99,499.99,0.85,332.54,333.33,0.00,477.69,201,6,0.6,0.0,0,0,0.0,0.0,0,
27.8.2026,17:31:33.628,8654,10599,44.9,6024,10285,36.9,2.4,2944,70,1.172,1.219,1.163,1.163,1.163,1.163,1.163,3770.8,3620.0,3620.0,3620.0,3620.0,4525.0,3620.0,100.0,544.5,113.9,22.2,138.3,111.2,278.7,3411.9,777.1,296.2,602.2,605.8,133.5,43.5,544.5,13.9,3.2,1.6,1.6,11.9,9.9,73.9,18.0,14.1,13.4,15.1,1.6,2.2,73.9,13.9,14.6,2.2,0.6,3.6,2.9,7.5,92.2,21.0,8.0,16.1,16.2,3.5,1.1,14.6,37.7,36.2,36.2,36.2,36.2,45.2,36.2,0.0,24.8,2.8,6.4,79.7,26.2,28.9,4.8,49.3,68.0,43.3,20.3,68.0,68.6,27.8,25.8,29.1,50.3,0.0,5.7,2.5,67.5,1600.0,16.00,16,18,18,36,74,560,1,48.2,47.4,42.5,37.2,35.7,33.4,46.0,37.6,37.1,33.3,34.1,34.1,33.5,27.3,1.181,0.994,1.188,15.222,6.034,15.243,19.601,40.991,1.977,1.025,0.884,4.647,2.433,2.259,0.613,18.790,5.996,24.786,41.131,1600.0,1600.0,4608.5,4608.5,4650.0,54.1,25.4,21.8,49.8,157.9,No,No,No,0.724,0.535,1.5,48.0,38.5,37.0,34.0,33.5,36.5,37.0,12.096,4.960,1.004,1.348,1.192,0.810,0.856,1.550,3.316,1.836,1253,761,553,545,1.056,1.242,35,35,43,79.0,100.0,No,No,80704,102356,0.0,0.0,0.0,0.000,0.057,45602,11170,54.8,60.0,64.8,58,58,58,58,58,58,58,58,60,83.0,0.812,12.153,12.253,12.136,12.112,12.112,1158,1151,192.390,22.393,41.437,2.892,33.337,31.103,12.960,41.437,25.928,2.469,9.979,290.000,320.000,1455.0,1156.5,1275.0,1455.0,1380.0,1215.0,1455.3,1155.3,1380.3,87.0,17.0,0.0,0.0,17.4,24.2,96.8,0.0,0.0,0.0,70,70,Yes,No,No,No,No,Yes,No,23.2,23.2,5,0,0,0,0,0,0,0,0,132,0,0,0,0,0,0,0,0,0,0,0,0,0,0,0,0,0,0,0,0,6770,1422,1253,115,16.0,3.1,17.2,2.1,2.1,2.1,2.1,3.1,17.2,2.1,2.1,2.1,2.1,327.67,482.28,58.18,50.99,482.94,482.94,0.72,326.97,327.67,0.00,433.00,201,6,0.5,0.0,0,0,0.0,0.0,0,
27.8.2026,17:31:34.130,6355,12899,33.0,5294,11015,32.4,2.4,2944,70,0.993,0.956,1.200,0.950,0.950,0.950,0.950,3789.2,3675.0,3675.0,4525.0,3620.0,3620.0,3620.0,100.0,391.0,769.7,304.9,226.3,92.1,138.5,2056.0,154.7,54.8,455.2,229.8,142.4,67.6,391.0,10.0,17.2,10.1,7.9,4.9,2.5,44.6,0.0,4.0,13.7,5.4,2.9,7.0,44.6,10.0,10.3,18.6,8.2,6.0,2.4,3.4,55.6,4.1,1.4,12.1,6.1,3.8,1.8,10.3,37.9,36.8,36.8,45.2,36.2,36.2,36.2,0.0,16.6,19.7,7.8,46.0,4.9,17.1,4.3,55.1,77.9,49.6,54.0,45.2,80.2,23.8,28.3,2.4,42.6,0.0,50.0,2.7,71.9,1600.0,16.00,16,18,18,36,74,560,1,48.1,42.0,37.0,35.6,37.3,33.2,40.8,33.6,35.5,33.0,33.8,33.8,32.5,28.1,1.175,0.994,1.181,12.239,6.178,12.306,12.306,37.517,1.447,1.777,0.840,3.220,0.759,1.485,0.600,14.392,6.139,20.532,37.010,1600.0,1600.0,4237.9,4237.9,4650.0,48.7,20.5,13.7,44.2,164.7,No,No,No,0.760,1.748,1.0,48.0,39.0,37.0,34.0,33.5,36.5,37.0,12.168,4.990,1.004,1.348,0.992,0.808,0.856,1.558,3.340,1.836,1255,761,553,545,1.056,1.258,35,35,43,79.0,100.0,No,No,80704,102356,0.0,0.1,0.1,0.000,0.178,45602,11171,52.1,58.0,61.9,58,58,58,58,58,58,58,58,58,83.0,0.819,12.158,12.258,12.140,12.117,12.116,1166,1165,178.712,22.327,41.480,2.795,33.433,31.287,13.036,41.480,26.069,2.252,9.111,290.000,320.000,1455.0,1187.7,1275.0,1455.0,1380.0,1215.0,1455.1,1186.3,1379.5,0.0,0.0,0.0,0.0,9.0,0.0,0.0,0.0,0.0,0.0,70,70,Yes,No,No,No,No,Yes,No,23.3,23.6,5,0,0,0,0,0,0,0,0,132,0,0,0,0,0,0,0,0,0,0,0,0,0,0,0,0,0,0,0,0,7455,737,568,41,16.0,3.2,13.6,2.2,2.2,2.2,2.2,3.2,13.6,2.2,2.2,2.2,2.2,311.09,449.23,73.71,67.41,449.90,449.90,0.51,310.52,311.09,0.00,377.66,201,6,2.3,0.9,0,0,0.0,0.0,0,
27.8.2026,17:31:34.639,6352,12901,32.9,5293,11016,32.4,2.4,2944,70,0.967,0.956,0.969,0.969,0.969,0.969,0.969,3675.0,3675.0,3675.0,3675.0,3675.0,3675.0,3675.0,100.0,215.0,93.8,16.0,35.8,55.0,170.8,82.0,413.7,263.6,881.2,66.5,247.6,254.4,215.0,4.6,2.3,0.0,0.0,0.0,4.4,2.3,14.8,0.0,19.9,0.0,5.7,5.9,19.9,4.6,5.7,2.3,0.4,0.9,1.4,4.7,2.1,11.1,7.1,23.7,1.7,6.6,6.8,5.7,36.8,36.8,36.8,36.8,36.8,36.8,36.8,0.0,8.9,2.6,2.2,6.2,14.8,21.3,6.1,42.2,17.7,11.6,86.3,59.7,59.9,18.1,48.9,79.8,86.2,7.5,25.5,18.9,75.8,1600.0,16.00,16,18,18,36,74,560,1,47.8,38.3,37.0,33.5,32.3,32.0,33.4,34.6,35.1,33.5,32.9,32.9,31.2,27.9,1.156,0.994,1.163,8.465,6.037,8.450,8.450,31.587,0.816,0.285,0.229,0.962,1.242,1.514,0.667,9.417,5.999,15.416,31.660,1600.0,1600.0,4072.9,4072.9,4650.0,41.7,14.1,9.4,40.3,190.8,No,No,No,0.248,0.233,0.5,48.0,38.5,37.0,34.0,33.5,36.5,37.0,12.168,4.990,1.004,1.348,1.060,0.808,0.856,1.558,3.344,1.834,1255,762,552,559,1.056,1.258,35,35,43,79.0,100.0,No,No,80704,102356,0.0,0.0,0.0,0.000,0.000,45602,11171,51.4,58.0,61.5,58,58,58,58,58,58,58,56,58,83.0,0.819,12.157,12.255,12.140,12.117,12.116,1168,1171,121.502,22.268,41.239,2.757,33.337,31.263,13.073,41.239,26.155,2.259,9.088,290.000,320.000,1500.0,1187.7,1320.0,1455.0,1425.0,1260.0,1500.6,1186.2,1425.2,1.0,0.0,0.0,0.0,9.0,0.0,0.1,0.0,0.0,0.0,70,70,Yes,No,No,No,No,Yes,No,23.2,23.6,5,0,0,0,0,0,0,0,0,132,0,0,0,0,0,0,0,0,0,0,0,0,0,0,0,0,0,0,0,0,7455,737,568,41,16.0,5.4,153.2,2.4,2.4,2.4,2.4,5.4,57.1,2.4,2.4,2.4,2.4,186.05,414.98,6.53,4.69,416.66,416.66,0.40,185.63,186.05,0.00,210.27,201,6,2.9,0.0,0,0,0.0,0.0,0,
27.8.2026,17:31:35.154,6343,12910,32.9,5283,11027,32.3,2.4,2944,70,0.956,0.956,0.956,0.956,0.956,0.956,0.956,3675.0,3675.0,3675.0,3675.0,3675.0,3675.0,3675.0,100.0,133.6,47.7,2.2,33.4,11.0,105.4,84.2,770.9,260.7,202.0,59.5,8.5,18.1,133.6,3.2,1.1,0.0,3.9,0.0,2.6,2.1,17.3,5.9,4.8,0.0,0.4,0.6,17.3,3.2,3.5,0.9,0.1,0.9,0.3,2.7,2.2,20.8,7.0,5.4,1.5,0.2,0.5,3.5,36.8,36.8,36.8,36.8,36.8,36.8,36.8,7.6,5.9,1.0,1.0,3.7,22.5,6.2,0.8,30.4,4.2,5.1,63.1,61.7,37.0,11.1,63.8,94.9,94.0,33.4,15.8,56.8,88.1,1600.0,16.00,16,18,18,36,74,560,1,47.1,36.5,35.2,32.6,31.7,31.7,32.3,35.8,32.3,32.0,32.6,32.6,31.8,27.9,1.175,0.994,1.181,6.445,5.876,6.475,6.475,28.867,0.545,0.103,0.088,0.632,1.778,0.535,0.133,7.037,5.841,12.878,28.765,1600.0,1600.0,3861.8,3861.8,4650.0,37.8,10.8,7.2,38.5,212.7,No,No,No,0.191,0.103,0.4,47.0,38.5,37.0,34.0,33.5,36.5,37.0,12.168,4.990,1.002,1.348,0.852,0.810,0.856,1.558,3.344,1.836,1291,749,552,559,1.056,1.267,35,35,43,79.0,100.0,No,No,80704,102356,0.0,0.0,0.0,0.000,0.000,45602,11171,51.1,58.0,60.9,58,58,58,58,58,58,58,56,58,83.0,0.819,12.157,12.256,12.140,12.117,12.116,1169,1173,67.342,22.238,41.175,2.745,33.325,31.251,13.073,41.175,26.161,2.219,9.022,290.000,320.000,1500.0,1187.7,1320.0,1484.7,1425.0,1260.0,1499.8,1186.6,1425.2,0.0,0.0,0.0,0.0,9.0,0.0,0.0,0.0,0.0,0.0,70,70,Yes,No,No,No,No,Yes,No,23.2,23.6,5,0,0,0,0,0,0,0,0,132,0,0,0,0,0,0,0,0,0,0,0,0,0,0,0,0,0,0,0,0,7455,737,568,41,16.0,6.5,195.9,2.6,2.6,2.6,2.6,6.5,60.0,2.6,2.6,2.6,2.6,152.76,380.55,5.10,4.55,383.03,383.03,0.41,152.37,152.76,0.00,159.50,201,6,2.7,0.4,0,0,0.0,0.0,0,
27.8.2026,17:31:35.654,6346,12907,32.9,5285,11025,32.4,2.4,2944,70,0.956,0.956,0.956,0.956,0.956,0.956,0.956,3675.0,3675.0,3675.0,3675.0,3675.0,3675.0,3675.0,100.0,125.0,121.6,9.3,29.8,13.1,63.1,58.3,464.0,295.6,252.9,169.0,6.4,17.1,125.0,2.6,0.0,7.2,0.0,1.6,0.0,0.0,8.8,5.0,4.1,5.1,0.0,0.0,8.8,2.6,3.1,0.8,0.2,0.8,0.3,1.6,1.4,12.5,8.0,6.8,4.5,0.2,0.4,3.1,36.8,36.8,36.8,36.8,36.8,36.8,36.8,13.0,5.1,1.1,1.0,2.7,15.9,9.3,0.6,29.4,6.2,5.2,56.1,68.4,40.0,0.5,65.6,93.0,93.8,41.3,15.7,50.9,99.0,1600.0,16.00,16,18,18,36,74,560,1,46.6,35.9,37.0,32.4,31.5,31.7,32.0,35.0,32.6,31.6,32.4,32.4,31.5,27.4,1.156,0.994,1.163,5.896,5.812,5.888,5.888,27.784,0.513,0.138,0.151,0.567,1.433,0.736,0.055,6.392,5.779,12.171,27.804,1600.0,1600.0,3542.7,3542.7,4650.0,36.6,9.8,6.5,37.8,204.8,No,No,No,0.153,0.065,0.3,47.0,38.5,37.0,34.0,33.5,36.5,37.0,12.168,5.000,1.002,1.352,0.756,0.810,0.856,1.558,3.344,1.834,1291,749,554,547,1.056,1.267,35,35,43,79.0,100.0,No,No,80704,102356,0.0,0.1,0.1,0.000,0.008,45602,11171,50.1,56.0,59.1,56,56,56,56,56,56,56,56,56,83.0,0.812,12.161,12.255,12.145,12.118,12.128,1167,1171,67.556,17.474,32.231,2.451,25.783,23.848,9.932,32.231,19.875,2.166,8.744,290.000,320.000,1500.0,625.2,1320.0,1484.7,1425.0,1260.0,1500.3,624.7,1425.0,0.0,0.0,0.0,0.0,9.0,0.0,0.0,0.0,0.0,0.0,70,70,Yes,No,No,No,No,Yes,No,18.0,18.4,5,0,0,0,0,0,0,0,0,132,0,0,0,0,0,0,0,0,0,0,0,0,0,0,0,0,0,0,0,0,7455,737,568,41,16.0,3.7,7.3,2.9,2.9,2.9,2.9,3.7,7.3,2.9,2.9,2.9,2.9,272.25,349.66,137.27,133.67,349.99,349.99,0.42,271.82,272.25,0.00,244.45,201,6,4.8,0.0,0,0,0.0,0.0,0,
27.8.2026,17:31:36.166,6345,12909,32.9,5284,11025,32.4,2.4,2944,70,0.956,0.956,0.956,0.956,0.956,0.956,0.956,3656.7,3675.0,3675.0,3675.0,3675.0,3620.0,3620.0,100.0,131.4,116.2,5.7,17.2,3.5,123.9,44.1,753.8,166.0,155.5,146.4,14.4,30.2,131.4,6.9,2.5,16.9,0.0,0.0,4.5,2.7,15.6,8.1,2.1,4.9,0.0,25.0,25.0,6.9,3.3,0.9,0.1,0.4,0.1,3.2,1.1,20.4,4.5,4.1,3.9,0.4,0.8,3.3,36.6,36.8,36.8,36.8,36.8,36.2,36.2,7.9,5.5,1.0,0.5,3.8,19.8,6.8,1.0,31.3,1.6,24.9,61.6,66.6,32.7,0.5,63.2,97.5,74.6,34.8,13.6,60.5,98.6,1600.0,16.00,16,18,18,36,74,560,1,46.1,36.4,36.5,32.5,31.5,31.8,32.1,35.7,32.2,31.8,32.5,32.5,32.5,27.8,1.150,0.994,1.156,6.314,5.838,6.310,6.310,28.398,0.536,0.121,0.219,0.630,1.683,0.494,0.069,6.882,5.804,12.686,28.457,1600.0,1600.0,3774.3,3774.3,4650.0,37.4,10.5,7.0,38.3,211.3,No,No,No,0.169,0.044,0.3,46.0,38.5,37.0,34.0,33.5,36.5,37.0,12.168,5.000,1.002,1.348,0.964,0.808,0.856,1.560,3.344,1.834,1251,750,555,547,1.056,1.267,35,35,43,79.0,100.0,No,No,80704,102356,0.0,0.0,0.0,0.000,0.000,45602,11171,49.7,56.0,59.0,56,56,54,54,56,56,56,56,56,83.0,0.812,12.168,12.259,12.152,12.125,12.135,1165,1169,56.919,17.523,32.420,2.415,25.970,23.849,9.914,32.420,19.848,2.149,8.718,290.000,320.000,1500.0,625.2,1320.0,1500.0,1425.0,1260.0,1500.0,624.8,1425.3,0.0,0.0,0.0,0.0,9.0,0.0,0.0,0.0,0.0,0.0,70,70,Yes,No,No,No,No,Yes,No,18.1,18.6,5,0,0,0,0,0,0,0,0,132,0,0,0,0,0,0,0,0,0,0,0,0,0,0,0,0,0,0,0,0,7455,737,568,41,16.0,3.4,5.4,2.9,2.9,2.9,2.9,3.4,5.4,2.9,2.9,2.9,2.9,294.53,350.26,186.66,183.66,350.26,350.26,0.46,294.06,294.53,0.00,183.40,201,6,2.6,0.8,0,0,0.0,0.0,0,
27.8.2026,17:31:36.660,6343,12910,32.9,5283,11026,32.3,2.4,2944,70,0.958,0.969,0.956,0.956,0.956,0.956,0.956,3816.7,4525.0,3675.0,3675.0,3675.0,3675.0,3675.0,100.0,126.7,40.0,3.0,17.5,21.2,243.1,68.2,370.9,33.7,240.1,459.2,19.9,4.2,126.7,4.2,0.0,0.0,8.0,5.4,4.5,0.6,12.7,0.0,7.3,12.2,0.0,0.0,12.7,4.2,3.3,0.7,0.1,0.4,0.5,6.5,1.7,10.0,0.9,6.4,12.3,0.5,0.1,3.3,38.2,45.2,36.8,36.8,36.8,36.8,36.8,10.8,5.3,0.8,0.9,7.0,8.4,13.9,0.5,29.5,8.0,6.4,67.8,45.6,48.6,0.4,65.3,91.2,92.7,25.4,46.1,37.5,99.1,1600.0,16.00,16,18,18,36,74,560,1,45.6,35.7,36.5,32.5,31.6,31.6,32.9,33.7,33.5,31.5,32.4,32.4,32.5,28.5,1.150,0.994,1.156,6.188,5.838,6.180,6.180,28.185,0.503,0.106,0.121,0.884,0.873,0.992,0.041,6.639,5.804,12.443,28.177,1600.0,1600.0,3566.9,3566.9,4650.0,37.1,10.3,6.9,37.6,217.2,No,No,No,0.186,0.069,0.3,46.0,39.0,37.0,34.0,33.5,36.5,37.0,12.168,4.990,1.004,1.348,0.932,0.808,0.856,1.560,3.348,1.836,1251,750,555,548,1.056,1.267,35,35,43,79.0,100.0,No,No,80704,102356,0.0,0.0,0.0,0.000,0.016,45602,11171,49.4,56.0,58.6,55,56,54,54,56,54,56,54,56,83.0,0.812,12.164,12.256,12.148,12.121,12.131,1164,1165,52.500,17.461,32.215,2.402,25.815,23.855,9.935,32.215,19.880,2.161,8.672,290.000,320.000,1500.0,625.2,1320.0,1500.0,1425.0,1260.0,1499.6,624.4,1425.3,0.0,0.0,0.0,0.0,9.0,0.0,0.0,0.0,0.0,0.0,70,70,Yes,No,No,No,No,Yes,No,18.0,18.3,5,0,0,0,0,0,0,0,0,132,0,0,0,0,0,0,0,0,0,0,0,0,0,0,0,0,0,0,0,0,7455,737,568,41,16.0,3.5,5.4,2.9,2.9,2.9,2.9,3.5,5.4,2.9,2.9,2.9,2.9,283.36,349.57,186.73,184.36,350.26,350.26,0.49,282.90,283.36,0.00,155.32,201,6,2.9,0.0,0,0,0.0,0.0,0,
27.8.2026,17:31:37.168,6345,12909,32.9,5284,11025,32.4,2.4,2944,70,1.190,1.200,1.188,1.188,1.188,1.188,1.188,3780.0,3675.0,3620.0,3620.0,4525.0,3620.0,3620.0,100.0,128.2,43.8,11.1,14.4,4.6,100.2,49.0,690.5,310.1,239.1,51.8,6.0,17.5,128.2,5.8,0.6,0.2,0.0,0.0,2.2,1.1,15.3,12.3,5.4,0.0,28.9,3.3,28.9,5.8,3.4,0.7,0.3,0.4,0.1,2.6,1.2,18.6,8.3,6.4,1.3,0.1,0.4,3.4,37.8,36.8,36.2,36.2,45.2,36.2,36.2,1.5,5.6,1.1,0.5,3.6,21.3,6.3,0.6,30.5,2.2,2.1,80.6,63.0,33.7,1.3,64.0,96.7,97.4,15.9,15.7,60.0,98.1,1600.0,16.00,16,18,18,36,74,560,1,45.2,36.3,45.8,32.6,31.6,31.7,32.6,35.5,32.3,31.8,32.6,32.6,33.2,28.1,1.194,0.994,1.206,6.432,5.988,6.403,6.403,28.936,0.525,0.081,0.055,0.712,1.697,0.551,0.053,6.983,5.951,12.935,29.002,1600.0,1600.0,3939.3,3939.3,4650.0,38.2,10.7,7.1,38.2,219.9,No,No,No,0.123,0.045,0.3,45.0,38.5,37.0,34.0,33.5,37.0,37.0,12.168,5.000,1.004,1.348,0.978,0.808,0.856,1.558,3.344,1.836,1263,751,554,561,1.056,1.270,35,35,43,79.0,100.0,No,No,80704,102356,0.0,0.0,0.0,0.000,0.000,45602,11171,49.2,56.0,58.2,54,56,54,54,54,54,54,54,56,83.0,0.812,12.166,12.259,12.150,12.123,12.133,1165,1163,52.238,17.355,31.857,2.403,25.698,23.677,9.974,31.857,19.957,2.140,8.630,290.000,320.000,1500.0,625.2,1320.0,1500.0,1425.0,1260.0,1499.9,624.6,1425.4,0.0,0.0,0.0,0.0,9.0,0.0,0.0,0.0,0.0,0.0,70,70,Yes,No,No,No,No,Yes,No,18.0,18.3,5,0,0,0,0,0,0,0,0,132,0,0,0,0,0,0,0,0,0,0,0,0,0,0,0,0,0,0,0,0,7455,737,568,41,16.0,3.7,4.9,3.2,3.2,3.2,3.2,3.7,5.0,3.2,3.2,3.2,3.2,271.91,315.37,202.88,201.11,315.71,315.71,0.57,271.40,271.91,0.00,115.70,201,6,0.6,0.1,0,0,0.0,0.0,0,
27.8.2026,17:31:37.683,6343,12911,32.9,5283,11026,32.3,2.4,2944,70,1.002,1.200,0.963,0.963,0.963,0.963,0.963,3665.8,3620.0,3675.0,3675.0,3675.0,3675.0,3675.0,100.0,177.3,105.4,6.0,11.1,16.4,93.7,45.7,663.8,349.3,186.7,536.0,3.9,109.1,177.3,3.5,3.0,0.0,0.0,0.0,1.1,0.0,13.8,6.8,3.2,13.8,0.0,0.0,13.8,3.5,4.6,1.0,0.2,0.3,0.4,2.4,1.1,17.9,9.5,5.0,14.4,0.1,2.9,4.6,36.7,36.2,36.8,36.8,36.8,36.8,36.8,15.7,7.2,1.4,0.7,3.1,19.2,16.0,2.6,25.6,7.8,4.8,45.5,46.7,44.7,3.9,67.4,90.9,94.6,51.5,34.0,39.5,93.8,1600.0,16.00,16,18,18,36,74,560,1,45.0,36.7,37.0,32.6,31.5,31.6,32.0,35.7,32.7,31.9,32.4,32.4,32.8,27.6,1.175,0.994,1.181,6.407,5.553,6.421,6.421,27.595,0.581,0.165,0.114,0.538,1.676,0.850,0.142,7.098,5.522,12.621,27.819,1600.0,1600.0,3656.6,3656.6,4650.0,36.6,10.7,7.1,38.6,200.5,No,No,No,0.183,0.068,0.4,45.0,38.5,37.0,34.0,33.5,36.5,37.0,12.168,5.000,1.002,1.348,0.876,0.808,0.856,1.560,3.348,1.836,1263,751,554,561,1.056,1.270,35,35,43,79.0,100.0,No,No,80704,102356,0.0,0.0,0.0,0.000,0.000,45602,11171,47.8,56.0,55.3,54,54,52,54,54,54,54,52,54,83.0,0.812,12.190,12.261,12.177,12.154,12.170,1160,1160,49.787,10.392,21.011,2.170,12.700,14.026,3.943,21.011,7.900,2.134,8.630,290.000,320.000,1500.0,101.2,1320.0,1500.0,1425.0,1260.0,1300.3,86.8,1249.4,0.0,0.0,0.0,0.0,9.0,0.0,0.0,0.0,0.0,0.0,70,70,Yes,No,No,No,No,Yes,No,7.8,8.0,5,0,0,0,0,0,0,0,0,133,0,0,0,0,0,0,0,0,0,0,0,0,0,0,0,0,0,0,0,0,7455,737,568,41,5.0,3.8,4.3,3.4,3.3,3.3,3.3,3.8,4.3,3.3,3.3,3.3,3.3,266.36,298.46,234.06,233.46,299.11,299.11,0.57,265.81,266.36,0.00,66.05,201,6,1.6,0.0,0,0,0.0,0.0,0,
27.8.2026,17:31:38.164,6342,12911,32.9,5282,11027,32.3,2.4,2944,70,0.991,1.163,0.956,0.956,0.956,0.956,0.956,3675.0,3675.0,3675.0,3675.0,3675.0,3675.0,3675.0,100.0,124.7,75.6,1.6,10.5,17.5,57.1,42.9,455.0,315.8,254.5,228.4,6.8,30.2,124.7,6.1,0.0,0.0,4.4,1.7,2.6,2.3,5.5,5.4,7.0,6.4,36.2,2.0,36.2,6.1,3.3,1.1,0.0,0.3,0.5,1.4,1.1,12.3,8.5,6.8,6.1,0.2,0.8,3.3,36.8,36.8,36.8,36.8,36.8,36.8,36.8,4.4,4.9,1.2,0.7,2.3,13.4,11.0,0.9,30.0,21.2,2.6,52.7,61.0,41.2,1.5,65.1,77.7,96.7,45.1,25.7,47.9,97.7,1600.0,16.00,16,18,18,36,74,560,1,44.6,35.8,37.8,32.4,31.7,31.6,32.0,35.0,32.6,31.8,32.5,32.5,31.5,27.2,1.156,1.000,1.163,6.073,5.251,6.087,6.087,26.936,0.493,0.248,0.069,0.522,1.333,0.711,0.078,6.542,5.219,11.761,26.656,1600.0,1600.0,3860.4,3860.4,4650.0,35.1,10.1,6.8,37.7,218.0,No,No,No,0.140,0.041,0.3,44.0,39.0,37.0,34.0,33.5,36.5,37.0,12.192,5.000,1.002,1.352,0.866,0.806,0.856,1.562,3.352,1.834,1243,753,555,548,1.056,1.253,35,35,43,79.0,100.0,No,No,80704,102356,0.0,0.0,0.0,0.000,0.000,45602,11171,47.0,52.0,54.8,52,52,52,52,52,52,52,50,52,83.0,0.825,12.194,12.261,12.181,12.157,12.177,1158,1159,36.394,7.364,15.362,1.802,8.064,10.650,2.581,15.362,5.166,2.112,5.178,290.000,320.000,1500.0,101.2,1320.0,1015.2,1425.0,1260.0,1083.2,72.3,1031.2,0.0,1.0,0.0,0.0,9.0,0.0,0.1,0.0,0.0,0.0,70,70,Yes,No,No,No,No,Yes,No,7.3,7.1,5,0,0,0,0,0,0,0,0,133,0,0,0,0,0,0,0,0,0,0,0,0,0,0,0,0,0,0,0,0,7455,737,568,41,5.0,3.9,4.3,3.7,3.7,3.7,3.7,3.9,4.3,3.7,3.7,3.7,3.7,255.51,267.33,233.26,232.65,267.35,267.35,0.61,254.91,255.51,0.00,22.61,201,6,0.0,0.0,0,0,0.0,0.0,0,
27.8.2026,17:31:38.683,6346,12907,32.9,5284,11025,32.4,2.4,2944,70,0.956,0.956,0.956,0.956,0.956,0.956,0.956,3675.0,3675.0,3675.0,3675.0,3675.0,3675.0,3675.0,100.0,131.2,42.6,3.9,12.6,25.9,112.4,49.4,457.0,467.3,231.3,159.2,5.5,7.3,131.2,5.2,0.0,29.8,0.0,0.0,1.5,0.1,12.0,9.4,4.3,0.0,0.0,5.0,29.8,5.2,3.5,0.7,0.1,0.3,0.7,2.9,1.2,12.3,12.6,6.2,4.2,0.1,0.2,3.5,36.8,36.8,36.8,36.8,36.8,36.8,36.8,15.1,5.7,1.0,0.9,3.6,19.7,8.8,0.3,31.1,9.1,9.6,55.4,58.5,50.6,3.4,63.2,90.0,89.5,41.1,21.9,40.6,96.3,1600.0,16.00,16,18,18,36,74,560,1,44.4,36.2,36.0,32.6,31.6,31.7,32.2,35.3,32.9,31.7,32.4,32.4,31.8,27.9,1.150,0.994,1.156,6.259,5.028,6.266,6.266,26.366,0.566,0.135,0.153,0.675,1.625,0.749,0.057,6.898,5.001,11.899,26.285,1600.0,1600.0,3694.4,3694.4,4650.0,34.6,10.4,7.0,38.1,201.0,No,No,No,0.158,0.061,0.3,44.0,39.0,37.0,34.0,33.5,37.0,37.0,12.168,5.010,1.002,1.352,0.680,0.806,0.854,1.562,3.352,1.834,1194,753,555,548,1.056,1.253,35,35,42,79.0,100.0,No,No,80704,102356,0.2,0.1,0.3,0.129,0.534,45602,11171,46.5,52.0,54.2,52,52,52,50,52,52,52,50,52,83.0,0.825,12.194,12.261,12.181,12.158,12.177,1158,1160,22.199,7.429,15.551,1.839,8.210,10.711,2.606,15.551,5.232,2.092,5.066,290.000,320.000,1500.0,101.2,1320.0,1015.2,1425.0,1260.0,1076.8,71.3,1050.4,1.0,1.0,0.0,0.0,9.0,0.0,0.1,0.0,0.0,0.0,69,69,Yes,No,No,No,No,Yes,No,7.3,7.7,5,0,0,0,0,0,0,0,0,133,0,0,0,0,0,0,0,0,0,0,0,0,0,0,0,0,0,0,0,0,7455,737,568,41,5.0,3.9,4.3,3.3,3.3,3.3,3.3,3.9,4.3,3.3,3.3,3.3,3.3,255.32,299.70,232.30,232.30,301.07,301.07,0.85,254.50,255.32,0.00,56.49,201,6,0.0,0.0,0,0,0.0,0.0,0,
27.8.2026,17:31:39.188,6345,12908,32.9,5284,11025,32.3,2.4,2944,70,0.956,0.956,0.956,0.956,0.956,0.956,0.956,3675.0,3675.0,3675.0,3675.0,3675.0,3675.0,3675.0,100.0,126.9,23.2,2.5,11.8,12.7,56.6,46.4,709.2,331.7,209.9,94.3,6.3,18.7,126.9,4.6,0.9,11.3,0.0,0.5,1.6,1.3,16.0,7.6,5.0,5.4,6.2,0.0,16.0,4.6,3.4,0.7,0.1,0.3,0.3,1.4,1.1,19.2,8.9,5.6,2.5,0.1,0.5,3.4,36.8,36.8,36.8,36.8,36.8,36.8,36.8,14.1,5.5,0.8,0.6,2.3,21.7,6.9,0.6,27.0,1.0,3.3,57.8,58.2,31.0,10.6,67.5,98.2,96.1,39.8,20.2,62.1,88.8,1600.0,16.00,16,18,18,36,74,560,1,44.1,36.1,37.0,32.4,31.4,31.6,31.9,35.5,32.4,31.8,32.4,32.4,31.8,27.8,1.150,0.994,1.156,5.908,5.047,5.903,5.903,25.834,0.532,0.056,0.119,0.607,1.623,0.632,0.157,6.477,5.019,11.496,25.888,1600.0,1600.0,3866.1,3866.1,4650.0,34.1,9.8,6.6,38.0,200.1,No,No,No,0.157,0.038,0.3,44.0,39.0,36.5,34.0,33.5,37.0,37.0,12.168,5.010,1.002,1.352,0.730,0.806,0.854,1.562,3.352,1.836,1194,770,556,561,1.056,1.248,35,35,42,79.0,100.0,No,No,80704,102356,0.0,0.1,0.1,0.000,0.106,45602,11171,46.2,52.0,53.9,51,52,50,50,52,52,50,50,50,83.0,0.825,12.195,12.261,12.181,12.158,12.178,1159,1160,20.987,7.361,15.389,1.815,8.040,10.626,2.557,15.389,5.116,2.095,5.227,290.000,320.000,1500.0,101.2,1320.0,376.8,1425.0,1260.0,1082.3,72.1,1030.2,0.0,1.0,0.0,0.0,9.0,0.0,0.1,0.0,0.0,0.0,69,69,Yes,No,No,No,No,Yes,No,7.1,7.3,5,0,0,0,0,0,0,0,0,133,0,0,0,0,0,0,0,0,0,0,0,0,0,0,0,0,0,0,0,0,7455,737,568,41,5.0,4.3,5.5,3.5,3.5,3.5,3.5,4.3,5.4,3.5,3.5,3.5,3.5,232.98,283.41,183.18,182.28,284.45,284.45,0.99,232.00,232.98,0.00,73.31,201,6,0.3,0.4,0,0,0.0,0.0,0,
27.8.2026,17:31:39.695,6343,12910,32.9,5283,11026,32.3,2.4,2944,70,0.956,0.956,0.956,0.956,0.956,0.956,0.956,3675.0,3675.0,3675.0,3675.0,3675.0,3675.0,3675.0,100.0,123.6,39.8,2.0,15.2,27.8,44.4,44.1,526.2,313.0,342.0,96.3,11.8,20.0,123.6,3.4,2.6,0.0,2.4,0.0,0.0,3.0,10.8,6.0,6.7,1.2,0.0,8.0,10.8,3.4,3.3,0.6,0.0,0.4,0.7,1.1,1.1,14.2,8.4,9.2,2.6,0.3,0.5,3.3,36.8,36.8,36.8,36.8,36.8,36.8,36.8,9.5,5.3,0.7,1.1,2.1,17.7,9.7,0.8,31.7,0.7,6.7,78.0,69.6,31.5,3.8,63.0,98.8,92.2,20.0,12.7,58.8,95.5,1600.0,16.00,16,18,18,36,74,560,1,43.8,36.2,37.8,32.6,31.5,31.7,32.1,35.3,33.0,31.8,32.5,32.5,32.0,27.8,1.156,0.994,1.163,6.137,5.151,6.143,6.143,26.396,0.525,0.063,0.113,0.666,1.461,0.776,0.074,6.676,5.121,11.798,26.424,1600.0,1600.0,3693.1,3693.1,4650.0,34.8,10.2,6.8,38.1,209.2,No,No,No,0.131,0.056,0.3,44.0,39.0,37.0,34.0,33.5,37.0,37.0,12.168,5.010,1.002,1.352,0.880,0.806,0.854,1.562,3.352,1.834,1214,770,556,561,1.056,1.248,35,35,43,79.0,100.0,No,No,80704,102356,0.0,0.0,0.0,0.000,0.000,45602,11171,46.1,52.0,53.7,50,50,50,50,52,50,50,50,50,83.0,0.825,12.195,12.263,12.181,12.158,12.177,1159,1158,21.197,7.789,16.396,1.925,8.685,11.185,2.703,16.396,5.414,2.095,5.303,290.000,320.000,1500.0,101.2,1320.0,376.8,1425.0,1260.0,1194.1,79.9,1142.5,0.0,1.0,0.0,0.0,9.0,0.0,0.0,0.0,0.0,0.0,69,69,Yes,No,No,No,No,Yes,No,7.5,8.2,5,0,0,0,0,0,0,0,0,133,0,0,0,0,0,0,0,0,0,0,0,0,0,0,0,0,0,0,0,0,7455,737,568,41,5.0,4.3,6.0,2.9,2.9,2.9,2.9,4.3,6.0,2.9,2.9,2.9,2.9,232.94,347.18,166.42,166.13,350.54,350.54,0.89,231.99,232.94,0.00,150.94,201,6,0.2,0.0,0,0,0.0,0.0,0,
27.8.2026,17:31:40.228,6344,12909,32.9,5284,11025,32.3,2.4,2944,70,0.956,0.956,0.956,0.956,0.956,0.956,0.956,3675.0,3675.0,3675.0,3675.0,3675.0,3675.0,3675.0,100.0,125.0,32.8,1.3,17.5,6.5,98.1,103.7,702.0,250.5,159.8,105.4,3.1,19.3,125.0,5.5,0.0,11.8,4.4,6.8,3.4,0.4,16.5,6.6,4.7,3.5,4.0,4.4,16.5,5.5,3.3,0.7,0.0,0.4,0.2,2.5,2.7,19.0,6.7,4.3,2.8,0.1,0.5,3.3,36.8,36.8,36.8,36.8,36.8,36.8,36.8,5.0,5.5,0.8,0.6,4.5,20.7,6.1,0.6,30.0,22.0,0.8,52.5,65.5,38.9,0.4,64.4,77.2,98.6,43.0,13.7,55.1,99.0,1600.0,16.00,16,18,18,36,74,560,1,43.6,36.3,38.0,32.6,31.8,31.6,32.3,35.6,32.3,31.7,32.5,32.5,32.0,27.9,1.156,0.994,1.163,6.155,5.215,6.140,6.140,26.728,0.528,0.233,0.074,0.609,1.629,0.584,0.040,6.719,5.184,11.903,26.746,1600.0,1600.0,3808.1,3808.1,4650.0,35.2,10.2,6.8,38.2,209.4,No,No,No,0.147,0.044,0.3,43.0,39.0,37.0,34.0,33.5,37.0,37.0,12.192,5.010,1.002,1.348,0.980,0.806,0.854,1.562,3.352,1.834,1214,755,555,561,1.056,1.258,35,35,43,79.0,100.0,No,No,80704,102356,0.0,0.0,0.0,0.000,0.000,45602,11171,45.8,50.0,53.6,50,50,50,50,50,50,50,48,50,83.0,0.825,12.191,12.259,12.177,12.154,12.174,1155,1155,21.231,7.481,15.723,1.863,8.183,10.830,2.581,15.723,5.178,2.077,5.168,290.000,320.000,1500.0,101.2,1320.0,418.0,1425.0,1260.0,1079.1,71.6,1022.6,0.0,1.0,0.0,0.0,9.0,0.0,0.0,0.0,0.0,0.0,69,69,Yes,No,No,No,No,Yes,No,7.2,7.6,5,0,0,0,0,0,0,0,0,133,0,0,0,0,0,0,0,0,0,0,0,0,0,0,0,0,0,0,0,0,7455,737,568,41,5.0,4.5,7.5,2.8,2.7,2.7,2.7,4.5,7.5,2.8,2.7,2.7,2.7,222.03,363.13,133.51,132.91,367.15,367.15,0.98,221.08,222.03,0.00,206.09,201,6,0.4,0.4,0,0,0.0,0.0,0,
27.8.2026,17:31:40.736,6343,12911,32.9,5283,11027,32.3,2.4,2944,70,1.182,1.156,1.188,1.188,1.188,1.188,1.188,3921.7,3620.0,3620.0,3620.0,4525.0,4525.0,3620.0,100.0,125.1,38.0,4.4,32.5,16.4,124.3,58.0,536.2,311.5,161.6,200.8,8.4,9.5,125.1,3.8,1.9,0.0,0.0,0.0,4.1,2.5,15.5,10.7,4.9,5.7,0.0,0.0,15.5,3.8,3.3,0.8,0.1,0.8,0.4,3.3,1.4,14.4,8.4,4.3,5.4,0.2,0.2,3.3,39.2,36.2,36.2,36.2,45.2,45.2,36.2,25.8,4.5,0.9,1.2,3.9,12.5,8.2,0.4,24.9,5.9,6.3,50.8,43.9,38.3,4.2,70.6,93.3,92.6,45.5,43.6,53.6,95.3,1600.0,16.00,16,18,18,36,74,560,1,43.2,35.2,47.0,32.2,31.4,31.6,32.1,34.2,32.6,31.5,32.2,32.2,32.5,28.0,1.212,0.994,1.231,5.339,4.870,5.306,5.306,24.300,0.474,0.092,0.151,0.650,1.129,0.763,0.060,5.778,4.846,10.624,24.509,1600.0,1600.0,3459.4,3459.4,4650.0,32.2,8.8,5.9,37.0,201.7,No,No,No,0.183,0.067,0.3,43.0,39.0,36.5,34.0,33.5,37.0,37.0,12.192,5.000,1.002,1.348,0.812,0.806,0.854,1.562,3.352,1.836,1200,755,555,561,1.056,1.258,35,35,43,79.0,100.0,No,No,80704,102356,0.0,0.0,0.0,0.000,0.000,45602,11171,45.7,50.0,53.3,50,50,50,50,50,48,50,50,50,83.0,0.825,12.193,12.262,12.179,12.156,12.174,1150,1151,20.960,7.561,15.786,1.839,8.306,10.782,2.581,15.786,5.172,2.070,5.729,290.000,320.000,1500.0,101.2,1320.0,418.0,1425.0,1260.0,1082.0,72.1,1030.4,0.0,1.0,0.0,0.0,9.0,0.0,0.0,0.0,0.0,0.0,69,69,Yes,No,No,No,No,Yes,No,7.2,7.5,5,0,0,0,0,0,0,0,0,133,0,0,0,0,0,0,0,0,0,0,0,0,0,0,0,0,0,0,0,0,7455,737,568,41,5.0,4.7,11.9,2.4,2.4,2.4,2.4,4.7,11.9,2.4,2.4,2.4,2.4,210.91,410.84,84.36,83.47,416.51,416.51,0.91,209.96,210.91,0.00,283.61,201,6,2.6,1.7,0,0,0.0,0.0,0,
27.8.2026,17:31:41.236,6344,12910,32.9,5284,11025,32.3,2.4,2944,70,1.208,1.188,1.212,1.212,1.212,1.212,1.212,3921.7,3620.0,3620.0,3620.0,4525.0,4525.0,3620.0,100.0,138.3,24.1,5.3,8.9,5.9,164.7,69.5,594.2,260.5,180.6,252.3,1.4,91.8,138.3,2.9,0.2,0.0,0.0,2.8,3.4,1.3,13.0,5.5,3.8,5.4,0.0,0.0,13.0,2.9,3.7,0.5,0.1,0.2,0.1,4.3,1.8,16.1,7.0,4.8,6.8,0.0,2.5,3.7,39.2,36.2,36.2,36.2,45.2,45.2,36.2,16.3,5.6,0.7,0.3,4.8,18.8,7.0,2.1,27.3,24.3,1.7,39.6,57.3,40.7,0.1,67.1,74.9,98.0,55.6,23.9,52.4,97.9,1600.0,16.00,16,18,18,36,74,560,1,43.1,35.9,38.2,32.5,31.6,31.5,32.3,35.1,32.5,31.9,32.3,32.3,31.8,27.9,1.156,0.994,1.163,5.727,5.039,5.705,5.705,25.377,0.534,0.223,0.040,0.641,1.470,0.725,0.106,6.242,5.012,11.254,25.594,1600.0,1600.0,3324.5,3324.5,4650.0,33.7,9.5,6.3,37.8,191.4,No,No,No,0.142,0.037,0.3,43.0,39.0,36.5,34.0,33.5,37.0,36.5,12.168,5.000,1.004,1.348,0.976,0.806,0.854,1.564,3.356,1.836,1200,771,555,549,1.056,1.266,35,35,43,79.0,100.0,No,No,80704,102356,0.0,0.0,0.0,0.000,0.032,45602,11171,45.5,50.0,53.1,50,50,50,50,50,48,50,48,50,83.0,0.825,12.192,12.260,12.178,12.155,12.174,1144,1145,20.666,7.331,15.193,1.741,7.964,10.465,2.496,15.193,4.994,2.068,5.861,290.000,320.000,1500.0,101.2,1320.0,353.0,1425.0,1260.0,1107.2,73.6,1043.6,0.0,1.0,0.0,0.0,9.0,0.0,0.1,0.0,0.0,0.0,69,69,Yes,No,No,No,No,Yes,No,7.0,8.3,5,0,0,0,0,0,0,0,0,133,0,0,0,0,0,0,0,0,0,0,0,0,0,0,0,0,0,0,0,0,7455,737,568,41,5.0,4.0,11.5,2.4,2.4,2.4,2.4,4.0,11.5,2.4,2.4,2.4,2.4,250.35,413.98,86.71,83.71,417.32,417.32,0.58,249.83,250.35,0.00,333.23,201,6,0.5,0.6,0,0,0.0,0.0,0,
27.8.2026,17:31:41.744,6345,12908,32.9,5284,11025,32.3,2.4,2944,70,1.168,1.206,1.163,1.163,1.163,1.156,1.156,3770.8,3620.0,3620.0,3620.0,3620.0,4525.0,3620.0,100.0,131.7,71.7,1.3,10.7,10.0,31.4,45.7,467.0,402.6,246.5,243.8,5.9,43.6,131.7,4.0,1.5,0.0,1.2,0.0,0.0,2.1,8.5,6.9,6.5,3.5,0.0,17.5,17.5,4.0,3.4,0.6,0.0,0.2,0.2,0.7,1.1,12.6,10.9,6.6,6.5,0.1,1.2,3.4,37.7,36.2,36.2,36.2,36.2,45.2,36.2,16.9,5.5,0.6,0.4,1.6,18.3,10.6,1.3,26.2,3.5,3.8,52.4,58.2,37.7,1.6,68.4,96.2,95.9,46.2,23.5,51.8,97.1,1600.0,16.00,16,18,18,36,74,560,1,43.0,35.7,41.5,32.4,31.4,31.5,31.9,35.0,33.2,31.7,32.3,32.3,32.5,27.4,1.163,0.994,1.169,5.770,5.060,5.783,5.783,25.765,0.534,0.107,0.097,0.522,1.440,0.941,0.095,6.280,5.033,11.313,25.635,1600.0,1600.0,3526.4,3526.4,4650.0,33.7,9.6,6.4,37.6,194.3,No,No,No,0.152,0.058,0.3,42.0,39.0,36.5,34.0,33.5,37.0,36.5,12.168,5.000,1.002,1.348,0.970,0.806,0.854,1.562,3.352,1.836,1154,756,555,549,1.056,1.266,35,35,42,79.0,100.0,No,No,80704,102356,0.0,0.0,0.0,0.000,0.000,45602,11171,45.4,50.0,53.1,50,50,50,50,50,48,50,48,50,83.0,0.825,12.196,12.263,12.183,12.160,12.180,1135,1140,20.619,7.550,15.521,1.827,8.235,10.640,2.594,15.521,5.196,2.066,6.346,290.000,320.000,1500.0,101.2,1320.0,353.0,1425.0,1260.0,1258.3,84.0,1198.1,0.0,1.0,0.0,0.0,9.0,0.0,0.0,0.0,0.0,0.0,68,68,Yes,No,No,No,No,Yes,No,7.1,7.9,5,0,0,0,0,0,0,0,0,133,0,0,0,0,0,0,0,0,0,0,0,0,0,0,0,0,0,0,0,0,7455,737,568,41,5.0,3.6,8.4,2.3,2.3,2.3,2.3,3.6,8.3,2.3,2.3,2.3,2.3,274.91,430.53,119.28,116.42,433.71,433.71,1.29,273.75,274.91,0.00,308.96,201,6,0.0,0.0,0,0,0.0,0.0,0,
27.8.2026,17:31:42.243,6342,12911,32.9,5282,11027,32.3,2.4,2944,70,1.194,1.194,1.194,1.194,1.194,1.194,1.194,3921.7,3620.0,3620.0,3620.0,3620.0,4525.0,4525.0,100.0,121.1,26.6,1.3,29.1,9.9,78.5,167.0,574.1,291.8,217.4,49.8,5.6,2.0,121.1,7.2,0.0,10.3,2.8,2.4,3.9,3.0,14.7,5.6,4.1,3.3,36.8,0.0,36.8,7.2,3.2,0.7,0.0,0.7,0.2,2.0,4.4,15.5,7.9,5.8,1.3,0.1,0.0,3.2,39.2,36.2,36.2,36.2,36.2,45.2,45.2,17.9,5.1,0.8,1.0,4.4,18.4,5.8,0.2,23.1,2.0,7.3,38.1,60.2,30.4,0.3,71.9,97.3,91.7,57.5,21.4,63.8,99.5,1600.0,16.00,16,18,18,36,74,560,1,42.9,35.9,42.5,32.4,31.4,31.7,32.0,35.4,32.1,31.6,32.3,32.3,32.0,27.8,1.163,0.994,1.169,5.466,4.994,5.454,5.454,25.109,0.458,0.075,0.119,0.572,1.452,0.502,0.030,5.950,4.967,10.917,25.155,1600.0,1600.0,3440.6,3440.6,4650.0,33.1,9.1,6.1,37.8,213.5,No,No,No,0.161,0.044,0.3,42.0,39.0,36.5,34.0,33.5,37.0,36.5,12.168,5.000,1.002,1.348,0.760,0.806,0.854,1.560,3.352,1.834,1154,756,557,562,1.056,1.264,35,35,42,79.0,100.0,No,No,80704,102356,0.0,0.0,0.0,0.000,0.000,45602,11171,45.2,50.0,52.8,50,50,50,50,50,48,50,48,50,83.0,0.825,12.191,12.259,12.177,12.155,12.174,1128,1135,20.645,7.299,15.000,1.765,7.891,10.380,2.520,15.000,5.046,2.057,6.036,290.000,320.000,1500.0,101.2,1320.0,359.4,1425.0,1260.0,1065.9,71.6,1024.3,0.0,1.0,0.0,0.0,9.0,0.0,0.0,0.0,0.0,0.0,68,68,Yes,No,No,No,No,Yes,No,6.9,8.2,5,0,0,0,0,0,0,0,0,133,0,0,0,0,0,0,0,0,0,0,0,0,0,0,0,0,0,0,0,0,7455,737,568,41,5.0,3.2,11.1,2.3,2.3,2.3,2.3,3.2,11.1,2.3,2.3,2.3,2.3,316.73,433.71,90.00,83.69,433.71,433.71,0.74,315.97,316.73,0.00,339.31,201,6,0.2,0.0,0,0,0.0,0.0,0,
27.8.2026,17:31:42.735,7013,12241,36.4,5563,10747,34.1,2.4,2944,70,1.181,1.181,1.181,1.181,1.181,1.181,1.181,3770.8,3620.0,3620.0,3620.0,3620.0,4525.0,3620.0,100.0,406.9,128.6,27.1,305.4,111.5,736.4,254.8,661.8,298.3,1983.7,215.1,80.4,79.8,406.9,10.0,2.5,27.3,4.4,0.0,16.9,6.0,12.4,4.0,44.3,0.0,0.0,2.1,44.3,10.0,10.8,2.4,0.7,8.1,2.8,19.7,6.7,17.9,8.0,53.5,5.6,2.0,2.1,10.8,37.7,36.2,36.2,36.2,36.2,45.2,36.2,0.0,18.1,3.1,9.7,22.6,20.7,48.4,3.9,53.1,47.0,54.0,70.3,69.1,40.1,38.2,28.8,49.8,36.4,7.1,10.2,11.5,57.9,1600.0,16.00,16,18,18,36,74,560,1,43.0,40.2,42.0,34.9,33.2,33.5,35.8,36.3,37.8,32.9,33.2,33.2,33.2,28.2,1.175,0.994,1.188,12.346,5.448,12.351,12.351,34.833,1.548,0.696,1.109,1.995,1.839,2.990,0.657,14.348,5.415,19.763,35.001,1600.0,1600.0,4304.1,4304.1,4650.0,46.1,20.6,13.7,42.4,153.7,No,No,No,1.246,1.002,1.1,42.0,39.0,36.5,34.0,33.5,37.0,36.5,12.168,5.000,1.004,1.348,1.162,0.804,0.854,1.560,3.356,1.836,1176,771,557,562,1.056,1.264,35,35,43,79.0,100.0,No,No,80704,102356,0.0,0.1,0.1,0.000,0.064,45602,11171,45.0,50.0,52.7,49,50,48,50,50,48,50,48,50,83.0,0.825,12.191,12.261,12.177,12.154,12.173,1124,1127,20.661,7.383,15.168,1.778,7.988,10.501,2.556,15.168,5.112,2.051,6.122,290.000,320.000,1500.0,101.2,1320.0,359.4,1425.0,1260.0,1084.6,72.8,1030.1,0.0,1.0,0.0,0.0,9.0,0.0,0.0,0.0,0.0,0.0,68,68,Yes,No,No,No,No,Yes,No,7.0,7.8,5,0,0,0,0,0,0,0,0,133,0,0,0,0,0,0,0,0,0,0,0,0,0,0,0,0,0,0,0,0,7455,737,568,41,5.0,3.1,13.5,2.1,2.1,2.1,2.1,3.1,13.5,2.1,2.1,2.1,2.1,322.28,466.21,73.82,67.21,466.88,466.88,0.85,321.41,322.28,0.00,372.31,201,6,0.2,0.0,0,0,0.0,0.0,0,
27.8.2026,17:31:43.244,7525,11728,39.0,5763,10547,35.3,2.4,2944,70,1.186,1.181,1.188,1.188,1.188,1.188,1.188,3921.7,3620.0,3620.0,4525.0,3620.0,4525.0,3620.0,100.0,572.1,75.4,34.5,110.7,330.6,381.3,1406.0,777.4,337.0,1948.5,1307.5,61.6,94.5,572.1,13.6,2.4,0.0,3.9,11.6,3.9,31.8,15.9,8.7,42.1,33.6,5.6,3.6,42.1,13.6,15.2,1.2,0.9,2.9,8.5,10.2,37.3,21.0,9.1,52.6,34.7,1.6,2.5,15.2,39.2,36.2,36.2,45.2,36.2,45.2,36.2,0.0,25.3,2.0,10.5,39.6,23.8,72.2,3.9,55.2,45.2,72.1,60.4,67.0,27.8,58.3,19.5,52.7,17.4,0.0,9.2,0.0,37.8,1600.0,16.00,16,18,18,36,74,560,1,44.4,45.9,41.5,37.2,34.2,34.5,38.9,37.5,44.4,33.8,34.2,34.2,32.2,28.6,1.181,0.994,1.194,16.293,5.493,16.278,20.459,40.118,2.272,0.617,1.424,3.282,2.242,5.198,0.870,19.374,5.458,24.832,40.032,1600.0,1600.0,4525.0,4525.0,4650.0,52.7,27.1,22.7,48.4,141.7,No,No,No,0.978,0.605,1.5,43.0,39.0,36.5,34.0,33.5,37.0,36.5,12.192,5.000,1.004,1.348,1.174,0.804,0.854,1.560,3.348,1.836,1176,771,557,562,1.056,1.263,35,35,43,79.0,100.0,No,No,80704,102356,0.0,0.0,0.0,0.000,0.000,45602,11171,44.9,50.0,52.7,49,50,50,50,50,48,48,48,50,83.0,0.825,12.191,12.260,12.176,12.154,12.173,1118,1120,20.668,7.506,15.644,1.802,8.255,10.683,2.556,15.644,5.114,2.053,5.798,290.000,320.000,1500.0,101.2,1320.0,374.0,1425.0,1260.0,1078.5,72.0,1024.7,0.0,1.0,0.0,0.0,9.0,0.0,0.0,0.0,0.0,0.0,68,68,Yes,No,No,No,No,Yes,No,7.2,7.6,5,0,0,0,0,0,0,0,0,133,0,0,0,0,0,0,0,0,0,0,0,0,0,0,0,0,0,0,0,0,7455,737,568,41,5.0,3.0,23.9,2.0,2.0,2.0,2.0,3.0,23.8,2.0,2.0,2.0,2.0,333.40,499.56,41.76,33.95,500.23,500.23,0.89,332.47,333.40,0.00,433.49,201,6,0.0,0.0,0,0,0.0,0.0,0,
27.8.2026,17:31:43.728,7559,11694,39.2,5787,10523,35.4,2.4,2944,70,1.167,1.188,1.163,1.163,1.163,1.163,1.163,3770.8,3620.0,3620.0,4525.0,3620.0,3620.0,3620.0,100.0,555.8,111.4,26.3,112.4,220.8,233.6,2611.2,675.4,294.8,233.2,2014.7,74.4,61.1,555.8,11.3,0.3,0.0,0.8,0.4,3.4,56.8,16.2,7.8,6.6,43.5,0.0,0.0,56.8,11.3,14.8,2.2,0.7,2.9,5.7,6.2,70.0,18.2,7.9,6.2,53.9,1.9,1.6,14.8,37.7,36.2,36.2,45.2,36.2,36.2,36.2,0.0,24.6,2.7,8.3,62.4,20.9,50.1,3.3,52.0,9.3,71.3,37.6,70.0,49.9,73.7,23.4,87.9,20.5,0.0,9.2,0.0,23.0,1600.0,16.00,16,18,18,36,74,560,1,44.9,45.1,42.5,37.1,34.4,34.3,41.9,37.4,40.2,34.2,34.4,34.4,33.5,28.4,1.188,0.994,1.194,15.544,5.392,15.561,19.788,39.045,2.211,0.298,1.278,4.764,2.062,3.872,0.992,18.482,5.359,23.841,39.049,1600.0,1600.0,4525.0,4525.0,4650.0,51.4,25.9,22.0,47.5,138.9,No,No,No,0.655,0.324,1.5,44.0,38.5,37.0,34.0,33.5,37.0,37.0,12.192,5.000,1.004,1.348,1.188,0.804,0.854,1.560,3.348,1.834,1168,758,555,549,1.056,1.263,35,35,43,79.0,100.0,No,No,80704,102356,0.0,0.0,0.0,0.000,0.000,45602,11171,44.8,50.0,52.4,49,50,50,48,50,48,50,48,50,83.0,0.825,12.187,12.259,12.171,12.149,12.169,1028,1040,20.739,7.295,15.030,1.471,8.008,10.497,2.470,15.030,4.962,2.044,6.145,290.000,320.000,1500.0,101.2,1320.0,374.0,1425.0,1260.0,1076.3,71.9,1045.0,0.0,1.0,0.0,0.0,9.0,0.0,0.0,0.0,0.0,0.0,0,0,Yes,No,No,No,No,Yes,No,6.9,7.8,5,0,0,0,0,0,0,0,0,133,0,0,0,0,0,0,0,0,0,0,0,0,0,0,0,0,0,0,0,0,7455,737,568,41,5.0,3.0,39.1,2.0,2.0,2.0,2.0,3.0,38.5,2.0,2.0,2.0,2.0,333.42,499.90,25.60,17.19,500.23,500.23,0.69,332.69,333.42,0.00,472.53,201,6,0.1,0.0,0,0,0.0,0.0,0,
27.8.2026,17:31:44.240,8716,10537,45.2,6020,10289,36.9,2.4,2944,70,1.184,1.169,1.188,1.188,1.188,1.188,1.188,3770.8,3620.0,3620.0,3620.0,3620.0,4525.0,3620.0,100.0,578.4,172.8,17.3,153.1,180.9,734.2,578.1,543.4,316.9,250.4,3812.1,128.0,53.4,578.4,13.5,5.3,7.7,0.0,2.9,22.7,14.7,10.9,8.6,4.2,84.6,0.0,0.0,84.6,13.5,15.4,4.0,0.4,3.9,4.6,19.6,15.5,14.6,8.5,6.6,102.9,3.2,1.3,15.4,37.7,36.2,36.2,36.2,36.2,45.2,36.2,0.0,25.7,4.4,8.2,28.9,18.7,89.6,4.6,52.9,41.4,68.8,71.1,70.6,10.4,55.0,21.4,54.2,23.0,0.0,10.6,0.0,40.4,1600.0,16.00,16,18,18,36,74,560,1,45.8,46.5,44.0,37.3,34.3,34.0,38.8,36.8,46.0,33.8,34.2,34.2,33.8,28.2,1.156,0.994,1.169,15.445,5.783,15.452,20.234,39.872,2.036,0.683,1.183,2.438,1.841,5.214,0.858,18.321,5.747,24.069,39.859,1600.0,1600.0,4506.3,4506.3,4650.0,52.4,25.8,22.5,48.9,149.5,No,No,No,0.920,0.784,1.5,44.0,38.5,37.0,34.0,33.5,37.0,37.0,12.168,4.990,1.004,1.348,1.190,0.804,0.852,1.552,3.352,1.836,1154,758,555,549,1.056,1.253,35,35,43,79.0,100.0,No,No,80704,102356,0.0,0.1,0.1,0.000,0.064,45602,11171,52.9,54.0,62.4,54,54,54,54,54,54,54,54,54,83.0,0.819,12.068,12.150,12.059,12.046,12.018,773,779,30.289,81.487,168.679,27.873,92.827,80.431,16.236,168.679,32.470,29.159,117.028,290.000,320.000,1500.0,1156.5,1320.0,526.8,1425.0,1260.0,1500.5,1155.4,1425.0,37.0,7.0,0.0,0.0,20.5,0.0,0.1,0.0,0.0,0.0,0,0,Yes,No,No,No,No,Yes,No,68.3,66.7,5,0,0,0,0,0,0,0,0,134,0,0,0,0,0,0,0,0,0,0,0,0,0,0,0,0,0,0,0,0,6514,1678,1509,115,16.0,3.1,39.0,2.1,2.1,2.1,2.1,3.1,39.0,2.1,2.1,2.1,2.1,322.41,483.42,25.66,17.56,483.76,483.76,0.71,321.74,322.41,0.00,461.40,201,6,0.4,0.4,0,0,0.0,0.0,0,
27.8.2026,17:31:44.738,8714,10539,45.2,6013,10296,36.8,2.4,2944,70,1.190,1.200,1.188,1.188,1.188,1.188,1.188,3770.8,3620.0,3620.0,4525.0,3620.0,3620.0,3620.0,100.0,575.8,71.7,19.8,124.9,43.4,5.7,4523.7,657.0,878.0,391.9,127.6,46.7,19.0,575.8,13.1,0.0,0.0,4.0,0.0,0.0,99.9,18.1,20.3,9.9,1.2,2.1,1.5,99.9,13.1,15.5,1.3,0.5,3.3,1.1,0.1,122.2,17.7,23.7,10.5,3.4,1.2,0.5,15.5,37.7,36.2,36.2,45.2,36.2,36.2,36.2,0.0,25.0,1.9,3.9,99.8,30.9,11.9,1.5,40.3,60.1,20.2,0.2,62.1,87.0,11.9,34.8,38.0,75.9,0.0,7.0,1.2,86.5,1600.0,16.00,16,18,18,36,74,560,1,46.0,46.3,46.2,36.8,35.3,33.0,46.0,37.7,35.9,32.8,34.1,34.1,33.8,28.0,1.169,0.994,1.175,13.918,5.958,13.896,17.228,38.391,1.668,0.751,0.460,4.597,2.436,1.516,0.248,16.506,5.921,22.427,38.647,1600.0,1600.0,4525.0,4525.0,4650.0,50.9,23.2,19.1,48.8,164.3,No,No,No,0.190,0.174,1.5,45.0,38.5,37.0,34.5,33.5,37.0,37.0,12.096,4.960,1.004,1.348,1.174,0.806,0.852,1.550,3.316,1.834,1154,772,556,561,1.056,1.253,35,35,43,79.0,100.0,No,No,80704,102356,0.0,0.0,0.0,0.000,0.000,45602,11171,56.2,58.0,66.1,56,56,56,56,56,56,56,56,58,83.0,0.819,12.072,12.153,12.062,12.049,12.023,0,601,110.970,78.957,165.096,27.856,89.644,77.233,14.824,165.096,29.666,29.213,111.983,290.000,320.000,1500.0,1156.5,1320.0,526.8,1425.0,1260.0,1500.8,1155.5,1425.0,100.0,19.0,0.0,0.0,20.5,22.4,89.7,0.0,0.0,0.0,0,0,Yes,No,No,No,No,Yes,No,67.2,67.2,5,0,0,0,0,0,0,0,0,134,0,0,0,0,0,0,0,0,0,0,0,0,0,0,0,0,0,0,0,0,6514,1678,1509,115,16.0,3.1,11.1,2.1,2.1,2.1,2.1,3.1,11.1,2.1,2.1,2.1,2.1,322.16,465.80,90.15,84.16,466.81,466.81,0.85,321.35,322.16,0.00,388.76,201,6,0.1,0.0,0,0,0.0,0.0,0,
27.8.2026,17:31:45.229,8715,10538,45.2,6011,10298,36.8,2.4,2944,70,1.184,1.169,1.188,1.188,1.188,1.188,1.188,3770.8,3620.0,3620.0,4525.0,3620.0,3620.0,3620.0,100.0,531.0,65.0,24.6,107.0,29.7,21.2,4524.4,469.6,224.3,559.6,270.8,35.0,40.8,531.0,11.4,2.4,2.1,3.9,0.0,0.0,100.0,6.2,0.4,13.9,7.6,0.0,0.0,100.0,11.4,14.2,0.9,0.6,2.8,0.7,0.6,122.3,12.7,6.0,15.0,7.2,0.9,1.0,14.2,37.7,36.2,36.2,45.2,36.2,36.2,36.2,0.0,23.0,1.7,3.2,100.0,14.8,16.2,1.9,41.0,63.7,28.7,0.0,77.4,59.2,17.0,36.0,34.6,68.0,0.0,7.8,24.6,81.1,1600.0,16.00,16,18,18,36,74,560,1,46.2,46.3,46.2,36.7,35.5,33.0,46.2,36.5,36.0,32.8,34.1,34.1,33.8,28.6,1.169,0.994,1.175,13.358,5.942,13.376,16.320,38.222,1.568,0.793,0.498,4.581,1.694,1.527,0.316,15.808,5.905,21.713,37.989,1600.0,1600.0,4525.0,4525.0,4650.0,50.0,22.3,18.1,48.8,167.2,No,No,No,0.209,0.162,1.4,46.0,39.0,37.0,34.5,33.5,37.0,37.0,12.072,4.960,1.002,1.348,1.170,0.804,0.852,1.550,3.316,1.838,1173,772,556,561,1.056,1.242,35,35,43,79.0,100.0,No,No,80704,102356,0.0,0.0,0.0,0.000,0.032,45602,11171,56.9,58.0,66.8,58,58,58,58,58,56,56,58,58,83.0,0.819,12.069,12.150,12.060,12.048,12.019,0,0,189.668,80.068,166.940,28.078,90.679,78.225,15.024,166.940,30.062,29.506,115.158,290.000,320.000,1500.0,1156.5,1320.0,1498.5,1425.0,1260.0,1499.6,1155.4,1424.6,100.0,20.0,0.0,0.0,20.5,24.5,98.0,0.0,0.0,0.0,0,0,Yes,No,No,No,No,Yes,No,67.9,69.7,5,0,0,0,0,0,0,0,0,134,0,0,0,0,0,0,0,0,0,0,0,0,0,0,0,0,0,0,0,0,6514,1678,1509,115,16.0,3.2,9.4,2.4,2.4,2.4,2.4,3.2,9.4,2.4,2.4,2.4,2.4,310.96,416.43,106.58,100.89,416.44,416.44,0.75,310.27,310.96,0.00,321.84,201,6,0.4,0.4,0,0,0.0,0.0,0,
27.8.2026,17:31:45.734,8716,10538,45.2,6012,10298,36.8,2.4,2944,70,1.169,1.169,1.169,1.169,1.169,1.169,1.169,3770.8,3620.0,3620.0,4525.0,3620.0,3620.0,3620.0,100.0,540.5,114.5,46.8,185.4,39.8,45.2,4524.4,263.8,135.9,520.6,483.9,93.4,32.5,540.5,13.0,0.3,2.8,8.6,2.5,2.6,100.0,7.5,4.7,10.4,9.6,6.6,0.0,100.0,13.0,14.4,1.7,1.2,4.9,1.0,1.2,122.3,7.1,3.6,14.0,13.0,2.5,0.8,14.4,37.7,36.2,36.2,45.2,36.2,36.2,36.2,0.0,22.6,2.9,5.1,100.0,8.7,16.1,2.9,34.3,50.4,27.8,0.0,51.8,63.6,12.2,43.1,46.7,67.1,0.0,39.5,20.2,84.9,1600.0,16.00,16,18,18,36,74,560,1,46.5,46.5,46.5,36.3,35.4,33.0,46.1,34.2,36.4,32.5,34.0,34.0,33.8,28.9,1.163,0.994,1.175,12.921,5.977,12.932,15.396,37.485,1.484,0.716,0.578,4.560,1.062,1.661,0.327,15.252,5.940,21.192,37.454,1600.0,1600.0,4525.0,4525.0,4650.0,49.3,21.6,17.1,49.0,170.5,No,No,No,0.191,0.187,1.4,46.0,39.0,37.0,34.5,33.5,37.0,37.0,12.096,4.960,1.002,1.348,1.172,0.806,0.854,1.550,3.312,1.834,1173,754,554,560,1.056,1.242,35,35,43,79.0,100.0,No,No,80704,102356,0.0,0.0,0.0,0.000,0.000,45602,11171,57.5,60.0,67.5,58,58,58,58,58,58,56,58,60,83.0,0.819,12.067,12.147,12.058,12.045,12.018,0,0,197.697,79.726,166.262,28.073,90.173,77.630,14.818,166.262,29.639,28.900,115.776,290.000,320.000,1500.0,1156.5,1320.0,1498.5,1425.0,1260.0,1500.6,1154.9,1425.0,100.0,19.0,0.0,0.0,20.5,25.0,100.0,0.0,0.0,0.0,0,0,Yes,No,No,No,No,Yes,No,67.6,67.8,5,0,0,0,0,0,0,0,0,134,0,0,0,0,0,0,0,0,0,0,0,0,0,0,0,0,0,0,0,0,6514,1678,1509,115,16.0,3.3,8.2,2.4,2.4,2.4,2.4,3.3,8.2,2.4,2.4,2.4,2.4,305.46,415.77,122.20,117.41,416.44,416.44,0.70,304.78,305.46,0.00,294.21,201,6,0.0,0.0,0,0,0.0,0.0,0,
27.8.2026,17:31:46.239,8715,10539,45.2,6010,10299,36.8,2.4,2944,70,1.262,1.262,1.262,1.262,1.262,1.262,1.262,3875.0,3720.0,3720.0,4650.0,3720.0,3720.0,3720.0,100.0,527.8,56.2,11.5,58.9,72.3,4.1,4616.4,330.3,457.1,586.3,58.8,34.9,46.1,527.8,12.9,2.9,2.1,0.3,6.5,0.0,100.0,7.7,10.2,14.1,0.3,2.7,8.5,100.0,12.9,14.2,1.1,0.3,1.5,1.9,0.1,124.8,8.9,12.3,15.7,1.5,0.9,1.2,14.2,38.8,37.2,37.2,46.5,37.2,37.2,37.2,0.0,23.9,1.5,3.5,100.0,20.1,16.6,2.1,35.1,53.0,22.7,0.0,61.3,62.9,10.4,41.0,45.6,73.8,0.0,18.6,20.5,87.5,1600.0,16.00,16,18,18,36,74,560,1,47.2,48.2,50.2,37.0,35.8,32.9,48.2,36.1,36.1,32.7,34.3,34.3,34.2,28.4,1.237,0.994,1.250,14.192,5.971,14.167,17.278,39.526,1.717,0.755,0.484,5.240,1.894,1.636,0.291,17.462,5.933,23.395,39.608,1600.0,1600.0,4618.4,4618.4,4650.0,52.1,23.6,19.2,50.7,168.9,No,No,No,0.205,0.166,1.4,46.0,38.5,37.0,34.5,33.5,37.0,37.0,12.072,4.960,1.002,1.348,1.236,0.806,0.854,1.552,3.316,1.836,1228,767,551,560,1.056,1.262,35,35,43,79.0,100.0,No,No,80704,102356,0.0,0.0,0.0,0.000,0.000,45602,11171,58.0,60.0,68.1,58,58,58,58,58,58,58,58,60,83.0,0.819,12.063,12.142,12.055,12.043,12.013,0,0,198.065,80.741,168.515,28.254,91.787,79.062,15.305,168.515,30.614,29.184,115.431,290.000,320.000,1500.0,1156.5,1320.0,1500.0,1425.0,1260.0,1499.7,1155.0,1425.2,100.0,21.0,0.0,0.0,20.5,24.6,98.5,0.0,0.0,0.0,0,0,Yes,No,No,No,No,Yes,No,68.7,67.0,5,0,0,0,0,0,0,0,0,134,0,0,0,0,0,0,0,0,0,0,0,0,0,0,0,0,0,0,0,0,6514,1678,1509,115,16.0,3.4,6.5,2.6,2.6,2.6,2.6,3.4,6.5,2.6,2.6,2.6,2.6,294.38,382.41,154.14,150.55,383.07,383.07,0.74,293.67,294.38,0.00,233.12,201,6,0.3,0.4,0,0,0.0,0.0,0,
27.8.2026,17:31:46.737,8735,10518,45.3,6035,10274,37.0,2.4,2944,70,1.187,1.250,1.175,1.175,1.175,1.175,1.175,3787.5,3720.0,3620.0,3620.0,3620.0,4525.0,3620.0,100.0,543.3,118.0,23.0,99.0,78.4,131.2,4421.9,505.6,361.4,533.7,133.3,55.3,59.0,543.3,13.8,0.7,2.0,3.9,6.2,7.1,95.0,17.3,10.9,15.0,4.9,2.8,0.0,95.0,13.8,14.6,2.4,0.6,2.6,2.0,3.5,119.5,13.6,9.7,14.2,3.5,1.4,1.5,14.6,37.9,37.2,36.2,36.2,36.2,45.2,36.2,0.0,24.7,3.1,4.1,98.1,23.0,16.9,3.0,34.6,45.2,24.1,1.9,69.0,56.6,10.5,40.7,51.7,71.8,0.0,7.9,26.5,86.5,1600.0,16.00,16,18,18,36,74,560,1,47.9,48.8,41.2,37.2,36.1,33.1,48.8,36.4,36.0,32.9,34.5,34.5,32.5,27.4,1.181,0.994,1.188,14.421,5.995,14.413,18.076,39.943,1.801,0.796,0.590,5.440,2.014,1.622,0.347,17.967,5.958,23.925,40.170,1600.0,1600.0,4648.5,4648.5,4650.0,52.9,24.0,20.1,51.4,165.9,No,No,No,0.213,0.241,1.5,47.0,39.0,37.0,34.5,33.5,37.0,37.0,12.072,4.960,1.004,1.348,1.242,0.806,0.852,1.550,3.316,1.834,1228,767,551,546,1.056,1.258,35,35,43,79.0,100.0,No,No,80704,102356,0.0,0.0,0.0,0.000,0.032,45602,11171,57.4,60.0,67.5,59,60,58,58,58,58,58,60,60,83.0,0.812,12.066,12.145,12.057,12.044,12.017,0,0,197.153,79.618,166.092,27.776,90.504,77.971,15.093,166.092,30.197,28.738,114.098,290.000,320.000,1500.0,1156.5,1320.0,1500.0,1425.0,1260.0,1500.3,1154.9,1425.6,100.0,20.0,0.0,0.0,20.5,24.7,98.7,0.0,0.0,0.0,0,0,Yes,No,No,No,No,Yes,No,48.5,51.5,5,0,0,0,0,0,0,0,0,134,0,0,0,0,0,0,0,0,0,0,0,0,0,0,0,0,0,0,0,0,6514,1678,1509,115,16.0,3.5,5.4,2.9,2.9,2.9,2.9,3.5,5.4,2.9,2.9,2.9,2.9,283.32,349.26,186.30,183.91,349.93,349.93,0.66,282.61,283.32,0.00,166.49,201,6,0.5,0.4,0,0,0.0,0.0,0,
27.8.2026,17:31:47.246,8717,10536,45.2,6024,10285,36.9,2.4,2944,70,1.194,1.163,1.200,1.200,1.200,1.200,1.200,4223.3,3620.0,4525.0,4525.0,3620.0,4525.0,4525.0,100.0,507.9,78.1,17.1,52.9,35.5,371.6,126.4,657.2,219.3,80.0,4370.9,47.6,37.6,507.9,12.7,2.5,1.4,2.3,1.8,9.3,3.9,15.6,9.0,2.9,97.1,2.1,4.8,97.1,12.7,13.6,1.6,0.4,1.3,0.9,9.9,3.3,17.7,5.9,2.2,118.0,1.2,1.0,13.6,42.2,36.2,45.2,45.2,36.2,45.2,45.2,0.0,22.6,2.2,2.0,11.1,19.3,98.8,1.9,35.4,28.6,19.4,83.4,68.1,1.2,11.8,42.0,69.3,78.6,5.5,12.6,0.0,86.3,1600.0,16.00,16,18,18,36,74,560,1,47.9,46.5,44.5,36.3,33.5,32.7,36.0,36.6,46.3,32.8,34.0,34.0,32.5,28.5,1.194,0.994,1.212,13.157,5.960,13.127,15.278,37.924,1.486,0.447,0.340,1.485,1.889,4.497,0.256,15.571,5.923,21.493,37.707,1600.0,1600.0,4529.5,4529.5,4650.0,49.6,21.9,17.0,48.9,173.7,No,No,No,0.193,0.144,1.4,47.0,38.5,37.0,34.5,33.5,37.0,37.0,12.072,4.960,1.002,1.348,1.174,0.806,0.852,1.550,3.316,1.834,1207,750,552,559,1.056,1.258,35,35,43,79.0,100.0,No,No,80704,102356,0.0,0.0,0.0,0.000,0.000,45602,11171,58.2,60.0,68.1,59,58,58,60,60,58,58,60,60,83.0,0.812,12.067,12.147,12.059,12.046,12.019,0,0,191.509,77.928,163.002,27.281,88.921,76.442,14.831,163.002,29.670,28.429,109.775,290.000,320.000,1500.0,1156.5,1320.0,1499.5,1425.0,1260.0,1500.0,1155.3,1424.8,100.0,18.0,0.0,0.0,20.5,25.0,100.0,0.0,0.0,0.0,0,0,Yes,No,No,No,No,Yes,No,66.7,67.1,5,0,0,0,0,0,0,0,0,134,0,0,0,0,0,0,0,0,0,0,0,0,0,0,0,0,0,0,0,0,6514,1678,1509,115,16.0,3.9,4.6,3.3,3.3,3.3,3.3,3.9,4.6,3.3,3.3,3.3,3.3,258.36,298.95,217.76,217.01,299.78,299.78,0.78,257.70,258.36,0.00,91.38,201,6,0.0,0.0,0,0,0.0,0.0,0,
27.8.2026,17:31:47.753,8716,10537,45.2,6024,10285,36.9,2.4,2944,70,1.186,1.194,1.194,1.181,1.181,1.181,1.188,3921.7,3620.0,3620.0,4525.0,3620.0,4525.0,3620.0,100.0,537.8,64.8,13.7,207.9,81.0,4524.5,6.3,758.1,234.3,348.8,126.9,56.0,31.0,537.8,10.7,0.0,0.0,2.9,0.0,99.9,0.0,15.4,3.5,6.3,0.9,0.0,0.0,99.9,10.7,14.4,1.3,0.4,5.6,2.1,122.2,0.2,20.5,6.4,9.3,3.1,1.5,0.8,14.4,39.2,36.2,36.2,45.2,36.2,45.2,36.2,0.0,23.3,1.7,6.0,99.9,19.6,10.2,2.2,33.1,21.3,27.1,0.1,51.7,86.1,12.2,43.6,76.9,66.9,0.0,28.8,3.7,85.6,1600.0,16.00,16,18,18,36,74,560,1,47.8,46.0,45.2,36.4,34.5,33.5,45.8,36.4,35.4,32.7,33.9,33.9,33.8,28.6,1.181,0.994,1.194,13.360,5.926,13.357,16.070,37.702,1.525,0.363,0.649,4.601,1.857,1.392,0.288,15.817,5.889,21.707,37.954,1600.0,1600.0,4525.0,4525.0,4650.0,49.9,22.3,17.9,48.4,172.2,No,No,No,0.176,0.187,1.4,47.0,38.5,37.0,34.5,34.0,37.0,37.0,12.072,4.960,1.002,1.348,1.176,0.806,0.852,1.552,3.316,1.836,1207,750,552,559,1.056,1.252,35,35,43,79.0,100.0,No,No,80704,102356,0.0,0.0,0.0,0.000,0.000,45602,11171,58.7,60.0,68.8,60,60,60,60,60,58,58,60,60,83.0,0.812,12.067,12.148,12.058,12.045,12.017,0,0,190.313,80.193,166.890,27.867,91.085,78.437,15.261,166.890,30.526,29.113,115.668,290.000,320.000,1500.0,1156.5,1320.0,1499.5,1425.0,1260.0,1500.3,1155.0,1425.4,100.0,22.0,0.0,0.0,20.5,25.0,100.0,0.0,0.0,0.0,0,0,Yes,No,No,No,No,Yes,No,67.2,63.8,5,0,0,0,0,0,0,0,0,134,0,0,0,0,0,0,0,0,0,0,0,0,0,0,0,0,0,0,0,0,6514,1678,1509,115,16.0,4.1,4.6,3.8,3.8,3.8,3.8,4.1,4.6,3.8,3.8,3.8,3.8,241.67,266.13,217.21,216.76,266.63,266.63,0.70,240.96,241.67,0.00,66.50,201,6,0.1,0.0,0,0,0.0,0.0,0,
27.8.2026,17:31:48.251,8715,10538,45.2,6024,10285,36.9,2.4,2944,70,1.183,1.163,1.188,1.188,1.188,1.188,1.188,3921.7,3620.0,3620.0,4525.0,3620.0,4525.0,3620.0,100.0,543.2,112.0,9.0,130.5,64.1,4508.1,8.4,484.3,209.2,518.4,369.9,75.6,28.8,543.2,12.5,3.4,0.0,4.2,2.7,99.7,0.0,11.8,5.7,12.2,8.8,0.0,1.8,99.7,12.5,14.5,2.5,0.2,3.4,1.7,121.8,0.2,13.1,5.6,13.3,9.2,2.0,0.7,14.5,39.2,36.2,36.2,45.2,36.2,45.2,36.2,0.0,23.3,2.7,4.5,99.7,14.8,15.7,2.5,34.9,30.0,24.6,0.3,61.6,75.6,17.5,41.8,67.3,70.9,0.0,23.7,8.7,80.1,1600.0,16.00,16,18,18,36,74,560,1,47.8,46.1,46.8,36.5,34.9,33.0,45.9,36.4,35.8,32.9,34.0,34.0,32.0,27.9,1.194,0.994,1.206,13.222,5.967,13.260,15.978,38.135,1.553,0.517,0.547,4.538,1.694,1.662,0.359,15.617,5.930,21.547,37.846,1600.0,1600.0,4525.0,4525.0,4650.0,49.8,22.1,17.8,48.5,166.4,No,No,No,0.216,0.170,1.4,47.0,39.0,37.0,34.5,34.0,36.5,37.0,12.096,4.960,1.004,1.348,1.172,0.806,0.852,1.552,3.316,1.834,1223,763,550,558,1.056,1.252,35,35,43,79.0,100.0,No,No,80704,102356,0.0,0.0,0.0,0.000,0.114,45602,11171,58.8,60.0,68.8,60,60,60,60,60,60,60,60,60,83.0,0.812,12.068,12.149,12.059,12.046,12.020,0,0,195.530,79.582,165.127,27.688,90.169,77.405,15.073,165.127,30.159,28.824,116.668,290.000,320.000,1500.0,1156.5,1320.0,1499.8,1425.0,1260.0,1500.2,1155.7,1425.1,100.0,19.0,0.0,0.0,20.5,24.8,99.2,0.0,0.0,0.0,68,68,Yes,No,No,No,No,Yes,No,67.3,67.2,5,0,0,0,0,0,0,0,0,134,0,0,0,0,0,0,0,0,0,0,0,0,0,0,0,0,0,0,0,0,6514,1678,1509,115,16.0,4.0,4.3,3.8,3.7,3.7,3.7,4.0,4.3,3.8,3.8,3.7,3.7,249.92,266.62,233.23,232.92,266.96,266.96,0.89,249.07,249.92,0.00,16.84,201,6,0.8,0.1,0,0,0.0,0.0,0,
27.8.2026,17:31:48.756,8716,10537,45.2,6025,10285,36.9,2.4,2944,70,1.257,1.244,1.262,1.262,1.262,1.256,1.256,3875.0,3720.0,3720.0,4650.0,3720.0,3720.0,3720.0,100.0,550.6,74.0,18.3,111.2,51.3,4599.4,4.6,239.8,429.2,477.9,215.0,204.5,181.9,550.6,11.1,2.7,0.0,0.0,0.0,99.7,0.0,4.9,10.1,9.3,6.6,0.0,0.0,99.7,11.1,14.7,1.4,0.5,2.9,1.3,124.3,0.1,6.5,11.6,12.3,5.8,5.1,4.5,14.7,38.8,37.2,37.2,46.5,37.2,37.2,37.2,0.0,23.9,1.9,4.1,99.7,17.7,14.4,5.8,36.4,49.3,24.7,0.3,61.4,60.7,22.2,39.6,48.8,71.3,0.0,20.9,24.9,72.0,1600.0,16.00,16,18,18,36,74,560,1,48.0,48.0,49.0,37.1,35.6,33.1,48.0,36.5,35.5,33.8,34.2,34.2,31.5,27.6,1.237,0.994,1.250,14.049,5.966,14.046,17.605,39.286,1.767,0.729,0.529,5.193,1.920,1.512,0.718,17.231,5.928,23.160,39.402,1600.0,1600.0,4615.4,4615.4,4650.0,51.8,23.4,19.6,50.5,162.3,No,No,No,0.206,0.188,1.4,47.0,38.5,37.0,34.5,34.0,37.0,37.0,12.096,4.960,1.004,1.348,1.232,0.806,0.852,1.550,3.312,1.834,1226,763,550,558,1.056,1.256,35,35,43,79.0,100.0,No,No,80704,102356,0.0,0.0,0.0,0.000,0.000,45602,11171,59.0,60.0,69.0,60,60,60,60,60,60,58,58,60,83.0,0.812,12.065,12.130,12.062,12.048,12.021,0,0,196.093,79.856,167.870,32.327,88.837,76.407,14.858,167.870,29.713,28.738,112.081,290.000,320.000,1500.0,1156.5,1320.0,1499.8,1425.0,1260.0,1500.3,1155.4,1425.7,100.0,21.0,0.0,0.0,20.5,23.9,95.8,0.0,0.0,0.0,68,68,Yes,No,No,No,No,Yes,No,68.1,71.8,5,0,0,0,0,0,0,0,0,134,0,0,0,0,0,0,0,0,0,0,0,0,0,0,0,0,0,0,0,0,6514,1678,1509,115,16.0,3.6,4.6,3.2,3.2,3.2,3.2,3.6,4.6,3.2,3.2,3.2,3.2,278.00,316.99,217.63,216.11,317.32,317.32,0.76,277.23,278.00,0.00,83.99,201,6,0.4,0.3,0,0,0.0,0.0,0,
27.8.2026,17:31:49.260,8716,10537,45.2,6024,10286,36.9,2.4,2944,70,1.256,1.256,1.256,1.256,1.256,1.256,1.256,3875.0,3720.0,3720.0,4650.0,3720.0,3720.0,3720.0,100.0,549.5,97.9,55.5,122.1,92.0,4221.2,16.8,288.7,320.0,867.9,407.3,73.8,30.4,549.5,14.5,0.0,5.3,6.9,3.6,90.7,4.6,9.0,9.8,22.6,8.3,11.3,2.1,90.7,14.5,14.5,1.4,1.2,2.8,2.4,114.0,0.4,7.8,8.6,22.4,10.0,1.9,0.8,14.5,38.8,37.2,37.2,46.5,37.2,37.2,37.2,0.0,23.5,2.6,5.6,91.2,12.9,25.9,2.9,42.5,68.4,25.9,8.8,56.3,74.1,21.3,34.0,29.0,68.5,0.0,30.8,0.0,75.8,1600.0,16.00,16,18,18,36,74,560,1,48.4,48.3,49.5,37.4,36.3,33.2,48.1,35.6,37.9,33.0,34.4,34.4,33.2,28.9,1.256,0.994,1.269,14.703,5.995,14.683,17.367,40.428,1.916,1.031,0.697,5.111,1.635,2.530,0.490,18.238,5.957,24.196,40.433,1600.0,1600.0,4606.3,4606.3,4650.0,53.2,24.5,19.3,50.8,158.1,No,No,No,0.260,0.300,1.4,47.0,39.0,37.0,34.5,34.0,37.0,37.0,12.072,4.960,1.004,1.348,1.242,0.806,0.852,1.550,3.312,1.834,1226,762,552,558,1.056,1.256,35,35,43,79.0,100.0,No,No,80704,102356,0.0,0.0,0.0,0.000,0.000,45602,11171,58.8,62.0,69.0,61,62,60,62,62,60,60,60,60,83.0,0.812,12.069,12.151,12.060,12.047,12.019,1353,1321,195.754,78.687,163.704,27.424,89.595,77.236,15.277,163.704,30.570,28.462,112.213,290.000,320.000,1500.0,1156.5,1320.0,1499.8,1425.0,1260.0,1500.3,1155.2,1424.8,86.0,18.0,0.0,0.0,20.5,25.0,100.0,0.0,0.0,0.0,68,68,Yes,No,No,No,No,Yes,No,67.0,67.3,5,0,0,0,0,0,0,0,0,134,0,0,0,0,0,0,0,0,0,0,0,0,0,0,0,0,0,0,0,0,6514,1678,1509,115,16.0,4.1,6.0,3.2,3.2,3.2,3.2,4.1,5.9,3.2,3.2,3.2,3.2,241.70,315.81,167.59,166.23,317.32,317.32,0.88,240.98,241.70,0.00,125.71,201,6,3.6,0.1,0,0,0.0,0.0,0,
27.8.2026,17:31:49.760,8717,10536,45.2,6025,10284,36.9,2.4,2944,70,1.244,1.238,1.256,1.256,1.238,1.238,1.238,3875.0,3720.0,3720.0,4650.0,3720.0,3720.0,3720.0,100.0,558.5,116.0,16.2,134.3,95.8,4649.5,10.1,261.6,422.8,498.3,291.2,111.7,94.6,558.5,13.5,3.1,0.0,4.0,3.5,100.0,0.0,8.0,12.2,13.5,7.9,3.9,6.3,100.0,13.5,14.8,2.1,0.7,3.0,2.5,125.7,0.3,7.0,11.4,12.6,7.0,2.9,2.5,14.8,38.8,37.2,37.2,46.5,37.2,37.2,37.2,0.0,23.8,3.0,6.1,100.0,13.3,16.5,3.8,37.1,31.3,35.1,0.0,53.2,78.6,24.1,39.1,65.7,58.7,0.0,33.5,4.9,72.0,1600.0,16.00,16,18,18,36,74,560,1,48.6,49.2,46.5,37.4,35.8,33.5,49.2,35.9,36.7,33.5,34.5,34.5,33.5,28.4,1.250,0.994,1.262,14.706,5.962,14.718,17.798,40.495,1.895,0.659,0.849,5.535,1.670,2.045,0.611,18.367,5.924,24.291,40.556,1600.0,1600.0,4650.0,4650.0,4650.0,53.4,24.5,19.8,51.8,161.0,No,No,No,0.198,0.186,1.4,48.0,39.0,37.0,34.5,34.0,37.0,37.0,12.096,4.960,1.004,1.348,1.246,0.804,0.852,1.552,3.312,1.836,1264,762,552,558,1.056,1.241,35,35,43,79.0,100.0,No,No,80704,102356,0.0,0.0,0.0,0.000,0.161,45602,11171,59.3,60.0,69.3,60,60,60,60,60,60,60,60,60,83.0,0.812,12.069,12.148,12.060,12.047,12.020,1027,948,192.378,79.810,165.857,28.183,90.258,77.597,15.109,165.857,30.213,28.680,116.536,290.000,320.000,1500.0,1156.5,1320.0,1499.8,1425.0,1260.0,1500.2,1155.4,1425.3,100.0,18.0,0.0,0.0,20.5,24.0,96.0,0.0,0.0,0.0,69,69,Yes,No,No,No,No,Yes,No,67.6,65.9,5,0,0,0,0,0,0,0,0,134,0,0,0,0,0,0,0,0,0,0,0,0,0,0,0,0,0,0,0,0,6514,1678,1509,115,16.0,3.8,5.4,2.9,2.9,2.9,2.9,3.8,5.4,2.9,2.9,2.9,2.9,266.60,348.89,184.30,182.79,350.57,350.57,0.88,265.73,266.60,0.00,175.57,201,6,4.0,0.4,0,0,0.0,0.0,0,
27.8.2026,17:31:50.281,8715,10538,45.2,6025,10284,36.9,2.4,2944,70,1.183,1.163,1.188,1.188,1.188,1.188,1.188,3921.7,3620.0,3620.0,3620.0,4525.0,4525.0,3620.0,100.0,536.8,90.2,15.3,115.5,53.9,699.9,344.1,367.6,207.5,4461.4,10.4,50.8,25.6,536.8,11.0,0.3,0.0,0.9,0.0,13.0,11.5,3.9,3.1,99.7,0.0,0.0,0.0,99.7,11.0,14.2,1.9,0.4,2.5,1.4,17.3,9.0,9.9,5.5,120.5,0.3,1.3,0.6,14.2,39.2,36.2,36.2,36.2,45.2,45.2,36.2,0.0,23.2,2.3,4.4,17.9,12.7,99.9,2.0,36.6,42.9,34.3,82.1,46.2,0.1,14.3,40.2,54.8,61.3,0.0,41.2,0.0,83.7,1600.0,16.00,16,18,18,36,74,560,1,48.6,46.7,43.2,36.4,34.0,33.0,37.0,35.5,46.4,32.6,34.0,34.0,33.5,28.2,1.181,0.994,1.194,13.384,5.924,13.405,15.873,38.152,1.590,0.623,0.641,2.070,1.347,4.548,0.311,15.858,5.887,21.745,38.030,1600.0,1600.0,4533.6,4533.6,4650.0,50.0,22.3,17.6,49.2,165.5,No,No,No,0.205,0.161,1.4,48.0,39.0,37.0,34.5,34.0,37.0,37.0,12.072,4.960,1.004,1.348,1.172,0.804,0.852,1.550,3.316,1.834,1264,746,551,545,1.056,1.241,35,35,43,79.0,100.0,No,No,80704,102356,0.0,0.0,0.0,0.000,0.000,45602,11171,59.3,62.0,69.2,60,60,60,62,62,60,60,60,60,83.0,0.812,12.067,12.146,12.060,12.046,12.019,923,830,190.955,78.685,163.932,27.935,89.157,76.636,14.903,163.932,29.815,28.702,113.154,290.000,320.000,1500.0,1156.5,1320.0,1499.4,1425.0,1260.0,1500.0,1154.9,1425.2,100.0,19.0,0.0,0.0,20.5,24.4,97.5,0.0,0.0,0.0,69,69,Yes,No,No,No,No,Yes,No,66.8,66.9,5,0,0,0,0,0,0,0,0,134,0,0,0,0,0,0,0,0,0,0,0,0,0,0,0,0,0,0,0,0,6514,1678,1509,115,16.0,3.3,6.5,2.5,2.5,2.5,2.5,3.3,6.5,2.5,2.5,2.5,2.5,300.02,399.02,153.54,149.92,400.01,400.01,0.92,299.03,300.02,0.00,206.15,201,6,3.5,0.0,0,0,0.0,0.0,0,
27.8.2026,17:31:50.787,8716,10537,45.2,6024,10285,36.9,2.4,2944,70,1.183,1.163,1.188,1.188,1.188,1.188,1.188,3921.7,3620.0,3620.0,4525.0,4525.0,3620.0,3620.0,100.0,547.5,70.1,13.0,84.7,48.5,4522.8,4.2,219.5,488.8,723.7,308.5,48.2,38.5,547.5,16.0,2.5,4.3,0.1,7.9,99.9,0.0,8.7,12.0,16.9,7.9,19.4,12.6,99.9,16.0,14.7,1.5,0.3,2.2,1.2,122.2,0.1,5.8,13.3,19.0,8.2,1.2,1.0,14.7,39.2,36.2,36.2,45.2,45.2,36.2,36.2,0.0,23.5,1.9,3.3,99.8,15.1,18.8,2.1,36.6,39.4,22.1,0.2,65.7,81.2,11.1,39.9,58.8,74.6,0.0,19.2,0.0,86.9,1600.0,16.00,16,18,18,36,74,560,1,48.5,46.2,48.5,36.6,35.0,32.8,45.9,36.2,36.8,32.6,34.0,34.0,33.2,28.4,1.212,0.994,1.231,13.437,5.952,13.417,16.290,37.960,1.564,0.552,0.420,4.547,1.739,1.869,0.258,15.886,5.915,21.801,38.026,1600.0,1600.0,4525.0,4525.0,4650.0,50.0,22.4,18.1,48.6,168.2,No,No,No,0.184,0.183,1.4,48.0,39.0,37.0,34.5,34.0,37.0,37.0,12.096,4.960,1.002,1.348,1.176,0.804,0.852,1.552,3.316,1.836,1283,747,551,545,1.056,1.242,35,35,43,79.0,100.0,No,No,80704,102356,0.0,0.0,0.0,0.000,0.000,45602,11171,59.4,62.0,69.3,61,60,62,62,60,60,60,60,62,83.0,0.812,12.062,12.137,12.055,12.043,12.013,938,858,196.342,79.779,165.602,28.206,90.109,77.482,15.101,165.602,30.211,28.928,116.774,290.000,320.000,1500.0,1156.5,1320.0,1499.4,1425.0,1260.0,1500.3,1155.7,1424.6,100.0,20.0,0.0,0.0,20.5,25.0,100.0,0.0,0.0,0.0,69,69,Yes,No,No,No,No,Yes,No,67.5,67.6,5,0,0,0,0,0,0,0,0,134,0,0,0,0,0,0,0,0,0,0,0,0,0,0,0,0,0,0,0,0,6514,1678,1509,115,16.0,4.1,11.6,2.5,2.5,2.5,2.5,4.1,11.6,2.5,2.5,2.5,2.5,241.67,396.84,86.50,83.65,400.01,400.01,0.88,240.81,241.67,0.00,283.59,201,6,0.9,0.0,0,0,0.0,0.0,0,
27.8.2026,17:31:51.301,8717,10537,45.2,6025,10284,36.9,2.4,2944,70,1.183,1.194,1.181,1.181,1.181,1.181,1.181,3921.7,3620.0,3620.0,4525.0,4525.0,3620.0,3620.0,100.0,558.1,111.4,44.4,112.2,130.6,4524.5,4.9,401.2,334.4,573.6,348.1,73.1,38.5,558.1,10.9,0.0,0.0,3.5,0.0,100.0,0.0,4.5,5.9,11.0,5.9,0.0,0.0,100.0,10.9,14.7,1.6,1.2,2.3,3.5,122.3,0.1,10.9,8.9,14.8,8.8,1.8,0.9,14.7,39.2,36.2,36.2,45.2,45.2,36.2,36.2,0.0,23.8,2.7,5.7,100.0,16.3,15.9,2.3,39.0,59.0,25.2,0.0,50.5,83.4,15.5,37.2,38.3,69.1,0.0,33.2,0.6,82.2,1600.0,16.00,16,18,18,36,74,560,1,48.4,46.3,46.2,36.7,35.5,33.2,46.1,36.4,36.5,32.7,34.0,34.0,33.0,28.1,1.194,0.994,1.206,13.362,5.953,13.372,16.851,38.051,1.660,0.810,0.633,4.572,1.708,1.866,0.370,15.828,5.915,21.744,38.004,1600.0,1600.0,4525.0,4525.0,4650.0,50.0,22.3,18.7,48.7,158.3,No,No,No,0.195,0.159,1.4,48.0,39.0,37.0,34.5,34.0,37.0,37.0,12.096,4.970,1.004,1.348,1.176,0.804,0.852,1.552,3.316,1.834,1283,747,551,545,1.056,1.242,35,35,43,79.0,100.0,No,No,80704,102356,0.0,0.0,0.0,0.000,0.000,45602,11171,59.6,62.0,69.7,61,62,62,60,62,60,60,60,60,83.0,0.812,12.068,12.145,12.060,12.046,12.020,992,930,196.612,79.622,165.705,28.383,89.964,77.456,15.049,165.705,30.113,28.404,115.823,290.000,320.000,1500.0,1156.5,1320.0,1499.8,1425.0,1260.0,1500.4,1155.0,1425.0,100.0,20.0,0.0,0.0,20.5,25.0,100.0,0.0,0.0,0.0,69,69,Yes,No,No,No,No,Yes,No,67.5,67.9,5,0,0,0,0,0,0,0,0,134,0,0,0,0,0,0,0,0,0,0,0,0,0,0,0,0,0,0,0,0,6514,1678,1509,115,16.0,3.2,9.4,2.3,2.3,2.3,2.3,3.2,9.4,2.3,2.3,2.3,2.3,316.82,432.91,106.43,100.72,433.23,433.23,0.52,316.22,316.82,0.00,333.29,201,6,2.1,0.4,0,0,0.0,0.0,0,
27.8.2026,17:31:51.799,8716,10537,45.2,6016,10293,36.8,2.4,2944,70,1.238,1.238,1.238,1.238,1.238,1.238,1.238,3875.0,3720.0,3720.0,4650.0,3720.0,3720.0,3720.0,100.0,533.1,150.3,13.9,124.2,76.2,4275.8,19.0,246.6,397.1,595.2,272.8,126.1,99.7,533.1,11.1,4.5,0.0,0.9,0.0,92.5,1.4,4.5,5.8,15.1,7.3,0.9,0.0,92.5,11.1,14.2,3.8,0.3,3.0,1.9,115.5,0.5,6.6,10.8,15.4,6.8,3.3,2.6,14.2,38.8,37.2,37.2,46.5,37.2,37.2,37.2,0.0,23.5,3.9,4.8,92.8,16.6,18.8,4.0,41.0,51.6,25.0,7.2,61.5,81.2,19.6,35.5,44.4,70.2,0.0,21.9,0.0,76.4,1600.0,16.00,16,18,18,36,74,560,1,48.5,47.6,48.2,37.1,35.8,33.1,47.5,36.2,36.9,33.3,34.3,34.3,33.5,28.4,1.256,0.994,1.262,14.494,6.029,14.502,17.148,39.971,1.805,0.807,0.612,5.005,1.798,2.079,0.528,17.801,5.992,23.792,40.058,1600.0,1600.0,4599.1,4599.1,4650.0,52.7,24.2,19.1,50.1,163.8,No,No,No,0.233,0.291,1.4,48.0,39.0,37.0,34.5,34.0,37.0,37.0,12.072,4.960,1.002,1.348,1.224,0.804,0.852,1.552,3.316,1.834,1257,747,551,558,1.056,1.260,35,35,43,79.0,100.0,No,No,80704,102356,0.0,0.0,0.0,0.000,0.000,45602,11171,59.4,62.0,69.4,61,62,62,62,62,60,60,60,60,83.0,0.812,12.067,12.145,12.059,12.046,12.019,1050,1015,192.102,79.233,165.286,28.444,89.588,77.085,14.927,165.286,29.855,28.744,113.880,290.000,320.000,1500.0,1156.5,1320.0,1499.8,1425.0,1260.0,1500.9,1155.6,1424.7,100.0,24.0,0.0,0.0,20.5,22.7,90.8,0.0,0.0,0.0,69,69,Yes,No,No,No,No,Yes,No,67.3,66.2,5,0,0,0,0,0,0,0,0,134,0,0,0,0,0,0,0,0,0,0,0,0,0,0,0,0,0,0,0,0,6514,1678,1509,115,16.0,4.0,11.6,2.4,2.4,2.4,2.4,4.0,11.5,2.4,2.4,2.4,2.4,250.04,413.80,86.27,83.26,417.14,417.14,0.55,249.63,250.04,0.00,325.21,201,6,0.4,0.0,0,0,0.0,0.0,0,
27.8.2026,17:31:52.305,8715,10538,45.2,6013,10296,36.8,2.4,2944,70,1.259,1.244,1.262,1.262,1.262,1.262,1.262,3875.0,3720.0,3720.0,4650.0,3720.0,3720.0,3720.0,100.0,529.0,88.3,6.0,65.1,57.8,4649.6,4.2,163.4,408.9,352.9,439.4,74.3,38.4,529.0,15.4,2.9,0.0,2.7,15.4,100.0,1.2,5.4,14.5,10.4,12.7,3.0,17.1,100.0,15.4,14.2,1.9,0.1,1.7,1.5,125.7,0.1,4.4,11.0,9.4,11.8,1.9,1.0,14.2,38.8,37.2,37.2,46.5,37.2,37.2,37.2,0.0,23.9,2.2,3.3,100.0,15.0,20.3,2.9,35.8,36.6,27.1,0.0,62.4,72.6,16.2,40.2,61.2,69.6,0.0,22.7,7.1,80.9,1600.0,16.00,16,18,18,36,74,560,1,48.8,49.0,48.2,37.3,35.8,33.0,49.0,36.2,36.9,33.1,34.5,34.5,33.0,28.6,1.237,0.994,1.250,14.413,5.981,14.412,17.652,40.111,1.801,0.647,0.568,5.487,1.757,1.922,0.422,17.987,5.943,23.930,40.177,1600.0,1600.0,4650.0,4650.0,4650.0,52.9,24.0,19.6,51.6,166.0,No,No,No,0.213,0.160,1.4,48.0,39.0,37.0,34.5,34.0,37.0,37.0,12.072,4.960,1.004,1.348,1.238,0.802,0.852,1.552,3.316,1.834,1257,747,551,558,1.056,1.260,35,35,43,79.0,100.0,No,No,80704,102356,0.0,0.0,0.0,0.000,0.000,45602,11171,59.6,62.0,69.7,61,62,60,62,62,60,62,60,62,83.0,0.812,12.067,12.145,12.059,12.045,12.017,1094,1068,192.138,79.952,166.092,28.431,90.225,77.787,15.178,166.092,30.365,28.679,116.718,290.000,320.000,1500.0,1156.5,1320.0,1499.4,1425.0,1260.0,1500.3,1155.3,1425.0,100.0,21.0,0.0,0.0,20.5,25.0,100.0,0.0,0.0,0.0,69,69,Yes,No,No,No,No,Yes,No,67.7,69.6,5,0,0,0,0,0,0,0,0,134,0,0,0,0,0,0,0,0,0,0,0,0,0,0,0,0,0,0,0,0,6514,1678,1509,115,16.0,3.8,14.2,2.2,2.1,2.1,2.1,3.7,14.2,2.2,2.1,2.1,2.1,266.63,462.92,70.35,66.75,466.92,466.92,0.90,265.74,266.63,0.00,392.01,201,6,3.5,0.0,0,0,0.0,0.0,0,
27.8.2026,17:31:52.811,8717,10537,45.2,6014,10295,36.8,2.4,2944,70,1.239,1.244,1.238,1.238,1.238,1.238,1.238,3875.0,3720.0,3720.0,4650.0,3720.0,3720.0,3720.0,100.0,524.3,72.9,11.1,121.3,26.6,4.2,4649.4,235.0,450.8,437.0,195.7,67.5,20.5,524.3,13.3,0.0,14.7,4.7,2.2,0.0,100.0,10.5,10.8,10.3,3.7,3.3,0.0,100.0,13.3,14.1,1.4,0.3,3.2,0.7,0.1,125.6,6.3,12.2,11.7,5.2,1.8,0.5,14.1,38.8,37.2,37.2,46.5,37.2,37.2,37.2,0.0,23.2,1.8,3.9,100.0,14.9,16.2,2.4,33.3,34.9,20.3,0.0,68.3,64.8,11.4,43.5,63.2,75.7,0.0,16.8,19.0,86.2,1600.0,16.00,16,18,18,36,74,560,1,48.9,49.2,49.0,37.2,35.8,33.1,49.2,35.9,36.3,32.9,34.5,34.5,33.5,28.9,1.244,0.994,1.250,14.235,5.959,14.228,17.127,39.933,1.735,0.606,0.507,5.510,1.803,1.663,0.323,17.772,5.922,23.694,39.936,1600.0,1600.0,4650.0,4650.0,4650.0,52.5,23.7,19.0,51.8,170.1,No,No,No,0.189,0.187,1.4,48.0,39.0,37.0,34.5,34.0,37.0,37.0,12.072,4.960,1.002,1.348,1.240,0.802,0.852,1.550,3.312,1.834,1294,761,553,558,1.056,1.256,35,35,43,79.0,100.0,No,No,80704,102356,0.0,0.0,0.0,0.000,0.000,45602,11171,59.8,62.0,69.9,61,62,62,62,62,60,62,60,60,83.0,0.812,12.064,12.140,12.057,12.044,12.015,1129,1110,197.314,79.410,165.619,28.529,89.763,77.253,14.971,165.619,29.949,28.990,113.995,290.000,320.000,1500.0,1156.5,1320.0,1499.4,1425.0,1260.0,1500.6,1155.4,1424.6,100.0,22.0,0.0,0.0,20.5,25.0,100.0,0.0,0.0,0.0,69,69,Yes,No,No,No,No,Yes,No,67.4,69.1,5,0,0,0,0,0,0,0,0,134,0,0,0,0,0,0,0,0,0,0,0,0,0,0,0,0,0,0,0,0,6514,1678,1509,115,16.0,2.2,2.2,2.2,2.2,2.2,2.2,2.2,2.2,2.2,2.2,2.2,2.2,450.12,450.12,450.12,450.12,450.12,450.12,1.06,448.75,450.12,0.00,383.82,201,6,2.5,0.0,0,0,0.0,0.0,0,
27.8.2026,17:31:53.309,8717,10536,45.2,6014,10295,36.8,2.4,2944,70,1.258,1.238,1.262,1.262,1.262,1.262,1.262,3875.0,3720.0,3720.0,4650.0,3720.0,3720.0,3720.0,100.0,531.7,120.2,37.7,204.7,46.2,8.0,4649.4,134.3,601.7,326.8,88.4,147.6,15.7,531.7,11.6,1.9,0.8,5.2,1.0,0.0,100.0,0.2,16.0,8.4,2.1,3.7,0.0,100.0,11.6,14.2,2.1,1.0,5.5,1.2,0.2,125.7,3.6,16.2,8.7,2.3,3.9,0.4,14.2,38.8,37.2,37.2,46.5,37.2,37.2,37.2,0.0,24.0,3.2,6.7,100.0,18.9,10.9,4.3,35.4,43.7,26.6,0.0,67.1,62.0,12.9,40.6,53.1,66.6,0.0,14.0,27.1,82.8,1600.0,16.00,16,18,18,36,74,560,1,49.1,49.2,49.5,37.4,36.1,33.7,49.2,36.4,35.7,33.2,34.6,34.6,33.2,28.7,1.237,0.994,1.250,14.557,5.954,14.564,17.962,40.371,1.807,0.779,0.787,5.529,1.894,1.398,0.454,18.177,5.917,24.095,40.355,1600.0,1600.0,4650.0,4650.0,4650.0,53.1,24.3,20.0,51.8,167.2,No,No,No,0.208,0.167,1.4,48.0,39.0,37.0,34.5,34.0,37.0,37.0,12.096,4.960,1.004,1.348,1.244,0.802,0.852,1.550,3.316,1.834,1294,761,553,558,1.056,1.256,35,35,43,79.0,100.0,No,No,80704,102356,0.0,0.0,0.0,0.000,0.016,45602,11171,59.8,62.0,69.8,61,60,62,62,62,60,62,60,62,83.0,0.812,12.064,12.141,12.057,12.044,12.015,1146,1135,196.679,79.774,166.223,28.470,90.195,77.791,15.127,166.223,30.251,28.589,115.097,290.000,320.000,1500.0,1156.5,1320.0,1499.8,1425.0,1260.0,1500.1,1155.7,1424.7,100.0,21.0,0.0,0.0,20.5,25.0,100.0,0.0,0.0,0.0,70,70,Yes,No,No,No,No,Yes,No,66.8,65.7,5,0,0,0,0,0,0,0,0,134,0,0,0,0,0,0,0,0,0,0,0,0,0,0,0,0,0,0,0,0,6514,1678,1509,115,16.0,1.9,1.9,1.9,1.9,1.9,1.9,1.9,1.9,1.9,1.9,1.9,1.9,516.65,516.65,516.65,516.65,516.65,516.65,0.80,515.61,516.65,0.00,499.99,201,6,0.6,0.0,0,0,0.0,0.0,0,
27.8.2026,17:31:53.810,8653,10600,44.9,6015,10295,36.8,2.4,2944,70,1.190,0.969,1.238,1.238,1.231,1.231,1.231,3867.5,3675.0,3720.0,4650.0,3720.0,3720.0,3720.0,100.0,511.2,120.2,11.7,159.0,93.6,215.0,3869.7,186.5,502.4,742.7,114.1,83.7,35.3,511.2,12.9,2.5,0.0,3.9,2.2,4.5,82.7,4.9,13.7,19.4,2.8,2.0,16.3,82.7,12.9,13.8,2.8,0.3,4.2,2.4,5.7,103.8,5.2,14.0,20.6,3.0,2.2,0.9,13.8,38.7,36.8,37.2,46.5,37.2,37.2,37.2,0.0,23.6,3.1,6.6,87.2,18.7,22.5,3.3,35.6,39.4,30.5,12.8,63.7,49.2,18.2,40.8,57.5,62.9,0.0,17.6,28.4,78.5,1600.0,16.00,16,18,18,36,74,560,1,49.0,47.4,45.5,37.1,35.7,33.5,47.0,36.3,36.8,33.1,34.5,34.5,31.8,28.2,1.244,0.994,1.256,14.224,6.022,14.217,17.282,39.799,1.723,0.678,0.726,4.900,1.796,1.792,0.448,17.545,5.985,23.530,39.804,1600.0,1600.0,4590.9,4590.9,4650.0,52.4,23.7,19.2,49.8,167.6,No,No,No,0.380,0.471,1.4,49.0,39.0,37.0,34.5,34.0,37.0,37.0,12.072,4.960,1.002,1.348,1.244,0.800,0.852,1.550,3.316,1.834,1294,1518,552,545,1.056,1.256,35,35,43,79.0,100.0,No,No,80704,102356,0.0,0.0,0.0,0.000,0.023,45602,11171,55.1,62.0,65.3,60,60,60,60,60,60,62,58,60,83.0,0.812,12.153,12.254,12.135,12.111,12.111,1155,1152,196.868,22.576,41.911,2.929,33.687,31.234,12.983,41.911,25.975,2.354,10.198,290.000,320.000,1500.0,1156.5,1320.0,1499.8,1425.0,1260.0,1500.1,1155.1,1425.5,31.0,6.0,0.0,0.0,17.4,18.5,73.9,0.0,0.0,0.0,70,70,Yes,No,No,No,No,Yes,No,23.4,23.5,5,0,0,0,0,0,0,0,0,134,0,0,0,0,0,0,0,0,0,0,0,0,0,0,0,0,0,0,0,0,6770,1422,1253,115,16.0,3.9,26.3,2.1,2.1,2.1,2.1,3.9,26.4,2.1,2.1,2.1,2.1,258.61,479.14,38.08,34.03,483.64,483.64,0.83,257.76,258.61,0.00,458.68,201,6,0.3,0.4,0,0,0.0,0.0,0,
27.8.2026,17:31:54.307,6353,12900,32.9,5294,11015,32.4,2.4,2944,70,0.951,0.956,0.950,0.950,0.950,0.950,0.950,3675.0,3675.0,3675.0,3675.0,3675.0,3675.0,3675.0,100.0,477.5,654.0,511.7,128.2,183.2,272.5,1969.2,130.3,303.1,776.4,747.5,26.9,27.3,477.5,10.9,4.8,15.6,4.2,2.6,9.9,45.1,4.0,7.9,18.8,18.1,0.0,0.0,45.1,10.9,11.7,3.8,13.8,3.3,4.8,7.2,55.7,3.4,7.9,19.7,19.0,0.6,0.6,11.7,36.8,36.8,36.8,36.8,36.8,36.8,36.8,0.0,19.1,15.8,7.6,50.9,9.1,29.7,1.3,50.9,73.3,55.8,49.1,36.0,70.3,21.1,30.0,11.0,36.6,0.0,54.9,0.0,77.6,1600.0,16.00,16,18,18,36,74,560,1,48.9,44.1,40.2,36.2,36.6,33.7,41.4,34.6,38.2,32.6,34.3,34.3,33.5,29.0,1.156,0.994,1.163,13.265,6.216,13.285,13.285,38.643,1.614,1.441,0.957,3.439,1.002,2.484,0.358,15.859,6.177,22.036,38.493,1600.0,1600.0,4405.9,4405.9,4650.0,50.6,22.1,14.8,46.4,164.3,No,No,No,1.115,1.774,1.1,49.0,39.0,37.0,34.5,34.0,37.0,37.0,12.168,4.990,1.004,1.348,1.232,0.800,0.852,1.558,3.340,1.836,1273,1518,552,545,1.056,1.256,35,35,43,79.0,100.0,No,No,80704,102356,0.0,0.0,0.0,0.000,0.050,45602,11171,52.4,58.0,62.4,58,58,58,58,58,58,58,58,60,83.0,0.831,12.153,12.254,12.136,12.112,12.112,1164,1165,157.418,22.359,41.452,2.782,33.410,31.369,13.069,41.452,26.140,2.289,9.266,290.000,320.000,1545.0,1187.7,1365.0,1499.9,1470.0,1305.0,1545.5,1186.6,1469.9,0.0,0.0,0.0,0.0,9.0,0.0,0.1,0.0,0.0,0.0,70,70,Yes,No,No,No,No,Yes,No,23.7,23.9,5,0,0,0,0,0,0,0,0,134,0,0,0,0,0,0,0,0,0,0,0,0,0,0,0,0,0,0,0,0,7455,737,568,41,16.0,4.1,28.9,2.2,2.1,2.1,2.1,4.1,29.1,2.2,2.1,2.1,2.1,241.67,464.62,34.58,33.68,466.63,466.63,0.51,241.10,241.67,0.00,404.13,201,6,0.1,0.1,0,0,0.0,0.0,0,
27.8.2026,17:31:54.822,6352,12901,32.9,5292,11017,32.4,2.4,2944,70,1.188,1.200,1.150,1.194,1.194,1.194,1.194,3770.8,3620.0,3620.0,4525.0,3620.0,3620.0,3620.0,100.0,145.8,27.3,5.1,22.1,15.5,128.4,176.1,139.6,473.8,349.2,399.0,6.1,7.8,145.8,3.0,1.5,0.0,0.0,1.1,3.3,4.6,3.8,11.2,5.7,3.8,0.9,0.0,11.2,3.0,3.9,0.7,0.1,0.6,0.4,3.0,4.5,3.7,12.8,9.3,10.7,0.1,0.2,3.9,37.7,36.2,36.2,45.2,36.2,36.2,36.2,0.6,5.7,1.0,0.9,5.3,13.6,13.3,0.4,32.4,11.0,8.0,74.0,35.9,58.0,7.7,61.9,88.1,91.1,20.7,50.5,28.8,92.0,1600.0,16.00,16,18,18,36,74,560,1,48.4,37.5,41.2,33.2,32.3,32.1,33.2,35.0,34.8,32.0,33.1,33.1,32.2,28.4,1.163,0.994,1.169,7.098,5.993,7.123,7.123,29.848,0.580,0.143,0.118,0.737,1.228,1.149,0.107,7.677,5.955,13.632,29.877,1600.0,1600.0,3953.8,3953.8,4650.0,39.3,11.9,7.9,39.5,218.8,No,No,No,0.129,0.069,0.3,48.0,39.0,37.0,34.5,34.0,37.0,37.0,12.168,4.990,1.002,1.348,0.974,0.798,0.852,1.558,3.344,1.836,1273,762,553,559,1.056,1.257,35,35,43,79.0,100.0,No,No,80704,102356,0.0,0.1,0.1,0.000,0.109,45602,11171,51.5,58.0,61.3,58,58,58,58,58,58,58,58,58,83.0,0.831,12.156,12.255,12.138,12.115,12.114,1168,1169,99.183,22.689,42.327,2.819,33.743,31.911,13.083,42.327,26.166,2.345,9.484,290.000,320.000,1545.0,1187.7,1365.0,1499.9,1470.0,1305.0,1545.2,1186.4,1470.0,0.0,0.0,0.0,0.0,9.0,0.0,0.0,0.0,0.0,0.0,70,70,Yes,No,No,No,No,Yes,No,23.7,24.0,5,0,0,0,0,0,0,0,0,134,0,0,0,0,0,0,0,0,0,0,0,0,0,0,0,0,0,0,0,0,7455,737,568,41,16.0,8.6,57.9,2.6,2.5,2.5,2.5,8.6,57.6,2.6,2.5,2.5,2.5,116.63,386.29,17.28,16.67,399.60,399.60,0.37,116.27,116.63,0.00,233.20,201,6,0.4,0.4,0,0,0.0,0.0,0,
27.8.2026,17:31:55.311,6349,12905,32.9,5288,11021,32.4,2.4,2944,70,1.146,0.956,1.188,1.188,1.181,1.181,1.181,3780.0,3675.0,3620.0,3620.0,4525.0,3620.0,3620.0,100.0,147.9,53.1,11.0,7.6,18.1,287.4,357.0,292.9,509.2,159.0,66.3,6.5,6.1,147.9,3.4,0.0,0.0,1.5,0.0,4.6,6.2,7.1,12.4,2.0,2.9,0.0,4.4,12.4,3.4,3.7,0.8,0.3,0.2,0.5,7.4,9.1,7.0,13.5,4.2,1.7,0.1,0.1,3.7,37.8,36.8,36.2,36.2,45.2,36.2,36.2,5.2,5.6,1.2,0.6,10.8,16.2,4.6,0.3,26.3,4.5,4.4,62.4,60.2,22.5,3.6,68.1,94.3,95.0,26.7,23.6,72.9,96.1,1600.0,16.00,16,18,18,36,74,560,1,47.8,36.9,40.5,33.0,32.0,31.9,33.4,35.9,32.5,32.0,32.9,32.9,33.2,28.0,1.156,0.994,1.163,6.383,5.910,6.397,6.397,29.164,0.553,0.117,0.102,0.993,1.565,0.460,0.082,6.969,5.874,12.843,28.868,1600.0,1600.0,3762.6,3762.6,4650.0,38.0,10.7,7.1,38.9,206.8,No,No,No,0.140,0.054,0.3,47.0,39.0,37.0,34.5,34.0,37.0,37.0,12.168,4.990,1.002,1.348,1.004,0.800,0.852,1.560,3.344,1.836,1284,750,553,559,1.056,1.257,35,35,43,79.0,100.0,No,No,80704,102356,0.0,0.0,0.0,0.000,0.000,45602,11171,51.1,58.0,61.1,58,58,58,58,58,58,58,58,58,83.0,0.831,12.154,12.255,12.135,12.112,12.112,1168,1171,68.395,22.638,42.298,2.733,33.712,31.879,13.020,42.298,26.043,2.320,9.440,290.000,320.000,1545.0,1187.7,1365.0,1531.0,1470.0,1305.0,1545.1,1186.2,1470.3,0.0,0.0,0.0,0.0,9.0,0.0,0.0,0.0,0.0,0.0,70,70,Yes,No,No,No,No,Yes,No,23.6,24.1,5,0,0,0,0,0,0,0,0,134,0,0,0,0,0,0,0,0,0,0,0,0,0,0,0,0,0,0,0,0,7455,737,568,41,16.0,5.0,14.8,2.4,2.4,2.4,2.4,5.0,14.8,2.4,2.4,2.4,2.4,200.02,410.70,67.68,66.78,416.70,416.70,0.34,199.68,200.02,0.00,227.77,201,6,2.9,0.1,0,0,0.0,0.0,0,
27.8.2026,17:31:55.829,6351,12902,32.9,5289,11020,32.4,2.4,2944,70,1.144,0.956,1.181,1.181,1.181,1.181,1.181,3780.0,3675.0,3620.0,3620.0,4525.0,3620.0,3620.0,100.0,143.8,86.9,3.3,40.8,25.6,196.6,184.2,187.9,405.7,351.6,229.2,8.1,5.8,143.8,6.9,3.2,25.0,3.1,21.7,3.5,3.3,6.9,5.3,6.4,4.0,0.0,0.0,25.0,6.9,3.6,1.0,0.1,1.0,0.6,5.0,4.7,5.7,10.9,8.5,5.6,0.2,0.1,3.6,37.8,36.8,36.2,36.2,45.2,36.2,36.2,3.1,5.5,1.2,1.3,7.0,13.6,9.7,0.4,37.7,19.2,5.1,81.5,61.0,56.4,3.1,56.8,79.7,93.6,11.5,25.4,34.0,96.6,1600.0,16.00,16,18,18,36,74,560,1,47.2,36.4,40.2,32.9,32.1,32.0,33.1,35.1,33.4,31.8,32.8,32.8,32.5,28.5,1.156,0.994,1.163,6.849,5.976,6.845,6.845,29.393,0.606,0.230,0.155,0.910,1.303,0.963,0.073,7.377,5.940,13.316,29.403,1600.0,1600.0,3878.3,3878.3,4650.0,38.7,11.4,7.6,38.3,200.5,No,No,No,0.144,0.062,0.3,47.0,39.0,37.0,34.5,34.0,37.0,37.0,12.168,4.990,1.002,1.348,0.972,0.798,0.850,1.558,3.344,1.834,1284,750,553,559,1.056,1.268,35,35,43,79.0,100.0,No,No,80704,102356,0.0,0.0,0.0,0.000,0.000,45602,11171,50.3,58.0,59.4,56,56,56,56,56,56,56,56,56,83.0,0.831,12.162,12.256,12.146,12.119,12.128,1168,1172,67.415,18.179,34.179,2.549,26.722,24.698,9.896,34.179,19.806,2.300,9.283,290.000,320.000,1545.0,625.2,1365.0,1531.0,1470.0,1305.0,1545.3,624.6,1469.6,0.0,0.0,0.0,0.0,9.0,0.0,0.0,0.0,0.0,0.0,70,70,Yes,No,No,No,No,Yes,No,18.6,19.1,5,0,0,0,0,0,0,0,0,134,0,0,0,0,0,0,0,0,0,0,0,0,0,0,0,0,0,0,0,0,7455,737,568,41,16.0,4.6,8.5,2.6,2.6,2.6,2.6,4.6,8.5,2.6,2.6,2.6,2.6,216.66,378.56,117.35,116.74,383.22,383.22,0.42,216.23,216.66,0.00,266.65,201,6,1.7,0.5,0,0,0.0,0.0,0,
27.8.2026,17:31:56.336,6350,12903,32.9,5288,11021,32.4,2.4,2944,70,1.144,0.956,1.181,1.181,1.181,1.181,1.181,3780.0,3675.0,3620.0,3620.0,4525.0,3620.0,3620.0,100.0,146.1,35.3,7.5,9.0,10.4,236.3,181.0,254.2,512.3,249.6,226.4,17.5,13.1,146.1,5.0,0.0,0.0,2.0,0.0,6.9,5.7,4.4,15.4,9.4,6.6,7.8,2.1,15.4,5.0,3.7,0.9,0.2,0.2,0.3,6.0,4.5,6.7,13.7,5.9,5.6,0.4,0.3,3.7,37.8,36.8,36.2,36.2,45.2,36.2,36.2,10.9,5.6,1.0,0.4,7.8,16.0,7.7,0.6,30.8,11.1,9.3,66.7,59.4,31.3,6.7,63.7,87.9,90.3,25.5,24.7,60.9,92.8,1600.0,16.00,16,18,18,36,74,560,1,46.8,36.6,41.0,32.8,31.9,31.9,33.1,35.5,32.6,32.0,32.7,32.7,33.0,27.9,1.200,0.994,1.206,6.405,5.836,6.404,6.404,28.488,0.602,0.165,0.127,0.922,1.540,0.728,0.127,6.993,5.802,12.795,28.541,1600.0,1600.0,3692.9,3692.9,4650.0,37.6,10.7,7.1,38.5,192.0,No,No,No,0.139,0.044,0.3,46.0,39.0,37.0,34.5,34.0,37.0,37.0,12.168,5.000,1.004,1.348,1.026,0.800,0.850,1.560,3.352,1.836,1264,766,553,559,1.056,1.268,35,35,43,79.0,100.0,No,No,80704,102356,0.0,0.0,0.0,0.000,0.000,45602,11171,49.8,56.0,58.8,56,56,56,54,56,56,56,56,56,83.0,0.831,12.164,12.256,12.148,12.121,12.130,1166,1169,60.579,18.174,34.097,2.537,26.737,24.679,9.946,34.097,19.892,2.278,9.300,290.000,320.000,1545.0,625.2,1365.0,1545.0,1470.0,1305.0,1544.6,624.6,1469.8,0.0,0.0,0.0,0.0,9.0,0.0,0.0,0.0,0.0,0.0,70,70,Yes,No,No,No,No,Yes,No,18.6,19.2,5,0,0,0,0,0,0,0,0,134,0,0,0,0,0,0,0,0,0,0,0,0,0,0,0,0,0,0,0,0,7455,737,568,41,16.0,4.4,6.6,2.9,2.9,2.9,2.9,4.4,6.6,2.9,2.9,2.9,2.9,227.86,346.65,150.75,150.15,349.98,349.98,0.45,227.41,227.86,0.00,199.94,201,6,0.1,0.1,0,0,0.0,0.0,0,
27.8.2026,17:31:56.827,6352,12901,32.9,5289,11020,32.4,2.4,2944,70,1.144,0.956,1.181,1.181,1.181,1.181,1.181,3780.0,3675.0,3620.0,3620.0,4525.0,3620.0,3620.0,100.0,170.2,39.3,6.4,16.8,35.1,197.7,182.1,392.4,465.5,215.2,234.0,104.0,154.1,170.2,4.2,0.0,0.0,0.0,17.8,2.9,3.0,7.8,9.4,3.3,3.9,0.0,2.3,17.8,4.2,4.3,0.7,0.2,0.4,0.9,4.7,4.7,10.6,12.6,5.0,5.7,2.5,3.9,4.3,37.8,36.8,36.2,36.2,45.2,36.2,36.2,0.3,6.1,0.9,1.3,7.7,15.1,7.6,3.8,39.0,7.9,22.3,82.8,57.6,50.8,12.4,55.0,91.2,76.4,9.5,27.3,41.7,83.8,1600.0,16.00,16,18,18,36,74,560,1,46.4,36.9,36.8,33.1,31.9,32.1,33.1,35.3,33.0,32.9,32.9,32.9,32.8,28.0,1.156,0.994,1.163,7.301,5.997,7.301,7.301,30.111,0.675,0.137,0.252,0.936,1.493,0.806,0.426,7.917,5.960,13.877,30.101,1600.0,1600.0,3941.5,3941.5,4650.0,39.6,12.2,8.1,38.8,193.6,No,No,No,0.142,0.061,0.4,46.0,39.0,37.0,34.5,34.0,37.0,37.0,12.168,4.990,1.004,1.348,1.010,0.800,0.850,1.560,3.344,1.836,1264,766,554,547,1.056,1.267,35,35,43,79.0,100.0,No,No,80704,102356,0.0,0.0,0.0,0.000,0.000,45602,11171,49.5,56.0,58.8,56,56,54,56,56,56,54,56,56,83.0,0.831,12.164,12.257,12.149,12.121,12.130,1162,1168,53.814,17.877,33.275,2.476,26.229,24.400,9.922,33.275,19.850,2.278,9.189,290.000,320.000,1545.0,625.2,1365.0,1545.0,1470.0,1305.0,1545.1,624.6,1469.9,0.0,0.0,0.0,0.0,9.0,0.0,0.0,0.0,0.0,0.0,70,70,Yes,No,No,No,No,Yes,No,18.3,18.8,5,0,0,0,0,0,0,0,0,134,0,0,0,0,0,0,0,0,0,0,0,0,0,0,0,0,0,0,0,0,7455,737,568,41,16.0,4.2,5.4,2.9,2.9,2.9,2.9,4.2,5.5,2.9,2.9,2.9,2.9,238.96,346.43,183.53,183.53,349.75,349.75,0.48,238.51,238.96,0.00,166.51,201,6,0.0,0.0,0,0,0.0,0.0,0,
27.8.2026,17:31:57.332,6351,12903,32.9,5289,11020,32.4,2.4,2944,70,1.146,0.950,1.181,1.181,1.188,1.188,1.188,3780.0,3675.0,3620.0,3620.0,4525.0,3620.0,3620.0,100.0,150.5,98.0,10.6,18.2,7.0,212.6,294.8,395.6,251.3,312.9,180.4,5.9,18.6,150.5,7.0,2.6,32.7,0.0,0.0,6.3,8.0,10.3,7.4,5.9,8.7,2.0,0.0,32.7,7.0,3.8,0.8,0.3,0.4,0.2,5.2,7.4,10.4,6.8,8.3,4.7,0.1,0.5,3.8,37.8,36.8,36.2,36.2,45.2,36.2,36.2,9.9,5.8,1.0,0.6,8.9,14.3,9.3,0.6,31.4,10.0,19.4,59.9,57.3,41.2,0.6,62.9,89.2,79.9,31.4,28.4,49.6,98.8,1600.0,16.00,16,18,18,36,74,560,1,45.9,36.3,39.8,32.9,31.9,32.1,33.1,35.1,33.4,31.9,32.8,32.8,33.2,28.4,1.181,0.994,1.188,6.431,5.836,6.445,6.445,28.771,0.596,0.168,0.208,0.915,1.387,0.845,0.053,6.984,5.802,12.786,28.582,1600.0,1600.0,3683.9,3683.9,4650.0,37.6,10.7,7.2,38.2,192.8,No,No,No,0.156,0.047,0.3,46.0,39.0,37.0,34.5,34.0,37.0,37.0,12.168,4.990,1.002,1.348,1.000,0.800,0.850,1.560,3.352,1.836,1273,1503,554,548,1.056,1.267,35,35,43,79.0,100.0,No,No,80704,102356,0.0,0.0,0.0,0.000,0.000,45602,11171,49.3,56.0,58.5,55,56,56,54,56,54,56,54,56,83.0,0.831,12.166,12.257,12.151,12.123,12.133,1160,1165,53.436,17.902,33.333,2.476,26.283,24.415,9.925,33.333,19.859,2.265,9.229,290.000,320.000,1545.0,625.2,1365.0,1545.0,1470.0,1305.0,1545.5,624.4,1469.6,0.0,0.0,0.0,0.0,9.0,0.0,0.0,0.0,0.0,0.0,70,70,Yes,No,No,No,No,Yes,No,18.3,18.9,5,0,0,0,0,0,0,0,0,134,0,0,0,0,0,0,0,0,0,0,0,0,0,0,0,0,0,0,0,0,7455,737,568,41,16.0,4.3,5.4,3.4,3.3,3.3,3.3,4.3,5.4,3.4,3.3,3.3,3.3,233.45,298.11,184.26,183.66,299.76,299.76,0.55,232.94,233.45,0.00,121.98,201,6,0.0,0.0,0,0,0.0,0.0,0,
27.8.2026,17:31:57.825,6350,12904,32.9,5289,11021,32.4,2.4,2944,70,1.136,0.912,1.181,1.181,1.181,1.181,1.181,3780.0,3675.0,3620.0,3620.0,4525.0,3620.0,3620.0,100.0,149.6,84.2,3.6,10.9,18.6,167.6,76.4,241.4,472.4,380.5,299.7,19.6,20.7,149.6,3.9,0.3,0.0,5.5,2.9,0.0,0.0,5.0,7.0,10.3,0.0,15.7,0.0,15.7,3.9,3.7,0.9,0.1,0.2,0.5,3.8,1.7,6.6,12.6,9.6,7.6,0.5,0.5,3.7,37.8,36.8,36.2,36.2,45.2,36.2,36.2,5.8,5.8,1.0,0.7,4.7,15.8,11.4,1.0,32.4,4.3,15.3,54.9,63.1,50.3,6.6,61.9,94.8,84.1,40.4,21.2,38.4,92.4,1600.0,16.00,16,18,18,36,74,560,1,45.5,36.7,41.0,32.9,31.8,32.0,32.6,35.5,33.6,32.0,32.8,32.8,32.0,28.5,1.200,0.994,1.212,6.590,5.897,6.594,6.594,28.901,0.626,0.140,0.216,0.733,1.497,1.007,0.164,7.185,5.862,13.047,28.970,1600.0,1600.0,3821.3,3821.3,4650.0,38.1,11.0,7.3,38.7,189.3,No,No,No,0.151,0.070,0.3,45.0,39.5,37.0,34.5,34.0,37.0,37.0,12.168,4.990,1.004,1.348,0.934,0.798,0.850,1.558,3.344,1.834,1273,1503,554,548,1.057,1.247,35,35,43,79.0,100.0,No,No,80704,102356,0.0,0.0,0.0,0.000,0.000,45602,11171,48.8,56.0,57.5,54,56,54,54,56,54,54,52,56,83.0,0.831,12.168,12.259,12.152,12.125,12.134,1161,1163,53.323,17.945,33.521,2.476,26.382,24.456,9.914,33.521,19.824,2.257,9.149,290.000,320.000,1545.0,101.2,1365.0,1545.0,1470.0,1305.0,1140.7,74.2,1094.7,0.0,0.0,0.0,0.0,9.0,0.0,0.0,0.0,0.0,0.0,70,70,Yes,No,No,No,No,Yes,No,18.4,9.5,5,0,0,0,0,0,0,0,0,135,0,0,0,0,0,0,0,0,0,0,0,0,0,0,0,0,0,0,0,0,7455,737,568,41,5.0,3.9,4.6,3.5,3.5,3.5,3.5,3.9,4.6,3.5,3.5,3.5,3.5,255.79,282.64,217.99,217.08,282.95,282.95,0.53,255.24,255.79,0.00,55.23,201,6,0.0,0.1,0,0,0.0,0.0,0,
27.8.2026,17:31:58.325,6349,12904,32.9,5288,11022,32.4,2.4,2944,70,1.158,0.950,1.200,1.200,1.200,1.200,1.200,3780.0,3675.0,3620.0,3620.0,4525.0,3620.0,3620.0,100.0,153.9,273.7,92.4,11.7,21.4,46.6,137.7,257.7,602.6,206.9,180.0,2.1,14.6,153.9,5.0,5.4,12.8,0.0,0.3,0.9,3.1,5.5,15.9,1.1,11.9,0.0,3.2,15.9,5.0,4.0,6.6,2.5,0.3,0.6,1.1,3.6,6.8,16.3,5.2,4.5,0.0,0.4,4.0,37.8,36.8,36.2,36.2,45.2,36.2,36.2,11.4,6.0,6.2,0.9,4.2,17.8,6.8,0.4,32.5,22.9,3.3,59.4,57.8,48.5,3.0,61.5,70.9,95.9,36.4,24.4,44.7,96.6,1600.0,16.00,16,18,18,36,74,560,1,45.1,36.5,41.2,32.9,32.4,31.9,32.5,35.6,32.8,31.9,32.7,32.7,32.2,27.9,1.181,0.994,1.188,6.363,5.185,6.317,6.317,26.263,0.609,0.394,0.130,0.670,1.613,0.787,0.057,6.951,5.155,12.106,26.624,1600.0,1600.0,3559.9,3559.9,4650.0,35.0,10.5,7.0,38.4,188.6,No,No,No,0.155,0.037,0.4,45.0,39.5,37.0,34.5,34.0,37.0,37.0,12.168,5.000,1.002,1.352,0.742,0.798,0.850,1.562,3.352,1.834,1260,753,556,561,1.057,1.247,35,35,43,79.0,100.0,No,No,80704,102356,0.0,0.0,0.0,0.000,0.104,45602,11171,47.2,54.0,54.7,52,52,52,52,52,52,52,52,52,83.0,0.838,12.196,12.261,12.183,12.159,12.179,1161,1163,48.674,7.924,16.385,1.901,8.540,11.162,2.618,16.385,5.234,2.213,6.882,290.000,320.000,1545.0,101.2,1350.0,1452.6,1455.0,1290.0,1101.2,71.3,1040.4,0.0,1.0,0.0,0.0,9.0,0.0,0.0,0.0,0.0,0.0,70,70,Yes,No,No,No,No,Yes,No,7.5,7.4,5,0,0,0,0,0,0,0,0,135,0,0,0,0,0,0,0,0,0,0,0,0,0,0,0,0,0,0,0,0,7455,737,568,41,5.0,3.8,4.3,3.5,3.5,3.5,3.5,3.8,4.3,3.5,3.5,3.5,3.5,261.31,283.62,233.23,232.60,283.95,283.95,0.62,260.77,261.31,0.00,33.72,201,6,0.2,0.0,0,0,0.0,0.0,0,
27.8.2026,17:31:58.839,6351,12902,32.9,5289,11020,32.4,2.4,2944,70,0.957,0.963,0.956,0.956,0.956,0.956,0.956,3675.0,3675.0,3675.0,3675.0,3675.0,3675.0,3675.0,100.0,154.3,35.6,9.9,93.4,104.6,93.4,111.3,189.7,503.3,234.7,444.4,17.2,13.8,154.3,3.8,0.0,0.0,1.3,0.0,4.1,4.6,0.0,4.6,4.3,8.9,17.7,0.0,17.7,3.8,3.9,0.8,0.3,2.4,2.7,2.0,2.5,5.4,13.6,5.7,11.4,0.4,0.3,3.9,36.8,36.8,36.8,36.8,36.8,36.8,36.8,2.3,5.9,1.0,2.8,3.3,15.7,12.1,0.5,36.9,4.6,6.4,80.1,62.5,59.4,8.4,57.2,94.4,90.8,16.6,21.9,28.5,91.1,1600.0,16.00,16,18,18,36,74,560,1,44.9,37.2,37.8,33.2,31.9,32.4,32.8,36.1,33.7,32.2,32.9,32.9,30.5,27.4,1.156,0.994,1.163,7.030,5.277,7.079,7.079,28.293,0.661,0.118,0.268,0.799,1.550,1.067,0.165,7.686,5.244,12.931,27.984,1600.0,1600.0,3952.2,3952.2,4650.0,36.8,11.8,7.9,39.1,191.3,No,No,No,0.120,0.060,0.4,44.0,39.0,37.0,34.5,34.0,37.0,37.0,12.168,5.000,1.002,1.348,0.922,0.798,0.850,1.562,3.352,1.834,1244,753,556,561,1.056,1.261,35,35,43,79.0,100.0,No,No,80704,102356,0.0,0.0,0.0,0.000,0.000,45602,11171,46.8,52.0,54.6,52,52,52,50,52,52,52,50,52,83.0,0.838,12.196,12.262,12.183,12.160,12.179,1161,1159,32.846,7.749,16.052,1.839,8.309,11.077,2.594,16.052,5.186,2.200,6.436,290.000,320.000,1545.0,101.2,1350.0,1452.6,1455.0,1290.0,1110.4,71.6,1036.7,0.0,1.0,0.0,0.0,9.0,0.0,0.0,0.0,0.0,0.0,70,70,Yes,No,No,No,No,Yes,No,7.3,7.3,5,0,0,0,0,0,0,0,0,135,0,0,0,0,0,0,0,0,0,0,0,0,0,0,0,0,0,0,0,0,7455,737,568,41,5.0,3.7,4.3,3.3,3.3,3.3,3.3,3.7,4.3,3.3,3.3,3.3,3.3,272.42,300.12,233.88,232.96,300.45,300.45,0.54,271.87,272.42,0.00,56.19,201,6,0.4,0.6,0,0,0.0,0.0,0,
27.8.2026,17:31:59.343,6349,12904,32.9,5287,11022,32.4,2.4,2944,70,1.144,0.956,1.181,1.181,1.181,1.181,1.181,3780.0,3675.0,3620.0,3620.0,4525.0,3620.0,3620.0,100.0,146.1,104.9,3.8,31.5,7.4,347.6,220.6,211.1,397.7,201.3,217.7,2.1,7.4,146.1,4.9,2.1,4.2,0.0,7.0,5.3,2.4,11.3,10.0,5.8,6.2,4.2,0.0,11.3,4.9,3.6,0.9,0.1,0.8,0.2,8.4,5.0,5.6,10.7,5.4,5.8,0.0,0.2,3.6,37.8,36.8,36.2,36.2,45.2,36.2,36.2,10.5,5.5,1.0,0.8,8.8,13.3,9.1,0.2,29.9,24.2,3.5,52.8,53.4,45.2,0.4,64.6,75.0,95.8,38.6,33.2,45.8,99.4,1600.0,16.00,16,18,18,36,74,560,1,44.5,36.3,40.8,32.8,32.1,31.9,32.8,35.0,33.0,31.8,32.8,32.8,30.8,27.0,1.156,0.994,1.163,6.296,5.155,6.274,6.274,26.518,0.585,0.301,0.103,0.978,1.294,0.804,0.030,6.845,5.125,11.971,26.534,1600.0,1600.0,3615.1,3615.1,4650.0,34.9,10.5,7.0,38.2,193.3,No,No,No,0.164,0.044,0.3,44.0,39.0,37.0,34.5,34.0,37.0,37.0,12.168,5.000,1.002,1.348,1.006,0.798,0.850,1.562,3.356,1.834,1244,755,555,549,1.056,1.261,35,35,43,79.0,100.0,No,No,80704,102356,0.0,0.0,0.0,0.000,0.000,45602,11171,46.4,52.0,54.1,51,52,50,52,52,52,50,50,52,83.0,0.838,12.196,12.263,12.183,12.160,12.180,1160,1159,22.469,7.859,16.306,1.839,8.492,11.260,2.643,16.306,5.298,2.191,6.396,290.000,320.000,1545.0,101.2,1350.0,436.9,1455.0,1290.0,1112.7,72.3,1052.2,0.0,1.0,0.0,0.0,9.0,0.0,0.0,0.0,0.0,0.0,69,69,Yes,No,No,No,No,Yes,No,7.5,7.3,5,0,0,0,0,0,0,0,0,135,0,0,0,0,0,0,0,0,0,0,0,0,0,0,0,0,0,0,0,0,7455,737,568,41,5.0,3.7,5.4,3.0,3.0,3.0,3.0,3.7,5.4,3.0,3.0,3.0,3.0,272.47,333.59,185.06,182.94,334.27,334.27,0.70,271.76,272.47,0.00,111.71,201,6,0.1,0.0,0,0,0.0,0.0,0,
27.8.2026,17:31:59.870,6349,12904,32.9,5289,11021,32.4,2.4,2944,70,1.144,0.956,1.181,1.181,1.181,1.181,1.181,3780.0,3675.0,3620.0,3620.0,4525.0,3620.0,3620.0,100.0,143.2,50.3,14.2,16.9,36.5,339.5,230.6,279.3,417.1,185.0,130.3,9.1,9.1,143.2,7.1,0.1,2.8,5.6,3.3,9.3,7.0,5.7,14.1,3.5,0.0,17.7,15.5,17.7,7.1,3.6,0.7,0.4,0.3,0.9,8.3,5.4,7.5,11.2,4.6,3.3,0.2,0.2,3.6,37.8,36.8,36.2,36.2,45.2,36.2,36.2,4.3,5.6,1.2,1.1,8.7,15.5,6.6,0.5,30.9,5.8,5.6,71.3,53.8,42.0,7.0,63.5,92.9,93.4,20.1,30.7,51.4,92.6,1600.0,16.00,16,18,18,36,74,560,1,44.2,36.6,39.5,32.8,31.9,31.9,33.1,35.3,32.6,31.9,32.8,32.8,33.2,27.2,1.175,0.994,1.181,6.583,5.252,6.579,6.579,27.234,0.578,0.143,0.161,0.986,1.417,0.676,0.084,7.149,5.220,12.369,27.232,1600.0,1600.0,3945.9,3945.9,4650.0,35.8,11.0,7.3,38.5,203.4,No,No,No,0.139,0.065,0.3,44.0,39.0,37.0,34.5,34.0,37.0,37.0,12.168,5.000,1.002,1.348,0.994,0.798,0.850,1.562,3.352,1.834,1192,755,555,549,1.056,1.253,35,35,43,79.0,100.0,No,No,80704,102356,0.0,0.0,0.0,0.000,0.000,45602,11171,46.2,52.0,53.9,50,50,50,50,50,50,50,50,52,83.0,0.838,12.194,12.262,12.180,12.157,12.176,1155,1158,21.545,7.704,15.981,1.815,8.307,11.026,2.581,15.981,5.182,2.187,6.274,290.000,320.000,1545.0,101.2,1350.0,436.9,1455.0,1290.0,1101.8,71.2,1035.6,0.0,1.0,0.0,0.0,9.0,0.0,0.0,0.0,0.0,0.0,69,69,Yes,No,No,No,No,Yes,No,7.3,7.2,5,0,0,0,0,0,0,0,0,135,0,0,0,0,0,0,0,0,0,0,0,0,0,0,0,0,0,0,0,0,7455,737,568,41,5.0,3.5,5.4,2.9,2.9,2.9,2.9,3.5,5.4,2.9,2.9,2.9,2.9,289.10,350.22,185.51,182.78,350.55,350.55,0.70,288.35,289.10,0.00,156.52,201,6,0.5,0.4,0,0,0.0,0.0,0,
27.8.2026,17:32:0.351,6351,12902,32.9,5289,11021,32.4,2.4,2944,70,1.155,0.950,1.181,1.181,1.206,1.206,1.206,3780.0,3675.0,3620.0,3620.0,4525.0,3620.0,3620.0,100.0,159.4,136.4,6.7,30.5,40.6,228.9,120.5,160.9,201.9,528.8,408.1,25.4,24.7,159.4,3.0,0.0,0.0,2.2,0.0,3.5,1.0,1.7,3.0,12.8,10.2,0.0,2.0,12.8,3.0,3.9,1.2,0.2,0.8,1.1,5.8,2.8,3.8,5.5,13.8,10.6,0.6,0.6,3.9,37.8,36.8,36.2,36.2,45.2,36.2,36.2,10.1,5.3,1.4,1.7,6.5,7.7,13.6,0.9,31.3,20.5,17.0,57.1,34.8,45.7,12.6,63.5,78.3,81.4,36.5,57.5,40.7,86.5,1600.0,16.00,16,18,18,36,74,560,1,44.0,36.0,40.8,32.7,31.9,31.9,32.6,33.5,34.2,31.8,32.6,32.6,33.8,28.2,1.163,0.994,1.188,6.408,5.180,6.387,6.387,26.422,0.612,0.304,0.278,0.784,0.780,1.300,0.227,6.955,5.150,12.105,26.702,1600.0,1600.0,3586.0,3586.0,4650.0,35.1,10.6,7.1,37.9,187.8,No,No,No,0.214,0.047,0.3,44.0,39.0,37.0,34.5,34.0,37.0,37.0,12.168,5.000,1.002,1.348,0.996,0.796,0.850,1.562,3.360,1.836,1192,771,556,562,1.056,1.253,35,35,43,79.0,100.0,No,No,80704,102356,0.0,0.0,0.0,0.000,0.000,45602,11171,46.0,52.0,53.7,50,50,50,50,50,48,50,50,50,83.0,0.838,12.200,12.263,12.188,12.164,12.184,1154,1154,21.435,7.715,16.187,1.864,8.373,11.155,2.595,16.187,5.208,2.174,5.690,290.000,320.000,1545.0,101.2,1350.0,384.8,1455.0,1290.0,1114.8,72.3,1054.7,0.0,1.0,0.0,0.0,9.0,0.0,0.1,0.0,0.0,0.0,69,69,Yes,No,No,No,No,Yes,No,7.4,9.0,5,0,0,0,0,0,0,0,0,135,0,0,0,0,0,0,0,0,0,0,0,0,0,0,0,0,0,0,0,0,7455,737,568,41,5.0,3.9,6.0,2.9,2.9,2.9,2.9,3.9,5.9,2.9,2.9,2.9,2.9,258.35,348.71,168.00,166.34,350.55,350.55,0.80,257.57,258.35,0.00,175.71,201,6,0.0,0.0,0,0,0.0,0.0,0,
27.8.2026,17:32:0.857,6352,12901,32.9,5289,11020,32.4,2.4,2944,70,1.118,0.956,1.150,1.150,1.150,1.150,1.150,3780.0,3675.0,3620.0,3620.0,3620.0,4525.0,3620.0,100.0,159.4,45.5,2.5,22.2,6.8,383.4,347.7,259.3,574.5,136.4,124.9,4.8,5.3,159.4,3.8,3.1,0.0,0.0,5.1,7.0,9.1,2.2,8.9,5.1,4.9,0.0,0.0,9.1,3.8,4.1,0.9,0.1,0.6,0.1,9.2,8.4,7.4,15.3,3.4,3.2,0.1,0.1,4.1,37.8,36.8,36.2,36.2,36.2,45.2,36.2,0.7,6.3,1.2,0.8,11.5,18.6,5.4,0.3,38.3,17.3,16.0,76.9,67.4,48.5,3.5,55.4,81.5,83.2,11.6,14.0,46.1,96.3,1600.0,16.00,16,18,18,36,74,560,1,43.9,36.9,39.5,33.0,32.2,32.0,33.8,35.7,32.4,31.9,32.9,32.9,32.0,28.1,1.156,0.994,1.163,7.204,5.301,7.221,7.221,28.416,0.674,0.226,0.188,1.247,1.706,0.613,0.061,7.878,5.268,13.147,28.225,1600.0,1600.0,3975.7,3975.7,4650.0,37.1,12.0,8.0,38.9,192.9,No,No,No,0.136,0.071,0.4,44.0,39.5,37.0,34.5,34.0,37.5,37.0,12.192,5.000,1.002,1.348,0.996,0.796,0.850,1.562,3.352,1.834,1217,757,556,562,1.056,1.261,36,36,43,79.0,100.0,No,No,80704,102356,0.0,0.0,0.0,0.000,0.000,45602,11171,45.8,52.0,53.7,50,50,50,50,50,50,50,50,50,83.0,0.838,12.197,12.262,12.184,12.161,12.181,1151,1152,21.490,7.489,15.828,1.901,8.102,10.872,2.521,15.828,5.060,2.164,5.127,290.000,320.000,1545.0,101.2,1350.0,384.8,1455.0,1290.0,1114.1,72.1,1049.4,0.0,1.0,0.0,0.0,9.0,0.0,0.1,0.0,0.0,0.0,69,69,Yes,No,No,No,No,Yes,No,7.2,7.4,5,0,0,0,0,0,0,0,0,135,0,0,0,0,0,0,0,0,0,0,0,0,0,0,0,0,0,0,0,0,7455,737,568,41,5.0,4.4,8.5,2.6,2.6,2.6,2.6,4.4,8.5,2.6,2.6,2.6,2.6,224.95,379.91,117.29,116.39,383.93,383.93,0.65,224.26,224.95,0.00,171.33,201,6,0.3,0.3,0,0,0.0,0.0,0,
27.8.2026,17:32:1.371,6352,12902,32.9,5288,11022,32.4,2.4,2944,70,1.170,0.956,1.212,1.212,1.212,1.212,1.212,3780.0,3675.0,3620.0,3620.0,4525.0,3620.0,3620.0,100.0,141.2,44.8,1.5,26.6,7.7,148.2,286.7,292.0,536.1,151.7,154.9,13.0,30.7,141.2,5.8,0.0,10.0,0.0,0.0,4.8,5.0,10.9,16.0,2.3,0.0,5.0,15.3,16.0,5.8,3.7,0.8,0.0,0.7,0.2,3.5,7.3,7.8,14.4,4.0,4.1,0.3,0.8,3.7,37.8,36.8,36.2,36.2,45.2,36.2,36.2,10.0,5.6,0.9,0.9,7.4,17.2,6.2,1.2,33.7,6.5,15.2,72.5,56.4,41.0,10.7,60.7,92.6,84.0,20.1,26.4,52.9,88.2,1600.0,16.00,16,18,18,36,74,560,1,43.6,36.6,47.8,32.8,31.8,32.0,32.8,35.6,32.6,32.0,32.7,32.7,31.8,27.6,1.219,0.994,1.231,6.477,5.143,6.462,6.462,26.756,0.582,0.108,0.208,0.859,1.552,0.597,0.165,7.041,5.113,12.155,26.767,1600.0,1600.0,3754.3,3754.3,4650.0,35.2,10.8,7.2,38.5,199.3,No,No,No,0.154,0.041,0.3,43.0,39.5,37.0,34.5,34.0,37.0,37.0,12.192,5.000,1.002,1.348,0.880,0.796,0.850,1.560,3.352,1.836,1217,757,555,549,1.056,1.261,36,36,43,79.0,100.0,No,No,80704,102356,0.0,0.0,0.0,0.000,0.008,45602,11171,45.6,52.0,53.3,50,50,50,50,50,50,50,50,50,83.0,0.838,12.195,12.262,12.182,12.159,12.178,1145,1147,21.549,8.234,17.653,1.999,9.368,11.807,2.764,17.653,5.538,2.167,5.160,290.000,320.000,1545.0,101.2,1350.0,379.3,1455.0,1290.0,1113.0,72.0,1045.4,0.0,1.0,0.0,0.0,9.0,0.0,0.0,0.0,0.0,0.0,69,69,Yes,No,No,No,No,Yes,No,8.0,8.0,5,0,0,0,0,0,0,0,0,135,0,0,0,0,0,0,0,0,0,0,0,0,0,0,0,0,0,0,0,0,7455,737,568,41,5.0,4.4,9.9,2.3,2.2,2.2,2.2,4.4,9.9,2.3,2.2,2.2,2.2,229.11,443.94,100.62,100.19,449.93,449.93,0.75,228.38,229.11,0.00,149.91,201,6,0.0,0.1,0,0,0.0,0.0,0,
27.8.2026,17:32:1.894,6351,12902,32.9,5289,11020,32.4,2.4,2944,70,1.137,0.981,1.169,1.169,1.169,1.169,1.169,3780.0,3675.0,3620.0,3620.0,3620.0,3620.0,4525.0,100.0,158.2,99.1,3.2,20.6,29.8,255.0,154.5,243.3,360.8,461.8,211.0,54.9,4.9,158.2,6.7,0.0,23.1,2.4,23.5,4.3,2.1,1.4,4.1,9.3,6.6,3.2,0.0,23.5,6.7,3.9,0.8,0.1,0.5,0.7,6.3,3.5,6.6,9.8,12.2,5.4,1.4,0.1,3.9,37.8,36.8,36.2,36.2,36.2,36.2,45.2,7.5,5.9,0.9,1.0,6.9,13.6,12.0,1.1,36.0,12.7,11.0,79.0,54.7,45.6,13.2,58.1,86.4,88.1,14.1,31.7,42.5,85.7,1600.0,16.00,16,18,18,36,74,560,1,43.5,36.7,40.8,33.1,32.0,31.9,33.0,35.5,34.1,32.0,32.7,32.7,32.5,27.4,1.156,0.994,1.163,6.923,5.183,6.938,6.938,27.479,0.672,0.214,0.197,0.947,1.363,1.094,0.216,7.573,5.153,12.726,27.485,1600.0,1600.0,3820.3,3820.3,4650.0,36.2,11.6,7.7,38.7,186.4,No,No,No,0.125,0.068,0.4,43.0,39.5,37.0,34.5,34.0,37.5,37.0,12.192,5.000,1.002,1.348,0.918,0.796,0.850,1.562,3.356,1.836,1182,758,556,562,1.056,1.271,36,36,43,79.0,100.0,No,No,80704,102356,0.0,0.0,0.0,0.000,0.000,45602,11171,45.5,50.0,53.1,50,50,50,50,50,50,50,48,52,83.0,0.838,12.194,12.262,12.181,12.158,12.176,1138,1142,21.711,8.105,17.007,1.937,8.977,11.513,2.715,17.007,5.436,2.157,6.197,290.000,320.000,1545.0,101.2,1350.0,379.3,1455.0,1290.0,1352.7,87.7,1276.3,0.0,1.0,0.0,0.0,9.0,0.0,0.0,0.0,0.0,0.0,68,68,Yes,No,No,No,No,Yes,No,7.7,7.8,5,0,0,0,0,0,0,0,0,135,0,0,0,0,0,0,0,0,0,0,0,0,0,0,0,0,0,0,0,0,7455,737,568,41,5.0,3.1,13.4,2.2,2.2,2.2,2.2,3.1,13.5,2.2,2.2,2.2,2.2,322.31,450.27,74.39,67.49,450.28,450.28,0.92,321.36,322.31,0.00,372.08,201,6,0.0,0.0,0,0,0.0,0.0,0,
27.8.2026,17:32:2.385,6370,12883,33.0,5302,11008,32.5,2.4,2944,70,1.202,1.181,1.206,1.206,1.206,1.206,1.206,4223.3,3620.0,4525.0,4525.0,4525.0,4525.0,3620.0,100.0,270.5,119.9,41.8,176.9,105.8,652.7,94.7,302.4,388.5,851.0,346.6,122.6,42.5,270.5,8.6,3.6,8.4,5.9,4.2,16.3,4.0,11.2,13.1,20.1,9.0,4.8,2.9,20.1,8.6,7.0,1.8,1.1,4.7,2.7,17.3,2.4,8.1,10.5,22.2,8.6,3.3,1.1,7.0,42.2,36.2,45.2,45.2,45.2,45.2,36.2,4.7,11.1,2.7,6.5,16.5,14.5,22.1,4.2,37.7,25.3,21.0,54.8,47.2,50.4,27.2,51.3,72.0,72.5,28.7,38.3,27.5,68.6,1600.0,16.00,16,18,18,36,74,560,1,43.4,37.2,43.2,33.7,32.6,32.8,34.1,35.3,34.8,32.7,32.9,32.9,33.2,28.2,1.188,0.994,1.200,8.836,5.268,8.760,8.760,29.522,1.017,0.460,0.659,1.376,1.391,1.688,0.531,9.935,5.237,15.171,30.000,1600.0,1600.0,3890.0,3890.0,4650.0,39.5,14.6,9.7,39.2,161.5,No,No,No,0.385,0.247,0.7,43.0,39.0,37.0,34.5,34.0,37.5,37.0,12.168,5.000,1.002,1.348,0.968,0.796,0.848,1.560,3.352,1.834,1182,758,556,562,1.056,1.271,36,36,43,79.0,100.0,No,No,80704,102356,0.0,0.1,0.1,0.000,0.072,45602,11171,45.4,50.0,53.1,50,50,50,50,50,50,50,50,50,83.0,0.838,12.190,12.259,12.176,12.153,12.172,1136,1134,21.741,8.190,17.288,1.961,9.169,11.727,2.787,17.288,5.572,2.160,5.758,290.000,320.000,1545.0,101.2,1350.0,395.3,1455.0,1290.0,1112.1,71.9,1046.0,0.0,1.0,0.0,0.0,9.0,0.0,0.0,0.0,0.0,0.0,68,68,Yes,No,No,No,No,Yes,No,7.9,7.6,5,0,0,0,0,0,0,0,0,135,0,0,0,0,0,0,0,0,0,0,0,0,0,0,0,0,0,0,0,0,7455,737,568,41,5.0,3.1,17.3,2.1,2.1,2.1,2.1,3.1,17.2,2.1,2.1,2.1,2.1,322.38,466.85,57.69,50.48,467.18,467.18,0.89,321.46,322.38,0.00,400.18,201,6,0.6,0.0,0,0,0.0,0.0,0,
27.8.2026,17:32:2.895,7512,11741,39.0,5750,10560,35.2,2.4,2944,70,1.181,1.181,1.181,1.181,1.181,1.181,1.181,4223.3,3620.0,4525.0,4525.0,3620.0,4525.0,4525.0,100.0,589.2,116.8,47.4,230.7,288.9,325.3,975.9,257.1,441.4,3532.4,579.9,116.4,158.9,589.2,11.1,0.2,2.4,3.7,5.1,5.2,19.8,0.0,5.3,77.5,11.0,1.1,1.9,77.5,11.1,15.5,1.9,1.2,6.0,7.6,8.1,25.4,6.9,11.9,95.2,15.2,3.0,4.1,15.5,42.2,36.2,45.2,45.2,36.2,45.2,45.2,0.0,25.3,3.0,12.2,26.5,15.7,88.5,6.2,55.0,72.8,69.0,73.5,56.2,11.5,47.3,19.6,24.3,18.9,0.0,28.1,0.0,46.5,1600.0,16.00,16,18,18,36,74,560,1,44.8,46.4,43.8,37.2,34.6,34.7,37.7,36.8,45.4,33.9,34.2,34.2,31.8,27.6,1.188,0.994,1.200,15.797,5.533,15.799,20.471,39.587,2.207,0.988,1.493,2.483,1.777,5.584,0.915,18.766,5.498,24.264,39.564,1600.0,1600.0,4525.0,4525.0,4650.0,52.1,26.3,22.7,48.9,141.4,No,No,No,1.709,1.303,1.5,44.0,39.5,37.0,34.5,34.0,37.5,37.0,12.168,5.000,1.004,1.348,1.186,0.796,0.848,1.562,3.352,1.834,1194,773,555,550,1.056,1.266,36,36,43,79.0,100.0,No,No,80704,102356,0.0,0.0,0.0,0.000,0.000,45602,11171,45.2,50.0,52.8,50,50,50,50,50,48,50,50,50,83.0,0.838,12.190,12.260,12.176,12.153,12.172,1128,1129,21.665,7.662,16.168,1.851,8.377,11.217,2.641,16.168,5.296,2.160,5.076,290.000,320.000,1545.0,101.2,1350.0,395.3,1455.0,1290.0,1150.3,74.5,1085.6,0.0,1.0,0.0,0.0,9.0,0.0,0.1,0.0,0.0,0.0,68,68,Yes,No,No,No,No,Yes,No,7.9,8.2,5,0,0,0,0,0,0,0,0,135,0,0,0,0,0,0,0,0,0,0,0,0,0,0,0,0,0,0,0,0,7455,737,568,41,5.0,2.9,17.2,2.0,2.0,2.0,2.0,3.0,17.1,2.0,2.0,2.0,2.0,339.01,499.45,58.08,50.57,500.11,500.11,0.86,338.10,339.01,0.00,428.15,201,6,1.9,0.1,0,0,0.0,0.0,0,
27.8.2026,17:32:3.391,7546,11708,39.1,5795,10514,35.5,2.4,2944,70,1.185,1.181,1.200,1.188,1.181,1.181,1.181,4072.5,3620.0,4525.0,4525.0,3620.0,4525.0,3620.0,100.0,579.5,98.7,24.5,129.9,491.9,325.5,1937.6,258.6,448.6,352.1,2675.4,85.2,126.0,579.5,14.4,3.0,1.8,3.8,12.3,7.5,43.5,12.3,13.8,8.7,58.7,3.1,4.1,58.7,14.4,15.2,1.9,0.6,3.0,12.9,7.6,51.7,7.0,12.2,9.2,70.8,2.2,3.3,15.2,40.7,36.2,45.2,45.2,36.2,45.2,36.2,0.0,24.6,2.5,14.4,49.1,12.5,64.1,4.9,57.4,53.3,82.2,50.9,58.0,35.9,64.2,18.0,44.2,3.4,0.0,29.5,0.0,30.9,1600.0,16.00,16,18,18,36,74,560,1,45.1,44.7,44.0,37.3,35.1,35.4,40.8,36.5,41.8,34.3,34.6,34.6,33.5,28.1,1.163,0.994,1.175,16.045,5.423,16.047,19.825,39.551,2.328,0.781,1.828,3.914,1.618,4.804,1.022,19.031,5.389,24.420,39.610,1600.0,1600.0,4525.0,4525.0,4650.0,52.1,26.7,22.0,47.0,136.1,No,No,No,0.633,0.315,1.5,45.0,39.5,37.0,34.5,34.0,37.5,37.0,12.168,5.000,1.004,1.352,1.186,0.796,0.850,1.560,3.352,1.836,1154,773,555,550,1.056,1.266,36,36,43,79.0,100.0,No,No,80704,102356,0.0,0.0,0.0,0.000,0.015,45602,11171,45.0,50.0,52.7,49,50,48,50,50,48,48,48,50,83.0,0.838,12.192,12.260,12.179,12.155,12.174,1121,1123,21.583,7.824,16.368,1.913,8.476,11.219,2.630,16.368,5.266,3.234,4.938,290.000,320.000,1545.0,101.2,1350.0,398.4,1455.0,1290.0,1156.2,75.2,1049.3,1.0,1.0,0.0,0.0,9.0,0.0,0.0,0.0,0.0,0.0,68,68,Yes,No,No,No,No,Yes,No,7.8,8.3,5,0,0,0,0,0,0,0,0,135,0,0,0,0,0,0,0,0,0,0,0,0,0,0,0,0,0,0,0,0,7455,737,568,41,5.0,3.0,38.5,2.0,2.0,2.0,2.0,3.0,38.0,2.0,2.0,2.0,2.0,338.90,500.31,25.96,17.25,500.31,500.31,0.85,338.03,338.90,0.00,472.48,201,6,0.0,0.0,0,0,0.0,0.0,0,
27.8.2026,17:32:3.898,8739,10514,45.3,6024,10285,36.9,2.4,2944,70,1.193,1.188,1.188,1.188,1.188,1.188,1.219,4072.5,3620.0,4525.0,4525.0,3620.0,4525.0,3620.0,100.0,596.5,197.4,46.3,263.7,284.0,419.4,2116.1,249.9,342.5,375.2,2661.8,118.1,83.7,596.5,12.7,5.4,0.0,6.6,7.3,11.2,47.3,3.5,2.4,8.9,54.2,2.9,2.9,54.2,12.7,15.3,4.8,1.2,6.4,7.2,12.2,56.6,6.7,9.1,9.6,65.4,2.1,2.0,15.3,40.7,36.2,45.2,45.2,36.2,45.2,36.2,0.0,24.1,4.9,12.1,55.1,10.4,58.3,4.0,45.6,32.5,66.1,44.9,32.5,41.7,56.2,30.2,62.6,21.8,0.0,57.1,0.0,39.8,1600.0,16.00,16,18,18,36,74,560,1,46.0,46.2,50.5,37.2,35.1,34.9,41.2,35.5,42.6,33.9,34.5,34.5,33.8,28.2,1.219,0.994,1.238,15.083,5.548,15.083,17.579,38.549,2.057,0.659,1.437,3.883,1.177,4.243,0.943,17.803,5.514,23.317,38.663,1600.0,1600.0,4505.9,4505.9,4650.0,50.9,25.1,19.5,48.6,144.0,No,No,No,0.870,0.510,1.4,45.0,39.5,37.0,34.5,34.0,37.5,37.0,12.168,5.000,1.004,1.348,1.174,0.796,0.848,1.560,3.352,1.836,1154,758,555,549,1.056,1.261,36,36,43,79.0,100.0,No,No,80704,102356,0.0,0.1,0.1,0.000,0.061,45602,11171,46.7,52.0,55.9,50,50,52,50,50,50,50,50,52,83.0,0.838,12.151,12.249,12.133,12.111,12.113,1096,1101,21.497,21.862,41.364,3.344,30.805,29.661,11.228,41.364,22.443,3.017,13.530,290.000,320.000,1545.0,1156.5,1350.0,398.4,1455.0,1290.0,1545.8,1155.4,1455.0,1.0,1.0,0.0,0.0,20.5,0.0,0.0,0.0,0.0,0.0,52,52,Yes,No,No,No,No,Yes,No,22.0,29.3,5,0,0,0,0,0,0,0,0,136,0,0,0,0,0,0,0,0,0,0,0,0,0,0,0,0,0,0,0,0,6514,1678,1509,115,16.0,3.1,39.5,2.0,2.0,2.0,2.0,3.1,39.0,2.0,2.0,2.0,2.0,327.86,499.64,25.30,17.19,500.31,500.31,0.83,326.99,327.86,0.00,472.58,201,6,0.3,0.4,0,0,0.0,0.0,0,
27.8.2026,17:32:4.392,8715,10539,45.2,6018,10291,36.9,2.4,2944,70,1.184,1.169,1.188,1.188,1.188,1.188,1.188,3921.7,3620.0,3620.0,4525.0,4525.0,3620.0,3620.0,100.0,489.5,59.1,12.6,137.3,58.1,144.1,4039.7,455.1,492.5,283.1,69.2,11.9,110.8,489.5,10.9,0.0,0.0,1.3,0.0,0.0,89.0,11.2,14.5,4.6,10.7,0.0,0.0,89.0,10.9,14.4,1.7,0.3,3.6,1.5,3.9,109.1,12.3,13.2,7.5,15.0,1.4,3.0,14.4,39.2,36.2,36.2,45.2,45.2,36.2,36.2,0.0,23.6,1.9,4.8,92.3,20.3,18.3,3.7,37.3,16.2,30.3,7.7,61.7,81.7,26.0,39.2,81.9,64.8,0.0,18.0,0.0,70.3,1600.0,16.00,16,18,18,36,74,560,1,46.1,46.7,47.0,36.9,34.8,33.5,45.3,37.1,37.3,33.5,34.4,34.4,33.8,28.0,1.212,0.994,1.231,12.974,5.994,13.001,16.210,37.936,1.555,0.305,0.590,4.352,1.876,1.856,0.348,15.371,5.957,21.327,37.646,1600.0,1600.0,4525.0,4525.0,4650.0,49.5,21.7,18.0,49.2,161.7,No,No,No,0.409,0.431,1.4,46.0,39.5,37.0,34.5,34.0,37.5,37.0,12.072,4.960,1.004,1.348,1.184,0.796,0.850,1.550,3.312,1.836,1175,756,555,549,1.056,1.261,36,36,43,79.0,100.0,No,No,80704,102356,0.0,0.0,0.0,0.000,0.000,45602,11171,56.0,58.0,65.8,56,56,56,56,56,56,54,56,58,83.0,0.831,12.064,12.142,12.056,12.044,12.014,908,890,57.198,84.501,176.326,30.004,94.823,81.549,15.030,176.326,30.069,30.952,125.428,290.000,320.000,1545.0,1156.5,1365.0,561.1,1470.0,1305.0,1545.3,1155.0,1469.5,100.0,19.0,0.0,0.0,20.5,24.3,97.2,0.0,0.0,0.0,0,0,Yes,No,No,No,No,Yes,No,71.2,71.1,5,0,0,0,0,0,0,0,0,136,0,0,0,0,0,0,0,0,0,0,0,0,0,0,0,0,0,0,0,0,6514,1678,1509,115,16.0,3.9,18.3,2.2,2.1,2.1,2.1,3.9,18.5,2.2,2.1,2.1,2.1,258.67,462.82,54.51,50.76,466.99,466.99,0.66,257.90,258.67,0.00,433.66,201,6,1.3,0.0,0,0,0.0,0.0,0,
27.8.2026,17:32:4.903,8715,10538,45.2,6021,10288,36.9,2.4,2944,70,1.173,1.194,1.169,1.169,1.169,1.169,1.169,3770.8,3620.0,3620.0,4525.0,3620.0,3620.0,3620.0,100.0,565.2,94.0,8.9,61.5,33.2,7.1,4524.4,659.4,266.4,409.6,532.8,58.1,126.7,565.2,12.4,3.1,0.0,2.9,0.0,1.6,100.0,13.4,4.5,10.5,13.3,0.0,0.0,100.0,12.4,15.2,1.7,0.2,1.6,0.8,0.2,122.3,17.8,7.2,10.9,14.3,1.5,3.4,15.2,37.7,36.2,36.2,45.2,36.2,36.2,36.2,0.0,24.8,2.0,2.3,100.0,19.5,20.7,4.2,33.5,15.9,28.9,0.0,61.1,79.3,15.8,41.7,82.1,68.8,0.0,19.4,0.0,80.1,1600.0,16.00,16,18,18,36,74,560,1,46.4,46.6,45.8,36.9,34.9,33.0,46.3,37.5,36.3,33.2,34.2,34.2,34.2,28.8,1.169,0.994,1.175,13.275,5.973,13.289,16.680,37.705,1.594,0.336,0.443,4.615,2.068,1.689,0.411,15.721,5.936,21.657,37.921,1600.0,1600.0,4525.0,4525.0,4650.0,49.9,22.1,18.5,49.0,163.7,No,No,No,0.186,0.188,1.5,46.0,39.5,37.0,34.5,34.0,37.5,37.0,12.096,4.950,1.004,1.348,1.176,0.796,0.848,1.550,3.316,1.836,1175,756,555,560,1.056,1.250,36,36,43,79.0,100.0,No,No,80704,102356,0.0,0.0,0.0,0.000,0.000,45602,11171,57.3,58.0,67.4,58,58,58,58,58,56,56,58,58,83.0,0.831,12.065,12.142,12.055,12.047,12.014,777,647,141.436,83.867,175.800,29.737,94.765,81.401,15.065,175.800,30.129,30.797,121.308,290.000,320.000,1545.0,1156.5,1365.0,561.1,1470.0,1305.0,1545.3,1155.4,1469.9,100.0,21.0,0.0,0.0,20.5,21.2,84.7,0.0,0.0,0.0,0,0,Yes,No,No,No,No,Yes,No,71.0,72.6,5,0,0,0,0,0,0,0,0,136,0,0,0,0,0,0,0,0,0,0,0,0,0,0,0,0,0,0,0,0,6514,1678,1509,115,16.0,3.9,18.5,2.2,2.1,2.1,2.1,3.9,18.5,2.2,2.1,2.1,2.1,258.16,462.18,54.15,50.40,466.34,466.34,0.58,257.70,258.16,0.00,416.33,201,6,0.4,0.5,0,0,0.0,0.0,0,
27.8.2026,17:32:5.408,8715,10539,45.2,6019,10290,36.9,2.4,2944,70,1.184,1.169,1.188,1.188,1.188,1.188,1.188,3770.8,3620.0,3620.0,4525.0,3620.0,3620.0,3620.0,100.0,528.3,51.5,9.6,107.3,86.9,13.4,4524.4,417.6,499.1,396.7,129.5,82.1,21.1,528.3,12.8,0.0,4.5,0.0,0.4,0.0,100.0,7.8,9.6,7.4,1.5,3.3,19.1,100.0,12.8,14.2,1.1,0.2,2.8,2.3,0.4,122.3,11.3,13.5,10.6,3.4,2.2,0.5,14.2,37.7,36.2,36.2,45.2,36.2,36.2,36.2,0.0,23.4,1.5,4.5,100.0,20.1,11.9,2.5,33.6,11.8,15.6,0.0,76.8,88.1,9.3,43.0,86.7,79.9,0.0,3.1,0.0,88.2,1600.0,16.00,16,18,18,36,74,560,1,46.5,46.3,44.8,36.7,34.7,33.2,46.1,37.2,35.9,33.1,34.2,34.2,33.8,28.8,1.169,0.994,1.175,12.890,5.944,12.900,15.187,37.571,1.506,0.246,0.442,4.592,1.979,1.512,0.266,15.218,5.907,21.125,37.387,1600.0,1600.0,4525.0,4525.0,4650.0,49.2,21.5,16.9,48.7,167.8,No,No,No,0.197,0.161,1.4,46.0,39.0,37.0,34.5,34.0,37.5,37.0,12.072,4.960,1.004,1.348,1.180,0.796,0.848,1.550,3.308,1.834,1225,753,555,560,1.056,1.250,36,36,43,79.0,100.0,No,No,80704,102356,0.0,0.0,0.0,0.000,0.000,45602,11171,57.9,60.0,68.2,58,58,58,58,58,58,56,58,60,83.0,0.831,12.064,12.143,12.054,12.044,12.014,0,599,207.586,84.718,176.652,29.933,95.129,81.745,15.090,176.652,30.192,31.037,126.029,290.000,320.000,1545.0,1156.5,1365.0,1544.4,1470.0,1305.0,1544.5,1155.1,1469.4,100.0,20.0,0.0,0.0,20.5,25.0,100.0,0.0,0.0,0.0,0,0,Yes,No,No,No,No,Yes,No,71.3,72.4,5,0,0,0,0,0,0,0,0,136,0,0,0,0,0,0,0,0,0,0,0,0,0,0,0,0,0,0,0,0,6514,1678,1509,115,16.0,3.6,8.3,2.3,2.3,2.3,2.3,3.6,8.3,2.3,2.3,2.3,2.3,275.13,430.11,120.15,117.30,433.27,433.27,0.63,274.47,275.13,0.00,349.99,201,6,0.0,0.0,0,0,0.0,0.0,0,
27.8.2026,17:32:5.915,8715,10538,45.2,6021,10288,36.9,2.4,2944,70,1.239,1.244,1.238,1.238,1.238,1.238,1.238,3875.0,3720.0,3720.0,4650.0,3720.0,3720.0,3720.0,100.0,524.6,73.5,27.9,64.7,95.6,5.1,4599.4,235.3,493.3,366.9,244.3,57.9,31.0,524.6,12.4,2.4,0.0,5.8,3.7,1.4,99.7,3.5,14.3,10.4,7.5,0.0,0.0,99.7,12.4,14.1,1.1,0.7,1.7,2.5,0.1,124.3,6.3,13.3,9.8,6.5,1.5,0.8,14.1,38.8,37.2,37.2,46.5,37.2,37.2,37.2,0.0,23.6,2.0,4.0,99.7,18.1,15.3,2.6,35.3,14.0,24.7,0.3,77.1,84.7,11.1,41.1,84.1,71.3,0.0,4.9,0.0,86.3,1600.0,16.00,16,18,18,36,74,560,1,47.2,48.2,49.0,37.2,35.2,33.5,48.2,36.7,36.5,33.0,34.5,34.5,34.0,29.5,1.256,0.994,1.269,14.277,5.955,14.263,16.478,39.557,1.687,0.319,0.565,5.239,1.918,1.779,0.304,17.524,5.918,23.441,39.669,1600.0,1600.0,4614.9,4614.9,4650.0,52.2,23.8,18.3,50.8,172.2,No,No,No,0.193,0.184,1.4,47.0,39.5,37.0,34.5,34.0,37.0,37.0,12.072,4.960,1.004,1.348,1.184,0.798,0.848,1.550,3.308,1.834,1225,753,552,547,1.056,1.240,36,36,43,79.0,100.0,No,No,80704,102356,0.0,0.0,0.0,0.000,0.000,45602,11171,58.3,60.0,68.5,58,58,58,58,60,58,58,58,60,83.0,0.831,12.068,12.146,12.058,12.048,12.018,0,0,207.437,85.131,177.472,29.965,95.732,82.105,15.178,177.472,30.368,31.368,126.519,290.000,320.000,1545.0,1156.5,1365.0,1544.4,1470.0,1305.0,1545.8,1154.9,1470.6,100.0,20.0,0.0,0.0,20.5,24.3,97.1,0.0,0.0,0.0,0,0,Yes,No,No,No,No,Yes,No,71.7,73.0,5,0,0,0,0,0,0,0,0,136,0,0,0,0,0,0,0,0,0,0,0,0,0,0,0,0,0,0,0,0,6514,1678,1509,115,16.0,4.7,8.6,2.5,2.5,2.5,2.5,4.7,8.6,2.5,2.5,2.5,2.5,211.19,394.13,116.82,116.82,399.78,399.78,0.39,210.79,211.19,0.00,294.25,201,6,0.7,0.8,0,0,0.0,0.0,0,
27.8.2026,17:32:6.430,8712,10541,45.2,6008,10301,36.8,2.4,2944,70,1.244,1.244,1.244,1.244,1.244,1.244,1.244,3875.0,3720.0,3720.0,4650.0,3720.0,3720.0,3720.0,100.0,534.7,64.3,10.4,80.3,70.8,5.0,4649.4,129.9,363.7,555.4,370.1,73.2,43.5,534.7,13.4,0.0,16.8,3.4,3.2,0.0,100.0,4.8,0.0,13.3,8.3,6.1,5.3,100.0,13.4,14.4,1.3,0.3,2.1,1.8,0.1,125.7,3.5,9.8,14.8,9.9,1.9,1.1,14.4,38.8,37.2,37.2,46.5,37.2,37.2,37.2,0.0,23.5,1.7,3.9,100.0,13.0,19.7,3.1,33.3,18.7,29.0,0.0,63.0,80.3,9.0,43.1,79.6,67.1,0.0,24.0,0.0,87.9,1600.0,16.00,16,18,18,36,74,560,1,48.1,49.5,49.0,37.5,35.7,33.3,49.4,35.7,37.9,33.1,34.8,34.8,34.0,29.1,1.244,0.994,1.250,14.193,5.973,14.202,16.910,39.969,1.767,0.403,0.607,5.568,1.523,2.169,0.334,17.707,5.935,23.642,39.905,1600.0,1600.0,4650.0,4650.0,4650.0,52.5,23.7,18.8,52.1,166.5,No,No,No,0.222,0.146,1.4,47.0,39.5,37.0,34.5,34.0,37.5,37.0,12.072,4.960,1.004,1.348,1.242,0.798,0.848,1.550,3.312,1.836,1202,768,552,559,1.056,1.240,36,36,43,79.0,100.0,No,No,80704,102356,0.0,0.0,0.0,0.000,0.000,45602,11171,58.7,60.0,68.7,60,60,60,58,60,60,58,60,60,83.0,0.831,12.067,12.146,12.058,12.046,12.016,0,0,208.071,84.288,176.464,29.855,95.028,81.587,15.009,176.464,30.026,31.046,123.110,290.000,320.000,1545.0,1156.5,1365.0,1544.7,1470.0,1305.0,1545.3,1155.5,1469.8,100.0,20.0,0.0,0.0,20.5,25.0,100.0,0.0,0.0,0.0,0,0,Yes,No,No,No,No,Yes,No,71.2,69.4,5,0,0,0,0,0,0,0,0,136,0,0,0,0,0,0,0,0,0,0,0,0,0,0,0,0,0,0,0,0,6514,1678,1509,115,16.0,4.6,8.5,2.6,2.6,2.6,2.6,4.6,8.5,2.6,2.6,2.6,2.6,216.76,378.64,117.48,116.88,383.31,383.31,0.45,216.33,216.76,0.00,260.98,201,6,16.5,1.9,0,0,0.0,0.0,0,
27.8.2026,17:32:6.920,8716,10537,45.2,6014,10295,36.8,2.4,2944,70,1.244,1.244,1.244,1.244,1.244,1.244,1.244,3875.0,3720.0,3720.0,4650.0,3720.0,3720.0,3720.0,100.0,532.0,330.6,259.8,155.7,46.5,40.6,4260.8,68.6,207.4,604.1,235.2,141.4,33.8,532.0,16.0,7.2,13.1,4.9,2.0,20.9,91.8,2.7,13.9,16.2,7.1,7.3,4.6,91.8,16.0,14.1,6.4,7.0,4.1,1.2,1.0,115.1,1.8,5.6,16.1,6.3,3.7,0.9,14.1,38.8,37.2,37.2,46.5,37.2,37.2,37.2,0.0,23.0,8.8,5.2,92.2,6.7,20.6,4.6,38.4,50.0,33.1,7.8,28.7,79.4,31.5,38.6,41.2,61.7,0.0,64.6,0.0,63.9,1600.0,16.00,16,18,18,36,74,560,1,48.8,49.4,50.0,37.5,37.7,33.5,48.8,34.2,37.7,33.2,34.8,34.8,33.5,28.7,1.237,0.994,1.250,14.364,6.005,14.356,16.988,40.002,1.801,1.304,0.735,5.258,0.793,2.091,0.626,17.840,5.968,23.807,40.064,1600.0,1600.0,4618.5,4618.5,4650.0,52.7,23.9,18.9,52.0,164.4,No,No,No,0.254,0.313,1.4,48.0,39.0,37.5,34.5,34.0,37.0,37.0,12.072,4.960,1.004,1.348,1.188,0.796,0.848,1.550,3.308,1.836,1202,768,552,559,1.056,1.241,36,36,44,79.0,100.0,No,No,80704,102356,0.0,0.0,0.0,0.000,0.000,45602,11171,58.7,60.0,68.7,60,60,58,60,60,60,58,60,60,83.0,0.831,12.066,12.146,12.058,12.045,12.015,0,0,202.744,85.041,177.553,30.098,95.647,82.089,15.151,177.553,30.309,30.939,126.029,290.000,320.000,1545.0,1156.5,1365.0,1544.2,1470.0,1305.0,1544.9,1155.0,1470.0,100.0,24.0,0.0,0.0,20.5,24.6,98.3,0.0,0.0,0.0,0,0,Yes,No,No,No,No,Yes,No,71.7,71.6,5,0,0,0,0,0,0,0,0,136,0,0,0,0,0,0,0,0,0,0,0,0,0,0,0,0,0,0,0,0,6514,1678,1509,115,16.0,4.4,6.6,2.8,2.7,2.7,2.7,4.4,6.7,2.8,2.7,2.7,2.7,227.78,362.31,150.48,150.18,366.29,366.29,0.62,227.07,227.78,0.00,216.49,201,6,48.8,3.2,0,0,0.0,0.0,0,
27.8.2026,17:32:7.415,8715,10538,45.2,6012,10297,36.8,2.4,2944,70,1.239,1.244,1.238,1.238,1.238,1.238,1.238,3875.0,3720.0,3720.0,4650.0,3720.0,3720.0,3720.0,100.0,535.9,144.3,87.8,84.7,42.3,2624.5,2016.6,210.6,552.5,378.3,177.5,50.4,60.6,535.9,12.6,2.6,0.0,3.2,0.0,58.1,40.4,9.4,18.2,11.0,5.7,2.3,0.0,58.1,12.6,14.2,1.5,2.4,2.2,1.1,70.9,54.5,5.7,14.9,10.1,4.8,1.2,1.6,14.2,38.8,37.2,37.2,46.5,37.2,37.2,37.2,0.0,23.9,3.9,3.1,99.6,19.5,14.3,2.7,36.4,15.4,19.9,0.4,62.3,83.1,37.4,39.7,80.7,77.0,0.0,18.2,2.5,59.9,1600.0,16.00,16,18,18,36,74,560,1,49.1,49.6,48.5,37.7,36.3,33.3,49.6,36.7,36.9,33.7,34.9,34.9,34.0,28.3,1.231,0.994,1.244,14.833,5.945,14.809,17.982,40.669,1.835,0.522,0.465,5.594,1.961,1.831,0.636,18.549,5.908,24.458,40.680,1600.0,1600.0,4649.9,4649.9,4650.0,53.5,24.7,20.0,52.2,168.1,No,No,No,0.214,0.165,1.4,49.0,39.5,37.5,34.5,34.0,37.0,37.5,12.072,4.970,1.004,1.348,1.248,0.798,0.848,1.552,3.308,1.834,1252,750,551,559,1.056,1.241,36,36,44,79.0,100.0,No,No,80704,102356,0.0,0.0,0.0,0.000,0.000,45602,11171,59.2,62.0,69.4,60,58,60,60,62,60,58,60,60,83.0,0.831,12.064,12.143,12.056,12.044,12.013,0,0,202.661,83.791,175.882,29.763,94.772,81.402,15.041,175.882,30.086,30.974,120.315,290.000,320.000,1545.0,1156.5,1365.0,1544.2,1470.0,1305.0,1544.6,1155.1,1469.4,100.0,19.0,0.0,0.0,20.5,24.4,97.8,0.0,0.0,0.0,68,68,Yes,No,No,No,No,Yes,No,71.0,71.9,5,0,0,0,0,0,0,0,0,136,0,0,0,0,0,0,0,0,0,0,0,0,0,0,0,0,0,0,0,0,6514,1678,1509,115,16.0,4.3,6.0,2.9,2.9,2.9,2.9,4.3,6.0,2.9,2.9,2.9,2.9,233.51,346.50,167.23,166.92,349.82,349.82,0.48,232.90,233.51,0.00,183.08,201,6,0.1,0.0,0,0,0.0,0.0,0,
27.8.2026,17:32:7.927,8714,10539,45.2,6011,10298,36.8,2.4,2944,70,1.185,1.206,1.181,1.181,1.181,1.181,1.181,3770.8,3620.0,3620.0,3620.0,3620.0,4525.0,3620.0,100.0,539.0,89.3,31.9,116.5,60.7,2536.8,229.5,279.5,607.9,2256.6,102.8,47.6,109.4,539.0,11.2,0.0,0.0,0.0,0.0,53.7,8.8,2.5,13.0,52.2,0.6,0.0,3.8,53.7,11.2,14.4,1.5,0.8,3.1,1.6,68.5,6.2,7.5,16.4,60.9,2.7,1.2,2.9,14.4,37.7,36.2,36.2,36.2,36.2,45.2,36.2,0.0,24.3,2.3,4.3,59.8,22.1,53.5,4.1,34.8,12.1,15.6,40.2,61.3,43.3,36.3,40.8,85.6,80.1,0.0,16.6,3.2,59.6,1600.0,16.00,16,18,18,36,74,560,1,49.0,48.2,42.5,37.5,34.9,33.4,43.7,37.7,41.3,33.9,34.6,34.6,33.5,28.5,1.188,0.994,1.194,14.575,5.990,14.606,17.433,40.126,1.744,0.320,0.466,3.816,2.157,3.039,0.667,17.825,5.952,23.777,40.076,1600.0,1600.0,4599.2,4599.2,4650.0,52.7,24.3,19.4,50.7,169.6,No,No,No,0.202,0.189,1.5,49.0,39.0,37.5,34.5,34.0,37.0,37.5,12.072,4.960,1.004,1.348,1.242,0.798,0.848,1.550,3.308,1.836,1248,750,551,559,1.056,1.262,36,36,43,79.0,100.0,No,No,80704,102356,0.0,0.2,0.2,0.000,0.113,45602,11171,59.5,62.0,69.5,60,60,60,60,62,60,58,60,60,83.0,0.831,12.058,12.124,12.056,12.043,12.010,0,0,202.711,87.282,184.255,35.099,96.813,83.094,15.385,184.255,30.785,31.049,124.804,290.000,320.000,1545.0,1156.5,1365.0,1544.7,1470.0,1305.0,1545.2,1155.3,1470.4,100.0,20.0,0.0,0.0,20.5,24.2,96.9,0.0,0.0,0.0,68,68,Yes,No,No,No,No,Yes,No,74.2,73.7,5,0,0,0,0,0,0,0,0,136,0,0,0,0,0,0,0,0,0,0,0,0,0,0,0,0,0,0,0,0,6514,1678,1509,115,16.0,4.3,5.4,3.2,3.2,3.2,3.2,4.3,5.4,3.2,3.2,3.2,3.2,233.38,313.82,184.16,183.86,316.14,316.14,0.58,232.68,233.38,0.00,138.49,201,6,7.0,0.0,0,0,0.0,0.0,0,
27.8.2026,17:32:8.423,8715,10538,45.2,6013,10296,36.8,2.4,2944,70,1.244,1.244,1.244,1.244,1.244,1.244,1.244,3875.0,3720.0,3720.0,4650.0,3720.0,3720.0,3720.0,100.0,528.3,74.8,20.5,165.2,60.3,4575.4,6.1,308.0,486.7,309.2,246.6,52.2,35.0,528.3,14.4,2.6,27.9,0.0,5.6,100.0,0.0,8.0,10.2,6.2,7.7,2.5,2.0,100.0,14.4,14.2,1.4,0.5,4.4,1.6,123.6,0.2,8.3,13.1,8.3,6.6,1.3,0.9,14.2,38.8,37.2,37.2,46.5,37.2,37.2,37.2,0.0,23.7,2.0,5.9,99.7,18.3,14.0,2.3,39.0,12.2,27.1,0.3,80.3,86.0,28.2,37.3,85.7,67.0,0.0,1.4,0.0,69.5,1600.0,16.00,16,18,18,36,74,560,1,49.0,47.5,49.2,37.1,35.0,33.6,47.3,36.8,36.6,33.4,34.5,34.5,31.8,27.9,1.237,0.994,1.250,14.051,5.979,14.037,16.959,39.067,1.674,0.306,0.657,5.017,1.911,1.697,0.458,17.043,5.941,22.985,39.210,1600.0,1600.0,4576.9,4576.9,4650.0,51.6,23.4,18.8,50.0,168.9,No,No,No,0.208,0.168,1.4,49.0,39.5,37.5,34.5,34.5,37.0,37.5,12.072,4.960,1.004,1.348,1.176,0.798,0.848,1.550,3.308,1.836,1248,749,551,546,1.056,1.262,36,36,43,79.0,100.0,No,No,80704,102356,0.0,0.0,0.0,0.000,0.000,45602,11171,59.7,62.0,69.7,61,62,60,60,62,60,60,60,62,83.0,0.831,12.059,12.132,12.054,12.042,12.009,1314,1323,209.937,86.166,180.153,31.787,96.313,82.608,15.299,180.153,30.599,31.449,127.129,290.000,320.000,1545.0,1156.5,1365.0,1544.7,1470.0,1305.0,1545.3,1155.1,1470.1,100.0,21.0,0.0,0.0,20.5,24.6,98.4,0.0,0.0,0.0,69,69,Yes,No,No,No,No,Yes,No,71.7,70.5,5,0,0,0,0,0,0,0,0,136,0,0,0,0,0,0,0,0,0,0,0,0,0,0,0,0,0,0,0,0,6514,1678,1509,115,16.0,4.0,5.0,3.3,3.3,3.3,3.3,4.0,5.0,3.3,3.3,3.3,3.3,250.14,298.87,201.17,200.26,299.86,299.86,0.60,249.48,250.14,0.00,88.62,201,6,0.0,0.0,0,0,0.0,0.0,0,
27.8.2026,17:32:8.927,8717,10537,45.2,6017,10293,36.8,2.4,2944,70,1.249,1.244,1.250,1.250,1.250,1.250,1.250,3875.0,3720.0,3720.0,4650.0,3720.0,3720.0,3720.0,100.0,530.1,94.7,7.7,95.7,42.5,4486.4,33.0,34.3,620.1,521.4,313.4,75.6,36.5,530.1,10.8,2.6,0.0,2.5,1.1,96.5,0.8,0.0,1.3,13.9,8.3,1.9,1.0,96.5,10.8,14.3,2.6,0.2,2.5,1.1,121.2,0.8,0.9,16.7,13.9,8.3,1.9,0.9,14.3,38.8,37.2,37.2,46.5,37.2,37.2,37.2,0.0,24.2,2.8,3.6,97.1,17.5,21.2,2.9,33.3,10.6,19.1,2.9,57.2,78.8,30.9,42.6,86.6,77.3,0.0,25.4,0.0,66.2,1600.0,16.00,16,18,18,36,74,560,1,49.1,48.8,49.5,37.5,35.5,33.3,48.7,36.8,37.3,33.6,34.8,34.8,33.5,28.7,1.256,0.994,1.269,14.694,5.946,14.699,17.736,40.499,1.791,0.325,0.488,5.421,1.876,2.038,0.601,18.286,5.909,24.195,40.464,1600.0,1600.0,4638.9,4638.9,4650.0,53.2,24.5,19.7,51.3,169.6,No,No,No,0.230,0.282,1.4,49.0,39.5,37.5,34.5,34.5,37.5,37.5,12.072,4.960,1.004,1.348,1.242,0.794,0.848,1.550,3.312,1.836,1301,749,551,546,1.056,1.256,36,36,44,79.0,100.0,No,No,80704,102356,0.0,0.0,0.0,0.000,0.000,45602,11171,59.4,62.0,69.6,60,60,60,60,62,60,58,60,60,83.0,0.831,12.062,12.140,12.056,12.042,12.010,1038,965,210.790,84.431,176.676,30.035,95.444,81.919,15.373,176.676,30.748,31.184,121.827,290.000,320.000,1545.0,1156.5,1365.0,1544.2,1470.0,1305.0,1545.4,1155.4,1470.2,87.0,19.0,0.0,0.0,20.5,23.1,92.2,0.0,0.0,0.0,69,69,Yes,No,No,No,No,Yes,No,71.5,71.6,5,0,0,0,0,0,0,0,0,136,0,0,0,0,0,0,0,0,0,0,0,0,0,0,0,0,0,0,0,0,6514,1678,1509,115,16.0,3.9,4.0,3.8,3.7,3.7,3.7,3.9,4.0,3.8,3.8,3.8,3.8,255.60,266.49,249.59,249.57,266.82,266.82,0.63,254.93,255.60,0.00,22.46,201,6,0.3,0.4,0,0,0.0,0.0,0,
27.8.2026,17:32:9.424,8717,10536,45.2,6019,10291,36.9,2.4,2944,70,1.254,1.244,1.256,1.256,1.256,1.256,1.256,3875.0,3720.0,3720.0,4650.0,3720.0,3720.0,3720.0,100.0,529.6,75.1,25.3,113.1,40.2,4649.5,4.7,178.8,583.4,374.8,231.8,58.7,19.6,529.6,16.0,0.2,17.8,15.4,0.2,100.0,0.0,17.0,26.5,9.3,5.4,0.7,0.0,100.0,16.0,14.2,1.0,0.7,3.0,1.0,125.7,0.1,4.8,15.8,10.0,6.2,1.4,0.5,14.2,38.8,37.2,37.2,46.5,37.2,37.2,37.2,0.0,23.9,1.7,4.1,100.0,20.4,15.2,2.1,38.3,12.8,23.5,0.0,73.0,82.2,38.2,37.8,85.5,72.4,0.0,6.6,2.6,59.7,1600.0,16.00,16,18,18,36,74,560,1,49.2,49.4,49.2,37.8,35.6,33.5,49.4,37.4,37.1,33.8,34.9,34.9,34.0,28.5,1.256,0.994,1.269,14.786,5.939,14.785,17.915,40.677,1.850,0.338,0.557,5.576,2.127,1.861,0.638,18.468,5.902,24.370,40.623,1600.0,1600.0,4650.0,4650.0,4650.0,53.5,24.6,19.9,52.1,165.9,No,No,No,0.207,0.180,1.4,49.0,39.5,37.5,34.5,34.5,37.5,37.5,12.072,4.960,1.004,1.348,1.242,0.796,0.848,1.550,3.312,1.836,1301,747,552,546,1.056,1.256,36,36,44,79.0,100.0,No,No,80704,102356,0.0,0.0,0.0,0.000,0.000,45602,11171,59.9,62.0,70.1,60,60,60,62,62,60,60,60,60,83.0,0.831,12.066,12.145,12.057,12.047,12.014,934,844,205.204,85.225,178.336,30.509,96.018,82.293,15.246,178.336,30.507,30.738,125.047,290.000,320.000,1545.0,1156.5,1365.0,1544.2,1470.0,1305.0,1544.7,1155.4,1470.6,100.0,22.0,0.0,0.0,20.5,24.5,97.9,0.0,0.0,0.0,69,69,Yes,No,No,No,No,Yes,No,72.0,71.8,5,0,0,0,0,0,0,0,0,136,0,0,0,0,0,0,0,0,0,0,0,0,0,0,0,0,0,0,0,0,6514,1678,1509,115,16.0,3.7,4.3,3.3,3.3,3.3,3.3,3.8,4.3,3.3,3.3,3.3,3.3,266.73,299.45,233.93,233.33,300.12,300.12,0.55,266.04,266.73,0.00,39.10,201,6,0.4,0.3,0,0,0.0,0.0,0,
27.8.2026,17:32:9.918,8717,10536,45.2,6018,10291,36.8,2.4,2944,70,1.244,1.244,1.244,1.244,1.244,1.244,1.244,3875.0,3720.0,3720.0,4650.0,3720.0,3720.0,3720.0,100.0,523.9,95.4,37.1,96.4,22.6,4649.6,4.8,216.6,570.6,338.2,144.1,83.2,27.7,523.9,12.3,2.7,2.2,0.7,1.8,100.0,1.4,7.0,13.8,7.3,5.0,3.4,2.0,100.0,12.3,14.0,1.4,1.0,2.5,0.6,125.7,0.1,5.8,15.4,9.0,3.8,2.1,0.7,14.0,38.8,37.2,37.2,46.5,37.2,37.2,37.2,0.0,23.6,2.5,3.1,100.0,20.7,12.6,2.9,33.0,11.5,20.8,0.0,68.7,68.6,28.2,43.4,86.0,76.2,0.0,10.5,18.7,68.8,1600.0,16.00,16,18,18,36,74,560,1,49.4,49.5,49.2,37.6,35.7,33.3,49.5,37.2,36.1,33.7,34.9,34.9,34.0,28.5,1.244,0.994,1.250,14.458,5.986,14.472,17.361,40.270,1.761,0.345,0.483,5.579,2.066,1.538,0.553,18.056,5.949,24.005,40.276,1600.0,1600.0,4650.0,4650.0,4650.0,53.0,24.1,19.3,52.1,170.3,No,No,No,0.193,0.189,1.4,49.0,39.5,37.5,34.5,34.5,37.5,37.5,12.072,4.960,1.004,1.348,1.242,0.796,0.848,1.550,3.312,1.836,1310,748,552,546,1.056,1.251,36,36,44,79.0,100.0,No,No,80704,102356,0.0,0.0,0.0,0.000,0.000,45602,11171,60.1,62.0,70.2,61,60,62,62,62,60,60,60,62,83.0,0.831,12.060,12.137,12.053,12.042,12.009,947,871,204.191,85.823,179.580,30.913,96.387,82.691,15.215,179.580,30.436,31.101,126.502,290.000,320.000,1545.0,1156.5,1365.0,1544.7,1470.0,1305.0,1545.7,1155.6,1469.7,100.0,20.0,0.0,0.0,20.5,23.5,93.9,0.0,0.0,0.0,69,69,Yes,No,No,No,No,Yes,No,72.4,70.8,5,0,0,0,0,0,0,0,0,136,0,0,0,0,0,0,0,0,0,0,0,0,0,0,0,0,0,0,0,0,6514,1678,1509,115,16.0,3.7,5.0,3.2,3.2,3.2,3.2,3.7,4.9,3.2,3.2,3.2,3.2,272.28,316.50,201.88,200.08,316.83,316.83,0.61,271.59,272.28,0.00,94.48,201,6,0.4,0.5,0,0,0.0,0.0,0,
27.8.2026,17:32:10.429,8715,10538,45.2,6015,10295,36.8,2.4,2944,70,1.239,1.244,1.238,1.238,1.238,1.238,1.238,3875.0,3720.0,3720.0,4650.0,3720.0,3720.0,3720.0,100.0,538.6,154.4,119.3,92.2,80.7,4649.1,4.8,179.1,345.6,453.2,279.7,67.6,37.2,538.6,11.7,0.0,1.5,3.7,0.0,100.0,0.0,3.2,13.1,13.3,5.9,0.0,0.0,100.0,11.7,14.2,1.0,3.2,2.4,2.1,125.6,0.1,4.8,9.3,12.2,7.5,1.7,1.0,14.2,38.8,37.2,37.2,46.5,37.2,37.2,37.2,0.0,23.0,4.1,4.6,100.0,11.2,15.2,2.8,33.6,22.2,24.8,0.0,44.1,66.4,44.4,43.4,73.7,70.7,0.0,44.7,18.4,52.8,1600.0,16.00,16,18,18,36,74,560,1,49.5,49.6,48.8,37.5,36.5,33.4,49.6,35.2,36.9,33.6,34.8,34.8,33.2,28.1,1.231,0.994,1.244,14.232,5.984,14.204,16.777,39.985,1.755,0.617,0.585,5.574,1.250,1.772,0.730,17.774,5.947,23.720,39.936,1600.0,1600.0,4650.0,4650.0,4650.0,52.5,23.7,18.6,52.2,168.4,No,No,No,0.198,0.161,1.4,49.0,39.0,37.5,34.5,34.5,37.5,37.5,12.072,4.950,1.004,1.348,1.242,0.794,0.848,1.550,3.312,1.834,1310,748,551,559,1.056,1.251,36,36,44,79.0,100.0,No,No,80704,102356,0.0,0.0,0.0,0.000,0.000,45602,11171,60.3,62.0,70.6,61,60,62,62,62,60,62,60,62,83.0,0.831,12.064,12.142,12.056,12.045,12.014,1007,949,209.250,86.032,180.253,30.913,96.777,83.084,15.270,180.253,30.550,30.961,126.225,290.000,320.000,1545.0,1156.5,1365.0,1544.7,1470.0,1305.0,1545.4,1155.2,1469.8,100.0,23.0,0.0,0.0,20.5,25.0,100.0,0.0,0.0,0.0,70,70,Yes,No,No,No,No,Yes,No,72.7,73.3,5,0,0,0,0,0,0,0,0,136,0,0,0,0,0,0,0,0,0,0,0,0,0,0,0,0,0,0,0,0,6514,1678,1509,115,16.0,3.4,5.9,2.5,2.5,2.5,2.5,3.4,5.9,2.5,2.5,2.5,2.5,294.34,398.08,169.44,166.73,399.74,399.74,0.75,293.56,294.34,0.00,166.89,201,6,0.4,0.0,0,0,0.0,0.0,0,
27.8.2026,17:32:10.917,8718,10535,45.2,6018,10292,36.8,2.4,2944,70,1.246,1.256,1.244,1.244,1.244,1.244,1.244,3875.0,3720.0,3720.0,4650.0,3720.0,3720.0,3720.0,100.0,544.3,102.7,22.3,50.6,90.5,4634.0,10.8,405.1,645.7,292.6,127.4,136.9,13.5,544.3,13.9,3.0,1.5,2.2,8.8,99.7,1.1,14.2,18.1,8.6,4.3,4.4,1.2,99.7,13.9,14.6,2.1,0.6,1.3,2.4,125.2,0.3,10.9,17.5,7.8,3.4,3.6,0.3,14.6,38.8,37.2,37.2,46.5,37.2,37.2,37.2,0.0,24.2,2.7,3.8,99.7,24.2,10.7,4.0,30.1,15.4,12.7,0.3,62.0,65.9,24.0,45.8,81.9,83.5,0.0,13.8,23.5,72.0,1600.0,16.00,16,18,18,36,74,560,1,49.5,49.3,50.8,37.5,35.7,33.3,49.3,37.4,35.9,33.6,34.8,34.8,34.0,29.0,1.256,0.994,1.269,14.796,6.003,14.782,17.651,40.180,1.779,0.397,0.429,5.548,2.329,1.432,0.542,18.469,5.965,24.435,40.667,1600.0,1600.0,4649.7,4649.7,4650.0,53.5,24.6,19.6,51.9,172.2,No,No,No,0.186,0.190,1.5,49.0,39.5,37.5,34.5,34.5,37.5,37.5,12.072,4.960,1.004,1.348,1.246,0.796,0.848,1.550,3.312,1.836,1308,747,550,559,1.056,1.239,36,36,44,79.0,100.0,No,No,80704,102356,0.0,0.0,0.0,0.000,0.088,45602,11171,60.3,62.0,70.4,62,62,62,62,62,60,62,60,62,83.0,0.831,12.066,12.144,12.057,12.048,12.014,1059,1021,209.690,85.268,179.160,30.724,96.315,82.769,15.330,179.160,30.665,30.935,122.357,290.000,320.000,1545.0,1156.5,1365.0,1544.7,1470.0,1305.0,1545.4,1155.2,1470.2,100.0,21.0,0.0,0.0,20.5,25.0,100.0,0.0,0.0,0.0,70,70,Yes,No,No,No,No,Yes,No,72.4,73.2,5,0,0,0,0,0,0,0,0,136,0,0,0,0,0,0,0,0,0,0,0,0,0,0,0,0,0,0,0,0,6514,1678,1509,115,16.0,3.3,9.4,2.5,2.5,2.5,2.5,3.3,9.4,2.5,2.5,2.5,2.5,300.15,400.52,106.17,100.77,400.53,400.53,0.78,299.34,300.15,0.00,277.71,201,6,3.1,0.4,0,0,0.0,0.0,0,
27.8.2026,17:32:11.429,8737,10516,45.3,6028,10281,36.9,2.4,2944,70,1.238,1.244,1.256,1.256,1.256,1.206,1.206,3875.0,3720.0,3720.0,4650.0,3720.0,3720.0,3720.0,100.0,526.2,70.4,17.2,97.8,35.6,4463.8,16.9,255.0,627.3,396.3,223.1,98.7,11.9,526.2,12.2,2.5,1.5,0.6,2.0,96.1,1.5,5.0,17.7,10.7,4.1,3.6,1.4,96.1,12.2,14.1,1.4,0.4,2.5,0.9,120.6,0.4,6.9,16.9,10.1,6.0,2.5,0.3,14.1,38.8,37.2,37.2,46.5,37.2,37.2,37.2,0.0,23.7,1.9,3.5,96.4,22.2,15.4,2.9,40.8,10.3,32.4,3.6,74.4,77.2,47.0,35.5,87.7,64.1,0.0,3.4,7.4,50.0,1600.0,16.00,16,18,18,36,74,560,1,49.6,49.0,49.2,37.9,35.6,33.7,49.0,37.8,36.8,34.2,35.0,35.0,34.2,28.6,1.256,0.994,1.269,14.851,5.997,14.825,18.065,40.707,1.872,0.305,0.634,5.441,2.221,1.855,0.779,18.519,5.959,24.479,40.700,1600.0,1600.0,4640.1,4640.1,4650.0,53.6,24.7,20.1,51.6,164.6,No,No,No,0.237,0.209,1.4,49.0,39.5,37.5,34.5,34.5,37.5,37.5,12.072,4.960,1.004,1.348,1.242,0.794,0.846,1.552,3.312,1.836,1308,747,550,558,1.056,1.239,36,36,44,79.0,100.0,No,No,80704,102356,0.0,0.0,0.0,0.000,0.000,45602,11171,60.4,62.0,70.4,62,62,62,62,62,60,62,60,62,83.0,0.831,12.062,12.141,12.056,12.043,12.009,1107,1083,205.893,86.548,181.101,31.044,97.400,83.630,15.504,181.101,31.007,31.662,126.488,290.000,320.000,1545.0,1156.5,1365.0,1544.7,1470.0,1305.0,1545.1,1155.1,1469.7,100.0,24.0,0.0,0.0,20.5,24.5,98.0,0.0,0.0,0.0,70,70,Yes,No,No,No,No,Yes,No,73.1,71.6,5,0,0,0,0,0,0,0,0,136,0,0,0,0,0,0,0,0,0,0,0,0,0,0,0,0,0,0,0,0,6514,1678,1509,115,16.0,3.2,8.2,2.3,2.3,2.3,2.3,3.2,8.2,2.3,2.3,2.3,2.3,316.62,432.44,121.91,116.80,433.09,433.09,0.68,315.85,316.62,0.00,300.32,201,6,3.5,0.0,0,0,0.0,0.0,0,
27.8.2026,17:32:11.924,8717,10536,45.2,6030,10279,36.9,2.4,2944,70,1.245,1.238,1.244,1.244,1.244,1.244,1.256,3875.0,3720.0,3720.0,4650.0,3720.0,3720.0,3720.0,100.0,524.5,67.6,44.0,167.8,125.0,4633.1,4.9,36.5,544.1,226.7,332.3,56.0,55.5,524.5,10.8,0.0,0.0,5.4,0.0,99.7,0.0,0.0,10.4,4.6,9.9,0.0,0.0,99.7,10.8,14.0,0.7,1.2,4.1,2.9,125.2,0.1,1.0,14.7,6.2,8.6,1.4,1.5,14.0,38.8,37.2,37.2,46.5,37.2,37.2,37.2,0.0,23.0,1.9,5.1,99.7,15.5,13.4,2.2,35.6,10.7,25.6,0.3,66.3,81.4,29.4,41.4,87.4,69.3,0.0,18.2,5.2,68.3,1600.0,16.00,16,18,18,36,74,560,1,49.6,49.6,46.5,37.8,35.7,33.9,49.6,36.9,36.8,33.7,35.0,35.0,33.5,29.1,1.250,0.994,1.262,14.337,5.981,14.391,16.940,40.588,1.801,0.301,0.739,5.591,1.871,1.785,0.517,17.905,5.944,23.848,40.169,1600.0,1600.0,4649.7,4649.7,4650.0,52.9,24.0,18.8,52.2,165.0,No,No,No,0.164,0.186,1.4,49.0,39.5,37.5,34.5,34.5,37.5,37.5,12.072,4.960,1.004,1.348,1.254,0.794,0.848,1.552,3.316,1.836,1311,747,552,545,1.056,1.239,36,36,44,79.0,100.0,No,No,80704,102356,0.0,0.0,0.0,0.000,0.000,45602,11171,60.6,62.0,70.8,62,62,62,62,62,62,62,60,62,83.0,0.831,12.063,12.140,12.057,12.043,12.012,1141,1123,206.054,85.359,179.272,30.751,96.406,82.810,15.351,179.272,30.721,31.303,122.347,290.000,320.000,1545.0,1156.5,1365.0,1544.2,1470.0,1305.0,1546.0,1155.4,1470.1,100.0,21.0,0.0,0.0,20.5,25.0,100.0,0.0,0.0,0.0,70,70,Yes,No,No,No,No,Yes,No,72.4,74.7,5,0,0,0,0,0,0,0,0,136,0,0,0,0,0,0,0,0,0,0,0,0,0,0,0,0,0,0,0,0,6514,1678,1509,115,16.0,3.2,17.3,2.1,2.1,2.1,2.1,3.2,17.4,2.1,2.1,2.1,2.1,316.73,466.28,57.80,50.90,466.96,466.96,0.84,315.88,316.73,0.00,372.35,201,6,1.7,0.0,0,0,0.0,0.0,0,
27.8.2026,17:32:12.412,8717,10536,45.2,6016,10294,36.8,2.4,2944,70,1.168,1.163,1.169,1.169,1.169,1.169,1.169,3770.8,3620.0,3620.0,3620.0,3620.0,4525.0,3620.0,100.0,533.7,58.0,6.5,76.5,67.0,523.6,349.3,24.1,746.2,9.8,4423.6,94.1,25.4,533.7,12.7,1.6,6.3,2.2,0.0,8.3,10.7,0.8,16.8,0.0,99.9,2.5,3.9,99.9,12.7,14.3,1.3,0.2,2.0,1.7,13.2,9.1,0.6,20.2,0.3,119.5,2.3,0.6,14.3,37.7,36.2,36.2,36.2,36.2,45.2,36.2,0.0,23.3,1.5,3.6,15.3,16.7,99.9,2.8,35.1,7.7,23.6,79.6,70.5,0.1,29.3,41.5,90.7,72.8,5.1,12.8,0.0,67.8,1600.0,16.00,16,18,18,36,74,560,1,49.5,47.3,43.5,36.9,33.6,33.4,36.7,37.3,47.0,33.5,34.4,34.4,32.8,28.8,1.163,0.994,1.175,13.635,6.012,13.652,16.025,38.496,1.605,0.219,0.493,1.806,1.964,4.622,0.524,16.246,5.975,22.221,38.498,1600.0,1600.0,4540.2,4540.2,4650.0,50.7,22.8,17.8,49.8,167.8,No,No,No,0.204,0.119,1.4,49.0,39.5,37.5,34.5,34.5,37.5,37.5,12.072,4.960,1.004,1.348,1.232,0.792,0.846,1.548,3.320,1.836,1311,747,552,545,1.056,1.239,36,36,43,79.0,100.0,No,No,80704,102356,0.0,0.0,0.0,0.000,0.000,45602,11171,60.6,62.0,70.7,62,62,62,62,62,60,62,60,62,83.0,0.831,12.060,12.138,12.053,12.042,12.009,1161,1153,206.173,86.325,180.428,30.939,97.091,83.234,15.431,180.428,30.866,31.099,127.410,290.000,320.000,1545.0,1156.5,1365.0,1544.2,1470.0,1305.0,1545.5,1155.5,1470.1,100.0,21.0,0.0,0.0,20.5,24.3,97.1,0.0,0.0,0.0,70,70,Yes,No,No,No,No,Yes,No,72.9,73.1,5,0,0,0,0,0,0,0,0,136,0,0,0,0,0,0,0,0,0,0,0,0,0,0,0,0,0,0,0,0,6514,1678,1509,115,16.0,3.0,17.2,2.1,2.1,2.1,2.1,3.0,17.1,2.1,2.1,2.1,2.1,333.35,483.04,58.05,50.54,483.37,483.37,0.72,332.55,333.35,0.00,422.37,201,6,5.8,0.0,0,0,0.0,0.0,0,
27.8.2026,17:32:12.923,8715,10538,45.2,6028,10281,36.9,2.4,2944,70,1.174,1.169,1.175,1.175,1.175,1.175,1.175,3770.8,3620.0,3620.0,4525.0,3620.0,3620.0,3620.0,100.0,537.2,62.4,7.8,109.1,73.4,12.8,4523.7,30.2,629.0,730.1,200.0,52.7,15.7,537.2,13.6,3.2,19.2,0.0,3.4,0.0,99.9,0.0,13.0,17.8,3.2,3.0,0.0,99.9,13.6,14.4,1.5,0.2,2.8,1.8,0.3,122.2,0.8,17.0,19.5,4.9,1.3,0.4,14.4,37.7,36.2,36.2,45.2,36.2,36.2,36.2,0.0,23.5,1.8,4.0,99.8,14.4,19.3,1.7,30.5,7.2,15.1,0.0,62.9,67.8,29.9,46.0,91.0,80.8,0.1,22.7,12.9,68.4,1600.0,16.00,16,18,18,36,74,560,1,49.4,46.4,46.0,36.8,34.7,33.2,46.1,36.8,36.7,33.2,34.3,34.3,32.5,28.2,1.169,0.994,1.175,13.314,6.005,13.331,15.817,38.066,1.516,0.222,0.409,4.606,1.711,1.710,0.437,15.740,5.967,21.707,37.982,1600.0,1600.0,4525.0,4525.0,4650.0,50.0,22.2,17.6,48.9,172.2,No,No,No,0.192,0.233,1.4,49.0,39.5,37.5,34.5,34.5,37.5,37.5,12.072,4.960,1.002,1.348,1.170,0.792,0.846,1.552,3.312,1.834,1277,761,551,558,1.056,1.239,36,36,43,79.0,100.0,No,No,80704,102356,0.0,0.0,0.0,0.000,0.097,45602,11171,60.7,62.0,70.7,62,62,62,62,62,60,62,60,62,83.0,0.831,12.063,12.138,12.056,12.044,12.013,1175,1169,210.203,85.585,178.922,30.807,96.048,82.439,15.196,178.922,30.406,31.039,126.488,290.000,320.000,1545.0,1156.5,1365.0,1544.7,1470.0,1305.0,1545.0,1155.1,1469.3,100.0,21.0,0.0,0.0,20.5,25.0,100.0,0.0,0.0,0.0,70,70,Yes,No,No,No,No,Yes,No,72.2,73.3,5,0,0,0,0,0,0,0,0,136,0,0,0,0,0,0,0,0,0,0,0,0,0,0,0,0,0,0,0,0,6514,1678,1509,115,16.0,3.1,38.8,2.1,2.1,2.1,2.1,3.1,38.5,2.1,2.1,2.1,2.1,327.83,483.70,25.75,17.34,483.71,483.71,0.58,327.26,327.83,0.00,455.75,201,6,3.0,0.0,0,0,0.0,0.0,0,
27.8.2026,17:32:13.425,8255,10998,42.8,5986,10323,36.7,2.4,2944,70,1.189,1.169,1.181,1.181,1.200,1.200,1.200,4072.5,3620.0,3620.0,4525.0,4525.0,4525.0,3620.0,100.0,529.5,60.6,7.3,207.0,96.0,159.6,3823.8,217.8,719.1,728.5,189.9,98.5,45.8,529.5,12.9,0.0,0.0,8.3,11.2,4.4,84.2,8.0,16.9,17.2,4.7,0.0,0.0,84.2,12.9,14.1,1.4,0.2,5.5,2.5,4.2,103.3,5.3,19.5,19.6,4.5,2.5,1.2,14.1,40.7,36.2,36.2,45.2,45.2,45.2,36.2,0.0,23.4,1.6,7.1,87.9,20.2,20.1,3.5,43.7,17.8,32.3,12.1,69.6,79.5,50.8,32.9,80.6,60.6,0.0,10.1,0.4,45.6,1600.0,16.00,16,18,18,36,74,560,1,49.2,45.3,47.2,36.8,34.7,33.8,44.1,37.3,36.8,33.9,34.4,34.4,32.2,28.2,1.188,0.994,1.200,13.592,6.117,13.556,16.542,38.291,1.647,0.334,0.743,4.216,2.005,1.847,0.736,16.031,6.079,22.110,38.403,1600.0,1600.0,4486.4,4486.4,4650.0,50.5,22.6,18.4,47.7,161.9,No,No,No,0.986,0.631,1.4,49.0,39.0,37.5,34.5,34.5,37.5,37.5,12.072,4.970,1.002,1.348,1.176,0.792,0.848,1.550,3.312,1.834,1277,761,551,558,1.056,1.239,36,36,43,79.0,100.0,No,No,80704,102356,0.0,0.0,0.0,0.000,0.023,45602,11171,54.8,62.0,64.8,60,58,60,62,62,60,60,60,60,83.0,0.831,12.150,12.252,12.132,12.108,12.109,1184,1184,209.975,22.856,42.728,3.198,33.678,31.746,12.957,42.728,25.915,2.533,10.224,290.000,320.000,1545.0,1156.5,1365.0,1544.7,1470.0,1305.0,1545.0,1155.5,1469.8,58.0,13.0,0.0,0.0,17.4,22.1,88.5,0.0,0.0,0.0,71,71,Yes,No,No,No,No,Yes,No,23.7,24.1,5,0,0,0,0,0,0,0,0,136,0,0,0,0,0,0,0,0,0,0,0,0,0,0,0,0,0,0,0,0,6770,1422,1253,115,16.0,3.1,24.0,2.1,2.1,2.1,2.1,3.1,24.0,2.1,2.1,2.1,2.1,322.36,483.03,41.69,34.19,483.71,483.71,0.47,321.82,322.36,0.00,444.65,201,6,1.6,0.0,0,0,0.0,0.0,0,
27.8.2026,17:32:13.928,6352,12902,32.9,5290,11019,32.4,2.4,2944,70,1.136,0.912,1.181,1.181,1.181,1.181,1.181,3780.0,3675.0,3620.0,3620.0,4525.0,3620.0,3620.0,100.0,362.0,291.2,103.1,595.5,123.7,88.7,1407.4,49.0,507.1,710.5,299.2,79.7,89.5,362.0,8.6,3.5,8.1,10.8,0.0,5.0,31.4,1.7,14.0,15.6,4.1,4.6,4.8,31.4,8.6,9.3,3.7,2.8,15.9,3.2,2.2,37.9,1.9,13.6,18.5,8.1,1.8,2.1,9.3,37.8,36.8,36.2,36.2,45.2,36.2,36.2,4.9,15.0,5.7,16.2,33.3,12.7,19.5,2.9,46.0,30.2,50.7,52.0,52.2,65.7,25.3,39.0,64.2,33.1,14.8,35.1,14.8,71.8,1600.0,16.00,16,18,18,36,74,560,1,48.8,40.3,41.0,35.4,34.4,34.5,38.5,35.8,35.7,33.2,34.0,34.0,33.0,28.5,1.188,0.994,1.194,10.444,6.034,10.507,10.507,34.475,1.245,0.575,1.158,2.312,1.365,1.541,0.515,11.940,5.998,17.938,34.176,1600.0,1600.0,4047.4,4047.4,4650.0,45.0,17.5,11.7,42.4,158.4,No,No,No,0.504,1.587,0.9,49.0,39.5,37.5,34.5,34.5,37.5,37.5,12.168,4.980,1.004,1.348,1.184,0.792,0.846,1.556,3.336,1.834,1277,747,553,546,1.056,1.266,36,36,44,79.0,100.0,No,No,80704,102356,0.0,0.0,0.0,0.000,0.048,45602,11171,52.3,60.0,62.2,58,58,58,58,58,58,58,58,60,83.0,0.850,12.150,12.253,12.130,12.108,12.108,1191,1195,173.672,23.307,43.932,3.174,34.133,32.717,13.065,43.932,26.129,2.499,10.186,290.000,320.000,1590.0,1187.7,1395.0,1553.9,1515.0,1335.0,1589.4,1186.9,1514.7,0.0,0.0,0.0,0.0,9.0,0.0,0.1,0.0,0.0,0.0,71,71,Yes,No,No,No,No,Yes,No,24.2,24.8,5,0,0,0,0,0,0,0,0,136,0,0,0,0,0,0,0,0,0,0,0,0,0,0,0,0,0,0,0,0,7455,737,568,41,16.0,5.2,76.5,2.3,2.2,2.2,2.2,5.2,53.6,2.3,2.2,2.2,2.2,193.36,442.90,13.06,11.04,450.02,450.02,0.36,192.96,193.36,0.00,282.23,201,6,0.5,0.4,0,0,0.0,0.0,0,
27.8.2026,17:32:14.433,6350,12904,32.9,5290,11020,32.4,2.4,2944,70,1.116,0.912,1.156,1.156,1.156,1.156,1.156,3780.0,3675.0,3620.0,3620.0,3620.0,4525.0,3620.0,100.0,160.5,129.0,11.7,35.9,55.8,79.0,236.1,124.7,681.3,130.2,392.7,23.6,26.5,160.5,4.2,2.7,0.0,0.0,3.0,3.5,4.0,1.3,13.8,4.5,13.0,2.2,2.3,13.8,4.2,4.0,1.1,0.3,0.9,1.5,2.0,6.2,3.2,18.2,3.3,10.3,0.6,0.7,4.0,37.8,36.8,36.2,36.2,36.2,45.2,36.2,17.0,6.1,1.4,1.9,6.6,15.7,9.6,1.3,33.1,23.9,12.6,45.1,59.9,52.9,4.5,60.9,74.9,85.5,48.4,24.4,37.7,94.4,1600.0,16.00,16,18,18,36,74,560,1,48.1,37.0,47.0,33.4,32.5,32.5,33.4,36.0,33.4,32.3,33.1,33.1,33.5,29.2,1.194,0.994,1.206,6.430,5.699,6.417,6.417,28.368,0.629,0.329,0.206,0.747,1.512,0.871,0.108,7.064,5.668,12.731,28.150,1600.0,1600.0,3426.7,3426.7,4650.0,37.0,10.7,7.1,38.9,185.6,No,No,No,0.238,0.066,0.4,48.0,39.5,37.5,34.5,34.5,37.5,37.5,12.144,4.990,1.002,1.348,1.046,0.792,0.846,1.558,3.344,1.834,1280,747,553,546,1.056,1.262,36,36,44,79.0,100.0,No,No,80704,102356,0.0,0.0,0.0,0.000,0.000,45602,11171,51.7,58.0,61.9,58,58,58,58,58,58,58,58,58,83.0,0.850,12.159,12.257,12.142,12.120,12.118,1193,1197,110.169,23.138,43.501,3.027,34.045,32.517,13.051,43.501,26.117,2.477,10.004,290.000,320.000,1590.0,1187.7,1395.0,1553.9,1515.0,1335.0,1590.2,1186.6,1515.5,0.0,0.0,0.0,0.0,9.0,0.0,0.0,0.0,0.0,0.0,71,71,Yes,No,No,No,No,Yes,No,24.0,24.4,5,0,0,0,0,0,0,0,0,136,0,0,0,0,0,0,0,0,0,0,0,0,0,0,0,0,0,0,0,0,7455,737,568,41,16.0,5.2,72.9,2.3,2.3,2.3,2.3,5.2,51.7,2.3,2.3,2.3,2.3,193.25,426.90,13.71,11.11,433.35,433.35,0.40,192.87,193.25,0.00,209.02,201,6,9.9,3.8,0,0,0.0,0.0,0,
27.8.2026,17:32:14.940,6351,12902,32.9,5290,11020,32.4,2.4,2944,70,1.164,1.200,1.156,1.156,1.156,1.156,1.156,3770.8,3620.0,3620.0,4525.0,3620.0,3620.0,3620.0,100.0,163.2,123.2,5.5,18.8,31.5,214.7,255.4,98.9,816.0,243.3,141.4,4.4,4.9,163.2,3.9,0.4,2.8,0.1,0.4,4.3,8.0,4.8,20.4,5.1,0.0,0.0,0.0,20.4,3.9,4.1,0.8,0.1,0.5,0.8,5.3,6.4,2.6,22.0,6.4,3.6,0.1,0.1,4.1,37.7,36.2,36.2,45.2,36.2,36.2,36.2,14.2,6.0,1.1,0.9,7.6,18.2,8.0,0.2,27.0,1.5,5.9,68.4,44.8,40.6,1.2,67.1,97.7,93.3,24.4,37.0,51.7,98.7,1600.0,16.00,16,18,18,36,74,560,1,47.6,37.0,40.8,33.1,32.0,32.1,33.4,36.1,32.9,32.1,32.9,32.9,33.8,28.4,1.156,0.994,1.163,6.384,5.789,6.374,6.374,27.812,0.605,0.132,0.147,0.997,1.640,0.667,0.047,6.978,5.756,12.734,28.299,1600.0,1600.0,3656.1,3656.1,4650.0,37.2,10.6,7.1,38.9,190.1,No,No,No,0.198,0.065,0.4,48.0,39.5,37.5,34.5,34.5,37.5,37.5,12.168,5.000,1.002,1.348,0.940,0.792,0.846,1.558,3.344,1.836,1280,765,553,560,1.056,1.262,36,36,43,79.0,100.0,No,No,80704,102356,0.0,0.0,0.1,0.262,0.558,45602,11172,51.2,58.0,61.4,58,58,58,58,58,58,58,58,58,83.0,0.850,12.154,12.255,12.135,12.113,12.112,1194,1197,69.830,23.143,43.554,3.149,33.977,32.488,13.045,43.554,26.104,2.463,9.953,290.000,320.000,1590.0,1187.7,1395.0,1590.0,1515.0,1335.0,1589.7,1187.0,1514.6,0.0,0.0,0.0,0.0,9.0,0.0,0.0,0.0,0.0,0.0,71,71,Yes,No,No,No,No,Yes,No,24.0,24.3,5,0,0,0,0,0,0,0,0,136,0,0,0,0,0,0,0,0,0,0,0,0,0,0,0,0,0,0,0,0,7455,737,568,41,16.0,3.2,9.4,2.3,2.3,2.3,2.3,3.2,9.4,2.3,2.3,2.3,2.3,311.11,432.67,106.66,101.28,433.35,433.35,0.47,310.64,311.11,0.00,327.41,201,6,0.4,0.4,0,0,0.0,0.0,0,
27.8.2026,17:32:15.430,6350,12903,32.9,5288,11022,32.4,2.4,2944,70,1.149,0.956,1.188,1.188,1.188,1.188,1.188,3780.0,3675.0,3620.0,3620.0,4525.0,3620.0,3620.0,100.0,148.9,46.1,1.3,68.4,27.0,154.7,222.1,74.3,297.0,407.7,473.4,6.3,8.5,148.9,6.7,0.9,0.0,7.2,0.5,3.1,4.5,1.5,6.6,8.9,13.2,33.4,0.1,33.4,6.7,3.8,1.0,0.0,1.8,0.7,3.6,5.4,2.0,8.0,10.8,12.6,0.1,0.2,3.8,37.8,36.8,36.2,36.2,45.2,36.2,36.2,8.4,4.8,1.0,1.8,6.5,7.6,11.6,0.4,25.7,3.9,11.0,60.6,29.6,43.6,5.6,69.5,95.2,87.3,32.9,62.8,44.9,94.0,1600.0,16.00,16,18,18,36,74,560,1,47.2,36.6,37.8,32.9,32.1,32.3,33.0,33.7,34.4,31.9,33.0,33.0,33.8,28.8,1.156,0.994,1.163,6.291,5.861,6.308,6.308,28.675,0.518,0.108,0.241,0.779,0.758,1.128,0.092,6.758,5.827,12.584,28.409,1600.0,1600.0,3747.1,3747.1,4650.0,37.4,10.5,7.0,38.6,214.3,No,No,No,0.175,0.040,0.3,47.0,39.5,37.5,34.5,34.5,37.5,37.5,12.168,4.990,1.002,1.348,1.038,0.792,0.846,1.558,3.344,1.836,1273,767,553,560,1.056,1.249,36,36,43,79.0,100.0,No,No,80704,102356,0.0,0.0,0.0,0.000,0.000,45602,11172,50.3,58.0,59.4,56,58,56,56,56,56,56,56,58,83.0,0.850,12.168,12.259,12.154,12.126,12.134,1191,1195,69.960,18.588,35.046,2.660,27.127,25.198,9.974,35.046,19.966,2.436,9.843,290.000,320.000,1590.0,625.2,1395.0,1590.0,1515.0,1335.0,1590.3,624.7,1515.0,0.0,0.0,0.0,0.0,9.0,0.0,0.0,0.0,0.0,0.0,71,71,Yes,No,No,No,No,Yes,No,19.0,19.4,5,0,0,0,0,0,0,0,0,136,0,0,0,0,0,0,0,0,0,0,0,0,0,0,0,0,0,0,0,0,7455,737,568,41,16.0,3.3,8.1,2.5,2.5,2.5,2.5,3.3,8.2,2.5,2.5,2.5,2.5,305.31,399.53,122.74,117.66,399.54,399.54,0.51,304.82,305.31,0.00,288.15,201,6,0.9,0.1,0,0,0.0,0.0,0,
27.8.2026,17:32:15.945,6351,12902,32.9,5290,11020,32.4,2.4,2944,70,1.148,0.956,1.188,1.188,1.188,1.188,1.181,3780.0,3675.0,3620.0,3620.0,4525.0,3620.0,3620.0,100.0,151.9,90.6,2.1,32.8,26.2,229.3,241.8,51.4,595.0,114.8,352.9,36.4,49.1,151.9,4.6,0.1,35.5,0.0,0.0,1.2,4.6,0.3,12.6,0.0,0.7,0.0,0.0,35.5,4.6,3.8,0.9,0.0,0.8,0.6,6.0,6.3,1.4,16.1,2.6,9.0,0.8,1.0,3.8,37.8,36.8,36.2,36.2,45.2,36.2,36.2,7.0,5.9,1.0,1.3,8.5,14.3,8.9,1.3,33.6,4.6,10.4,64.8,57.8,42.8,21.2,60.6,94.5,88.4,26.8,27.9,48.4,77.5,1600.0,16.00,16,18,18,36,74,560,1,46.8,37.0,41.5,33.2,32.1,32.3,33.4,35.4,33.4,32.5,33.1,33.1,32.2,28.1,1.175,0.994,1.181,6.708,5.910,6.714,6.714,29.209,0.618,0.127,0.184,0.877,1.392,0.837,0.291,7.322,5.874,13.196,29.140,1600.0,1600.0,3692.0,3692.0,4650.0,38.3,11.2,7.5,38.9,195.7,No,No,No,0.166,0.072,0.4,47.0,39.5,37.0,34.5,34.5,37.5,37.5,12.168,4.990,1.002,1.348,1.058,0.790,0.846,1.558,3.344,1.834,1273,767,555,548,1.056,1.249,36,36,44,79.0,100.0,No,No,80704,102356,0.0,0.0,0.0,0.000,0.016,45602,11172,49.9,56.0,58.9,56,56,56,56,56,56,56,56,56,83.0,0.850,12.166,12.259,12.150,12.123,12.132,1190,1193,64.135,18.452,34.663,2.587,26.961,25.045,9.972,34.663,19.953,2.430,9.789,290.000,320.000,1590.0,625.2,1395.0,1590.0,1515.0,1335.0,1590.2,624.7,1515.4,0.0,0.0,0.0,0.0,9.0,0.0,0.0,0.0,0.0,0.0,71,71,Yes,No,No,No,No,Yes,No,18.8,19.1,5,0,0,0,0,0,0,0,0,136,0,0,0,0,0,0,0,0,0,0,0,0,0,0,0,0,0,0,0,0,7455,737,568,41,16.0,3.7,7.3,2.5,2.5,2.5,2.5,3.8,7.4,2.5,2.5,2.5,2.5,266.69,396.88,136.51,134.11,399.54,399.54,0.48,266.22,266.69,0.00,274.55,201,6,0.3,0.4,0,0,0.0,0.0,0,
27.8.2026,17:32:16.446,6349,12904,32.9,5286,11023,32.4,2.4,2944,70,1.144,0.956,1.181,1.181,1.181,1.181,1.181,3780.0,3675.0,3620.0,3620.0,4525.0,3620.0,3620.0,100.0,139.8,37.4,1.8,39.4,34.1,92.0,235.5,70.4,711.4,144.3,123.6,84.9,102.8,139.8,4.4,2.6,0.0,0.0,0.0,6.5,6.8,3.3,17.3,7.6,7.2,0.0,0.9,17.3,4.4,3.6,0.8,0.0,1.0,0.9,2.2,6.1,1.9,19.2,3.6,3.1,2.1,2.6,3.6,37.8,36.8,36.2,36.2,45.2,36.2,36.2,1.1,5.6,1.0,1.2,6.3,17.2,5.3,2.7,30.3,19.5,5.3,57.3,65.1,28.3,6.2,64.1,79.6,93.5,36.4,17.6,66.4,91.1,1600.0,16.00,16,18,18,36,74,560,1,46.2,37.2,41.8,33.1,32.2,32.3,32.9,36.2,32.5,32.7,33.1,33.1,33.5,29.9,1.175,0.994,1.181,6.554,6.029,6.549,6.549,29.316,0.570,0.204,0.143,0.685,1.617,0.504,0.269,7.150,5.992,13.142,29.323,1600.0,1600.0,3907.0,3907.0,4650.0,38.6,10.9,7.3,39.1,206.1,No,No,No,0.147,0.033,0.3,46.0,39.5,37.0,34.5,34.5,37.5,37.0,12.168,4.990,1.002,1.348,1.048,0.790,0.846,1.560,3.344,1.834,1288,752,554,548,1.056,1.252,36,36,44,79.0,100.0,No,No,80704,102356,0.0,0.0,0.0,0.000,0.000,45602,11172,49.6,56.0,58.8,55,56,56,56,56,54,54,54,56,83.0,0.850,12.165,12.258,12.150,12.122,12.131,1189,1190,57.778,18.347,34.325,2.550,26.767,24.996,10.008,34.325,20.018,2.406,9.734,290.000,320.000,1590.0,625.2,1395.0,1590.0,1515.0,1335.0,1589.6,624.6,1514.5,0.0,0.0,0.0,0.0,9.0,0.0,0.0,0.0,0.0,0.0,71,71,Yes,No,No,No,No,Yes,No,18.8,19.0,5,0,0,0,0,0,0,0,0,136,0,0,0,0,0,0,0,0,0,0,0,0,0,0,0,0,0,0,0,0,7455,737,568,41,16.0,3.8,5.4,2.9,2.9,2.9,2.9,3.8,5.4,2.9,2.9,2.9,2.9,266.65,347.92,185.38,183.88,349.58,349.58,0.54,266.16,266.65,0.00,191.24,201,6,0.4,0.4,0,0,0.0,0.0,0,
27.8.2026,17:32:16.968,6349,12904,32.9,5288,11021,32.4,2.4,2944,70,1.140,0.912,1.181,1.181,1.188,1.188,1.188,3780.0,3675.0,3620.0,3620.0,4525.0,3620.0,3620.0,100.0,143.8,40.4,5.0,19.4,9.6,36.8,153.1,67.9,658.7,242.8,223.7,135.8,131.7,143.8,2.4,0.0,0.0,0.0,7.9,0.0,2.6,0.3,11.1,1.0,0.0,1.8,4.7,11.1,2.4,3.7,0.8,0.1,0.5,0.2,0.9,4.0,1.5,17.8,6.0,5.6,3.3,3.2,3.7,37.8,36.8,36.2,36.2,45.2,36.2,36.2,7.1,5.4,0.9,0.7,4.1,15.5,7.8,3.3,29.7,3.3,5.5,56.5,65.6,35.1,12.0,65.0,95.8,93.8,39.5,18.8,57.1,84.7,1600.0,16.00,16,18,18,36,74,560,1,45.9,37.2,38.5,33.1,32.0,32.2,32.9,36.0,32.9,32.9,33.1,33.1,32.2,28.5,1.156,0.994,1.163,6.125,5.899,6.133,6.133,28.035,0.567,0.089,0.102,0.651,1.523,0.659,0.378,6.696,5.864,12.560,28.528,1600.0,1600.0,3825.9,3825.9,4650.0,37.5,10.2,6.8,39.1,194.8,No,No,No,0.116,0.079,0.3,46.0,39.5,37.0,34.5,34.5,37.5,37.5,12.168,4.990,1.002,1.348,1.072,0.790,0.846,1.558,3.348,1.836,1288,752,554,561,1.056,1.252,36,36,43,79.0,100.0,No,No,80704,102356,0.0,0.0,0.0,0.000,0.000,45602,11172,49.4,56.0,58.5,56,56,56,56,56,56,56,56,56,83.0,0.850,12.161,12.256,12.145,12.116,12.127,1189,1187,54.526,18.218,33.947,2.549,26.550,24.839,10.005,33.947,20.018,2.394,9.717,290.000,320.000,1590.0,625.2,1395.0,1590.0,1515.0,1335.0,1589.7,624.7,1514.4,0.0,0.0,0.0,0.0,9.0,0.0,0.0,0.0,0.0,0.0,70,70,Yes,No,No,No,No,Yes,No,18.7,19.1,5,0,0,0,0,0,0,0,0,136,0,0,0,0,0,0,0,0,0,0,0,0,0,0,0,0,0,0,0,0,7455,737,568,41,16.0,3.8,4.6,3.2,3.2,3.2,3.2,3.7,4.6,3.2,3.2,3.2,3.2,266.55,315.23,217.87,216.97,316.23,316.23,0.59,265.97,266.55,0.00,116.26,201,6,0.6,0.1,0,0,0.0,0.0,0,
27.8.2026,17:32:17.475,6348,12905,32.9,5287,11022,32.4,2.4,2944,70,1.136,0.912,1.181,1.181,1.181,1.181,1.181,3780.0,3675.0,3620.0,3620.0,4525.0,3620.0,3620.0,100.0,125.6,34.2,1.2,55.5,27.0,113.3,128.4,65.1,601.6,164.0,175.5,63.3,78.4,125.6,5.3,0.4,0.0,3.6,11.0,4.9,2.4,1.1,15.5,3.2,3.4,18.4,0.0,18.4,5.3,3.3,1.0,0.0,1.4,0.6,2.9,3.3,2.1,16.2,4.3,4.6,1.3,1.7,3.3,37.8,36.8,36.2,36.2,45.2,36.2,36.2,14.5,5.0,1.0,1.5,3.6,14.8,7.2,2.1,26.9,1.2,4.0,57.5,54.5,37.9,6.5,68.0,97.8,94.5,38.9,30.7,54.9,91.4,1600.0,16.00,16,18,18,36,74,560,1,45.5,36.5,40.5,32.9,31.9,32.2,32.7,35.4,32.7,32.5,32.9,32.9,33.0,28.8,1.156,0.994,1.163,5.724,5.786,5.720,5.720,27.798,0.500,0.068,0.134,0.613,1.331,0.578,0.272,6.231,5.753,11.984,27.566,1600.0,1600.0,3538.9,3538.9,4650.0,36.3,9.5,6.4,38.5,205.1,No,No,No,0.170,0.039,0.3,45.0,39.5,37.0,34.5,34.5,37.5,37.0,12.168,5.000,1.002,1.348,0.980,0.790,0.846,1.560,3.348,1.836,1233,754,554,561,1.056,1.246,36,36,43,79.0,100.0,No,No,80704,102356,0.0,0.0,0.0,0.000,0.000,45602,11172,49.2,56.0,58.1,56,56,54,56,56,56,56,54,56,83.0,0.850,12.163,12.257,12.147,12.119,12.128,1184,1188,54.358,18.246,34.120,2.562,26.613,24.844,9.957,34.120,19.927,2.392,9.679,290.000,320.000,1590.0,625.2,1395.0,1590.0,1515.0,1335.0,1590.1,624.8,1514.8,0.0,0.0,0.0,0.0,9.0,0.0,0.0,0.0,0.0,0.0,70,70,Yes,No,No,No,No,Yes,No,18.7,19.0,5,0,0,0,0,0,0,0,0,136,0,0,0,0,0,0,0,0,0,0,0,0,0,0,0,0,0,0,0,0,7455,737,568,41,5.0,4.0,4.6,3.4,3.3,3.3,3.3,4.0,4.6,3.3,3.3,3.3,3.3,250.14,298.46,217.21,216.91,299.78,299.78,0.54,249.60,250.14,0.00,83.05,201,6,3.3,0.1,0,0,0.0,0.0,0,
27.8.2026,17:32:17.974,6349,12904,32.9,5287,11022,32.4,2.4,2944,70,1.123,0.956,1.156,1.156,1.156,1.156,1.156,3780.0,3675.0,3620.0,3620.0,3620.0,4525.0,3620.0,100.0,154.4,73.2,8.6,57.8,42.3,187.4,116.2,253.1,202.6,393.6,499.5,2.2,16.0,154.4,3.6,0.0,2.1,3.2,0.0,3.0,1.5,0.0,3.4,9.9,17.3,0.0,2.3,17.3,3.6,3.9,1.0,0.2,1.5,1.1,4.8,3.1,6.9,5.5,9.7,12.7,0.0,0.4,3.9,37.8,36.8,36.2,36.2,36.2,45.2,36.2,1.0,5.8,1.4,1.8,5.2,10.4,15.2,0.5,35.0,25.8,5.2,79.7,34.0,61.2,3.8,59.3,72.7,93.0,15.1,55.6,23.6,95.8,1600.0,16.00,16,18,18,36,74,560,1,45.1,36.3,46.2,33.0,32.3,32.2,33.2,34.2,34.2,32.0,33.0,33.0,33.5,28.4,1.194,0.994,1.206,6.986,5.343,6.958,6.958,28.055,0.575,0.269,0.158,0.768,0.936,1.241,0.079,7.503,5.310,12.813,27.861,1600.0,1600.0,3934.9,3934.9,4650.0,36.7,11.6,7.7,38.2,215.3,No,No,No,0.129,0.064,0.3,45.0,39.5,37.0,34.5,34.5,37.5,37.0,12.168,4.990,1.002,1.348,0.994,0.788,0.846,1.562,3.352,1.834,1233,754,554,561,1.056,1.246,36,36,43,79.0,100.0,No,No,80704,102356,0.0,0.0,0.0,0.000,0.000,45602,11172,47.2,52.0,54.9,52,52,52,52,52,52,52,52,52,83.0,0.856,12.192,12.261,12.178,12.154,12.175,1183,1188,54.314,7.794,16.417,1.999,8.451,11.145,2.593,16.417,5.198,2.362,5.565,290.000,320.000,1590.0,101.2,1395.0,1279.8,1500.0,1335.0,1141.5,73.2,1105.6,0.0,1.0,0.0,0.0,9.0,0.0,0.0,0.0,0.0,0.0,70,70,Yes,No,No,No,No,Yes,No,7.7,7.5,5,0,0,0,0,0,0,0,0,137,0,0,0,0,0,0,0,0,0,0,0,0,0,0,0,0,0,0,0,0,7455,737,568,41,5.0,4.0,4.3,3.5,3.5,3.5,3.5,4.0,4.3,3.5,3.5,3.5,3.5,250.17,282.01,233.74,233.74,283.00,283.00,0.50,249.72,250.17,0.00,55.23,201,6,0.5,0.0,0,0,0.0,0.0,0,
27.8.2026,17:32:18.482,6347,12907,32.9,5283,11026,32.3,2.4,2944,70,1.164,1.200,1.156,1.156,1.156,1.156,1.156,3770.8,3620.0,3620.0,4525.0,3620.0,3620.0,3620.0,100.0,174.8,193.0,22.3,11.7,23.3,95.1,44.3,440.6,586.0,389.4,284.8,2.7,4.5,174.8,8.8,2.5,4.9,0.0,2.0,3.6,2.6,37.6,11.6,9.7,1.5,27.8,1.6,37.6,8.8,4.3,1.1,0.6,0.3,0.6,2.4,1.1,11.9,15.8,10.0,7.1,0.1,0.1,4.3,37.7,36.2,36.2,45.2,36.2,36.2,36.2,2.5,5.6,1.6,0.9,2.9,17.0,11.1,0.2,30.8,3.0,8.7,70.8,46.3,54.7,1.0,63.7,95.6,90.4,26.4,36.7,34.3,98.8,1600.0,16.00,16,18,18,36,74,560,1,44.9,36.8,40.0,33.1,32.2,32.1,32.6,35.9,33.6,32.1,33.0,33.0,32.0,28.3,1.156,0.994,1.163,6.593,5.293,6.614,6.614,27.301,0.592,0.182,0.141,0.615,1.614,0.960,0.041,7.142,5.261,12.403,27.361,1600.0,1600.0,3856.4,3856.4,4650.0,36.0,11.0,7.3,38.8,198.1,No,No,No,0.140,0.041,0.3,45.0,39.5,37.0,34.5,34.5,37.5,37.0,12.168,5.000,1.002,1.348,1.056,0.790,0.846,1.560,3.352,1.834,1246,770,554,561,1.057,1.279,36,36,43,79.0,100.0,No,No,80704,102356,0.0,0.0,0.0,0.000,0.000,45602,11172,46.8,52.0,54.5,52,52,52,52,52,52,52,52,52,83.0,0.856,12.194,12.262,12.180,12.156,12.177,1182,1186,39.464,7.773,16.359,1.974,8.331,11.232,2.594,16.359,5.188,2.299,5.624,290.000,320.000,1590.0,101.2,1395.0,1279.8,1500.0,1335.0,1242.2,78.2,1170.9,0.0,1.0,0.0,0.0,9.0,0.0,0.0,0.0,0.0,0.0,70,70,Yes,No,No,No,No,Yes,No,7.4,7.5,5,0,0,0,0,0,0,0,0,137,0,0,0,0,0,0,0,0,0,0,0,0,0,0,0,0,0,0,0,0,7455,737,568,41,5.0,3.8,4.3,3.5,3.5,3.5,3.5,3.8,4.3,3.5,3.5,3.5,3.5,261.25,283.52,234.39,233.80,283.88,283.88,0.77,260.57,261.25,0.00,33.27,201,6,0.0,0.0,0,0,0.0,0.0,0,
27.8.2026,17:32:18.989,6348,12906,32.9,5287,11022,32.4,2.4,2944,70,1.145,0.963,1.181,1.181,1.181,1.181,1.181,3780.0,3675.0,3620.0,4525.0,3620.0,3620.0,3620.0,100.0,139.6,74.2,9.9,50.2,61.5,432.0,86.2,283.2,343.4,107.7,219.3,3.1,4.0,139.6,3.2,0.0,0.0,2.7,3.0,8.5,0.6,5.0,6.3,0.8,9.1,0.0,1.7,9.1,3.2,3.6,1.0,0.3,1.3,1.6,11.5,2.2,7.6,9.3,2.6,5.6,0.1,0.1,3.6,37.8,36.8,36.2,45.2,36.2,36.2,36.2,2.4,5.7,1.5,2.2,11.1,13.2,5.8,0.2,29.4,21.5,8.1,67.5,43.3,35.2,0.6,65.0,77.0,89.6,21.4,43.5,59.1,99.3,1600.0,16.00,16,18,18,36,74,560,1,44.6,36.6,40.5,33.1,32.4,32.3,33.8,35.3,32.7,32.0,33.0,33.0,33.8,28.9,1.156,0.994,1.163,6.694,5.272,6.692,6.692,27.493,0.552,0.251,0.213,0.944,1.288,0.579,0.034,7.231,5.240,12.471,27.392,1600.0,1600.0,3859.1,3859.1,4650.0,36.0,11.2,7.4,38.5,215.7,No,No,No,0.142,0.075,0.3,44.0,39.5,37.0,34.5,34.5,37.5,37.0,12.168,5.010,1.002,1.352,1.060,0.790,0.846,1.562,3.352,1.834,1246,770,554,562,1.057,1.279,36,36,43,79.0,100.0,No,No,80704,102356,0.0,0.1,0.1,0.000,0.105,45602,11172,46.4,52.0,54.2,51,52,50,52,52,52,50,50,52,83.0,0.856,12.191,12.260,12.177,12.153,12.174,1183,1185,22.060,7.375,15.372,1.913,7.781,10.755,2.532,15.372,5.084,2.305,5.264,290.000,320.000,1590.0,101.2,1395.0,411.4,1500.0,1335.0,1144.6,71.9,1077.6,0.0,1.0,0.0,0.0,9.0,0.0,0.0,0.0,0.0,0.0,70,70,Yes,No,No,No,No,Yes,No,7.1,7.4,5,0,0,0,0,0,0,0,0,137,0,0,0,0,0,0,0,0,0,0,0,0,0,0,0,0,0,0,0,0,7455,737,568,41,5.0,3.7,4.3,3.5,3.5,3.5,3.5,3.7,4.3,3.5,3.5,3.5,3.5,266.87,283.88,233.87,232.95,283.88,283.88,0.86,266.06,266.87,0.00,39.39,201,6,0.3,0.4,0,0,0.0,0.0,0,
27.8.2026,17:32:19.476,6346,12907,32.9,5285,11025,32.4,2.4,2944,70,1.144,0.956,1.181,1.181,1.181,1.181,1.181,3780.0,3675.0,3620.0,3620.0,4525.0,3620.0,3620.0,100.0,122.7,52.9,2.3,8.1,20.6,243.8,215.9,59.4,511.3,126.3,223.4,2.9,6.0,122.7,4.8,2.7,0.0,0.0,0.0,4.2,6.6,3.1,15.7,1.5,0.6,22.9,0.0,22.9,4.8,3.2,0.9,0.1,0.2,0.5,6.4,5.6,1.5,13.8,3.1,5.7,0.1,0.1,3.2,37.8,36.8,36.2,36.2,45.2,36.2,36.2,5.4,4.9,1.1,0.7,9.1,12.3,6.0,0.2,31.2,18.0,2.3,76.8,57.2,31.6,1.0,64.0,81.0,97.0,14.2,30.5,62.4,98.9,1600.0,16.00,16,18,18,36,74,560,1,44.4,36.2,38.2,33.0,32.3,32.1,33.7,35.0,32.8,32.0,33.0,33.0,32.2,28.2,1.156,0.994,1.163,6.178,5.226,6.176,6.176,26.632,0.517,0.199,0.071,0.978,1.214,0.551,0.091,6.648,5.195,11.843,26.652,1600.0,1600.0,3776.4,3776.4,4650.0,35.1,10.3,6.9,38.1,211.7,No,No,No,0.136,0.029,0.3,44.0,39.5,37.0,34.5,34.5,38.0,37.0,12.168,5.000,1.002,1.348,1.050,0.788,0.844,1.562,3.356,1.836,1198,771,556,549,1.056,1.266,36,36,43,79.0,100.0,No,No,80704,102356,0.0,0.0,0.0,0.000,0.000,45602,11172,46.2,52.0,54.0,51,52,50,50,52,50,52,50,52,83.0,0.856,12.193,12.261,12.179,12.155,12.175,1179,1179,21.932,7.497,15.707,1.949,7.904,10.842,2.496,15.707,5.000,2.337,5.530,290.000,320.000,1590.0,101.2,1395.0,411.4,1500.0,1335.0,1144.5,72.1,1080.5,0.0,1.0,0.0,0.0,9.0,0.0,0.0,0.0,0.0,0.0,70,70,Yes,No,No,No,No,Yes,No,7.1,7.4,5,0,0,0,0,0,0,0,0,137,0,0,0,0,0,0,0,0,0,0,0,0,0,0,0,0,0,0,0,0,7455,737,568,41,5.0,3.6,4.6,3.0,3.0,3.0,3.0,3.6,4.6,3.0,3.0,3.0,3.0,278.07,333.22,217.47,216.25,334.23,334.23,0.84,277.27,278.07,0.00,78.31,201,6,0.1,0.0,0,0,0.0,0.0,0,
27.8.2026,17:32:19.985,6348,12906,32.9,5287,11022,32.4,2.4,2944,70,1.144,0.956,1.181,1.181,1.181,1.181,1.181,3780.0,3675.0,3620.0,3620.0,4525.0,3620.0,3620.0,100.0,140.0,55.8,19.0,20.3,81.6,190.4,185.3,93.8,705.5,135.2,166.5,3.4,23.6,140.0,2.9,0.2,2.8,2.8,1.1,3.5,3.4,1.2,14.9,2.3,3.1,0.0,0.0,14.9,2.9,3.6,1.0,0.5,0.5,2.2,5.0,4.8,2.3,18.8,3.5,4.4,0.1,0.6,3.6,37.8,36.8,36.2,36.2,45.2,36.2,36.2,0.0,5.7,1.5,2.0,7.7,17.0,5.3,0.6,30.4,4.6,4.0,78.2,64.6,29.1,1.9,63.9,93.9,94.1,14.1,18.4,65.6,97.5,1600.0,16.00,16,18,18,36,74,560,1,44.1,37.2,41.0,33.2,32.2,32.5,33.3,36.3,32.6,32.2,33.1,33.1,33.8,28.1,1.175,0.994,1.181,6.555,5.303,6.555,6.555,27.441,0.554,0.118,0.188,0.863,1.622,0.472,0.063,7.122,5.270,12.392,27.476,1600.0,1600.0,3945.6,3945.6,4650.0,36.2,10.9,7.3,39.1,211.3,No,No,No,0.096,0.063,0.3,44.0,39.5,37.0,34.5,34.5,38.0,37.0,12.168,5.000,1.002,1.348,1.052,0.790,0.846,1.560,3.352,1.834,1218,771,556,549,1.056,1.266,36,36,43,79.0,100.0,No,No,80704,102356,0.0,0.0,0.0,0.000,0.000,45602,11172,46.1,52.0,53.9,50,50,50,50,52,50,50,50,52,83.0,0.856,12.196,12.263,12.182,12.158,12.179,1176,1174,21.963,7.742,16.305,1.913,8.344,11.307,2.631,16.305,5.272,2.291,5.312,290.000,320.000,1590.0,101.2,1395.0,406.3,1500.0,1335.0,1138.6,71.8,1084.0,1.0,1.0,0.0,0.0,9.0,0.0,0.0,0.0,0.0,0.0,69,69,Yes,No,No,No,No,Yes,No,7.4,7.5,5,0,0,0,0,0,0,0,0,137,0,0,0,0,0,0,0,0,0,0,0,0,0,0,0,0,0,0,0,0,7455,737,568,41,5.0,3.5,5.9,2.9,2.9,2.9,2.9,3.5,5.9,2.9,2.9,2.9,2.9,283.45,350.22,168.95,165.91,350.55,350.55,0.82,282.59,283.45,0.00,156.44,201,6,0.4,0.4,0,0,0.0,0.0,0,
27.8.2026,17:32:20.490,6347,12907,32.9,5286,11023,32.4,2.4,2944,70,1.136,0.912,1.181,1.181,1.181,1.181,1.181,3780.0,3675.0,3620.0,3620.0,4525.0,3620.0,3620.0,100.0,131.1,36.6,1.4,23.8,40.2,191.4,129.1,51.3,593.6,72.1,245.7,93.0,95.5,131.1,4.2,0.0,0.0,0.0,2.8,6.0,1.7,0.0,9.5,0.5,10.1,18.6,0.9,18.6,4.2,3.4,0.7,0.0,0.5,1.0,4.9,3.2,1.3,16.1,1.8,6.5,2.3,2.3,3.4,37.8,36.8,36.2,36.2,45.2,36.2,36.2,5.4,5.1,0.8,1.2,6.0,14.3,6.1,2.3,29.7,5.6,9.6,65.5,62.8,27.9,6.9,65.2,93.6,89.2,28.5,22.9,66.1,90.7,1600.0,16.00,16,18,18,36,74,560,1,44.0,36.9,40.0,33.1,32.1,32.3,33.0,35.7,32.8,32.7,33.1,33.1,31.8,28.2,1.156,0.994,1.163,6.061,5.240,6.074,6.074,26.574,0.531,0.102,0.172,0.722,1.394,0.541,0.257,6.595,5.208,11.804,26.681,1600.0,1600.0,3821.6,3821.6,4650.0,35.1,10.1,6.7,38.8,204.4,No,No,No,0.102,0.042,0.3,44.0,40.5,37.0,34.5,34.5,37.5,37.0,12.168,5.010,1.002,1.348,1.038,0.788,0.844,1.562,3.352,1.834,1218,756,555,562,1.056,1.263,36,36,43,79.0,100.0,No,No,80704,102356,0.0,0.0,0.0,0.000,0.000,45602,11172,45.8,50.0,53.6,50,50,50,50,52,50,50,50,52,83.0,0.856,12.192,12.262,12.177,12.154,12.174,1171,1169,21.907,7.741,16.300,1.913,8.281,11.303,2.605,16.300,5.216,2.271,5.483,290.000,320.000,1590.0,101.2,1395.0,406.3,1500.0,1335.0,1017.8,64.0,964.1,0.0,1.0,0.0,0.0,9.0,0.0,0.0,0.0,0.0,0.0,69,69,Yes,No,No,No,No,Yes,No,7.4,7.5,5,0,0,0,0,0,0,0,0,137,0,0,0,0,0,0,0,0,0,0,0,0,0,0,0,0,0,0,0,0,7455,737,568,41,5.0,3.3,6.5,2.5,2.5,2.5,2.5,3.3,6.5,2.5,2.5,2.5,2.5,300.01,398.86,153.64,150.02,399.85,399.85,0.84,299.03,300.01,0.00,211.78,201,6,0.0,0.0,0,0,0.0,0.0,0,
27.8.2026,17:32:20.999,6347,12907,32.9,5287,11023,32.4,2.4,2944,70,1.144,0.956,1.181,1.181,1.181,1.181,1.181,3780.0,3675.0,3620.0,3620.0,4525.0,3620.0,3620.0,100.0,148.9,81.5,1.7,36.5,27.1,277.8,173.6,47.0,640.3,149.6,341.1,3.8,6.6,148.9,5.3,1.7,3.9,16.8,0.0,6.8,4.5,2.0,17.5,6.8,0.0,3.9,0.0,17.5,5.3,3.7,0.8,0.0,0.8,0.6,7.0,4.2,1.3,17.2,3.5,8.9,0.1,0.2,3.7,37.8,36.8,36.2,36.2,45.2,36.2,36.2,5.4,5.8,1.0,1.2,7.5,15.3,9.5,0.3,28.6,1.2,10.4,57.2,60.4,41.2,1.1,65.7,97.9,88.5,35.5,24.2,49.3,98.7,1600.0,16.00,16,18,18,36,74,560,1,43.9,37.2,39.8,33.2,32.1,32.4,33.1,35.9,33.4,32.2,33.1,33.1,33.8,28.4,1.156,0.994,1.163,6.376,5.230,6.359,6.359,27.069,0.569,0.101,0.196,0.787,1.445,0.839,0.045,6.960,5.199,12.159,26.962,1600.0,1600.0,3904.3,3904.3,4650.0,35.5,10.6,7.1,39.1,201.8,No,No,No,0.136,0.061,0.3,44.0,39.5,37.0,34.5,34.5,38.0,37.0,12.168,5.000,1.002,1.348,0.964,0.788,0.844,1.562,3.352,1.836,1182,756,555,562,1.056,1.263,36,36,43,79.0,100.0,No,No,80704,102356,0.0,0.0,0.0,0.000,0.000,45602,11172,45.6,50.0,53.4,50,50,50,50,50,50,50,50,52,83.0,0.856,12.192,12.260,12.177,12.155,12.175,1161,1162,21.870,7.356,15.438,1.851,7.781,10.781,2.496,15.438,4.998,2.278,5.138,290.000,320.000,1590.0,101.2,1395.0,410.4,1500.0,1335.0,1139.4,71.7,1073.7,1.0,1.0,0.0,0.0,9.0,0.0,0.0,0.0,0.0,0.0,69,69,Yes,No,No,No,No,Yes,No,7.0,7.5,5,0,0,0,0,0,0,0,0,137,0,0,0,0,0,0,0,0,0,0,0,0,0,0,0,0,0,0,0,0,7455,737,568,41,5.0,3.3,9.4,2.4,2.4,2.4,2.4,3.3,9.4,2.4,2.4,2.4,2.4,305.51,416.23,106.10,100.71,416.57,416.57,0.82,304.61,305.51,0.00,288.92,201,6,0.4,0.4,0,0,0.0,0.0,0,
27.8.2026,17:32:21.492,6347,12906,32.9,5286,11023,32.4,2.4,2944,70,1.116,0.912,1.156,1.156,1.156,1.156,1.156,3780.0,3675.0,3620.0,3620.0,3620.0,4525.0,3620.0,100.0,149.9,86.6,0.6,13.3,18.7,169.0,255.8,22.0,508.3,305.1,393.0,12.7,13.1,149.9,7.5,2.4,1.5,0.0,14.8,5.2,7.3,0.0,10.0,7.6,17.2,19.0,4.7,19.0,7.5,3.7,0.8,0.0,0.3,0.4,4.4,6.8,0.6,13.8,7.3,9.8,0.3,0.3,3.7,37.8,36.8,36.2,36.2,36.2,45.2,36.2,13.5,5.1,0.9,0.7,6.6,11.7,10.3,0.4,31.2,1.3,16.4,71.2,46.4,45.5,6.6,63.8,97.9,83.0,22.3,41.9,44.3,93.1,1600.0,16.00,16,18,18,36,74,560,1,43.6,36.5,46.8,33.1,32.0,32.2,33.4,35.0,33.7,32.1,32.9,32.9,32.0,28.3,1.194,0.994,1.206,6.177,5.077,6.177,6.177,26.271,0.574,0.096,0.185,0.897,1.083,1.038,0.147,6.669,5.049,11.718,26.169,1600.0,1600.0,3610.8,3610.8,4650.0,34.4,10.3,6.9,38.4,191.7,No,No,No,0.154,0.038,0.3,43.0,39.5,37.0,34.5,34.0,38.0,37.0,12.192,5.010,1.002,1.352,0.936,0.788,0.844,1.562,3.356,1.834,1182,757,555,562,1.056,1.258,36,36,43,79.0,100.0,No,No,80704,102356,0.0,0.0,0.0,0.000,0.000,45602,11172,45.5,50.0,53.5,50,50,50,50,50,50,50,48,50,83.0,0.856,12.199,12.265,12.186,12.162,12.182,1153,1155,21.898,7.531,15.812,1.889,7.994,10.970,2.522,15.812,5.046,2.298,5.437,290.000,320.000,1590.0,101.2,1395.0,410.4,1500.0,1335.0,1305.7,82.3,1232.2,0.0,1.0,0.0,0.0,9.0,0.0,0.0,0.0,0.0,0.0,69,69,Yes,No,No,No,No,Yes,No,7.2,7.5,5,0,0,0,0,0,0,0,0,137,0,0,0,0,0,0,0,0,0,0,0,0,0,0,0,0,0,0,0,0,7455,737,568,41,5.0,3.2,11.1,2.3,2.3,2.3,2.3,3.2,11.1,2.3,2.3,2.3,2.3,311.20,433.23,90.13,84.13,433.57,433.57,0.88,310.29,311.20,0.00,333.22,201,6,0.0,0.0,0,0,0.0,0.0,0,
27.8.2026,17:32:22.000,7090,12163,36.8,5649,10661,34.6,2.4,2944,70,1.206,1.200,1.200,1.200,1.212,1.212,1.212,3921.7,3620.0,3620.0,3620.0,4525.0,4525.0,3620.0,100.0,550.4,128.3,46.7,317.5,173.1,1714.2,247.1,122.6,899.7,2208.1,513.4,151.5,82.3,550.4,12.4,2.1,4.1,7.2,12.3,36.0,2.3,5.6,22.4,48.1,4.8,3.5,0.0,48.1,12.4,14.4,2.2,1.2,8.4,4.4,45.8,6.2,3.1,24.3,58.5,12.8,4.0,2.1,14.4,39.2,36.2,36.2,36.2,45.2,45.2,36.2,0.0,23.3,3.2,11.4,42.3,21.9,55.3,5.6,49.2,25.1,67.4,57.5,58.7,44.7,42.0,27.5,71.8,21.2,0.2,19.4,0.0,52.5,1600.0,16.00,16,18,18,36,74,560,1,44.2,43.1,47.5,36.5,33.9,34.6,38.3,37.8,40.6,33.9,34.0,34.0,32.8,27.8,1.163,0.994,1.175,14.488,5.522,14.417,16.693,36.978,1.963,0.519,1.442,2.933,2.190,3.864,0.831,17.065,5.488,22.553,37.728,1600.0,1600.0,4412.7,4412.7,4650.0,49.6,24.0,18.5,45.4,144.5,No,No,No,1.577,1.202,1.4,43.0,40.5,37.0,34.5,34.0,38.0,37.0,12.168,5.000,1.002,1.352,0.826,0.788,0.844,1.562,3.352,1.834,1171,757,555,562,1.056,1.258,36,36,44,79.0,100.0,No,No,80704,102356,0.0,0.0,0.0,0.000,0.049,45602,11172,45.2,50.0,53.1,50,50,50,50,50,50,50,50,50,83.0,0.856,12.193,12.260,12.179,12.156,12.176,1144,1146,21.925,7.424,15.690,1.839,7.953,10.831,2.472,15.690,4.956,2.261,5.120,290.000,320.000,1590.0,101.2,1395.0,432.9,1500.0,1335.0,1397.6,88.5,1326.5,1.0,1.0,0.0,0.0,9.0,0.0,0.0,0.0,0.0,0.0,68,68,Yes,No,No,No,No,Yes,No,7.1,7.5,5,0,0,0,0,0,0,0,0,137,0,0,0,0,0,0,0,0,0,0,0,0,0,0,0,0,0,0,0,0,7455,737,568,41,5.0,3.1,11.1,2.2,2.2,2.2,2.2,3.1,11.0,2.2,2.2,2.2,2.2,322.38,450.22,90.03,83.72,450.56,450.56,0.94,321.47,322.38,0.00,355.63,201,6,2.0,0.1,0,0,0.0,0.0,0,
27.8.2026,17:32:22.502,7538,11716,39.1,5785,10524,35.4,2.4,2944,70,1.201,1.188,1.200,1.200,1.206,1.206,1.206,3921.7,3620.0,3620.0,4525.0,4525.0,3620.0,3620.0,100.0,601.6,99.6,44.0,151.1,395.0,1018.2,1996.0,383.9,554.4,517.1,1876.2,91.4,92.4,601.6,13.0,0.0,0.0,4.8,7.6,18.7,44.5,6.6,7.9,9.3,43.8,6.3,6.4,44.5,13.0,15.8,1.6,1.1,3.9,10.1,27.5,53.1,9.9,14.8,13.0,49.8,2.3,2.4,15.8,39.2,36.2,36.2,45.2,45.2,36.2,36.2,0.0,25.1,2.9,12.9,66.6,14.0,49.7,4.5,54.0,18.2,78.5,33.4,67.6,50.3,76.2,20.9,78.9,8.6,0.0,18.4,0.0,19.3,1600.0,16.00,16,18,18,36,74,560,1,45.0,45.6,42.2,37.7,35.1,35.3,43.4,37.0,40.9,34.6,34.8,34.8,33.8,28.5,1.206,0.994,1.219,16.173,5.471,16.159,19.947,39.860,2.327,0.416,1.711,4.964,1.874,3.861,1.134,19.200,5.437,24.637,39.823,1600.0,1600.0,4525.0,4525.0,4650.0,52.4,26.9,22.2,48.0,137.0,No,No,No,0.877,0.408,1.5,44.0,39.5,37.0,34.5,34.5,38.0,37.0,12.168,5.000,1.004,1.348,1.182,0.788,0.844,1.562,3.352,1.834,1171,757,556,549,1.057,1.247,36,36,44,79.0,100.0,No,No,80704,102356,0.0,0.0,0.0,0.000,0.000,45602,11172,45.2,52.0,52.9,50,50,50,50,50,48,50,50,50,83.0,0.856,12.193,12.262,12.179,12.155,12.177,1136,1138,22.076,7.755,16.202,1.876,8.331,11.292,2.655,16.202,5.328,2.303,5.606,290.000,320.000,1590.0,101.2,1395.0,432.9,1500.0,1335.0,1132.3,71.3,1071.6,0.0,1.0,0.0,0.0,9.0,0.0,0.1,0.0,0.0,0.0,68,68,Yes,No,No,No,No,Yes,No,7.4,7.5,5,0,0,0,0,0,0,0,0,137,0,0,0,0,0,0,0,0,0,0,0,0,0,0,0,0,0,0,0,0,7455,737,568,41,5.0,3.0,24.1,2.0,2.0,2.0,2.0,3.1,24.1,2.0,2.0,2.0,2.0,327.91,499.09,41.45,33.94,500.08,500.08,0.84,327.04,327.91,0.00,417.08,201,6,0.0,0.0,0,0,0.0,0.0,0,
27.8.2026,17:32:23.001,7566,11687,39.2,5807,10502,35.6,2.4,2944,70,1.194,1.169,1.200,1.200,1.206,1.206,1.181,3921.7,3620.0,3620.0,3620.0,4525.0,4525.0,3620.0,100.0,560.7,89.2,12.9,171.2,216.2,215.4,2349.1,399.2,530.7,81.2,2458.6,103.9,100.7,560.7,12.9,3.0,0.0,5.1,0.2,11.3,52.5,9.8,15.5,0.0,54.3,3.5,0.0,54.3,12.9,14.9,2.0,0.3,4.5,5.6,5.7,63.1,10.5,14.3,2.0,65.4,2.6,2.7,14.9,39.2,36.2,36.2,36.2,45.2,45.2,36.2,0.0,24.3,2.2,9.3,56.9,17.4,55.1,4.8,44.5,10.7,60.6,43.1,63.3,44.9,44.2,31.3,87.1,30.1,0.0,19.3,0.0,51.0,1600.0,16.00,16,18,18,36,74,560,1,45.8,46.3,45.0,37.3,34.7,34.7,41.9,37.2,41.2,34.4,34.9,34.9,33.2,28.8,1.181,0.994,1.194,15.387,5.472,15.403,17.800,38.980,2.105,0.279,1.153,4.221,1.869,4.359,0.746,18.226,5.438,23.664,38.872,1600.0,1600.0,4525.0,4525.0,4650.0,51.1,25.7,19.8,48.7,144.2,No,No,No,0.659,0.355,1.5,45.0,39.5,37.5,34.5,34.5,38.0,37.5,12.168,5.000,1.004,1.348,1.186,0.788,0.844,1.560,3.348,1.834,1159,758,556,549,1.057,1.247,36,36,43,79.0,100.0,No,No,80704,102356,0.0,0.0,0.0,0.000,0.000,45602,11172,45.1,50.0,53.0,49,50,50,50,50,48,48,48,50,83.0,0.856,12.195,12.262,12.183,12.158,12.179,1126,1130,22.006,7.466,15.744,1.827,7.992,10.918,2.497,15.744,5.010,2.297,5.165,290.000,320.000,1590.0,101.2,1395.0,419.3,1500.0,1335.0,1117.0,70.2,1055.7,1.0,1.0,0.0,0.0,9.0,0.0,0.0,0.0,0.0,0.0,68,68,Yes,No,No,No,No,Yes,No,7.2,7.8,5,0,0,0,0,0,0,0,0,137,0,0,0,0,0,0,0,0,0,0,0,0,0,0,0,0,0,0,0,0,7455,737,568,41,5.0,3.0,38.3,2.0,2.0,2.0,2.0,3.0,38.0,2.0,2.0,2.0,2.0,338.93,500.24,26.13,17.43,500.25,500.25,0.80,338.12,338.93,0.00,478.01,201,6,0.0,0.0,0,0,0.0,0.0,0,
27.8.2026,17:32:23.499,8717,10536,45.2,6019,10290,36.9,2.4,2944,70,1.192,1.169,1.188,1.188,1.200,1.200,1.206,3921.7,3620.0,3620.0,4525.0,4525.0,3620.0,3620.0,100.0,570.6,259.1,44.5,126.3,224.0,233.8,3222.5,185.3,593.9,558.9,1105.4,128.8,165.0,570.6,12.4,3.5,5.0,4.2,3.4,0.3,70.9,2.6,11.7,15.9,23.5,0.0,7.8,70.9,12.4,15.2,5.8,1.0,3.3,5.8,6.2,86.9,5.3,16.0,14.7,30.1,3.2,4.3,15.2,39.2,36.2,36.2,45.2,45.2,36.2,36.2,0.0,25.3,6.3,8.3,75.6,17.6,37.3,6.8,55.1,65.6,54.4,24.4,72.7,62.7,50.6,19.6,28.1,37.3,0.0,9.7,0.0,42.6,1600.0,16.00,16,18,18,36,74,560,1,46.4,46.8,47.0,37.9,36.3,34.6,44.6,37.4,39.7,34.6,34.8,34.8,32.0,28.4,1.200,0.994,1.212,15.018,5.838,15.041,19.872,39.717,1.972,1.063,1.063,4.260,1.867,2.634,0.946,17.837,5.801,23.638,39.650,1600.0,1600.0,4499.8,4499.8,4650.0,52.2,25.1,22.1,49.3,149.7,No,No,No,0.789,0.754,1.5,46.0,39.5,37.5,34.5,34.5,38.0,37.5,12.072,4.960,1.004,1.348,1.172,0.788,0.844,1.558,3.352,1.836,1159,758,556,549,1.056,1.262,36,36,43,79.0,100.0,No,No,80704,102356,0.0,0.1,0.1,0.000,0.063,45602,11172,54.8,56.0,64.4,54,56,54,54,54,54,54,54,56,83.0,0.850,12.058,12.134,12.053,12.040,12.006,1114,1116,60.679,90.476,189.402,32.955,100.700,86.655,15.463,189.402,30.935,33.627,135.140,290.000,320.000,1590.0,1156.5,1395.0,419.3,1515.0,1335.0,1590.1,1155.4,1514.8,96.0,22.0,0.0,0.0,20.5,0.0,0.0,0.0,0.0,0.0,68,68,Yes,No,No,No,No,Yes,No,76.0,76.4,5,0,0,0,0,0,0,0,0,138,0,0,0,0,0,0,0,0,0,0,0,0,0,0,0,0,0,0,0,0,6514,1678,1509,115,16.0,3.1,39.6,2.0,2.0,2.0,2.0,3.1,39.2,2.0,2.0,2.0,2.0,327.79,499.58,25.25,17.14,500.25,500.25,0.77,327.05,327.79,0.00,472.62,201,6,0.0,0.0,0,0,0.0,0.0,0,
27.8.2026,17:32:24.006,8718,10535,45.2,6019,10290,36.9,2.4,2944,70,1.174,1.169,1.175,1.175,1.175,1.175,1.175,3921.7,3620.0,3620.0,4525.0,4525.0,3620.0,3620.0,100.0,537.5,89.5,22.3,166.5,27.5,7.3,4512.7,139.4,702.2,346.2,339.4,39.2,57.8,537.5,15.0,3.0,4.8,5.2,7.7,4.4,99.8,4.5,16.8,9.2,9.2,15.1,0.0,99.8,15.0,14.4,1.7,0.6,4.4,0.7,0.2,122.0,3.8,18.9,9.2,9.1,1.0,1.5,14.4,39.2,36.2,36.2,45.2,45.2,36.2,36.2,0.0,23.8,2.3,4.5,99.8,18.7,15.4,2.3,41.2,50.9,23.2,0.2,72.8,84.6,15.8,34.9,46.8,72.3,0.0,8.5,0.0,81.9,1600.0,16.00,16,18,18,36,74,560,1,46.6,47.1,46.8,37.3,35.9,33.5,46.9,37.4,36.6,33.3,34.6,34.6,34.0,28.9,1.200,0.994,1.212,13.576,5.972,13.572,16.745,38.282,1.636,0.697,0.522,4.649,1.991,1.636,0.322,16.084,5.935,22.019,38.267,1600.0,1600.0,4525.0,4525.0,4650.0,50.4,22.6,18.6,49.5,163.1,No,No,No,0.231,0.198,1.4,46.0,40.5,37.5,34.5,34.5,38.0,37.5,12.072,4.960,1.002,1.348,1.174,0.788,0.844,1.550,3.308,1.834,1210,771,556,549,1.056,1.262,36,36,43,79.0,100.0,No,No,80704,102356,0.0,0.0,0.0,0.000,0.008,45602,11172,57.7,58.0,67.9,58,58,56,58,58,58,56,58,58,83.0,0.850,12.056,12.130,12.050,12.041,12.003,1103,1102,150.938,91.284,191.278,33.249,101.930,87.226,15.568,191.278,31.149,33.533,136.344,290.000,320.000,1590.0,1156.5,1395.0,1234.6,1515.0,1335.0,1590.6,1155.7,1515.5,100.0,24.0,0.0,0.0,20.5,25.0,100.0,0.0,0.0,0.0,68,68,Yes,No,No,No,No,Yes,No,76.7,77.2,5,0,0,0,0,0,0,0,0,138,0,0,0,0,0,0,0,0,0,0,0,0,0,0,0,0,0,0,0,0,6514,1678,1509,115,16.0,3.1,13.4,2.1,2.1,2.1,2.1,3.1,13.5,2.1,2.1,2.1,2.1,327.86,466.55,74.45,67.55,466.89,466.89,0.63,327.19,327.86,0.00,411.28,201,6,5.6,0.4,0,0,0.0,0.0,0,
27.8.2026,17:32:24.502,8716,10537,45.2,6011,10298,36.8,2.4,2944,70,1.179,1.169,1.169,1.169,1.169,1.200,1.200,3921.7,3620.0,3620.0,4525.0,3620.0,4525.0,3620.0,100.0,528.8,74.2,12.1,71.0,44.3,5.8,4519.2,89.6,571.4,629.0,133.8,95.6,99.2,528.8,10.2,0.0,0.0,0.1,0.0,0.0,99.9,0.0,8.5,12.5,1.7,0.0,0.0,99.9,10.2,14.2,1.6,0.3,1.8,1.1,0.1,122.1,2.6,15.4,16.5,3.6,2.4,2.5,14.2,39.2,36.2,36.2,45.2,36.2,45.2,36.2,0.0,23.3,2.0,2.7,99.9,15.0,16.4,4.0,39.1,44.5,28.9,0.1,71.9,75.7,13.7,37.5,53.5,68.4,0.0,13.1,7.9,82.3,1600.0,16.00,16,18,18,36,74,560,1,46.9,47.0,46.2,37.2,35.8,33.4,46.9,36.9,36.5,33.6,34.6,34.6,33.5,28.5,1.188,0.994,1.200,13.244,5.984,13.273,16.390,37.961,1.579,0.623,0.475,4.644,1.741,1.579,0.415,15.684,5.947,21.630,37.916,1600.0,1600.0,4525.0,4525.0,4650.0,49.9,22.1,18.2,49.5,164.8,No,No,No,0.199,0.142,1.4,46.0,40.5,37.5,34.5,34.5,38.0,37.5,12.072,4.960,1.002,1.348,1.174,0.788,0.844,1.548,3.312,1.834,1210,771,555,547,1.056,1.261,36,36,43,79.0,100.0,No,No,80704,102356,0.0,0.0,0.0,0.000,0.000,45602,11172,58.5,58.0,68.7,58,58,58,58,58,58,58,58,58,83.0,0.850,12.057,12.134,12.052,12.039,12.003,1098,1097,220.514,90.761,190.296,33.187,100.974,86.477,15.184,190.296,30.370,33.782,136.289,290.000,320.000,1590.0,1156.5,1395.0,1234.6,1515.0,1335.0,1589.8,1155.3,1515.1,100.0,21.0,0.0,0.0,20.5,25.0,100.0,0.0,0.0,0.0,68,68,Yes,No,No,No,No,Yes,No,76.3,74.3,5,0,0,0,0,0,0,0,0,138,0,0,0,0,0,0,0,0,0,0,0,0,0,0,0,0,0,0,0,0,6514,1678,1509,115,16.0,3.2,13.5,2.2,2.2,2.2,2.2,3.2,13.5,2.2,2.2,2.2,2.2,316.58,449.57,73.90,67.30,449.90,449.90,0.63,315.96,316.58,0.00,377.74,201,6,0.7,0.0,0,0,0.0,0.0,0,
27.8.2026,17:32:25.007,8717,10536,45.2,6020,10289,36.9,2.4,2944,70,1.200,1.169,1.206,1.206,1.206,1.206,1.206,3921.7,3620.0,3620.0,3620.0,4525.0,4525.0,3620.0,100.0,589.1,90.6,14.6,107.3,99.5,585.9,410.8,282.7,874.8,7.0,4521.3,45.9,28.8,589.1,15.6,2.9,0.0,0.6,0.0,16.5,9.2,28.6,22.5,0.0,99.6,5.1,1.8,99.6,15.6,15.6,1.8,0.4,2.8,2.6,15.5,9.6,7.1,23.2,0.5,121.9,1.2,0.7,15.6,39.2,36.2,36.2,36.2,45.2,45.2,36.2,0.0,24.6,2.3,5.0,18.5,19.7,99.9,1.8,42.2,55.3,38.2,81.5,63.0,0.1,14.9,33.3,42.5,56.8,0.0,17.2,0.0,83.2,1600.0,16.00,16,18,18,36,74,560,1,47.2,47.8,44.5,37.4,34.7,33.9,37.5,37.6,47.6,33.3,34.6,34.6,32.5,29.3,1.219,0.994,1.231,13.935,6.008,13.864,17.937,38.336,1.780,0.745,0.722,2.000,2.195,4.698,0.318,16.549,5.971,22.520,38.682,1600.0,1600.0,4525.0,4525.0,4650.0,50.9,23.1,19.9,50.3,154.6,No,No,No,0.200,0.207,1.5,47.0,39.5,37.5,34.5,34.5,38.0,37.5,12.072,4.960,1.004,1.348,1.174,0.788,0.844,1.548,3.308,1.834,1197,753,553,547,1.056,1.261,36,36,43,79.0,100.0,No,No,80704,102356,0.0,0.0,0.0,0.000,0.000,45602,11172,58.9,60.0,68.9,58,58,58,58,60,58,58,58,60,83.0,0.850,12.055,12.130,12.051,12.038,12.002,1102,1094,220.676,90.702,190.336,33.223,100.927,86.508,15.171,190.336,30.356,33.398,136.065,290.000,320.000,1590.0,1156.5,1395.0,1589.6,1515.0,1335.0,1590.0,1155.0,1514.7,100.0,20.0,0.0,0.0,20.5,25.0,100.0,0.0,0.0,0.0,68,68,Yes,No,No,No,No,Yes,No,76.0,77.1,5,0,0,0,0,0,0,0,0,138,0,0,0,0,0,0,0,0,0,0,0,0,0,0,0,0,0,0,0,0,6514,1678,1509,115,16.0,3.2,9.4,2.3,2.3,2.3,2.3,3.2,9.4,2.3,2.3,2.3,2.3,311.10,432.61,106.45,101.07,433.29,433.29,0.70,310.45,311.10,0.00,333.20,201,6,0.4,0.4,0,0,0.0,0.0,0,
27.8.2026,17:32:25.522,8715,10538,45.2,6011,10298,36.8,2.4,2944,70,1.184,1.169,1.188,1.188,1.188,1.188,1.188,4072.5,3620.0,3620.0,4525.0,4525.0,4525.0,3620.0,100.0,537.8,66.8,14.9,90.6,57.9,4.4,4522.4,377.7,653.5,326.2,134.4,168.0,36.9,537.8,13.7,2.3,7.1,0.0,5.4,0.0,99.9,8.9,15.6,8.5,3.8,0.0,12.5,99.9,13.7,14.4,1.2,0.4,2.4,1.5,0.1,122.1,9.6,17.7,8.7,3.1,4.5,1.0,14.4,40.7,36.2,36.2,45.2,45.2,45.2,36.2,0.0,23.6,1.7,3.6,99.8,21.7,10.2,4.6,43.2,68.6,29.1,0.2,62.4,89.8,8.8,33.3,29.7,67.2,0.0,15.9,0.0,86.7,1600.0,16.00,16,18,18,36,74,560,1,47.2,47.1,45.8,37.4,36.1,33.5,46.9,37.6,36.5,33.7,34.6,34.6,33.5,29.6,1.206,0.994,1.219,13.455,5.972,13.496,16.585,38.330,1.644,0.859,0.525,4.661,1.941,1.499,0.379,15.955,5.935,21.890,38.196,1600.0,1600.0,4525.0,4525.0,4650.0,50.3,22.5,18.4,49.6,160.9,No,No,No,0.223,0.156,1.4,47.0,39.5,37.5,34.5,34.5,38.0,37.5,12.072,4.960,1.004,1.348,1.174,0.788,0.844,1.550,3.312,1.834,1197,753,553,545,1.056,1.255,36,36,43,79.0,100.0,No,No,80704,102356,0.0,0.0,0.0,0.000,0.000,45602,11172,59.2,60.0,69.2,60,58,60,60,62,60,58,58,60,83.0,0.850,12.054,12.128,12.051,12.038,12.001,1103,1098,220.899,90.189,190.257,33.219,100.986,86.444,15.193,190.257,30.399,33.794,131.155,290.000,320.000,1590.0,1156.5,1395.0,1589.6,1515.0,1335.0,1590.1,1155.7,1514.8,100.0,23.0,0.0,0.0,20.5,25.0,100.0,0.0,0.0,0.0,68,68,Yes,No,No,No,No,Yes,No,76.9,77.1,5,0,0,0,0,0,0,0,0,138,0,0,0,0,0,0,0,0,0,0,0,0,0,0,0,0,0,0,0,0,6514,1678,1509,115,16.0,3.3,7.2,2.5,2.5,2.5,2.5,3.3,7.2,2.5,2.5,2.5,2.5,299.84,398.86,138.24,134.05,399.53,399.53,0.96,298.96,299.84,0.00,266.26,201,6,2.3,0.0,0,0,0.0,0.0,0,
27.8.2026,17:32:26.018,8715,10538,45.2,6010,10299,36.8,2.4,2944,70,1.188,1.169,1.188,1.188,1.188,1.188,1.206,4072.5,3620.0,3620.0,4525.0,4525.0,4525.0,3620.0,100.0,530.3,106.9,26.1,204.7,37.2,46.0,4145.6,385.5,500.5,507.2,245.2,78.0,80.9,530.3,13.3,0.2,0.0,13.8,2.2,2.3,91.5,6.7,9.7,12.4,3.7,3.1,13.6,91.5,13.3,14.1,2.0,0.7,5.4,0.9,1.2,112.0,10.1,13.5,13.5,6.1,2.0,2.1,14.1,40.7,36.2,36.2,45.2,45.2,45.2,36.2,0.0,23.0,2.7,5.7,92.6,17.3,16.3,3.5,43.9,52.5,29.6,7.4,75.5,76.9,21.3,33.1,44.7,64.7,0.0,7.2,6.8,75.2,1600.0,16.00,16,18,18,36,74,560,1,47.4,46.5,46.8,37.2,35.9,33.9,46.1,37.2,36.6,33.7,34.7,34.7,34.0,28.9,1.188,0.994,1.200,13.477,5.973,13.468,16.306,38.078,1.629,0.729,0.651,4.412,1.924,1.617,0.443,15.940,5.936,21.876,38.132,1600.0,1600.0,4499.8,4499.8,4650.0,50.2,22.4,18.1,48.9,162.7,No,No,No,0.273,0.322,1.4,47.0,39.5,37.5,34.5,34.5,38.0,37.5,12.072,4.960,1.004,1.348,1.184,0.788,0.844,1.550,3.312,1.834,1248,752,551,558,1.056,1.255,36,36,43,79.0,100.0,No,No,80704,102356,0.0,0.0,0.0,0.000,0.000,45602,11172,59.1,60.0,69.2,60,60,60,60,60,60,58,60,60,83.0,0.850,12.056,12.129,12.050,12.040,12.004,1104,1101,215.380,91.529,191.483,33.257,102.247,87.389,15.714,191.483,31.437,33.328,137.424,290.000,320.000,1590.0,1156.5,1395.0,1589.6,1515.0,1335.0,1590.3,1155.4,1515.4,100.0,23.0,0.0,0.0,20.5,25.0,100.0,0.0,0.0,0.0,68,68,Yes,No,No,No,No,Yes,No,76.9,76.3,5,0,0,0,0,0,0,0,0,138,0,0,0,0,0,0,0,0,0,0,0,0,0,0,0,0,0,0,0,0,6514,1678,1509,115,16.0,3.4,5.9,2.7,2.7,2.7,2.7,3.4,5.9,2.7,2.7,2.7,2.7,294.39,366.06,170.74,167.45,366.39,366.39,0.90,293.46,294.39,0.00,205.24,201,6,0.5,0.4,0,0,0.0,0.0,0,
27.8.2026,17:32:26.517,8717,10536,45.2,6011,10298,36.8,2.4,2944,70,1.218,1.256,1.244,1.244,1.188,1.188,1.188,4126.7,3720.0,3720.0,4650.0,4525.0,4525.0,3620.0,100.0,530.2,59.1,6.0,78.0,30.2,5.5,4511.6,408.6,572.6,333.1,299.0,31.9,26.8,530.2,12.0,2.5,0.0,0.0,2.0,1.4,99.2,10.7,11.4,8.9,6.2,0.0,1.9,99.2,12.0,14.3,1.2,0.1,2.0,0.7,0.1,121.9,11.2,15.4,7.9,8.9,0.8,0.7,14.3,41.3,37.2,37.2,46.5,45.2,45.2,36.2,0.0,22.9,1.6,2.8,99.1,17.0,15.4,1.5,33.1,30.8,18.4,0.9,65.6,67.7,14.9,44.0,67.6,78.8,0.0,17.4,16.9,83.6,1600.0,16.00,16,18,18,36,74,560,1,47.8,47.6,49.5,37.1,35.6,33.3,47.3,36.6,36.3,33.3,34.7,34.7,32.2,29.0,1.256,0.994,1.269,13.297,6.005,13.293,15.882,38.093,1.567,0.506,0.401,4.807,1.888,1.495,0.307,15.951,5.967,21.918,38.159,1600.0,1600.0,4551.1,4551.1,4650.0,50.2,22.2,17.6,50.1,168.6,No,No,No,0.208,0.167,1.4,47.0,40.5,37.5,34.5,34.5,38.0,37.5,12.072,4.960,1.004,1.348,1.210,0.786,0.842,1.550,3.312,1.834,1248,752,551,558,1.056,1.251,36,36,43,79.0,100.0,No,No,80704,102356,0.0,0.0,0.0,0.000,0.088,45602,11172,59.8,60.0,69.9,60,60,60,60,62,60,60,60,60,83.0,0.850,12.054,12.127,12.050,12.039,12.002,1104,1101,215.458,91.087,191.214,33.434,101.254,86.870,15.182,191.214,30.383,33.601,136.627,290.000,320.000,1590.0,1156.5,1395.0,1589.6,1515.0,1335.0,1589.7,1155.5,1515.0,100.0,20.0,0.0,0.0,20.5,25.0,100.0,0.0,0.0,0.0,68,68,Yes,No,No,No,No,Yes,No,76.4,72.0,5,0,0,0,0,0,0,0,0,138,0,0,0,0,0,0,0,0,0,0,0,0,0,0,0,0,0,0,0,0,6514,1678,1509,115,16.0,3.5,5.9,2.9,2.9,2.9,2.9,3.5,5.9,2.9,2.9,2.9,2.9,283.18,349.35,170.17,167.18,349.69,349.69,0.79,282.30,283.18,0.00,177.48,201,6,0.8,0.0,0,0,0.0,0.0,0,
27.8.2026,17:32:27.017,8714,10539,45.2,6011,10298,36.8,2.4,2944,70,1.232,1.262,1.256,1.256,1.206,1.206,1.206,4126.7,3720.0,3720.0,4650.0,4525.0,4525.0,3620.0,100.0,535.1,69.8,15.3,63.0,87.6,4613.3,9.9,207.8,587.2,404.4,252.4,64.1,45.8,535.1,13.2,0.0,7.4,5.8,3.6,99.2,0.0,3.2,16.9,8.5,8.0,5.9,0.0,99.2,13.2,14.3,1.3,0.4,1.6,2.3,124.6,0.3,5.0,15.9,10.2,6.7,1.7,1.2,14.3,41.3,37.2,37.2,46.5,45.2,45.2,36.2,0.0,24.1,1.8,4.0,99.3,20.3,16.4,3.0,36.6,43.7,24.9,0.7,72.4,63.8,13.9,39.3,54.4,71.1,0.0,7.3,19.8,83.0,1600.0,16.00,16,18,18,36,74,560,1,48.6,50.1,48.8,38.1,36.6,33.8,50.1,37.4,37.2,33.7,35.2,35.2,33.0,28.9,1.256,0.994,1.269,14.986,5.970,14.980,18.136,40.884,1.866,0.733,0.578,5.609,2.167,1.722,0.389,18.730,5.932,24.662,40.907,1600.0,1600.0,4649.1,4649.1,4650.0,53.8,25.0,20.2,52.7,167.1,No,No,No,0.207,0.197,1.4,48.0,39.5,37.5,35.0,34.5,38.0,37.5,12.072,4.960,1.002,1.348,1.210,0.786,0.842,1.548,3.308,1.834,1226,751,551,558,1.056,1.251,36,36,43,79.0,100.0,No,No,80704,102356,0.0,0.0,0.0,0.000,0.000,45602,11172,59.9,62.0,70.0,61,62,62,60,62,60,60,60,60,83.0,0.850,12.054,12.126,12.050,12.038,12.002,1104,1104,221.689,91.444,192.006,33.565,101.787,87.248,15.302,192.006,30.618,33.715,136.744,290.000,320.000,1590.0,1156.5,1395.0,1589.6,1515.0,1335.0,1588.9,1155.7,1514.5,100.0,22.0,0.0,0.0,20.5,25.0,100.0,0.0,0.0,0.0,68,68,Yes,No,No,No,No,Yes,No,76.8,74.5,5,0,0,0,0,0,0,0,0,138,0,0,0,0,0,0,0,0,0,0,0,0,0,0,0,0,0,0,0,0,6514,1678,1509,115,16.0,3.6,4.6,3.0,3.0,3.0,3.0,3.6,4.6,3.0,3.0,3.0,3.0,277.70,332.01,218.49,217.31,333.01,333.01,0.79,276.85,277.70,0.00,116.36,201,6,1.6,0.1,0,0,0.0,0.0,0,
27.8.2026,17:32:27.538,8738,10516,45.3,6024,10285,36.9,2.4,2944,70,1.256,1.256,1.256,1.256,1.256,1.256,1.256,3875.0,3720.0,3720.0,4650.0,3720.0,3720.0,3720.0,100.0,515.6,63.6,9.7,66.0,54.7,4591.1,8.3,80.7,716.2,377.3,136.4,60.2,22.8,515.6,13.4,2.5,7.1,2.9,0.0,98.8,4.3,4.5,20.0,12.2,4.7,2.7,1.8,98.8,13.4,14.1,1.4,0.2,1.7,1.4,124.1,0.2,3.6,19.1,11.4,3.6,1.5,0.6,14.1,38.8,37.2,37.2,46.5,37.2,37.2,37.2,0.0,23.8,1.7,3.1,98.8,22.5,14.3,2.1,35.0,51.8,18.9,1.2,72.6,57.2,8.4,41.2,46.5,78.0,0.0,4.9,28.5,89.5,1600.0,16.00,16,18,18,36,74,560,1,49.1,50.0,47.5,38.1,36.8,33.7,50.1,37.9,36.5,33.6,35.3,35.3,34.5,28.7,1.256,0.994,1.269,14.519,5.946,14.504,17.399,40.087,1.804,0.812,0.451,5.552,2.298,1.432,0.280,18.125,5.908,24.034,40.261,1600.0,1600.0,4648.7,4648.7,4650.0,53.0,24.2,19.3,52.7,166.1,No,No,No,0.186,0.122,1.4,48.0,39.5,37.5,34.5,34.5,38.0,37.5,12.072,4.950,1.002,1.348,1.246,0.786,0.844,1.550,3.316,1.834,1226,751,551,558,1.056,1.242,36,36,43,79.0,100.0,No,No,80704,102356,0.0,0.1,0.1,0.000,0.088,45602,11172,60.1,62.0,70.2,60,62,60,62,60,60,58,60,62,83.0,0.850,12.055,12.126,12.049,12.041,12.004,1112,1111,221.535,91.181,191.395,33.516,101.247,87.005,15.196,191.395,30.407,33.550,136.917,290.000,320.000,1590.0,1156.5,1395.0,1589.6,1515.0,1335.0,1590.3,1155.2,1515.1,100.0,21.0,0.0,0.0,20.5,12.2,48.9,0.0,0.0,0.0,69,69,Yes,No,No,No,No,Yes,No,76.5,76.7,5,0,0,0,0,0,0,0,0,138,0,0,0,0,0,0,0,0,0,0,0,0,0,0,0,0,0,0,0,0,6514,1678,1509,115,16.0,3.9,4.3,3.5,3.5,3.5,3.5,3.9,4.3,3.5,3.5,3.5,3.5,258.28,282.43,234.13,233.68,282.92,282.92,0.77,257.50,258.28,0.00,57.89,201,6,0.3,0.1,0,0,0.0,0.0,0,
27.8.2026,17:32:28.029,8716,10537,45.2,6012,10297,36.8,2.4,2944,70,1.202,1.169,1.206,1.206,1.206,1.206,1.219,3921.7,3620.0,3620.0,4525.0,4525.0,3620.0,3620.0,100.0,519.6,97.4,44.9,141.8,61.4,793.8,310.6,190.0,756.3,3733.5,18.0,38.0,49.3,519.6,10.9,3.2,0.0,0.0,0.0,18.7,2.4,5.4,17.9,83.1,0.0,0.0,0.0,83.1,10.9,13.9,1.9,1.2,3.7,1.6,21.3,8.3,5.0,20.3,100.9,0.5,1.0,1.3,13.9,39.2,36.2,36.2,45.2,45.2,36.2,36.2,0.0,22.2,2.6,4.8,22.5,16.9,83.8,2.2,45.4,49.9,39.4,77.5,70.0,16.2,19.7,32.4,47.5,55.7,0.0,13.1,0.0,78.1,1600.0,16.00,16,18,18,36,74,560,1,49.1,47.1,50.5,37.3,35.1,34.1,38.1,37.5,45.6,33.7,34.8,34.8,34.0,28.9,1.206,0.994,1.219,13.507,6.025,13.511,15.868,38.451,1.633,0.708,0.693,1.945,1.981,4.102,0.369,16.019,5.987,22.006,38.283,1600.0,1600.0,4505.0,4505.0,4650.0,50.4,22.5,17.6,49.5,163.1,No,No,No,0.292,0.244,1.3,49.0,40.5,37.5,35.0,34.5,38.0,37.5,12.048,4.960,1.002,1.348,1.164,0.786,0.842,1.548,3.308,1.834,1242,750,552,545,1.056,1.242,36,36,44,79.0,100.0,No,No,80704,102356,0.0,0.0,0.0,0.000,0.000,45602,11172,58.3,60.0,68.4,60,60,60,60,60,60,60,60,60,83.0,0.850,12.102,12.185,12.092,12.079,12.053,1124,1120,221.562,55.411,126.633,20.276,72.163,63.295,14.403,126.633,28.785,33.210,13.300,290.000,320.000,1590.0,1156.5,1395.0,1589.5,1515.0,1335.0,1589.9,1155.4,1515.0,78.0,17.0,0.0,0.0,20.5,25.0,100.0,0.0,0.0,0.0,69,69,Yes,No,No,No,No,Yes,No,53.6,77.8,5,0,0,0,0,0,0,0,0,138,0,0,0,0,0,0,0,0,0,0,0,0,0,0,0,0,0,0,0,0,6514,1678,1509,115,16.0,3.7,4.0,3.5,3.5,3.5,3.5,3.7,4.0,3.5,3.5,3.5,3.5,267.04,284.08,249.99,249.68,284.43,284.43,0.67,266.32,267.04,0.00,25.04,201,6,12.8,13.7,0,0,0.0,0.0,0,
27.8.2026,17:32:28.537,8716,10537,45.2,6012,10297,36.8,2.4,2944,70,1.188,1.169,1.194,1.194,1.194,1.188,1.188,4072.5,3620.0,3620.0,4525.0,4525.0,4525.0,3620.0,100.0,546.9,78.6,30.5,81.8,29.1,4522.6,14.1,289.6,599.3,449.8,367.3,78.7,21.2,546.9,12.2,0.0,2.3,3.5,2.3,99.9,1.9,5.1,11.0,10.4,10.0,0.0,0.0,99.9,12.2,14.5,1.3,0.8,2.1,0.7,122.2,0.4,7.9,14.8,10.6,10.0,2.1,0.5,14.5,40.7,36.2,36.2,45.2,45.2,45.2,36.2,0.0,23.3,2.1,2.8,99.9,18.5,14.2,2.5,30.3,36.2,21.4,0.1,60.4,54.0,9.6,46.4,61.7,75.8,0.0,21.1,31.8,87.9,1600.0,16.00,16,18,18,36,74,560,1,49.0,47.1,46.0,37.3,35.8,33.5,47.0,37.6,36.3,33.5,34.8,34.8,34.0,29.8,1.206,0.994,1.219,12.925,5.996,12.968,15.752,37.773,1.515,0.546,0.410,4.649,1.828,1.381,0.275,15.307,5.958,21.266,37.569,1600.0,1600.0,4525.0,4525.0,4650.0,49.4,21.6,17.5,49.6,168.0,No,No,No,0.201,0.164,1.4,49.0,40.5,37.5,35.0,34.5,38.0,37.5,12.072,4.960,1.004,1.348,1.170,0.786,0.842,1.548,3.308,1.836,1300,750,552,545,1.056,1.246,36,36,44,79.0,100.0,No,No,80704,102356,0.0,0.0,0.0,0.000,0.023,45602,11172,60.2,62.0,70.2,61,62,60,62,62,60,60,60,62,83.0,0.850,12.058,12.132,12.053,12.041,12.005,1134,1133,216.131,91.478,192.279,33.520,102.232,87.516,15.511,192.279,31.021,33.444,135.499,290.000,320.000,1590.0,1156.5,1395.0,1589.5,1515.0,1335.0,1590.4,1155.1,1515.1,100.0,22.0,0.0,0.0,20.5,24.8,99.2,0.0,0.0,0.0,70,70,Yes,No,No,No,No,Yes,No,77.0,77.2,5,0,0,0,0,0,0,0,0,138,0,0,0,0,0,0,0,0,0,0,0,0,0,0,0,0,0,0,0,0,6514,1678,1509,115,16.0,3.8,4.0,3.5,3.5,3.5,3.5,3.7,4.0,3.5,3.5,3.5,3.5,266.31,283.30,249.32,249.00,283.65,283.65,0.95,265.37,266.31,0.00,34.37,201,6,0.0,0.0,0,0,0.0,0.0,0,
27.8.2026,17:32:29.053,8715,10538,45.2,6022,10288,36.9,2.4,2944,70,1.193,1.181,1.206,1.206,1.188,1.188,1.188,4105.8,3640.0,3700.0,4625.0,4525.0,4525.0,3620.0,100.0,533.8,103.7,35.4,187.9,63.5,4462.8,6.7,129.5,759.6,366.8,229.1,31.5,29.6,533.8,11.9,3.0,2.2,5.7,0.0,98.6,1.5,3.6,16.8,7.4,3.8,0.0,0.0,98.6,11.9,14.4,1.9,0.9,5.0,1.6,120.6,0.2,2.4,22.1,10.3,6.0,0.8,0.7,14.4,41.1,36.4,37.0,46.2,45.2,45.2,36.2,0.0,23.8,2.5,6.0,98.6,19.9,14.2,1.5,33.5,44.9,29.7,1.4,68.2,41.8,14.8,42.7,52.6,64.3,0.0,11.9,44.0,83.7,1600.0,16.00,16,18,18,36,74,560,1,48.9,47.1,47.8,37.3,36.0,34.0,46.9,37.7,35.6,33.4,34.7,34.7,34.5,28.9,1.219,0.994,1.231,13.124,5.997,13.107,16.870,37.634,1.571,0.665,0.645,4.632,2.035,1.159,0.292,15.586,5.960,21.546,37.779,1600.0,1600.0,4527.7,4527.7,4650.0,49.7,21.8,18.7,49.6,164.5,No,No,No,0.227,0.223,1.4,49.0,40.5,37.5,35.0,34.5,38.0,37.5,12.072,4.960,1.002,1.348,1.170,0.786,0.844,1.550,3.308,1.836,1300,765,551,558,1.056,1.246,36,36,44,79.0,100.0,No,No,80704,102356,0.0,0.0,0.0,0.000,0.114,45602,11172,60.5,62.0,70.5,62,62,62,62,62,60,62,60,62,83.0,0.850,12.055,12.129,12.050,12.039,12.001,1143,1141,215.913,92.482,193.937,33.744,103.337,88.282,15.733,193.937,31.464,33.876,138.031,290.000,320.000,1590.0,1156.5,1395.0,1588.8,1515.0,1335.0,1590.4,1155.5,1514.3,100.0,25.0,0.0,0.0,20.5,24.6,98.4,0.0,0.0,0.0,70,70,Yes,No,No,No,No,Yes,No,77.7,77.2,5,0,0,0,0,0,0,0,0,138,0,0,0,0,0,0,0,0,0,0,0,0,0,0,0,0,0,0,0,0,6514,1678,1509,115,16.0,3.9,4.6,3.3,3.3,3.3,3.3,3.9,4.6,3.3,3.3,3.3,3.3,258.26,299.36,217.16,216.41,300.20,300.20,0.72,257.62,258.26,0.00,75.31,201,6,0.4,0.4,0,0,0.0,0.0,0,
27.8.2026,17:32:29.560,8716,10537,45.2,6024,10286,36.9,2.4,2944,70,1.254,1.244,1.256,1.256,1.256,1.256,1.256,3875.0,3720.0,3720.0,4650.0,3720.0,3720.0,3720.0,100.0,528.7,107.9,27.9,346.0,233.1,4606.0,6.1,247.1,156.4,354.8,179.0,55.0,24.8,528.7,16.7,0.5,2.3,10.4,28.9,99.1,1.7,6.0,5.6,11.7,6.2,17.9,10.3,99.1,16.7,14.3,2.0,0.7,9.1,5.9,124.5,0.2,7.6,4.1,10.5,4.7,1.4,0.6,14.3,38.8,37.2,37.2,46.5,37.2,37.2,37.2,0.0,23.3,2.8,10.0,99.1,11.4,14.6,2.0,35.7,47.8,45.2,0.9,51.9,50.5,17.9,41.0,49.4,44.7,0.0,36.6,34.9,80.0,1600.0,16.00,16,18,18,36,74,560,1,49.4,50.0,50.8,37.9,36.8,35.5,50.0,35.8,36.1,33.4,35.2,35.2,32.8,28.5,1.256,0.994,1.269,14.138,5.970,14.119,17.714,39.862,1.810,0.839,1.335,5.581,1.342,1.365,0.396,17.677,5.933,23.610,39.835,1600.0,1600.0,4648.0,4648.0,4650.0,52.4,23.5,19.7,52.6,161.9,No,No,No,0.233,0.173,1.4,49.0,39.5,37.5,35.0,34.5,38.0,37.5,12.072,4.960,1.004,1.348,1.244,0.784,0.842,1.550,3.308,1.834,1312,765,551,558,1.056,1.259,36,36,44,79.0,100.0,No,No,80704,102356,0.0,0.0,0.0,0.000,0.047,45602,11172,60.6,62.0,70.9,61,60,62,62,62,60,62,60,62,83.0,0.850,12.056,12.128,12.051,12.040,12.004,1151,1147,222.097,91.287,191.644,33.510,101.603,87.017,15.257,191.644,30.517,33.562,136.834,290.000,320.000,1590.0,1156.5,1395.0,1588.8,1515.0,1335.0,1589.8,1155.9,1515.0,100.0,21.0,0.0,0.0,20.5,25.0,100.0,0.0,0.0,0.0,70,70,Yes,No,No,No,No,Yes,No,76.6,75.5,5,0,0,0,0,0,0,0,0,138,0,0,0,0,0,0,0,0,0,0,0,0,0,0,0,0,0,0,0,0,6514,1678,1509,115,16.0,3.6,5.0,3.0,3.0,3.0,3.0,3.6,4.9,3.0,3.0,3.0,3.0,277.94,332.95,201.99,200.19,333.62,333.62,0.87,277.16,277.94,0.00,105.71,201,6,0.9,0.2,0,0,0.0,0.0,0,
27.8.2026,17:32:30.066,8717,10536,45.2,6024,10286,36.9,2.4,2944,70,1.251,1.262,1.238,1.238,1.256,1.256,1.256,4126.7,3720.0,3720.0,4650.0,4525.0,4525.0,3620.0,100.0,553.1,91.1,18.6,215.7,154.6,4630.7,31.5,550.3,339.2,316.7,195.0,54.7,39.5,553.1,12.7,3.1,1.8,4.1,2.6,99.6,0.0,15.4,10.3,6.3,6.4,2.8,0.0,99.6,12.7,14.8,1.8,0.5,5.8,4.3,125.2,0.8,14.4,9.1,7.9,5.1,1.4,1.0,14.8,41.3,37.2,37.2,46.5,45.2,45.2,36.2,0.0,23.7,2.4,8.0,99.6,17.4,12.4,2.4,45.5,74.9,48.1,0.4,60.8,77.0,12.1,30.7,22.7,43.9,0.0,21.8,10.6,85.5,1600.0,16.00,16,18,18,36,74,560,1,49.8,50.4,49.2,38.4,37.5,34.7,50.3,37.1,36.8,33.7,35.3,35.3,33.0,29.4,1.256,0.994,1.269,15.285,5.954,15.296,18.316,41.218,1.983,1.159,1.066,5.651,2.001,1.667,0.354,19.134,5.917,25.051,41.326,1600.0,1600.0,4649.7,4649.7,4650.0,54.4,25.5,20.4,53.0,160.4,No,No,No,0.237,0.197,1.4,49.0,40.5,37.5,35.0,34.5,38.0,37.5,12.072,4.960,1.004,1.348,1.246,0.784,0.842,1.548,3.308,1.834,1312,765,552,545,1.056,1.259,36,36,46,79.0,100.0,No,No,80704,102356,0.0,0.1,0.1,0.261,0.588,45602,11172,60.8,62.0,70.9,62,62,62,62,62,60,62,60,62,83.0,0.850,12.056,12.129,12.051,12.041,12.001,1160,1157,222.320,91.972,193.156,33.647,102.695,87.818,15.518,193.156,31.037,33.790,136.934,290.000,320.000,1590.0,1156.5,1395.0,1589.5,1515.0,1335.0,1590.6,1154.9,1514.8,100.0,23.0,0.0,0.0,20.5,25.0,100.0,0.0,0.0,0.0,70,70,Yes,No,No,No,No,Yes,No,77.3,77.6,5,0,0,0,0,0,0,0,0,138,0,0,0,0,0,0,0,0,0,0,0,0,0,0,0,0,0,0,0,0,6514,1678,1509,115,16.0,3.5,5.4,2.9,2.9,2.9,2.9,3.5,5.4,2.9,2.9,2.9,2.9,288.93,349.98,185.88,183.17,350.31,350.31,0.81,288.15,288.93,0.00,150.25,201,6,1.7,0.6,0,0,0.0,0.0,0,
27.8.2026,17:32:30.563,8716,10538,45.2,6025,10284,36.9,2.4,2944,70,1.244,1.244,1.244,1.244,1.244,1.244,1.244,3875.0,3720.0,3720.0,4650.0,3720.0,3720.0,3720.0,100.0,529.9,148.6,43.9,162.2,67.7,4370.9,23.7,412.3,160.5,531.2,274.1,103.7,60.4,529.9,11.2,3.0,0.6,3.9,1.4,94.1,0.1,7.4,0.0,13.4,3.8,0.0,7.0,94.1,11.2,14.2,3.4,1.0,4.3,1.8,118.1,0.6,11.6,4.3,14.5,7.2,2.7,1.6,14.2,38.8,37.2,37.2,46.5,37.2,37.2,37.2,0.0,23.9,4.0,5.9,94.3,15.1,19.9,4.3,41.2,51.1,37.7,5.7,62.7,61.6,28.1,34.9,44.9,56.3,0.0,22.2,18.5,67.6,1600.0,16.00,16,18,18,36,74,560,1,50.0,50.2,50.8,38.4,37.1,34.4,49.7,37.1,37.6,34.2,35.4,35.4,33.5,29.2,1.237,0.994,1.250,14.974,5.975,14.979,18.508,40.919,1.917,0.924,0.833,5.423,1.782,1.897,0.646,18.705,5.937,24.643,40.921,1600.0,1600.0,4643.3,4643.3,4650.0,53.8,25.0,20.6,52.8,161.9,No,No,No,0.300,0.328,1.4,49.0,39.5,37.5,35.0,34.5,38.0,37.5,12.072,4.950,1.004,1.348,1.246,0.784,0.842,1.550,3.308,1.834,1282,763,552,545,1.056,1.246,36,36,46,79.0,100.0,No,No,80704,102356,0.0,0.0,0.0,0.000,0.000,45602,11172,60.7,62.0,70.7,62,62,62,62,62,60,62,60,62,83.0,0.850,12.054,12.126,12.049,12.041,12.002,1167,1167,217.513,90.809,191.640,33.430,101.876,86.982,15.338,191.640,30.672,33.889,131.814,290.000,320.000,1590.0,1156.5,1395.0,1589.5,1515.0,1335.0,1590.4,1155.5,1515.0,100.0,23.0,0.0,0.0,20.5,25.0,100.0,0.0,0.0,0.0,70,70,Yes,No,No,No,No,Yes,No,76.7,76.9,5,0,0,0,0,0,0,0,0,138,0,0,0,0,0,0,0,0,0,0,0,0,0,0,0,0,0,0,0,0,6514,1678,1509,115,16.0,3.4,5.9,2.7,2.7,2.7,2.7,3.4,5.9,2.7,2.7,2.7,2.7,294.64,366.99,169.95,166.64,367.33,367.33,0.73,293.93,294.64,0.00,183.73,201,6,0.0,0.0,0,0,0.0,0.0,0,
27.8.2026,17:32:31.069,8715,10538,45.2,6025,10284,36.9,2.4,2944,70,1.244,1.244,1.244,1.244,1.244,1.244,1.244,3875.0,3720.0,3720.0,4650.0,3720.0,3720.0,3720.0,100.0,538.1,146.3,18.0,85.0,64.0,4649.0,11.1,311.9,452.3,393.3,219.1,41.1,66.2,538.1,14.6,2.7,0.0,4.7,1.2,100.0,0.0,10.5,34.3,12.6,8.1,0.0,1.3,100.0,14.6,14.4,3.1,0.6,2.2,1.6,125.6,0.3,8.2,12.2,10.3,5.8,1.0,1.7,14.4,38.8,37.2,37.2,46.5,37.2,37.2,37.2,0.0,24.4,3.9,3.9,100.0,20.0,15.6,2.9,36.0,55.5,20.7,0.0,61.0,59.9,18.7,39.6,40.6,75.3,0.0,18.9,24.5,78.4,1600.0,16.00,16,18,18,36,74,560,1,50.1,50.4,49.5,38.4,37.4,33.9,50.4,37.6,37.0,33.9,35.5,35.5,33.8,28.5,1.256,0.994,1.269,14.588,5.942,14.595,17.960,40.520,1.881,0.967,0.541,5.624,2.074,1.631,0.449,18.226,5.904,24.131,40.395,1600.0,1600.0,4650.0,4650.0,4650.0,53.2,24.3,20.0,53.0,161.1,No,No,No,0.218,0.177,1.5,50.0,40.5,37.5,35.0,34.5,38.0,37.5,12.048,4.960,1.004,1.348,1.246,0.786,0.842,1.550,3.308,1.834,1282,763,552,545,1.056,1.246,36,36,46,79.0,100.0,No,No,80704,102356,0.0,0.0,0.0,0.000,0.000,45602,11172,60.9,62.0,71.2,62,62,62,62,62,60,62,60,62,83.0,0.850,12.056,12.132,12.051,12.039,12.002,1174,1173,217.623,90.437,190.751,33.362,101.048,86.732,15.206,190.751,30.413,33.495,132.176,290.000,320.000,1590.0,1156.5,1395.0,1589.4,1515.0,1335.0,1590.0,1155.4,1514.9,100.0,21.0,0.0,0.0,20.5,23.1,92.6,0.0,0.0,0.0,71,71,Yes,No,No,No,No,Yes,No,76.3,76.6,5,0,0,0,0,0,0,0,0,138,0,0,0,0,0,0,0,0,0,0,0,0,0,0,0,0,0,0,0,0,6514,1678,1509,108,16.0,3.3,6.5,2.6,2.6,2.6,2.6,3.3,6.5,2.6,2.6,2.6,2.6,299.94,382.62,153.91,149.99,382.93,382.93,0.78,299.18,299.94,0.00,217.15,201,6,1.4,0.5,0,0,0.0,0.0,0,
27.8.2026,17:32:31.560,8716,10537,45.2,6025,10284,36.9,2.4,2944,70,1.245,1.244,1.238,1.238,1.238,1.256,1.256,3992.5,3720.0,3720.0,4650.0,3720.0,4525.0,3620.0,100.0,543.8,104.7,10.5,84.7,84.9,4645.9,11.2,342.9,204.3,481.2,416.5,67.8,71.0,543.8,11.3,3.3,0.0,0.1,3.1,99.9,0.0,4.4,0.0,13.2,11.4,0.0,0.0,99.9,11.3,14.5,2.4,0.3,2.2,2.2,125.6,0.3,9.4,5.5,12.5,10.7,1.7,1.8,14.5,39.9,37.2,37.2,46.5,37.2,45.2,36.2,0.0,23.8,2.8,4.4,99.9,15.0,17.6,3.4,34.8,41.4,21.5,0.1,64.2,67.2,14.3,41.4,55.8,74.1,0.0,20.8,15.2,82.3,1600.0,16.00,16,18,18,36,74,560,1,50.2,50.3,49.8,38.4,37.0,34.0,50.3,37.0,37.9,34.0,35.4,35.4,33.0,28.9,1.237,0.994,1.250,14.742,5.961,14.716,17.640,40.373,1.856,0.763,0.555,5.614,1.770,2.000,0.434,18.426,5.924,24.350,40.573,1600.0,1600.0,4650.0,4650.0,4650.0,53.4,24.5,19.6,53.0,165.1,No,No,No,0.217,0.186,1.4,50.0,40.5,37.5,35.0,34.5,38.0,37.5,12.072,4.960,1.004,1.348,1.246,0.786,0.842,1.552,3.308,1.834,1286,763,552,545,1.056,1.243,36,36,46,79.0,100.0,No,No,80704,102356,0.0,0.0,0.0,0.000,0.000,45602,11172,61.0,62.0,71.1,62,62,62,62,62,60,62,60,62,83.0,0.850,12.059,12.132,12.053,12.043,12.007,1180,1177,221.957,90.401,190.742,33.375,100.996,86.622,15.128,190.742,30.273,33.506,132.221,290.000,320.000,1590.0,1156.5,1395.0,1589.4,1515.0,1335.0,1590.6,1155.1,1514.7,100.0,20.0,0.0,0.0,20.5,25.0,100.0,0.0,0.0,0.0,71,71,Yes,No,No,No,No,Yes,No,76.8,77.9,5,0,0,0,0,0,0,0,0,138,0,0,0,0,0,0,0,0,0,0,0,0,0,0,0,0,0,0,0,0,6514,1678,1509,108,16.0,3.3,11.2,2.2,2.2,2.2,2.2,3.3,11.2,2.2,2.2,2.2,2.2,305.43,448.40,89.60,84.21,449.74,449.74,0.72,304.60,305.43,0.00,299.92,201,6,0.4,0.1,0,0,0.0,0.0,0,
27.8.2026,17:32:32.074,8718,10535,45.2,6014,10295,36.8,2.4,2944,70,1.250,1.244,1.244,1.244,1.256,1.256,1.256,3875.0,3720.0,3720.0,4650.0,3720.0,3720.0,3720.0,100.0,525.5,67.4,7.5,69.4,87.0,7.0,4633.4,540.3,137.5,488.7,167.5,59.9,40.5,525.5,16.1,0.0,4.4,3.1,3.5,0.0,99.6,18.0,33.3,11.9,3.0,11.0,5.2,99.6,16.1,14.2,1.4,0.2,1.8,2.3,0.2,125.2,14.4,3.7,13.5,4.7,1.6,1.0,14.2,38.8,37.2,37.2,46.5,37.2,37.2,37.2,0.0,23.6,1.7,3.7,99.7,16.0,17.6,2.7,32.3,43.1,22.5,0.3,33.2,78.6,16.3,44.1,55.2,73.8,0.0,50.8,3.8,81.1,1600.0,16.00,16,18,18,36,74,560,1,50.4,50.4,50.2,38.2,36.9,34.0,50.4,36.0,38.4,33.5,35.4,35.4,32.8,28.7,1.237,0.994,1.250,14.045,5.973,14.073,17.245,39.913,1.780,0.725,0.544,5.619,1.408,1.981,0.406,17.548,5.936,23.484,39.767,1600.0,1600.0,4649.7,4649.7,4650.0,52.3,23.5,19.2,53.1,163.6,No,No,No,0.200,0.142,1.4,50.0,40.5,37.5,35.0,34.5,38.0,37.5,12.072,4.960,1.004,1.348,1.248,0.784,0.842,1.550,3.308,1.834,1286,763,552,545,1.056,1.243,36,36,44,79.0,100.0,No,No,80704,102356,0.0,0.0,0.0,0.000,0.000,45602,11172,61.1,62.0,71.1,62,62,62,62,62,60,62,60,62,83.0,0.850,12.058,12.134,12.052,12.041,12.004,1183,1182,221.758,91.565,191.853,33.442,102.000,87.223,15.413,191.853,30.844,33.392,138.069,290.000,320.000,1590.0,1156.5,1395.0,1589.4,1515.0,1335.0,1590.1,1155.8,1515.4,100.0,22.0,0.0,0.0,20.5,23.0,92.1,0.0,0.0,0.0,71,71,Yes,No,No,No,No,Yes,No,76.6,77.4,5,0,0,0,0,0,0,0,0,138,0,0,0,0,0,0,0,0,0,0,0,0,0,0,0,0,0,0,0,0,6514,1678,1509,108,16.0,3.1,11.0,2.2,2.2,2.2,2.2,3.1,11.1,2.2,2.2,2.2,2.2,322.31,449.41,90.66,84.36,449.74,449.74,0.80,321.46,322.31,0.00,360.83,201,6,0.0,0.0,0,0,0.0,0.0,0,
27.8.2026,17:32:32.583,8238,11015,42.7,5968,10341,36.5,2.4,2944,70,1.243,1.238,1.244,1.244,1.244,1.244,1.244,3875.0,3720.0,3720.0,4650.0,3720.0,3720.0,3720.0,100.0,533.7,143.6,43.0,143.8,104.1,223.2,3880.4,564.9,298.1,579.6,259.8,66.4,97.6,533.7,10.3,3.9,0.0,0.0,0.0,0.1,83.7,13.8,6.3,10.3,5.5,0.0,0.0,83.7,10.3,14.2,2.5,1.1,3.8,2.7,6.0,104.8,15.3,7.9,15.5,7.0,1.7,2.6,14.2,38.8,37.2,37.2,46.5,37.2,37.2,37.2,0.0,24.3,3.8,6.4,88.1,21.9,21.4,4.4,42.2,49.6,40.2,11.9,67.0,67.4,17.0,33.5,46.6,53.3,0.0,11.2,11.2,78.6,1600.0,16.00,16,18,18,36,74,560,1,50.2,47.8,49.2,38.1,36.8,34.4,47.5,37.5,38.2,34.1,35.3,35.3,34.2,28.2,1.237,0.994,1.250,14.858,6.101,14.850,18.118,40.691,1.902,0.871,0.847,5.146,2.072,2.001,0.476,18.366,6.063,24.429,40.774,1600.0,1600.0,4602.1,4602.1,4650.0,53.6,24.8,20.1,50.3,160.2,No,No,No,1.009,0.759,1.5,50.0,39.5,37.5,35.0,35.0,38.0,37.5,12.168,4.990,1.004,1.348,1.206,0.784,0.842,1.550,3.308,1.834,1295,763,551,545,1.056,1.248,36,36,44,79.0,100.0,No,No,80704,102356,0.0,0.0,0.0,0.000,0.032,45602,11172,54.3,60.0,64.2,60,60,60,60,60,60,60,58,60,83.0,0.850,12.157,12.255,12.139,12.117,12.115,1191,1192,216.531,23.855,45.178,3.799,34.500,32.800,12.963,45.178,25.941,2.840,11.492,290.000,320.000,1590.0,1156.5,1395.0,1589.4,1515.0,1335.0,1589.4,1155.0,1515.5,78.0,17.0,0.0,0.0,17.4,25.0,100.0,0.0,0.0,0.0,71,71,Yes,No,No,No,No,Yes,No,24.2,24.7,5,0,0,0,0,0,0,0,0,138,0,0,0,0,0,0,0,0,0,0,0,0,0,0,0,0,0,0,0,0,6770,1422,1253,108,16.0,3.1,24.4,2.0,2.0,2.0,2.0,3.1,24.2,2.0,2.0,2.0,2.0,322.26,499.00,40.94,33.73,500.34,500.34,0.88,321.34,322.26,0.00,405.65,201,6,0.1,0.2,0,0,0.0,0.0,0,
27.8.2026,17:32:33.082,6350,12903,32.9,5290,11019,32.4,2.4,2944,70,1.139,0.956,1.175,1.175,1.175,1.175,1.175,3780.0,3675.0,3620.0,3620.0,3620.0,4525.0,3620.0,100.0,314.3,198.0,25.0,382.9,581.7,327.3,969.5,403.6,22.4,604.7,206.2,20.4,29.5,314.3,9.5,4.8,6.6,12.3,9.4,10.3,18.8,3.4,0.8,19.3,5.2,11.5,11.7,19.3,9.5,8.4,4.8,0.6,10.3,15.6,8.7,26.1,10.9,0.6,16.1,5.5,0.5,0.7,8.4,37.8,36.8,36.2,36.2,36.2,45.2,36.2,0.0,13.0,5.1,16.8,28.6,9.5,16.7,1.3,51.0,27.1,55.3,71.4,54.9,74.8,22.4,36.0,67.8,27.9,0.0,35.5,8.5,76.4,1600.0,16.00,16,18,18,36,74,560,1,49.9,41.7,38.8,35.9,34.9,36.0,38.6,35.8,36.5,33.4,34.7,34.7,34.0,28.9,1.156,0.994,1.163,10.648,6.104,10.701,10.701,35.344,1.207,0.543,1.427,2.222,1.172,1.552,0.329,12.349,6.065,18.415,34.837,1600.0,1600.0,4171.8,4171.8,4650.0,45.8,17.8,11.9,43.9,169.7,No,No,No,0.425,1.453,0.8,50.0,39.5,37.5,35.0,35.0,38.0,37.5,12.168,4.990,1.004,1.348,1.056,0.784,0.842,1.558,3.340,1.836,1295,763,551,558,1.056,1.248,36,36,45,79.0,100.0,No,No,80704,102356,0.0,0.0,0.0,0.000,0.055,45602,11172,52.8,60.0,62.7,58,58,58,58,58,58,58,58,60,83.0,1.075,12.154,12.256,12.137,12.114,12.110,1198,1203,147.882,25.808,48.604,4.228,35.925,34.598,13.079,48.604,26.173,4.333,16.729,290.000,320.000,1950.0,1187.7,1710.0,1589.6,1845.0,1635.0,1950.9,1186.3,1844.9,1.0,0.0,0.0,0.0,9.0,0.0,0.0,0.0,0.0,0.0,71,71,Yes,No,No,Yes,No,No,No,25.8,31.0,5,0,0,0,0,0,0,0,0,138,0,0,0,0,0,0,0,0,0,0,0,0,0,0,0,0,0,0,0,0,7455,737,568,34,16.0,3.6,55.8,1.9,1.9,1.9,1.9,3.6,55.0,1.9,1.9,1.9,1.9,279.79,532.58,17.93,16.52,533.58,533.58,0.54,279.14,279.79,0.00,483.66,201,6,0.0,0.0,0,0,0.0,0.0,0,
27.8.2026,17:32:33.581,6347,12906,32.9,5285,11024,32.4,2.4,2944,70,0.994,1.181,0.956,0.956,0.956,0.956,0.956,3656.7,3675.0,3675.0,3675.0,3675.0,3620.0,3620.0,100.0,146.4,167.3,2.6,13.4,16.8,45.1,159.4,760.3,282.3,189.9,107.8,2.3,9.1,146.4,3.8,0.8,0.0,0.0,3.2,3.9,6.4,19.2,3.1,4.2,5.3,0.0,0.0,19.2,3.8,3.6,1.0,0.1,0.3,0.4,1.1,4.2,20.5,7.6,5.1,2.8,0.0,0.2,3.6,36.6,36.8,36.8,36.8,36.8,36.2,36.2,12.3,5.7,1.1,0.7,4.4,20.7,6.6,0.3,30.7,12.8,1.3,68.4,52.7,47.3,1.5,63.7,86.1,98.0,27.3,26.6,46.2,98.3,1600.0,16.00,16,18,18,36,74,560,1,49.4,37.8,36.8,33.7,32.8,32.7,33.7,36.8,33.5,32.7,33.6,33.6,34.0,29.0,1.150,0.994,1.163,6.363,5.813,6.389,6.389,28.435,0.580,0.280,0.073,0.783,1.672,0.623,0.046,6.987,5.779,12.766,28.481,1600.0,1600.0,3565.9,3565.9,4650.0,37.5,10.6,7.1,39.8,198.4,No,No,No,0.194,0.109,0.3,49.0,40.5,37.5,35.0,35.0,38.0,37.5,12.168,4.990,1.002,1.348,0.814,0.784,0.842,1.558,3.340,1.834,1337,765,553,547,1.056,1.238,36,36,45,79.0,100.0,No,No,80704,102356,0.1,0.0,0.1,0.147,0.000,45602,11172,52.4,58.0,62.1,58,58,58,58,58,58,58,58,58,83.0,1.075,12.154,12.255,12.138,12.116,12.106,1200,1206,85.320,29.922,60.712,6.801,40.166,39.837,13.062,60.712,26.127,4.346,17.538,290.000,320.000,1950.0,1187.7,1710.0,1589.6,1845.0,1635.0,1950.4,1186.5,1845.2,0.0,0.0,0.0,0.0,9.0,0.0,0.0,0.0,0.0,0.0,71,71,Yes,No,No,Yes,No,No,No,29.9,30.9,5,0,0,0,0,0,0,0,0,138,0,0,0,0,0,0,0,0,0,0,0,0,0,0,0,0,0,0,0,0,7455,737,568,34,16.0,4.0,62.4,1.9,1.9,1.9,1.9,4.0,54.9,1.9,1.9,1.9,1.9,250.01,529.06,16.01,14.54,533.58,533.58,0.41,249.57,250.01,0.00,351.24,201,6,0.6,0.5,0,0,0.0,0.0,0,
27.8.2026,17:32:34.086,6347,12906,32.9,5287,11022,32.4,2.4,2944,70,0.996,1.194,0.956,0.956,0.956,0.956,0.956,3665.8,3620.0,3675.0,3675.0,3675.0,3675.0,3675.0,100.0,217.4,203.2,38.4,139.7,96.9,146.4,197.1,651.7,148.4,521.7,296.1,72.7,96.4,217.4,8.2,4.3,0.0,13.8,5.1,0.1,4.4,17.0,6.2,8.8,3.6,32.9,2.1,32.9,8.2,5.8,5.1,1.0,3.7,2.5,3.8,5.2,17.6,4.0,14.0,7.9,1.9,2.6,5.8,36.7,36.2,36.8,36.8,36.8,36.8,36.8,0.5,8.3,4.7,4.3,6.7,16.4,14.7,3.2,41.5,26.8,20.5,72.4,63.0,51.9,14.7,50.1,68.6,75.2,20.9,20.5,33.4,82.1,1600.0,16.00,16,18,18,36,74,560,1,48.8,37.7,36.2,34.3,34.0,33.5,34.2,36.0,35.1,33.2,33.7,33.7,34.2,28.9,1.150,0.994,1.156,7.954,6.021,7.953,7.953,30.845,0.808,0.559,0.468,0.877,1.420,1.167,0.354,8.761,5.983,14.745,30.990,1600.0,1600.0,3952.8,3952.8,4650.0,40.8,13.3,8.8,39.7,179.3,No,No,No,0.319,0.268,0.5,49.0,40.5,37.5,35.0,35.0,38.0,37.5,12.168,4.990,1.002,1.348,1.046,0.782,0.842,1.558,3.336,1.834,1337,765,553,547,1.056,1.238,36,36,44,79.0,100.0,No,No,80704,102356,0.0,0.1,0.1,0.000,0.065,45602,11172,52.1,58.0,62.0,58,58,58,58,58,58,58,58,58,83.0,1.075,12.154,12.256,12.139,12.117,12.107,1200,1203,84.516,29.952,60.799,6.790,40.179,39.960,13.075,60.799,26.158,4.329,17.482,290.000,320.000,1950.0,1187.7,1710.0,1878.7,1845.0,1635.0,1950.3,1186.0,1844.8,0.0,0.0,0.0,0.0,9.0,0.0,0.1,0.0,0.0,0.0,71,71,Yes,No,No,Yes,No,No,No,30.0,30.0,5,0,0,0,0,0,0,0,0,138,0,0,0,0,0,0,0,0,0,0,0,0,0,0,0,0,0,0,0,0,7455,737,568,34,16.0,7.6,60.3,2.6,2.6,2.6,2.6,7.6,60.1,2.6,2.6,2.6,2.6,130.94,381.18,16.59,16.59,383.20,383.20,0.30,130.64,130.94,0.00,207.46,201,6,0.4,0.1,0,0,0.0,0.0,0,
27.8.2026,17:32:34.585,6336,12917,32.9,5278,11031,32.3,2.4,2944,70,1.083,1.200,1.206,1.206,0.963,0.963,0.963,3629.2,3620.0,3675.0,3620.0,3620.0,3620.0,3620.0,100.0,203.3,167.5,6.9,34.5,77.4,119.8,63.3,455.3,120.8,852.1,515.4,6.9,20.1,203.3,9.1,0.7,34.2,0.0,6.7,4.9,0.6,12.1,4.8,20.7,13.5,10.4,0.0,34.2,9.1,5.2,1.7,0.2,0.9,2.0,3.1,1.6,12.3,3.2,23.0,13.9,0.2,0.5,5.2,36.3,36.2,36.8,36.2,36.2,36.2,36.2,3.1,7.8,1.7,2.6,4.3,12.9,24.9,0.6,35.4,5.8,11.2,79.5,56.4,56.2,3.1,56.9,92.6,86.3,16.3,30.8,19.0,96.2,1600.0,16.00,16,18,18,36,74,560,1,48.4,38.8,38.5,34.0,32.7,32.9,33.7,34.9,37.1,32.5,33.7,33.7,34.0,29.2,1.175,0.994,1.181,7.601,5.994,7.548,7.548,30.201,0.746,0.210,0.272,0.818,1.159,1.911,0.108,8.428,5.957,14.384,30.430,1600.0,1600.0,4025.6,4025.6,4650.0,40.0,12.6,8.4,40.9,186.5,No,No,No,0.213,0.101,0.5,48.0,40.5,37.5,35.0,35.0,38.0,37.5,12.168,4.990,1.004,1.348,1.036,0.784,0.840,1.558,3.336,1.834,1297,766,555,560,1.056,1.254,36,36,44,79.0,100.0,No,No,80704,102356,0.0,0.0,0.0,0.000,0.008,45602,11172,49.7,58.0,58.9,56,58,56,56,56,56,56,56,56,83.0,0.669,12.175,12.265,12.152,12.137,12.147,1203,1202,80.103,14.865,25.831,1.828,23.575,20.318,9.948,25.831,19.915,1.295,5.243,290.000,320.000,360.0,625.2,855.0,1878.7,930.0,825.0,360.0,624.9,930.1,0.0,0.0,0.0,0.0,9.0,0.0,0.0,0.0,0.0,0.0,71,71,Yes,No,No,No,No,Yes,No,15.8,16.0,5,0,0,0,0,0,0,0,0,138,0,0,0,0,0,0,0,0,0,0,0,0,0,0,0,0,0,0,0,0,7455,737,568,34,16.0,7.0,60.3,2.2,2.1,2.1,2.1,7.0,60.1,2.2,2.1,2.1,2.1,142.89,459.83,16.59,16.59,466.86,466.86,0.34,142.57,142.89,0.00,176.27,201,6,0.6,0.4,0,0,0.0,0.0,0,
27.8.2026,17:32:35.085,6338,12915,32.9,5280,11029,32.3,2.4,2944,70,0.991,1.163,0.956,0.956,0.956,0.956,0.956,3665.8,3620.0,3675.0,3675.0,3675.0,3675.0,3675.0,100.0,131.3,159.9,1.3,28.6,13.3,283.6,49.6,422.9,160.5,273.2,161.2,3.8,17.6,131.3,3.1,1.0,0.0,0.6,0.2,6.3,1.1,9.3,0.4,6.1,3.7,0.0,8.9,9.3,3.1,3.2,1.1,0.0,0.7,0.3,7.6,1.2,11.4,4.3,7.3,4.3,0.1,0.4,3.2,36.7,36.2,36.8,36.8,36.8,36.8,36.8,6.8,5.4,1.2,1.0,7.3,12.6,9.9,0.5,35.3,16.7,24.5,43.3,61.6,64.9,1.0,59.3,82.3,74.5,49.4,25.9,25.3,98.5,1600.0,16.00,16,18,18,36,74,560,1,47.8,37.2,36.0,33.6,32.7,33.0,33.2,35.7,34.4,32.6,33.6,33.6,34.2,29.4,1.150,0.994,1.156,6.529,5.894,6.573,6.573,29.092,0.548,0.248,0.224,0.523,1.310,0.932,0.050,7.037,5.859,12.896,28.836,1600.0,1600.0,3793.4,3793.4,4650.0,37.9,11.0,7.3,39.2,211.3,No,No,No,0.166,0.060,0.3,48.0,40.5,37.5,35.0,34.5,38.0,37.5,12.192,4.990,1.002,1.348,0.990,0.784,0.840,1.562,3.344,1.836,1282,766,555,560,1.056,1.254,36,36,45,79.0,100.0,No,No,80704,102356,0.0,0.0,0.0,0.000,0.000,45602,11172,49.0,56.0,58.2,56,56,56,56,56,56,56,56,56,83.0,0.669,12.176,12.264,12.153,12.139,12.148,1203,1199,61.372,14.838,25.723,1.729,23.553,20.405,9.998,25.723,19.994,1.271,5.144,290.000,320.000,300.0,625.2,855.0,1098.3,930.0,825.0,300.0,624.5,929.3,1.0,0.0,0.0,0.0,9.0,0.0,0.1,0.0,0.0,0.0,71,71,Yes,No,No,No,No,Yes,No,15.8,15.8,5,0,0,0,0,0,0,0,0,138,0,0,0,0,0,0,0,0,0,0,0,0,0,0,0,0,0,0,0,0,7455,737,568,34,16.0,3.1,13.5,2.1,2.1,2.1,2.1,3.1,13.5,2.1,2.1,2.1,2.1,322.27,466.19,74.01,67.41,466.86,466.86,0.84,321.50,322.27,0.00,400.09,201,6,0.0,0.1,0,0,0.0,0.0,0,
27.8.2026,17:32:35.576,6337,12917,32.9,5279,11030,32.3,2.4,2944,70,1.197,1.163,1.206,1.206,1.206,1.206,1.194,3770.8,3620.0,3620.0,3620.0,4525.0,3620.0,3620.0,100.0,142.5,111.7,13.2,16.9,26.4,212.4,50.6,484.8,409.2,144.9,211.6,7.7,21.3,142.5,3.3,0.3,8.1,2.6,0.0,4.0,0.4,10.1,11.1,2.5,1.0,0.0,0.0,11.1,3.3,3.6,1.2,0.3,0.4,0.7,5.6,1.3,13.1,11.0,3.8,5.7,0.2,0.5,3.6,37.7,36.2,36.2,36.2,45.2,36.2,36.2,3.3,5.6,1.5,1.0,5.8,16.2,8.0,0.8,26.4,8.5,6.5,60.9,52.2,28.8,1.3,68.1,90.1,92.4,33.3,31.6,63.2,98.1,1600.0,16.00,16,18,18,36,74,560,1,47.4,37.3,49.5,33.5,32.6,32.6,33.7,36.1,33.3,32.6,33.5,33.5,33.8,29.0,1.206,0.994,1.212,6.181,5.981,6.125,6.125,28.440,0.520,0.155,0.121,0.730,1.468,0.589,0.056,6.730,5.945,12.675,28.676,1600.0,1600.0,3872.2,3872.2,4650.0,37.7,10.2,6.8,39.2,212.9,No,No,No,0.173,0.066,0.3,47.0,40.5,37.5,35.0,34.5,38.0,37.5,12.168,4.990,1.002,1.348,0.986,0.782,0.840,1.562,3.348,1.836,1282,752,554,548,1.056,1.266,36,36,45,79.0,100.0,No,No,80704,102356,0.0,0.1,0.1,0.000,0.154,45602,11172,48.6,56.0,57.9,56,56,56,54,56,56,56,56,56,83.0,0.669,12.178,12.267,12.155,12.139,12.149,1199,1199,45.703,14.638,25.200,1.644,23.375,20.067,9.950,25.200,19.912,1.270,5.130,290.000,320.000,225.0,625.2,855.0,1098.3,930.0,825.0,225.0,624.9,929.9,1.0,0.0,0.0,0.0,9.0,0.0,0.0,0.0,0.0,0.0,71,71,Yes,No,No,No,No,Yes,No,15.6,15.7,5,0,0,0,0,0,0,0,0,138,0,0,0,0,0,0,0,0,0,0,0,0,0,0,0,0,0,0,0,0,7455,737,568,34,16.0,3.3,9.5,2.3,2.3,2.3,2.3,3.3,9.5,2.3,2.3,2.3,2.3,299.99,431.94,105.76,100.97,433.28,433.28,0.87,299.15,299.99,0.00,322.04,201,6,0.0,0.0,0,0,0.0,0.0,0,
27.8.2026,17:32:36.076,6335,12918,32.9,5277,11033,32.3,2.4,2944,70,0.957,0.963,0.956,0.956,0.956,0.956,0.956,3675.0,3675.0,3675.0,3675.0,3675.0,3675.0,3675.0,100.0,132.0,116.3,59.5,11.3,13.3,91.3,32.2,365.5,552.8,51.4,189.9,7.9,92.2,132.0,2.2,1.0,0.0,0.0,0.0,2.1,0.7,5.2,9.6,1.2,4.3,0.2,2.0,9.6,2.2,3.4,1.0,1.6,0.3,0.3,2.4,0.8,9.9,15.0,1.3,5.0,0.2,2.5,3.4,36.8,36.8,36.8,36.8,36.8,36.8,36.8,5.7,5.3,2.4,0.6,2.8,18.2,5.7,2.4,28.0,10.3,3.7,38.8,56.4,49.3,9.5,66.7,87.4,95.7,58.5,25.5,45.1,88.2,1600.0,16.00,16,18,18,36,74,560,1,46.9,38.0,37.5,33.5,32.6,32.6,32.9,37.1,33.2,33.0,33.4,33.4,32.0,28.6,1.156,0.994,1.163,5.971,5.926,6.047,6.047,28.811,0.526,0.184,0.124,0.432,1.596,0.617,0.203,6.508,5.890,12.399,28.448,1600.0,1600.0,3819.8,3819.8,4650.0,37.4,10.1,6.7,40.0,203.8,No,No,No,0.152,0.038,0.3,47.0,40.5,37.5,35.0,34.5,38.0,37.5,12.168,4.990,1.002,1.348,0.962,0.782,0.840,1.562,3.344,1.836,1295,752,554,548,1.056,1.266,36,36,44,79.0,100.0,No,No,80704,102356,0.0,0.0,0.0,0.000,0.000,45602,11172,48.4,56.0,57.6,55,56,54,56,56,54,54,54,56,83.0,0.669,12.172,12.262,12.149,12.135,12.144,1198,1199,45.312,14.426,24.555,1.569,23.167,19.744,9.970,24.555,19.955,1.250,5.071,290.000,320.000,225.0,625.2,855.0,283.0,930.0,825.0,225.1,624.9,929.7,1.0,0.0,0.0,0.0,9.0,0.0,0.0,0.0,0.0,0.0,71,71,Yes,No,No,No,No,Yes,No,15.3,15.5,5,0,0,0,0,0,0,0,0,138,0,0,0,0,0,0,0,0,0,0,0,0,0,0,0,0,0,0,0,0,7455,737,568,34,16.0,3.5,5.9,2.7,2.7,2.7,2.7,3.5,5.9,2.7,2.7,2.7,2.7,288.76,365.58,170.23,167.24,366.24,366.24,0.84,288.00,288.76,0.00,210.72,201,6,1.3,0.8,0,0,0.0,0.0,0,
27.8.2026,17:32:36.576,6338,12915,32.9,5278,11031,32.3,2.4,2944,70,0.956,0.956,0.956,0.956,0.956,0.956,0.956,3675.0,3675.0,3675.0,3675.0,3675.0,3675.0,3675.0,100.0,132.2,101.0,2.6,25.5,19.2,321.0,80.2,428.1,160.8,142.4,268.7,3.0,34.1,132.2,3.1,0.9,2.8,0.0,0.0,7.0,1.7,9.3,3.4,3.1,8.7,0.0,0.6,9.3,3.1,3.4,1.2,0.0,0.6,0.5,8.6,2.0,11.5,4.3,3.8,7.2,0.1,0.9,3.4,36.8,36.8,36.8,36.8,36.8,36.8,36.8,10.7,5.6,1.2,0.9,8.9,13.1,8.8,0.9,31.6,8.2,3.8,65.9,65.6,44.3,2.1,62.8,90.6,95.3,25.3,21.4,47.0,97.0,1600.0,16.00,16,18,18,36,74,560,1,46.5,37.1,37.0,33.4,32.5,32.5,33.6,35.8,33.7,32.6,33.3,33.3,34.0,28.5,1.156,0.994,1.163,6.304,5.675,6.290,6.290,28.011,0.539,0.150,0.089,0.805,1.341,0.767,0.079,6.878,5.643,12.521,28.006,1600.0,1600.0,3756.5,3756.5,4650.0,36.9,10.5,7.0,39.1,210.1,No,No,No,0.159,0.066,0.3,46.0,40.5,37.5,35.0,34.5,38.0,37.5,12.168,5.000,1.002,1.348,0.796,0.782,0.840,1.562,3.344,1.834,1295,768,556,561,1.056,1.268,36,36,44,79.0,100.0,No,No,80704,102356,0.0,0.0,0.0,0.000,0.124,45602,11173,48.1,56.0,57.3,55,56,54,54,56,54,54,54,56,83.0,0.662,12.175,12.266,12.152,12.137,12.146,1195,1198,44.779,14.349,24.466,1.460,23.064,19.760,9.923,24.466,19.847,1.212,4.941,290.000,320.000,210.0,101.2,765.0,283.0,825.0,720.0,210.1,101.0,824.7,1.0,0.0,0.0,0.0,9.0,0.0,0.1,0.0,0.0,0.0,71,71,Yes,No,No,No,No,Yes,No,15.3,10.8,5,0,0,0,0,0,0,0,0,139,0,0,0,0,0,0,0,0,0,0,0,0,0,0,0,0,0,0,0,0,7455,737,568,34,5.0,3.6,4.9,3.0,3.0,3.0,3.0,3.6,5.0,3.0,3.0,3.0,3.0,277.64,332.46,202.63,200.86,333.14,333.14,1.10,276.57,277.64,0.00,132.95,201,6,4.7,0.0,0,0,0.0,0.0,0,
27.8.2026,17:32:37.090,6338,12915,32.9,5278,11031,32.3,2.4,2944,70,0.956,0.956,0.956,0.956,0.956,0.956,0.956,3675.0,3675.0,3675.0,3675.0,3675.0,3675.0,3675.0,100.0,138.0,41.2,2.8,11.1,9.8,135.9,166.7,547.4,316.8,144.8,254.8,3.6,20.7,138.0,3.1,0.8,0.0,0.0,3.0,2.3,3.1,11.9,6.9,3.1,5.6,0.0,0.2,11.9,3.1,3.6,1.1,0.1,0.2,0.2,2.9,3.8,14.8,8.5,3.8,6.8,0.1,0.5,3.6,36.8,36.8,36.8,36.8,36.8,36.8,36.8,4.0,5.9,1.3,0.5,4.8,19.2,9.1,0.6,35.2,27.6,5.9,75.0,63.8,37.6,1.4,58.9,71.1,93.6,20.3,16.9,53.3,98.0,1600.0,16.00,16,18,18,36,74,560,1,46.1,37.4,36.5,33.6,32.9,32.5,33.6,36.2,33.6,32.6,33.5,33.5,33.8,29.3,1.150,0.994,1.156,6.719,5.247,6.718,6.718,27.512,0.610,0.300,0.106,0.878,1.562,0.753,0.062,7.369,5.216,12.585,27.483,1600.0,1600.0,3873.7,3873.7,4650.0,36.2,11.2,7.5,39.4,199.3,No,No,No,0.142,0.043,0.4,46.0,40.5,37.5,35.0,34.5,38.0,37.5,12.168,5.000,1.002,1.348,0.970,0.782,0.840,1.560,3.352,1.834,1238,754,556,561,1.056,1.268,36,36,45,79.0,100.0,No,No,80704,102356,0.0,0.0,0.0,0.000,0.000,45602,11173,46.4,54.0,53.8,52,52,52,52,52,52,52,52,52,83.0,0.662,12.193,12.261,12.176,12.160,12.176,1195,1196,36.717,5.271,10.105,0.993,6.855,7.259,2.508,10.105,5.020,1.150,3.443,290.000,320.000,210.0,101.2,765.0,209.2,825.0,720.0,154.8,73.6,608.3,1.0,1.0,0.0,0.0,9.0,0.0,0.1,0.0,0.0,0.0,71,71,Yes,No,No,No,No,Yes,No,5.2,5.3,5,0,0,0,0,0,0,0,0,139,0,0,0,0,0,0,0,0,0,0,0,0,0,0,0,0,0,0,0,0,7455,737,568,34,5.0,3.8,4.3,3.4,3.3,3.3,3.3,3.8,4.3,3.3,3.3,3.3,3.3,266.41,298.45,234.76,234.18,299.11,299.11,1.37,265.07,266.41,0.00,65.88,201,6,4.4,0.1,0,0,0.0,0.0,0,
27.8.2026,17:32:37.604,6337,12916,32.9,5278,11031,32.3,2.4,2944,70,0.967,0.956,0.969,0.969,0.969,0.969,0.969,3675.0,3675.0,3675.0,3675.0,3675.0,3675.0,3675.0,100.0,145.6,123.4,2.4,26.3,10.5,347.0,78.9,503.6,182.5,128.6,314.8,12.2,17.0,145.6,8.7,2.9,32.6,5.4,10.3,9.4,3.6,13.0,3.0,4.5,0.0,17.2,2.3,32.6,8.7,3.6,1.0,0.1,0.7,0.2,9.2,1.9,13.6,4.9,3.0,8.1,0.3,0.4,3.6,36.8,36.8,36.8,36.8,36.8,36.8,36.8,8.9,6.0,1.1,0.9,9.2,15.2,8.5,0.8,31.1,9.6,2.1,58.4,66.1,44.3,5.8,63.0,89.3,97.0,32.4,18.7,47.2,93.4,1600.0,16.00,16,18,18,36,74,560,1,45.8,37.3,40.2,33.5,32.5,32.6,33.7,36.0,33.6,32.6,33.4,33.4,33.5,29.3,1.156,0.994,1.163,6.530,5.145,6.534,6.534,26.860,0.573,0.179,0.080,0.841,1.449,0.802,0.089,7.119,5.116,12.235,26.907,1600.0,1600.0,3768.7,3768.7,4650.0,35.4,10.9,7.3,39.2,204.7,No,No,No,0.144,0.069,0.4,46.0,40.5,37.5,35.0,34.5,38.0,37.5,12.192,5.000,1.004,1.352,0.748,0.782,0.840,1.562,3.352,1.834,1238,754,554,548,1.056,1.263,36,36,45,79.0,100.0,No,No,80704,102356,0.0,0.0,0.0,0.000,0.000,45602,11173,46.0,52.0,53.7,52,52,50,52,52,52,52,52,52,83.0,0.662,12.196,12.263,12.180,12.162,12.179,1192,1195,22.485,5.231,9.938,0.969,6.845,7.176,2.533,9.938,5.076,1.144,3.459,290.000,320.000,210.0,101.2,765.0,209.2,825.0,720.0,210.0,101.0,825.1,0.0,1.0,0.0,0.0,9.0,0.0,0.1,0.0,0.0,0.0,70,70,Yes,No,No,No,No,Yes,No,5.2,5.3,5,0,0,0,0,0,0,0,0,139,0,0,0,0,0,0,0,0,0,0,0,0,0,0,0,0,0,0,0,0,7455,737,568,34,5.0,3.8,3.8,3.7,3.7,3.7,3.7,3.8,3.8,3.7,3.7,3.7,3.7,266.44,267.39,265.92,265.92,267.41,267.41,1.58,264.88,266.44,0.00,11.32,201,6,3.5,0.0,0,0,0.0,0.0,0,
27.8.2026,17:32:38.112,6335,12918,32.9,5275,11034,32.3,2.4,2944,70,1.139,0.956,1.175,1.175,1.175,1.175,1.175,3675.0,3675.0,3675.0,3675.0,3675.0,3675.0,3675.0,100.0,163.3,67.8,6.3,20.3,18.7,258.1,197.6,714.0,217.9,68.1,363.2,6.5,21.3,163.3,3.4,0.0,0.0,0.0,0.0,4.2,2.8,14.6,6.4,0.1,12.4,0.0,0.0,14.6,3.4,4.2,1.0,0.2,0.5,0.5,6.5,4.8,19.3,5.9,1.6,9.6,0.2,0.5,4.2,36.8,36.8,36.8,36.8,36.8,36.8,36.8,2.3,6.4,1.2,0.9,7.8,18.0,9.7,0.6,30.4,8.6,8.8,70.2,51.3,42.4,0.8,63.3,90.4,90.3,22.0,30.7,47.9,98.6,1600.0,16.00,16,18,18,36,74,560,1,45.5,37.6,39.0,33.6,32.6,32.6,34.1,35.9,34.0,32.5,33.5,33.5,34.0,28.1,1.156,0.994,1.163,6.763,5.289,6.763,6.763,27.674,0.607,0.130,0.153,0.986,1.448,0.868,0.060,7.416,5.257,12.672,27.645,1600.0,1600.0,3892.8,3892.8,4650.0,36.4,11.3,7.5,39.6,201.1,No,No,No,0.214,0.069,0.4,45.0,40.5,37.5,35.0,34.5,38.0,37.5,12.192,5.010,1.002,1.348,0.992,0.782,0.840,1.562,3.352,1.834,1260,756,556,548,1.056,1.263,36,36,44,79.0,100.0,No,No,80704,102356,0.0,0.0,0.0,0.000,0.218,45602,11173,45.7,52.0,53.2,51,50,52,50,52,50,52,50,52,83.0,0.662,12.193,12.261,12.176,12.159,12.176,1187,1187,15.978,5.230,9.973,0.944,6.794,7.259,2.520,9.973,5.044,1.143,3.416,290.000,320.000,210.0,101.2,765.0,54.9,825.0,720.0,157.6,74.8,617.4,1.0,1.0,0.0,0.0,9.0,0.0,0.1,0.0,0.0,0.0,70,70,Yes,No,No,No,No,Yes,No,5.2,5.4,5,0,0,0,0,0,0,0,0,139,0,0,0,0,0,0,0,0,0,0,0,0,0,0,0,0,0,0,0,0,7455,737,568,34,5.0,3.9,4.0,3.8,3.8,3.8,3.8,3.9,4.0,3.8,3.8,3.8,3.8,255.33,265.62,249.37,249.35,265.92,265.92,1.52,253.75,255.33,0.00,5.80,201,6,0.9,0.0,0,0,0.0,0.0,0,
27.8.2026,17:32:38.611,6338,12916,32.9,5278,11031,32.3,2.4,2944,70,0.956,0.956,0.956,0.956,0.956,0.956,0.956,3675.0,3675.0,3675.0,3675.0,3675.0,3675.0,3675.0,100.0,145.3,41.7,11.0,30.2,11.6,250.4,226.7,637.7,185.6,219.1,115.3,6.1,8.0,145.3,5.8,2.9,0.0,0.0,2.3,4.6,3.9,16.0,6.1,6.8,7.3,19.3,0.0,19.3,5.8,3.8,0.9,0.3,0.8,0.3,6.4,5.8,17.2,5.0,5.7,2.8,0.1,0.2,3.8,36.8,36.8,36.8,36.8,36.8,36.8,36.8,9.5,5.8,1.3,0.9,9.9,15.8,6.7,0.4,27.1,5.5,7.6,42.2,61.2,44.5,1.8,67.1,93.3,91.5,47.9,23.1,48.8,97.8,1600.0,16.00,16,18,18,36,74,560,1,45.2,37.0,38.0,33.4,32.5,32.6,34.1,35.8,33.1,32.5,33.4,33.4,34.2,29.0,1.156,0.994,1.163,6.125,4.903,6.116,6.116,26.165,0.540,0.100,0.121,0.899,1.419,0.650,0.052,6.710,4.878,11.588,26.153,1600.0,1600.0,3781.5,3781.5,4650.0,34.4,10.2,6.8,38.9,204.6,No,No,No,0.157,0.071,0.3,45.0,40.5,37.5,35.0,34.5,38.0,37.5,12.168,5.010,1.002,1.352,0.974,0.782,0.840,1.562,3.352,1.834,1260,756,556,562,1.056,1.252,36,36,44,79.0,100.0,No,No,80704,102356,0.0,0.0,0.0,0.000,0.000,45602,11173,45.4,52.0,53.0,50,50,50,50,52,50,50,50,52,83.0,0.662,12.198,12.264,12.179,12.170,12.178,1183,1180,16.033,3.654,5.365,0.270,7.514,2.556,2.484,5.365,4.986,1.024,3.318,290.000,320.000,210.0,50.6,555.0,54.9,600.0,525.0,210.0,50.5,600.3,0.0,2.0,0.0,0.0,9.0,0.0,0.1,0.0,0.0,0.0,69,69,Yes,No,No,No,No,Yes,No,3.6,6.3,5,0,0,0,0,0,0,0,0,140,0,0,0,0,0,0,0,0,0,0,0,0,0,0,0,0,0,0,0,0,7455,737,568,34,2.5,3.7,4.0,3.5,3.5,3.5,3.5,3.7,4.0,3.5,3.5,3.5,3.5,266.68,283.66,249.69,249.38,284.01,284.01,1.54,265.30,266.68,0.00,17.36,201,6,2.0,0.4,0,0,0.0,0.0,0,
27.8.2026,17:32:39.113,6335,12919,32.9,5275,11034,32.3,2.4,2944,70,1.203,1.188,1.206,1.206,1.206,1.206,1.206,3770.8,3620.0,3620.0,3620.0,4525.0,3620.0,3620.0,100.0,152.3,93.2,1.4,21.7,28.6,104.9,193.6,812.4,186.9,141.4,232.3,2.4,8.1,152.3,6.4,0.8,0.0,8.9,0.0,2.0,7.0,20.4,4.0,0.0,1.9,0.0,31.9,31.9,6.4,3.8,1.0,0.0,0.5,0.7,2.4,4.7,21.9,5.0,3.4,6.0,0.0,0.2,3.8,37.7,36.2,36.2,36.2,45.2,36.2,36.2,19.3,6.3,1.0,1.2,6.1,21.9,7.3,0.2,24.7,6.6,10.8,39.3,47.6,43.1,0.6,69.1,92.5,88.0,54.7,30.6,49.5,99.2,1600.0,16.00,16,18,18,36,74,560,1,45.0,36.8,50.2,33.4,32.4,32.7,33.1,36.1,33.5,32.5,33.3,33.3,32.8,28.6,1.206,1.000,1.212,6.074,4.535,6.013,6.013,24.837,0.601,0.140,0.199,0.843,1.645,0.742,0.037,6.742,4.517,11.259,25.192,1600.0,1600.0,3469.3,3469.3,4650.0,33.1,10.0,6.7,38.8,185.0,No,No,No,0.162,0.049,0.4,45.0,40.5,37.5,35.0,34.5,38.0,37.5,12.192,5.000,1.002,1.348,0.952,0.780,0.840,1.564,3.360,1.834,1210,773,556,549,1.056,1.252,36,36,44,79.0,100.0,No,No,80704,102356,0.0,0.0,0.0,0.000,0.000,45602,11173,45.3,50.0,53.0,50,50,50,50,50,50,50,50,50,83.0,0.662,12.194,12.261,12.176,12.165,12.176,1173,1175,14.066,4.796,8.310,0.576,8.048,5.255,2.788,8.310,5.588,1.024,3.267,290.000,320.000,210.0,50.6,555.0,59.7,600.0,525.0,186.4,44.3,532.6,1.0,3.0,0.0,0.0,9.0,0.0,0.1,0.0,0.0,0.0,69,69,Yes,No,No,No,No,Yes,No,4.8,5.1,5,0,0,0,0,0,0,0,0,140,0,0,0,0,0,0,0,0,0,0,0,0,0,0,0,0,0,0,0,0,7455,737,568,34,2.5,3.7,4.6,3.2,3.2,3.1,3.1,3.7,4.6,3.2,3.2,3.2,3.2,266.68,316.47,216.88,215.97,317.48,317.48,2.06,264.57,266.68,0.00,84.10,201,6,0.9,0.1,0,0,0.0,0.0,0,
27.8.2026,17:32:39.613,6337,12916,32.9,5278,11031,32.3,2.4,2944,70,1.002,1.200,0.963,0.963,0.963,0.963,0.963,3816.7,4525.0,3675.0,3675.0,3675.0,3675.0,3675.0,100.0,159.7,173.5,6.1,15.0,16.8,102.1,87.8,706.0,214.3,198.0,251.9,54.0,90.4,159.7,6.5,3.7,6.0,0.0,13.9,5.3,2.0,13.0,4.8,4.2,8.3,6.9,10.3,13.9,6.5,4.1,4.4,0.1,0.4,0.4,2.6,2.2,19.1,5.8,4.9,6.4,1.2,2.2,4.1,38.2,45.2,36.8,36.8,36.8,36.8,36.8,11.3,6.7,3.9,0.6,3.6,20.5,8.7,2.7,34.3,13.1,7.8,52.5,64.2,46.0,22.1,59.1,83.1,91.6,44.0,15.4,45.3,75.3,1600.0,16.00,16,18,18,36,74,560,1,44.9,38.0,37.2,33.8,33.2,32.6,33.1,37.0,33.7,33.3,33.4,33.4,33.5,28.8,1.156,0.994,1.163,6.774,4.638,6.831,6.831,26.589,0.661,0.383,0.109,0.576,1.691,0.834,0.370,7.479,4.619,12.097,26.539,1600.0,1600.0,3748.1,3748.1,4650.0,34.9,11.4,7.6,40.0,186.9,No,No,No,0.178,0.070,0.4,45.0,40.5,37.5,35.0,34.5,38.0,37.5,12.192,5.000,1.002,1.348,0.996,0.780,0.840,1.564,3.356,1.836,1210,773,556,549,1.057,1.249,36,36,44,79.0,100.0,No,No,80704,102356,0.0,0.0,0.0,0.000,0.000,45602,11173,45.0,50.0,52.6,50,50,50,50,50,50,50,50,50,83.0,0.662,12.199,12.264,12.180,12.171,12.179,1160,1163,12.239,3.602,5.196,0.270,7.308,2.592,2.497,5.196,5.000,1.009,3.352,290.000,320.000,210.0,50.6,555.0,59.7,600.0,525.0,185.6,43.9,529.8,0.0,2.0,0.0,0.0,9.0,0.0,0.1,0.0,0.0,0.0,69,69,Yes,No,No,No,No,Yes,No,3.5,5.0,5,0,0,0,0,0,0,0,0,140,0,0,0,0,0,0,0,0,0,0,0,0,0,0,0,0,0,0,0,0,7455,737,568,34,2.5,3.7,5.4,2.9,2.8,2.8,2.8,3.7,5.4,2.9,2.9,2.9,2.9,266.88,349.59,184.17,182.65,351.28,351.28,1.66,265.17,266.88,0.00,150.95,201,6,3.5,0.4,0,0,0.0,0.0,0,
27.8.2026,17:32:40.112,6339,12914,32.9,5277,11032,32.3,2.4,2944,70,0.956,0.956,0.956,0.956,0.956,0.956,0.956,3675.0,3675.0,3675.0,3675.0,3675.0,3675.0,3675.0,100.0,135.9,28.2,2.0,9.9,14.7,168.0,182.5,594.0,29.2,343.9,243.5,10.5,4.8,135.9,2.7,0.8,0.0,0.0,3.4,0.6,1.0,10.6,0.0,7.8,8.3,0.0,0.0,10.6,2.7,3.5,0.6,0.0,0.2,0.4,3.9,4.3,16.0,0.8,9.0,6.4,0.3,0.1,3.5,36.8,36.8,36.8,36.8,36.8,36.8,36.8,15.3,5.6,0.7,0.7,6.1,13.4,12.4,0.4,28.8,18.0,2.6,43.5,51.0,52.4,5.4,65.6,81.3,96.8,50.5,35.6,35.2,94.3,1600.0,16.00,16,18,18,36,74,560,1,44.6,37.1,38.5,33.4,32.6,32.3,33.4,35.3,34.1,32.4,33.3,33.3,32.2,28.5,1.156,0.994,1.163,6.023,4.547,6.025,6.025,25.596,0.572,0.207,0.067,0.807,1.217,1.050,0.083,6.603,4.529,11.132,25.331,1600.0,1600.0,3489.2,3489.2,4650.0,33.3,10.0,6.7,39.0,190.3,No,No,No,0.160,0.037,0.3,44.0,40.5,37.5,35.0,34.5,38.0,37.5,12.192,5.010,1.002,1.348,0.890,0.780,0.840,1.562,3.360,1.834,1235,759,556,549,1.057,1.249,36,36,44,79.0,100.0,No,No,80704,102356,0.0,0.0,0.0,0.000,0.008,45602,11173,44.8,50.0,52.3,50,50,50,50,50,48,50,50,52,83.0,0.662,12.200,12.264,12.181,12.172,12.181,1148,1151,11.575,3.641,5.357,0.270,7.455,2.605,2.485,5.357,4.984,1.012,3.241,290.000,320.000,210.0,50.6,555.0,63.4,600.0,525.0,155.0,36.8,444.6,1.0,3.0,0.0,0.0,9.0,0.0,0.1,0.0,0.0,0.0,68,68,Yes,No,No,No,No,Yes,No,3.6,5.0,5,0,0,0,0,0,0,0,0,140,0,0,0,0,0,0,0,0,0,0,0,0,0,0,0,0,0,0,0,0,7455,737,568,34,2.5,3.4,5.9,2.7,2.7,2.7,2.7,3.4,5.9,2.7,2.7,2.7,2.7,294.71,367.03,169.23,165.88,367.35,367.35,1.44,293.22,294.71,0.00,184.57,201,6,0.0,0.0,0,0,0.0,0.0,0,
27.8.2026,17:32:40.603,6337,12917,32.9,5275,11034,32.3,2.4,2944,70,0.956,0.956,0.956,0.956,0.956,0.956,0.956,3675.0,3675.0,3675.0,3675.0,3675.0,3675.0,3675.0,100.0,124.4,36.5,1.9,18.0,27.2,118.6,111.7,546.7,219.4,191.4,208.9,5.3,7.2,124.4,7.8,0.0,30.0,13.8,0.0,0.0,2.8,9.7,5.3,4.7,2.1,11.2,13.6,30.0,7.8,3.3,0.8,0.0,0.5,0.7,3.0,2.8,14.8,5.9,5.1,5.5,0.1,0.2,3.3,36.8,36.8,36.8,36.8,36.8,36.8,36.8,10.3,5.5,0.9,1.2,4.7,16.6,9.0,0.3,30.6,7.3,5.9,57.3,66.3,45.2,1.4,64.0,91.8,93.0,38.0,17.1,45.8,98.3,1600.0,16.00,16,18,18,36,74,560,1,44.4,36.8,37.2,33.3,32.3,32.4,33.0,35.9,33.8,32.4,33.2,33.2,32.8,28.1,1.156,0.994,1.163,6.121,4.693,6.143,6.143,25.835,0.528,0.092,0.110,0.635,1.443,0.843,0.048,6.664,4.673,11.337,25.793,1600.0,1600.0,3693.9,3693.9,4650.0,33.9,10.2,6.8,38.8,207.6,No,No,No,0.156,0.062,0.3,44.0,40.5,37.5,35.0,34.5,38.0,37.5,12.192,5.000,1.002,1.348,0.938,0.780,0.838,1.562,3.352,1.834,1223,759,556,549,1.057,1.280,36,36,44,79.0,100.0,No,No,80704,102356,0.0,0.0,0.0,0.000,0.000,45602,11173,44.7,50.0,52.5,50,50,50,50,50,48,50,48,50,83.0,0.662,12.198,12.264,12.180,12.170,12.178,1139,1142,11.185,3.486,4.972,0.208,7.271,2.349,2.436,4.972,4.870,1.008,3.286,290.000,320.000,210.0,50.6,555.0,63.4,600.0,525.0,65.2,15.6,187.0,0.0,2.0,0.0,0.0,9.0,0.0,0.1,0.0,0.0,0.0,68,68,Yes,No,No,No,No,Yes,No,3.4,5.1,5,0,0,0,0,0,0,0,0,140,0,0,0,0,0,0,0,0,0,0,0,0,0,0,0,0,0,0,0,0,7455,737,568,34,2.5,3.3,8.3,2.4,2.4,2.4,2.4,3.3,8.2,2.4,2.4,2.4,2.4,299.94,415.58,120.92,116.39,416.57,416.57,1.74,298.26,299.94,0.00,250.90,201,6,1.7,1.6,0,0,0.0,0.0,0,
27.8.2026,17:32:41.111,6339,12914,32.9,5277,11032,32.3,2.4,2944,70,0.956,0.956,0.956,0.956,0.956,0.956,0.956,3656.7,3675.0,3675.0,3675.0,3675.0,3620.0,3620.0,100.0,125.7,32.4,1.7,10.4,10.0,342.1,52.0,634.0,33.7,151.7,219.7,2.2,18.7,125.7,3.8,2.8,0.0,0.0,0.0,14.8,3.3,18.5,0.0,2.6,4.1,0.0,0.0,18.5,3.8,3.3,0.7,0.0,0.2,0.2,9.1,1.2,17.1,0.9,4.0,5.9,0.0,0.5,3.3,36.6,36.8,36.8,36.8,36.8,36.2,36.2,18.2,5.4,0.8,0.5,8.4,14.2,8.0,0.5,28.4,4.7,7.2,61.6,56.8,38.6,1.3,66.3,94.5,92.3,30.2,29.0,53.4,98.2,1600.0,16.00,16,18,18,36,74,560,1,44.1,37.0,37.8,33.3,32.4,32.4,33.9,35.3,33.3,32.3,33.2,33.2,33.8,29.4,1.156,0.994,1.163,5.794,4.546,5.793,5.793,24.905,0.525,0.091,0.104,0.937,1.267,0.702,0.049,6.342,4.528,10.869,24.964,1600.0,1600.0,3341.9,3341.9,4650.0,32.8,9.7,6.4,38.9,198.8,No,No,No,0.145,0.046,0.3,44.0,40.5,37.5,35.0,34.5,38.0,37.5,12.192,5.020,1.002,1.352,0.630,0.780,0.840,1.562,3.356,1.834,1223,774,557,562,1.057,1.280,36,36,44,79.0,100.0,No,No,80704,102356,0.0,0.0,0.0,0.000,0.000,45602,11173,44.5,50.0,52.2,49,50,50,48,50,48,50,48,50,83.0,0.662,12.197,12.262,12.178,12.170,12.178,1126,1131,11.309,3.523,5.057,0.208,7.295,2.483,2.460,5.057,4.936,1.003,3.212,290.000,320.000,210.0,50.6,555.0,55.1,600.0,525.0,158.5,37.5,452.0,2.0,3.0,0.0,0.0,9.0,0.0,0.1,0.0,0.0,0.0,68,68,Yes,No,No,No,No,Yes,No,3.4,5.1,5,0,0,0,0,0,0,0,0,140,0,0,0,0,0,0,0,0,0,0,0,0,0,0,0,0,0,0,0,0,7455,737,568,34,2.5,3.2,9.4,2.3,2.3,2.3,2.3,3.2,9.4,2.3,2.3,2.3,2.3,316.63,432.85,106.46,100.77,433.18,433.18,1.92,314.75,316.63,0.00,316.86,201,6,0.3,0.4,0,0,0.0,0.0,0,
27.8.2026,17:32:41.610,6339,12914,32.9,5277,11032,32.3,2.4,2944,70,0.956,0.956,0.956,0.956,0.956,0.956,0.956,3656.7,3675.0,3675.0,3675.0,3675.0,3620.0,3620.0,100.0,125.7,32.4,1.7,10.4,10.0,342.1,52.0,634.0,33.7,151.7,219.7,2.2,18.7,125.7,3.8,2.8,0.0,0.0,0.0,14.8,3.3,18.5,0.0,2.6,4.1,0.0,0.0,18.5,3.8,3.3,0.7,0.0,0.2,0.2,9.1,1.2,17.1,0.9,4.0,5.9,0.0,0.5,3.3,36.6,36.8,36.8,36.8,36.8,36.2,36.2,18.2,5.4,0.8,0.5,8.4,14.2,8.0,0.5,28.4,4.7,7.2,61.6,56.8,38.6,1.3,66.3,94.5,92.3,30.2,29.0,53.4,98.2,1600.0,16.00,16,18,18,36,74,560,1,44.1,37.0,37.8,33.3,32.4,32.4,33.9,35.3,33.3,32.3,33.2,33.2,33.8,29.4,1.156,0.994,1.163,5.794,4.546,5.793,5.793,24.905,0.525,0.091,0.104,0.937,1.267,0.702,0.049,6.342,4.528,10.869,24.964,1600.0,1600.0,3341.9,3341.9,4650.0,32.8,9.7,6.4,38.9,198.8,No,No,No,0.145,0.046,0.3,44.0,40.5,37.5,35.0,34.5,38.0,37.5,12.192,5.020,1.002,1.348,0.906,0.782,0.838,1.562,3.356,1.834,1215,759,557,562,1.057,1.265,36,36,44,79.0,100.0,No,No,80704,102356,0.0,0.0,0.0,0.000,0.000,45602,11173,44.3,50.0,52.0,50,50,50,50,50,48,50,48,50,83.0,0.662,12.195,12.263,12.176,12.167,12.175,992,1009,11.254,3.391,4.696,0.123,7.123,2.336,2.447,4.696,4.896,1.003,3.199,290.000,320.000,210.0,50.6,555.0,55.1,600.0,525.0,156.7,37.4,450.6,0.0,2.0,0.0,0.0,9.0,0.0,0.1,0.0,0.0,0.0,0,0,Yes,No,No,No,No,Yes,No,3.9,5.1,5,0,0,0,0,0,0,0,0,140,0,0,0,0,0,0,0,0,0,0,0,0,0,0,0,0,0,0,0,0,7455,737,568,34,2.5,3.2,9.4,2.3,2.3,2.3,2.3,3.2,9.4,2.3,2.3,2.3,2.3,316.63,432.85,106.46,100.77,433.18,433.18,1.92,314.75,316.63,0.00,316.86,201,6,0.3,0.4,0,0,0.0,0.0,0,
27.8.2026,17:32:42.127,6338,12916,32.9,5276,11034,32.3,2.4,2944,70,1.123,0.956,1.156,1.156,1.156,1.156,1.156,3780.0,3675.0,3620.0,3620.0,3620.0,4525.0,3620.0,100.0,141.2,29.9,5.7,27.8,15.7,246.4,257.3,200.3,415.4,207.8,258.1,7.6,21.9,141.2,7.8,1.1,22.0,1.1,28.9,6.0,6.4,5.0,12.4,2.1,9.0,0.0,0.0,28.9,7.8,3.7,0.6,0.1,0.6,0.4,6.5,6.8,5.4,11.2,5.4,6.7,0.2,0.6,3.7,37.8,36.8,36.2,36.2,36.2,45.2,36.2,5.6,6.2,0.8,1.1,11.0,13.7,9.8,0.8,32.1,4.7,12.3,62.1,58.3,49.5,5.7,61.7,94.4,86.7,26.9,28.0,40.7,93.5,1600.0,16.00,16,18,18,36,74,560,1,44.0,37.4,44.2,33.5,32.4,32.5,33.8,36.0,33.5,32.5,33.4,33.4,31.8,28.2,1.194,1.000,1.200,6.639,4.771,6.601,6.601,26.588,0.581,0.087,0.180,0.912,1.377,0.840,0.088,7.251,4.749,12.000,26.583,1600.0,1600.0,3899.5,3899.5,4650.0,35.0,11.0,7.3,39.3,206.4,No,No,No,0.165,0.063,0.4,44.0,40.5,37.5,35.0,34.5,38.0,37.5,12.192,5.000,1.002,1.348,1.056,0.782,0.838,1.562,3.356,1.834,1215,759,556,550,1.057,1.265,37,37,44,79.0,100.0,No,No,80704,102356,0.0,0.0,0.0,0.000,0.000,45602,11173,44.4,50.0,51.9,50,50,50,50,50,48,48,50,50,83.0,0.662,12.191,12.261,12.172,12.161,12.172,760,756,11.159,5.399,9.489,0.343,8.666,6.518,3.019,9.489,6.058,0.997,4.012,290.000,320.000,210.0,50.6,555.0,58.9,600.0,525.0,210.0,50.5,600.2,16.0,7.0,0.0,1.0,9.0,1.0,3.8,0.0,0.0,0.0,0,0,Yes,No,No,No,No,Yes,No,5.1,5.5,5,0,0,0,0,0,0,0,0,140,0,0,0,0,0,0,0,0,0,0,0,0,0,0,0,0,0,0,0,0,7456,736,567,38,2.5,3.2,17.3,2.2,2.2,2.2,2.2,3.2,17.3,2.2,2.2,2.2,2.2,311.24,450.07,57.80,50.90,450.41,450.41,1.83,309.38,311.24,0.00,372.09,201,6,0.2,0.0,0,0,0.0,0.0,0,
27.8.2026,17:32:42.625,6346,12907,32.9,5276,11033,32.3,2.4,2944,70,1.176,1.175,1.169,1.169,1.175,1.175,1.194,3770.8,3620.0,3620.0,3620.0,3620.0,4525.0,3620.0,100.0,299.3,221.1,74.9,269.1,145.8,512.0,656.4,428.7,241.6,465.3,510.9,45.5,20.8,299.3,11.3,2.6,3.3,7.7,7.8,13.1,13.7,11.0,0.0,14.5,10.4,34.5,17.2,34.5,11.3,7.8,4.1,2.0,7.2,3.8,13.6,17.5,11.6,6.5,12.1,13.2,1.1,0.5,7.8,37.7,36.2,36.2,36.2,36.2,45.2,36.2,0.0,11.1,5.5,8.5,20.3,12.3,18.4,1.6,58.2,63.1,41.0,79.1,42.3,81.0,42.5,30.7,31.4,50.5,0.6,45.5,0.5,55.9,1600.0,16.00,16,18,18,36,74,560,1,44.0,39.2,49.5,34.9,34.2,33.7,36.4,35.8,36.0,33.1,33.8,33.8,32.2,28.7,1.188,0.994,1.200,10.377,4.963,10.332,10.332,31.048,1.150,0.821,0.795,1.829,1.254,1.729,0.472,11.681,4.939,16.619,31.519,1600.0,1600.0,4122.5,4122.5,4650.0,41.5,17.2,11.5,41.2,168.5,No,No,No,0.704,0.217,0.7,44.0,40.5,37.5,35.0,34.5,38.0,37.5,12.192,5.010,1.002,1.348,1.046,0.782,0.838,1.562,3.352,1.834,1182,759,557,550,1.056,1.263,37,37,44,79.0,100.0,No,No,80704,102356,0.0,0.0,0.0,0.055,0.000,45602,11173,44.2,50.0,51.8,50,50,50,50,50,48,50,50,50,83.0,0.662,12.193,12.263,12.173,12.163,12.173,0,714,12.634,4.582,7.649,0.147,8.010,5.060,2.788,7.649,5.588,0.998,3.350,290.000,320.000,210.0,50.6,555.0,58.9,600.0,525.0,156.6,37.3,449.8,4.0,3.0,0.0,0.0,9.0,0.8,3.1,0.0,0.0,0.0,0,0,Yes,No,No,No,No,Yes,No,4.8,5.4,5,0,0,0,0,0,0,0,0,140,0,0,0,0,0,0,0,0,0,0,0,0,0,0,0,0,0,0,0,0,7458,734,564,37,2.5,18.1,232.5,7.2,7.2,7.2,7.2,15.0,60.1,8.6,8.6,8.6,8.6,55.23,137.98,4.30,4.09,138.75,138.75,3.40,0.38,55.16,0.07,81.54,201,6,0.2,0.0,0,0,0.0,0.0,0,
27.8.2026,17:32:43.146,6345,12909,32.9,5274,11035,32.3,2.4,2944,70,1.002,1.200,0.963,0.963,0.963,0.963,0.963,3665.8,3620.0,3675.0,3675.0,3675.0,3675.0,3675.0,100.0,172.7,76.2,1.2,11.6,28.6,407.7,289.2,441.4,334.3,204.4,266.7,3.6,7.0,172.7,5.4,2.1,0.0,0.6,0.0,9.7,7.0,10.2,7.8,5.1,6.5,0.0,16.2,16.2,5.4,4.6,1.7,0.0,0.3,0.7,10.8,7.6,12.0,9.1,5.4,7.0,0.1,0.1,4.6,36.7,36.2,36.8,36.8,36.8,36.8,36.8,0.0,6.8,1.9,1.0,12.0,15.8,9.8,0.3,50.3,69.3,9.8,84.7,49.4,81.8,6.6,42.9,28.7,89.2,3.3,34.8,8.4,93.1,1600.0,16.00,16,18,18,36,74,560,1,44.1,37.9,39.2,34.1,33.7,32.6,35.2,36.0,34.5,32.6,33.7,33.7,33.0,28.5,1.169,0.994,1.181,8.375,4.850,8.404,8.404,28.965,0.792,0.640,0.170,1.291,1.429,1.117,0.104,9.216,4.827,14.043,28.977,1600.0,1600.0,4025.5,4025.5,4650.0,38.1,14.0,9.3,39.9,191.9,No,No,No,0.120,0.044,0.4,44.0,40.5,37.5,35.0,34.5,38.0,37.5,12.168,5.000,1.002,1.348,1.028,0.782,0.838,1.562,3.356,1.834,1182,759,557,562,1.057,1.250,37,37,44,79.0,100.0,No,No,80704,102356,0.0,0.0,0.0,0.000,0.000,45602,11173,44.1,50.0,51.7,49,50,48,48,50,48,50,50,50,83.0,0.662,12.193,12.261,12.174,12.165,12.173,0,0,13.894,3.783,5.615,0.086,7.463,3.175,2.556,5.615,5.126,0.997,3.416,290.000,320.000,210.0,50.6,555.0,100.2,600.0,525.0,158.5,37.4,452.3,4.0,3.0,0.0,0.0,9.0,0.1,0.5,0.0,0.0,0.0,0,0,Yes,No,No,No,No,Yes,No,4.7,5.6,5,0,0,0,0,0,0,0,0,140,0,0,0,0,0,0,0,0,0,0,0,0,0,0,0,0,0,0,0,0,7458,734,564,37,2.5,37.8,61.6,7.5,7.5,7.5,7.5,37.8,60.1,7.5,7.5,7.5,7.5,26.46,133.66,16.23,16.21,133.67,133.67,1.38,25.07,26.46,0.00,16.81,201,6,1.4,0.3,0,0,0.0,0.0,0,
27.8.2026,17:32:43.660,6345,12908,32.9,5275,11034,32.3,2.4,2944,70,0.956,0.956,0.956,0.956,0.956,0.956,0.956,3675.0,3675.0,3675.0,3675.0,3675.0,3675.0,3675.0,100.0,156.4,78.5,12.0,14.3,24.7,216.2,137.9,518.7,404.8,170.4,285.6,3.2,10.3,156.4,7.8,2.2,38.3,3.8,4.1,5.7,3.8,9.3,6.9,1.4,7.2,11.4,0.0,38.3,7.8,4.1,1.7,0.3,0.3,0.6,5.7,3.6,14.0,10.9,4.4,7.5,0.1,0.3,4.1,36.8,36.8,36.8,36.8,36.8,36.8,36.8,0.0,6.3,2.0,1.0,7.9,16.8,9.9,0.3,50.4,48.6,11.8,92.1,64.4,80.6,5.0,43.3,49.4,87.2,0.0,18.8,9.5,94.7,1600.0,16.00,16,18,18,36,74,560,1,44.0,37.5,38.5,33.9,33.3,32.7,34.4,36.6,34.1,32.7,33.6,33.6,32.0,28.5,1.156,1.000,1.163,8.062,4.781,8.096,8.096,28.879,0.734,0.473,0.161,1.057,1.594,1.030,0.091,8.812,4.761,13.573,28.515,1600.0,1600.0,3990.9,3990.9,4650.0,37.5,13.5,9.0,39.5,198.0,No,No,No,0.131,0.073,0.4,44.0,40.5,37.5,35.0,34.5,38.0,37.5,12.192,5.000,1.002,1.352,1.028,0.782,0.838,1.562,3.356,1.834,1183,775,555,549,1.057,1.250,37,37,44,79.0,100.0,No,No,80704,102356,0.0,0.2,0.2,0.000,0.294,45602,11173,44.1,50.0,51.6,49,50,50,48,50,48,48,48,50,83.0,0.662,12.196,12.263,12.176,12.167,12.176,0,0,13.292,3.579,5.141,0.074,7.306,2.750,2.496,5.141,5.006,0.992,3.302,290.000,320.000,210.0,50.6,555.0,100.2,600.0,525.0,210.1,50.5,600.1,8.0,4.0,0.0,0.0,9.0,0.1,0.5,0.0,0.0,0.0,0,0,Yes,No,No,No,No,Yes,No,3.5,5.2,5,0,0,0,0,0,0,0,0,140,0,0,0,0,0,0,0,0,0,0,0,0,0,0,0,0,0,0,0,0,7458,734,564,37,2.5,41.3,60.9,8.5,7.6,7.5,7.5,41.2,60.0,8.5,7.6,7.5,7.5,24.24,117.63,16.43,16.42,133.65,133.65,1.35,22.90,24.24,0.00,13.24,201,6,0.3,0.5,0,0,0.0,0.0,0,
27.8.2026,17:32:44.167,6346,12907,32.9,5277,11032,32.3,2.4,2944,70,0.983,1.150,0.950,0.950,0.950,0.950,0.950,3780.0,3675.0,3620.0,3620.0,3620.0,4525.0,3620.0,100.0,181.3,128.2,26.4,40.3,27.4,664.0,270.3,462.4,44.8,166.8,332.5,5.4,7.6,181.3,7.7,3.2,3.8,0.0,9.3,15.2,6.1,7.6,1.2,6.9,8.1,27.5,3.4,27.5,7.7,4.8,3.2,0.7,1.0,0.7,17.7,7.1,12.5,1.2,4.4,8.8,0.1,0.2,4.8,37.8,36.8,36.2,36.2,36.2,45.2,36.2,0.0,7.9,3.3,1.6,19.9,10.5,11.6,0.3,47.5,50.0,15.0,80.1,50.2,87.9,2.0,44.6,46.8,83.3,0.0,39.3,0.6,97.7,1600.0,16.00,16,18,18,36,74,560,1,43.9,37.8,38.2,34.0,33.8,32.7,35.3,35.1,34.8,32.4,33.6,33.6,33.8,28.7,1.156,0.994,1.163,8.567,4.839,8.567,8.567,29.111,0.790,0.594,0.232,1.451,1.174,1.232,0.058,9.431,4.818,14.250,29.151,1600.0,1600.0,4059.5,4059.5,4650.0,38.4,14.3,9.5,39.8,197.1,No,No,No,0.188,0.062,0.5,44.0,40.5,37.5,35.0,34.5,38.0,37.5,12.192,5.000,1.002,1.348,1.026,0.782,0.838,1.562,3.352,1.836,1183,775,555,549,1.056,1.249,37,37,44,79.0,100.0,No,No,80704,102356,0.0,0.0,0.0,0.000,0.000,45602,11173,44.0,50.0,51.7,49,50,48,50,50,48,48,48,50,83.0,0.662,12.193,12.263,12.173,12.163,12.174,0,0,12.643,4.421,7.344,0.135,7.900,4.756,2.727,7.344,5.466,0.994,3.127,290.000,320.000,210.0,50.6,555.0,92.1,600.0,525.0,210.0,50.5,600.0,6.0,3.0,0.0,0.0,8.9,0.2,1.0,0.0,0.0,0.0,0,0,Yes,No,No,No,No,Yes,No,4.4,6.8,5,0,0,0,0,0,0,0,0,140,0,0,0,0,0,0,0,0,0,0,0,0,0,0,0,0,0,0,0,0,7460,732,563,37,2.5,36.8,61.6,4.5,3.4,3.3,3.3,36.8,60.1,4.5,3.4,3.3,3.3,27.15,220.88,16.24,16.17,300.28,300.28,1.36,25.79,27.15,0.00,19.66,201,6,0.2,0.0,0,0,0.0,0.0,0,
27.8.2026,17:32:44.668,6343,12910,32.9,5275,11034,32.3,2.4,2944,70,0.956,0.956,0.956,0.956,0.956,0.956,0.956,3647.5,3675.0,3675.0,3675.0,3620.0,3620.0,3620.0,100.0,159.4,59.7,3.6,28.4,30.2,192.0,170.1,732.5,183.0,183.9,306.2,4.7,18.7,159.4,4.0,1.4,0.0,3.6,3.7,4.5,3.9,18.8,4.0,1.0,7.0,0.0,0.0,18.8,4.0,4.2,1.5,0.1,0.7,0.8,5.0,4.4,19.8,4.9,4.8,8.1,0.1,0.5,4.2,36.5,36.8,36.8,36.8,36.2,36.2,36.2,0.0,7.0,1.7,1.4,8.0,19.4,10.8,0.6,43.6,17.4,10.1,92.0,65.8,69.8,6.4,49.4,80.8,88.4,0.0,14.7,19.4,93.0,1600.0,16.00,16,18,18,36,74,560,1,43.9,37.9,39.0,33.9,32.9,32.7,34.2,36.7,34.2,32.7,33.6,33.6,33.8,28.8,1.156,0.994,1.163,7.932,4.868,7.938,7.938,28.453,0.708,0.212,0.172,1.030,1.718,1.019,0.097,8.682,4.847,13.529,28.433,1600.0,1600.0,4010.0,4010.0,4650.0,37.4,13.2,8.8,39.9,202.6,No,No,No,0.164,0.072,0.4,43.0,40.5,37.5,35.0,34.5,38.0,37.5,12.192,5.000,1.002,1.348,1.000,0.782,0.838,1.562,3.352,1.834,1213,759,556,562,1.056,1.249,37,37,44,79.0,100.0,No,No,80704,102356,0.5,0.0,0.5,0.057,0.000,45602,11173,43.9,50.0,51.5,48,48,48,50,48,48,48,48,50,83.0,0.662,12.197,12.264,12.178,12.168,12.177,0,0,13.038,3.446,4.808,0.074,7.075,2.580,2.460,4.808,4.938,0.994,3.278,290.000,320.000,210.0,50.6,555.0,92.1,600.0,525.0,164.5,39.3,470.4,3.0,3.0,0.0,0.0,8.9,0.1,0.5,0.0,0.0,0.0,0,0,Yes,No,No,No,No,Yes,No,3.4,5.4,5,0,0,0,0,0,0,0,0,140,0,0,0,0,0,0,0,0,0,0,0,0,0,0,0,0,0,0,0,0,7459,733,564,37,2.5,30.0,65.1,3.9,3.4,3.3,3.3,30.0,60.1,3.9,3.4,3.3,3.3,33.34,254.43,15.35,15.11,300.28,300.28,1.37,31.97,33.34,0.00,33.52,201,6,1.8,0.4,0,0,0.0,0.0,0,
27.8.2026,17:32:45.176,6336,12917,32.9,5277,11032,32.3,2.4,2944,70,0.956,0.956,0.956,0.956,0.956,0.956,0.956,3675.0,3675.0,3675.0,3675.0,3675.0,3675.0,3675.0,100.0,184.5,94.5,9.4,59.2,66.6,256.4,196.2,704.3,86.8,162.5,455.4,76.4,46.7,184.5,9.0,2.2,25.7,4.3,1.4,5.8,4.3,15.7,1.9,3.6,7.6,31.7,4.0,31.7,9.0,4.9,2.3,0.2,1.5,1.7,6.6,5.0,19.0,2.3,4.3,12.1,2.0,1.2,4.9,36.8,36.8,36.8,36.8,36.8,36.8,36.8,0.0,8.3,2.6,3.0,9.9,17.0,14.3,3.1,53.4,55.1,16.0,90.1,68.3,77.4,13.8,38.2,42.2,80.9,0.0,14.7,8.3,83.1,1600.0,16.00,16,18,18,36,74,560,1,43.9,38.0,38.5,34.2,33.4,32.9,34.4,36.3,35.0,33.0,33.7,33.7,34.0,28.2,1.156,1.000,1.163,8.824,4.854,8.805,8.805,29.403,0.866,0.529,0.327,1.151,1.573,1.316,0.298,9.722,4.832,14.554,29.433,1600.0,1600.0,4032.8,4032.8,4650.0,38.7,14.7,9.8,40.0,185.6,No,No,No,0.200,0.065,0.5,43.0,40.5,37.5,35.0,34.5,38.0,37.5,12.192,5.000,1.002,1.348,0.996,0.782,0.838,1.562,3.352,1.834,1200,759,556,562,1.056,1.270,37,37,44,79.0,100.0,No,No,80704,102356,0.0,0.0,0.0,0.000,0.147,45602,11173,44.1,50.0,51.5,48,50,48,48,48,48,48,48,50,83.0,0.662,12.197,12.266,12.177,12.166,12.178,0,0,13.044,4.780,8.142,0.184,8.073,5.560,2.837,8.142,5.686,0.995,3.403,290.000,320.000,210.0,50.6,555.0,86.1,600.0,525.0,210.0,50.5,599.9,7.0,3.0,0.0,0.0,8.9,0.4,1.4,0.0,0.0,0.0,0,0,Yes,No,No,No,No,Yes,No,4.8,5.1,5,0,0,0,0,0,0,0,0,140,0,0,0,0,0,0,0,0,0,0,0,0,0,0,0,0,0,0,0,0,7459,733,564,37,2.5,36.8,72.6,5.2,4.4,4.3,4.3,36.8,60.5,5.2,4.4,4.3,4.3,27.14,194.00,13.78,13.17,233.71,233.71,1.39,25.75,27.14,0.00,18.52,201,6,1.9,0.0,0,0,0.0,0.0,0,
27.8.2026,17:32:45.682,6336,12917,32.9,5277,11032,32.3,2.4,2944,70,0.956,0.956,0.956,0.956,0.956,0.956,0.956,3675.0,3675.0,3675.0,3675.0,3675.0,3675.0,3675.0,100.0,143.7,64.3,13.8,9.1,18.7,73.3,63.8,540.7,141.0,369.2,389.6,35.5,5.1,143.7,4.6,1.2,19.9,3.2,0.0,0.0,1.6,9.4,0.3,11.1,8.9,0.0,0.0,19.9,4.6,3.8,1.1,0.4,0.2,0.5,1.9,1.6,14.6,3.8,9.9,10.5,0.9,0.1,3.8,36.8,36.8,36.8,36.8,36.8,36.8,36.8,2.7,5.6,1.5,0.7,3.2,15.2,12.1,1.0,35.2,5.1,5.1,72.2,61.4,47.0,20.5,59.2,93.4,94.2,24.5,23.5,40.9,78.5,1600.0,16.00,16,18,18,36,74,560,1,43.8,37.1,36.8,33.5,32.4,32.5,33.1,35.5,34.6,32.7,33.4,33.4,33.0,29.2,1.156,0.994,1.163,6.717,4.799,6.748,6.748,26.919,0.567,0.120,0.090,0.639,1.265,1.046,0.241,7.303,4.779,12.082,26.879,1600.0,1600.0,3928.4,3928.4,4650.0,35.4,11.2,7.5,39.0,212.3,No,No,No,0.142,0.068,0.3,43.0,40.5,37.5,35.0,34.5,38.0,37.5,12.168,5.010,1.002,1.348,0.938,0.784,0.838,1.564,3.360,1.834,1200,774,556,563,1.056,1.270,37,37,44,79.0,100.0,No,No,80704,102356,0.0,0.0,0.0,0.000,0.159,45602,11173,43.9,50.0,51.7,48,48,48,48,48,48,48,48,50,83.0,0.662,12.193,12.261,12.173,12.165,12.173,0,0,13.105,3.498,4.945,0.074,7.194,2.579,2.459,4.945,4.920,0.994,3.371,290.000,320.000,210.0,50.6,555.0,86.1,600.0,525.0,155.7,37.4,450.8,1.0,3.0,0.0,0.0,8.9,0.1,0.3,0.0,0.0,0.0,0,0,Yes,No,No,No,No,Yes,No,3.4,5.0,5,0,0,0,0,0,0,0,0,140,0,0,0,0,0,0,0,0,0,0,0,0,0,0,0,0,0,0,0,0,7459,733,564,37,2.5,58.3,70.5,34.4,30.4,30.0,30.0,58.4,60.6,36.2,30.7,30.2,30.2,17.15,29.04,14.19,13.21,33.34,33.34,1.37,15.77,17.15,0.00,0.81,201,6,1.7,0.3,0,0,0.0,0.0,0,
27.8.2026,17:32:46.173,6334,12920,32.8,5276,11034,32.3,2.4,2944,70,1.154,0.956,1.194,1.194,1.194,1.194,1.194,3780.0,3675.0,3620.0,3620.0,4525.0,3620.0,3620.0,100.0,142.7,57.4,2.3,10.5,19.7,96.4,95.1,512.8,107.1,319.4,449.0,32.6,10.1,142.7,7.7,1.3,0.0,0.0,3.5,5.2,2.3,16.6,8.1,7.2,10.2,29.4,8.8,29.4,7.7,3.8,1.3,0.1,0.3,0.5,2.5,2.5,13.8,2.9,8.5,12.0,0.9,0.2,3.8,37.8,36.8,36.2,36.2,45.2,36.2,36.2,1.7,5.8,1.5,0.8,4.6,13.3,13.6,1.1,37.9,18.5,9.7,80.2,51.3,67.2,0.6,56.3,80.0,89.5,15.3,35.4,19.2,98.4,1600.0,16.00,16,18,18,36,74,560,1,43.6,36.7,46.5,33.3,32.5,32.4,33.3,34.8,34.6,32.3,33.3,33.3,33.5,28.5,1.194,0.994,1.206,7.062,4.828,7.021,7.021,27.202,0.576,0.196,0.132,0.746,1.140,1.181,0.060,7.628,4.806,12.435,27.208,1600.0,1600.0,3911.7,3911.7,4650.0,35.8,11.7,7.8,38.6,218.0,No,No,No,0.156,0.047,0.3,43.0,40.5,37.5,35.0,34.5,38.0,37.5,12.168,5.000,1.002,1.348,1.066,0.784,0.838,1.562,3.360,1.836,1190,759,556,563,1.056,1.283,37,37,44,79.0,100.0,No,No,80704,102356,0.0,0.0,0.0,0.000,0.000,45602,11173,43.9,50.0,51.6,49,50,48,48,50,48,48,48,50,83.0,0.662,12.191,12.261,12.170,12.160,12.171,0,0,12.705,4.376,7.233,0.098,7.777,4.779,2.714,7.233,5.446,0.993,3.108,290.000,320.000,210.0,50.6,555.0,90.5,600.0,525.0,70.2,16.7,202.3,4.0,3.0,0.0,0.0,8.9,0.1,0.3,0.0,0.0,0.0,0,0,Yes,No,No,No,No,Yes,No,4.4,5.6,5,0,0,0,0,0,0,0,0,140,0,0,0,0,0,0,0,0,0,0,0,0,0,0,0,0,0,0,0,0,7459,733,564,37,2.5,17.3,60.9,2.9,2.6,2.6,2.6,17.3,60.7,2.9,2.6,2.6,2.6,57.78,343.94,16.43,16.43,383.61,383.61,1.45,56.33,57.78,0.00,60.12,201,6,0.4,0.5,0,0,0.0,0.0,0,
27.8.2026,17:32:46.680,6336,12917,32.9,5278,11031,32.3,2.4,2944,70,0.996,1.194,0.956,0.956,0.956,0.956,0.956,3665.8,3620.0,3675.0,3675.0,3675.0,3675.0,3675.0,100.0,184.1,87.3,3.5,35.5,22.6,195.2,233.5,748.8,236.4,108.1,420.0,8.2,110.0,184.1,6.7,2.1,0.4,30.6,0.9,5.2,5.7,14.3,2.6,2.8,12.8,3.4,0.0,30.6,6.7,4.9,1.8,0.1,0.9,0.6,5.1,6.2,20.3,6.4,2.7,11.2,0.2,3.0,4.9,36.7,36.2,36.8,36.8,36.8,36.8,36.8,0.0,7.7,2.1,1.5,10.3,17.2,12.4,2.7,50.0,59.0,13.9,88.1,49.8,85.5,3.9,42.3,39.0,84.6,1.6,33.1,2.1,93.4,1600.0,16.00,16,18,18,36,74,560,1,43.6,37.9,37.0,33.8,33.1,32.5,34.1,36.1,34.4,32.6,33.4,33.4,32.5,28.8,1.156,1.000,1.181,8.833,4.907,8.842,8.842,29.343,0.784,0.527,0.183,1.137,1.504,1.188,0.167,9.669,4.883,14.553,29.469,1600.0,1600.0,4045.0,4045.0,4650.0,38.8,14.7,9.8,39.8,203.8,No,No,No,0.169,0.071,0.5,43.0,40.5,37.5,35.0,34.5,38.0,37.5,12.168,5.000,1.002,1.348,1.054,0.784,0.838,1.562,3.352,1.834,1190,759,554,550,1.056,1.283,37,37,44,79.0,100.0,No,No,80704,102356,0.0,0.0,0.0,0.000,0.000,45602,11173,44.0,50.0,51.6,48,50,48,48,50,48,48,48,48,83.0,0.662,12.191,12.261,12.171,12.161,12.172,0,0,11.552,4.765,8.134,0.147,8.155,5.436,2.800,8.134,5.620,0.993,3.469,290.000,320.000,210.0,50.6,555.0,90.5,600.0,525.0,210.0,50.5,600.0,4.0,3.0,0.0,0.0,8.9,0.2,0.7,0.0,0.0,0.0,0,0,Yes,No,No,No,No,Yes,No,4.7,6.8,5,0,0,0,0,0,0,0,0,140,0,0,0,0,0,0,0,0,0,0,0,0,0,0,0,0,0,0,0,0,7459,733,564,37,2.5,22.3,62.3,3.1,2.6,2.6,2.6,22.3,60.5,3.1,2.6,2.6,2.6,44.82,327.70,16.05,15.92,383.61,383.61,1.33,43.43,44.82,0.00,47.26,201,6,0.0,0.0,0,0,0.0,0.0,0,
27.8.2026,17:32:47.172,6339,12914,32.9,5278,11031,32.3,2.4,2944,70,0.992,1.156,0.969,0.956,0.956,0.956,0.956,3780.0,3620.0,3675.0,3620.0,3620.0,4525.0,3620.0,100.0,259.6,121.4,17.9,108.6,122.9,729.2,280.4,531.7,16.3,370.2,700.5,34.2,82.3,259.6,6.2,3.5,4.2,0.1,6.6,14.3,7.2,3.4,1.1,9.1,16.6,0.0,8.4,16.6,6.2,6.8,2.8,0.5,2.8,3.1,19.4,7.2,14.4,0.4,9.7,18.6,0.8,2.1,6.8,37.8,36.2,36.8,36.2,36.2,45.2,36.2,0.0,11.6,3.3,5.6,22.5,12.1,23.4,2.6,60.2,60.1,44.7,77.5,57.5,76.6,44.9,28.2,36.6,49.7,0.0,30.4,0.0,52.5,1600.0,16.00,16,18,18,36,74,560,1,43.8,39.4,39.0,34.7,33.7,33.4,35.6,35.8,36.3,33.3,33.7,33.7,32.0,28.7,1.175,0.994,1.181,10.546,4.892,10.534,10.534,31.379,1.125,0.641,0.665,1.591,1.416,1.884,0.554,11.836,4.868,16.703,31.611,1600.0,1600.0,4147.7,4147.7,4650.0,41.6,17.6,11.7,41.5,174.4,No,No,No,0.393,0.107,0.7,43.0,40.5,37.5,35.0,34.5,38.0,37.5,12.192,5.000,1.004,1.348,1.044,0.784,0.838,1.562,3.352,1.834,1186,775,554,550,1.056,1.264,37,37,44,79.0,100.0,No,No,80704,102356,0.0,0.0,0.0,0.000,0.000,45602,11173,44.1,50.0,51.7,48,48,48,48,50,48,48,48,48,83.0,0.662,12.188,12.261,12.168,12.156,12.168,0,0,12.851,5.439,9.744,0.208,8.797,6.759,3.005,9.744,6.028,0.992,3.676,290.000,320.000,210.0,50.6,555.0,80.6,600.0,525.0,178.0,42.3,509.1,13.0,5.0,0.0,0.0,8.9,0.9,3.5,0.0,0.0,0.0,0,0,Yes,No,No,No,No,Yes,No,5.4,6.5,5,0,0,0,0,0,0,0,0,140,0,0,0,0,0,0,0,0,0,0,0,0,0,0,0,0,0,0,0,0,7461,731,562,37,2.5,42.2,66.5,6.5,5.5,5.4,5.4,42.2,60.6,6.5,5.5,5.5,5.5,23.70,154.26,15.04,14.59,183.94,183.94,1.33,43.43,44.82,0.00,47.26,201,6,0.0,0.0,0,0,0.0,0.0,0,
27.8.2026,17:32:47.668,6339,12914,32.9,5278,11031,32.3,2.4,2944,70,0.992,1.156,0.969,0.956,0.956,0.956,0.956,3780.0,3620.0,3675.0,3620.0,3620.0,4525.0,3620.0,100.0,259.6,121.4,17.9,108.6,122.9,729.2,280.4,531.7,16.3,370.2,700.5,34.2,82.3,259.6,6.2,3.5,4.2,0.1,6.6,14.3,7.2,3.4,1.1,9.1,16.6,0.0,8.4,16.6,6.2,6.8,2.8,0.5,2.8,3.1,19.4,7.2,14.4,0.4,9.7,18.6,0.8,2.1,6.8,37.8,36.2,36.8,36.2,36.2,45.2,36.2,0.0,11.6,3.3,5.6,22.5,12.1,23.4,2.6,60.2,60.1,44.7,77.5,57.5,76.6,44.9,28.2,36.6,49.7,0.0,30.4,0.0,52.5,1600.0,16.00,16,18,18,36,74,560,1,43.8,39.4,39.0,34.7,33.7,33.4,35.6,35.8,36.3,33.3,33.7,33.7,32.0,28.7,1.175,0.994,1.181,10.546,4.892,10.534,10.534,31.379,1.125,0.641,0.665,1.591,1.416,1.884,0.554,11.836,4.868,16.703,31.611,1600.0,1600.0,4147.7,4147.7,4650.0,41.6,17.6,11.7,41.5,174.4,No,No,No,0.393,0.107,0.7,43.0,40.5,37.5,35.0,34.5,38.0,37.5,12.192,5.000,1.004,1.348,1.028,0.784,0.838,1.564,3.356,1.836,1186,775,555,563,1.056,1.264,37,37,44,79.0,100.0,No,No,80704,102356,0.0,0.0,0.0,0.000,0.000,45602,11173,43.9,50.0,51.6,48,50,48,48,48,48,48,48,48,83.0,0.662,12.190,12.260,12.169,12.159,12.170,0,0,14.411,4.798,8.197,0.159,8.239,5.447,2.823,8.197,5.660,0.996,3.466,290.000,320.000,210.0,50.6,555.0,114.5,600.0,525.0,210.0,50.5,600.0,9.0,4.0,0.0,0.0,8.9,0.5,2.1,0.0,0.0,0.0,0,0,Yes,No,No,No,No,Yes,No,4.8,6.5,5,0,0,0,0,0,0,0,0,140,0,0,0,0,0,0,0,0,0,0,0,0,0,0,0,0,0,0,0,0,7461,731,562,37,2.5,42.2,66.5,6.5,5.5,5.4,5.4,42.2,60.6,6.5,5.5,5.5,5.5,23.70,154.26,15.04,14.59,183.94,183.94,1.48,22.23,23.70,0.00,12.89,201,6,0.1,0.0,0,0,0.0,0.0,0,
Date,Time,"Virtual Memory Committed [MB]","Virtual Memory Available [MB]","Virtual Memory Load [%]","Physical Memory Used [MB]","Physical Memory Available [MB]","Physical Memory Load [%]","Page File Usage [%]","Page File Total [MB]","Page File Used [MB]","Core VIDs (avg) [V]","Core 0 VID [V]","Core 1 VID [V]","Core 2 VID [V]","Core 3 VID [V]","Core 4 VID [V]","Core 5 VID [V]","Core Clocks (avg) [MHz]","Core 0 Clock (perf #4/5) [MHz]","Core 1 Clock (perf #2/3) [MHz]","Core 2 Clock (perf #1/2) [MHz]","Core 3 Clock (perf #5/6) [MHz]","Core 4 Clock (perf #1/1) [MHz]","Core 5 Clock (perf #3/4) [MHz]","Bus Clock [MHz]","Core Effective Clocks (avg) [MHz]","Core 0 T0 Effective Clock [MHz]","Core 0 T1 Effective Clock [MHz]","Core 1 T0 Effective Clock [MHz]","Core 1 T1 Effective Clock [MHz]","Core 2 T0 Effective Clock [MHz]","Core 2 T1 Effective Clock [MHz]","Core 3 T0 Effective Clock [MHz]","Core 3 T1 Effective Clock [MHz]","Core 4 T0 Effective Clock [MHz]","Core 4 T1 Effective Clock [MHz]","Core 5 T0 Effective Clock [MHz]","Core 5 T1 Effective Clock [MHz]","Average Effective Clock [MHz]","Core Usage (avg) [%]","Core 0 T0 Usage [%]","Core 0 T1 Usage [%]","Core 1 T0 Usage [%]","Core 1 T1 Usage [%]","Core 2 T0 Usage [%]","Core 2 T1 Usage [%]","Core 3 T0 Usage [%]","Core 3 T1 Usage [%]","Core 4 T0 Usage [%]","Core 4 T1 Usage [%]","Core 5 T0 Usage [%]","Core 5 T1 Usage [%]","Max CPU/Thread Usage [%]","Total CPU Usage [%]","Core Utility (avg) [%]","Core 0 T0 Utility [%]","Core 0 T1 Utility [%]","Core 1 T0 Utility [%]","Core 1 T1 Utility [%]","Core 2 T0 Utility [%]","Core 2 T1 Utility [%]","Core 3 T0 Utility [%]","Core 3 T1 Utility [%]","Core 4 T0 Utility [%]","Core 4 T1 Utility [%]","Core 5 T0 Utility [%]","Core 5 T1 Utility [%]","Total CPU Utility [%]","Core Ratios (avg) [x]","Core 0 Ratio [x]","Core 1 Ratio [x]","Core 2 Ratio [x]","Core 3 Ratio [x]","Core 4 Ratio [x]","Core 5 Ratio [x]","Package C6 Residency [%]","Core C0 Residency (avg) [%]","Core 0 C0 Residency [%]","Core 1 C0 Residency [%]","Core 2 C0 Residency [%]","Core 3 C0 Residency [%]","Core 4 C0 Residency [%]","Core 5 C0 Residency [%]","Core C1 Residency (avg) [%]","Core 0 C1 Residency [%]","Core 1 C1 Residency [%]","Core 2 C1 Residency [%]","Core 3 C1 Residency [%]","Core 4 C1 Residency [%]","Core 5 C1 Residency [%]","Core C6 Residency (avg) [%]","Core 0 C6 Residency [%]","Core 1 C6 Residency [%]","Core 2 C6 Residency [%]","Core 3 C6 Residency [%]","Core 4 C6 Residency [%]","Core 5 C6 Residency [%]","Memory Clock [MHz]","Memory Clock Ratio [x]","Tcas [T]","Trcd [T]","Trp [T]","Tras [T]","Trc [T]","Trfc [T]","Command Rate [T]","CPU (Tctl/Tdie) [°C]","CPU Die (average) [°C]","CPU CCD1 (Tdie) [°C]","Core Temperatures (avg) [°C]","Core0 (CCD1) [°C]","Core1 (CCD1) [°C]","Core2 (CCD1) [°C]","Core3 (CCD1) [°C]","Core4 (CCD1) [°C]","Core5 (CCD1) [°C]","L3 Temperatures (avg) [°C]","L3 Cache (CCD1) [°C]","CPU IOD Hotspot [°C]","CPU IOD Average [°C]","CPU Core Voltage (SVI2 TFN) [V]","SoC Voltage (SVI2 TFN) [V]","CPU Core VID (Effective) [V]","CPU Core Current (SVI2 TFN) [A]","SoC Current (SVI2 TFN) [A]","CPU TDC [A]","CPU EDC [A]","CPU Package Power [W]","Core Powers (avg) [W]","Core 0 Power [W]","Core 1 Power [W]","Core 2 Power [W]","Core 3 Power [W]","Core 4 Power [W]","Core 5 Power [W]","CPU Core Power (SVI2 TFN) [W]","CPU SoC Power (SVI2 TFN) [W]","Core+SoC Power (SVI2 TFN) [W]","CPU PPT [W]","Infinity Fabric Clock (FCLK) [MHz]","Memory Controller Clock (UCLK) [MHz]","L3 Clocks (avg) [MHz]","L3 Cache (CCD1) [MHz]","Frequency Limit - Global [MHz]","CPU PPT Limit [%]","CPU TDC Limit [%]","CPU EDC Limit [%]","Thermal Limit [%]","Power Reporting Deviation (Accuracy) [%]","Thermal Throttling (HTC) [Yes/No]","Thermal Throttling (PROCHOT CPU) [Yes/No]","Thermal Throttling (PROCHOT EXT) [Yes/No]","DRAM Read Bandwidth [GB/s]","DRAM Write Bandwidth [GB/s]","Average Active Core Count []","CPU [°C]","System [°C]","MOS [°C]","Chipset [°C]","CPU Socket [°C]","PCIE_1 [°C]","T15 [°C]","+12V [V]","+5V [V]","CPU NB/SoC [V]","DRAM [V]","Vcore [V]","VIN5 [V]","VIN6 [V]","VIN7 [V]","+3.3V [V]","VTT [V]","CPU [RPM]","System 1 [RPM]","System 2 [RPM]","System 3 [RPM]","V1 [V]","V2 [V]","Drive Temperature [°C]","Drive Temperature 2 [°C]","Drive Temperature 3 [°C]","Drive Remaining Life [%]","Drive Available Spare [%]","Drive Failure [Yes/No]","Drive Warning [Yes/No]","Total Host Writes [GB]","Total Host Reads [GB]","Read Activity [%]","Write Activity [%]","Total Activity [%]","Read Rate [MB/s]","Write Rate [MB/s]","Read Total [MB]","Write Total [MB]","GPU Temperature [°C]","GPU Memory Junction Temperature [°C]","GPU Hot Spot Temperature [°C]","GPU Memory Chip Temperatures (avg) [°C]","GPU Memory A0 Temperature [°C]","GPU Memory A1 Temperature [°C]","GPU Memory B0 Temperature [°C]","GPU Memory B1 Temperature [°C]","GPU Memory C0 Temperature [°C]","GPU Memory C1 Temperature [°C]","GPU Memory D0 Temperature [°C]","GPU Memory D1 Temperature [°C]","GPU Thermal Limit [°C]","GPU Core Voltage [V]","GPU Rail Voltages (avg) [V]","GPU PCIe +12V Input Voltage [V]","GPU 8-pin #1 Input Voltage [V]","GPU 8-pin #2 Input Voltage [V]","GPU Misc0 Input Voltage [V]","GPU Fan1 [RPM]","GPU Fan2 [RPM]","GPU Power [W]","GPU Rail Powers (avg) [W]","GPU Core (NVVDD) Input Power (sum) [W]","GPU PCIe +12V Input Power [W]","GPU 8-pin #1 Input Power [W]","GPU 8-pin #2 Input Power [W]","GPU Misc0 Input Power [W]","GPU Core (NVVDD) Input Power (sum) [W]","GPU Input PP Source Power (sum) [W]","GPU Core (NVVDD) Output Power [W]","GPU Core (NVVDD) Output Power [W]","GPU Power Limit (rated) [W]","GPU Power Limit (max) [W]","GPU Clock [MHz]","GPU Memory Clock [MHz]","GPU Video Clock [MHz]","GPU Effective Clock [MHz]","GPU Crossbar Clock [MHz]","GPU System Domain Clock [MHz]","GPU Clock (measured) [MHz]","GPU Memory Clock (measured) [MHz]","GPU Crossbar Clock (measured) [MHz]","GPU Core Load [%]","GPU Memory Controller Load [%]","GPU Video Engine Load [%]","GPU Bus Load [%]","GPU Memory Usage [%]","GPU D3D Usages (avg) [%]","GPU D3D Usage [%]","GPU Video Decode 0 Usage [%]","GPU Video Encode 0 Usage [%]","GPU VR Usage [%]","GPU Fan1 [%]","GPU Fan2 [%]","GPU Performance Limiters (avg) [Yes/No]","Performance Limit - Power [Yes/No]","Performance Limit - Thermal [Yes/No]","Performance Limit - Reliability Voltage [Yes/No]","Performance Limit - Max Operating Voltage [Yes/No]","Performance Limit - Utilization [Yes/No]","Performance Limit - SLI GPUBoost Sync [Yes/No]","Total GPU Power [% of TDP] [%]","Total GPU Power (normalized) [% of TDP] [%]","PCI Express Error Counters (avg) []","Receiver Errors []","Replay Count []","Replay Rollover Count []","Bad DLLP Count []","Bad TLP Count []","LCRC Error Count []","NAKs Sent Count []","NAKs Received Count []","Recovery Count []","Correctable Error Count []","Non-Fatal Error Count []","Fatal Error Count []","Unsupported Request Count []","PCIe Lane 0 Errors []","PCIe Lane 1 Errors []","PCIe Lane 2 Errors []","PCIe Lane 3 Errors []","PCIe Lane 4 Errors []","PCIe Lane 5 Errors []","PCIe Lane 6 Errors []","PCIe Lane 7 Errors []","PCIe Lane 8 Errors []","PCIe Lane 9 Errors []","PCIe Lane 10 Errors []","PCIe Lane 11 Errors []","PCIe Lane 12 Errors []","PCIe Lane 13 Errors []","PCIe Lane 14 Errors []","PCIe Lane 15 Errors []","GPU Memory Available [MB]","GPU Memory Allocated [MB]","GPU D3D Memory Dedicated [MB]","GPU D3D Memory Dynamic [MB]","PCIe Link Speed [GT/s]","Framerate Presented (avg) [FPS]","Framerate Presented (99%) [FPS]","Framerate Presented (1%) [FPS]","Framerate Presented (0.1%) [FPS]","Framerate Presented (1% low) [FPS]","Framerate Presented (0.1% low) [FPS]","Framerate Displayed (avg) [FPS]","Framerate Displayed (99%) [FPS]","Framerate Displayed (1%) [FPS]","Framerate Displayed (0.1%) [FPS]","Framerate Displayed (1% low) [FPS]","Framerate Displayed (0.1% low) [FPS]","Frame Time Presented (avg) [ms]","Frame Time Presented (99%) [ms]","Frame Time Presented (1%) [ms]","Frame Time Presented (0.1%) [ms]","Frame Time Displayed (1% high) [ms]","Frame Time Displayed (0.1% high) [ms]","GPU Busy (avg) [ms]","GPU Wait (avg) [ms]","CPU Busy (avg) [ms]","CPU Wait (avg) [ms]","Animation Error (avg) [ms]","Total DL [MB]","Total UP [MB]","Current DL rate [KB/s]","Current UP rate [KB/s]","Total DL [MB]","Total UP [MB]","Current DL rate [KB/s]","Current UP rate [KB/s]","Total Errors []",
,,System: MSI MS-7C91,System: MSI MS-7C91,System: MSI MS-7C91,System: MSI MS-7C91,System: MSI MS-7C91,System: MSI MS-7C91,System: MSI MS-7C91,System: MSI MS-7C91,System: MSI MS-7C91,CPU [#0]: AMD Ryzen 5 5600X,CPU [#0]: AMD Ryzen 5 5600X,CPU [#0]: AMD Ryzen 5 5600X,CPU [#0]: AMD Ryzen 5 5600X,CPU [#0]: AMD Ryzen 5 5600X,CPU [#0]: AMD Ryzen 5 5600X,CPU [#0]: AMD Ryzen 5 5600X,CPU [#0]: AMD Ryzen 5 5600X,CPU [#0]: AMD Ryzen 5 5600X,CPU [#0]: AMD Ryzen 5 5600X,CPU [#0]: AMD Ryzen 5 5600X,CPU [#0]: AMD Ryzen 5 5600X,CPU [#0]: AMD Ryzen 5 5600X,CPU [#0]: AMD Ryzen 5 5600X,CPU [#0]: AMD Ryzen 5 5600X,CPU [#0]: AMD Ryzen 5 5600X,CPU [#0]: AMD Ryzen 5 5600X,CPU [#0]: AMD Ryzen 5 5600X,CPU [#0]: AMD Ryzen 5 5600X,CPU [#0]: AMD Ryzen 5 5600X,CPU [#0]: AMD Ryzen 5 5600X,CPU [#0]: AMD Ryzen 5 5600X,CPU [#0]: AMD Ryzen 5 5600X,CPU [#0]: AMD Ryzen 5 5600X,CPU [#0]: AMD Ryzen 5 5600X,CPU [#0]: AMD Ryzen 5 5600X,CPU [#0]: AMD Ryzen 5 5600X,CPU [#0]: AMD Ryzen 5 5600X,CPU [#0]: AMD Ryzen 5 5600X,CPU [#0]: AMD Ryzen 5 5600X,CPU [#0]: AMD Ryzen 5 5600X,CPU [#0]: AMD Ryzen 5 5600X,CPU [#0]: AMD Ryzen 5 5600X,CPU [#0]: AMD Ryzen 5 5600X,CPU [#0]: AMD Ryzen 5 5600X,CPU [#0]: AMD Ryzen 5 5600X,CPU [#0]: AMD Ryzen 5 5600X,CPU [#0]: AMD Ryzen 5 5600X,CPU [#0]: AMD Ryzen 5 5600X,CPU [#0]: AMD Ryzen 5 5600X,CPU [#0]: AMD Ryzen 5 5600X,CPU [#0]: AMD Ryzen 5 5600X,CPU [#0]: AMD Ryzen 5 5600X,CPU [#0]: AMD Ryzen 5 5600X,CPU [#0]: AMD Ryzen 5 5600X,CPU [#0]: AMD Ryzen 5 5600X,CPU [#0]: AMD Ryzen 5 5600X,CPU [#0]: AMD Ryzen 5 5600X,CPU [#0]: AMD Ryzen 5 5600X,CPU [#0]: AMD Ryzen 5 5600X,CPU [#0]: AMD Ryzen 5 5600X,CPU [#0]: AMD Ryzen 5 5600X,CPU [#0]: AMD Ryzen 5 5600X,CPU [#0]: AMD Ryzen 5 5600X,CPU [#0]: AMD Ryzen 5 5600X,CPU [#0]: AMD Ryzen 5 5600X,CPU [#0]: AMD Ryzen 5 5600X,CPU [#0]: AMD Ryzen 5 5600X,CPU [#0]: AMD Ryzen 5 5600X,CPU [#0]: AMD Ryzen 5 5600X,CPU [#0]: AMD Ryzen 5 5600X,CPU [#0]: AMD Ryzen 5 5600X,CPU [#0]: AMD Ryzen 5 5600X,CPU [#0]: AMD Ryzen 5 5600X,CPU [#0]: AMD Ryzen 5 5600X,CPU [#0]: AMD Ryzen 5 5600X: C-State Residency,CPU [#0]: AMD Ryzen 5 5600X: C-State Residency,CPU [#0]: AMD Ryzen 5 5600X: C-State Residency,CPU [#0]: AMD Ryzen 5 5600X: C-State Residency,CPU [#0]: AMD Ryzen 5 5600X: C-State Residency,CPU [#0]: AMD Ryzen 5 5600X: C-State Residency,CPU [#0]: AMD Ryzen 5 5600X: C-State Residency,CPU [#0]: AMD Ryzen 5 5600X: C-State Residency,CPU [#0]: AMD Ryzen 5 5600X: C-State Residency,CPU [#0]: AMD Ryzen 5 5600X: C-State Residency,CPU [#0]: AMD Ryzen 5 5600X: C-State Residency,CPU [#0]: AMD Ryzen 5 5600X: C-State Residency,CPU [#0]: AMD Ryzen 5 5600X: C-State Residency,CPU [#0]: AMD Ryzen 5 5600X: C-State Residency,CPU [#0]: AMD Ryzen 5 5600X: C-State Residency,CPU [#0]: AMD Ryzen 5 5600X: C-State Residency,CPU [#0]: AMD Ryzen 5 5600X: C-State Residency,CPU [#0]: AMD Ryzen 5 5600X: C-State Residency,CPU [#0]: AMD Ryzen 5 5600X: C-State Residency,CPU [#0]: AMD Ryzen 5 5600X: C-State Residency,CPU [#0]: AMD Ryzen 5 5600X: C-State Residency,CPU [#0]: AMD Ryzen 5 5600X: C-State Residency,Memory Timings,Memory Timings,Memory Timings,Memory Timings,Memory Timings,Memory Timings,Memory Timings,Memory Timings,Memory Timings,CPU [#0]: AMD Ryzen 5 5600X: Enhanced,CPU [#0]: AMD Ryzen 5 5600X: Enhanced,CPU [#0]: AMD Ryzen 5 5600X: Enhanced,CPU [#0]: AMD Ryzen 5 5600X: Enhanced,CPU [#0]: AMD Ryzen 5 5600X: Enhanced,CPU [#0]: AMD Ryzen 5 5600X: Enhanced,CPU [#0]: AMD Ryzen 5 5600X: Enhanced,CPU [#0]: AMD Ryzen 5 5600X: Enhanced,CPU [#0]: AMD Ryzen 5 5600X: Enhanced,CPU [#0]: AMD Ryzen 5 5600X: Enhanced,CPU [#0]: AMD Ryzen 5 5600X: Enhanced,CPU [#0]: AMD Ryzen 5 5600X: Enhanced,CPU [#0]: AMD Ryzen 5 5600X: Enhanced,CPU [#0]: AMD Ryzen 5 5600X: Enhanced,CPU [#0]: AMD Ryzen 5 5600X: Enhanced,CPU [#0]: AMD Ryzen 5 5600X: Enhanced,CPU [#0]: AMD Ryzen 5 5600X: Enhanced,CPU [#0]: AMD Ryzen 5 5600X: Enhanced,CPU [#0]: AMD Ryzen 5 5600X: Enhanced,CPU [#0]: AMD Ryzen 5 5600X: Enhanced,CPU [#0]: AMD Ryzen 5 5600X: Enhanced,CPU [#0]: AMD Ryzen 5 5600X: Enhanced,CPU [#0]: AMD Ryzen 5 5600X: Enhanced,CPU [#0]: AMD Ryzen 5 5600X: Enhanced,CPU [#0]: AMD Ryzen 5 5600X: Enhanced,CPU [#0]: AMD Ryzen 5 5600X: Enhanced,CPU [#0]: AMD Ryzen 5 5600X: Enhanced,CPU [#0]: AMD Ryzen 5 5600X: Enhanced,CPU [#0]: AMD Ryzen 5 5600X: Enhanced,CPU [#0]: AMD Ryzen 5 5600X: Enhanced,CPU [#0]: AMD Ryzen 5 5600X: Enhanced,CPU [#0]: AMD Ryzen 5 5600X: Enhanced,CPU [#0]: AMD Ryzen 5 5600X: Enhanced,CPU [#0]: AMD Ryzen 5 5600X: Enhanced,CPU [#0]: AMD Ryzen 5 5600X: Enhanced,CPU [#0]: AMD Ryzen 5 5600X: Enhanced,CPU [#0]: AMD Ryzen 5 5600X: Enhanced,CPU [#0]: AMD Ryzen 5 5600X: Enhanced,CPU [#0]: AMD Ryzen 5 5600X: Enhanced,CPU [#0]: AMD Ryzen 5 5600X: Enhanced,CPU [#0]: AMD Ryzen 5 5600X: Enhanced,CPU [#0]: AMD Ryzen 5 5600X: Enhanced,CPU [#0]: AMD Ryzen 5 5600X: Enhanced,CPU [#0]: AMD Ryzen 5 5600X: Enhanced,CPU [#0]: AMD Ryzen 5 5600X: Enhanced,CPU [#0]: AMD Ryzen 5 5600X: Enhanced,CPU [#0]: AMD Ryzen 5 5600X: Enhanced,CPU [#0]: AMD Ryzen 5 5600X: Enhanced,CPU [#0]: AMD Ryzen 5 5600X: Enhanced,MSI MPG B550 GAMING EDGE WIFI (MS-7C91) (Nuvoton NCT6687D),MSI MPG B550 GAMING EDGE WIFI (MS-7C91) (Nuvoton NCT6687D),MSI MPG B550 GAMING EDGE WIFI (MS-7C91) (Nuvoton NCT6687D),MSI MPG B550 GAMING EDGE WIFI (MS-7C91) (Nuvoton NCT6687D),MSI MPG B550 GAMING EDGE WIFI (MS-7C91) (Nuvoton NCT6687D),MSI MPG B550 GAMING EDGE WIFI (MS-7C91) (Nuvoton NCT6687D),MSI MPG B550 GAMING EDGE WIFI (MS-7C91) (Nuvoton NCT6687D),MSI MPG B550 GAMING EDGE WIFI (MS-7C91) (Nuvoton NCT6687D),MSI MPG B550 GAMING EDGE WIFI (MS-7C91) (Nuvoton NCT6687D),MSI MPG B550 GAMING EDGE WIFI (MS-7C91) (Nuvoton NCT6687D),MSI MPG B550 GAMING EDGE WIFI (MS-7C91) (Nuvoton NCT6687D),MSI MPG B550 GAMING EDGE WIFI (MS-7C91) (Nuvoton NCT6687D),MSI MPG B550 GAMING EDGE WIFI (MS-7C91) (Nuvoton NCT6687D),MSI MPG B550 GAMING EDGE WIFI (MS-7C91) (Nuvoton NCT6687D),MSI MPG B550 GAMING EDGE WIFI (MS-7C91) (Nuvoton NCT6687D),MSI MPG B550 GAMING EDGE WIFI (MS-7C91) (Nuvoton NCT6687D),MSI MPG B550 GAMING EDGE WIFI (MS-7C91) (Nuvoton NCT6687D),MSI MPG B550 GAMING EDGE WIFI (MS-7C91) (Nuvoton NCT6687D),MSI MPG B550 GAMING EDGE WIFI (MS-7C91) (Nuvoton NCT6687D),MSI MPG B550 GAMING EDGE WIFI (MS-7C91) (Nuvoton NCT6687D),MSI MPG B550 GAMING EDGE WIFI (MS-7C91) (Nuvoton NCT6687D),NUC126,NUC126,S.M.A.R.T.: Samsung SSD 980 500GB (S64ENG0R600254D) [C:],S.M.A.R.T.: Samsung SSD 980 500GB (S64ENG0R600254D) [C:],S.M.A.R.T.: Samsung SSD 980 500GB (S64ENG0R600254D) [C:],S.M.A.R.T.: Samsung SSD 980 500GB (S64ENG0R600254D) [C:],S.M.A.R.T.: Samsung SSD 980 500GB (S64ENG0R600254D) [C:],S.M.A.R.T.: Samsung SSD 980 500GB (S64ENG0R600254D) [C:],S.M.A.R.T.: Samsung SSD 980 500GB (S64ENG0R600254D) [C:],S.M.A.R.T.: Samsung SSD 980 500GB (S64ENG0R600254D) [C:],S.M.A.R.T.: Samsung SSD 980 500GB (S64ENG0R600254D) [C:],Drive: Samsung SSD 980 500GB (S64ENG0R600254D) [C:],Drive: Samsung SSD 980 500GB (S64ENG0R600254D) [C:],Drive: Samsung SSD 980 500GB (S64ENG0R600254D) [C:],Drive: Samsung SSD 980 500GB (S64ENG0R600254D) [C:],Drive: Samsung SSD 980 500GB (S64ENG0R600254D) [C:],Drive: Samsung SSD 980 500GB (S64ENG0R600254D) [C:],Drive: Samsung SSD 980 500GB (S64ENG0R600254D) [C:],dGPU [#0]: NVIDIA GeForce RTX 3070 Ti: GIGABYTE GeForce RTX 3070 Ti GAMING OC 8G (GV-N307TGAMING OC-8GD),dGPU [#0]: NVIDIA GeForce RTX 3070 Ti: GIGABYTE GeForce RTX 3070 Ti GAMING OC 8G (GV-N307TGAMING OC-8GD),dGPU [#0]: NVIDIA GeForce RTX 3070 Ti: GIGABYTE GeForce RTX 3070 Ti GAMING OC 8G (GV-N307TGAMING OC-8GD),dGPU [#0]: NVIDIA GeForce RTX 3070 Ti: GIGABYTE GeForce RTX 3070 Ti GAMING OC 8G (GV-N307TGAMING OC-8GD),dGPU [#0]: NVIDIA GeForce RTX 3070 Ti: GIGABYTE GeForce RTX 3070 Ti GAMING OC 8G (GV-N307TGAMING OC-8GD),dGPU [#0]: NVIDIA GeForce RTX 3070 Ti: GIGABYTE GeForce RTX 3070 Ti GAMING OC 8G (GV-N307TGAMING OC-8GD),dGPU [#0]: NVIDIA GeForce RTX 3070 Ti: GIGABYTE GeForce RTX 3070 Ti GAMING OC 8G (GV-N307TGAMING OC-8GD),dGPU [#0]: NVIDIA GeForce RTX 3070 Ti: GIGABYTE GeForce RTX 3070 Ti GAMING OC 8G (GV-N307TGAMING OC-8GD),dGPU [#0]: NVIDIA GeForce RTX 3070 Ti: GIGABYTE GeForce RTX 3070 Ti GAMING OC 8G (GV-N307TGAMING OC-8GD),dGPU [#0]: NVIDIA GeForce RTX 3070 Ti: GIGABYTE GeForce RTX 3070 Ti GAMING OC 8G (GV-N307TGAMING OC-8GD),dGPU [#0]: NVIDIA GeForce RTX 3070 Ti: GIGABYTE GeForce RTX 3070 Ti GAMING OC 8G (GV-N307TGAMING OC-8GD),dGPU [#0]: NVIDIA GeForce RTX 3070 Ti: GIGABYTE GeForce RTX 3070 Ti GAMING OC 8G (GV-N307TGAMING OC-8GD),dGPU [#0]: NVIDIA GeForce RTX 3070 Ti: GIGABYTE GeForce RTX 3070 Ti GAMING OC 8G (GV-N307TGAMING OC-8GD),dGPU [#0]: NVIDIA GeForce RTX 3070 Ti: GIGABYTE GeForce RTX 3070 Ti GAMING OC 8G (GV-N307TGAMING OC-8GD),dGPU [#0]: NVIDIA GeForce RTX 3070 Ti: GIGABYTE GeForce RTX 3070 Ti GAMING OC 8G (GV-N307TGAMING OC-8GD),dGPU [#0]: NVIDIA GeForce RTX 3070 Ti: GIGABYTE GeForce RTX 3070 Ti GAMING OC 8G (GV-N307TGAMING OC-8GD),dGPU [#0]: NVIDIA GeForce RTX 3070 Ti: GIGABYTE GeForce RTX 3070 Ti GAMING OC 8G (GV-N307TGAMING OC-8GD),dGPU [#0]: NVIDIA GeForce RTX 3070 Ti: GIGABYTE GeForce RTX 3070 Ti GAMING OC 8G (GV-N307TGAMING OC-8GD),dGPU [#0]: NVIDIA GeForce RTX 3070 Ti: GIGABYTE GeForce RTX 3070 Ti GAMING OC 8G (GV-N307TGAMING OC-8GD),dGPU [#0]: NVIDIA GeForce RTX 3070 Ti: GIGABYTE GeForce RTX 3070 Ti GAMING OC 8G (GV-N307TGAMING OC-8GD),dGPU [#0]: NVIDIA GeForce RTX 3070 Ti: GIGABYTE GeForce RTX 3070 Ti GAMING OC 8G (GV-N307TGAMING OC-8GD),dGPU [#0]: NVIDIA GeForce RTX 3070 Ti: GIGABYTE GeForce RTX 3070 Ti GAMING OC 8G (GV-N307TGAMING OC-8GD),dGPU [#0]: NVIDIA GeForce RTX 3070 Ti: GIGABYTE GeForce RTX 3070 Ti GAMING OC 8G (GV-N307TGAMING OC-8GD),dGPU [#0]: NVIDIA GeForce RTX 3070 Ti: GIGABYTE GeForce RTX 3070 Ti GAMING OC 8G (GV-N307TGAMING OC-8GD),dGPU [#0]: NVIDIA GeForce RTX 3070 Ti: GIGABYTE GeForce RTX 3070 Ti GAMING OC 8G (GV-N307TGAMING OC-8GD),dGPU [#0]: NVIDIA GeForce RTX 3070 Ti: GIGABYTE GeForce RTX 3070 Ti GAMING OC 8G (GV-N307TGAMING OC-8GD),dGPU [#0]: NVIDIA GeForce RTX 3070 Ti: GIGABYTE GeForce RTX 3070 Ti GAMING OC 8G (GV-N307TGAMING OC-8GD),dGPU [#0]: NVIDIA GeForce RTX 3070 Ti: GIGABYTE GeForce RTX 3070 Ti GAMING OC 8G (GV-N307TGAMING OC-8GD),dGPU [#0]: NVIDIA GeForce RTX 3070 Ti: GIGABYTE GeForce RTX 3070 Ti GAMING OC 8G (GV-N307TGAMING OC-8GD),dGPU [#0]: NVIDIA GeForce RTX 3070 Ti: GIGABYTE GeForce RTX 3070 Ti GAMING OC 8G (GV-N307TGAMING OC-8GD),dGPU [#0]: NVIDIA GeForce RTX 3070 Ti: GIGABYTE GeForce RTX 3070 Ti GAMING OC 8G (GV-N307TGAMING OC-8GD),dGPU [#0]: NVIDIA GeForce RTX 3070 Ti: GIGABYTE GeForce RTX 3070 Ti GAMING OC 8G (GV-N307TGAMING OC-8GD),dGPU [#0]: NVIDIA GeForce RTX 3070 Ti: GIGABYTE GeForce RTX 3070 Ti GAMING OC 8G (GV-N307TGAMING OC-8GD),dGPU [#0]: NVIDIA GeForce RTX 3070 Ti: GIGABYTE GeForce RTX 3070 Ti GAMING OC 8G (GV-N307TGAMING OC-8GD),dGPU [#0]: NVIDIA GeForce RTX 3070 Ti: GIGABYTE GeForce RTX 3070 Ti GAMING OC 8G (GV-N307TGAMING OC-8GD),dGPU [#0]: NVIDIA GeForce RTX 3070 Ti: GIGABYTE GeForce RTX 3070 Ti GAMING OC 8G (GV-N307TGAMING OC-8GD),dGPU [#0]: NVIDIA GeForce RTX 3070 Ti: GIGABYTE GeForce RTX 3070 Ti GAMING OC 8G (GV-N307TGAMING OC-8GD),dGPU [#0]: NVIDIA GeForce RTX 3070 Ti: GIGABYTE GeForce RTX 3070 Ti GAMING OC 8G (GV-N307TGAMING OC-8GD),dGPU [#0]: NVIDIA GeForce RTX 3070 Ti: GIGABYTE GeForce RTX 3070 Ti GAMING OC 8G (GV-N307TGAMING OC-8GD),dGPU [#0]: NVIDIA GeForce RTX 3070 Ti: GIGABYTE GeForce RTX 3070 Ti GAMING OC 8G (GV-N307TGAMING OC-8GD),dGPU [#0]: NVIDIA GeForce RTX 3070 Ti: GIGABYTE GeForce RTX 3070 Ti GAMING OC 8G (GV-N307TGAMING OC-8GD),dGPU [#0]: NVIDIA GeForce RTX 3070 Ti: GIGABYTE GeForce RTX 3070 Ti GAMING OC 8G (GV-N307TGAMING OC-8GD),dGPU [#0]: NVIDIA GeForce RTX 3070 Ti: GIGABYTE GeForce RTX 3070 Ti GAMING OC 8G (GV-N307TGAMING OC-8GD),dGPU [#0]: NVIDIA GeForce RTX 3070 Ti: GIGABYTE GeForce RTX 3070 Ti GAMING OC 8G (GV-N307TGAMING OC-8GD),dGPU [#0]: NVIDIA GeForce RTX 3070 Ti: GIGABYTE GeForce RTX 3070 Ti GAMING OC 8G (GV-N307TGAMING OC-8GD),dGPU [#0]: NVIDIA GeForce RTX 3070 Ti: GIGABYTE GeForce RTX 3070 Ti GAMING OC 8G (GV-N307TGAMING OC-8GD),dGPU [#0]: NVIDIA GeForce RTX 3070 Ti: GIGABYTE GeForce RTX 3070 Ti GAMING OC 8G (GV-N307TGAMING OC-8GD),dGPU [#0]: NVIDIA GeForce RTX 3070 Ti: GIGABYTE GeForce RTX 3070 Ti GAMING OC 8G (GV-N307TGAMING OC-8GD),dGPU [#0]: NVIDIA GeForce RTX 3070 Ti: GIGABYTE GeForce RTX 3070 Ti GAMING OC 8G (GV-N307TGAMING OC-8GD),dGPU [#0]: NVIDIA GeForce RTX 3070 Ti: GIGABYTE GeForce RTX 3070 Ti GAMING OC 8G (GV-N307TGAMING OC-8GD),dGPU [#0]: NVIDIA GeForce RTX 3070 Ti: GIGABYTE GeForce RTX 3070 Ti GAMING OC 8G (GV-N307TGAMING OC-8GD),dGPU [#0]: NVIDIA GeForce RTX 3070 Ti: GIGABYTE GeForce RTX 3070 Ti GAMING OC 8G (GV-N307TGAMING OC-8GD),dGPU [#0]: NVIDIA GeForce RTX 3070 Ti: GIGABYTE GeForce RTX 3070 Ti GAMING OC 8G (GV-N307TGAMING OC-8GD),dGPU [#0]: NVIDIA GeForce RTX 3070 Ti: GIGABYTE GeForce RTX 3070 Ti GAMING OC 8G (GV-N307TGAMING OC-8GD),dGPU [#0]: NVIDIA GeForce RTX 3070 Ti: GIGABYTE GeForce RTX 3070 Ti GAMING OC 8G (GV-N307TGAMING OC-8GD),dGPU [#0]: NVIDIA GeForce RTX 3070 Ti: GIGABYTE GeForce RTX 3070 Ti GAMING OC 8G (GV-N307TGAMING OC-8GD),dGPU [#0]: NVIDIA GeForce RTX 3070 Ti: GIGABYTE GeForce RTX 3070 Ti GAMING OC 8G (GV-N307TGAMING OC-8GD),dGPU [#0]: NVIDIA GeForce RTX 3070 Ti: GIGABYTE GeForce RTX 3070 Ti GAMING OC 8G (GV-N307TGAMING OC-8GD),dGPU [#0]: NVIDIA GeForce RTX 3070 Ti: GIGABYTE GeForce RTX 3070 Ti GAMING OC 8G (GV-N307TGAMING OC-8GD),dGPU [#0]: NVIDIA GeForce RTX 3070 Ti: GIGABYTE GeForce RTX 3070 Ti GAMING OC 8G (GV-N307TGAMING OC-8GD),dGPU [#0]: NVIDIA GeForce RTX 3070 Ti: GIGABYTE GeForce RTX 3070 Ti GAMING OC 8G (GV-N307TGAMING OC-8GD),dGPU [#0]: NVIDIA GeForce RTX 3070 Ti: GIGABYTE GeForce RTX 3070 Ti GAMING OC 8G (GV-N307TGAMING OC-8GD),dGPU [#0]: NVIDIA GeForce RTX 3070 Ti: GIGABYTE GeForce RTX 3070 Ti GAMING OC 8G (GV-N307TGAMING OC-8GD),dGPU [#0]: NVIDIA GeForce RTX 3070 Ti: GIGABYTE GeForce RTX 3070 Ti GAMING OC 8G (GV-N307TGAMING OC-8GD),dGPU [#0]: NVIDIA GeForce RTX 3070 Ti: GIGABYTE GeForce RTX 3070 Ti GAMING OC 8G (GV-N307TGAMING OC-8GD),dGPU [#0]: NVIDIA GeForce RTX 3070 Ti: GIGABYTE GeForce RTX 3070 Ti GAMING OC 8G (GV-N307TGAMING OC-8GD),dGPU [#0]: NVIDIA GeForce RTX 3070 Ti: GIGABYTE GeForce RTX 3070 Ti GAMING OC 8G (GV-N307TGAMING OC-8GD),dGPU [#0]: NVIDIA GeForce RTX 3070 Ti: GIGABYTE GeForce RTX 3070 Ti GAMING OC 8G (GV-N307TGAMING OC-8GD),dGPU [#0]: NVIDIA GeForce RTX 3070 Ti: GIGABYTE GeForce RTX 3070 Ti GAMING OC 8G (GV-N307TGAMING OC-8GD),dGPU [#0]: NVIDIA GeForce RTX 3070 Ti: GIGABYTE GeForce RTX 3070 Ti GAMING OC 8G (GV-N307TGAMING OC-8GD),dGPU [#0]: NVIDIA GeForce RTX 3070 Ti: GIGABYTE GeForce RTX 3070 Ti GAMING OC 8G (GV-N307TGAMING OC-8GD),dGPU [#0]: NVIDIA GeForce RTX 3070 Ti: GIGABYTE GeForce RTX 3070 Ti GAMING OC 8G (GV-N307TGAMING OC-8GD),dGPU [#0]: NVIDIA GeForce RTX 3070 Ti: GIGABYTE GeForce RTX 3070 Ti GAMING OC 8G (GV-N307TGAMING OC-8GD),dGPU [#0]: NVIDIA GeForce RTX 3070 Ti: GIGABYTE GeForce RTX 3070 Ti GAMING OC 8G (GV-N307TGAMING OC-8GD),dGPU [#0]: NVIDIA GeForce RTX 3070 Ti: GIGABYTE GeForce RTX 3070 Ti GAMING OC 8G (GV-N307TGAMING OC-8GD),dGPU [#0]: NVIDIA GeForce RTX 3070 Ti: GIGABYTE GeForce RTX 3070 Ti GAMING OC 8G (GV-N307TGAMING OC-8GD),dGPU [#0]: NVIDIA GeForce RTX 3070 Ti: GIGABYTE GeForce RTX 3070 Ti GAMING OC 8G (GV-N307TGAMING OC-8GD),dGPU [#0]: NVIDIA GeForce RTX 3070 Ti: GIGABYTE GeForce RTX 3070 Ti GAMING OC 8G (GV-N307TGAMING OC-8GD),dGPU [#0]: NVIDIA GeForce RTX 3070 Ti: GIGABYTE GeForce RTX 3070 Ti GAMING OC 8G (GV-N307TGAMING OC-8GD),dGPU [#0]: NVIDIA GeForce RTX 3070 Ti: GIGABYTE GeForce RTX 3070 Ti GAMING OC 8G (GV-N307TGAMING OC-8GD),dGPU [#0]: NVIDIA GeForce RTX 3070 Ti: GIGABYTE GeForce RTX 3070 Ti GAMING OC 8G (GV-N307TGAMING OC-8GD),dGPU [#0]: NVIDIA GeForce RTX 3070 Ti: GIGABYTE GeForce RTX 3070 Ti GAMING OC 8G (GV-N307TGAMING OC-8GD),dGPU [#0]: NVIDIA GeForce RTX 3070 Ti: GIGABYTE GeForce RTX 3070 Ti GAMING OC 8G (GV-N307TGAMING OC-8GD),dGPU [#0]: NVIDIA GeForce RTX 3070 Ti: GIGABYTE GeForce RTX 3070 Ti GAMING OC 8G (GV-N307TGAMING OC-8GD),dGPU [#0]: NVIDIA GeForce RTX 3070 Ti: GIGABYTE GeForce RTX 3070 Ti GAMING OC 8G (GV-N307TGAMING OC-8GD),dGPU [#0]: NVIDIA GeForce RTX 3070 Ti: GIGABYTE GeForce RTX 3070 Ti GAMING OC 8G (GV-N307TGAMING OC-8GD),dGPU [#0]: NVIDIA GeForce RTX 3070 Ti: GIGABYTE GeForce RTX 3070 Ti GAMING OC 8G (GV-N307TGAMING OC-8GD),dGPU [#0]: NVIDIA GeForce RTX 3070 Ti: GIGABYTE GeForce RTX 3070 Ti GAMING OC 8G (GV-N307TGAMING OC-8GD),dGPU [#0]: NVIDIA GeForce RTX 3070 Ti: GIGABYTE GeForce RTX 3070 Ti GAMING OC 8G (GV-N307TGAMING OC-8GD),dGPU [#0]: NVIDIA GeForce RTX 3070 Ti: GIGABYTE GeForce RTX 3070 Ti GAMING OC 8G (GV-N307TGAMING OC-8GD),dGPU [#0]: NVIDIA GeForce RTX 3070 Ti: GIGABYTE GeForce RTX 3070 Ti GAMING OC 8G (GV-N307TGAMING OC-8GD),dGPU [#0]: NVIDIA GeForce RTX 3070 Ti: GIGABYTE GeForce RTX 3070 Ti GAMING OC 8G (GV-N307TGAMING OC-8GD),dGPU [#0]: NVIDIA GeForce RTX 3070 Ti: GIGABYTE GeForce RTX 3070 Ti GAMING OC 8G (GV-N307TGAMING OC-8GD),dGPU [#0]: NVIDIA GeForce RTX 3070 Ti: GIGABYTE GeForce RTX 3070 Ti GAMING OC 8G (GV-N307TGAMING OC-8GD),dGPU [#0]: NVIDIA GeForce RTX 3070 Ti: GIGABYTE GeForce RTX 3070 Ti GAMING OC 8G (GV-N307TGAMING OC-8GD),dGPU [#0]: NVIDIA GeForce RTX 3070 Ti: GIGABYTE GeForce RTX 3070 Ti GAMING OC 8G (GV-N307TGAMING OC-8GD),dGPU [#0]: NVIDIA GeForce RTX 3070 Ti: GIGABYTE GeForce RTX 3070 Ti GAMING OC 8G (GV-N307TGAMING OC-8GD),dGPU [#0]: NVIDIA GeForce RTX 3070 Ti: GIGABYTE GeForce RTX 3070 Ti GAMING OC 8G (GV-N307TGAMING OC-8GD),dGPU [#0]: NVIDIA GeForce RTX 3070 Ti: GIGABYTE GeForce RTX 3070 Ti GAMING OC 8G (GV-N307TGAMING OC-8GD),PresentMon [dwm.exe],PresentMon [dwm.exe],PresentMon [dwm.exe],PresentMon [dwm.exe],PresentMon [dwm.exe],PresentMon [dwm.exe],PresentMon [dwm.exe],PresentMon [dwm.exe],PresentMon [dwm.exe],PresentMon [dwm.exe],PresentMon [dwm.exe],PresentMon [dwm.exe],PresentMon [dwm.exe],PresentMon [dwm.exe],PresentMon [dwm.exe],PresentMon [dwm.exe],PresentMon [dwm.exe],PresentMon [dwm.exe],PresentMon [dwm.exe],PresentMon [dwm.exe],PresentMon [dwm.exe],PresentMon [dwm.exe],PresentMon [dwm.exe],Network: Intel Wi-Fi 6 AX200 160MHz - Wi-Fi,Network: Intel Wi-Fi 6 AX200 160MHz - Wi-Fi,Network: Intel Wi-Fi 6 AX200 160MHz - Wi-Fi,Network: Intel Wi-Fi 6 AX200 160MHz - Wi-Fi,Network: RealTek Semiconductor RTL8125 Gaming 2.5GbE Family Ethernet Controller - Ethernet,Network: RealTek Semiconductor RTL8125 Gaming 2.5GbE Family Ethernet Controller - Ethernet,Network: RealTek Semiconductor RTL8125 Gaming 2.5GbE Family Ethernet Controller - Ethernet,Network: RealTek Semiconductor RTL8125 Gaming 2.5GbE Family Ethernet Controller - Ethernet,Windows Hardware Errors (WHEA),
