openalex_id,doi,year,cites_seed,title,abstract_available,abstract_text,keyword_flag
https://openalex.org/W4250606579,https://doi.org/10.1109/tpds.2019.2954077,2019,Guerreiro TPDS 2019,2019 Index IEEE Transactions on Parallel and Distributed Systems Vol. 30,True,"This index covers all technical items-papers, correspondence, reviews, etc.-that appeared in this periodical during 2019, and items from previous years that were commented upon or corrected in 2019.Departments and other items may also be covered if they have been judged to have archival value.The Author Index contains the primary entry for each item, listed under the first author's name.The primary entry includes the coauthors' names, the title of the paper or other item, and its location, specified by the publication abbreviation, year, month, and inclusive pagination.The Subject Index contains entries describing the item under all appropriate subject headings, plus the first author's name, the publication abbreviation, month, and year, and inclusive pages.",False
https://openalex.org/W4250809550,https://doi.org/10.1109/tpds.2020.3033655,2020,Guerreiro TPDS 2019,2020 Index IEEE Transactions on Parallel and Distributed Systems Vol. 31,True,"This index covers all technical items-papers, correspondence, reviews, etc.-that appeared in this periodical during 2020, and items from previous years that were commented upon or corrected in 2020.Departments and other items may also be covered if they have been judged to have archival value.The Author Index contains the primary entry for each item, listed under the first author's name.The primary entry includes the coauthors' names, the title of the paper or other item, and its location, specified by the publication abbreviation, year, month, and inclusive pagination.The Subject Index contains entries describing the item under all appropriate subject headings, plus the first author's name, the publication abbreviation, month, and year, and inclusive pages.",False
https://openalex.org/W3017389938,https://doi.org/10.1109/ccgrid49817.2020.00-35,2020,Guerreiro TPDS 2019,A Data-Driven Frequency Scaling Approach for Deadline-aware Energy Efficient Scheduling on Graphics Processing Units (GPUs),True,"Modern computing paradigms, such as cloud computing, are increasingly adopting GPUs to boost their computing capabilities primarily due to the heterogeneous nature of AI/ML/deep learning workloads. However, the energy consumption of GPUs is a critical problem. Dynamic Voltage Frequency Scaling (DVFS) is a widely used technique to reduce the dynamic power of GPUs. Yet, configuring the optimal clock frequency for essential performance requirements is a non-trivial task due to the complex nonlinear relationship between the application's runtime performance characteristics, energy, and execution time. It becomes more challenging when different applications behave distinctively with similar clock settings. Simple analytical solutions and standard GPU frequency scaling heuristics fail to capture these intricacies and scale the frequencies appropriately. In this regard, we propose a data-driven frequency scaling technique by predicting the power and execution time of a given application over different clock settings. We collect the data from application profiling and train the models to predict the outcome accurately. The proposed solution is generic and can be easily extended to different kinds of workloads and GPU architectures. Furthermore, using this frequency scaling by prediction models, we present a deadline-aware application scheduling algorithm to reduce energy consumption while simultaneously meeting their deadlines. We conduct real extensive experiments on NVIDIA GPUs using several benchmark applications. The experiment results have shown that our prediction models have high accuracy with the average RMSE values of 0.38 and 0.05 for energy and time prediction, respectively. Also, the scheduling algorithm consumes 15.07% less energy as compared to the baseline policies.",True
https://openalex.org/W3120533014,https://doi.org/10.1109/access.2021.3049237,2021,Guerreiro TPDS 2019,A Greener Meta-Heuristics Scheduling Algorithm With Energized Optimization Dynamics by Deeper Intelligence Fusion,True,"As is known to all, the heterogeneous green scheduling objects have the intelligent feedback related to the efficiencies corresponding to the schemes, which has been largely ignored in most existing studies. That is why the existing optimization dynamics in green meta-heuristics scheduling algorithms, generally appear underpowered and vulnerable in the face of the rapid extension from homogeneity to heterogeneity of scheduling objects. Then, with respecting and ingeniously leveraging hardware (i.e., heterogeneous scheduling objects) intelligence, an efficient meta-heuristics algorithm with re-energized majorization dynamics for heterogeneous greener scheduling (i.e., CAr_FI(HS)), is proposed. The experimental results show that compared with the other meta-heuristics scheduling algorithms, CAr_FI(HS) has obvious advantages in the overall performance and the solution quality, for both data intensive and computing intensive instances.",False
https://openalex.org/W4296012263,https://doi.org/10.4218/etrij.2022-0094,2022,Guerreiro HPCA 2018,A layer‐wise frequency scaling for a neural processing unit,True,"Dynamic voltage frequency scaling (DVFS) has been widely adopted for run-time power management of various processing units. In the case of neural processing units (NPUs), power management of neural network applications is required to adjust the frequency and voltage every layer to consider the power behavior and performance of each layer. Unfortunately, DVFS is inappropriate for layer-wise run-time power management of NPUs due to the long latency of voltage scaling compared with each layer execution time. Because the frequency scaling is fast enough to keep up with each layer, we propose a layer-wise dynamic frequency scaling (DFS) technique for an NPU. Our proposed DFS exploits the highest frequency under the power limit of an NPU for each layer. To determine the highest allowable frequency, we build a power model to predict the power consumption of an NPU based on a real measurement on the fabricated NPU. Our evaluation results show that our proposed DFS improves frame per second (FPS) by 33% and saves energy by 14% on average, compared with DVFS.",True
https://openalex.org/W4412661978,https://doi.org/10.2139/ssrn.5367603,2025,Guerreiro HPCA 2018,A Portable Compiler-Runtime Approach for Scalability Prediction,True,"Highly scalable parallel applications can efficiently solve expensive computational problems when run on a large number of compute nodes. However, selecting the optimal number of nodes for a compute job of a given size is non-trivial, and allocating too few or too many nodes may not yield the expected performance. Knowing the scaling behavior of an application in advance enables us, for example, to make optimal use of the available hardware resources.We introduce a novel, portable approach to predict the scalability of parallel applications written in modern high-level programming models. We propose a predictive compiler-runtime framework based on Celerity, a task-based distributed runtime system that enables executing SYCL codes on clusters. The framework targets a broad range of computing systems, from CPU to GPU clusters, and proposes a model that combines machine learning, communication modeling and DAG heuristics. Experimental results on two large-scale clusters, JUWELS and Marconi-100, show accurate scalability prediction of unseen single and multi-task applications.",False
https://openalex.org/W7166354018,https://doi.org/10.1145/3801487.3801808,2026,Guerreiro HPCA 2018,A Portable GPU Kernel Performance Modeling Method Based on LLVM IR Dynamic Feature Prediction,True,"Performance modeling of GPU kernels is essential for compiler optimizations, runtime scheduling, and auto-tuning systems. However, existing approaches often rely on hardware-specific metrics or require online kernel execution to collect dynamic features during prediction, which incurs significant overhead and limits their deployment in latency-sensitive scenarios while hindering cross-platform generalization. To eliminate the need for online profiling while maintaining prediction accuracy across GPU platforms, we propose a specialized two-stage performance model mehod that leverages platform-independent dynamic features. Our method uses platform-independent basic block execution counts (BBC) derived from instrumented LLVM IR to train a shared Feature Prediction (FP) model that predicts BBC from static launch configurations (e.g., problem size, thread launch configuration), and lightweight platform-specific Performance Prediction (PP) models are trained to estimate runtime from these features. This design requires profiling only on a single reference device per compilation ecosystem (e.g., CUDA or ROCm) and enables intra-ecosystem portability, reducing profiling and retraining overhead when deploying across multiple GPUs. Moreover, at inference time, runtime is estimated without kernel execution, thereby eliminating the need for online profiling. We evaluate our method on 34 kernels from PolyBench and Rodinia across two compilation ecosystems. Experiments show that our approach achieves an average MAPE of 8.3% on three ROCm platforms and 4.96% on three CUDA platforms, outperforming existing methods in both prediction accuracy and intra-ecosystem portability.",False
https://openalex.org/W3000837919,https://doi.org/10.1145/3431731,2020,Guerreiro HPCA 2018,A Simple Model for Portable and Fast Prediction of Execution Time and Power Consumption of GPU Kernels,True,"Characterizing compute kernel execution behavior on GPUs for efficient task scheduling is a non-trivial task. We address this with a simple model enabling portable and fast predictions among different GPUs using only hardware-independent features. This model is built based on random forests using 189 individual compute kernels from benchmarks such as Parboil, Rodinia, Polybench-GPU, and SHOC. Evaluation of the model performance using cross-validation yields a median Mean Average Percentage Error (MAPE) of 8.86–52.0% for time and 1.84–2.94% for power prediction across five different GPUs, while latency for a single prediction varies between 15 and 108 ms.",False
https://openalex.org/W3048972790,https://doi.org/10.4218/etrij.2020-0134,2020,Guerreiro TPDS 2019,AB9: A neural processor for inference acceleration,True,"We present AB9, a neural processor for inference acceleration. AB9 consists of a systolic tensor core (STC) neural network accelerator designed to accelerate artificial intelligence applications by exploiting the data reuse and parallelism characteristics inherent in neural networks while providing fast access to large on-chip memory. Complementing the hardware is an intuitive and user-friendly development environment that includes a simulator and an implementation flow that provides a high degree of programmability with a short development time. Along with a 40-TFLOP STC that includes 32k arithmetic units and over 36 MB of on-chip SRAM, our baseline implementation of AB9 consists of a 1-GHz quad-core setup with other various industry-standard peripheral intellectual properties. The acceleration performance and power efficiency were evaluated using YOLOv2, and the results show that AB9 has superior performance and power efficiency to that of a general-purpose graphics processing unit implementation. AB9 has been taped out in the TSMC 28-nm process with a chip size of 17 × 23 mm2. Delivery is expected later this year.",False
https://openalex.org/W7172390713,https://doi.org/10.1109/isca66397.2026.00065,2026,Guerreiro HPCA 2018,Accelerator Polymorphism: Transcending Domain-Specific Architectures with Robotics,False,,False
https://openalex.org/W3206857466,https://doi.org/10.1145/3466752.3480063,2021,Guerreiro HPCA 2018,AccelWattch: A Power Modeling Framework for Modern GPUs,True,"Graphics Processing Units (GPUs) are rapidly dominating the accelerator space, as illustrated by their wide-spread adoption in the data analytics and machine learning markets. At the same time, performance per watt has emerged as a crucial evaluation metric together with peak performance. As such, GPU architects require robust tools that will enable them to model both the performance and the power consumption of modern GPUs. However, while GPU performance modeling has progressed in great strides, power modeling has lagged behind. To mitigate this problem we propose AccelWattch, a configurable GPU power model that resolves two long-standing needs: the lack of a detailed and accurate cycle-level power model for modern GPU architectures, and the inability to capture their constant and static power with existing tools. AccelWattch can be driven by emulation and trace-driven environments, hardware counters, or a mix of the two, models both PTX and SASS ISAs, accounts for power gating and control-flow divergence, and supports DVFS. We integrate AccelWattch with GPGPU-Sim and Accel-Sim to facilitate its widespread use. We validate AccelWattch on a NVIDIA Volta GPU, and show that it achieves strong correlation against hardware power measurements. Finally, we demonstrate that AccelWattch can enable reliable design space exploration: by directly applying AccelWattch tuned for Volta on GPU configurations resembling NVIDIA Pascal and Turing GPUs, we obtain accurate power models for these architectures.",True
https://openalex.org/W3020111631,https://doi.org/10.3390/computation8020037,2020,Guerreiro HPCA 2018,Accurate Energy and Performance Prediction for Frequency-Scaled GPU Kernels,True,"Energy optimization is an increasingly important aspect of today’s high-performance computing applications. In particular, dynamic voltage and frequency scaling (DVFS) has become a widely adopted solution to balance performance and energy consumption, and hardware vendors provide management libraries that allow the programmer to change both memory and core frequencies manually to minimize energy consumption while maximizing performance. This article focuses on modeling the energy consumption and speedup of GPU applications while using different frequency configurations. The task is not straightforward, because of the large set of possible and uniformly distributed configurations and because of the multi-objective nature of the problem, which minimizes energy consumption and maximizes performance. This article proposes a machine learning-based method to predict the best core and memory frequency configurations on GPUs for an input OpenCL kernel. The method is based on two models for speedup and normalized energy predictions over the default frequency configuration. Those are later combined into a multi-objective approach that predicts a Pareto-set of frequency configurations. Results show that our approach is very accurate at predicting extema and the Pareto set, and finds frequency configurations that dominate the default configuration in either energy or performance.",True
https://openalex.org/W4411624362,https://doi.org/10.3390/a18070385,2025,Guerreiro HPCA 2018,Algorithmic Techniques for GPU Scheduling: A Comprehensive Survey,True,"In this survey, we provide a comprehensive classification of GPU task scheduling approaches, categorized by their underlying algorithmic techniques and evaluation metrics. We examine traditional methods—including greedy algorithms, dynamic programming, and mathematical programming—alongside advanced machine learning techniques integrated into scheduling policies. We also evaluate the performance of these approaches across diverse applications. This work focuses on understanding the trade-offs among various algorithmic techniques, the architectural and job-level factors influencing scheduling decisions, and the balance between user-level and service-level objectives. The analysis shows that no one paradigm dominates; instead, the highest-performing schedulers blend the predictability of formal methods with the adaptability of learning, often moderated by queueing insights for fairness. We also discuss key challenges in optimizing GPU resource management and suggest potential solutions.",False
https://openalex.org/W4404849452,https://doi.org/10.1109/igsc64514.2024.00019,2024,Schoonhoven PMBS 2022,Alleviating Dataset Constraints through Synthetic Data Generation in Machine Learning Driven Power Modeling,True,"In recent years, Machine learning (ML) methods have emerged as a promising approach for mitigating the challenges with software power measurement and estimation. While ML-driven methods have been effective in advancing the state of the art in energy-efficient computing, their predictive abilities are often limited by the quality and the size of the training datasets. This paper presents a diffusion-based generative method for synthesizing software energy data to create larger representative datasets for power modeling and related tasks. We demonstrate the effectiveness of our methods in the context of energy-efficient graph analytics. We use an augmented dataset to train a regression model and a classifier to predict the GPU power consumption of graph applications running on different classes of input graphs. Experimental evaluation shows the accuracy of the predictive models can be improved by as much as 11% when trained on the augmented dataset than over the original dataset.",False
https://openalex.org/W3036320021,https://doi.org/10.1109/access.2020.3003304,2020,Guerreiro TPDS 2019,An Algorithm Incarnating Deep Integration of Hardware-Software Energy Regulation Principles for Heterogeneous Green Scheduling,True,"Heterogeneous green scheduling in virtual cloud is an urgent need of human sustainable developments. However, on the one hand, there is still considerable space beyond reach of the hardware energy regulation mode; on the other hand, as the core of green software methods, meta-heuristics algorithms are still underperforming in heterogeneous scheduling, although with many achievements in homogeneous scheduling. In this paper, an efficient new meta-heuristics algorithm is presented (i.e., GHSA_di), including the co-evolutionary dynamics equation emphasizing on and taking advantage of the hardware energy-regulation principles. The experimental results show that compared with the other three meta-heuristic scheduling algorithms, GHSA_di algorithm has obvious advantages in overall performance, energy saving and scalability, for both data intensive and computing intensive instances.",False
https://openalex.org/W4403790509,https://doi.org/10.1145/3674910,2024,Guerreiro HPCA 2018,An Intelligent Scheduling Approach on Mobile OS for Optimizing UI Smoothness and Power,True,"Mobile devices need to respond quickly to diverse user inputs. The existing approaches often heuristically raise the CPU/GPU frequency according to the empirical rules when facing burst inputs and various changes. Although doing so can be effective sometimes, the existing approaches still need improvements. For instance, raising processors’ frequency can lead to high power consumption when the frequency is over-provisioned or fail to meet user demands when the frequency is under-provisioned. To this end, we propose MobiRL, a reinforcement learning-based scheduler for intelligently adjusting the CPU/GPU frequency to satisfy user demands accurately on mobile systems. MobiRL monitors the mobile system status and autonomously learns to optimize UI smoothness and power consumption by conducting CPU/GPU frequency-adjusting actions. The experimental results on the latest delivered smartphones show that MobiRL outperforms the widely used commercial scheduler on real devices—reducing the frame drop rate by 4.1% and reducing power consumption by 42.8%, respectively. Moreover, compared with a study using Q-Learning for CPU frequency scheduling, MobiRL achieves up to a 2.5% lower frame drop rate and reduces power consumption by 32.6%, respectively. Our approach has been deployed in mobile phone products.",True
https://openalex.org/W4380874622,https://doi.org/10.1145/3579371.3589066,2023,Guerreiro TPDS 2019,Architecting Efficient Multi-modal AIoT Systems,True,"Multi-modal computing (M2C) has recently exhibited impressive accuracy improvements in numerous autonomous artificial intelligence of things (AIoT) systems. However, this accuracy gain is often tethered to an incredible increase in energy consumption. Particularly, various highly-developed modality sensors devour most of the energy budget, which would make the deployment of M2C for real-world AIoT applications a difficult challenge.",False
https://openalex.org/W4394064571,https://doi.org/10.3934/ammc.2024004,2024,Schoonhoven PMBS 2022,ASTRA kernelkit: GPU-accelerated projectors for computed tomography using cupy,True,"New computed tomography (CT) algorithms are commonly developed in high-level programming languages, such as Python or MATLAB, while low-level languages are used to support their computation-intensive operations. In the past decade, graphics processing units (GPUs) have become the de-facto standard for large parallel computations in areas such as computational imaging, image processing, and machine learning. Our fast-and-flexible CT reconstruction software, ASTRA Toolbox, therefore already implemented tomographic projectors, i.e., the core computational operations modeling the X-ray physics, using NVIDIA CUDA (Compute Unified Device Architecture), a low-level platform for computation on GPUs. However, the Python-C++ language barrier prevents high-level Python users from modifying these low-level projectors, and, as a consequence, research into new tomographic algorithms is more complex and time-consuming than necessary. With the ASTRA KernelKit, we lifted tomographic projectors to Python and leveraged CuPy, a numerical software like NumPy and SciPy that exposes CUDA to Python, to obtain a fine-grained control over their efficiency and implementation. In this article, we introduced our software and illustrated its importance for high-performance and data-driven applications using examples from deep learning, real-time X-ray CT, and kernel tuning.",False
https://openalex.org/W7127934621,https://doi.org/10.1007/978-3-032-11422-8_2,2025,Schoonhoven PMBS 2022,Challenges,False,,False
https://openalex.org/W7147617666,https://doi.org/10.1007/978-981-95-8405-5_23,2026,Schoonhoven PMBS 2022,CoDVFS: Improving the Energy Efficiency of AI Servers Through Coordinated DVFS,False,,False
https://openalex.org/W2905983120,https://doi.org/10.1016/j.jpdc.2018.12.006,2018,Guerreiro HPCA 2018,Comparative assessment of GPGPU technologies to accelerate objective functions: A case study on parsimony,False,,False
https://openalex.org/W4321765968,https://doi.org/10.4018/jdm.318451,2023,Mendes JPDC 2022,Computation Offloading Method for Large-Scale Factory Access in Edge-Edge Collaboration Mode,True,"Large-scale manufacturing enterprises have complex business processes in their production workshops, and the edge-edge collaborative business model cannot adapt to the traditional computation offloading methods, which leads to the problem of load imbalance. For this problem, a computation offloading algorithm based on edge-edge collaboration mode for large-scale factory access is proposed, called the edge and edge collaborative computation offloading (EECCO) algorithm. First, the method partitions the directed acyclic graphs (DAGs) on edge server and terminal industrial equipment, then updates the tasks using a synchronization policy based on set theory to improve the accuracy effectively, and finally achieves load balancing through processor allocation. The experimental results show that the method shortens the processing time by improving computational resource utilization and employs a heterogeneous distributed system to achieve high computing performance when processing large-scale task sets.",False
https://openalex.org/W4416707222,https://doi.org/10.1109/tpds.2025.3637511,2025,Guerreiro TPDS 2019,Concurrent and Orthogonal Software Power Meters for Accurate Runtime Energy Profiling of Parallel Hybrid Programs on Heterogeneous Hybrid Servers,True,"Energy predictive models employing performance events have emerged as a promising alternative to other mainstream methods for developing software power meters used in runtime energy profiling of applications. These models are cost-effective and provide a highly accurate means of measuring the energy consumption of applications during execution. Recently, software power meters have been proposed to profile the dynamic energy consumption of data transfers between CPU and GPU in heterogeneous hybrid platforms, thereby effectively addressing the gap between software power meters that measure computations and those that measure data transfers. However, the state-of-the-art software power meters lack fundamental properties essential for achieving accurate runtime energy profiling of parallel hybrid programs on heterogeneous hybrid servers. Two critical properties areconcurrencyandorthogonality. In this work, we define these essential properties and propose a methodology for developing concurrent and orthogonal platform-level software power meters capable of accurate runtime energy profiling of parallel hybrid programs on heterogeneous hybrid servers. We apply this methodology to develop software power meters for three heterogeneous hybrid servers that consist of Intel multicore CPUs and Nvidia GPUs from different generations. Furthermore, we demonstrate the accuracy and efficiency of the proposed software power meters by using them to estimate the dynamic energy consumption of computation and communication activities in three parallel hybrid programs. Our results show that the average prediction error for dynamic energy consumption by these software power meters is just 2.5% across our servers.",False
https://openalex.org/W7166670332,https://doi.org/10.1109/ipdpsw71298.2026.00033,2026,Schoonhoven PMBS 2022,Constraint-aware Optimization in Auto-Tuning,True,"Automatic performance tuning, or auto-tuning, is a key technique in high-performance computing, enabling applications to adapt to complex and evolving hardware architectures. A central challenge is the need to optimize over large discrete, constrained parameter spaces, where many candidate configurations are invalid due to hardware or software correctness constraints. Traditional evolutionary algorithms, such as Differential Evolution, Particle Swarm Optimization, and Genetic Algorithms, are not inherently constraint-aware and thus often waste computational resources evaluating invalid solutions. In this work, we present and evaluate constraint-aware variants of four evolutionary algorithms for auto-tuning. Through extensive experiments on a representative benchmark suite, we show that constraint-aware optimization leads to faster convergence and improved performance over unconstrained methods. Furthermore, we demonstrate that our methods outperform the pyATF methods, a state-of-the-art framework for constraint-based auto-tuning. Our results demonstrate that incorporating constraint-awareness into the optimization process significantly enhances their applicability and effectiveness in real-world auto-tuning problems. Constraint-awareness improved algorithm efficiency by ~39 on average, correlated with search space sparsity. The algorithms developed in this study are publicly available as open-source contributions to the Kernel Tuner framework, facilitating future research and benefitting users.",False
https://openalex.org/W3193283516,https://doi.org/10.1109/tie.2021.3095790,2021,Guerreiro HPCA 2018,Cooperative Distributed GPU Power Capping for Deep Learning Clusters,True,"The recent GPU-based clusters that handle deep learning (DL) tasks have the features of GPU device heterogeneity, a variety of deep neural network (DNN) models, and high computational complexity. Thus, the traditional power capping methods for CPU-based clusters or small-scale GPU devices cannot be applied to the GPU-based clusters handling DL tasks. This article develops a cooperative distributed GPU power capping (CD-GPC) system for GPU-based clusters, aiming to minimize the training completion time of invoked DL tasks without exceeding the limited power budget. Specifically, we first design the frequency scaling approach using the online model estimation based on the recursive least square method. This approach achieves the accurate tuning for DL task training time and power usage of GPU devices without needing offline profiling. Then, we formulate the proposed FS problem as a Lagrangian dual decomposition-based economic model predictive control problem for large-scale heterogeneous GPU clusters. We conduct both the NVIDIA GPU-based lab-scale real experiments and real job trace-based simulation experiments for performance evaluation. Experimental results validate that the proposed system improves the power capping accuracy to have a mean absolute error of$< \!1\%$, and reduces the deadline violation ratio of invoked DL tasks by 21.5% compared with other recent counterparts.",True
https://openalex.org/W4383749541,https://doi.org/10.1109/ccgrid57682.2023.00021,2023,Guerreiro HPCA 2018,CUDAsap: Statically-Determined Execution Statistics as Alternative to Execution-Based Profiling,True,"Today a variety of different GPU types exists, raising questions regarding high-level tasks such as provisioning and scheduling. To predict execution time on different GPU types accurately, we propose a method to obtain execution statistics based on compile-time static code analysis, in which the control flow graph for the code's basic blocks is determined. This graph is represented as an adjacency matrix and used in a system of linear equations to calculate the basic block execution frequencies. Kernel execution itself is not necessary for this analysis. We analyze the proposed method for five different benchmark suites, showing that 76 out of 79 evaluated kernels can be analyzed with an average error of 0.4 %, primarily due to different LLVM versions, with an average prediction time of 203.96 ms. Furthermore, repetitive kernels make memoization effective, and the underlying analysis is largely independent of problem size.",False
https://openalex.org/W4220874372,https://doi.org/10.1016/j.jpdc.2022.03.004,2022,Guerreiro TPDS 2019,Decoupling GPGPU voltage-frequency scaling for deep-learning applications,False,,False
https://openalex.org/W4390263770,https://doi.org/10.1145/3638757,2023,Guerreiro HPCA 2018,Deep Learning Workload Scheduling in GPU Datacenters: A Survey,True,"Deep learning (DL) has demonstrated its remarkable success in a wide variety of fields. The development of a DL model is a time-consuming and resource-intensive procedure. Hence, dedicated GPU accelerators have been collectively constructed into a GPU datacenter. An efficient scheduler design for a GPU datacenter is crucially important to reduce operational cost and improve resource utilization. However, traditional approaches designed for big data or high-performance computing workloads can not support DL workloads to fully utilize the GPU resources. Recently, many schedulers are proposed to tailor for DL workloads in GPU datacenters. This article surveys existing research efforts for both training and inference workloads. We primarily present how existing schedulers facilitate the respective workloads from the scheduling objectives and resource utilization manner . Finally, we discuss several promising future research directions including emerging DL workloads, advanced scheduling decision making, and underlying hardware resources. A more detailed summary of the surveyed paper and code links can be found at our project website: https://github.com/S-Lab-System-Group/Awesome-DL-Scheduling-Papers",False
https://openalex.org/W7167012048,https://doi.org/10.1145/3797905.3807847,2026,Guerreiro HPCA 2018; Guerreiro TPDS 2019,DEFT: Joint Task Placement and DVFS for Energy-Efficient Multi-GPU Runtimes,True,"Energy efficiency has become a first-order concern in modern high-performance computing systems, as it directly determines achievable throughput under fixed power budgets. Although Dynamic Voltage and Frequency Scaling (DVFS) provides an effective mechanism for reducing GPU energy consumption, existing runtime systems decouple DVFS from task placement and inter-GPU communication, focus on single-GPU execution, or cannot adapt frequency to task granularity and runtime contention in multi-GPU environments. Consequently, current schedulers fail to capture the tight coupling between task placement, frequency selection, and inter-GPU data movement that fundamentally governs energy–performance trade-offs on multi-GPU systems.",True
https://openalex.org/W4393205992,https://doi.org/10.2139/ssrn.4772673,2024,Guerreiro TPDS 2019,Dimensioning Network Slices for Power Minimization Under Reliability Constraints,False,,False
https://openalex.org/W4388581156,https://doi.org/10.1145/3624062.3624261,2023,Guerreiro HPCA 2018,Domain-Specific Energy Modeling for Drug Discovery and Magnetohydrodynamics Applications,True,"Over the past few years, the adoption of energy efficiency techniques in modern computer systems is becoming increasingly relevant for sustainable computing. A well-known power management software technique for energy-efficient computing is frequency scaling which modulates the device frequency to explore the energy-performance trade-off. To achieve energy savings, a frequency tuning phase is required because different applications can have different energy and runtime behaviors depending on the frequency setting. Machine learning models can be used to predict energy and runtime, and therefore optimal frequency configurations, based on static or dynamic features extracted from the target application. While general-purpose energy models can be very accurate for a wide range of applications, their accuracy can be limited by the specific input of the target application. We present an energy characterization that spans the fields of drug discovery and magnetohydrodynamics by using two real-world applications as case studies: LiGen and Cronos. Additionally, to overcome the limitations of general-purpose approaches, we define two domain-specific energy models, which enhance the general-purpose energy models by leveraging the target application’s input parameter to increase the final accuracy. Experimental results show that for both applications, domain-specific models achieve a ten times lower error compared to the general-purpose energy models.",True
https://openalex.org/W4391582533,https://doi.org/10.1109/tsusc.2024.3362697,2024,Guerreiro HPCA 2018,DRLCAP: Runtime GPU Frequency Capping With Deep Reinforcement Learning,True,"Power and energy consumption is the limiting factor of modern computing systems. As the GPU becomes a mainstream computing device, power management for GPUs becomes increasingly important. Current works focus on GPU kernel-level power management, with challenges in portability due to architecture-specific considerations. We presentDRLCap, a general runtime power management framework intended to support power management across various GPU architectures. It periodically monitors system-level information to dynamically detect program phase changes and model the workload and GPU system behavior. This elimination from kernel-specific constraints enhances adaptability and responsiveness. The framework leverages dynamic GPU frequency capping, which is the most widely used power knob, to control the power consumption.DRLCapemploys deep reinforcement learning (DRL) to adapt to the changing of program phases by automatically adjusting its power policy through online learning, aiming to reduce the GPU power consumption without significantly compromising the application performance. We evaluateDRLCapon three NVIDIA and one AMD GPU architectures. Experimental results show thatDRLCapimproves prior GPU power optimization strategies by a large margin. On average, it reduces the GPU energy consumption by 22% with less than 3% performance slowdown on NVIDIA GPUs. This translates to a 20% improvement in the energy efficiency measured by the energy-delay product (EDP) over the NVIDIA default GPU power management strategy. For the AMD GPU architecture,DRLCapsaves energy consumption by 10%, on average, with a 4% percentage loss, and improves energy efficiency by 8%.",True
https://openalex.org/W4402896949,https://doi.org/10.1109/iwqos61813.2024.10682917,2024,Guerreiro HPCA 2018; Guerreiro TPDS 2019,DSO: A GPU Energy Efficiency Optimizer by Fusing Dynamic and Static Information,True,"Increased reliance on graphics processing units (GPUs) for high-intensity computing tasks raises challenges regarding energy consumption. To address this issue, dynamic voltage and frequency scaling (DVFS) has emerged as a promising technique for conserving energy while maintaining the quality of service (QoS) of GPU applications. However, existing solutions using DVFS are hindered by inefficiency or inaccuracy as they depend either on dynamic or static information respectively, which prevents them from being adopted to practical power management schemes. To this end, we propose a novel energy efficiency optimizer, called DSO, to explore a light weight solution that leverages both dynamic and static information to model and optimize the GPU energy efficiency. DSO firstly proposes a novel theoretical energy efficiency model which reflects the DVFS roofline phenomenon and considers the tradeoff between performance and energy. Then it applies machine learning techniques to predict the parameters of the above model with both GPU kernel runtime metrics and static code features. Experiments on modern DVFS-enabled GPUs indicate that DSO can enhance energy efficiency by 19% whilst maintaining performance within a 5% loss margin.",True
https://openalex.org/W4205348240,https://doi.org/10.1109/tpds.2021.3137867,2021,Guerreiro HPCA 2018; Guerreiro TPDS 2019,Dynamic GPU Energy Optimization for Machine Learning Training Workloads,True,"GPUs are widely used to accelerate the training of machine learning workloads. As modern machine learning models become increasingly larger, they require a longer time to train, leading to higher GPU energy consumption. This paper presents GPOEO, an online GPU energy optimization framework for machine learning training workloads. GPOEO dynamically determines the optimal energy configuration by employing novel techniques for online measurement, multi-objective prediction modeling, and search optimization. To characterize the target workload behavior, GPOEO utilizes GPU performance counters. To reduce the performance counter profiling overhead, it uses an analytical model to detect the training iteration change and only collects performance counter data when an iteration shift is detected. GPOEO employs multi-objective models based on gradient boosting and a local search algorithm to find a trade-off between execution time and energy consumption. We evaluate the GPOEO by applying it to 71 machine learning workloads from two AI benchmark suites running on an NVIDIA RTX3080Ti GPU. Compared with the NVIDIA default scheduling strategy, GPOEO delivers a mean energy saving of 16.2% with a modest average execution time increase of 5.1%.",True
https://openalex.org/W3204029214,https://doi.org/10.1145/3478684.3479255,2021,Guerreiro TPDS 2019,Early power estimation of CUDA-based CNNs on GPGPUs,True,"The increasing application of Machine Learning (ML) techniques in the Internet of Things (IoT) devices has led designers to leverage ML accelerators like GPGPUs in such devices. However, choosing the most appropriate accelerator for such IoT devices is very challenging as they commonly should adhere to tight constraints e.g., low power consumption, long battery lifetime, and low cost of the final products. As a consequence, designing such application-specific IoT devices becomes a non-trivial and difficult task. In this paper, we present a novel approach to estimate power consumption of CUDA-based Convolutional Neural Networks (CNNs) on GPGPUs in the design phase. Our approach is able to provide designers with an early prediction of CNNs power consumption up to an absolute error of less than 2% in comparison to the real hardware execution.",False
https://openalex.org/W7161596189,https://doi.org/10.3390/electronics15102139,2026,Guerreiro TPDS 2019,EcoInfer: Optimizing Energy Efficiency with Latency Guarantees Through Iteration-Level GPU Frequency Control in LLM Serving,True,"Large language model (LLM) serving has emerged as a major source of energy consumption in modern AI infrastructure. In current deployments, graphics processing units (GPUs) are typically operated at default high-frequency settings to maximize performance. However, under practical service-level objectives (SLOs), peak performance is often unnecessary, especially during the memory-bound decode stage, resulting in substantial power redundancy and avoidable energy waste. Existing studies that apply GPU dynamic voltage and frequency scaling (DVFS) to improve the energy efficiency of LLM serving have shown promising results. However, they generally rely on coarse-grained control, accurate output length prediction, or request-level resource management, which limits their effectiveness under highly dynamic workloads and strict SLO constraints. We present EcoInfer, a fine-grained DVFS framework for energy-efficient LLM serving. EcoInfer performs iteration-level, workload-aware GPU frequency control that adapts to the current inference phase and system state while preserving latency guarantees. It comprises three tightly integrated modules: a machine-learning-based frequency–latency predictor that estimates iteration latency across candidate GPU frequencies using lightweight iteration-level features; an SLO-aware frequency controller that selects the minimum feasible frequency within a sweet-spot-guided candidate range; and a low-overhead runtime optimization layer that combines adaptive decision caching with asynchronous execution to reduce and hide the overhead of online control. Implemented on top of vLLM, EcoInfer achieves up to 25.4% energy savings and 21.5% average energy savings and improves energy efficiency by 1.28× on average in terms of Tokens/J while maintaining a nearly unchanged SLO attainment rate compared with the default vLLM baseline.",True
https://openalex.org/W4394894425,https://doi.org/10.56415/csjm.v32.08,2024,Guerreiro HPCA 2018,Efficient GPU Power Management through Advanced Framework Utilizing Optimization Algorithms,True,"The rapid rise in power usage by GPUs due to advances in machine and deep learning has led to an increase in power consumption of GPUs in Deep Learning workloads. To address this issue, a novel research project focuses on integrating Particle Swarm Optimization into a model training optimization framework to effectively reduce GPU power consumption during machine learning and deep learning training workloads. By utilizing the Particle Swarm Optimization (PSO)\protect\hyperlink{b1}{{[}1{]}} algorithm within the proposed framework, we show the effectiveness of PSO in creating a more efficient power management strategy while also maintaining the performance. Upon evaluation of the proposed framework, it shows a reduction of 15.8\% to 75.8\% in power consumption across multiple workloads, with little to no performance loss.",False
https://openalex.org/W4319067153,https://doi.org/10.1145/3581576.3581601,2023,Schoonhoven PMBS 2022,Enable Energy Efficient Data Centers,True,No abstract available.,False
https://openalex.org/W3006142929,https://doi.org/10.1109/tc.2020.2973150,2020,Guerreiro HPCA 2018,Enabling Energy-Efficient and Reliable Neural Network via Neuron-Level Voltage Scaling,True,"With the platforms of running deep neural networks (DNNs) move from large-scale data centers to handheld devices, power emerge as one of the most significant obstacles. Voltage scaling is a promising technique that enables power saving. Nevertheless, it raises reliability and performance concerns that may undesirably deteriorate NNs accuracy and performance. Consequently, an energy-efficient and reliable scheme is required for NNs to balance the above three aspects with satisfied user experience. To this end, we propose a neuron-level voltage scaling framework called NN-APP to model the impact of supply voltages on NNs from output accuracy (A), power (P), and performance (P) perspectives. We analyze the error propagation characteristics in NNs at both inter- and intra-network layers to precisely model the impact of voltage scaling on the final output accuracy at neuron-level. Furthermore, we combine a voltage clustering method and the multi-objective optimization to identify the optimal voltage islands and apply the same voltage to neurons with similar fault tolerance capability. We perform three case studies to demonstrate the efficacy of the proposed techniques.",True
https://openalex.org/W7162455149,https://doi.org/10.1109/ispass69572.2026.00049,2026,Guerreiro HPCA 2018,EnergAIzer: Fast and Accurate GPU Power Estimation Framework for AI Workloads,True,"As AI workloads drive increases in datacenter power consumption, accurate GPU power estimation is critical for proactive power management. However, existing power models face a scalability bottleneck not in the modeling techniques themselves, but in obtaining the hardware utilization inputs they require. Conventional approaches rely on either costly simulation or hardware profiling, which makes them impractical when rapid predictions are required. This work presents EnergAIzer, which addresses this scalability bottleneck by developing a lightweight solution to predict utilization inputs, reducing the estimation walltime from hours to seconds. Our key insight is that kernels in AI workloads commonly employ optimizations that create structured patterns, which analytically determine memory traffic and execution timeline. We construct a performance model using these patterns as an analytical scaffold for empirical data fitting, which also naturally exposes module-level utilization. This predicted utilization is then fed into our power model to estimate dynamic power consumption. EnergAIzer achieves $8 \%$ power errors on NVIDIA Ampere GPUs, competitive with traditional power models with elaborate cycle-level simulation or hardware profiling. We demonstrate EnergAIzer’s exploration capabilities for frequency scaling and architectural configurations, including forecasting the power of NVIDIA H100 with just $7 \%$ error. In summary, EnergAIzer provides fast and accurate power prediction for AI workloads, paving the way for power-aware design explorations.",True
https://openalex.org/W7127594773,https://doi.org/10.1109/cicn67655.2025.11368005,2025,Schoonhoven PMBS 2022,Energy Aware GPU Kernel Optimization: a Hierarchical Approach,True,"Graphics Processing Units are crucial for High Performance Computing, but their constantly increasing energy use makes sustainability a problem that is often ignored by traditional performance optimization. This leaves a substantial gap in understanding about the trade-offs between performance and energy. This work presents a structured framework for energy-aware CUDA kernel optimization, incorporating performance, power, and thermal analysis via a six-level hierarchical process and concurrent real-time monitoring, essential for understanding genuine performance-energy efficiency. This framework employs a six-level hierarchical optimization taxonomy, progressing from a naive global memory access baseline to advanced multi-technique integration, including memory coalescing, shared memory tiling, occupancy optimization, and register blocking. This allows precise measurement of each technique's contribution. Real-time energy use is tracked with NVIDIA's Management Library, alongside GFLOPS performance and thermal data to evaluate speed-power trade-offs. Using Dense Matrix-Matrix Multiplication as the test workload, experiments on NVIDIA Tesla V100 and T4 GPUs showed significant gains. Occupancy optimization proves to be the most effective strategy, delivering a 110.9 % performance improvement on the Tesla V100 and a 57.8 % speedup on the Tesla T4. These gains are achieved while maintaining power consumption levels comparable to other runs. This work provides quantitative evidence that targeted optimizations can dramatically improve throughput without a corresponding energy penalty, offering clear principles for energy-efficient software development.",True
https://openalex.org/W4410887139,https://doi.org/10.1109/isqed65160.2025.11014389,2025,Guerreiro HPCA 2018,Energy-Aware DNN Task Scheduling with Dynamic Batching and Frequency Adjustment,True,"This work presents an energy-aware scheduling algorithm for deep neural network (DNN) inference tasks under energy, memory, and deadline constraints. By leveraging a precomputed lookup table (LUT) of performance metrics, the scheduler dynamically optimizes batch sizes, selectively applies concurrency, and adjusts GPU frequency as a last resort. The proposed approach maximizes batch sizes up to an empirically determined threshold and executes tasks concurrently when task deadlines permit and memory constraints allow. GPU frequency scaling is applied only when neither batch size optimization nor concurrency can ensure deadline compliance. Experiments on CIFAR-10 and CIFAR-100 demonstrate the scheduler's ability to meet deadlines while minimizing energy consumption.",True
https://openalex.org/W4285263159,https://doi.org/10.1109/tpds.2022.3181096,2022,Guerreiro HPCA 2018; Guerreiro TPDS 2019,Energy-Aware Non-Preemptive Task Scheduling With Deadline Constraint in DVFS-Enabled Heterogeneous Clusters,True,"Energy conservation of large data centers for high performance computing workloads, such as deep learning with Big Data, is of critical significance, where cutting down a few percent of electricity translates into million-dollar savings. This work studies energy conservation on emerging CPU-GPU hybrid clusters through dynamic voltage and frequency scaling (DVFS). We aim at minimizing the total energy consumption of processing a batch of offline tasks or a sequence of real-time tasks under deadline constraints. We derive a fast and accurate analytical model to compute the appropriate voltage/frequency setting for each task, and assign multiple tasks to the cluster with heuristic scheduling algorithms. In particular, our model stresses the nonlinear relationship between task execution time and processor speed for GPU-accelerated applications, for more accurately capturing real-world GPU energy consumption. In performance evaluation driven by real-world power measurement traces, our scheduling algorithm shows comparable energy savings to the theoretical upper bound. With a GPU scaling interval where analytically at most 36% of energy can be saved, we record 33-35% of energy savings. Our results are applicable to energy management on modern heterogeneous clusters.",True
https://openalex.org/W3146617892,https://doi.org/10.48550/arxiv.2104.00486,2021,Guerreiro HPCA 2018,Energy-aware Task Scheduling with Deadline Constraint in DVFS-enabled Heterogeneous Clusters,True,"Energy conservation of large data centers for high-performance computing workloads, such as deep learning with big data, is of critical significance, where cutting down a few percent of electricity translates into million-dollar savings. This work studies energy conservation on emerging CPU-GPU hybrid clusters through dynamic voltage and frequency scaling (DVFS). We aim at minimizing the total energy consumption of processing a batch of offline tasks or a sequence of real-time tasks under deadline constraints. We derive a fast and accurate analytical model to compute the appropriate voltage/frequency setting for each task and assign multiple tasks to the cluster with heuristic scheduling algorithms. In particular, our model stresses the nonlinear relationship between task execution time and processor speed for GPU-accelerated applications, for more accurately capturing real-world GPU energy consumption. In performance evaluation driven by real-world power measurement traces, our scheduling algorithm shows comparable energy savings to the theoretical upper bound. With a GPU scaling interval where analytically at most 36% of energy can be saved, we record 33-35% of energy savings. Our results are applicable to energy management on modern heterogeneous clusters.",True
https://openalex.org/W4392265917,https://doi.org/10.1109/cgo57630.2024.10444795,2024,Guerreiro HPCA 2018,Energy-Aware Tile Size Selection for Affine Programs on GPUs,True,"Loop tiling is a high-order transformation used to increase data locality and performance. While previous work has considered its application to several domains and architectures, its potential impact on energy efficiency has been largely ignored. In this work, we present an Energy-Aware Tile Size Selection Scheme (EATSS) for affine programs targeting GPUs. We automatically derive non-linear integer formulations for affine programs and use the Z3 solver to find effective tile sizes that meet architectural resource constraints, while maximizing performance and minimizing energy consumption. Our approach builds on the insight that reducing the liveness of in-cache data, together with exploiting automatic power scaling, can lead to substantial gains in performance and energy efficiency. We evaluate EATSS on NVIDIA Xavier and GA100 GPUs, and report median performance-per-Watt improvement relative to PPCG on several affine kernels. On Polybench kernels, we achieve 1.5 × and 1.2 × improvement and obtain up to 6.3 × improvement on non-Polybench high-dimensional affine kernels.",False
https://openalex.org/W4411800324,https://doi.org/10.1109/ccgrid64434.2025.00035,2025,Schoonhoven PMBS 2022,Evaluating Energy Efficiency of Ai Accelerators Using Two Mlperf Benchmarks,True,"The significantly increasing use of artificial intelligence (AI) has led to the availability of specialized AI accelerators, aiming to enhance the performance and energy efficiency of AI workloads. In this paper, we conduct an initial study to evaluate the energy requirements of four AI accelerators: Nvidia A100 GPUs, Intel Habana Gaudi Processing Units (HPUs), Graphcore Bow-Pod64 Intelligence Processing Units (IPUs), and GroqRack Language Processing Units (LPUs) using two popular MLPerf benchmarks: BERT-Large and ResNet50. We report the energy requirements for the two benchmarks to achieve a common MLPerfspecified target accuracy. The benchmarks and AI accelerators were chosen based on the following criteria: publicly available tools or libraries from the vendors to monitor power consumption, publicly available optimized models from the vendors, and access to the AI accelerators. Our experimental results indicate that for ResNet50, Intel Gaudi2 HPUs delivered the highest throughput, the lowest energy consumption for both training and inference, and the highest inference energy efficiency, while Graphcore demonstrated the highest training energy efficiency. For BERTLarge pre-training, Intel Gaudi2 outperformed both Nvidia A100 and Graphcore in terms of time, energy consumption, and training energy efficiency. However, for BERT-Large inference, Nvidia A100 achieved the shortest time and lowest energy consumption; Graphcore exhibited the highest throughput in both pre-training and inference, along with the highest inference energy efficiency. We discuss our observations and findings while exploring the associated tradeoffs.",True
https://openalex.org/W4416557589,https://doi.org/10.1007/978-3-032-07612-0_19,2025,Schoonhoven PMBS 2022,Experience on Clock Rate Adjustment for Energy-Efficient GPU-Accelerated Real-World Codes,False,,False
https://openalex.org/W3094355710,https://doi.org/10.1109/sbac-pad49847.2020.00012,2020,Guerreiro HPCA 2018; Guerreiro TPDS 2019,Exploiting Non-conventional DVFS on GPUs: Application to Deep Learning,True,"The use of Graphics Processing Units (GPUs) to accelerate Deep Neural Networks (DNNs) training and inference is already widely adopted, allowing for a significant increase in the performance of these applications. However, this increase in performance comes at the cost of a consequent increase in energy consumption. While several solutions have been proposed to perform Voltage-Frequency (V-F) scaling on GPUs, these are still one-dimensional, by simply adjusting frequency while relying on default voltage settings. To overcome this, this paper introduces a methodology to fully characterize the impact of non-conventional Dynamic Voltage and Frequency Scaling (DVFS) in GPUs. The proposed approach was applied to an AMD Vega 10 Frontier Edition GPU. When applying this non-conventional DVFS scheme to DNNs, the obtained results show that it is possible to safely decrease the GPU voltage, allowing for a significant reduction of the energy consumption (up to 38%) and the Energy-Delay Product (EDP) (up to 41%) on the training of CNN models, with no degradation of the networks accuracy.",True
https://openalex.org/W4411800412,https://doi.org/10.23919/irs64527.2025.11046049,2025,Schoonhoven PMBS 2022,Fast and Energy Efficient Image Formation of SAR Satellite Data using Embedded GPUs,True,"This paper explores the feasibility of GPU accelerated near real-time image formation of spotlight SAR data acquired by small satellites using the backprojection algorithm. By introducing an approximation for the differential range, the task is computable in single precision. We demonstrate how this allows one to incorporate digital elevation models into the image formation process to reduce geometric distortions and enhance the geospatial accuracy of the resulting images. We provide figures for processing speed and energy consumption as tested on a Nvidia Jetson AGX Orin.",False
https://openalex.org/W7162848624,https://doi.org/10.1007/978-3-032-27574-5_19,2026,Schoonhoven PMBS 2022,"Fast and Energy-Efficient Polynomial Multiplication Using FFT, FFNT, and NTT on GPUs for Fully Homomorphic Encryption",False,,False
https://openalex.org/W3116425165,https://doi.org/10.1109/tpds.2020.3045983,2020,Guerreiro HPCA 2018,Fine-grained Powercap Allocation for Power-constrained Systems based on Multi-objective Machine Learning,True,"Power capping is an important solution to keep the system within a fixed power constraint. However, for the over-provisioned and power-constrained systems, especially the future exascale supercomputers, powercap needs to be reasonably allocated according to the workloads of compute nodes to achieve trade-offs among performance, energy and powercap. Thus it is necessary to model performance and energy and to predict the optimal powercap allocation strategies. Existing power allocation approaches have insufficient granularity within nodes. Modeling approaches usually model performance and energy separately, ignoring the correlation between objectives, and do not expose the Pareto-optimal powercap configurations. Therefore, this article combines the powercap with uncore frequency scaling and proposes an approach to predict the Pareto-optimal powercap configurations on the power-constrained system for input MPI and OpenMP parallel applications. Our approach first uses the elaborately designed micro-benchmarks and a small number of existing benchmarks to build the training set, and then applies a multi-objective machine learning algorithm which combines the stacked single-target method with extreme gradient boosting to build multi-objective models of performance and energy. The models can be used to predict the optimal processor and memory powercap settings, helping compute nodes perform fine-grained powercap allocation. When the optimal powercap configuration is determined, the uncore frequency scaling is used to further optimize the energy consumption. Compared with the reference powercap configuration, the predicted optimal configurations predicted by our method can achieve an average powercap reduction of 31.35 percent, an average energy reduction of 12.32 percent, and average performance degradation of only 2.43 percent.",True
https://openalex.org/W7125188380,https://doi.org/10.1145/3744916.3787793,2026,Guerreiro TPDS 2019; Schoonhoven PMBS 2022,FlipFlop: A Static Analysis-based Energy Optimization Framework for GPU Kernels,True,"Artificial Intelligence (AI) applications, such as Large Language Models, are primarily driven and executed by Graphics Processing Units (GPUs). These GPU programs (kernels) consume substantial amounts of energy, yet software developers often lack the hardware expertise and ad hoc knowledge required to optimize for power efficiency. We propose FlipFlop, a framework using static code analysis to predict energy consumption and recommend Pareto-optimal thread block configurations considering both power consumption and execution time. Our framework requires no runtime execution and analyzes PTX code, a low-level instruction set for CUDA-enabled GPUs. It is validated across a diverse set of GPUs and kernels, including multi-head attention, convolution, and matrix multiplication. FlipFlop achieves 83% accuracy in identifying locally optimal energy-efficient configurations, while also minimizing developer effort by reducing the optimization search space by 93.4%. For multi-head attention kernels, it yields up to 79% energy savings and 106% throughput gains relative to NVIDIA’s occupancy heuristic. By integrating static analysis with real-time monitoring and providing explainable optimization guidance, FlipFlop empowers developers to create sustainable, high-performance GPU software which minimizes environmental and computational costs.",True
https://openalex.org/W4414184710,https://doi.org/10.53759/7669/jmc202505176,2025,Schoonhoven PMBS 2022,FPGA-Based Image Compression for Wireless Communication Networks Using - CRAN Architecture,True,"This work introduces a Field Programmable Gate Array (FPGA) based image compression method utilizing Huffman coding (FICH) to enhance the efficiency of wireless networks, particularly within the Cloud-based Radio-Access-Network (C-RAN) architecture. The FICH method addresses image compression challenges in C-RAN, offering faster compression and decompression times compared to existing FPGA approaches. The findings include significant improvements in Bit-Error-Rate (BER), Symbol-Error-Rate (SER), and Error-Vector Magnitude (EVM), with average BER, SER, and EVM improvements of 37.85%, 24.64%, and 24.56% for fewer RRHs, and 96.10%, 91.13%, and 48.72% for more RRHs, respectively. Additionally, the FICH method demonstrated reduced encoding and decoding times, averaging 0.0545 seconds versus 0.0853 seconds when compared with existing approach. The approach also ensures robust and scalable compression, optimizing resource utilization with FPGA-based hardware acceleration. These advancements support the growing data demands of modern wireless networks.",False
https://openalex.org/W4392410865,https://doi.org/10.1109/cscn60443.2023.10453214,2023,Mendes JPDC 2022,FROST: Towards Energy-efficient AI-on-5G Platforms – A GPU Power Capping Evaluation,True,"The Open Radio Access Network (O-RAN) is a burgeoning market with projected growth in the upcoming years. RAN has the highest CAPEX impact on the network and, most importantly, consumes 73% of its total energy. That makes it an ideal target for optimisation through the integration of Machine Learning (ML). However, the energy consumption of ML is frequently overlooked in such ecosystems. Our work addresses this critical aspect by presenting FROST – Flexible Reconfiguration method with Online System Tuning – a solution for energy-aware ML pipelines that adhere to O-RAN’s specifications and principles. FROST is capable of profiling the energy consumption of an ML pipeline and optimising the hardware accordingly, thereby limiting the power draw. Our findings indicate that FROST can achieve energy savings of up to 26.4% without compromising the model’s accuracy or introducing significant time delays.",True
https://openalex.org/W3007777112,https://doi.org/10.1145/3366428.3380767,2020,Guerreiro HPCA 2018,GPGPU performance estimation for frequency scaling using cross-benchmarking,True,"Dynamic Voltage and Frequency Scaling (D VFS) on General-Purpose Graphics Processing Units (GPGPUs) is now becoming one of the most significant techniques to balance computational performance and energy consumption. However, there are still few fast and accurate models for predicting GPU kernel execution time under different core and memory frequency settings, which is important to determine the best frequency configuration for energy saving. Accordingly, a novel GPGPU performance estimation model with both core and memory frequency scaling is herein proposed. We design a cross-benchmarking suite, which simulates kernels with a wide range of instruction distributions. The synthetic kernels generated by this suite can be used for model pre-training or as supplementary training samples. Then we apply two different machine learning algorithms, Support Vector Regression (SVR) and Gradient Boosting Decision Tree (GBDT), to study the correlation between kernel performance counters and kernel performance. The models trained only with our cross-benchmarking suite achieve satisfying accuracy (16%~22% mean absolute error) on 24 unseen real application kernels. Validated on three modern GPUs with a wide frequency scaling range, by using a collection of 24 real application kernels, the proposed model is able to achieve accurate results (5.1%, 2.8%, 6.5% mean absolute error) for the target GPUs (GTX 980, Titan X Pascal and Tesla P100).",True
https://openalex.org/W3037110041,https://doi.org/10.1109/tpds.2020.3004623,2020,Guerreiro HPCA 2018,GPGPU Performance Estimation With Core and Memory Frequency Scaling,True,"Contemporary graphics processing units (GPUs) support dynamic voltage and frequency scaling to balance computational performance and energy consumption. However, accurate and straightforward performance estimation for a given GPU kernel under different frequency settings is still lacking for real hardware, which is essential to determine the best frequency configuration for energy saving. In this article, we reveal a fine-grained analytical model to estimate the execution time of GPU kernels with both core and memory frequency scaling. Compared to the cycle-level simulators, which are too slow to apply on real hardware, our model only needs simple and one-off micro-benchmarks to extract a set of hardware parameters and kernel performance counters without any source code analysis. Our experimental results show that the proposed performance model can capture the kernel performance scaling behaviors under different frequency settings and achieve decent accuracy (average errors of 3.85, 8.6, 8.82, and 8.83 percent on a set of 20 GPU kernels with four modern Nvidia GPUs).",True
https://openalex.org/W2963926583,https://doi.org/10.1109/padsw.2018.8645000,2018,Guerreiro HPCA 2018,GPGPU Performance Estimation with Core and Memory Frequency Scaling,True,"Graphics processing units (GPUs) support dynamic voltage and frequency scaling to balance computational performance and energy consumption. However, simple and accurate performance estimation for a given GPU kernel under different frequency settings is still lacking for real hardware, which is important to decide the best frequency configuration for energy saving. We reveal a fine-grained analytical model to estimate the execution time of GPU kernels with both core and memory frequency scaling. Over a 2 x range of both core and memory frequencies among 20 GPU kernels, our model achieves accurate results (4.83 % error on average) with real hardware. Compared to the cycle-level simulators, our model only needs simple micro-benchmarks to extract a set of hardware parameters and kernel performance counters to produce such high accuracy without kernel source analysis.",True
https://openalex.org/W2582319559,https://doi.org/10.48550/arxiv.1701.05308,2017,Guerreiro HPCA 2018,GPGPU Performance Estimation with Core and Memory Frequency Scaling,True,"Graphics Processing Units (GPUs) support dynamic voltage and frequency scaling (DVFS) in order to balance computational performance and energy consumption. However, there still lacks simple and accurate performance estimation of a given GPU kernel under different frequency settings on real hardware, which is important to decide best frequency configuration for energy saving. This paper reveals a fine-grained model to estimate the execution time of GPU kernels with both core and memory frequency scaling. Over a 2.5x range of both core and memory frequencies among 12 GPU kernels, our model achieves accurate results (within 3.5\%) on real hardware. Compared with the cycle-level simulators, our model only needs some simple micro-benchmark to extract a set of hardware parameters and performance counters of the kernels to produce this high accuracy.",True
https://openalex.org/W2984189761,https://doi.org/10.1109/access.2019.2951218,2019,Guerreiro HPCA 2018; Guerreiro TPDS 2019,GPU Static Modeling Using PTX and Deep Structured Learning,True,"In the quest for exascale computing, energy-efficiency is a fundamental goal in high-performance computing systems, typically achieved via dynamic voltage and frequency scaling (DVFS). However, this type of mechanism relies on having accurate methods of predicting the performance and power/energy consumption of such systems. Unlike previous works in the literature, this research focuses on creating novel GPU predictive models that do not require run-time information from the applications. The proposed models, implemented using recurrent neural networks, take into account the sequence of GPU assembly instructions (PTX) and can accurately predict changes in the execution time, power and energy consumption of applications when the frequencies of different GPU domains (core and memory) are scaled. Validated with 24 applications on GPUs from different NVIDIA microarchitectures (Turing, Volta, Pascal and Maxwell), the proposed models attain a significant accuracy. Particularly, the obtained power consumption scaling model provides an average error rate of 7.9% (Tesla T4), 6.7% (Titan V), 5.9% (Titan Xp) and 5.4% (GTX Titan X), which is comparable to state-of-the-art run-time counter-based models. When using the models to select the minimum-energy frequency configuration, significant energy savings can be attained: 8.0% (Tesla T4), 6.0% (Titan V), 29.0% (Titan Xp) and 11.5% (GTX Titan X).",True
https://openalex.org/W4403390367,https://doi.org/10.1109/tpds.2024.3470074,2024,Guerreiro HPCA 2018,GreenFlow: A Carbon-Efficient Scheduler for Deep Learning Workloads,True,"Deep learning (DL) has become a key component of modern software. Training DL models leads to huge carbon emissions. In data centers, it is important to reduce carbon emissions while completing DL training jobs early. In this article, we propose GreenFlow, a GPU cluster scheduler that reduces the average Job Completion Time (JCT) under a carbon emission budget. We first present performance models for DL training jobs to predict the throughput and energy consumption performance under different configurations. Based on the performance models and the carbon intensity of the grid, GreenFlow dynamically allocates GPUs, and adjusts the GPU-level and job-level configurations of DL training jobs. GreenFlow applies network packing and buddy allocation to job placement, thus avoiding extra carbon incurred by resource fragmentations. Evaluations on a real testbed show that when emitting the same amount of carbon, GreenFlow can improve the average JCT by up to 2.15×, compared to competitive baselines.",False
https://openalex.org/W4321178867,https://doi.org/10.1145/3583590,2023,Guerreiro TPDS 2019,GreenMD: Energy-efficient Matrix Decomposition on Heterogeneous Multi-GPU Systems,True,"The current trend of performance growth in HPC systems is accompanied by a massive increase in energy consumption. In this article, we introduce GreenMD, an energy-efficient framework for heterogeneous systems for LU factorization utilizing multi-GPUs. LU factorization is a crucial kernel from the MAGMA library, which is highly optimized. Our aim is to apply DVFS to this application by leveraging slacks intelligently on both CPUs and multiple GPUs. To predict the slack times, accurate performance models are developed separately for both CPUs and GPUs based on the algorithmic knowledge and manufacturer’s specifications. Since DVFS does not reduce static energy consumption, we also develop undervolting techniques for both CPUs and GPUs. Reducing voltage below threshold values may give rise to errors; hence, we extract the minimum safe voltages ( V safeMin ) for the CPUs and GPUs utilizing a low overhead profiling phase and apply them before execution. It is shown that GreenMD improves the CPU, GPU, and total energy about 59%, 21%, and 31%, respectively, while delivering similar performance to the state-of-the-art linear algebra MAGMA library.",True
https://openalex.org/W4393591574,https://doi.org/10.1109/hpca57654.2024.00087,2024,Guerreiro HPCA 2018; Guerreiro TPDS 2019,Guser: A GPGPU Power Stressmark Generator,True,"Power stress mark is crucial for estimating Thermal Design Power (TDP) of GPGPUs to ensure efficient power control. This paper proposes Guser, the first systematic methodology to generate GPGPU power stressmarks. It features three ideas: Instruction Power Analysis (IPA) to analyze the power behavior of PTX instructions; Pipeline-based Instruction Grouping (PIG) to classify all PTX instructions into a number of groups; and Quantifying the Importance of power impact factors (QIF) to select a small number but important adjustable knobs. We adopt Optuna, an advanced BO algorithm, to generate stressmarks that maximize power consumption. We evaluate Guser on two real GPGPUs Tesla T4 (Turing) and Tesla A10 (Ampere). The experimental results show that the Guser-generated stressmark for T4 (T4-stresser) consumes 109.3 watts and the one for A10 (A10-stresser) consumes 238.7 watts, which are 48.7% and 73% higher than those consumed by the stressmarks generated by the state-of-the-art approach for CPUs, respectively. Moreover, T4-stresser and A10-stresser consume significantly more power than that consumed by any benchmarks in three benchmark suites: Cactus, Rodinia, and Parboil.",False
https://openalex.org/W2910382159,https://doi.org/10.48550/arxiv.1901.06331,2019,Guerreiro HPCA 2018,Heterogeneous FPGA+GPU Embedded Systems: Challenges and Opportunities,True,"The edge computing paradigm has emerged to handle cloud computing issues such as scalability, security and low response time among others. This new computing trend heavily relies on ubiquitous embedded systems on the edge. Performance and energy consumption are two main factors that should be considered during the design of such systems. Focusing on performance and energy consumption, this paper studies the opportunities and challenges that a heterogeneous embedded system consisting of embedded FPGAs and GPUs (as accelerators) can provide for applications. We study three design, modeling and scheduling challenges throughout the paper. We also propose three techniques to cope with these three challenges. Applying the proposed techniques to three applications including image histogram, dense matrix-vector multiplication and sparse matrix-vector multiplications show 1.79x and 2.29x improvements in performance and energy consumption, respectively, when both FPGA and GPU execute the corresponding application in parallel.",False
https://openalex.org/W7166310982,https://doi.org/10.1145/3801487.3801822,2026,Schoonhoven PMBS 2022,How Much Energy Is Wasted in LLM operations? Evidence from Kernel-Level DVFS,True,"The rapid growth of AI has fueled the expansion of accelerator- or GPU-based data centers. However, the rising operational energy consumption has emerged as a critical bottleneck and a major sustainability concern. Dynamic Voltage and Frequency Scaling (DVFS) is a well-known technique used to reduce energy consumption, and thus improve energy-efficiency, since it requires little effort and works with existing hardware. Reducing the energy consumption of training and inference of Large Language Models (LLMs) through DVFS or power capping is feasible: related work has shown energy savings can be significant, but at the cost of significant slowdowns.",True
https://openalex.org/W4406163893,https://doi.org/10.1109/scw63240.2024.00228,2024,Guerreiro HPCA 2018,hws: A Tool for Monitoring Hardware Metrics Across Diverse Vendors: A Case Study on Hyperparameter Optimization Algorithms,True,"Due to modern hardware’s constantly growing energy demands, it is important to consider energy efficiency and power consumption. Especially in the age of AI, where a massive amount of computational power is necessary, energy consumption and the costs involved can become a significant problem. However, gathering this power information in a vendor-independent and portable way is far from trivial.Therefore, we propose hws, a hardware sampling library for Python and C++, which makes it extremely easy to gather hardware information like the current power draw or total power consumption, as well as other metrics like clock frequencies, memory consumption, or utilizations, for CPUs and GPUs from NVIDIA, AMD, and Intel. In a case study, we use our library to analyze three common hyperparameter optimization algorithms for two Neural Network architectures and one GPU-accelerated SVM implementation.",True
https://openalex.org/W4404482212,https://doi.org/10.1109/tc.2024.3500382,2024,Guerreiro TPDS 2019,Improving Efficiency in Multi-Modal Autonomous Embedded Systems Through Adaptive Gating,True,"The parallel advancement of AI and IoT technologies has recently boosted the development of multi-modal computing ($M^{2}C$) on pervasive autonomous embedded systems (AES).$M^{2}C$takes advantage of data from different modalities such as images, audio, and text and is able to achieve notable improvements in accuracy. However, achieving these accuracy gains often comes at the cost of increased computational complexity and energy consumption. Furthermore, the presence of numerous advanced sensors in these systems significantly contributes to power consumption, exacerbating the issue of limited power resources. Collectively, these challenges pose difficulties in deploying$M^{2}C$on small embedded devices with scarce energy resources. In this article, we propose anAdaptiveModalityGating technique calledAMGfor in-situ$M^{2}C$applications. The primary objective ofAMGis to conserve energy while preserving the accuracy advantages of$M^{2}C$. To achieve this goal,AMGincorporates two first-of-its-kind designs. Firstly, it introduces a novel semi-gating architecture that enables partial modality sensor power gating. Specifically, we devise the de-centralizedAMG(D-AMG) and centralizedAMG(C-AMG) architecture. The former buffers raw data on sensors while the latter buffers raw data on the computing board, which are suitable for different edge scenarios respectively. Secondly, it facilitates a self-initialization/tuning process on the AES, which is supported by carefully-built analytical model. Extensive evaluations demonstrate the effectiveness ofAMG. It achieves a 1.6x to 3.8x throughput higher than other power management methods and improves the lifespan of AES by 10% to 280% longer within the same energy budget, while satisfying all performance and latency requirements across various scenarios.",False
https://openalex.org/W4394923310,https://doi.org/10.1145/3627703.3629584,2024,Guerreiro TPDS 2019; Mendes JPDC 2022,Improving GPU Energy Efficiency through an Application-transparent Frequency Scaling Policy with Performance Assurance,True,"Power consumption is one of the top limiting factors in high-performance computing systems and data centers, and dynamic voltage and frequency scaling (DVFS) is an important mechanism to control power. Existing works using DVFS to improve GPU energy efficiency suffer from the limitation that their policies either impact performance too much or require offline application profiling or code modification, which severely limits their applicability on large clusters. To address this issue, we propose a novel GPU DVFS policy, GEEPAFS, which improves the energy efficiency of GPUs while providing performance assurance. GEEPAFS is application-transparent as it does not require any offline profiling or code modification on user applications. To achieve this, GEEPAFS models application performance online based on our quantitative analysis of a correlation between performance and GPU memory bandwidth utilization. Based on their relationship, GEEPAFS builds a fold-line frequency-performance model for applications being executed, and it applies the model to guide the setting of GPU frequency to maximize energy efficiency while ensuring the performance loss is bounded. Through experiments on NVIDIA V100 and A100 GPUs, we show that GEEPAFS is able to improve the energy efficiency by 26.7% and 20.2% on average. While achieving this improvement, the average performance loss is only 5.8%, and the worst-case performance loss is 12.5% among all 33 tested applications.",True
https://openalex.org/W7143442288,https://doi.org/10.1007/978-981-95-8411-6_36,2026,Guerreiro TPDS 2019,Improving the Energy Efficiency of AI Clusters Through Variability-Aware Frequency Scaling and Task Allocation,False,,False
https://openalex.org/W3043154389,https://doi.org/10.1109/ccgrid49817.2020.00-37,2020,Guerreiro HPCA 2018,Indicator-Directed Dynamic Power Management for Iterative Workloads on GPU-Accelerated Systems,True,"Modern high-performance and warehouse computing centers show strong interest in minimizing system power consumption while satisfying customer requested quality of service (QoS). Dynamic voltage and frequency scaling (DVFS) is effective for achieving this goal. Nevertheless, automating the process online is challenging due to the great complexity - today's hardware components (e.g., CPUs, GPUs, memory, network, etc.) can be configured in several or dozens of frequency/voltage states for satisfying divergent system demands. Given their combination and the emergence of heterogeneity, searching the optimal configuration in the design space online can be time consuming. Existing work relies on detailed knowledge of workloads, either obtained from extensive offline profiling or intrusive code transformation for fine-grain profiling, unable to transparently support unknown workloads. This work bridges the gap and targets GPU-accelerated systems and applications. We focus on applications exhibiting an interesting feature - iterative or periodic, which is common among conventional HPC and emerging machine learning workloads. We propose an online dynamic power-performance (ODPP) management framework. ODPP runs on the host and dynamically adjusts GPU DVFS configurations to meet performance and power objectives without any code annotation or modification. Particularly, ODPP extracts the performance and power indicators for applications from easily obtained GPU resource utilization profiles in a short episode. The extraction method uses Fourier Transform and incurs minimal cost. ODPP further automatically constructs an accurate model that infers from the indicators how the application's performance and power vary with GPU core and memory frequencies. Aided with the model, for both seen and unseen applications, ODPP can quickly determine the most appropriate DVFS configuration for their execution. We evaluate ODPP on an NVIDIA GPU using multiple exascale computing (ECP) and deep learning applications. Evaluation results show that ODPP can improve energy efficiency by over 30% under different QoS and improve performance by more than 8% under different power bounds.",True
https://openalex.org/W4416203789,https://doi.org/10.1145/3712285.3759879,2025,Guerreiro HPCA 2018,Minimizing Power Waste in Heterogenous Computing via Adaptive Uncore Scaling,True,"High-performance computing (HPC) systems are essential for scientific discovery and engineering innovation. However, their growing power demands pose significant challenges, particularly as systems scale to the exascale level. Prior uncore frequency tuning studies have primarily focused on conventional HPC workloads running on CPU-only systems. As HPC advances toward heterogeneous computing, integrating diverse GPU workloads on heterogeneous CPU-GPU systems, it becomes imperative to revisit and enhance uncore scaling. Our investigation reveals that uncore frequency scales down only when CPU power approaches its thermal design power (TDP), which is rare in GPU-dominant applications. As a result, modern computing systems experience unnecessary power waste. In this study, we present MAGUS, a user-transparent uncore frequency scaling runtime for heterogeneous computing. MAGUS dynamically adjusts uncore frequencies according to distinct application execution phases, effectively minimizing power waste caused by consistently using maximum uncore frequencies. Our design incorporates several key techniques, including real-time monitoring and prediction of memory accesses, intelligent handling of frequent phase transitions, and leveraging vendor-provided power management features. We evaluate MAGUS with various GPU benchmarks and applications on multiple heterogeneous systems with different CPU and GPU architectures. Experimental results demonstrate that MAGUS achieves up to 27% energy savings compared to the default settings, while maintaining a performance loss of less than 5% and an overhead of under 1%.",True
https://openalex.org/W4229443721,https://doi.org/10.1109/ddecs54261.2022.9770153,2022,Guerreiro TPDS 2019,ML-based Power Estimation of Convolutional Neural Networks on GPGPUs,True,"The increasing application of Machine Learning (ML) techniques on the Internet of Things (IoTs) has led to the leverage of ML accelerators like General Purpose Computing on Graphics Processing Units (GPGPUs) in such devices. However, selecting the most appropriate accelerator for IoT devices is very challenging as they commonly have tight constraints e.g., low power consumption, latency, and cost of the final product. Hence, the design of such application-specific IoT devices becomes a time-consuming and effort-hungry process, that poses the need for accurate and effective automated assisting methods.In this paper, we present a novel approach to estimate the power consumption of CUDA-based Convolutional Neural Networks (CNNs) on GPGPUs in the early design phases. The proposed approach takes advantage of a hybrid technique where static analysis is used for features extraction and the K-Nearest Neighbor (K-NN) regression analysis is utilized for power estimation model generation. Using K-NN analysis, the power estimation model can even be created with small training datasets. Experimental results demonstrate that the proposed approach is able to predict CNNs power consumption up to a Absolute Percentage Error of 0.0003% in comparison to the real hardware.",False
https://openalex.org/W4386703510,https://doi.org/10.1109/tsusc.2023.3314916,2023,Guerreiro HPCA 2018; Guerreiro TPDS 2019,Model-Free GPU Online Energy Optimization,True,"GPUs play a central and indispensable role as accelerators in modern high-performance computing (HPC) platforms, enabling a wide range of tasks to be performed efficiently. However, the use of GPUs also results in significant energy consumption and carbon dioxide (CO2) emissions. This article presents MF-GPOEO, a model-free GPU online energy efficiency optimization framework. MF-GPOEO leverages a synthetic performance index and a PID controller to dynamically determine the optimal clock frequency configuration for GPUs. It profiles GPU kernel activity information under different frequency configurations and then compares GPU kernel execution time and gap duration between kernels to derive the synthetic performance index. With the performance index and measured average power, MF-GPOEO can use the PID controller to try different frequency configurations and find the optimal frequency configuration under the guidance of user-defined objective functions. We evaluate the MF-GPOEO by running it with 74 applications on an NVIDIA RTX3080Ti GPU. MF-GPOEO delivers a mean energy saving of 26.2% with a slight average execution time increase of 3.4% compared with NVIDIA's default clock scheduling strategy.",True
https://openalex.org/W2945969444,https://doi.org/10.1109/tpds.2019.2917181,2019,Guerreiro HPCA 2018,Modeling and Decoupling the GPU Power Consumption for Cross-Domain DVFS,True,"Dynamic voltage and frequency scaling (DVFS) is a popular technique to improve the energy-efficiency of high-performance computing systems. It allows placing the devices into lower performance states when the computational demands are lower, opening the possibility for significant power/energy savings. This work presents a GPU power consumption model, used to predict the GPU power consumption of any application at different frequency levels. To obtain this model, an estimation algorithm is proposed, relying on careful benchmarking of the GPU architecture. The model can estimate the contribution of twelve different GPU components (FP32-ADD/MUL/FMA, FP64-ADD/MUL/FMA, INT, SF, CF units, shared memory, L2-cache, and DRAM) to the GPU power consumption. Different model use cases are evaluated (fixed-frequency, DVFS, and scaling-factors), which can obtain both the total or the per-component GPU power consumption. A technique to export models to a distinct GPU from the one it was estimated on is also proposed. These approaches were extensively validated on five different GPUs from the three most recent microarchitectures with a set of 42 standard benchmarks, achieving very accurate predictions. In particular, the scaling-factor power model achieves an average prediction error of 3.5 percent (Titan Xp), 4.6 percent (GTX Titan X), 3.1 percent (GTX 980) and 2.4 percent (Tesla K40c).",True
https://openalex.org/W3033788931,,2020,Guerreiro HPCA 2018,Models and Techniques for Green High-Performance Computing,True,"High-performance computing (HPC) systems have become power limited. For instance, the U.S. Department of Energy set a power envelope of 20MW in 2008 for the first exascale supercomputer now expected to arrive in 2021--22. Toward this end, we seek to improve the greenness of HPC systems by improving their performance per watt at the allocated power budget. In this dissertation, we develop a series of models and techniques to manage power at micro-, meso-, and macro-levels of the system hierarchy, specifically addressing data movement and heterogeneity. We target the chip interconnect at the micro-level, heterogeneous nodes at the meso-level, and a supercomputing cluster at the macro-level. Overall, our goal is to improve the greenness of HPC systems by intelligently managing power. The first part of this dissertation focuses on measurement and modeling problems for power. First, we study how to infer chip-interconnect power by observing the system-wide power consumption. Our proposal is to design a novel micro-benchmarking methodology based on data-movement distance by which we can properly isolate the chip interconnect and measure its power. Next, we study how to develop software power meters to monitor a GPU's power consumption at runtime. Our proposal is to adapt performance counter-based models for their use at runtime via a combination of heuristics, statistical techniques, and application-specific knowledge. In the second part of this dissertation, we focus on managing power. First, we propose to reduce the chip-interconnect power by proactively managing its dynamic voltage and frequency (DVFS) state. Toward this end, we develop a novel phase predictor that uses approximate pattern matching to forecast future requirements and in turn, proactively manage power. Second, we study the problem of applying a power cap to a heterogeneous node. Our proposal proactively manages the GPU power using phase prediction and a DVFS power model but reactively manages the CPU. The resulting hybrid approach can take advantage of the differences in the capabilities of the two devices. Third, we study how in-situ techniques can be applied to improve the greenness of HPC clusters. Overall, in our dissertation, we demonstrate that it is possible to infer power consumption of real hardware components without directly measuring them, using the chip interconnect and GPU as examples. We also demonstrate that it is possible to build models of sufficient accuracy and apply them for intelligently managing power at many levels of the system hierarchy.",True
https://openalex.org/W4413109816,https://doi.org/10.1109/tcad.2025.3597236,2025,Mendes JPDC 2022,MultiLens: A Multiobjective Adaptive DVFS Framework for Energy-Efficient DNN Inference,True,"To tackle power management challenges in deep neural networks (DNNs), dynamic voltage and frequency scaling (DVFS) has gained attention for its ability to enhance energy efficiency without modifying DNN structures. However, current DVFS methods, which rely on historical data such as processor utilization and task load, suffer from issues like frequency ping-pong, response lag, and limited generalizability. These challenges are exacerbated by real-world scenarios that prioritize time, energy, or energy efficiency differently, making it even harder for existing methods to effectively configure DVFS under such multi-objective constraints or trade-offs. This paper presents MultiLens, a multi-objective adaptive DVFS framework. First, we propose a power-sensitive feature extraction method along with multi-objective constraint modeling to characterize DNN inference behavior. Second, critical power blocks are then identified through clustering based on inference behavior similarity, enabling adaptive DVFS instrumentation point settings. Moreover, to enhance the adaptability of multiple platforms and the flexibility of multiple scenarios, MultiLens integrates a complete deployment process. Experimental results demonstrate the effectiveness of the MultiLens in optimizing energy efficiency across different hardware platforms and deployment scenarios.",True
https://openalex.org/W4410322035,https://doi.org/10.1145/3725798.3725799,2025,Schoonhoven PMBS 2022,Optimizing Auto-tuning of OpenMP Offload kernels for performance and power,True,"Auto-tuning frameworks for GPGPU kernels typically focus on minimizing runtime by adjusting easily-accessible parameters such as kernel size.However, they often converge to suboptimal configurations due to limited visibility into the broader performance landscape.In this work, we augment the auto-tuning process by incorporating energy-aware profiling data -including memory load/store intensity, warp occupancy, and branch efficiency -into the optimization loop.We target energy (E), energy-delay product (EDP), and energy-delay-squared product (ED2P) as tuning objectives, and demonstrate that our context-enriched framework consistently identifies kernel configurations that are both faster and more energy-efficient.Our evaluation shows that different kernels exhibit varying sensitivity to these objectives, and that profiling metrics can serve as effective predictors of which tuning targets are likely to yield performance gains.By integrating these metrics as optimization objectives, we enable more informed and robust kernel tuning across diverse workloads.",True
https://openalex.org/W4399346857,https://doi.org/10.1145/3626183.3659981,2024,Guerreiro HPCA 2018; Guerreiro TPDS 2019,PC-oriented Prediction-based Runtime Power Management for GPGPU using Knowledge Transfer,True,"As Moore's law slows down, computing systems must prioritize higher energy efficiency to sustain performance scaling. GPUs have emerged as the primary workhorses of computing resources, making the achievement of high energy efficiency in GPUs a critical concern. However, implementing runtime power management on GPUs poses significant challenges due to the high variations and complexities arising from workloads and hardware configurations, which render offline optimization and reactive-based methods less effective. In this paper, we present a program counter (PC)-oriented prediction-based power management approach for GPGPUs. Our approach leverages the benefits of prediction to address online variations while enhancing prediction capability through knowledge transfer across different levels of resources. Experiments conducted on realistic applications demonstrate that our proposed method achieves the maximum energy savings under a user-defined performance constraint compared to state-of-the-art designs.",True
https://openalex.org/W4386707690,https://doi.org/10.1145/3605573.3605600,2023,Guerreiro TPDS 2019,Performance-Aware Energy-Efficient GPU Frequency Selection using DNN-based Models,True,"Energy efficiency will be important in future accelerator-based HPC systems for sustainability and to improve overall performance. This study proposes a deep neural network (DNN)-based learning model for execution time and power consumption of workloads across GPUs DVFS design space. Micro-architectural data obtained by running SPEC-ACCEL, DGEMM, and STREAM benchmarks are used for model training. These features are consistent for a workload unaffected by frequency and input size reducing the data required significantly. For real-world applications - LAMMPS, NAMD, GROMACS, LSTM, BERT, and ResNet50 power and time models show 89% – 98% accuracy on NVIDIA Ampere. Multi-objective functions help select optimal frequencies that lower power and minimize performance impact showing maximum energy savings of 27% at a performance loss of 1.8%. The same models trained on Ampere showed an accuracy of greater than 93% on an NVIDIA Volta, thereby demonstrating model portability across architectures.",True
https://openalex.org/W4412605212,https://doi.org/10.1109/ipdps64566.2025.00078,2025,Guerreiro HPCA 2018,Phase-Based Frequency Scaling for Energy-Efficient Heterogeneous Computing,True,"Energy efficiency has been a major challenge for exascale computing. Frequency scaling is a powerful technique to achieve energy savings in modern heterogeneous systems, and can be applied either at a coarse granularity, by application, or at a fine granularity, by setting the frequency for each computational kernel. The chosen granularity significantly impacts the performance and energy consumption of applications due to frequency-change overhead. We propose a novel phase-based method that minimizes the frequency-change overhead and improves performance and energy efficiency on heterogeneous multi-GPU systems. Our approach detects different phases through application profiling and DAG analysis, and sets an optimal frequency for each phase. Our methodology also considers MPI programs, where the overhead can be hidden by overlapping frequency-change with communication. Experimental results show up to 37 % energy saving and$1.87 \times$speedup for various benchmarks on a single GPU, and 68 % energy saving and$3.63 \times$speedup on two multiGPU applications.",True
https://openalex.org/W4410359262,https://doi.org/10.1109/access.2025.3569803,2025,Schoonhoven PMBS 2022,Power Consumption Optimization of GPU Server With Offline Reinforcement Learning,True,"The rapid growth of artificial intelligence (AI) has led to increased reliance on power-intensive Graphics Processing Units (GPUs), which are essential for training and deploying large-scale models. However, the escalating energy demands of AI workloads pose sustainability challenges, necessitating efficient power management strategies to reduce carbon footprints. Optimizing GPU server power consumption is complex due to the interdependence of various components. Conventional methods often involve trade-offs: increasing fan speed enhances cooling but raises overall power usage, whereas lowering GPU clock frequencies conserves energy at the cost of longer computation times. To address these challenges, we propose a data-driven optimization framework based on offline reinforcement learning (RL). Our approach collects operational data from a custom-designed workload that simulates varying server loads, capturing key metrics such as power consumption, temperature, and core frequency. The reward function balances power efficiency with performance. The reinforcement learning agent learns from pre-collected server logs, enabling intelligent real-time GPU clock control decisions without costly live experiments. Additionally, periodic fan speed adjustments and pre-training of theQ-network further enhance overall efficiency. Experimental results demonstrate that our method reduces power consumption by 3.62% while improving computation time by 1.51% for synthetic workloads. For LLaMA-2 fine-tuning, power consumption decreases by 6.40% with only a minor 1.27% increase in computation time, demonstrating its practical effectiveness. Our framework was validated on the latest NVIDIA L40S GPU, demonstrating its compatibility with cutting-edge hardware.",True
https://openalex.org/W7162420656,https://doi.org/10.1109/ispass69572.2026.00073,2026,Guerreiro HPCA 2018,Power Ranger: A Comprehensive Framework for GPU Power Characterization,True,"As GPUs have grown more popular and become commonplace in datacenters, GPU power consumption has become a more important metric than ever before. Power behavior should be a major consideration in all stages of GPU design, development, and deployment. However, accurate power evaluation is difficult because modern-day GPU workloads are large and complicated, and rapid advances in popular datacenter workloads means that the power profiles of these workloads change often. To solve this problem, we introduce Power Ranger, a GPU power benchmark generator that can replicate power behavior from any arbitrary workload using only a reference device and a trace of power over time. Power Ranger’s generated workloads replicate real workload behavior using simple kernel launches selected from a look-up table. Because Power Ranger only requires a power trace and device, and does not require any code from the target workload, it can also create real GPU workloads that match any desired power behavior. This capability enables the generation of custom power benchmarks and stress tests that can be executed on real GPU hardware. We evaluate Power Ranger using several real and synthetic workloads, and we find that Power Ranger is able to reproduce original power traces with a MAPE of $5 \%$ or less for all cases.",False
https://openalex.org/W4404133812,https://doi.org/10.1145/3649329.3655956,2024,Mendes JPDC 2022,PowerLens: An Adaptive DVFS Framework for Optimizing Energy Efficiency in Deep Neural Networks,True,"To address the power management challenges in deep neural networks (DNNs), dynamic voltage and frequency scaling (DVFS) technology is garnering attention for its ability to enhance energy efficiency without modifying the structure of DNNs. However, current DVFS methods, which depend on historical information such as processor utilization and task computational load, face issues like frequency ping-pong, response lag, and poor generalizability. Therefore, this paper introduces PowerLens, an adaptive DVFS framework. Initially, we develop a power-sensitive feature extraction method for DNNs and identify critical power blocks through clustering based on power behavior similarity, thereby achieving adaptive DVFS instrumentation point settings. Then, the framework adaptively presets the target frequency for each power block through a decision model. Finally, through a refined training and deployment process, we ensure the framework's effective adaptability across different platforms. Experimental results confirm the effectiveness of the framework in energy efficiency optimization.",True
https://openalex.org/W7168043197,https://doi.org/10.1145/3806645.3807591,2026,Guerreiro HPCA 2018,PowerQuant: Architecture-Agnostic GPU Power Estimation via Quantile Regression,True,"Accurate prediction of NVIDIA GPU power consumption remains challenging due to rapid architectural evolution. Existing machine-learning–based power models are tightly coupled to specific GPU architectures and degrade sharply on unseen platforms, requiring retraining and extensive power measurements, which hinder scalability. This paper presents a quantile-regression–based GPU power prediction framework that enables architecture-agnostic power estimation using static analysis-based compile-time CUDA kernel features. The key insight is that architectural changes primarily induce systematic shifts in power scale, while the relative ordering of kernel power demands remains preserved. By learning power quantiles that capture this ordering and mapping them to new GPUs through one-time calibration, the proposed approach mitigates cross-architecture distribution shift. Extensive evaluation across multiple NVIDIA GPU generations shows that, on unseen architectures, the proposed method improves prediction accuracy by up to 30–50% over existing regression models, while maintaining comparable accuracy in in-distribution settings. The resulting low-overhead, generalizable power estimates make the approach practical for power-aware scheduling, energy budgeting, and sustainability-oriented resource management in large HPC systems.",False
https://openalex.org/W4412987383,https://doi.org/10.1109/ispass64960.2025.00028,2025,Schoonhoven PMBS 2022,PowerSensor3: A Fast and Accurate Open Source Power Measurement Tool,True,"Power consumption is a major concern in data centers and HPC applications, with GPUs typically accounting for more than half of system power usage. While accurate power measurement tools are crucial for optimizing the energy efficiency of (GPU) applications, both built-in power sensors as well as state-of-the-art power meters often lack the accuracy and temporal granularity needed, or are impractical to use. Released as open hardware, firmware, and software, PowerSensor3 provides a cost-effective solution for evaluating energy efficiency, enabling advancements in sustainable computing. The toolkit consists of a baseboard with a variety of sensor modules accompanied by host libraries with C++ and Python bindings. PowerSensor3 enables real-time power measurements of SoC boards and PCIe cards, including GPUs, FPGAs, NICs, SSDs, and domain-specific AI and ML accelerators. Additionally, it provides significant improvements over previous tools, such as a robust and modular design, current sensors resistant to external interference, simplified calibration, and a sampling rate up to 20 kHz, which is essential to identify GPU behavior at high temporal granularity. This work describes the toolkit design, evaluates its performance characteristics, and shows several use cases (GPUs, NVIDIA Jetson AGX Orin, and SSD), demonstrating PowerSensor3's potential to significantly enhance energy efficiency in modern computing environments.",True
https://openalex.org/W4379388541,https://doi.org/10.1145/3603533,2023,Guerreiro HPCA 2018,Program Analysis and Machine Learning–based Approach to Predict Power Consumption of CUDA Kernel,True,"The General Purpose Graphics Processing Unit has secured a prominent position in the High-Performance Computing world due to its performance gain and programmability. Understanding the relationship between Graphics Processing Unit (GPU) power consumption and program features can aid developers in building energy-efficient sustainable applications. In this work, we propose a static analysis-based power model built using machine learning techniques. We have investigated six machine learning models across three NVIDIA GPU architectures: Kepler, Maxwell, and Volta with Random Forest, Extra Trees, Gradient Boosting, CatBoost, and XGBoost reporting favorable results. We observed that the XGBoost technique-based prediction model is the most efficient technique with an R 2 value of 0.9646 on Volta Architecture. The dataset used for these techniques includes kernels from different benchmarks suits, sizes, nature (e.g., compute-bound, memory-bound), and complexity (e.g., control divergence, memory access patterns). Experimental results suggest that the proposed solution can help developers precisely predict GPU applications power consumption using program analysis across GPU architectures. Developers can use this approach to refactor their code to build energy-efficient GPU applications.",False
https://openalex.org/W7125275280,https://doi.org/10.2139/ssrn.6106227,2026,Guerreiro TPDS 2019,Quantifying the Regional Carbon Impact of AI Inference Workloads: A Grid-Aware NeuroPhysical Network Approach,False,,False
https://openalex.org/W7165866662,https://doi.org/10.1016/j.apenergy.2026.128298,2026,Guerreiro TPDS 2019,Quantifying the regional carbon impact of AI inference workloads: A grid-aware NeuroPhysical network approach,False,,False
https://openalex.org/W7139986870,https://doi.org/10.1145/3803800,2026,Guerreiro HPCA 2018,Real-Time Task Mapping for CPU-GPU Heterogeneous Platforms: Spatial GPU Partitioning and Utilization Bound,True,"With the advancement of heterogeneous computing technique, efficient model inferences designed for various domains have been successfully developed upon real-time embedded platforms. For those applications (e.g., drones and autonomous driving) demanding both highly parallel computation via Graphics Processing Units (GPUs) and strict timeliness constraints, effective scheduling of real-time activities upon heterogeneous systems remains challenging. With the intrinsic and intricate interferences among tasks (contending for the GPU resources) being considered, we first investigate two resource-cognizant utilization bounds for partitioned-EDF (Earliest Deadline First) scheduling under suspension-oblivious (i.e., busy-waiting) paradigm, and then explore their non-monotonicities. Based on the insights gained from the bounds, we further propose SP-RA-TMA (Spatial-Partitioning and Resource-Aware Task Mapping Algorithm) for periodic tasks executing upon CPU-GPU systems. Specifically, several blocking-oriented approaches for appropriate vGPU-to-core partition and feasible task-to-core mapping are introduced, in order to tighten the bound of blocking overheads for tasks and effectively alleviate the negative effects of GPU resource competitions for better schedulability of task set and balanced system workload. Finally, the synthetic and empirical experiment results demonstrate the practicability of SP-RA-TMA that can achieve a higher acceptance ratio (e.g., 80% more) compared to the existing partitioned/dynamic schemes.",False
https://openalex.org/W2890745689,https://doi.org/10.1109/padsw.2018.8644966,2018,Guerreiro HPCA 2018,REOH: Using Probabilistic Network for Runtime Energy Optimization of Heterogeneous Systems,True,"Significant efforts have been devoted to choosing the best configuration of a computing system to run an application energy efficiently. However, available tuning approaches mainly focus on homogeneous systems and are inextensible for heterogeneous systems which include several components (e.g., CPU s, G PU s) with different architectures. This study proposes a holistic tuning approach called REOH using probabilistic network to predict the most energy-efficient configuration (i.e., which platform and its setting) of a heterogeneous system for running a given application. Based on the computation and communication patterns from Berkeley dwarfs, we conduct experiments to devise the training set including 7074 data samples covering varying application patterns and characteristics. Validating the REOH approach on heterogeneous systems including CPUs and GPUs shows that the energy consumption by the REOH approach is close to the optimal energy consumption by the Brute Force approach while saving 17 % of sampling runs compared to the previous (homogeneous) approach using probabilistic network. Based on the REOH approach, we develop an open-source energy-optimizing runtime framework for selecting an energy efficient configuration of a heterogeneous system for a given application at runtime.",True
https://openalex.org/W2949262943,https://doi.org/10.48550/arxiv.1801.10263,2018,Guerreiro HPCA 2018,REOH: Using Probabilistic Network for Runtime Energy Optimization of Heterogeneous Systems,True,"Significant efforts have been devoted to choosing the best configuration of a computing system to run an application energy efficiently. However, available tuning approaches mainly focus on homogeneous systems and are inextensible for heterogeneous systems which include several components (e.g., CPUs, GPUs) with different architectures. This study proposes a holistic tuning approach called REOH using probabilistic network to predict the most energy-efficient configuration (i.e., which platform and its setting) of a heterogeneous system for running a given application. Based on the computation and communication patterns from Berkeley dwarfs, we conduct experiments to devise the training set including 7074 data samples covering varying application patterns and characteristics. Validating the REOH approach on heterogeneous systems including CPUs and GPUs shows that the energy consumption by the REOH approach is close to the optimal energy consumption by the Brute Force approach while saving 17% of sampling runs compared to the previous (homogeneous) approach using probabilistic network. Based on the REOH approach, we develop an open-source energy-optimizing runtime framework for selecting an energy efficient configuration of a heterogeneous system for a given application at runtime.",True
https://openalex.org/W4405857452,https://doi.org/10.1145/3705956.3705962,2024,Guerreiro HPCA 2018,Resource Aware power modelling for compute-bound tasks on GPUs,True,"Scientific computing workloads require significant amount of energy when executed on Graphical Processing Units (GPUs). To make the execution of such workloads energy-optimal, power models that can accurately estimate power, hence total energy, are required. In this paper, we propose a GPU power model as a linear function of core frequency, number of active GPU lanes, and number of Thread Blocks (TBs) for compute-bound kernels; these are kernels that require minimal memory access and CPU-GPU transfers. We implement and validate our model using kernels from different domains. Since we use common architectural components such as core frequency, lanes, and a general programming paradigm such as TBs, we build a model on a Pascal GPU which can be easily extended to future GPU generations. We find that the constant power term in our model is the primary component. We achieve a Mean Absolute Percentage Error (MAPE) of 5% and 8% on two different kernels from the CUDA SDK samples and Rodinia benchmark, during validation on a Pascal GPU. We also obtain a MAPE of 14.8% from our evaluation of the GICOV kernel from the Rodinia benchmark on an Ampere GPU; we find these initial results encouraging, and look forward to extend our power model further over a wider range of kernels and architectures.",True
https://openalex.org/W3080770187,https://doi.org/10.1002/cpe.5917,2020,Guerreiro HPCA 2018,Runtime power allocation approach for GAMESS hybrid CPU‐GPU implementation,True,"Summary To improve power consumption of applications at the runtime, modern processors provide frequency scaling capabilities, which along with workload optimization, are also available on GPU accelerators. In this work, a runtime strategy is proposed to distribute a given power allocation among the host components and the GPU according to the current application performance and power usage, such that GPU execution is prioritized over CPU for power allocation to maximize application performance. Next, the strategy is tailored to an application, a quantum‐chemistry package GAMESS for ab initio electronic structure calculations. Specifically, GAMESS hybrid CPU–GPU implementation as provided in the Libcchem library is considered. Experiments, performed on a 28‐core node with a Kepler GPU, resulted in performance gains of up to 50% under the proposed strategy and the largest power allocation considered here as compared with the scenario when this allocation was equally distributed among the computing‐platform components.",True
https://openalex.org/W4297880703,https://doi.org/10.4236/jcc.2022.109005,2022,Guerreiro HPCA 2018,Runtime Power Allocation Based on Multi-GPU Utilization in GAMESS,True,"To improve the power consumption of parallel applications at the runtime, modern processors provide frequency scaling and power limiting capabilities. In this work, a runtime strategy is proposed to maximize performance under a given power budget by distributing the available power according to the relative GPU utilization. Time series forecasting methods were used to develop workload prediction models that provide accurate prediction of GPU utilization during application execution. Experiments were performed on a multi-GPU computing platform DGX-1 equipped with eight NVIDIA V100 GPUs used for quantum chemistry calculations in the GAMESS package. For a limited power budget, the proposed strategy may deliver as much as hundred times better GAMESS performance than that obtained when the power is distributed equally among all the GPUs.",True
https://openalex.org/W7202150974,https://doi.org/10.1145/3816440.3818579,2026,Guerreiro HPCA 2018,Space-CIM: Enabling Compute-In-Memory Accelerators for Thermally-Constrained Space Platforms,True,"The rapid growth in compute demand from artificial intelligence (AI) has driven a massive surge in data center construction, precipitating an energy and sustainability crisis. Motivated by the abundant solar energy in outer space and the recent sharp reduction in space launch costs, orbital data centers are emerging as a potential pathway for the future scaling of AI compute infrastructure. While the cold background in vacuum seems appealing for cooling, computing systems operating in space without convection ultimately rely on radiative cooling, requiring large-area radiators. Such limitations in thermal management pose a significant challenge for deploying the standard liquid/air-cooled computers in space. In this work, we investigate the impact of the thermal constraints in space on both graphics processing units (GPUs) with high-bandwidth memory (HBM) and the emerging compute-in-memory (CIM) accelerators. We develop a radiator-in-the-loop co-design methodology that directly links the permitted system TOPS (terra-operations per second) with the practical radiator cooling capacity in space. Our thermal simulations reveal that the separately located GPU die and HBMs create severe thermal hotspots under limited radiator capacity, necessitating GPU thermal throttling. In contrast, CIM accelerators exhibit a much more uniform heat distribution and consistently outperform GPUs in TOPS/W across a wide range of radiator budgets. We systematically evaluated the performance of CIM and GPU across various AI workloads and demonstrated that CIM has a magnified advantage for deployment in space under realistic thermal constraints.",False
https://openalex.org/W4411267619,https://doi.org/10.1145/3735452.3735529,2025,Schoonhoven PMBS 2022,SSFFT: Energy-Efficient Selective Scaling for Fast Fourier Transform in Embedded GPUs,True,"Fast Fourier Transform (FFT) is critical in applications such as signal processing, communications, and AI. Embedded GPUs are often used to accelerate FFT due to their computational efficiency, but energy efficiency remains a key challenge due to power constraints. Existing solutions, such as the cuFFT library provided by NVIDIA, employ static configurations for the number of thread blocks and threads per block. This static approach often results in ineffective threads that consume power without contributing to performance, particularly if the FFT length or batch size varies. Furthermore, for large FFT lengths, cuFFT internally splits the computation into multiple kernel invocations. This decomposition can lead to L2 cache thrashing, resulting in redundant global memory accesses and degraded efficiency. To address these challenges, this paper proposes SSFFT, a software technique for embedded GPUs. The key idea of SSFFT is to maximize the number of useful threads that contribute to performance while minimizing ineffective threads. SSFFT is implemented based on a novel theoretical model that determines how many thread blocks and threads per block are effective for a given FFT length, batch size, and hardware resource availability. SSFFT statically determines these configurations and adaptively launches either a GPU kernel for regular FFT operations or a newly implemented kernel that integrates multiple FFT steps. By tailoring thread allocation to workload characteristics and minimizing inter-kernel memory interference, SSFFT improves energy efficiency without compromising performance. In our evaluation, SSFFT achieves a 1.29× speedup and a 1.26× improvement in throughput per watt compared to cuFFT.",False
https://openalex.org/W4410583846,https://doi.org/10.23919/date64628.2025.10992871,2025,Guerreiro HPCA 2018,SSMDVFS: Microsecond-Scale DVFS on GPGPUs with Supervised and Self-Calibrated ML,True,"Over the past decade, as GPUs have evolved to achieve higher computational performance, their power density has also accelerated. Consequently, improving energy efficiency and reducing power consumption has become critically important. Dynamic voltage and frequency scaling (DVFS) is an effective technique for enhancing energy efficiency. With the advent of integrated voltage regulators, DVFS can now operate on microsecond$(\boldsymbol{\mu}\mathbf{s})$timescales. However, developing a practical and effective strategy to guide rapid DVFS remains a significant challenge. This paper proposes a supervised and self-calibrated machine learning framework (SSMDVFS) to guide microsecond-scale GPU voltage and frequency scaling. This framework features an end-to-end design that encompasses data generation, neural network model design, training, compression, and final runtime calibration. Unlike analytical models, which struggle to accurately represent GPU architectures, and reinforcement learning approaches, which can be challenging to converge during runtime, the SSMDVFS offers a practical solution for guiding microsecond-scale voltage and frequency scaling. Experimental results demonstrate that the proposed framework improves energy-delay product (EDP) by 11.09% and outperforms analytical models and reinforcement learning approaches by 13.17% and 36.80 %, respectively.",True
https://openalex.org/W4318603236,https://doi.org/10.1109/pmbs56514.2022.00003,2022,Schoonhoven PMBS 2022,Table of Contents,False,,False
https://openalex.org/W4315631022,https://doi.org/10.1109/jproc.2022.3218057,2023,Guerreiro HPCA 2018,Technology Prospects for Data-Intensive Computing,True,"For many decades, progress in computing hardware has been closely associated with CMOS logic density, performance, and cost. As such, slowdown in 2-D scaling, frequency saturation in CPUs, and increased cost of design and chip fabrication for advanced technology nodes since the early 2000s have led to concerns about how semiconductor technology may evolve in the future. However, the last two decades have also witnessed a parallel development in the application landscape: the advent of big data and consequent rise of data-intensive computing, using techniques such as machine learning. In this article, we advance the idea that data-intensive computing would further cement semiconductor technology as a foundational technology with multidimensional pathways for growth. Continued progress of semiconductor technology in this new context would require the adoption of a system-centric perspective to holistically harness logic, memory, and packaging resources. After examining the performance metrics for data-intensive computing, we present the historical trends for general-purpose graphics processing unit (GPGPU) as a representative data-intensive computing hardware. Thereon, we estimate the values of the key data-intensive computing parameters for the next decade, and our projections may serve as a precursor for a dedicated technology roadmap. By analyzing the compiled data, we identify and discuss specific opportunities and challenges for data-intensive computing hardware technology.",True
https://openalex.org/W4403331186,https://doi.org/10.1109/msp.2024.3401403,2024,Guerreiro TPDS 2019,"The Future of Bionic Limbs: The untapped synergy of signal processing, control, and wireless connectivity",True,"The flexibility and dexterity of human limbs rely on the processing of a vast quantity of signals within the sensory-motor networks in the brain and spinal cord, distilled into stimuli that govern the commands and movements. Hence, the use of assistive devices, such as robotic limbs or exoskeletons, is critically dependent on the processing of a large number of heterogeneous signals to mimic natural movements. This article provides a panoramic overview of the three paradigms for the control of bionic limbs based on mechatronic technology. Two of them have already been established in the literature, while the third one, advocated by this article, is an emerging approach, enabled by the latest developments in connectivity and computation. In the first paradigm, the bionic limbs rely on conventional control and are directly reconnected to the human sensory-motor system, which requires a large signal processing bandwidth. The second paradigm is based on semiautonomous limbs, endowed with context-aware processing and certain decision capability. Following the advances in wireless connectivity and cloud/edge processing, this article introduces a third paradigm of connected limbs.",False
https://openalex.org/W4403329417,https://doi.org/10.5937/oteh24069s,2024,Schoonhoven PMBS 2022,The power consumption of embedded GPU computers for deep learning applications,True,"The widespread use of GPU processors has significantly enhanced the usage of various artificial intelligence algorithms, especially machine and deep learning models. However, more capabilities introduced significant challenges in energy consumption, particularly on autonomous platforms with battery and autonomy constraints. Our research is crucial as it addresses the energy consumption issue on desktop and embedded GPU computers from a new angle, providing a practical and optimal measurement solution. We engaged various deep learning models to analyze and determine how different datasets for training and problems for inference affect energy consumption. Two separate platforms were used for the experiments: the NVIDIA Jetson NANO platform, a well-known type of embedded GPU computer widely used in deep learning applications, for the inference process just, and a desktop computer with two GeForce RTX 2060 for the training and inference processes. The image classification problem was involved during the training process on two separate datasets. In contrast, inference problems for object detection and drone classification were engaged on live videos and recorded RF signals during the inference process. Our methodology involved a systematic comparison of energy consumption across different models and datasets, ensuring the validity and reliability of our findings. Our findings underscore the potential to reduce energy consumption on embedded GPU computers by implementing a suitable deep learning model. This not only preserves the performance of the required process (drone radio frequency signal detection and identification and object detection in the video stream) but also paves the way for their effective use in real-life scenarios, thereby addressing a crucial need in deep learning. More importantly, we created an empirical methodology for measuring the energy consumption of embedded GPU computers for deep learning applications, directly impacting the development of energy-efficient deep learning systems.",True
https://openalex.org/W4226484922,https://doi.org/10.1109/tcad.2022.3168257,2022,Guerreiro TPDS 2019,Thermal and Voltage-Aware Performance Management of 3-D MPSoCs With Flow Cell Arrays and Integrated SC Converters,True,"Flow cell arrays (FCAs) concurrently provide efficient on-chip liquid cooling and electrochemical power generation. This technology is especially promising for 3-D multiprocessor systems-on-chip (3-D MPSoCs) realized in deeply scaled technologies, which present very challenging power and thermal requirements. Indeed, FCAs effectively improve power delivery network (PDN) performance, particularly if switched capacitor (SC) converters are employed to decouple the flow cells and the systems-on-chip voltages, allowing each to operate at their optimal point. Nonetheless, the design of FCA-based solutions entails nonobvious considerations and tradeoffs, stemming from their dual role in governing both the thermal and power delivery characteristics of 3-D MPSoCs. Showcasing them in this article, we explore multiple FCA design configurations and demonstrate that this technology can decrease the temperature of a heterogeneous 3-D MPSoC by 78 °C, and its total power consumption by 46%, compared to a high-performance cold-plate-based liquid cooling solution. At the same time, FCAs enable up to 90% voltage drop recovery across dies, using SC converters occupying a small fraction of the chip area. Such outcomes provide an opportunity to boost 3-D MPSoC computing performance by increasing the operating frequency of dies. Leveraging these results, we introduce a novel temperature and voltage-aware model-predictive control (MPC) strategy that optimizes power efficiency during runtime. We achieve application-wide speedups of up to 16% on various machine learning (ML), data mining, and other high-performance benchmarks while keeping the 3-D MPSoC temperature below 83 °C and voltage drops below 5%.",True
https://openalex.org/W4405846298,https://doi.org/10.1109/isceic63613.2024.10810178,2024,Guerreiro TPDS 2019,Trade-Off between Performance and Power Consumption in Deep Learning Training,True,"The rapid advancement of deep learning technologies has transformed various sectors, enabling sophisticated applications across industries. However, training deep learning models is an energy-intensive process, leading to significant power consumption and associated costs. This paper investigates the inherent trade-off between power consumption and average waiting time in systems managing multiple job classes during model training. Recognizing that not all training jobs are created equal, we propose a systematic approach to optimize power usage by adjusting GPU power limits based on job urgency. Leveraging matrix geometric approximation, we develop an algorithm to compute mean sojourn times and average power consumption, demonstrating its effectiveness through experimental validation and simulations. Our findings reveal the existence of a power-performance trade-off, offering valuable insights for practitioners seeking to balance computational efficiency with energy sustainability in deep learning workflows.",True
https://openalex.org/W4414826585,https://doi.org/10.1016/j.suscom.2025.101220,2025,Guerreiro TPDS 2019,Trade-offs between power consumption and response time in deep learning systems: A queueing model perspective,False,,False
https://openalex.org/W2933483662,https://doi.org/10.1109/hpca.2019.00063,2019,Guerreiro HPCA 2018,Understanding the Future of Energy Efficiency in Multi-Module GPUs,True,"As Moore's law slows down, GPUs must pivot towards multi-module designs to continue scaling performance at historical rates. Prior work on multi-module GPUs has focused on performance, while largely ignoring the issue of energy efficiency. In this work, we propose a new metric for GPU efficiency called EDP Scaling Efficiency that quantifies the effects of both strong performance scaling and overall energy efficiency in these designs. To enable this analysis, we develop a novel top-down GPU energy estimation framework that is accurate within 10% of a recent GPU design. Being decoupled from granular GPU microarchitectural details, the framework is appropriate for energy efficiency studies in future GPUs. Using this model in conjunction with performance simulation, we show that the dominating factor influencing the energy efficiency of GPUs over the next decade is GPUmodule (GPM) idle time. Furthermore, neither inter-module interconnect energy, nor GPM microarchitectural design is expected to play a key role in this regard. We demonstrate that multi-module GPUs are on a trajectory to become 2× less energy efficient than current monolithic designs; a significant issue for data centers which are already energy constrained. Finally, we show that architects must be willing to spend more (not less) energy to enable higher bandwidth inter-GPM connections, because counter-intuitively, this additional energy expenditure can reduce total GPU energy consumption by as much as 45%, providing a path to energy efficient strong scaling in the future.",False
https://openalex.org/W4407197043,https://doi.org/10.1145/3669940.3707231,2025,Guerreiro HPCA 2018; Guerreiro TPDS 2019; Mendes JPDC 2022; Schoonhoven PMBS 2022,Using Analytical Performance/Power Model and Fine-Grained DVFS to Enhance AI Accelerator Energy Efficiency,True,"Recent advancements in deep learning have significantly increased AI processors' energy consumption, which is becoming a critical factor limiting AI development. Dynamic Voltage and Frequency Scaling (DVFS) stands as a key method in power optimization. However, due to the latency of DVFS control in AI processors, previous works typically apply DVFS control at the granularity of a program's entire duration or sub-phases, rather than at the level of AI operators.",True
https://openalex.org/W4226144504,https://doi.org/10.1109/icecs53924.2021.9665511,2021,Guerreiro HPCA 2018,Using Hardware Performance Counters to support infield GPU Testing,True,"Graphics Processing Units (GPUs) have gained importance in several domains where a high computational effort is required (e.g., where Artificial Intelligence is used). At the same time, their adoption extended to domains (e.g., automotive, robotics, aerospace) where the effects of possible hardware faults can be extremely serious. Hence, it is crucial to identify methods allowing to quickly detect the occurrence of faults in a GPU while it works in the operational phase. In this paper we propose a method based on the adoption of hardware performance counters. We show that the method is able to detect permanent faults occurring in some critical modules, thus allowing to increase the overall reliability of the system. The method does not involve significant costs, since performance counters already exist in all real GPUs, e.g., to support silicon debug, and can be easily accessed in software.",False
https://openalex.org/W4389574075,https://doi.org/10.1007/s11227-023-05807-x,2023,Guerreiro TPDS 2019,Utilization-prediction-aware energy optimization approach for heterogeneous GPU clusters,False,,False
https://openalex.org/W4411232089,https://doi.org/10.1109/tpds.2025.3577252,2025,Guerreiro HPCA 2018,VAHRM: Variation-Aware Resource Management in Heterogeneous Supercomputing Systems,True,"In this paper, we propose a novel resource management technique for heterogeneous supercomputing systems affected by manufacturing variability. Our proposed technique called VAHRM (Variation-Aware Heterogeneous Resource Management) takes a holistic approach to job scheduling on highly heterogeneous computing resources. VAHRM preferentially allocates energy-efficient computing resources to an energy-consuming job in a job queue, considering the impact on both the job turnaround time and the power consumption of individual resources. Furthermore, we have developed a novel approach to modeling the power consumption of computing resources that have manufacturing variability. Our approach called TSMVA (Two-Stage Modeling with Variation Awareness) enables us to generate the first variation-aware GPU power models, which can correctly estimate the power consumption of each GPU for a given job. Our experimental results show that, compared to conventional first-come-first-serve (FCFS) and state-of-the-art variation-aware scheduling algorithms, VAHRM can achieve respective improvements in system energy efficiency of up to 5.8% and 5.4% (4.5% and 4.2% on average) while reducing the average turnaround time of 21.2% and 11.9%, respectively, for various workloads obtained from a production system.",False
https://openalex.org/W3215804240,,2021,Guerreiro TPDS 2019,Work-in-Progress: Early Power Estimation of CUDA-based CNNs on GPGPUs,True,"The increasing application of Machine Learning (ML) techniques in the Internet of Things (IoT) devices has led designers to leverage ML accelerators like GPGPUs in such devices. However, choosing the most appropriate accelerator for such IoT devices is very challenging as they commonly should adhere to tight constraints e.g., low power consumption, long battery lifetime, and low cost of the final products. As a consequence, designing such application-specific IoT devices becomes a non-trivial and difficult task. In this paper, we present a novel approach to estimate power consumption of CUDA-based Convolutional Neural Networks (CNNs) on GPGPUs in the design phase. Our approach is able to provide designers with an early prediction of CNNs power consumption up to an absolute error of less than 2% in comparison to the real hardware execution.",False
