timestamp_iso,elapsed_seconds,sm_clock_mhz,memory_clock_mhz,power_draw_w,temperature_c,gpu_utilization_pct,memory_utilization_pct,fan_speed_pct,memory_used_mb,throttle_bitmask,throttle_reasons
2026-08-23T18:32:56.5304111-07:00,0.1,1072,810,15.99,44,5,11,34,1312,0x0000000000000001,GpuIdle
2026-08-23T18:32:57.5876096-07:00,1.2,1072,810,15.85,44,5,13,34,1316,0x0000000000000001,GpuIdle
2026-08-23T18:32:58.6252567-07:00,2.2,1102,16301,22.34,53,52,11,33,2230,0x0000000000000000,None
2026-08-23T18:32:59.6605066-07:00,3.3,2977,16301,168.60,63,99,20,33,2230,0x0000000000000000,None
2026-08-23T18:33:00.7200289-07:00,4.3,2977,16301,176.61,64,99,20,34,2231,0x0000000000000000,None
2026-08-23T18:33:01.7626440-07:00,5.4,2977,16301,180.62,66,99,20,35,2231,0x0000000000000000,None
2026-08-23T18:33:02.8012163-07:00,6.4,2977,16301,181.12,66,99,20,37,2231,0x0000000000000000,None
2026-08-23T18:33:03.8360045-07:00,7.4,2977,16301,175.31,67,99,20,39,2231,0x0000000000000000,None
2026-08-23T18:33:04.8703544-07:00,8.5,2977,16301,181.31,67,99,20,41,2230,0x0000000000000001,GpuIdle
2026-08-23T18:33:05.9143318-07:00,9.5,2977,16301,176.27,68,99,20,42,2228,0x0000000000000001,GpuIdle
2026-08-23T18:33:06.9520361-07:00,10.6,2977,16301,182.46,68,99,20,44,2228,0x0000000000000001,GpuIdle
2026-08-23T18:33:07.9864733-07:00,11.6,2977,16301,177.26,69,99,20,44,2229,0x0000000000000001,GpuIdle
2026-08-23T18:33:09.0200138-07:00,12.6,2977,16301,182.84,69,99,20,45,2229,0x0000000000000001,GpuIdle
2026-08-23T18:33:10.0547177-07:00,13.7,2977,16301,177.37,69,99,20,46,2229,0x0000000000000001,GpuIdle
2026-08-23T18:33:11.0889407-07:00,14.7,2977,16301,183.41,69,99,20,47,2227,0x0000000000000001,GpuIdle
2026-08-23T18:33:12.1233240-07:00,15.7,2970,16301,178.79,69,99,20,47,2227,0x0000000000000001,GpuIdle
2026-08-23T18:33:13.1534606-07:00,16.8,2977,16301,183.77,70,99,20,47,2227,0x0000000000000001,GpuIdle
2026-08-23T18:33:14.1878071-07:00,17.8,2970,16301,179.16,70,99,20,48,2225,0x0000000000000001,GpuIdle
2026-08-23T18:33:15.2222007-07:00,18.8,2977,16301,184.24,70,99,20,48,2224,0x0000000000000001,GpuIdle
2026-08-23T18:33:16.2610980-07:00,19.9,2977,16301,179.43,71,99,20,48,2222,0x0000000000000001,GpuIdle
2026-08-23T18:33:17.2996423-07:00,20.9,2977,16301,184.75,71,99,20,49,2222,0x0000000000000001,GpuIdle
2026-08-23T18:33:18.3382368-07:00,21.9,2970,16301,180.07,71,99,20,49,2222,0x0000000000000001,GpuIdle
2026-08-23T18:33:19.3767824-07:00,23,2977,16301,185.35,71,99,20,49,2222,0x0000000000000001,GpuIdle
2026-08-23T18:33:20.4111891-07:00,24,2970,16301,180.57,71,99,20,50,2222,0x0000000000000001,GpuIdle
2026-08-23T18:33:21.4455654-07:00,25,2977,16301,185.34,72,99,20,50,2222,0x0000000000000001,GpuIdle
2026-08-23T18:33:22.4795622-07:00,26.1,2977,16301,180.49,71,99,20,50,2222,0x0000000000000001,GpuIdle
2026-08-23T18:33:23.5142772-07:00,27.1,2977,16301,185.93,72,99,20,50,2222,0x0000000000000001,GpuIdle
2026-08-23T18:33:24.5588900-07:00,28.2,2977,16301,180.76,69,69,14,51,2222,0x0000000000000001,GpuIdle
2026-08-23T18:33:25.5944736-07:00,29.2,2977,16301,185.59,72,99,20,51,2232,0x0000000000000001,GpuIdle
2026-08-23T18:33:26.6258042-07:00,30.2,2977,16301,186.21,72,99,20,51,2232,0x0000000000000001,GpuIdle
2026-08-23T18:33:27.6723520-07:00,31.3,2977,16301,181.55,72,99,20,51,2231,0x0000000000000001,GpuIdle
2026-08-23T18:33:28.7067791-07:00,32.3,2977,16301,186.49,72,99,20,51,2231,0x0000000000000001,GpuIdle
2026-08-23T18:33:29.7453712-07:00,33.3,2977,16301,186.93,73,99,20,52,2231,0x0000000000000001,GpuIdle
2026-08-23T18:33:30.7797027-07:00,34.4,2977,16301,181.94,72,99,20,52,2231,0x0000000000000001,GpuIdle
2026-08-23T18:33:31.8144328-07:00,35.4,2977,16301,186.87,73,99,20,52,2231,0x0000000000000001,GpuIdle
2026-08-23T18:33:32.8488018-07:00,36.4,2977,16301,183.67,66,74,15,52,2231,0x0000000000000004,SwPowerCap
2026-08-23T18:33:33.8832236-07:00,37.5,2977,16301,182.08,73,99,20,52,2231,0x0000000000000001,GpuIdle
2026-08-23T18:33:34.9218055-07:00,38.5,2977,16301,187.58,73,99,20,52,2231,0x0000000000000001,GpuIdle
2026-08-23T18:33:35.9599812-07:00,39.6,2977,16301,180.92,73,99,20,52,2231,0x0000000000000001,GpuIdle
2026-08-23T18:33:36.9943873-07:00,40.6,2977,16301,187.37,73,99,20,53,2231,0x0000000000000001,GpuIdle
2026-08-23T18:33:38.0291143-07:00,41.6,2977,16301,182.48,73,99,20,53,2231,0x0000000000000001,GpuIdle
2026-08-23T18:33:39.0634564-07:00,42.7,2977,16301,187.93,73,99,20,53,2231,0x0000000000000001,GpuIdle
2026-08-23T18:33:40.1016920-07:00,43.7,2977,16301,180.85,74,99,20,53,2231,0x0000000000000001,GpuIdle
2026-08-23T18:33:41.1364400-07:00,44.7,2977,16301,187.94,74,99,20,53,2231,0x0000000000000001,GpuIdle
2026-08-23T18:33:42.1707896-07:00,45.8,2970,16301,182.78,74,99,20,53,2231,0x0000000000000001,GpuIdle
2026-08-23T18:33:43.2060241-07:00,46.8,2977,16301,188.15,74,99,20,53,2231,0x0000000000000001,GpuIdle
2026-08-23T18:33:44.2479612-07:00,47.8,2977,16301,182.87,74,99,20,54,2231,0x0000000000000001,GpuIdle
2026-08-23T18:33:45.2823396-07:00,48.9,2977,16301,188.74,74,99,20,54,2231,0x0000000000000001,GpuIdle
2026-08-23T18:33:46.3166957-07:00,49.9,2977,16301,183.48,74,99,20,54,2231,0x0000000000000001,GpuIdle
2026-08-23T18:33:47.3507324-07:00,51,2977,16301,189.03,74,99,20,54,2231,0x0000000000000001,GpuIdle
2026-08-23T18:33:48.3855062-07:00,52,2970,16301,181.63,74,99,20,54,2231,0x0000000000000001,GpuIdle
2026-08-23T18:33:49.4195589-07:00,53,2977,16301,188.99,75,99,20,54,2231,0x0000000000000001,GpuIdle
2026-08-23T18:33:50.4539269-07:00,54.1,2970,16301,183.31,74,99,20,54,2231,0x0000000000000001,GpuIdle
2026-08-23T18:33:51.4883112-07:00,55.1,2977,16301,189.19,74,99,20,54,2231,0x0000000000000001,GpuIdle
2026-08-23T18:33:52.5227151-07:00,56.1,2977,16301,183.01,74,99,20,54,2231,0x0000000000000001,GpuIdle
2026-08-23T18:33:53.5570337-07:00,57.2,2977,16301,188.98,75,99,20,55,1975,0x0000000000000001,GpuIdle
2026-08-23T18:33:54.5914234-07:00,58.2,3015,16501,80.10,56,3,0,55,1318,0x0000000000000001,GpuIdle
2026-08-23T18:33:55.6302540-07:00,59.2,3015,16301,30.42,54,10,1,55,2231,0x0000000000000000,None
2026-08-23T18:33:56.6647072-07:00,60.3,2977,16301,177.22,72,99,20,54,2231,0x0000000000000000,None
2026-08-23T18:33:57.6991012-07:00,61.3,2977,16301,187.47,73,99,20,54,2238,0x0000000000000000,None
2026-08-23T18:33:58.7465086-07:00,62.3,2977,16301,183.09,74,99,20,53,2238,0x0000000000000000,None
2026-08-23T18:33:59.7804765-07:00,63.4,2977,16301,188.44,74,99,20,53,2232,0x0000000000000000,None
2026-08-23T18:34:00.8228442-07:00,64.4,2977,16301,182.73,74,99,20,53,2232,0x0000000000000000,None
2026-08-23T18:34:01.8706458-07:00,65.5,2977,16301,188.32,74,99,20,53,2232,0x0000000000000001,GpuIdle
2026-08-23T18:34:02.9044352-07:00,66.5,2977,16301,183.11,74,99,20,53,2232,0x0000000000000001,GpuIdle
2026-08-23T18:34:03.9387794-07:00,67.5,2977,16301,188.74,74,99,20,53,2232,0x0000000000000001,GpuIdle
2026-08-23T18:34:04.9815192-07:00,68.6,2977,16301,183.84,74,99,20,54,2232,0x0000000000000001,GpuIdle
2026-08-23T18:34:06.0197032-07:00,69.6,2977,16301,188.84,75,99,20,54,2232,0x0000000000000001,GpuIdle
2026-08-23T18:34:07.0541021-07:00,70.7,2970,16301,183.36,74,99,20,54,2232,0x0000000000000001,GpuIdle
2026-08-23T18:34:08.0885080-07:00,71.7,2977,16301,189.73,75,99,20,54,2232,0x0000000000000001,GpuIdle
2026-08-23T18:34:09.1273846-07:00,72.7,2970,16301,183.55,75,99,20,54,2232,0x0000000000000001,GpuIdle
2026-08-23T18:34:10.1614348-07:00,73.8,2977,16301,189.38,75,99,20,54,2232,0x0000000000000001,GpuIdle
2026-08-23T18:34:11.1999818-07:00,74.8,2977,16301,183.25,74,99,20,55,2232,0x0000000000000001,GpuIdle
2026-08-23T18:34:12.2343957-07:00,75.8,2977,16301,189.56,75,99,20,55,2232,0x0000000000000001,GpuIdle
2026-08-23T18:34:13.2688108-07:00,76.9,2970,16301,183.89,75,99,20,55,2232,0x0000000000000001,GpuIdle
2026-08-23T18:34:14.3157171-07:00,77.9,2977,16301,189.77,75,99,20,55,2232,0x0000000000000001,GpuIdle
2026-08-23T18:34:15.3500807-07:00,79,2962,16301,184.45,75,99,20,55,2232,0x0000000000000001,GpuIdle
2026-08-23T18:34:16.3847660-07:00,80,2977,16301,189.91,75,99,20,55,2232,0x0000000000000001,GpuIdle
2026-08-23T18:34:17.4196874-07:00,81,2970,16301,183.19,75,99,20,55,2232,0x0000000000000001,GpuIdle
2026-08-23T18:34:18.4538853-07:00,82.1,2977,16301,189.94,75,99,20,55,2232,0x0000000000000001,GpuIdle
2026-08-23T18:34:19.5012297-07:00,83.1,2977,16301,185.02,73,82,16,55,2232,0x0000000000000001,GpuIdle
2026-08-23T18:34:20.5348180-07:00,84.1,2977,16301,186.86,75,99,20,55,2232,0x0000000000000001,GpuIdle
2026-08-23T18:34:21.5692009-07:00,85.2,2977,16301,190.52,75,99,20,55,2232,0x0000000000000001,GpuIdle
2026-08-23T18:34:22.6032240-07:00,86.2,2977,16301,184.60,75,99,20,55,2232,0x0000000000000001,GpuIdle
2026-08-23T18:34:23.6377696-07:00,87.2,2977,16301,190.78,76,99,20,55,2232,0x0000000000000001,GpuIdle
2026-08-23T18:34:24.6722566-07:00,88.3,2977,16301,185.82,75,99,20,55,2232,0x0000000000000001,GpuIdle
2026-08-23T18:34:25.7111263-07:00,89.3,2977,16301,190.84,76,99,20,56,2232,0x0000000000000001,GpuIdle
2026-08-23T18:34:26.7458207-07:00,90.3,2977,16301,190.75,76,99,20,56,2232,0x0000000000000001,GpuIdle
2026-08-23T18:34:27.7809042-07:00,91.4,2977,16301,185.11,69,66,13,56,2232,0x0000000000000004,SwPowerCap
2026-08-23T18:34:28.8181218-07:00,92.4,2977,16301,185.35,76,99,20,56,2232,0x0000000000000001,GpuIdle
2026-08-23T18:34:29.8650197-07:00,93.5,2970,16301,191.07,76,99,20,56,2232,0x0000000000000001,GpuIdle
2026-08-23T18:34:30.8999615-07:00,94.5,2977,16301,185.10,76,99,20,56,2232,0x0000000000000001,GpuIdle
2026-08-23T18:34:31.9383023-07:00,95.5,2977,16301,190.98,76,99,20,56,2232,0x0000000000000001,GpuIdle
2026-08-23T18:34:32.9724631-07:00,96.6,2977,16301,185.24,76,99,20,56,2232,0x0000000000000001,GpuIdle
2026-08-23T18:34:34.0068182-07:00,97.6,2977,16301,191.16,76,99,20,56,2232,0x0000000000000001,GpuIdle
2026-08-23T18:34:35.0410244-07:00,98.6,2977,16301,185.17,76,99,20,56,2232,0x0000000000000001,GpuIdle
2026-08-23T18:34:36.0963659-07:00,99.7,2977,16301,190.94,76,99,20,56,2232,0x0000000000000001,GpuIdle
2026-08-23T18:34:37.1305729-07:00,100.7,2970,16301,185.61,76,99,20,56,2232,0x0000000000000001,GpuIdle
2026-08-23T18:34:38.1653860-07:00,101.8,2977,16301,191.10,76,99,20,56,2232,0x0000000000000001,GpuIdle
2026-08-23T18:34:39.1993478-07:00,102.8,2970,16301,185.12,75,99,20,56,2232,0x0000000000000001,GpuIdle
2026-08-23T18:34:40.2336674-07:00,103.8,2977,16301,191.11,76,99,20,56,2232,0x0000000000000001,GpuIdle
2026-08-23T18:34:41.2680967-07:00,104.9,2977,16301,185.05,76,99,20,56,2232,0x0000000000000001,GpuIdle
2026-08-23T18:34:42.3024654-07:00,105.9,2977,16301,191.49,76,99,20,57,2238,0x0000000000000001,GpuIdle
2026-08-23T18:34:43.3368891-07:00,106.9,2970,16301,185.71,76,99,20,57,2238,0x0000000000000001,GpuIdle
2026-08-23T18:34:44.3795656-07:00,108,2977,16301,191.09,76,99,20,57,2232,0x0000000000000001,GpuIdle
2026-08-23T18:34:45.4268116-07:00,109,2962,16301,185.60,76,99,20,57,2232,0x0000000000000001,GpuIdle
2026-08-23T18:34:46.4649906-07:00,110.1,2977,16301,191.44,76,99,20,57,2232,0x0000000000000001,GpuIdle
2026-08-23T18:34:47.4997329-07:00,111.1,2962,16301,186.09,75,99,20,57,2232,0x0000000000000001,GpuIdle
2026-08-23T18:34:48.5383063-07:00,112.1,2977,16301,191.33,76,99,20,57,2232,0x0000000000000001,GpuIdle
2026-08-23T18:34:49.5727215-07:00,113.2,2977,16301,185.65,75,99,20,57,2232,0x0000000000000001,GpuIdle
2026-08-23T18:34:50.6066995-07:00,114.2,2977,16301,191.46,76,99,20,57,1976,0x0000000000000001,GpuIdle
2026-08-23T18:34:51.6411022-07:00,115.2,3015,16501,101.88,57,4,0,57,1319,0x0000000000000001,GpuIdle
2026-08-23T18:34:52.6796470-07:00,116.3,3015,16501,31.11,56,5,1,57,2232,0x0000000000000000,None
2026-08-23T18:34:53.7223677-07:00,117.3,2977,16301,172.58,74,99,20,56,2232,0x0000000000000000,None
2026-08-23T18:34:54.7659878-07:00,118.4,2977,16301,189.96,75,99,20,56,2232,0x0000000000000000,None
2026-08-23T18:34:55.8036782-07:00,119.4,2977,16301,183.24,75,99,20,56,2232,0x0000000000000000,None
2026-08-23T18:34:56.8380773-07:00,120.4,2977,16301,190.30,75,99,20,56,2232,0x0000000000000000,None
2026-08-23T18:34:57.8724279-07:00,121.5,2977,16301,184.94,75,99,20,55,2232,0x0000000000000000,None
2026-08-23T18:34:58.9109783-07:00,122.5,2977,16301,190.78,75,99,20,55,2232,0x0000000000000001,GpuIdle
2026-08-23T18:34:59.9457622-07:00,123.5,2977,16301,185.37,76,99,20,55,2232,0x0000000000000001,GpuIdle
2026-08-23T18:35:00.9797588-07:00,124.6,2977,16301,190.75,76,99,20,55,2232,0x0000000000000001,GpuIdle
2026-08-23T18:35:02.0183484-07:00,125.6,2977,16301,185.25,76,99,20,55,2232,0x0000000000000001,GpuIdle
2026-08-23T18:35:03.0568922-07:00,126.7,2977,16301,191.05,76,99,20,56,2232,0x0000000000000001,GpuIdle
2026-08-23T18:35:04.0916007-07:00,127.7,2970,16301,185.06,76,99,20,56,2232,0x0000000000000001,GpuIdle
2026-08-23T18:35:05.1256227-07:00,128.7,2977,16301,190.99,76,99,20,56,2232,0x0000000000000001,GpuIdle
2026-08-23T18:35:06.1600273-07:00,129.8,2970,16301,186.18,76,99,20,56,2232,0x0000000000000001,GpuIdle
2026-08-23T18:35:07.1944030-07:00,130.8,2977,16301,191.19,76,99,20,56,2232,0x0000000000000001,GpuIdle
2026-08-23T18:35:08.2291231-07:00,131.8,2977,16301,185.68,76,99,20,56,2232,0x0000000000000001,GpuIdle
2026-08-23T18:35:09.2631750-07:00,132.9,2977,16301,191.21,76,99,20,56,2232,0x0000000000000001,GpuIdle
2026-08-23T18:35:10.2977342-07:00,133.9,2977,16301,186.23,76,99,20,56,2232,0x0000000000000001,GpuIdle
2026-08-23T18:35:11.3278012-07:00,134.9,2977,16301,191.39,76,99,20,56,2232,0x0000000000000001,GpuIdle
2026-08-23T18:35:12.3621899-07:00,136,2970,16301,185.84,76,99,20,57,2232,0x0000000000000001,GpuIdle
2026-08-23T18:35:13.4143252-07:00,137,2970,16301,191.12,76,99,20,57,2232,0x0000000000000001,GpuIdle
2026-08-23T18:35:14.4517698-07:00,138.1,2977,16301,185.46,76,99,20,57,2232,0x0000000000000001,GpuIdle
2026-08-23T18:35:15.4906945-07:00,139.1,2977,16301,191.26,76,99,20,57,2232,0x0000000000000001,GpuIdle
2026-08-23T18:35:16.5247137-07:00,140.1,2977,16301,184.90,73,63,12,57,2232,0x0000000000000001,GpuIdle
2026-08-23T18:35:17.5591428-07:00,141.2,2977,16301,185.07,76,99,20,57,2232,0x0000000000000001,GpuIdle
2026-08-23T18:35:18.5976408-07:00,142.2,2977,16301,191.27,76,99,20,57,2232,0x0000000000000001,GpuIdle
2026-08-23T18:35:19.6320249-07:00,143.2,2977,16301,185.87,76,99,20,57,2232,0x0000000000000001,GpuIdle
2026-08-23T18:35:20.6664088-07:00,144.3,2977,16301,191.66,76,99,20,57,2232,0x0000000000000001,GpuIdle
2026-08-23T18:35:21.7009298-07:00,145.3,2977,16301,185.90,76,99,20,57,2232,0x0000000000000001,GpuIdle
2026-08-23T18:35:22.7318398-07:00,146.3,2977,16301,186.23,76,99,20,57,2232,0x0000000000000001,GpuIdle
2026-08-23T18:35:23.7662064-07:00,147.4,2977,16301,191.52,76,99,20,57,2232,0x0000000000000001,GpuIdle
2026-08-23T18:35:24.8002090-07:00,148.4,2977,16301,188.28,69,74,15,57,2232,0x0000000000000004,SwPowerCap
2026-08-23T18:35:25.8350009-07:00,149.4,2977,16301,185.45,76,99,20,57,2239,0x0000000000000001,GpuIdle
2026-08-23T18:35:26.8691795-07:00,150.5,2977,16301,191.71,76,99,20,57,2239,0x0000000000000001,GpuIdle
2026-08-23T18:35:27.9033523-07:00,151.5,2977,16301,185.96,76,99,20,57,2239,0x0000000000000001,GpuIdle
2026-08-23T18:35:28.9416278-07:00,152.5,2977,16301,191.37,76,99,20,57,2239,0x0000000000000001,GpuIdle
2026-08-23T18:35:29.9765097-07:00,153.6,2977,16301,184.01,76,99,20,57,2239,0x0000000000000001,GpuIdle
2026-08-23T18:35:31.0110750-07:00,154.6,2970,16301,191.78,76,99,20,57,2239,0x0000000000000001,GpuIdle
2026-08-23T18:35:32.0869875-07:00,155.7,2977,16301,186.71,76,99,20,57,2239,0x0000000000000001,GpuIdle
2026-08-23T18:35:33.1252030-07:00,156.7,2977,16301,191.58,77,99,20,57,2239,0x0000000000000001,GpuIdle
2026-08-23T18:35:34.1592154-07:00,157.8,2970,16301,185.95,77,99,20,57,2239,0x0000000000000001,GpuIdle
2026-08-23T18:35:35.1939612-07:00,158.8,2977,16301,191.46,77,99,20,57,2239,0x0000000000000001,GpuIdle
2026-08-23T18:35:36.2282998-07:00,159.8,2977,16301,184.80,77,99,20,57,2239,0x0000000000000001,GpuIdle
2026-08-23T18:35:37.2673550-07:00,160.9,2970,16301,191.55,76,99,20,57,2239,0x0000000000000001,GpuIdle
2026-08-23T18:35:38.3014214-07:00,161.9,2977,16301,185.04,76,99,20,57,2239,0x0000000000000001,GpuIdle
2026-08-23T18:35:39.3398253-07:00,162.9,2977,16301,191.74,77,99,20,57,2239,0x0000000000000001,GpuIdle
2026-08-23T18:35:40.3743602-07:00,164,2970,16301,186.24,77,99,20,58,2239,0x0000000000000001,GpuIdle
2026-08-23T18:35:41.4083264-07:00,165,2977,16301,191.85,77,99,20,58,2239,0x0000000000000001,GpuIdle
2026-08-23T18:35:42.4475711-07:00,166,2962,16301,186.06,76,99,20,57,2239,0x0000000000000001,GpuIdle
2026-08-23T18:35:43.4820252-07:00,167.1,2977,16301,192.10,77,99,20,57,2239,0x0000000000000001,GpuIdle
2026-08-23T18:35:44.5164241-07:00,168.1,2970,16301,187.09,76,99,20,57,2239,0x0000000000000001,GpuIdle
2026-08-23T18:35:45.5506379-07:00,169.2,2977,16301,192.12,77,99,20,58,2239,0x0000000000000001,GpuIdle
2026-08-23T18:35:46.5888915-07:00,170.2,2977,16301,185.83,74,66,13,58,2239,0x0000000000000001,GpuIdle
2026-08-23T18:35:47.6458602-07:00,171.2,2977,16301,186.21,77,99,20,58,2239,0x0000000000000001,GpuIdle
2026-08-23T18:35:48.6867554-07:00,172.3,3007,16501,104.36,58,4,0,58,1326,0x0000000000000001,GpuIdle
2026-08-23T18:35:49.7213204-07:00,173.3,3015,16501,31.69,56,4,0,58,2239,0x0000000000000001,GpuIdle
2026-08-23T18:35:50.7556323-07:00,174.4,2977,16301,189.44,75,99,20,57,2239,0x0000000000000000,None
2026-08-23T18:35:51.7938387-07:00,175.4,2977,16301,190.62,75,99,20,57,2239,0x0000000000000000,None
2026-08-23T18:35:52.8282513-07:00,176.4,2977,16301,185.50,75,99,20,56,2239,0x0000000000000000,None
2026-08-23T18:35:53.8626092-07:00,177.5,2977,16301,191.15,76,99,20,56,2239,0x0000000000000000,None
2026-08-23T18:35:54.8973293-07:00,178.5,2977,16301,185.98,76,99,20,56,2239,0x0000000000000000,None
2026-08-23T18:35:55.9320281-07:00,179.5,2977,16301,191.26,76,99,20,56,2239,0x0000000000000001,GpuIdle
2026-08-23T18:35:56.9661099-07:00,180.6,2977,16301,185.65,76,99,20,56,2239,0x0000000000000001,GpuIdle
2026-08-23T18:35:58.0004433-07:00,181.6,2977,16301,191.76,76,99,20,56,2239,0x0000000000000001,GpuIdle
2026-08-23T18:35:59.0390631-07:00,182.6,2977,16301,185.43,76,99,20,56,2239,0x0000000000000001,GpuIdle
2026-08-23T18:36:00.0772527-07:00,183.7,2977,16301,191.68,76,99,20,56,2239,0x0000000000000001,GpuIdle
2026-08-23T18:36:01.1158650-07:00,184.7,2970,16301,186.27,76,99,20,56,2239,0x0000000000000001,GpuIdle
2026-08-23T18:36:02.1505449-07:00,185.8,2977,16301,192.01,76,99,20,56,2239,0x0000000000000001,GpuIdle
2026-08-23T18:36:03.1971304-07:00,186.8,2970,16301,186.11,76,99,20,56,2239,0x0000000000000001,GpuIdle
2026-08-23T18:36:04.2315123-07:00,187.8,2977,16301,191.88,76,99,20,57,2239,0x0000000000000001,GpuIdle
2026-08-23T18:36:05.2799081-07:00,188.9,2970,16301,186.32,77,99,20,57,2239,0x0000000000000001,GpuIdle
2026-08-23T18:36:06.3205749-07:00,189.9,2970,16301,191.95,76,99,20,57,2239,0x0000000000000001,GpuIdle
2026-08-23T18:36:07.3554924-07:00,191,2962,16301,186.34,77,99,20,57,2239,0x0000000000000001,GpuIdle
2026-08-23T18:36:08.3901831-07:00,192,2977,16301,192.19,77,99,20,57,2239,0x0000000000000001,GpuIdle
2026-08-23T18:36:09.4242431-07:00,193,2962,16301,186.69,76,99,20,57,2239,0x0000000000000001,GpuIdle
2026-08-23T18:36:10.4586498-07:00,194.1,2977,16301,192.24,77,99,20,57,2239,0x0000000000000001,GpuIdle
2026-08-23T18:36:11.4931983-07:00,195.1,2977,16301,186.49,76,99,20,57,2239,0x0000000000000001,GpuIdle
2026-08-23T18:36:12.5273920-07:00,196.1,2977,16301,191.89,77,99,20,57,2239,0x0000000000000001,GpuIdle
2026-08-23T18:36:13.5618325-07:00,197.2,2977,16301,186.85,70,67,13,57,2239,0x0000000000000001,GpuIdle
2026-08-23T18:36:14.5961620-07:00,198.2,2970,16301,186.62,77,99,20,57,2239,0x0000000000000001,GpuIdle
2026-08-23T18:36:15.6305166-07:00,199.2,2970,16301,192.02,77,99,20,57,2239,0x0000000000000001,GpuIdle
2026-08-23T18:36:16.6694687-07:00,200.3,2970,16301,183.43,77,99,20,57,2239,0x0000000000000001,GpuIdle
2026-08-23T18:36:17.7038210-07:00,201.3,2970,16301,191.94,77,99,20,57,2239,0x0000000000000001,GpuIdle
2026-08-23T18:36:18.7506806-07:00,202.4,2970,16301,192.38,76,99,20,57,2239,0x0000000000000001,GpuIdle
2026-08-23T18:36:19.7847589-07:00,203.4,2970,16301,186.14,75,80,16,58,2239,0x0000000000000001,GpuIdle
2026-08-23T18:36:20.8233376-07:00,204.4,2970,16301,187.70,77,99,20,58,2239,0x0000000000000001,GpuIdle
2026-08-23T18:36:21.8618493-07:00,205.5,2970,16301,191.60,77,99,20,58,2239,0x0000000000000001,GpuIdle
2026-08-23T18:36:22.8962411-07:00,206.5,2977,16301,186.48,77,99,20,58,2239,0x0000000000000001,GpuIdle
2026-08-23T18:36:23.9357525-07:00,207.5,2977,16301,192.68,77,99,20,58,2239,0x0000000000000001,GpuIdle
2026-08-23T18:36:24.9737158-07:00,208.6,2970,16301,187.09,77,99,20,58,2239,0x0000000000000001,GpuIdle
2026-08-23T18:36:26.0077185-07:00,209.6,2970,16301,191.93,77,99,20,58,2239,0x0000000000000001,GpuIdle
2026-08-23T18:36:27.0422830-07:00,210.6,2977,16301,187.16,77,99,20,58,2239,0x0000000000000001,GpuIdle
2026-08-23T18:36:28.0768281-07:00,211.7,2970,16301,192.22,77,99,20,58,2239,0x0000000000000001,GpuIdle
2026-08-23T18:36:29.1109025-07:00,212.7,2970,16301,185.88,77,99,20,58,2239,0x0000000000000001,GpuIdle
2026-08-23T18:36:30.1452512-07:00,213.7,2970,16301,192.25,77,99,20,58,2239,0x0000000000000001,GpuIdle
2026-08-23T18:36:31.1841901-07:00,214.8,2962,16301,186.08,77,99,20,58,2239,0x0000000000000001,GpuIdle
2026-08-23T18:36:32.2185483-07:00,215.8,2970,16301,192.41,77,99,20,58,2239,0x0000000000000001,GpuIdle
2026-08-23T18:36:33.2526712-07:00,216.9,2977,16301,187.40,77,99,20,58,2239,0x0000000000000001,GpuIdle
2026-08-23T18:36:34.2956814-07:00,217.9,2977,16301,192.85,77,99,20,58,2239,0x0000000000000001,GpuIdle
2026-08-23T18:36:35.3341667-07:00,218.9,2970,16301,187.07,77,99,20,58,2239,0x0000000000000001,GpuIdle
2026-08-23T18:36:36.3682432-07:00,220,2970,16301,192.37,77,99,20,58,2239,0x0000000000000001,GpuIdle
2026-08-23T18:36:37.4029417-07:00,221,2962,16301,186.77,77,99,20,58,2239,0x0000000000000001,GpuIdle
2026-08-23T18:36:38.4370082-07:00,222,2970,16301,192.22,77,99,20,58,2239,0x0000000000000001,GpuIdle
2026-08-23T18:36:39.4759071-07:00,223.1,2962,16301,186.01,77,99,20,58,2239,0x0000000000000001,GpuIdle
2026-08-23T18:36:40.5103336-07:00,224.1,2977,16301,192.47,77,99,20,58,2239,0x0000000000000001,GpuIdle
2026-08-23T18:36:41.5447240-07:00,225.1,2977,16301,187.15,76,99,20,58,2239,0x0000000000000001,GpuIdle
2026-08-23T18:36:42.5787515-07:00,226.2,2970,16301,192.02,77,99,20,58,2239,0x0000000000000001,GpuIdle
2026-08-23T18:36:43.6185626-07:00,227.2,2970,16301,187.02,66,69,14,58,2239,0x0000000000000004,SwPowerCap
2026-08-23T18:36:44.6599725-07:00,228.3,2970,16301,187.05,77,99,20,58,2239,0x0000000000000001,GpuIdle
2026-08-23T18:36:45.6985797-07:00,229.3,3007,16501,113.33,58,3,0,59,1326,0x0000000000000001,GpuIdle
2026-08-23T18:36:46.7449235-07:00,230.3,3000,16301,69.76,74,100,20,59,2239,0x0000000000000000,None
2026-08-23T18:36:47.7801629-07:00,231.4,2977,16301,190.94,75,99,20,58,2239,0x0000000000000000,None
2026-08-23T18:36:48.8145666-07:00,232.4,2977,16301,190.78,75,99,20,57,2239,0x0000000000000000,None
2026-08-23T18:36:49.8530710-07:00,233.5,2977,16301,185.99,76,99,20,57,2239,0x0000000000000000,None
2026-08-23T18:36:50.8875203-07:00,234.5,2977,16301,191.08,76,99,20,56,2239,0x0000000000000000,None
2026-08-23T18:36:51.9215654-07:00,235.5,2977,16301,186.34,76,99,20,56,2239,0x0000000000000000,None
2026-08-23T18:36:52.9563042-07:00,236.6,2977,16301,191.41,76,99,20,56,2239,0x0000000000000001,GpuIdle
2026-08-23T18:36:53.9909356-07:00,237.6,2970,16301,183.65,76,99,20,56,2239,0x0000000000000001,GpuIdle
2026-08-23T18:36:55.0253532-07:00,238.6,2977,16301,191.80,76,99,20,56,2239,0x0000000000000001,GpuIdle
2026-08-23T18:36:56.0593948-07:00,239.7,2970,16301,185.56,76,99,20,56,2239,0x0000000000000001,GpuIdle
2026-08-23T18:36:57.0941167-07:00,240.7,2977,16301,191.87,76,99,20,56,2239,0x0000000000000001,GpuIdle
2026-08-23T18:36:58.1285990-07:00,241.7,2970,16301,186.77,76,99,20,57,2239,0x0000000000000001,GpuIdle
2026-08-23T18:36:59.1626417-07:00,242.8,2977,16301,192.30,76,99,20,57,2239,0x0000000000000001,GpuIdle
2026-08-23T18:37:00.2011629-07:00,243.8,2977,16301,186.84,75,99,20,57,2239,0x0000000000000001,GpuIdle
2026-08-23T18:37:01.2377581-07:00,244.8,2977,16301,192.22,77,99,20,57,2239,0x0000000000000001,GpuIdle
2026-08-23T18:37:02.2907094-07:00,245.9,2970,16301,187.55,77,100,20,57,2239,0x0000000000000001,GpuIdle
2026-08-23T18:37:03.3250248-07:00,246.9,2977,16301,192.18,77,100,20,57,2239,0x0000000000000001,GpuIdle
2026-08-23T18:37:04.3592844-07:00,248,2970,16301,186.65,76,99,20,57,2239,0x0000000000000001,GpuIdle
2026-08-23T18:37:05.4023575-07:00,249,2977,16301,192.31,77,99,20,57,2239,0x0000000000000001,GpuIdle
2026-08-23T18:37:06.4328854-07:00,250,2970,16301,186.69,76,99,20,57,2239,0x0000000000000001,GpuIdle
2026-08-23T18:37:07.4668213-07:00,251.1,2977,16301,192.23,77,99,20,57,2239,0x0000000000000001,GpuIdle
2026-08-23T18:37:08.5012511-07:00,252.1,2977,16301,187.27,73,68,14,57,2239,0x0000000000000001,GpuIdle
2026-08-23T18:37:09.5352319-07:00,253.1,2977,16301,187.08,77,99,20,57,2239,0x0000000000000001,GpuIdle
2026-08-23T18:37:10.5697496-07:00,254.2,2977,16301,192.58,77,99,20,57,2239,0x0000000000000001,GpuIdle
2026-08-23T18:37:11.6003547-07:00,255.2,2977,16301,187.02,77,99,20,57,2239,0x0000000000000001,GpuIdle
2026-08-23T18:37:12.6345178-07:00,256.2,2977,16301,192.63,77,99,20,57,2239,0x0000000000000001,GpuIdle
2026-08-23T18:37:13.6692053-07:00,257.3,2977,16301,186.70,77,99,20,58,2239,0x0000000000000001,GpuIdle
2026-08-23T18:37:14.7038365-07:00,258.3,2977,16301,192.59,77,99,20,58,2239,0x0000000000000001,GpuIdle
2026-08-23T18:37:15.7373637-07:00,259.3,2970,16301,192.35,77,99,20,58,2239,0x0000000000000001,GpuIdle
2026-08-23T18:37:16.7720790-07:00,260.4,2970,16301,190.91,76,84,17,58,2239,0x0000000000000004,SwPowerCap
2026-08-23T18:37:17.8064202-07:00,261.4,2977,16301,187.15,77,99,20,58,2239,0x0000000000000001,GpuIdle
2026-08-23T18:37:18.8406154-07:00,262.4,2977,16301,192.84,77,99,20,58,2239,0x0000000000000001,GpuIdle
2026-08-23T18:37:19.8846650-07:00,263.5,2977,16301,187.12,77,99,20,58,2239,0x0000000000000001,GpuIdle
2026-08-23T18:37:20.9350702-07:00,264.5,2977,16301,192.58,77,99,20,58,2239,0x0000000000000001,GpuIdle
2026-08-23T18:37:21.9693081-07:00,265.6,2977,16301,186.37,77,99,20,58,2239,0x0000000000000001,GpuIdle
2026-08-23T18:37:23.0039004-07:00,266.6,2970,16301,192.68,77,99,20,58,2239,0x0000000000000001,GpuIdle
2026-08-23T18:37:24.0417465-07:00,267.6,2970,16301,187.33,77,99,20,58,2239,0x0000000000000001,GpuIdle
2026-08-23T18:37:25.0763810-07:00,268.7,2970,16301,192.37,77,99,20,58,2239,0x0000000000000001,GpuIdle
2026-08-23T18:37:26.1105407-07:00,269.7,2962,16301,186.37,77,99,20,58,2239,0x0000000000000001,GpuIdle
2026-08-23T18:37:27.1412450-07:00,270.7,2970,16301,192.53,77,99,20,58,2239,0x0000000000000001,GpuIdle
2026-08-23T18:37:28.1757931-07:00,271.8,2962,16301,186.71,77,99,20,58,2239,0x0000000000000001,GpuIdle
2026-08-23T18:37:29.2096558-07:00,272.8,2970,16301,192.32,77,99,20,58,2239,0x0000000000000001,GpuIdle
2026-08-23T18:37:30.2481673-07:00,273.8,2970,16301,187.08,77,99,20,58,2239,0x0000000000000001,GpuIdle
2026-08-23T18:37:31.2823235-07:00,274.9,2970,16301,192.55,77,99,20,58,2239,0x0000000000000001,GpuIdle
2026-08-23T18:37:32.3167278-07:00,275.9,2970,16301,186.93,77,99,20,58,2239,0x0000000000000001,GpuIdle
2026-08-23T18:37:33.3510549-07:00,277,2977,16301,192.81,77,99,20,58,2239,0x0000000000000001,GpuIdle
2026-08-23T18:37:34.3816207-07:00,278,2955,16301,187.57,77,99,20,58,2239,0x0000000000000001,GpuIdle
2026-08-23T18:37:35.4159751-07:00,279,2970,16301,192.58,77,100,20,58,2239,0x0000000000000001,GpuIdle
2026-08-23T18:37:36.4667128-07:00,280.1,2970,16301,185.12,77,99,20,58,2239,0x0000000000000001,GpuIdle
2026-08-23T18:37:37.5151535-07:00,281.1,2970,16301,192.65,77,99,20,58,2239,0x0000000000000001,GpuIdle
2026-08-23T18:37:38.5563346-07:00,282.2,2970,16301,187.60,75,70,14,58,2239,0x0000000000000001,GpuIdle
2026-08-23T18:37:39.5907249-07:00,283.2,2970,16301,192.70,77,99,20,58,2239,0x0000000000000001,GpuIdle
2026-08-23T18:37:40.6250967-07:00,284.2,2970,16301,192.59,77,100,20,58,2239,0x0000000000000001,GpuIdle
2026-08-23T18:37:41.6594766-07:00,285.3,2970,16301,187.55,77,99,20,58,2239,0x0000000000000001,GpuIdle
2026-08-23T18:37:42.6938657-07:00,286.3,2977,16501,133.93,59,3,0,59,1326,0x0000000000000001,GpuIdle
2026-08-23T18:37:43.7282305-07:00,287.3,3015,16501,32.11,57,3,0,59,2239,0x0000000000000001,GpuIdle
2026-08-23T18:37:44.7629423-07:00,288.4,2977,16301,189.90,75,99,21,58,2239,0x0000000000000000,None
2026-08-23T18:37:45.7973767-07:00,289.4,2977,16301,190.84,76,99,21,57,2239,0x0000000000000000,None
2026-08-23T18:37:46.8317497-07:00,290.4,2977,16301,185.21,76,99,21,57,2239,0x0000000000000000,None
2026-08-23T18:37:47.8744457-07:00,291.5,2977,16301,191.65,76,99,21,57,2239,0x0000000000000000,None
2026-08-23T18:37:48.9130084-07:00,292.5,2977,16301,184.33,76,99,21,57,2239,0x0000000000000000,None
2026-08-23T18:37:49.9513445-07:00,293.6,2977,16301,191.79,76,99,20,57,2239,0x0000000000000001,GpuIdle
2026-08-23T18:37:50.9856500-07:00,294.6,2970,16301,186.83,76,99,21,56,2239,0x0000000000000001,GpuIdle
2026-08-23T18:37:52.0203109-07:00,295.6,2977,16301,191.91,77,99,21,57,2239,0x0000000000000001,GpuIdle
2026-08-23T18:37:53.0586008-07:00,296.7,2970,16301,186.67,76,99,21,57,2239,0x0000000000000001,GpuIdle
2026-08-23T18:37:54.0971024-07:00,297.7,2977,16301,192.02,76,99,21,57,2239,0x0000000000000001,GpuIdle
2026-08-23T18:37:55.1314754-07:00,298.7,2977,16301,186.60,76,99,21,57,2239,0x0000000000000001,GpuIdle
2026-08-23T18:37:56.1658659-07:00,299.8,2970,16301,191.79,77,99,21,57,2239,0x0000000000000001,GpuIdle
2026-08-23T18:37:57.2058947-07:00,300.8,2970,16301,185.02,70,62,13,57,2239,0x0000000000000001,GpuIdle
2026-08-23T18:37:58.2429631-07:00,301.8,2977,16301,192.25,77,99,21,57,2239,0x0000000000000001,GpuIdle
2026-08-23T18:37:59.2773533-07:00,302.9,2962,16301,186.94,77,99,21,57,2239,0x0000000000000001,GpuIdle
2026-08-23T18:38:00.3117370-07:00,303.9,2977,16301,192.37,77,99,21,57,2239,0x0000000000000001,GpuIdle
2026-08-23T18:38:01.3419464-07:00,304.9,2962,16301,186.02,76,99,21,57,2239,0x0000000000000001,GpuIdle
2026-08-23T18:38:02.3763248-07:00,306,2977,16301,191.95,77,99,21,57,2239,0x0000000000000001,GpuIdle
2026-08-23T18:38:03.4107049-07:00,307,2977,16301,186.83,76,99,21,57,2239,0x0000000000000001,GpuIdle
2026-08-23T18:38:04.4496519-07:00,308.1,2977,16301,191.48,77,99,21,57,2239,0x0000000000000001,GpuIdle
2026-08-23T18:38:05.4836524-07:00,309.1,2977,16301,192.26,77,98,20,57,2239,0x0000000000000001,GpuIdle
2026-08-23T18:38:06.5222045-07:00,310.1,2970,16301,186.25,77,99,21,58,2239,0x0000000000000001,GpuIdle
2026-08-23T18:38:07.5611124-07:00,311.2,2970,16301,192.11,77,99,21,58,2239,0x0000000000000001,GpuIdle
2026-08-23T18:38:08.5954962-07:00,312.2,2970,16301,185.91,77,99,21,58,2239,0x0000000000000001,GpuIdle
2026-08-23T18:38:09.6298916-07:00,313.2,2970,16301,192.30,77,99,20,58,2239,0x0000000000000001,GpuIdle
2026-08-23T18:38:10.6680833-07:00,314.3,2977,16301,186.07,77,99,20,58,2239,0x0000000000000001,GpuIdle
2026-08-23T18:38:11.7024532-07:00,315.3,2970,16301,192.40,77,99,21,58,2239,0x0000000000000001,GpuIdle
2026-08-23T18:38:12.7330390-07:00,316.3,2970,16301,185.54,77,99,21,58,2239,0x0000000000000001,GpuIdle
2026-08-23T18:38:13.7677665-07:00,317.4,2970,16301,192.24,77,99,21,58,2239,0x0000000000000001,GpuIdle
2026-08-23T18:38:14.8151986-07:00,318.4,2977,16301,186.44,77,99,21,58,2239,0x0000000000000001,GpuIdle
2026-08-23T18:38:15.8524969-07:00,319.5,2977,16301,192.60,77,99,21,58,2239,0x0000000000000001,GpuIdle
2026-08-23T18:38:16.8870979-07:00,320.5,2970,16301,187.22,77,99,21,58,2239,0x0000000000000001,GpuIdle
2026-08-23T18:38:17.9172069-07:00,321.5,2970,16301,192.26,77,99,21,58,2239,0x0000000000000001,GpuIdle
2026-08-23T18:38:18.9514527-07:00,322.6,2977,16301,186.81,77,99,21,58,2239,0x0000000000000001,GpuIdle
2026-08-23T18:38:19.9824050-07:00,323.6,2970,16301,192.40,77,99,20,58,2239,0x0000000000000001,GpuIdle
2026-08-23T18:38:21.0168900-07:00,324.6,2955,16301,185.81,77,99,20,58,2239,0x0000000000000001,GpuIdle
2026-08-23T18:38:22.0507611-07:00,325.7,2970,16301,192.36,77,99,21,58,2239,0x0000000000000001,GpuIdle
2026-08-23T18:38:23.0977254-07:00,326.7,2962,16301,186.63,77,99,21,58,2239,0x0000000000000001,GpuIdle
2026-08-23T18:38:24.1319849-07:00,327.7,2970,16301,192.63,77,99,21,58,2239,0x0000000000000001,GpuIdle
2026-08-23T18:38:25.1662874-07:00,328.8,2970,16301,187.01,77,99,21,58,2239,0x0000000000000001,GpuIdle
2026-08-23T18:38:26.2050010-07:00,329.8,2970,16301,192.63,77,99,21,58,2239,0x0000000000000001,GpuIdle
2026-08-23T18:38:27.2433415-07:00,330.8,2970,16301,187.05,77,99,21,58,2239,0x0000000000000001,GpuIdle
2026-08-23T18:38:28.2824400-07:00,331.9,2977,16301,193.00,77,99,20,58,2239,0x0000000000000001,GpuIdle
2026-08-23T18:38:29.3162608-07:00,332.9,2962,16301,187.36,77,99,20,58,2239,0x0000000000000001,GpuIdle
2026-08-23T18:38:30.3513412-07:00,334,2970,16301,192.63,77,99,21,58,2239,0x0000000000000001,GpuIdle
2026-08-23T18:38:31.3855733-07:00,335,2970,16301,187.75,77,99,21,58,2239,0x0000000000000001,GpuIdle
2026-08-23T18:38:32.4243711-07:00,336,2970,16301,192.26,77,99,20,58,2239,0x0000000000000001,GpuIdle
2026-08-23T18:38:33.4633631-07:00,337.1,2970,16301,186.74,76,91,19,58,2239,0x0000000000000001,GpuIdle
2026-08-23T18:38:34.4972156-07:00,338.1,2970,16301,189.89,77,99,21,58,2239,0x0000000000000001,GpuIdle
2026-08-23T18:38:35.5314815-07:00,339.1,2970,16301,192.34,77,99,21,58,2239,0x0000000000000001,GpuIdle
2026-08-23T18:38:36.5658865-07:00,340.2,2970,16301,187.55,77,99,21,58,2239,0x0000000000000001,GpuIdle
2026-08-23T18:38:37.5999713-07:00,341.2,2970,16301,192.57,77,99,21,58,2239,0x0000000000000001,GpuIdle
2026-08-23T18:38:38.6465821-07:00,342.2,2977,16301,187.71,77,99,21,58,2239,0x0000000000000001,GpuIdle
2026-08-23T18:38:39.6854939-07:00,343.3,2970,16501,145.93,59,3,0,59,1326,0x0000000000000004,SwPowerCap
2026-08-23T18:38:40.7198539-07:00,344.3,3015,16501,32.04,57,3,0,59,2239,0x0000000000000001,GpuIdle
2026-08-23T18:38:41.7540971-07:00,345.4,2977,16301,186.23,75,99,20,58,2239,0x0000000000000000,None
2026-08-23T18:38:42.7887322-07:00,346.4,2977,16301,191.15,76,99,20,58,2239,0x0000000000000000,None
2026-08-23T18:38:43.8230515-07:00,347.4,2977,16301,185.66,76,99,20,57,2239,0x0000000000000000,None
2026-08-23T18:38:44.8576434-07:00,348.5,2977,16301,191.46,76,99,20,57,2239,0x0000000000000000,None
2026-08-23T18:38:45.8921095-07:00,349.5,2970,16301,186.43,77,99,20,57,2239,0x0000000000000000,None
2026-08-23T18:38:46.9257313-07:00,350.5,2970,16301,191.98,77,99,20,57,2239,0x0000000000000001,GpuIdle
2026-08-23T18:38:47.9603692-07:00,351.6,2962,16301,185.86,76,99,20,57,2239,0x0000000000000001,GpuIdle
2026-08-23T18:38:48.9947333-07:00,352.6,2970,16301,191.68,77,99,20,57,2239,0x0000000000000001,GpuIdle
2026-08-23T18:38:50.0504743-07:00,353.7,2970,16301,184.79,76,99,20,57,2239,0x0000000000000001,GpuIdle
2026-08-23T18:38:51.0969029-07:00,354.7,2970,16301,191.89,77,99,20,57,2239,0x0000000000000001,GpuIdle
2026-08-23T18:38:52.1357818-07:00,355.7,2970,16301,185.90,73,69,14,57,2239,0x0000000000000001,GpuIdle
2026-08-23T18:38:53.1703134-07:00,356.8,2977,16301,186.63,77,99,20,57,2239,0x0000000000000001,GpuIdle
2026-08-23T18:38:54.2167004-07:00,357.8,2977,16301,192.39,77,99,20,57,2239,0x0000000000000001,GpuIdle
2026-08-23T18:38:55.2632959-07:00,358.9,2977,16301,192.31,77,99,20,57,2239,0x0000000000000001,GpuIdle
2026-08-23T18:38:56.2978076-07:00,359.9,2962,16301,187.06,77,99,20,57,2239,0x0000000000000001,GpuIdle
2026-08-23T18:38:57.3245768-07:00,360.9,2977,16301,191.97,77,99,20,57,2239,0x0000000000000001,GpuIdle
2026-08-23T18:38:58.3581154-07:00,362,2977,16301,185.01,76,99,20,58,2239,0x0000000000000001,GpuIdle
2026-08-23T18:38:59.3928352-07:00,363,2970,16301,191.53,77,99,20,57,2239,0x0000000000000001,GpuIdle
2026-08-23T18:39:00.4272106-07:00,364,2970,16301,192.08,77,99,20,58,2239,0x0000000000000001,GpuIdle
2026-08-23T18:39:01.4612108-07:00,365.1,2977,16301,187.36,77,99,20,58,2239,0x0000000000000001,GpuIdle
2026-08-23T18:39:02.4956554-07:00,366.1,2977,16301,192.48,77,99,20,58,2239,0x0000000000000001,GpuIdle
2026-08-23T18:39:03.5300449-07:00,367.1,2970,16301,187.16,77,99,20,58,2239,0x0000000000000001,GpuIdle
2026-08-23T18:39:04.5643650-07:00,368.2,2970,16301,192.42,77,99,19,58,2239,0x0000000000000001,GpuIdle
2026-08-23T18:39:05.5987387-07:00,369.2,2970,16301,187.38,77,99,19,58,2239,0x0000000000000001,GpuIdle
2026-08-23T18:39:06.6415069-07:00,370.2,2970,16301,192.57,77,99,20,58,2239,0x0000000000000001,GpuIdle
2026-08-23T18:39:07.6893392-07:00,371.3,2970,16301,187.52,77,99,20,58,2239,0x0000000000000001,GpuIdle
2026-08-23T18:39:08.7228099-07:00,372.3,2970,16301,192.28,77,99,20,58,2239,0x0000000000000001,GpuIdle
2026-08-23T18:39:09.7697189-07:00,373.4,2970,16301,186.79,77,99,20,58,2239,0x0000000000000001,GpuIdle
2026-08-23T18:39:10.8040512-07:00,374.4,2970,16301,192.27,77,99,20,58,2239,0x0000000000000001,GpuIdle
2026-08-23T18:39:11.8426247-07:00,375.4,2977,16301,187.59,77,99,20,58,2239,0x0000000000000001,GpuIdle
2026-08-23T18:39:12.8769948-07:00,376.5,2970,16301,192.48,77,99,20,58,2239,0x0000000000000001,GpuIdle
2026-08-23T18:39:13.9113685-07:00,377.5,2970,16301,187.03,77,99,20,58,2239,0x0000000000000001,GpuIdle
2026-08-23T18:39:14.9499697-07:00,378.6,2970,16301,192.39,77,99,20,58,2239,0x0000000000000001,GpuIdle
2026-08-23T18:39:15.9842935-07:00,379.6,2962,16301,186.35,77,99,20,58,2239,0x0000000000000001,GpuIdle
2026-08-23T18:39:17.0270721-07:00,380.6,2970,16301,193.03,77,99,20,58,2239,0x0000000000000001,GpuIdle
2026-08-23T18:39:18.0614087-07:00,381.7,2962,16301,186.58,77,99,20,58,2239,0x0000000000000001,GpuIdle
2026-08-23T18:39:19.0958361-07:00,382.7,2970,16301,192.99,77,99,19,58,2239,0x0000000000000001,GpuIdle
2026-08-23T18:39:20.1302163-07:00,383.7,2970,16301,186.97,77,99,20,58,2239,0x0000000000000001,GpuIdle
2026-08-23T18:39:21.1648988-07:00,384.8,2970,16301,192.89,77,99,20,58,2239,0x0000000000000001,GpuIdle
2026-08-23T18:39:22.1989587-07:00,385.8,2970,16301,188.08,67,69,14,58,2239,0x0000000000000004,SwPowerCap
2026-08-23T18:39:23.2336953-07:00,386.8,2970,16301,187.55,77,99,20,58,2239,0x0000000000000001,GpuIdle
2026-08-23T18:39:24.2676832-07:00,387.9,2955,16301,185.79,77,99,20,58,2239,0x0000000000000001,GpuIdle
2026-08-23T18:39:25.3107757-07:00,388.9,2970,16301,192.51,77,99,20,58,2239,0x0000000000000001,GpuIdle
2026-08-23T18:39:26.3539670-07:00,390,2970,16301,187.45,77,99,20,58,2239,0x0000000000000001,GpuIdle
2026-08-23T18:39:27.3958755-07:00,391,2970,16301,192.73,77,99,20,58,2239,0x0000000000000001,GpuIdle
2026-08-23T18:39:28.4305956-07:00,392,2970,16301,186.59,74,68,13,58,2239,0x0000000000000001,GpuIdle
2026-08-23T18:39:29.4729677-07:00,393.1,2970,16301,187.20,77,99,20,58,2239,0x0000000000000001,GpuIdle
2026-08-23T18:39:30.5073631-07:00,394.1,2970,16301,196.11,79,100,20,58,2240,0x0000000000000001,GpuIdle
2026-08-23T18:39:31.5459727-07:00,395.1,2970,16301,188.20,78,99,20,58,2240,0x0000000000000001,GpuIdle
2026-08-23T18:39:32.5802920-07:00,396.2,2970,16301,193.43,78,99,20,58,2240,0x0000000000000001,GpuIdle
2026-08-23T18:39:33.6105774-07:00,397.2,2970,16301,187.38,78,99,20,58,2240,0x0000000000000001,GpuIdle
2026-08-23T18:39:34.6552318-07:00,398.3,2970,16301,193.75,78,99,20,59,2240,0x0000000000000001,GpuIdle
2026-08-23T18:39:35.6959120-07:00,399.3,2955,16301,191.01,78,99,19,59,2240,0x0000000000000001,GpuIdle
2026-08-23T18:39:36.7344842-07:00,400.3,2970,16301,169.24,61,3,1,59,1327,0x0000000000000001,GpuIdle
2026-08-23T18:39:37.7689231-07:00,401.4,3015,16301,32.55,57,18,4,59,2240,0x0000000000000000,None
2026-08-23T18:39:38.8036114-07:00,402.4,2977,16301,170.12,75,99,20,58,2240,0x0000000000000000,None
2026-08-23T18:39:39.8380123-07:00,403.4,2977,16301,191.42,76,99,20,58,2238,0x0000000000000000,None
2026-08-23T18:39:40.8766057-07:00,404.5,2970,16301,186.43,76,99,20,57,2238,0x0000000000000000,None
2026-08-23T18:39:41.9107043-07:00,405.5,2977,16301,191.96,76,99,20,57,2238,0x0000000000000000,None
2026-08-23T18:39:42.9452574-07:00,406.5,2970,16301,186.23,76,99,20,57,2238,0x0000000000000000,None
2026-08-23T18:39:44.0046552-07:00,407.6,2977,16301,191.72,77,99,20,57,2238,0x0000000000000000,None
2026-08-23T18:39:45.0432619-07:00,408.6,2970,16301,187.26,76,99,20,57,2238,0x0000000000000001,GpuIdle
2026-08-23T18:39:46.0774364-07:00,409.7,2970,16301,192.17,77,99,20,57,2238,0x0000000000000001,GpuIdle
2026-08-23T18:39:47.1081754-07:00,410.7,2970,16301,185.84,75,91,18,57,2238,0x0000000000000001,GpuIdle
2026-08-23T18:39:48.1427950-07:00,411.7,2977,16301,189.53,77,99,20,57,2238,0x0000000000000001,GpuIdle
2026-08-23T18:39:49.1770334-07:00,412.8,2977,16301,192.50,77,99,20,57,2238,0x0000000000000001,GpuIdle
2026-08-23T18:39:50.2110072-07:00,413.8,2970,16301,186.74,77,99,20,57,2238,0x0000000000000001,GpuIdle
2026-08-23T18:39:51.2453602-07:00,414.8,2970,16301,192.00,77,99,20,57,2238,0x0000000000000001,GpuIdle
2026-08-23T18:39:52.2794567-07:00,415.9,2970,16301,192.07,77,99,20,57,2238,0x0000000000000001,GpuIdle
2026-08-23T18:39:53.3141013-07:00,416.9,2970,16301,186.65,76,99,20,57,2244,0x0000000000000001,GpuIdle
2026-08-23T18:39:54.3483167-07:00,417.9,2970,16301,192.40,77,99,20,57,2244,0x0000000000000001,GpuIdle
2026-08-23T18:39:55.3790910-07:00,419,2970,16301,186.75,66,68,13,57,2238,0x0000000000000004,SwPowerCap
2026-08-23T18:39:56.4252844-07:00,420,2970,16301,186.79,77,99,20,58,2238,0x0000000000000001,GpuIdle
2026-08-23T18:39:57.4639937-07:00,421.1,2970,16301,192.25,77,99,20,58,2238,0x0000000000000001,GpuIdle
2026-08-23T18:39:58.4941858-07:00,422.1,2977,16301,186.92,77,99,20,58,2238,0x0000000000000001,GpuIdle
2026-08-23T18:39:59.5284240-07:00,423.1,2977,16301,192.47,77,99,20,58,2238,0x0000000000000001,GpuIdle
2026-08-23T18:40:00.5592583-07:00,424.2,2970,16301,187.15,77,99,20,58,2238,0x0000000000000001,GpuIdle
2026-08-23T18:40:01.5955703-07:00,425.2,2970,16301,192.48,77,99,20,58,2238,0x0000000000000001,GpuIdle
2026-08-23T18:40:02.6358285-07:00,426.2,2970,16301,187.15,77,99,20,58,2238,0x0000000000000001,GpuIdle
2026-08-23T18:40:03.6709616-07:00,427.3,2970,16301,192.25,77,99,20,58,2238,0x0000000000000001,GpuIdle
2026-08-23T18:40:04.7051945-07:00,428.3,2962,16301,186.12,77,99,20,58,2238,0x0000000000000001,GpuIdle
2026-08-23T18:40:05.7435232-07:00,429.3,2970,16301,192.56,77,99,20,58,2238,0x0000000000000001,GpuIdle
2026-08-23T18:40:06.7778574-07:00,430.4,2970,16301,186.91,77,99,20,58,2238,0x0000000000000001,GpuIdle
2026-08-23T18:40:07.8119876-07:00,431.4,2970,16301,192.12,77,99,20,58,2238,0x0000000000000001,GpuIdle
2026-08-23T18:40:08.8465376-07:00,432.4,2970,16301,187.30,77,99,20,58,2238,0x0000000000000001,GpuIdle
2026-08-23T18:40:09.8767270-07:00,433.5,2970,16301,192.38,77,99,20,58,2238,0x0000000000000001,GpuIdle
2026-08-23T18:40:10.9151573-07:00,434.5,2970,16301,186.97,77,99,20,58,2238,0x0000000000000001,GpuIdle
2026-08-23T18:40:11.9576695-07:00,435.6,2970,16301,192.18,77,99,20,58,2238,0x0000000000000001,GpuIdle
2026-08-23T18:40:12.9884472-07:00,436.6,2962,16301,186.70,77,99,20,58,2238,0x0000000000000001,GpuIdle
2026-08-23T18:40:14.0222759-07:00,437.6,2970,16301,192.49,77,99,20,58,2238,0x0000000000000001,GpuIdle
2026-08-23T18:40:15.0570159-07:00,438.7,2970,16301,186.03,77,99,20,58,2238,0x0000000000000001,GpuIdle
2026-08-23T18:40:16.0911838-07:00,439.7,2970,16301,192.54,77,99,20,58,2238,0x0000000000000001,GpuIdle
2026-08-23T18:40:17.1256223-07:00,440.7,2970,16301,186.92,73,69,14,58,2238,0x0000000000000001,GpuIdle
2026-08-23T18:40:18.1600182-07:00,441.8,2970,16301,192.72,77,99,20,58,2238,0x0000000000000001,GpuIdle
2026-08-23T18:40:19.1943629-07:00,442.8,2970,16301,192.64,77,99,20,58,2238,0x0000000000000001,GpuIdle
2026-08-23T18:40:20.2573277-07:00,443.9,2970,16301,192.52,77,99,20,58,2238,0x0000000000000001,GpuIdle
2026-08-23T18:40:21.2926006-07:00,444.9,2962,16301,187.22,78,99,20,58,2238,0x0000000000000001,GpuIdle
2026-08-23T18:40:22.3266000-07:00,445.9,2970,16301,192.61,77,99,20,58,2238,0x0000000000000001,GpuIdle
2026-08-23T18:40:23.3611525-07:00,447,2970,16301,186.83,76,99,20,58,2238,0x0000000000000001,GpuIdle
2026-08-23T18:40:24.3956511-07:00,448,2970,16301,191.64,77,99,20,58,2238,0x0000000000000001,GpuIdle
2026-08-23T18:40:25.4296826-07:00,449,2970,16301,192.53,78,99,20,58,2238,0x0000000000000001,GpuIdle
2026-08-23T18:40:26.4641105-07:00,450.1,2970,16301,185.21,77,99,20,58,2238,0x0000000000000001,GpuIdle
2026-08-23T18:40:27.5110012-07:00,451.1,2970,16301,192.75,77,99,20,59,2238,0x0000000000000001,GpuIdle
2026-08-23T18:40:28.5495032-07:00,452.2,2970,16301,186.97,77,99,20,59,2238,0x0000000000000001,GpuIdle
2026-08-23T18:40:29.5839645-07:00,453.2,2970,16301,192.43,78,99,20,58,2238,0x0000000000000001,GpuIdle
2026-08-23T18:40:30.6186382-07:00,454.2,2970,16301,186.64,77,99,20,59,2238,0x0000000000000001,GpuIdle
2026-08-23T18:40:31.6530337-07:00,455.3,2970,16301,192.60,77,99,20,59,2238,0x0000000000000001,GpuIdle
2026-08-23T18:40:32.6870496-07:00,456.3,2970,16301,186.61,77,99,20,59,2238,0x0000000000000001,GpuIdle
2026-08-23T18:40:33.7214213-07:00,457.3,2970,16301,192.45,78,99,20,59,1324,0x0000000000000001,GpuIdle
2026-08-23T18:40:34.7558076-07:00,458.4,3015,16501,48.26,58,3,0,59,1324,0x0000000000000001,GpuIdle
2026-08-23T18:40:35.7902412-07:00,459.4,2977,16301,140.74,75,99,20,59,2238,0x0000000000000000,None
2026-08-23T18:40:36.8246172-07:00,460.4,2977,16301,191.12,76,99,20,58,2238,0x0000000000000000,None
2026-08-23T18:40:37.8589596-07:00,461.5,2970,16301,185.92,76,99,20,58,2238,0x0000000000000000,None
2026-08-23T18:40:38.8996594-07:00,462.5,2977,16301,191.61,76,99,20,57,2238,0x0000000000000000,None
2026-08-23T18:40:39.9443846-07:00,463.5,2970,16301,185.95,76,99,20,57,2238,0x0000000000000000,None
2026-08-23T18:40:40.9787687-07:00,464.6,2970,16301,192.00,77,99,20,57,2238,0x0000000000000000,None
2026-08-23T18:40:42.0173665-07:00,465.6,2970,16301,186.30,72,68,14,57,2238,0x0000000000000001,GpuIdle
2026-08-23T18:40:43.0558924-07:00,466.7,2977,16301,186.41,77,99,20,57,2238,0x0000000000000001,GpuIdle
2026-08-23T18:40:44.0903688-07:00,467.7,2970,16301,192.43,77,99,20,57,2238,0x0000000000000001,GpuIdle
2026-08-23T18:40:45.1247145-07:00,468.7,2977,16301,186.16,77,99,20,57,2238,0x0000000000000001,GpuIdle
2026-08-23T18:40:46.1673622-07:00,469.8,2977,16301,192.28,77,99,20,57,2238,0x0000000000000001,GpuIdle
2026-08-23T18:40:47.2017932-07:00,470.8,2977,16301,185.98,77,99,20,57,2238,0x0000000000000001,GpuIdle
2026-08-23T18:40:48.2403052-07:00,471.8,2970,16301,192.50,77,99,20,57,2238,0x0000000000000001,GpuIdle
2026-08-23T18:40:49.2747251-07:00,472.9,2970,16301,191.17,77,99,20,57,2238,0x0000000000000001,GpuIdle
2026-08-23T18:40:50.3091181-07:00,473.9,2977,16301,192.42,77,99,20,57,2238,0x0000000000000001,GpuIdle
2026-08-23T18:40:51.3438003-07:00,474.9,2970,16301,186.24,77,99,20,57,2238,0x0000000000000001,GpuIdle
2026-08-23T18:40:52.3778690-07:00,476,2970,16301,192.19,77,99,20,58,2238,0x0000000000000001,GpuIdle
2026-08-23T18:40:53.4122475-07:00,477,2977,16301,187.57,77,99,20,58,2238,0x0000000000000001,GpuIdle
2026-08-23T18:40:54.4507586-07:00,478.1,2970,16301,192.34,77,99,20,58,2238,0x0000000000000001,GpuIdle
2026-08-23T18:40:55.4809744-07:00,479.1,2970,16301,187.08,77,99,20,58,2238,0x0000000000000001,GpuIdle
2026-08-23T18:40:56.5153692-07:00,480.1,2970,16301,192.48,77,99,20,58,2238,0x0000000000000001,GpuIdle
2026-08-23T18:40:57.5634683-07:00,481.2,2970,16301,186.07,77,99,20,58,2238,0x0000000000000001,GpuIdle
2026-08-23T18:40:58.6178441-07:00,482.2,2970,16301,192.14,77,99,20,58,2244,0x0000000000000001,GpuIdle
2026-08-23T18:40:59.6518777-07:00,483.3,2962,16301,186.18,77,99,20,58,2244,0x0000000000000001,GpuIdle
2026-08-23T18:41:00.6904929-07:00,484.3,2970,16301,194.34,78,99,20,58,2243,0x0000000000000001,GpuIdle
2026-08-23T18:41:01.7251410-07:00,485.3,2962,16301,187.30,77,99,20,58,2243,0x0000000000000001,GpuIdle
2026-08-23T18:41:02.7591991-07:00,486.4,2970,16301,192.32,78,99,20,58,2243,0x0000000000000001,GpuIdle
2026-08-23T18:41:03.7935794-07:00,487.4,2970,16301,186.94,77,99,20,58,2243,0x0000000000000001,GpuIdle
2026-08-23T18:41:04.8324943-07:00,488.4,2970,16301,192.47,77,99,20,58,2243,0x0000000000000001,GpuIdle
2026-08-23T18:41:05.8707054-07:00,489.5,2962,16301,186.40,77,99,20,58,2243,0x0000000000000001,GpuIdle
2026-08-23T18:41:06.9055034-07:00,490.5,2970,16301,192.85,78,99,20,58,2243,0x0000000000000001,GpuIdle
2026-08-23T18:41:07.9397486-07:00,491.5,2962,16301,187.33,77,99,20,58,2243,0x0000000000000001,GpuIdle
2026-08-23T18:41:08.9742789-07:00,492.6,2970,16301,192.83,77,99,20,58,2243,0x0000000000000001,GpuIdle
2026-08-23T18:41:10.0083397-07:00,493.6,2970,16301,187.68,77,99,20,58,2243,0x0000000000000001,GpuIdle
2026-08-23T18:41:11.0427288-07:00,494.6,2970,16301,192.44,78,99,20,58,2243,0x0000000000000001,GpuIdle
2026-08-23T18:41:12.0727808-07:00,495.7,2970,16301,188.44,68,70,14,58,2243,0x0000000000000004,SwPowerCap
2026-08-23T18:41:13.1072167-07:00,496.7,2970,16301,186.98,77,99,20,58,2243,0x0000000000000001,GpuIdle
2026-08-23T18:41:14.1506952-07:00,497.8,2970,16301,192.39,78,99,20,59,2243,0x0000000000000001,GpuIdle
2026-08-23T18:41:15.1940861-07:00,498.8,2970,16301,186.48,78,99,20,59,2243,0x0000000000000001,GpuIdle
2026-08-23T18:41:16.2316662-07:00,499.8,2970,16301,192.37,78,99,20,59,2243,0x0000000000000001,GpuIdle
2026-08-23T18:41:17.2658895-07:00,500.9,2970,16301,192.42,77,99,20,59,2243,0x0000000000000001,GpuIdle
2026-08-23T18:41:18.3000810-07:00,501.9,2970,16301,186.64,74,67,13,59,2243,0x0000000000000001,GpuIdle
2026-08-23T18:41:19.3344551-07:00,502.9,2970,16301,187.04,77,99,20,59,2243,0x0000000000000001,GpuIdle
2026-08-23T18:41:20.3689140-07:00,504,2970,16301,192.38,77,99,20,59,2243,0x0000000000000001,GpuIdle
2026-08-23T18:41:21.3996042-07:00,505,2970,16301,187.10,77,99,20,59,2243,0x0000000000000001,GpuIdle
2026-08-23T18:41:22.4340329-07:00,506,2970,16301,192.41,78,99,20,59,2243,0x0000000000000001,GpuIdle
2026-08-23T18:41:23.4684969-07:00,507.1,2970,16301,187.51,78,99,20,59,2243,0x0000000000000001,GpuIdle
2026-08-23T18:41:24.5024888-07:00,508.1,2970,16301,192.57,77,99,20,59,2243,0x0000000000000001,GpuIdle
2026-08-23T18:41:25.5364256-07:00,509.1,2970,16301,186.63,77,99,20,59,2243,0x0000000000000001,GpuIdle
2026-08-23T18:41:26.5709482-07:00,510.2,2970,16301,192.84,78,99,20,59,2243,0x0000000000000001,GpuIdle
2026-08-23T18:41:27.6053359-07:00,511.2,2962,16301,187.51,77,99,20,59,2243,0x0000000000000001,GpuIdle
2026-08-23T18:41:28.6397982-07:00,512.2,2970,16301,192.46,77,99,20,59,2243,0x0000000000000001,GpuIdle
2026-08-23T18:41:29.6826147-07:00,513.3,2955,16301,187.43,77,99,20,59,2243,0x0000000000000001,GpuIdle
2026-08-23T18:41:30.7168681-07:00,514.3,2970,16301,192.85,78,99,20,59,1330,0x0000000000000001,GpuIdle
2026-08-23T18:41:31.7513818-07:00,515.4,3015,16501,74.81,58,3,1,60,1336,0x0000000000000001,GpuIdle
2026-08-23T18:41:32.7904747-07:00,516.4,2977,16301,121.09,75,99,20,59,2249,0x0000000000000000,None
2026-08-23T18:41:33.8339114-07:00,517.4,2977,16301,191.21,76,99,20,58,2247,0x0000000000000000,None
2026-08-23T18:41:34.8675390-07:00,518.5,2977,16301,186.13,75,99,20,58,2247,0x0000000000000000,None
2026-08-23T18:41:35.9015558-07:00,519.5,2977,16301,191.75,76,99,20,57,2247,0x0000000000000000,None
2026-08-23T18:41:36.9316572-07:00,520.5,2977,16301,188.86,68,75,15,57,2247,0x0000000000000004,SwPowerCap
2026-08-23T18:41:37.9658543-07:00,521.6,2977,16301,187.03,76,99,20,57,2247,0x0000000000000000,None
2026-08-23T18:41:38.9959260-07:00,522.6,2977,16301,192.40,77,99,20,57,2247,0x0000000000000001,GpuIdle
2026-08-23T18:41:40.0303116-07:00,523.6,2977,16301,187.16,77,99,20,57,2247,0x0000000000000001,GpuIdle
2026-08-23T18:41:41.0651361-07:00,524.7,2977,16301,192.21,77,99,20,57,2247,0x0000000000000001,GpuIdle
2026-08-23T18:41:42.1032944-07:00,525.7,2977,16301,186.46,77,99,20,57,2247,0x0000000000000001,GpuIdle
2026-08-23T18:41:43.1376420-07:00,526.7,2977,16301,192.10,77,99,20,57,2247,0x0000000000000001,GpuIdle
2026-08-23T18:41:44.1720750-07:00,527.8,2970,16301,186.07,77,99,20,57,2247,0x0000000000000001,GpuIdle
2026-08-23T18:41:45.2192417-07:00,528.8,2977,16301,192.31,77,99,20,57,2247,0x0000000000000001,GpuIdle
2026-08-23T18:41:46.2536240-07:00,529.9,2962,16301,187.59,77,99,20,57,2247,0x0000000000000001,GpuIdle
2026-08-23T18:41:47.2918326-07:00,530.9,2970,16301,192.41,77,99,20,57,2247,0x0000000000000001,GpuIdle
2026-08-23T18:41:48.3262608-07:00,531.9,2977,16301,187.26,77,99,20,57,2247,0x0000000000000001,GpuIdle
2026-08-23T18:41:49.3609579-07:00,533,2977,16301,192.66,77,99,20,57,2247,0x0000000000000001,GpuIdle
2026-08-23T18:41:50.3949997-07:00,534,2970,16301,186.69,77,99,20,58,2247,0x0000000000000001,GpuIdle
2026-08-23T18:41:51.4294397-07:00,535,2970,16301,192.11,77,99,20,57,2247,0x0000000000000001,GpuIdle
2026-08-23T18:41:52.4817035-07:00,536.1,2970,16301,186.34,77,99,20,58,2247,0x0000000000000001,GpuIdle
2026-08-23T18:41:53.5190078-07:00,537.1,2970,16301,191.99,77,99,20,58,2247,0x0000000000000001,GpuIdle
2026-08-23T18:41:54.5534143-07:00,538.2,2962,16301,187.08,77,99,20,58,2247,0x0000000000000001,GpuIdle
2026-08-23T18:41:55.5877419-07:00,539.2,2970,16301,192.54,77,99,20,58,2247,0x0000000000000001,GpuIdle
2026-08-23T18:41:56.6265962-07:00,540.2,2970,16301,186.46,77,99,20,58,2247,0x0000000000000001,GpuIdle
2026-08-23T18:41:57.6652071-07:00,541.3,2970,16301,192.34,77,99,20,58,2247,0x0000000000000001,GpuIdle
2026-08-23T18:41:58.7037059-07:00,542.3,2970,16301,186.81,75,70,14,58,2247,0x0000000000000001,GpuIdle
2026-08-23T18:41:59.7419605-07:00,543.3,2970,16301,187.20,77,99,20,58,2247,0x0000000000000001,GpuIdle
2026-08-23T18:42:00.7846703-07:00,544.4,2962,16301,187.42,78,99,20,58,2247,0x0000000000000001,GpuIdle
2026-08-23T18:42:01.8232541-07:00,545.4,2970,16301,192.46,77,99,20,58,2247,0x0000000000000001,GpuIdle
2026-08-23T18:42:02.8576297-07:00,546.5,2962,16301,187.20,77,99,20,58,2247,0x0000000000000001,GpuIdle
2026-08-23T18:42:03.8920094-07:00,547.5,2970,16301,192.72,77,99,20,58,2247,0x0000000000000001,GpuIdle
2026-08-23T18:42:04.9305354-07:00,548.5,2970,16301,185.64,77,99,20,58,2247,0x0000000000000001,GpuIdle
2026-08-23T18:42:05.9649842-07:00,549.6,2970,16301,192.23,77,99,20,58,2247,0x0000000000000001,GpuIdle
2026-08-23T18:42:07.0034930-07:00,550.6,2970,16301,191.21,75,85,17,58,2247,0x0000000000000004,SwPowerCap
2026-08-23T18:42:08.0378976-07:00,551.6,2970,16301,187.65,77,99,20,58,2247,0x0000000000000001,GpuIdle
2026-08-23T18:42:09.0764678-07:00,552.7,2970,16301,192.85,78,99,20,58,2247,0x0000000000000001,GpuIdle
2026-08-23T18:42:10.1257389-07:00,553.7,2977,16301,187.11,77,99,20,58,2247,0x0000000000000001,GpuIdle
2026-08-23T18:42:11.1702055-07:00,554.8,2970,16301,192.73,77,99,20,58,2247,0x0000000000000001,GpuIdle
2026-08-23T18:42:12.2046188-07:00,555.8,2970,16301,186.81,77,99,20,58,2247,0x0000000000000001,GpuIdle
2026-08-23T18:42:13.2389844-07:00,556.8,2970,16301,192.87,78,99,20,58,2247,0x0000000000000001,GpuIdle
2026-08-23T18:42:14.2858786-07:00,557.9,2970,16301,187.48,77,99,20,58,2247,0x0000000000000001,GpuIdle
2026-08-23T18:42:15.3285538-07:00,558.9,2970,16301,192.86,77,99,20,58,2247,0x0000000000000001,GpuIdle
2026-08-23T18:42:16.3713423-07:00,560,2970,16301,186.58,78,99,20,58,2247,0x0000000000000001,GpuIdle
2026-08-23T18:42:17.4056920-07:00,561,2970,16301,192.97,78,99,20,58,2247,0x0000000000000001,GpuIdle
2026-08-23T18:42:18.4484901-07:00,562,2970,16301,187.63,77,99,20,59,2247,0x0000000000000001,GpuIdle
2026-08-23T18:42:19.4870981-07:00,563.1,2970,16301,192.95,77,99,20,59,2247,0x0000000000000001,GpuIdle
2026-08-23T18:42:20.5213411-07:00,564.1,2970,16301,187.20,77,99,20,59,2247,0x0000000000000001,GpuIdle
2026-08-23T18:42:21.5561103-07:00,565.2,2970,16301,193.05,77,99,20,59,2247,0x0000000000000001,GpuIdle
2026-08-23T18:42:22.5901408-07:00,566.2,2970,16301,186.86,77,99,20,59,2247,0x0000000000000001,GpuIdle
2026-08-23T18:42:23.6245386-07:00,567.2,2970,16301,192.98,77,99,20,59,2247,0x0000000000000001,GpuIdle
2026-08-23T18:42:24.6589230-07:00,568.3,2962,16301,187.35,77,99,20,59,2247,0x0000000000000001,GpuIdle
2026-08-23T18:42:25.6933065-07:00,569.3,2970,16301,193.20,77,99,20,59,2247,0x0000000000000001,GpuIdle
2026-08-23T18:42:26.7278609-07:00,570.3,2970,16301,188.10,77,99,20,59,2247,0x0000000000000001,GpuIdle
2026-08-23T18:42:27.7624320-07:00,571.4,2970,16301,166.68,60,3,1,59,1334,0x0000000000000001,GpuIdle
2026-08-23T18:42:28.8050409-07:00,572.4,3015,16501,32.39,58,3,0,59,1334,0x0000000000000001,GpuIdle
2026-08-23T18:42:29.8435842-07:00,573.4,2977,16301,100.30,75,99,20,59,2247,0x0000000000000000,None
2026-08-23T18:42:30.8776895-07:00,574.5,2977,16301,191.20,76,99,20,58,2247,0x0000000000000000,None
2026-08-23T18:42:31.9247791-07:00,575.5,2977,16301,186.28,72,70,14,58,2247,0x0000000000000000,None
2026-08-23T18:42:32.9555370-07:00,576.6,2977,16301,187.03,77,99,20,57,2247,0x0000000000000000,None
2026-08-23T18:42:33.9936998-07:00,577.6,2977,16301,192.01,77,99,20,57,2247,0x0000000000000000,None
2026-08-23T18:42:35.0277615-07:00,578.6,2970,16301,185.29,77,99,20,57,2247,0x0000000000000000,None
2026-08-23T18:42:36.0621125-07:00,579.7,2970,16301,191.99,76,99,20,57,2247,0x0000000000000001,GpuIdle
2026-08-23T18:42:37.0965168-07:00,580.7,2977,16301,187.18,77,99,20,57,2247,0x0000000000000001,GpuIdle
2026-08-23T18:42:38.1311924-07:00,581.7,2970,16301,192.15,77,100,20,57,2247,0x0000000000000001,GpuIdle
2026-08-23T18:42:39.1652506-07:00,582.8,2970,16301,187.03,77,99,20,57,2247,0x0000000000000001,GpuIdle
2026-08-23T18:42:40.2038065-07:00,583.8,2970,16301,192.12,77,99,20,57,2247,0x0000000000000001,GpuIdle
2026-08-23T18:42:41.2381830-07:00,584.8,2962,16301,186.93,77,99,20,57,2237,0x0000000000000001,GpuIdle
2026-08-23T18:42:42.2728547-07:00,585.9,2977,16301,192.52,77,99,20,57,2237,0x0000000000000001,GpuIdle
2026-08-23T18:42:43.3070572-07:00,586.9,2977,16301,186.48,76,99,20,57,2232,0x0000000000000001,GpuIdle
2026-08-23T18:42:44.3459419-07:00,587.9,2977,16301,192.62,77,99,20,57,2232,0x0000000000000001,GpuIdle
2026-08-23T18:42:45.3798995-07:00,589,2977,16301,186.75,77,99,20,57,2232,0x0000000000000001,GpuIdle
2026-08-23T18:42:46.4159997-07:00,590,2977,16301,192.51,77,99,20,57,2232,0x0000000000000001,GpuIdle
2026-08-23T18:42:47.4614593-07:00,591.1,2970,16301,186.87,77,99,20,58,2232,0x0000000000000001,GpuIdle
2026-08-23T18:42:48.4959671-07:00,592.1,2970,16301,192.48,77,99,20,58,2232,0x0000000000000001,GpuIdle
2026-08-23T18:42:49.5303345-07:00,593.1,2962,16301,187.19,77,99,20,58,2232,0x0000000000000001,GpuIdle
2026-08-23T18:42:50.5644157-07:00,594.2,2970,16301,192.25,77,99,20,58,2232,0x0000000000000001,GpuIdle
2026-08-23T18:42:51.5986743-07:00,595.2,2962,16301,187.12,77,99,20,58,2232,0x0000000000000001,GpuIdle
2026-08-23T18:42:52.6331127-07:00,596.2,2970,16301,192.41,77,99,20,58,2232,0x0000000000000001,GpuIdle
2026-08-23T18:42:53.6716371-07:00,597.3,2970,16301,187.02,76,99,20,58,2232,0x0000000000000001,GpuIdle
2026-08-23T18:42:54.7063414-07:00,598.3,2970,16301,192.34,77,99,20,58,2232,0x0000000000000001,GpuIdle
2026-08-23T18:42:55.7446698-07:00,599.3,2970,16301,192.53,77,98,19,58,2232,0x0000000000000001,GpuIdle
2026-08-23T18:42:56.7792502-07:00,600.4,2970,16301,192.46,77,99,20,58,2232,0x0000000000000001,GpuIdle
2026-08-23T18:42:57.8134558-07:00,601.4,2962,16301,187.33,77,99,20,58,2232,0x0000000000000001,GpuIdle
2026-08-23T18:42:58.8478294-07:00,602.4,2970,16301,192.40,77,99,20,58,2232,0x0000000000000001,GpuIdle
2026-08-23T18:42:59.8823853-07:00,603.5,2970,16301,186.87,77,99,20,58,2232,0x0000000000000001,GpuIdle
2026-08-23T18:43:00.9165853-07:00,604.5,2970,16301,192.57,77,99,20,58,2232,0x0000000000000001,GpuIdle
2026-08-23T18:43:01.9510033-07:00,605.6,2970,16301,187.17,73,68,13,58,2232,0x0000000000000001,GpuIdle
2026-08-23T18:43:02.9981010-07:00,606.6,2970,16301,187.39,77,99,20,58,2232,0x0000000000000001,GpuIdle
2026-08-23T18:43:04.0525526-07:00,607.7,2970,16301,192.74,77,99,20,58,2232,0x0000000000000001,GpuIdle
2026-08-23T18:43:05.0915196-07:00,608.7,2970,16301,186.96,77,99,20,58,2232,0x0000000000000001,GpuIdle
2026-08-23T18:43:06.1263953-07:00,609.7,2970,16301,193.06,78,99,20,58,2232,0x0000000000000001,GpuIdle
2026-08-23T18:43:07.1605770-07:00,610.8,2970,16301,187.29,77,99,20,58,2232,0x0000000000000001,GpuIdle
2026-08-23T18:43:08.1947072-07:00,611.8,2970,16301,192.81,78,99,20,58,2232,0x0000000000000001,GpuIdle
2026-08-23T18:43:09.2294264-07:00,612.8,2970,16301,186.95,77,99,20,58,2232,0x0000000000000001,GpuIdle
2026-08-23T18:43:10.2675884-07:00,613.9,2970,16301,192.82,77,99,20,58,2232,0x0000000000000001,GpuIdle
2026-08-23T18:43:11.2979406-07:00,614.9,2970,16301,186.46,77,99,20,58,2232,0x0000000000000001,GpuIdle
2026-08-23T18:43:12.3282212-07:00,615.9,2970,16301,192.69,77,99,20,58,2232,0x0000000000000001,GpuIdle
2026-08-23T18:43:13.3626999-07:00,617,2970,16301,188.23,77,99,20,58,2232,0x0000000000000001,GpuIdle
2026-08-23T18:43:14.3967750-07:00,618,2970,16301,192.99,77,99,20,58,2232,0x0000000000000001,GpuIdle
2026-08-23T18:43:15.4314907-07:00,619,2970,16301,186.49,77,99,20,58,2232,0x0000000000000001,GpuIdle
2026-08-23T18:43:16.4617419-07:00,620.1,2970,16301,192.69,77,99,20,58,2232,0x0000000000000001,GpuIdle
2026-08-23T18:43:17.4960403-07:00,621.1,2970,16301,187.46,77,99,20,58,2232,0x0000000000000001,GpuIdle
2026-08-23T18:43:18.5301207-07:00,622.1,2970,16301,192.90,78,99,20,58,2232,0x0000000000000001,GpuIdle
2026-08-23T18:43:19.5686790-07:00,623.2,2962,16301,187.51,77,99,20,58,2232,0x0000000000000001,GpuIdle
2026-08-23T18:43:20.6072658-07:00,624.2,2970,16301,192.76,77,99,20,58,2232,0x0000000000000001,GpuIdle
2026-08-23T18:43:21.6419251-07:00,625.2,2962,16301,186.86,77,99,20,59,2240,0x0000000000000001,GpuIdle
2026-08-23T18:43:22.6772701-07:00,626.3,2970,16301,192.96,77,99,20,59,2238,0x0000000000000001,GpuIdle
2026-08-23T18:43:23.7149183-07:00,627.3,2970,16301,186.60,75,96,19,59,2238,0x0000000000000001,GpuIdle
2026-08-23T18:43:24.7493323-07:00,628.4,2977,16301,191.13,77,99,20,59,1982,0x0000000000000001,GpuIdle
2026-08-23T18:43:25.7837503-07:00,629.4,3015,16501,34.65,58,4,1,59,1325,0x0000000000000001,GpuIdle
2026-08-23T18:43:26.8180242-07:00,630.4,2977,16301,88.22,74,99,20,59,2238,0x0000000000000000,None
2026-08-23T18:43:27.8521283-07:00,631.5,2977,16301,190.21,75,99,20,58,2238,0x0000000000000000,None
2026-08-23T18:43:28.8864469-07:00,632.5,2977,16301,191.08,76,99,20,58,2238,0x0000000000000000,None
2026-08-23T18:43:29.9208632-07:00,633.5,2977,16301,185.88,76,99,20,57,2238,0x0000000000000000,None
2026-08-23T18:43:30.9593932-07:00,634.6,2977,16301,191.74,77,99,20,57,2238,0x0000000000000000,None
2026-08-23T18:43:31.9937802-07:00,635.6,2977,16301,186.30,77,99,20,57,2238,0x0000000000000000,None
2026-08-23T18:43:33.0326791-07:00,636.6,2977,16301,191.79,77,99,20,57,2238,0x0000000000000001,GpuIdle
2026-08-23T18:43:34.0795541-07:00,637.7,2977,16301,185.64,76,99,20,57,2238,0x0000000000000001,GpuIdle
2026-08-23T18:43:35.1177826-07:00,638.7,2977,16301,191.63,77,99,20,57,2238,0x0000000000000001,GpuIdle
2026-08-23T18:43:36.1563657-07:00,639.8,2970,16301,185.60,77,99,20,57,2238,0x0000000000000001,GpuIdle
2026-08-23T18:43:37.1949195-07:00,640.8,2977,16301,192.10,77,99,20,57,2238,0x0000000000000001,GpuIdle
2026-08-23T18:43:38.2334597-07:00,641.8,2962,16301,186.23,76,99,20,57,2238,0x0000000000000001,GpuIdle
2026-08-23T18:43:39.2677693-07:00,642.9,2977,16301,191.56,77,99,20,57,2238,0x0000000000000001,GpuIdle
2026-08-23T18:43:40.3067385-07:00,643.9,2970,16301,186.64,77,99,20,57,2238,0x0000000000000001,GpuIdle
2026-08-23T18:43:41.3460964-07:00,644.9,2970,16301,191.27,77,99,20,57,2238,0x0000000000000001,GpuIdle
2026-08-23T18:43:42.3834575-07:00,646,2970,16301,185.51,77,99,20,57,2238,0x0000000000000001,GpuIdle
2026-08-23T18:43:43.4180733-07:00,647,2977,16301,192.05,77,99,20,57,2238,0x0000000000000001,GpuIdle
2026-08-23T18:43:44.4528618-07:00,648.1,2962,16301,184.98,77,99,20,57,2238,0x0000000000000001,GpuIdle
2026-08-23T18:43:45.4908200-07:00,649.1,2977,16301,191.85,77,99,20,57,2238,0x0000000000000001,GpuIdle
2026-08-23T18:43:46.5252063-07:00,650.1,2970,16301,186.14,77,99,20,57,2238,0x0000000000000001,GpuIdle
2026-08-23T18:43:47.5595423-07:00,651.2,2970,16301,191.90,77,99,20,57,2238,0x0000000000000001,GpuIdle
2026-08-23T18:43:48.5942666-07:00,652.2,2970,16301,186.93,75,71,14,58,2238,0x0000000000000001,GpuIdle
2026-08-23T18:43:49.6408728-07:00,653.2,2970,16301,186.59,77,99,20,58,2238,0x0000000000000001,GpuIdle
2026-08-23T18:43:50.6797423-07:00,654.3,2970,16301,191.86,77,99,20,58,2238,0x0000000000000001,GpuIdle
2026-08-23T18:43:51.7137547-07:00,655.3,2970,16301,186.85,77,99,20,58,2238,0x0000000000000001,GpuIdle
2026-08-23T18:43:52.7481972-07:00,656.3,2970,16301,191.94,77,99,20,58,2238,0x0000000000000001,GpuIdle
2026-08-23T18:43:53.7825648-07:00,657.4,2970,16301,191.86,77,99,20,58,2238,0x0000000000000001,GpuIdle
2026-08-23T18:43:54.8210556-07:00,658.4,2970,16301,185.97,76,99,20,58,2238,0x0000000000000001,GpuIdle
2026-08-23T18:43:55.8555339-07:00,659.5,2970,16301,191.81,77,99,20,58,2238,0x0000000000000001,GpuIdle
2026-08-23T18:43:56.8898497-07:00,660.5,2970,16301,192.08,77,95,19,58,2238,0x0000000000000001,GpuIdle
2026-08-23T18:43:57.9204375-07:00,661.5,2977,16301,186.81,77,99,20,58,2238,0x0000000000000001,GpuIdle
2026-08-23T18:43:58.9553238-07:00,662.6,2977,16301,192.57,77,99,20,58,2238,0x0000000000000001,GpuIdle
2026-08-23T18:44:00.0003276-07:00,663.6,2970,16301,186.77,77,99,20,58,2238,0x0000000000000001,GpuIdle
2026-08-23T18:44:01.0399186-07:00,664.6,2970,16301,191.87,77,99,20,58,2238,0x0000000000000001,GpuIdle
2026-08-23T18:44:02.0748960-07:00,665.7,2977,16301,185.94,77,99,20,58,2238,0x0000000000000001,GpuIdle
2026-08-23T18:44:03.1094520-07:00,666.7,2970,16301,192.28,77,99,20,58,2238,0x0000000000000001,GpuIdle
2026-08-23T18:44:04.1435233-07:00,667.7,2970,16301,187.05,77,99,20,58,2238,0x0000000000000001,GpuIdle
2026-08-23T18:44:05.1902238-07:00,668.8,2970,16301,191.95,77,99,20,58,2238,0x0000000000000001,GpuIdle
2026-08-23T18:44:06.2244166-07:00,669.8,2962,16301,186.78,77,99,20,58,2238,0x0000000000000001,GpuIdle
2026-08-23T18:44:07.2591105-07:00,670.9,2977,16301,192.04,77,99,20,58,2238,0x0000000000000001,GpuIdle
2026-08-23T18:44:08.2931379-07:00,671.9,2977,16301,186.72,77,99,20,58,2238,0x0000000000000001,GpuIdle
2026-08-23T18:44:09.3278466-07:00,672.9,2970,16301,192.13,77,99,20,58,2238,0x0000000000000001,GpuIdle
2026-08-23T18:44:10.3621353-07:00,674,2970,16301,187.06,77,99,20,58,2238,0x0000000000000001,GpuIdle
2026-08-23T18:44:11.3920335-07:00,675,2970,16301,191.87,77,99,20,58,2238,0x0000000000000001,GpuIdle
2026-08-23T18:44:12.4267233-07:00,676,2970,16301,187.12,77,99,20,58,2238,0x0000000000000001,GpuIdle
2026-08-23T18:44:13.4650690-07:00,677.1,2970,16301,192.21,77,99,20,58,2238,0x0000000000000001,GpuIdle
2026-08-23T18:44:14.4954588-07:00,678.1,2962,16301,186.22,77,99,20,58,2238,0x0000000000000001,GpuIdle
2026-08-23T18:44:15.5299047-07:00,679.1,2970,16301,191.97,77,99,20,58,2238,0x0000000000000001,GpuIdle
2026-08-23T18:44:16.5760534-07:00,680.2,2970,16301,185.18,76,99,20,58,2238,0x0000000000000001,GpuIdle
2026-08-23T18:44:17.6110035-07:00,681.2,2970,16301,191.57,77,99,20,58,2238,0x0000000000000001,GpuIdle
2026-08-23T18:44:18.6458567-07:00,682.2,2970,16301,191.48,77,92,18,58,2238,0x0000000000000001,GpuIdle
2026-08-23T18:44:19.6927626-07:00,683.3,2970,16301,186.54,77,99,20,58,2238,0x0000000000000001,GpuIdle
2026-08-23T18:44:20.7390069-07:00,684.3,2970,16301,192.21,77,99,20,58,2238,0x0000000000000001,GpuIdle
2026-08-23T18:44:21.7736947-07:00,685.4,2970,16301,186.69,77,99,20,58,2238,0x0000000000000001,GpuIdle
2026-08-23T18:44:22.8082813-07:00,686.4,3015,16501,75.60,58,3,0,59,1325,0x0000000000000001,GpuIdle
2026-08-23T18:44:23.8422792-07:00,687.4,3015,16301,47.62,71,99,20,59,2238,0x0000000000000000,None
2026-08-23T18:44:24.8815481-07:00,688.5,2977,16301,189.47,75,99,20,58,2238,0x0000000000000000,None
2026-08-23T18:44:25.9195484-07:00,689.5,2977,16301,191.19,76,99,20,57,2238,0x0000000000000000,None
2026-08-23T18:44:26.9539604-07:00,690.6,2977,16301,185.48,76,99,20,57,2238,0x0000000000000000,None
2026-08-23T18:44:27.9881501-07:00,691.6,2977,16301,191.56,76,99,20,57,2238,0x0000000000000000,None
2026-08-23T18:44:29.0228748-07:00,692.6,2970,16301,186.34,77,99,20,56,2238,0x0000000000000000,None
2026-08-23T18:44:30.0572739-07:00,693.7,2977,16301,191.82,76,99,20,56,2238,0x0000000000000001,GpuIdle
2026-08-23T18:44:31.0914920-07:00,694.7,2970,16301,185.91,76,99,20,56,2238,0x0000000000000001,GpuIdle
2026-08-23T18:44:32.1258746-07:00,695.7,2977,16301,192.12,76,99,20,56,2238,0x0000000000000001,GpuIdle
2026-08-23T18:44:33.1602603-07:00,696.8,2970,16301,186.76,77,99,20,56,2238,0x0000000000000001,GpuIdle
2026-08-23T18:44:34.2141268-07:00,697.8,2977,16301,192.20,77,99,20,57,2238,0x0000000000000001,GpuIdle
2026-08-23T18:44:35.2498493-07:00,698.9,2970,16301,186.71,75,99,20,57,2238,0x0000000000000001,GpuIdle
2026-08-23T18:44:36.2924126-07:00,699.9,2977,16301,192.51,76,99,20,57,2238,0x0000000000000001,GpuIdle
2026-08-23T18:44:37.3267994-07:00,700.9,2970,16301,186.65,77,99,20,57,2238,0x0000000000000001,GpuIdle
2026-08-23T18:44:38.3610387-07:00,702,2970,16301,192.45,77,99,20,57,2238,0x0000000000000001,GpuIdle
2026-08-23T18:44:39.3955292-07:00,703,2962,16301,186.60,76,99,20,57,2238,0x0000000000000001,GpuIdle
2026-08-23T18:44:40.4306307-07:00,704,2977,16301,192.47,77,99,20,57,2238,0x0000000000000001,GpuIdle
2026-08-23T18:44:41.4642847-07:00,705.1,2977,16301,186.95,76,99,20,57,2238,0x0000000000000001,GpuIdle
2026-08-23T18:44:42.4985930-07:00,706.1,2970,16301,192.09,77,99,20,57,2238,0x0000000000000001,GpuIdle
2026-08-23T18:44:43.5333169-07:00,707.1,2970,16301,186.90,72,69,14,58,2238,0x0000000000000001,GpuIdle
2026-08-23T18:44:44.5673324-07:00,708.2,2977,16301,187.29,77,99,20,58,2238,0x0000000000000001,GpuIdle
2026-08-23T18:44:45.6022042-07:00,709.2,2977,16301,193.00,77,99,20,58,2238,0x0000000000000001,GpuIdle
2026-08-23T18:44:46.6361291-07:00,710.2,2977,16301,186.72,77,99,20,58,2238,0x0000000000000001,GpuIdle
2026-08-23T18:44:47.6705125-07:00,711.3,2977,16301,192.84,77,99,20,58,2238,0x0000000000000001,GpuIdle
2026-08-23T18:44:48.7048466-07:00,712.3,2977,16301,187.41,77,99,20,58,2238,0x0000000000000001,GpuIdle
2026-08-23T18:44:49.7392340-07:00,713.3,2977,16301,192.87,77,99,20,58,2238,0x0000000000000001,GpuIdle
2026-08-23T18:44:50.7736112-07:00,714.4,2970,16301,187.80,77,99,20,58,2238,0x0000000000000001,GpuIdle
2026-08-23T18:44:51.8205178-07:00,715.4,2970,16301,192.46,77,99,20,58,2238,0x0000000000000001,GpuIdle
2026-08-23T18:44:52.8607300-07:00,716.5,2970,16301,186.48,77,99,20,58,2238,0x0000000000000001,GpuIdle
2026-08-23T18:44:53.9002105-07:00,717.5,2970,16301,192.40,77,99,20,58,2238,0x0000000000000001,GpuIdle
2026-08-23T18:44:54.9361982-07:00,718.5,2970,16301,187.07,77,99,20,58,2238,0x0000000000000001,GpuIdle
2026-08-23T18:44:55.9747164-07:00,719.6,2970,16301,192.57,77,99,20,58,2238,0x0000000000000001,GpuIdle
2026-08-23T18:44:57.0091038-07:00,720.6,2970,16301,187.31,77,99,20,58,2238,0x0000000000000001,GpuIdle
2026-08-23T18:44:58.0434756-07:00,721.6,2970,16301,192.48,77,99,20,58,2238,0x0000000000000001,GpuIdle
2026-08-23T18:44:59.0820868-07:00,722.7,2970,16301,186.94,77,99,20,58,2238,0x0000000000000001,GpuIdle
2026-08-23T18:45:00.1248104-07:00,723.7,2970,16301,192.74,77,99,20,58,2238,0x0000000000000001,GpuIdle
2026-08-23T18:45:01.1591404-07:00,724.8,2962,16301,186.93,77,99,20,58,2238,0x0000000000000001,GpuIdle
2026-08-23T18:45:02.1936344-07:00,725.8,2970,16301,192.86,77,99,20,58,2238,0x0000000000000001,GpuIdle
2026-08-23T18:45:03.2279532-07:00,726.8,2955,16301,186.78,77,99,20,58,2238,0x0000000000000001,GpuIdle
2026-08-23T18:45:04.2623336-07:00,727.9,2970,16301,192.83,77,99,20,58,2238,0x0000000000000001,GpuIdle
2026-08-23T18:45:05.2967102-07:00,728.9,2970,16301,187.70,77,99,20,58,2238,0x0000000000000001,GpuIdle
2026-08-23T18:45:06.3352179-07:00,729.9,2970,16301,192.85,77,99,20,58,2238,0x0000000000000001,GpuIdle
2026-08-23T18:45:07.3695719-07:00,731,2962,16301,187.53,77,99,20,58,2238,0x0000000000000001,GpuIdle
2026-08-23T18:45:08.4082200-07:00,732,2970,16301,192.92,77,99,20,58,2238,0x0000000000000001,GpuIdle
2026-08-23T18:45:09.4426094-07:00,733,2962,16301,186.62,77,99,20,58,2238,0x0000000000000001,GpuIdle
2026-08-23T18:45:10.4810689-07:00,734.1,2970,16301,192.77,77,99,20,58,2238,0x0000000000000001,GpuIdle
2026-08-23T18:45:11.5340719-07:00,735.1,2970,16301,186.56,77,99,20,58,2238,0x0000000000000001,GpuIdle
2026-08-23T18:45:12.5707075-07:00,736.2,2970,16301,192.66,77,99,20,58,2238,0x0000000000000001,GpuIdle
2026-08-23T18:45:13.6092796-07:00,737.2,2970,16301,187.18,69,68,14,58,2238,0x0000000000000004,SwPowerCap
2026-08-23T18:45:14.6439785-07:00,738.2,2970,16301,192.42,77,99,20,58,2238,0x0000000000000001,GpuIdle
2026-08-23T18:45:15.6780482-07:00,739.3,2970,16301,192.62,77,99,20,58,2238,0x0000000000000001,GpuIdle
2026-08-23T18:45:16.7124330-07:00,740.3,2970,16301,186.76,77,99,20,58,2244,0x0000000000000001,GpuIdle
2026-08-23T18:45:17.7467863-07:00,741.3,2970,16301,192.53,77,99,20,58,2238,0x0000000000000001,GpuIdle
2026-08-23T18:45:18.7811705-07:00,742.4,2970,16301,192.39,77,99,20,58,2238,0x0000000000000001,GpuIdle
2026-08-23T18:45:19.8155178-07:00,743.4,3015,16501,79.08,58,3,0,59,1325,0x0000000000000001,GpuIdle
2026-08-23T18:45:20.8499219-07:00,744.5,3015,16301,32.19,57,19,4,59,2238,0x0000000000000000,None
2026-08-23T18:45:21.8842972-07:00,745.5,2977,16301,187.92,75,99,20,58,2238,0x0000000000000000,None
2026-08-23T18:45:22.9312076-07:00,746.5,2977,16301,191.28,76,100,20,58,2238,0x0000000000000000,None
2026-08-23T18:45:23.9657543-07:00,747.6,2977,16301,185.65,76,99,20,57,2238,0x0000000000000000,None
2026-08-23T18:45:25.0049430-07:00,748.6,2977,16301,191.93,76,99,20,57,2238,0x0000000000000000,None
2026-08-23T18:45:26.0429861-07:00,749.6,2970,16301,186.92,76,99,20,57,2238,0x0000000000000000,None
2026-08-23T18:45:27.0773712-07:00,750.7,2977,16301,191.82,77,99,20,56,2238,0x0000000000000000,None
2026-08-23T18:45:28.1077095-07:00,751.7,2962,16301,183.37,76,99,20,57,2238,0x0000000000000001,GpuIdle
2026-08-23T18:45:29.1461648-07:00,752.7,2977,16301,191.90,77,99,20,57,2238,0x0000000000000001,GpuIdle
2026-08-23T18:45:30.1936388-07:00,753.8,2977,16301,187.05,75,99,20,57,2238,0x0000000000000001,GpuIdle
2026-08-23T18:45:31.2311357-07:00,754.8,2977,16301,192.35,77,99,20,57,2244,0x0000000000000001,GpuIdle
2026-08-23T18:45:32.2783010-07:00,755.9,2977,16301,191.39,77,91,18,57,2244,0x0000000000000001,GpuIdle
2026-08-23T18:45:33.3127369-07:00,756.9,2977,16301,192.32,76,99,20,57,2238,0x0000000000000001,GpuIdle
2026-08-23T18:45:34.3477747-07:00,757.9,2962,16301,186.59,76,99,20,57,2238,0x0000000000000001,GpuIdle
2026-08-23T18:45:35.3813021-07:00,759,2977,16301,192.34,77,99,20,57,2238,0x0000000000000001,GpuIdle
2026-08-23T18:45:36.4157276-07:00,760,2977,16301,185.56,76,99,20,57,2235,0x0000000000000001,GpuIdle
2026-08-23T18:45:37.4501445-07:00,761.1,2977,16301,192.23,76,99,20,57,2235,0x0000000000000001,GpuIdle
2026-08-23T18:45:38.4978035-07:00,762.1,2970,16301,187.25,73,69,14,57,2229,0x0000000000000001,GpuIdle
2026-08-23T18:45:39.5356758-07:00,763.1,2977,16301,187.56,77,99,20,57,2229,0x0000000000000001,GpuIdle
2026-08-23T18:45:40.5701391-07:00,764.2,2977,16301,192.58,77,99,20,57,2230,0x0000000000000001,GpuIdle
2026-08-23T18:45:41.6004169-07:00,765.2,2977,16301,186.88,77,99,20,57,2229,0x0000000000000001,GpuIdle
2026-08-23T18:45:42.6349222-07:00,766.2,2977,16301,192.27,77,99,20,58,2229,0x0000000000000001,GpuIdle
2026-08-23T18:45:43.6690140-07:00,767.3,2970,16301,186.91,77,99,20,57,2229,0x0000000000000001,GpuIdle
2026-08-23T18:45:44.7036642-07:00,768.3,2970,16301,192.21,77,99,20,58,2229,0x0000000000000001,GpuIdle
2026-08-23T18:45:45.7378008-07:00,769.3,2970,16301,186.88,77,99,20,58,2229,0x0000000000000001,GpuIdle
2026-08-23T18:45:46.7720502-07:00,770.4,2970,16301,192.32,77,99,20,58,2229,0x0000000000000001,GpuIdle
2026-08-23T18:45:47.8140540-07:00,771.4,2977,16301,186.52,77,99,20,58,2229,0x0000000000000001,GpuIdle
2026-08-23T18:45:48.8541678-07:00,772.5,2977,16301,192.59,77,99,20,58,2229,0x0000000000000001,GpuIdle
2026-08-23T18:45:49.8883637-07:00,773.5,2970,16301,186.81,77,99,20,58,2229,0x0000000000000001,GpuIdle
2026-08-23T18:45:50.9221067-07:00,774.5,2970,16301,192.48,77,99,20,58,2229,0x0000000000000001,GpuIdle
2026-08-23T18:45:51.9607728-07:00,775.6,2970,16301,187.75,77,99,20,58,2229,0x0000000000000001,GpuIdle
2026-08-23T18:45:52.9950931-07:00,776.6,2970,16301,192.18,77,99,20,58,2229,0x0000000000000001,GpuIdle
2026-08-23T18:45:54.0421851-07:00,777.6,2970,16301,186.89,77,99,20,58,2229,0x0000000000000001,GpuIdle
2026-08-23T18:45:55.0811755-07:00,778.7,2970,16301,192.54,77,99,20,58,2229,0x0000000000000001,GpuIdle
2026-08-23T18:45:56.1192379-07:00,779.7,2970,16301,186.78,77,99,20,58,2229,0x0000000000000001,GpuIdle
2026-08-23T18:45:57.1583302-07:00,780.8,2970,16301,192.09,77,99,20,58,2229,0x0000000000000001,GpuIdle
2026-08-23T18:45:58.1961694-07:00,781.8,2962,16301,186.99,77,99,20,58,2229,0x0000000000000001,GpuIdle
2026-08-23T18:45:59.2308162-07:00,782.8,2970,16301,192.66,77,99,20,58,2229,0x0000000000000001,GpuIdle
2026-08-23T18:46:00.2650191-07:00,783.9,2970,16301,187.59,76,99,20,58,2229,0x0000000000000001,GpuIdle
2026-08-23T18:46:01.2995537-07:00,784.9,2970,16301,192.33,77,99,20,58,2229,0x0000000000000001,GpuIdle
2026-08-23T18:46:02.3337609-07:00,785.9,2970,16301,186.35,77,99,20,58,2229,0x0000000000000001,GpuIdle
2026-08-23T18:46:03.3680805-07:00,787,2970,16301,192.54,77,99,20,58,2229,0x0000000000000001,GpuIdle
2026-08-23T18:46:04.4032172-07:00,788,2970,16301,186.36,77,99,20,58,2229,0x0000000000000001,GpuIdle
2026-08-23T18:46:05.4537818-07:00,789.1,2970,16301,192.48,77,99,20,58,2229,0x0000000000000001,GpuIdle
2026-08-23T18:46:06.4965239-07:00,790.1,2962,16301,186.72,76,99,20,58,2229,0x0000000000000001,GpuIdle
2026-08-23T18:46:07.5308759-07:00,791.1,2970,16301,192.83,77,99,20,58,2229,0x0000000000000001,GpuIdle
2026-08-23T18:46:08.5650822-07:00,792.2,2970,16301,186.40,73,67,13,58,2229,0x0000000000000001,GpuIdle
2026-08-23T18:46:09.6118987-07:00,793.2,2970,16301,186.96,77,99,20,58,2229,0x0000000000000001,GpuIdle
2026-08-23T18:46:10.6465780-07:00,794.2,2970,16301,192.17,77,99,20,58,2229,0x0000000000000001,GpuIdle
2026-08-23T18:46:11.6806128-07:00,795.3,2977,16301,186.91,77,99,20,58,2229,0x0000000000000001,GpuIdle
2026-08-23T18:46:12.7150310-07:00,796.3,2970,16301,192.60,77,99,20,58,2229,0x0000000000000001,GpuIdle
2026-08-23T18:46:13.7494082-07:00,797.4,2970,16301,187.34,77,99,20,58,2229,0x0000000000000001,GpuIdle
2026-08-23T18:46:14.7837511-07:00,798.4,2970,16301,192.60,77,100,20,58,2229,0x0000000000000001,GpuIdle
2026-08-23T18:46:15.8222833-07:00,799.4,2970,16301,192.01,77,99,20,58,2229,0x0000000000000001,GpuIdle
2026-08-23T18:46:16.8570398-07:00,800.5,3015,16501,106.12,58,3,0,59,1316,0x0000000000000001,GpuIdle
2026-08-23T18:46:17.8952792-07:00,801.5,3015,16301,31.64,57,3,0,59,2229,0x0000000000000000,None
2026-08-23T18:46:18.9296965-07:00,802.5,2977,16301,171.72,74,99,20,58,2229,0x0000000000000000,None
2026-08-23T18:46:19.9640330-07:00,803.6,2977,16301,190.91,75,99,20,58,2229,0x0000000000000000,None
2026-08-23T18:46:21.0028706-07:00,804.6,2977,16301,185.26,76,99,20,57,2229,0x0000000000000000,None
2026-08-23T18:46:22.0373348-07:00,805.6,2977,16301,191.31,76,99,20,57,2229,0x0000000000000000,None
2026-08-23T18:46:23.0758470-07:00,806.7,2970,16301,185.69,76,99,20,57,2229,0x0000000000000000,None
2026-08-23T18:46:24.1182064-07:00,807.7,2977,16301,191.62,76,99,20,57,2229,0x0000000000000000,None
2026-08-23T18:46:25.1529473-07:00,808.8,2962,16301,186.21,76,100,20,57,2229,0x0000000000000001,GpuIdle
2026-08-23T18:46:26.1870036-07:00,809.8,2977,16301,191.69,77,99,20,57,2229,0x0000000000000001,GpuIdle
2026-08-23T18:46:27.2255421-07:00,810.8,2977,16301,187.05,73,68,14,57,2229,0x0000000000000001,GpuIdle
2026-08-23T18:46:28.2599079-07:00,811.9,2970,16301,194.93,78,100,20,57,2229,0x0000000000000001,GpuIdle
2026-08-23T18:46:29.2942886-07:00,812.9,2977,16301,188.58,77,99,20,57,2229,0x0000000000000001,GpuIdle
2026-08-23T18:46:30.3286636-07:00,813.9,2977,16301,192.07,77,99,20,57,2229,0x0000000000000001,GpuIdle
2026-08-23T18:46:31.3632002-07:00,815,2970,16301,187.09,76,99,20,57,2229,0x0000000000000001,GpuIdle
2026-08-23T18:46:32.3974396-07:00,816,2977,16301,192.44,77,99,20,57,2229,0x0000000000000001,GpuIdle
2026-08-23T18:46:33.4321902-07:00,817,2962,16301,186.56,76,99,20,57,2229,0x0000000000000001,GpuIdle
2026-08-23T18:46:34.4703449-07:00,818.1,2970,16301,191.81,77,99,20,57,2229,0x0000000000000001,GpuIdle
2026-08-23T18:46:35.5090167-07:00,819.1,2962,16301,186.30,69,66,13,57,2229,0x0000000000000004,SwPowerCap
2026-08-23T18:46:36.5438488-07:00,820.1,2977,16301,186.97,77,99,20,57,2229,0x0000000000000001,GpuIdle
2026-08-23T18:46:37.5860119-07:00,821.2,2977,16301,192.46,77,99,20,57,2229,0x0000000000000001,GpuIdle
2026-08-23T18:46:38.6204144-07:00,822.2,2977,16301,187.00,76,99,20,57,2229,0x0000000000000001,GpuIdle
2026-08-23T18:46:39.6548741-07:00,823.3,2977,16301,192.45,77,99,20,57,2229,0x0000000000000001,GpuIdle
2026-08-23T18:46:40.6891714-07:00,824.3,2977,16301,186.91,76,99,20,57,2229,0x0000000000000001,GpuIdle
2026-08-23T18:46:41.7322327-07:00,825.3,2977,16301,192.56,77,99,20,58,2229,0x0000000000000001,GpuIdle
2026-08-23T18:46:42.7757014-07:00,826.4,2977,16301,185.95,77,99,20,58,2229,0x0000000000000001,GpuIdle
2026-08-23T18:46:43.8132004-07:00,827.4,2977,16301,192.11,77,99,20,58,2229,0x0000000000000001,GpuIdle
2026-08-23T18:46:44.8476570-07:00,828.4,2977,16301,184.02,77,99,20,58,2229,0x0000000000000001,GpuIdle
2026-08-23T18:46:45.8820051-07:00,829.5,2970,16301,192.52,77,99,20,58,2229,0x0000000000000001,GpuIdle
2026-08-23T18:46:46.9250395-07:00,830.5,2977,16301,186.97,77,99,20,58,2229,0x0000000000000001,GpuIdle
2026-08-23T18:46:47.9632395-07:00,831.6,2977,16301,192.44,77,99,20,58,2229,0x0000000000000001,GpuIdle
2026-08-23T18:46:48.9976829-07:00,832.6,2977,16301,185.83,77,99,20,58,2229,0x0000000000000001,GpuIdle
2026-08-23T18:46:50.0362114-07:00,833.6,2977,16301,192.47,77,99,20,58,2229,0x0000000000000001,GpuIdle
2026-08-23T18:46:51.0708551-07:00,834.7,2970,16301,186.78,77,99,20,58,2229,0x0000000000000001,GpuIdle
2026-08-23T18:46:52.1052461-07:00,835.7,2970,16301,192.30,77,99,20,58,2229,0x0000000000000001,GpuIdle
2026-08-23T18:46:53.1394675-07:00,836.7,2970,16301,186.27,77,99,20,58,2229,0x0000000000000001,GpuIdle
2026-08-23T18:46:54.1696284-07:00,837.8,2977,16301,192.44,77,99,20,58,2229,0x0000000000000001,GpuIdle
2026-08-23T18:46:55.2038920-07:00,838.8,2962,16301,186.73,77,99,20,58,2229,0x0000000000000001,GpuIdle
2026-08-23T18:46:56.2433587-07:00,839.8,2970,16301,192.40,77,99,20,58,2229,0x0000000000000001,GpuIdle
2026-08-23T18:46:57.2813155-07:00,840.9,2962,16301,186.98,75,70,14,58,2229,0x0000000000000001,GpuIdle
2026-08-23T18:46:58.3156757-07:00,841.9,2970,16301,192.39,77,99,20,58,2229,0x0000000000000001,GpuIdle
2026-08-23T18:46:59.3500405-07:00,843,2970,16301,186.49,77,99,20,58,2229,0x0000000000000001,GpuIdle
2026-08-23T18:47:00.3992621-07:00,844,2970,16301,192.35,77,99,20,58,2229,0x0000000000000001,GpuIdle
2026-08-23T18:47:01.4358451-07:00,845,2970,16301,187.48,77,99,20,58,2229,0x0000000000000001,GpuIdle
2026-08-23T18:47:02.4737439-07:00,846.1,2970,16301,192.50,77,99,20,58,2229,0x0000000000000001,GpuIdle
2026-08-23T18:47:03.5129270-07:00,847.1,2962,16301,186.72,76,99,20,58,2229,0x0000000000000001,GpuIdle
2026-08-23T18:47:04.5512344-07:00,848.2,2970,16301,192.24,77,99,20,58,2229,0x0000000000000001,GpuIdle
2026-08-23T18:47:05.5853864-07:00,849.2,2962,16301,190.89,71,84,17,58,2229,0x0000000000000004,SwPowerCap
2026-08-23T18:47:06.6199289-07:00,850.2,2970,16301,187.31,77,99,20,58,2229,0x0000000000000001,GpuIdle
2026-08-23T18:47:07.6543435-07:00,851.3,2970,16301,192.14,77,99,20,58,2229,0x0000000000000001,GpuIdle
2026-08-23T18:47:08.6885564-07:00,852.3,2977,16301,186.11,77,99,20,58,2229,0x0000000000000001,GpuIdle
2026-08-23T18:47:09.7230860-07:00,853.3,2970,16301,192.84,77,99,20,58,2229,0x0000000000000001,GpuIdle
2026-08-23T18:47:10.7574779-07:00,854.4,2970,16301,186.63,77,99,20,58,2229,0x0000000000000001,GpuIdle
2026-08-23T18:47:11.8047275-07:00,855.4,2962,16301,186.61,74,69,14,58,2229,0x0000000000000001,GpuIdle
2026-08-23T18:47:12.8426725-07:00,856.4,2970,16301,187.05,77,99,20,58,2229,0x0000000000000001,GpuIdle
2026-08-23T18:47:13.8773843-07:00,857.5,3015,16501,107.10,58,3,0,59,1316,0x0000000000000001,GpuIdle
2026-08-23T18:47:14.9117288-07:00,858.5,3015,16501,32.14,57,3,0,59,2229,0x0000000000000001,GpuIdle
2026-08-23T18:47:15.9458873-07:00,859.5,2977,16301,159.63,75,99,20,58,2229,0x0000000000000000,None
2026-08-23T18:47:16.9802645-07:00,860.6,2977,16301,190.97,75,99,20,58,2229,0x0000000000000000,None
2026-08-23T18:47:18.0228376-07:00,861.6,2977,16301,186.38,76,99,20,57,2229,0x0000000000000000,None
2026-08-23T18:47:19.0661035-07:00,862.7,2977,16301,191.97,76,99,20,57,2229,0x0000000000000000,None
2026-08-23T18:47:20.1000805-07:00,863.7,2970,16301,186.51,76,99,20,57,2229,0x0000000000000000,None
2026-08-23T18:47:21.1344504-07:00,864.7,2977,16301,192.05,76,99,20,57,2229,0x0000000000000000,None
2026-08-23T18:47:22.1653678-07:00,865.8,2970,16301,186.71,75,96,19,57,2229,0x0000000000000001,GpuIdle
2026-08-23T18:47:23.1989480-07:00,866.8,2977,16301,190.30,76,99,20,56,2229,0x0000000000000001,GpuIdle
2026-08-23T18:47:24.2336035-07:00,867.8,2977,16301,192.24,77,99,20,57,2229,0x0000000000000001,GpuIdle
2026-08-23T18:47:25.2680068-07:00,868.9,2977,16301,186.93,76,99,20,57,2229,0x0000000000000001,GpuIdle
2026-08-23T18:47:26.3023883-07:00,869.9,2970,16301,187.44,76,99,20,57,2229,0x0000000000000001,GpuIdle
2026-08-23T18:47:27.3493739-07:00,871,2977,16301,192.42,77,99,20,57,2229,0x0000000000000001,GpuIdle
2026-08-23T18:47:28.3792304-07:00,872,2962,16301,186.45,76,99,20,57,2229,0x0000000000000001,GpuIdle
2026-08-23T18:47:29.4180558-07:00,873,2977,16301,192.42,76,99,20,57,2229,0x0000000000000001,GpuIdle
2026-08-23T18:47:30.4523327-07:00,874.1,2970,16301,186.04,72,62,12,57,2229,0x0000000000000001,GpuIdle
2026-08-23T18:47:31.4868290-07:00,875.1,2970,16301,186.26,77,99,20,57,2229,0x0000000000000001,GpuIdle
2026-08-23T18:47:32.5254861-07:00,876.1,2970,16301,192.49,77,99,20,57,2235,0x0000000000000001,GpuIdle
2026-08-23T18:47:33.5594160-07:00,877.2,2977,16301,186.60,77,99,20,57,2235,0x0000000000000001,GpuIdle
2026-08-23T18:47:34.5941229-07:00,878.2,2970,16301,192.79,77,99,20,57,2229,0x0000000000000001,GpuIdle
2026-08-23T18:47:35.6290129-07:00,879.2,2977,16301,186.93,77,99,20,57,2229,0x0000000000000001,GpuIdle
2026-08-23T18:47:36.6658051-07:00,880.3,2977,16301,192.79,77,99,20,57,2231,0x0000000000000001,GpuIdle
2026-08-23T18:47:37.7015064-07:00,881.3,2970,16301,186.48,76,99,20,57,2231,0x0000000000000001,GpuIdle
2026-08-23T18:47:38.7358338-07:00,882.3,2970,16301,192.74,77,99,20,57,2225,0x0000000000000001,GpuIdle
2026-08-23T18:47:39.7660812-07:00,883.4,2970,16301,186.22,77,99,20,57,2225,0x0000000000000001,GpuIdle
2026-08-23T18:47:40.8001595-07:00,884.4,2970,16301,192.57,77,99,20,57,2225,0x0000000000000001,GpuIdle
2026-08-23T18:47:41.8386993-07:00,885.4,2970,16301,186.69,77,99,20,58,2225,0x0000000000000001,GpuIdle
2026-08-23T18:47:42.8730316-07:00,886.5,2970,16301,192.57,77,99,20,58,2225,0x0000000000000001,GpuIdle
2026-08-23T18:47:43.9077907-07:00,887.5,2970,16301,186.80,77,99,20,58,2225,0x0000000000000001,GpuIdle
2026-08-23T18:47:44.9463246-07:00,888.5,2970,16301,192.60,77,99,20,58,2225,0x0000000000000001,GpuIdle
2026-08-23T18:47:45.9805390-07:00,889.6,2970,16301,186.70,77,99,20,58,2225,0x0000000000000001,GpuIdle
2026-08-23T18:47:47.0192293-07:00,890.6,2970,16301,192.60,77,99,20,58,2225,0x0000000000000001,GpuIdle
2026-08-23T18:47:48.0536371-07:00,891.7,2977,16301,186.85,77,99,20,58,2225,0x0000000000000001,GpuIdle
2026-08-23T18:47:49.0876672-07:00,892.7,2970,16301,192.83,77,99,20,58,2225,0x0000000000000001,GpuIdle
2026-08-23T18:47:50.1220535-07:00,893.7,2970,16301,187.18,77,99,20,58,2225,0x0000000000000001,GpuIdle
2026-08-23T18:47:51.1564299-07:00,894.8,2970,16301,192.98,77,99,20,58,2225,0x0000000000000001,GpuIdle
2026-08-23T18:47:52.1907961-07:00,895.8,2962,16301,186.89,76,100,20,58,2225,0x0000000000000001,GpuIdle
2026-08-23T18:47:53.2210523-07:00,896.8,2970,16301,192.56,77,99,20,58,2225,0x0000000000000001,GpuIdle
2026-08-23T18:47:54.2595549-07:00,897.9,2962,16301,192.04,75,90,18,58,2225,0x0000000000000004,SwPowerCap
2026-08-23T18:47:55.3071544-07:00,898.9,2970,16301,192.91,77,99,20,58,2225,0x0000000000000001,GpuIdle
2026-08-23T18:47:56.3409131-07:00,899.9,2970,16301,186.74,77,99,20,58,2225,0x0000000000000001,GpuIdle
2026-08-23T18:47:57.3755653-07:00,901,2970,16301,192.78,77,99,20,58,2225,0x0000000000000001,GpuIdle
2026-08-23T18:47:58.4224625-07:00,902,2962,16301,186.72,76,99,20,58,2225,0x0000000000000001,GpuIdle
2026-08-23T18:47:59.4568342-07:00,903.1,2970,16301,192.47,77,99,20,58,2225,0x0000000000000001,GpuIdle
2026-08-23T18:48:00.4908804-07:00,904.1,2962,16301,186.81,73,67,13,58,2225,0x0000000000000001,GpuIdle
2026-08-23T18:48:01.5252832-07:00,905.1,2970,16301,187.41,77,99,20,58,2225,0x0000000000000001,GpuIdle
2026-08-23T18:48:02.5596325-07:00,906.2,2970,16301,192.68,77,99,20,58,2225,0x0000000000000001,GpuIdle
2026-08-23T18:48:03.5940180-07:00,907.2,2970,16301,187.07,77,99,20,58,2225,0x0000000000000001,GpuIdle
2026-08-23T18:48:04.6284010-07:00,908.2,2970,16301,192.62,77,99,20,58,2225,0x0000000000000001,GpuIdle
2026-08-23T18:48:05.6628026-07:00,909.3,2977,16301,187.48,77,99,20,58,2225,0x0000000000000001,GpuIdle
2026-08-23T18:48:06.6971655-07:00,910.3,2977,16301,193.26,77,99,20,58,2225,0x0000000000000001,GpuIdle
2026-08-23T18:48:07.7317173-07:00,911.3,2977,16301,187.71,77,99,20,58,2225,0x0000000000000001,GpuIdle
2026-08-23T18:48:08.7664725-07:00,912.4,2970,16301,193.27,77,99,20,58,2225,0x0000000000000001,GpuIdle
2026-08-23T18:48:09.8045356-07:00,913.4,2970,16301,187.18,77,99,20,58,2234,0x0000000000000001,GpuIdle
2026-08-23T18:48:10.8475888-07:00,914.4,3015,16501,125.35,59,3,0,59,1320,0x0000000000000001,GpuIdle
2026-08-23T18:48:11.8815658-07:00,915.5,3015,16501,32.04,57,3,0,59,1428,0x0000000000000001,GpuIdle
2026-08-23T18:48:12.9243652-07:00,916.5,3015,16301,78.70,60,99,84,59,4526,0x0000000000000000,None
2026-08-23T18:48:13.9795937-07:00,917.6,3015,16301,97.51,59,99,84,58,4526,0x0000000000000000,None
2026-08-23T18:48:15.0142713-07:00,918.6,3015,16301,95.40,59,99,85,57,4526,0x0000000000000000,None
2026-08-23T18:48:16.0483725-07:00,919.6,3015,16301,97.07,59,99,84,55,4526,0x0000000000000000,None
2026-08-23T18:48:17.0826757-07:00,920.7,3015,16301,95.00,58,99,84,54,4526,0x0000000000000000,None
2026-08-23T18:48:18.1171276-07:00,921.7,3015,16301,96.86,58,99,84,54,4526,0x0000000000000000,None
2026-08-23T18:48:19.1514979-07:00,922.8,3015,16301,94.79,58,99,84,53,4526,0x0000000000000001,GpuIdle
2026-08-23T18:48:20.1858649-07:00,923.8,3015,16301,96.61,58,99,84,52,4526,0x0000000000000001,GpuIdle
2026-08-23T18:48:21.2202677-07:00,924.8,3015,16301,94.51,58,99,85,51,4526,0x0000000000000001,GpuIdle
2026-08-23T18:48:22.2549533-07:00,925.9,3015,16301,96.55,57,99,84,51,4526,0x0000000000000001,GpuIdle
2026-08-23T18:48:23.2851896-07:00,926.9,3015,16301,94.39,57,99,84,50,4526,0x0000000000000001,GpuIdle
2026-08-23T18:48:24.3192704-07:00,927.9,3015,16301,96.42,57,99,85,50,4526,0x0000000000000001,GpuIdle
2026-08-23T18:48:25.3537018-07:00,929,3015,16301,94.50,57,99,84,49,4526,0x0000000000000001,GpuIdle
2026-08-23T18:48:26.3880529-07:00,930,3015,16301,96.40,57,99,85,49,4526,0x0000000000000001,GpuIdle
2026-08-23T18:48:27.4223720-07:00,931,3015,16301,94.42,57,99,84,49,4526,0x0000000000000001,GpuIdle
2026-08-23T18:48:28.4610015-07:00,932.1,3015,16301,96.27,56,99,84,48,4526,0x0000000000000001,GpuIdle
2026-08-23T18:48:29.5245184-07:00,933.1,3015,16301,94.18,56,99,85,48,4526,0x0000000000000001,GpuIdle
2026-08-23T18:48:30.5631363-07:00,934.2,3015,16301,96.04,56,99,84,48,4526,0x0000000000000001,GpuIdle
2026-08-23T18:48:31.6016243-07:00,935.2,3015,16301,94.12,56,99,84,48,4526,0x0000000000000001,GpuIdle
2026-08-23T18:48:32.6359858-07:00,936.2,3015,16301,95.99,56,99,84,47,4526,0x0000000000000001,GpuIdle
2026-08-23T18:48:33.6841063-07:00,937.3,3015,16301,94.12,56,99,84,47,4526,0x0000000000000001,GpuIdle
2026-08-23T18:48:34.7234543-07:00,938.3,3015,16301,95.93,56,99,84,47,4526,0x0000000000000001,GpuIdle
2026-08-23T18:48:35.7600554-07:00,939.4,3015,16301,93.76,56,99,84,47,4526,0x0000000000000001,GpuIdle
2026-08-23T18:48:36.7944443-07:00,940.4,3015,16301,95.84,56,99,84,47,4526,0x0000000000000001,GpuIdle
2026-08-23T18:48:37.8330347-07:00,941.4,3015,16301,95.89,55,99,84,47,4526,0x0000000000000001,GpuIdle
2026-08-23T18:48:38.8673771-07:00,942.5,3015,16301,93.71,55,99,84,46,4526,0x0000000000000001,GpuIdle
2026-08-23T18:48:39.9017903-07:00,943.5,3015,16301,95.66,55,99,83,46,4526,0x0000000000000001,GpuIdle
2026-08-23T18:48:40.9361637-07:00,944.5,3015,16301,93.37,55,64,53,46,4526,0x0000000000000001,GpuIdle
2026-08-23T18:48:41.9705071-07:00,945.6,3015,16301,93.51,55,99,84,46,4526,0x0000000000000001,GpuIdle
2026-08-23T18:48:43.0215666-07:00,946.6,3015,16301,93.71,54,67,56,46,4526,0x0000000000000001,GpuIdle
2026-08-23T18:48:44.0559828-07:00,947.7,3015,16301,93.68,55,99,84,46,4526,0x0000000000000001,GpuIdle
2026-08-23T18:48:45.1031678-07:00,948.7,3015,16301,95.55,55,99,84,46,4526,0x0000000000000001,GpuIdle
2026-08-23T18:48:46.1372398-07:00,949.7,3015,16301,93.14,55,99,84,45,4526,0x0000000000000001,GpuIdle
2026-08-23T18:48:47.1716475-07:00,950.8,3015,16301,95.36,55,99,84,45,4526,0x0000000000000001,GpuIdle
2026-08-23T18:48:48.2059842-07:00,951.8,3015,16301,92.70,55,99,84,45,4526,0x0000000000000001,GpuIdle
2026-08-23T18:48:49.2403983-07:00,952.8,3015,16301,95.45,55,99,84,45,4526,0x0000000000000001,GpuIdle
2026-08-23T18:48:50.2747649-07:00,953.9,3015,16301,93.55,55,99,84,45,4526,0x0000000000000001,GpuIdle
2026-08-23T18:48:51.3091983-07:00,954.9,3015,16301,93.49,55,99,85,45,4526,0x0000000000000001,GpuIdle
2026-08-23T18:48:52.3435830-07:00,955.9,3015,16301,95.38,55,99,84,45,4526,0x0000000000000001,GpuIdle
2026-08-23T18:48:53.3900214-07:00,957,3015,16301,93.48,54,99,85,45,4526,0x0000000000000001,GpuIdle
2026-08-23T18:48:54.4332142-07:00,958,3015,16301,95.35,54,99,84,44,4526,0x0000000000000001,GpuIdle
2026-08-23T18:48:55.4676258-07:00,959.1,3015,16301,93.10,54,99,84,44,4526,0x0000000000000001,GpuIdle
2026-08-23T18:48:56.5019405-07:00,960.1,3015,16301,95.31,54,99,84,44,4526,0x0000000000000001,GpuIdle
2026-08-23T18:48:57.5366645-07:00,961.1,3015,16301,93.38,54,99,84,44,4526,0x0000000000000001,GpuIdle
2026-08-23T18:48:58.5710649-07:00,962.2,3015,16301,95.27,54,99,84,44,4526,0x0000000000000001,GpuIdle
2026-08-23T18:48:59.6051126-07:00,963.2,3015,16301,93.10,54,99,84,44,4526,0x0000000000000001,GpuIdle
2026-08-23T18:49:00.6395185-07:00,964.2,3015,16301,95.15,54,99,84,44,4526,0x0000000000000001,GpuIdle
2026-08-23T18:49:01.6738447-07:00,965.3,3015,16301,92.92,54,65,55,44,4526,0x0000000000000001,GpuIdle
2026-08-23T18:49:02.7083225-07:00,966.3,3015,16301,93.15,54,99,84,44,4526,0x0000000000000001,GpuIdle
2026-08-23T18:49:03.7429561-07:00,967.3,3015,16301,93.16,54,69,58,44,4526,0x0000000000000001,GpuIdle
2026-08-23T18:49:04.7812126-07:00,968.4,3015,16301,93.26,54,99,84,44,4526,0x0000000000000001,GpuIdle
2026-08-23T18:49:05.8155630-07:00,969.4,3015,16301,93.05,54,99,84,44,4526,0x0000000000000001,GpuIdle
2026-08-23T18:49:06.8499340-07:00,970.5,3015,16501,58.61,50,4,1,43,1315,0x0000000000000001,GpuIdle
2026-08-23T18:49:07.8849793-07:00,971.5,3015,16301,28.22,50,4,1,43,4526,0x0000000000000000,None
2026-08-23T18:49:08.9232361-07:00,972.5,3015,16301,82.15,53,99,84,43,4526,0x0000000000000000,None
2026-08-23T18:49:09.9572960-07:00,973.6,3015,16301,94.78,54,99,84,43,4526,0x0000000000000000,None
2026-08-23T18:49:10.9916973-07:00,974.6,3015,16301,92.89,54,99,84,43,4526,0x0000000000000000,None
2026-08-23T18:49:12.0263897-07:00,975.6,3015,16301,94.84,54,99,84,43,4526,0x0000000000000000,None
2026-08-23T18:49:13.0691044-07:00,976.7,3015,16301,92.74,54,99,84,42,4526,0x0000000000000000,None
2026-08-23T18:49:14.1035196-07:00,977.7,3015,16301,94.74,54,99,84,42,4526,0x0000000000000000,None
2026-08-23T18:49:15.1420703-07:00,978.7,3015,16301,92.61,54,99,84,42,4526,0x0000000000000001,GpuIdle
2026-08-23T18:49:16.1886181-07:00,979.8,3015,16301,94.65,54,99,84,42,4526,0x0000000000000001,GpuIdle
2026-08-23T18:49:17.2271781-07:00,980.8,3015,16301,92.46,53,99,84,42,4526,0x0000000000000001,GpuIdle
2026-08-23T18:49:18.2657363-07:00,981.9,3015,16301,94.69,53,99,84,42,4532,0x0000000000000001,GpuIdle
2026-08-23T18:49:19.3001262-07:00,982.9,3015,16301,91.81,53,99,84,42,4532,0x0000000000000001,GpuIdle
2026-08-23T18:49:20.3390112-07:00,983.9,3015,16301,93.43,53,77,65,42,4530,0x0000000000000001,GpuIdle
2026-08-23T18:49:21.3730606-07:00,985,3015,16301,92.64,53,99,85,42,4530,0x0000000000000001,GpuIdle
2026-08-23T18:49:22.4077784-07:00,986,3015,16301,94.64,53,99,84,42,4530,0x0000000000000001,GpuIdle
2026-08-23T18:49:23.4418486-07:00,987,3015,16301,92.71,53,99,84,42,4530,0x0000000000000001,GpuIdle
2026-08-23T18:49:24.4762556-07:00,988.1,3015,16301,94.62,53,99,84,42,4530,0x0000000000000001,GpuIdle
2026-08-23T18:49:25.5105994-07:00,989.1,3015,16301,92.47,53,99,84,42,4530,0x0000000000000001,GpuIdle
2026-08-23T18:49:26.5411648-07:00,990.1,3015,16301,94.74,53,99,85,42,4530,0x0000000000000001,GpuIdle
2026-08-23T18:49:27.5752276-07:00,991.2,3015,16301,92.96,53,99,84,42,4530,0x0000000000000001,GpuIdle
2026-08-23T18:49:28.6099198-07:00,992.2,3015,16301,94.76,53,99,84,41,4536,0x0000000000000001,GpuIdle
2026-08-23T18:49:29.6481588-07:00,993.2,3015,16301,92.70,53,99,84,41,4536,0x0000000000000001,GpuIdle
2026-08-23T18:49:30.6825173-07:00,994.3,3015,16301,94.60,53,99,84,41,4535,0x0000000000000001,GpuIdle
2026-08-23T18:49:31.7317634-07:00,995.3,3015,16301,92.25,53,99,84,41,4535,0x0000000000000001,GpuIdle
2026-08-23T18:49:32.7725698-07:00,996.4,3015,16301,94.67,53,99,85,41,4535,0x0000000000000001,GpuIdle
2026-08-23T18:49:33.8068877-07:00,997.4,3015,16301,94.67,53,99,85,41,4535,0x0000000000000001,GpuIdle
2026-08-23T18:49:34.8454273-07:00,998.4,3015,16301,92.47,53,99,85,41,4535,0x0000000000000001,GpuIdle
2026-08-23T18:49:35.8836832-07:00,999.5,3015,16301,94.41,53,99,85,41,4535,0x0000000000000001,GpuIdle
2026-08-23T18:49:36.9184111-07:00,1000.5,3015,16301,92.57,53,72,61,41,4535,0x0000000000000001,GpuIdle
2026-08-23T18:49:37.9524902-07:00,1001.6,3015,16301,94.64,53,99,85,41,4535,0x0000000000000001,GpuIdle
2026-08-23T18:49:38.9868306-07:00,1002.6,3015,16301,92.56,53,68,58,41,4535,0x0000000000000001,GpuIdle
2026-08-23T18:49:40.0253646-07:00,1003.6,3015,16301,94.43,53,99,85,41,4535,0x0000000000000001,GpuIdle
2026-08-23T18:49:41.0556802-07:00,1004.7,3015,16301,91.55,53,89,76,41,4535,0x0000000000000001,GpuIdle
2026-08-23T18:49:42.0900280-07:00,1005.7,3015,16301,92.09,53,99,85,41,4535,0x0000000000000001,GpuIdle
2026-08-23T18:49:43.1251440-07:00,1006.7,3015,16301,92.45,52,99,85,41,4535,0x0000000000000001,GpuIdle
2026-08-23T18:49:44.1671668-07:00,1007.8,3015,16301,94.35,53,99,85,41,4535,0x0000000000000001,GpuIdle
2026-08-23T18:49:45.2023872-07:00,1008.8,3015,16301,94.19,53,99,85,41,4535,0x0000000000000001,GpuIdle
2026-08-23T18:49:46.2407848-07:00,1009.8,3015,16301,91.87,53,99,85,41,4535,0x0000000000000001,GpuIdle
2026-08-23T18:49:47.2917866-07:00,1010.9,3015,16301,94.42,53,99,85,41,4535,0x0000000000000001,GpuIdle
2026-08-23T18:49:48.3300326-07:00,1011.9,3015,16301,94.26,53,99,85,41,4535,0x0000000000000001,GpuIdle
2026-08-23T18:49:49.3641812-07:00,1013,3015,16301,92.23,53,99,85,41,4535,0x0000000000000001,GpuIdle
2026-08-23T18:49:50.3986310-07:00,1014,3015,16301,94.40,53,99,85,41,4535,0x0000000000000001,GpuIdle
2026-08-23T18:49:51.4343403-07:00,1015,3015,16301,92.45,53,99,85,41,4535,0x0000000000000001,GpuIdle
2026-08-23T18:49:52.4755632-07:00,1016.1,3015,16301,94.18,53,99,85,40,4535,0x0000000000000001,GpuIdle
2026-08-23T18:49:53.5104397-07:00,1017.1,3015,16301,92.19,53,99,85,40,4541,0x0000000000000001,GpuIdle
2026-08-23T18:49:54.5444714-07:00,1018.1,3015,16301,94.28,53,99,85,40,4541,0x0000000000000001,GpuIdle
2026-08-23T18:49:55.5751499-07:00,1019.2,3015,16301,92.15,53,99,85,40,4533,0x0000000000000001,GpuIdle
2026-08-23T18:49:56.6092372-07:00,1020.2,3015,16301,94.31,53,99,85,40,4533,0x0000000000000001,GpuIdle
2026-08-23T18:49:57.6436112-07:00,1021.2,3015,16301,91.98,53,99,85,40,4533,0x0000000000000001,GpuIdle
2026-08-23T18:49:58.6780208-07:00,1022.3,3015,16301,94.16,53,99,85,40,4533,0x0000000000000001,GpuIdle
2026-08-23T18:49:59.7121992-07:00,1023.3,3015,16301,92.09,53,99,85,40,4533,0x0000000000000001,GpuIdle
2026-08-23T18:50:00.7464623-07:00,1024.3,3015,16301,94.27,53,99,85,40,4533,0x0000000000000001,GpuIdle
2026-08-23T18:50:01.7814293-07:00,1025.4,3015,16301,91.96,52,99,85,40,4533,0x0000000000000001,GpuIdle
2026-08-23T18:50:02.8281176-07:00,1026.4,3015,16501,46.90,49,3,0,40,1322,0x0000000000000001,GpuIdle
2026-08-23T18:50:03.8666457-07:00,1027.5,3015,16301,30.88,50,5,1,40,4533,0x0000000000000000,None
2026-08-23T18:50:04.9051804-07:00,1028.5,3015,16301,90.64,52,99,84,40,4533,0x0000000000000000,None
2026-08-23T18:50:05.9393745-07:00,1029.5,3015,16301,93.84,53,99,84,40,4533,0x0000000000000000,None
2026-08-23T18:50:06.9739104-07:00,1030.6,3015,16301,91.75,53,99,84,40,4533,0x0000000000000000,None
2026-08-23T18:50:08.0124932-07:00,1031.6,3015,16301,93.98,53,99,84,40,4533,0x0000000000000000,None
2026-08-23T18:50:09.0766010-07:00,1032.7,3015,16301,91.90,53,99,84,40,4533,0x0000000000000000,None
2026-08-23T18:50:10.1108292-07:00,1033.7,3015,16301,94.05,53,99,84,40,4533,0x0000000000000000,None
2026-08-23T18:50:11.1453638-07:00,1034.7,3015,16301,91.48,53,99,84,40,4541,0x0000000000000001,GpuIdle
2026-08-23T18:50:12.1792259-07:00,1035.8,3015,16301,93.86,53,99,84,40,4541,0x0000000000000001,GpuIdle
2026-08-23T18:50:13.2177936-07:00,1036.8,3015,16301,91.67,53,99,84,40,4538,0x0000000000000001,GpuIdle
2026-08-23T18:50:14.2521927-07:00,1037.9,3015,16301,93.98,53,99,84,40,4538,0x0000000000000001,GpuIdle
2026-08-23T18:50:15.2820870-07:00,1038.9,3015,16301,91.99,53,99,84,39,4538,0x0000000000000001,GpuIdle
2026-08-23T18:50:16.3166064-07:00,1039.9,3015,16301,91.86,53,99,85,39,4538,0x0000000000000001,GpuIdle
2026-08-23T18:50:17.3509808-07:00,1041,3015,16301,94.13,53,99,85,39,4539,0x0000000000000001,GpuIdle
2026-08-23T18:50:18.3900890-07:00,1042,3015,16301,91.99,52,99,85,39,4539,0x0000000000000001,GpuIdle
2026-08-23T18:50:19.4247647-07:00,1043,3015,16301,94.20,53,99,85,39,4539,0x0000000000000001,GpuIdle
2026-08-23T18:50:20.4598048-07:00,1044.1,3015,16301,92.03,52,81,69,39,4539,0x0000000000000001,GpuIdle
2026-08-23T18:50:21.4968305-07:00,1045.1,3015,16301,94.28,53,99,85,39,4539,0x0000000000000001,GpuIdle
2026-08-23T18:50:22.5314160-07:00,1046.1,3015,16301,92.02,52,67,57,39,4539,0x0000000000000001,GpuIdle
2026-08-23T18:50:23.5656668-07:00,1047.2,3015,16301,92.11,53,99,85,39,4539,0x0000000000000001,GpuIdle
2026-08-23T18:50:24.5999101-07:00,1048.2,3015,16301,92.89,52,75,64,39,4539,0x0000000000000001,GpuIdle
2026-08-23T18:50:25.6388112-07:00,1049.2,3015,16301,92.43,53,99,85,39,4539,0x0000000000000001,GpuIdle
2026-08-23T18:50:26.6896714-07:00,1050.3,3015,16301,94.21,53,99,85,39,4539,0x0000000000000001,GpuIdle
2026-08-23T18:50:27.7240726-07:00,1051.3,3015,16301,92.00,53,99,85,39,4539,0x0000000000000001,GpuIdle
2026-08-23T18:50:28.7583130-07:00,1052.4,3015,16301,94.16,53,99,85,39,4539,0x0000000000000001,GpuIdle
2026-08-23T18:50:29.7968903-07:00,1053.4,3015,16301,91.87,53,99,85,39,4539,0x0000000000000001,GpuIdle
2026-08-23T18:50:30.8312514-07:00,1054.4,3015,16301,91.88,53,99,85,39,4539,0x0000000000000001,GpuIdle
2026-08-23T18:50:31.8738649-07:00,1055.5,3015,16301,94.01,53,99,85,39,4539,0x0000000000000001,GpuIdle
2026-08-23T18:50:32.9084426-07:00,1056.5,3015,16301,91.58,53,99,85,39,4539,0x0000000000000001,GpuIdle
2026-08-23T18:50:33.9553144-07:00,1057.6,3015,16301,93.96,53,99,85,39,4539,0x0000000000000001,GpuIdle
2026-08-23T18:50:34.9855281-07:00,1058.6,3015,16301,91.83,53,99,84,39,4539,0x0000000000000001,GpuIdle
2026-08-23T18:50:36.0198983-07:00,1059.6,3015,16301,93.82,53,99,84,39,4539,0x0000000000000001,GpuIdle
2026-08-23T18:50:37.0584315-07:00,1060.7,3015,16301,91.79,53,99,84,39,4539,0x0000000000000001,GpuIdle
2026-08-23T18:50:38.1011792-07:00,1061.7,3015,16301,93.90,53,99,84,39,4539,0x0000000000000001,GpuIdle
2026-08-23T18:50:39.1355950-07:00,1062.7,3015,16301,91.72,52,99,84,39,4545,0x0000000000000001,GpuIdle
2026-08-23T18:50:40.1699519-07:00,1063.8,3015,16301,94.07,53,99,85,39,4545,0x0000000000000001,GpuIdle
2026-08-23T18:50:41.2043261-07:00,1064.8,3015,16301,92.19,52,99,85,39,4538,0x0000000000000001,GpuIdle
2026-08-23T18:50:42.2429030-07:00,1065.8,3015,16301,93.89,53,99,84,39,4538,0x0000000000000001,GpuIdle
2026-08-23T18:50:43.2856764-07:00,1066.9,3015,16301,91.86,52,87,73,39,4538,0x0000000000000001,GpuIdle
2026-08-23T18:50:44.3241498-07:00,1067.9,3015,16301,93.92,53,99,84,39,4538,0x0000000000000001,GpuIdle
2026-08-23T18:50:45.3669498-07:00,1069,3015,16301,92.06,53,99,85,39,4538,0x0000000000000001,GpuIdle
2026-08-23T18:50:46.4054956-07:00,1070,3015,16301,94.04,53,99,85,39,4538,0x0000000000000001,GpuIdle
2026-08-23T18:50:47.4398631-07:00,1071,3015,16301,91.68,53,99,85,39,4538,0x0000000000000001,GpuIdle
2026-08-23T18:50:48.4743324-07:00,1072.1,3015,16301,94.06,53,99,85,39,4538,0x0000000000000001,GpuIdle
2026-08-23T18:50:49.5211857-07:00,1073.1,3015,16301,91.87,53,99,85,39,4538,0x0000000000000001,GpuIdle
2026-08-23T18:50:50.5639135-07:00,1074.2,3015,16301,93.95,53,99,85,38,4538,0x0000000000000001,GpuIdle
2026-08-23T18:50:51.6023917-07:00,1075.2,3015,16301,92.19,53,99,85,38,4538,0x0000000000000001,GpuIdle
2026-08-23T18:50:52.6367761-07:00,1076.2,3015,16301,93.80,53,99,85,38,4538,0x0000000000000001,GpuIdle
2026-08-23T18:50:53.6795343-07:00,1077.3,3015,16301,91.35,53,99,85,38,4538,0x0000000000000001,GpuIdle
2026-08-23T18:50:54.7181219-07:00,1078.3,3015,16301,93.97,53,99,85,38,4538,0x0000000000000001,GpuIdle
2026-08-23T18:50:55.7517994-07:00,1079.4,3015,16301,91.61,53,99,85,38,4538,0x0000000000000001,GpuIdle
2026-08-23T18:50:56.7910473-07:00,1080.4,3015,16301,93.74,53,99,85,38,4538,0x0000000000000001,GpuIdle
2026-08-23T18:50:57.8212287-07:00,1081.4,3015,16301,91.58,53,99,85,38,4538,0x0000000000000001,GpuIdle
2026-08-23T18:50:58.8556100-07:00,1082.5,3015,16501,38.38,49,3,0,38,1326,0x0000000000000001,GpuIdle
2026-08-23T18:50:59.8900886-07:00,1083.5,3007,16301,40.74,52,99,85,38,4538,0x0000000000000000,None
2026-08-23T18:51:00.9285473-07:00,1084.5,3015,16301,93.52,52,99,84,38,4538,0x0000000000000000,None
2026-08-23T18:51:01.9796716-07:00,1085.6,3015,16301,91.66,52,99,85,38,4538,0x0000000000000000,None
2026-08-23T18:51:03.0140534-07:00,1086.6,3015,16301,93.54,52,99,85,38,4538,0x0000000000000000,None
2026-08-23T18:51:04.0568226-07:00,1087.7,3015,16301,91.72,52,70,59,38,4538,0x0000000000000000,None
2026-08-23T18:51:05.1120239-07:00,1088.7,3015,16301,92.01,52,99,85,38,4538,0x0000000000000000,None
2026-08-23T18:51:06.1422465-07:00,1089.7,3015,16301,91.97,51,70,59,38,4544,0x0000000000000001,GpuIdle
2026-08-23T18:51:07.1759491-07:00,1090.8,3015,16301,93.77,52,99,85,38,4544,0x0000000000000001,GpuIdle
2026-08-23T18:51:08.2110250-07:00,1091.8,3015,16301,93.95,52,95,81,38,4543,0x0000000000000001,GpuIdle
2026-08-23T18:51:09.2537761-07:00,1092.9,3015,16301,91.80,52,99,85,38,4543,0x0000000000000001,GpuIdle
2026-08-23T18:51:10.2922265-07:00,1093.9,3015,16301,93.90,52,99,84,38,4543,0x0000000000000001,GpuIdle
2026-08-23T18:51:11.3309247-07:00,1094.9,3015,16301,93.88,52,99,85,38,4543,0x0000000000000001,GpuIdle
2026-08-23T18:51:12.3656130-07:00,1096,3015,16301,91.64,52,99,85,38,4543,0x0000000000000001,GpuIdle
2026-08-23T18:51:13.4000977-07:00,1097,3015,16301,93.85,52,99,84,38,4543,0x0000000000000001,GpuIdle
2026-08-23T18:51:14.4342754-07:00,1098,3015,16301,91.70,52,99,85,38,4543,0x0000000000000001,GpuIdle
2026-08-23T18:51:15.4682963-07:00,1099.1,3015,16301,93.87,52,99,85,38,4543,0x0000000000000001,GpuIdle
2026-08-23T18:51:16.5030388-07:00,1100.1,3015,16301,91.66,52,99,85,38,4543,0x0000000000000001,GpuIdle
2026-08-23T18:51:17.5373493-07:00,1101.1,3015,16301,93.96,52,99,85,38,4543,0x0000000000000001,GpuIdle
2026-08-23T18:51:18.5715076-07:00,1102.2,3015,16301,91.64,52,99,85,38,4543,0x0000000000000001,GpuIdle
2026-08-23T18:51:19.6059416-07:00,1103.2,3015,16301,93.82,52,99,85,38,4543,0x0000000000000001,GpuIdle
2026-08-23T18:51:20.6534962-07:00,1104.3,3015,16301,91.78,52,99,85,38,4543,0x0000000000000001,GpuIdle
2026-08-23T18:51:21.7098913-07:00,1105.3,3015,16301,93.88,52,99,84,38,4543,0x0000000000000001,GpuIdle
2026-08-23T18:51:22.7508105-07:00,1106.4,3015,16301,91.46,52,99,84,38,4543,0x0000000000000001,GpuIdle
2026-08-23T18:51:23.7851638-07:00,1107.4,3015,16301,93.70,52,99,85,38,4543,0x0000000000000001,GpuIdle
2026-08-23T18:51:24.8237016-07:00,1108.4,3015,16301,91.64,52,99,85,37,4543,0x0000000000000001,GpuIdle
2026-08-23T18:51:25.8626100-07:00,1109.5,3015,16301,93.64,52,99,85,37,4543,0x0000000000000001,GpuIdle
2026-08-23T18:51:26.8966423-07:00,1110.5,3015,16301,91.51,52,99,85,37,4543,0x0000000000000001,GpuIdle
2026-08-23T18:51:27.9313826-07:00,1111.5,3015,16301,93.76,52,99,85,37,4543,0x0000000000000001,GpuIdle
2026-08-23T18:51:28.9654480-07:00,1112.6,3015,16301,91.86,52,99,85,37,4543,0x0000000000000001,GpuIdle
2026-08-23T18:51:30.0037570-07:00,1113.6,3015,16301,94.00,52,99,84,37,4543,0x0000000000000001,GpuIdle
2026-08-23T18:51:31.0382357-07:00,1114.6,3015,16301,91.79,52,99,84,37,4543,0x0000000000000001,GpuIdle
2026-08-23T18:51:32.0686203-07:00,1115.7,3015,16301,93.94,52,99,85,37,4543,0x0000000000000001,GpuIdle
2026-08-23T18:51:33.1029778-07:00,1116.7,3015,16301,91.90,52,99,85,37,4543,0x0000000000000001,GpuIdle
2026-08-23T18:51:34.1457443-07:00,1117.7,3015,16301,93.90,52,99,84,37,4543,0x0000000000000001,GpuIdle
2026-08-23T18:51:35.1759218-07:00,1118.8,3015,16301,91.57,52,99,84,37,4543,0x0000000000000001,GpuIdle
2026-08-23T18:51:36.2227965-07:00,1119.8,3015,16301,93.77,52,99,85,37,4543,0x0000000000000001,GpuIdle
2026-08-23T18:51:37.2658896-07:00,1120.9,3015,16301,91.62,52,99,85,37,4543,0x0000000000000001,GpuIdle
2026-08-23T18:51:38.3040873-07:00,1121.9,3015,16301,94.04,53,99,84,37,4543,0x0000000000000001,GpuIdle
2026-08-23T18:51:39.3410298-07:00,1122.9,3015,16301,91.84,52,99,85,37,4543,0x0000000000000001,GpuIdle
2026-08-23T18:51:40.3805781-07:00,1124,3015,16301,93.86,52,99,85,37,4543,0x0000000000000001,GpuIdle
2026-08-23T18:51:41.4156313-07:00,1125,3015,16301,91.88,52,99,84,37,4543,0x0000000000000001,GpuIdle
2026-08-23T18:51:42.4541577-07:00,1126.1,3015,16301,94.00,53,99,86,37,4549,0x0000000000000001,GpuIdle
2026-08-23T18:51:43.4885510-07:00,1127.1,3015,16301,91.92,52,99,84,37,4543,0x0000000000000001,GpuIdle
2026-08-23T18:51:44.5271177-07:00,1128.1,3015,16301,93.95,53,99,85,37,4543,0x0000000000000001,GpuIdle
2026-08-23T18:51:45.5615012-07:00,1129.2,3015,16301,92.12,52,99,85,37,4543,0x0000000000000001,GpuIdle
2026-08-23T18:51:46.6004666-07:00,1130.2,3015,16301,94.10,53,99,86,37,4543,0x0000000000000001,GpuIdle
2026-08-23T18:51:47.6344592-07:00,1131.2,3015,16301,91.91,53,99,85,37,4543,0x0000000000000001,GpuIdle
2026-08-23T18:51:48.6691554-07:00,1132.3,3015,16301,94.03,53,99,85,37,4543,0x0000000000000001,GpuIdle
2026-08-23T18:51:49.7032044-07:00,1133.3,3015,16301,91.63,53,99,85,37,4543,0x0000000000000001,GpuIdle
2026-08-23T18:51:50.7379334-07:00,1134.3,3015,16301,93.89,53,99,84,37,4543,0x0000000000000001,GpuIdle
2026-08-23T18:51:51.7845227-07:00,1135.4,3015,16301,91.98,52,99,85,37,4543,0x0000000000000001,GpuIdle
2026-08-23T18:51:52.8188880-07:00,1136.4,3015,16301,93.95,53,99,85,37,4544,0x0000000000000001,GpuIdle
2026-08-23T18:51:53.8532529-07:00,1137.5,3015,16301,89.21,51,61,52,37,4544,0x0000000000000001,GpuIdle
2026-08-23T18:51:54.8918096-07:00,1138.5,3015,16501,27.48,49,3,0,37,1333,0x0000000000000001,GpuIdle
2026-08-23T18:51:55.9262072-07:00,1139.5,3015,16301,46.60,52,99,83,37,4544,0x0000000000000000,None
2026-08-23T18:51:56.9606456-07:00,1140.6,3015,16301,93.24,52,99,84,37,4544,0x0000000000000000,None
2026-08-23T18:51:57.9991393-07:00,1141.6,3015,16301,91.47,52,99,83,37,4544,0x0000000000000000,None
2026-08-23T18:51:59.0335627-07:00,1142.6,3015,16301,93.31,52,99,83,37,4550,0x0000000000000000,None
2026-08-23T18:52:00.0748374-07:00,1143.7,3015,16301,90.96,52,99,83,37,4550,0x0000000000000000,None
2026-08-23T18:52:01.1232037-07:00,1144.7,3015,16301,93.24,52,99,84,37,4546,0x0000000000000000,None
2026-08-23T18:52:02.1579823-07:00,1145.8,3015,16301,91.43,52,99,84,37,4547,0x0000000000000001,GpuIdle
2026-08-23T18:52:03.1919418-07:00,1146.8,3015,16301,93.22,52,99,83,37,4547,0x0000000000000001,GpuIdle
2026-08-23T18:52:04.2308150-07:00,1147.8,3015,16301,91.39,52,68,57,37,4547,0x0000000000000001,GpuIdle
2026-08-23T18:52:05.2652335-07:00,1148.9,3015,16301,91.56,52,99,83,37,4547,0x0000000000000001,GpuIdle
2026-08-23T18:52:06.2992479-07:00,1149.9,3015,16301,91.79,52,69,58,37,4547,0x0000000000000001,GpuIdle
2026-08-23T18:52:07.3382110-07:00,1150.9,3015,16301,93.56,52,99,83,37,4539,0x0000000000000001,GpuIdle
2026-08-23T18:52:08.3722003-07:00,1152,3015,16301,91.44,52,99,83,36,4539,0x0000000000000001,GpuIdle
2026-08-23T18:52:09.4068966-07:00,1153,3015,16301,93.44,52,99,83,37,4539,0x0000000000000001,GpuIdle
2026-08-23T18:52:10.4413244-07:00,1154,3015,16301,91.45,52,99,84,36,4539,0x0000000000000001,GpuIdle
2026-08-23T18:52:11.4837619-07:00,1155.1,3015,16301,93.50,52,99,83,36,4539,0x0000000000000001,GpuIdle
2026-08-23T18:52:12.5181019-07:00,1156.1,3015,16301,91.14,52,99,83,36,4539,0x0000000000000001,GpuIdle
2026-08-23T18:52:13.5528109-07:00,1157.2,3015,16301,93.38,52,99,83,36,4539,0x0000000000000001,GpuIdle
2026-08-23T18:52:14.5951992-07:00,1158.2,3015,16301,91.46,52,99,83,36,4539,0x0000000000000001,GpuIdle
2026-08-23T18:52:15.6298943-07:00,1159.2,3015,16301,93.37,52,99,83,36,4539,0x0000000000000001,GpuIdle
2026-08-23T18:52:16.6640037-07:00,1160.3,3015,16301,91.04,52,99,83,36,4539,0x0000000000000001,GpuIdle
2026-08-23T18:52:17.6983577-07:00,1161.3,3015,16301,93.20,52,99,83,36,4539,0x0000000000000001,GpuIdle
2026-08-23T18:52:18.7425756-07:00,1162.3,3015,16301,91.39,52,99,83,36,4539,0x0000000000000001,GpuIdle
2026-08-23T18:52:19.7798228-07:00,1163.4,3015,16301,93.52,52,99,83,36,4539,0x0000000000000001,GpuIdle
2026-08-23T18:52:20.8181920-07:00,1164.4,3015,16301,90.71,52,58,48,36,4539,0x0000000000000001,GpuIdle
2026-08-23T18:52:21.8529464-07:00,1165.5,3015,16301,93.52,52,99,83,36,4539,0x0000000000000001,GpuIdle
2026-08-23T18:52:22.8998700-07:00,1166.5,3015,16301,91.63,52,99,83,36,4539,0x0000000000000001,GpuIdle
2026-08-23T18:52:23.9342335-07:00,1167.5,3015,16301,93.41,52,99,83,36,4539,0x0000000000000001,GpuIdle
2026-08-23T18:52:24.9728029-07:00,1168.6,3015,16301,91.35,52,99,83,36,4539,0x0000000000000001,GpuIdle
2026-08-23T18:52:26.0072041-07:00,1169.6,3015,16301,93.43,52,99,83,36,4539,0x0000000000000001,GpuIdle
2026-08-23T18:52:27.0453830-07:00,1170.6,3015,16301,91.61,52,99,83,36,4539,0x0000000000000001,GpuIdle
2026-08-23T18:52:28.0797867-07:00,1171.7,3015,16301,93.71,52,99,83,36,4539,0x0000000000000001,GpuIdle
2026-08-23T18:52:29.1184001-07:00,1172.7,3015,16301,91.53,52,99,83,36,4539,0x0000000000000001,GpuIdle
2026-08-23T18:52:30.1527162-07:00,1173.8,3015,16301,93.82,52,99,84,36,4539,0x0000000000000001,GpuIdle
2026-08-23T18:52:31.1871032-07:00,1174.8,3015,16301,91.30,52,99,83,36,4539,0x0000000000000001,GpuIdle
2026-08-23T18:52:32.2214777-07:00,1175.8,3015,16301,93.87,53,99,83,36,4539,0x0000000000000001,GpuIdle
2026-08-23T18:52:33.2600598-07:00,1176.9,3015,16301,91.72,52,99,83,36,4539,0x0000000000000001,GpuIdle
2026-08-23T18:52:34.2944387-07:00,1177.9,3015,16301,93.68,53,99,83,36,4539,0x0000000000000001,GpuIdle
2026-08-23T18:52:35.3330289-07:00,1178.9,3015,16301,91.47,53,99,84,36,4539,0x0000000000000001,GpuIdle
2026-08-23T18:52:36.3674235-07:00,1180,3015,16301,93.89,53,99,84,36,4539,0x0000000000000001,GpuIdle
2026-08-23T18:52:37.4018017-07:00,1181,3015,16301,91.96,53,99,84,36,4539,0x0000000000000001,GpuIdle
2026-08-23T18:52:38.4528596-07:00,1182.1,3015,16301,93.86,53,99,84,36,4539,0x0000000000000001,GpuIdle
2026-08-23T18:52:39.4914393-07:00,1183.1,3015,16301,91.67,53,99,83,36,4539,0x0000000000000001,GpuIdle
2026-08-23T18:52:40.5258652-07:00,1184.1,3015,16301,93.86,53,99,84,36,4539,0x0000000000000001,GpuIdle
2026-08-23T18:52:41.5602416-07:00,1185.2,3015,16301,91.96,53,99,84,36,4539,0x0000000000000001,GpuIdle
2026-08-23T18:52:42.5945945-07:00,1186.2,3015,16301,93.81,53,99,84,36,4539,0x0000000000000001,GpuIdle
2026-08-23T18:52:43.6247734-07:00,1187.2,3015,16301,91.84,53,99,84,36,4539,0x0000000000000001,GpuIdle
2026-08-23T18:52:44.6591551-07:00,1188.3,3015,16301,93.84,53,99,84,36,4539,0x0000000000000001,GpuIdle
2026-08-23T18:52:45.6977435-07:00,1189.3,3015,16301,91.33,53,99,84,36,4539,0x0000000000000001,GpuIdle
2026-08-23T18:52:46.7363207-07:00,1190.3,3015,16301,93.80,53,99,84,36,4539,0x0000000000000001,GpuIdle
2026-08-23T18:52:47.7748452-07:00,1191.4,3015,16301,91.90,53,99,84,36,4539,0x0000000000000001,GpuIdle
2026-08-23T18:52:48.8134164-07:00,1192.4,3015,16301,93.82,53,99,84,36,4539,0x0000000000000001,GpuIdle
2026-08-23T18:52:49.8520639-07:00,1193.5,3015,16301,91.79,53,99,83,36,4539,0x0000000000000001,GpuIdle
2026-08-23T18:52:50.8864867-07:00,1194.5,3015,16501,37.08,49,3,0,36,1328,0x0000000000000001,GpuIdle
2026-08-23T18:52:51.9208500-07:00,1195.5,3015,16301,44.53,52,99,84,36,4539,0x0000000000000000,None
2026-08-23T18:52:52.9551797-07:00,1196.6,3015,16301,93.65,52,99,85,36,4539,0x0000000000000000,None
2026-08-23T18:52:54.0023408-07:00,1197.6,3015,16301,91.57,52,99,85,36,4539,0x0000000000000000,None
2026-08-23T18:52:55.0371462-07:00,1198.6,3015,16301,93.46,52,99,84,36,4539,0x0000000000000000,None
2026-08-23T18:52:56.0871253-07:00,1199.7,3015,16301,91.72,52,99,85,36,4539,0x0000000000000000,None
2026-08-23T18:52:57.1221082-07:00,1200.7,3015,16301,93.76,52,99,85,36,4539,0x0000000000000000,None
2026-08-23T18:52:58.1602015-07:00,1201.8,3015,16301,91.32,52,64,54,36,4544,0x0000000000000001,GpuIdle
2026-08-23T18:52:59.1952808-07:00,1202.8,3015,16301,91.55,52,99,85,36,4544,0x0000000000000001,GpuIdle
2026-08-23T18:53:00.2258688-07:00,1203.8,3015,16301,91.57,51,67,57,36,4543,0x0000000000000001,GpuIdle
2026-08-23T18:53:01.2597707-07:00,1204.9,3015,16301,91.85,52,99,85,36,4543,0x0000000000000001,GpuIdle
2026-08-23T18:53:02.2943012-07:00,1205.9,3015,16301,93.83,52,99,85,36,4543,0x0000000000000001,GpuIdle
2026-08-23T18:53:03.3245587-07:00,1206.9,3015,16301,93.79,52,99,84,36,4543,0x0000000000000001,GpuIdle
2026-08-23T18:53:04.3585197-07:00,1208,3015,16301,91.56,52,99,85,36,4543,0x0000000000000001,GpuIdle
2026-08-23T18:53:05.3978100-07:00,1209,3015,16301,93.88,53,99,85,35,4543,0x0000000000000001,GpuIdle
2026-08-23T18:53:06.4403384-07:00,1210,3015,16301,91.93,53,99,85,35,4543,0x0000000000000001,GpuIdle
2026-08-23T18:53:07.4785085-07:00,1211.1,3015,16301,93.76,53,99,85,35,4543,0x0000000000000001,GpuIdle
2026-08-23T18:53:08.5217716-07:00,1212.1,3015,16301,91.74,53,99,85,35,4543,0x0000000000000001,GpuIdle
2026-08-23T18:53:09.5755145-07:00,1213.2,3015,16301,93.78,53,99,85,35,4543,0x0000000000000001,GpuIdle
2026-08-23T18:53:10.6064979-07:00,1214.2,3015,16301,91.90,53,99,85,35,4543,0x0000000000000001,GpuIdle
2026-08-23T18:53:11.6411188-07:00,1215.2,3015,16301,93.83,53,99,85,35,4543,0x0000000000000001,GpuIdle
2026-08-23T18:53:12.6850131-07:00,1216.3,3015,16301,91.86,53,99,84,36,4543,0x0000000000000001,GpuIdle
2026-08-23T18:53:13.7228811-07:00,1217.3,3015,16301,93.93,53,99,85,36,4543,0x0000000000000001,GpuIdle
2026-08-23T18:53:14.7607663-07:00,1218.4,3015,16301,91.61,52,99,85,35,4543,0x0000000000000001,GpuIdle
2026-08-23T18:53:15.7908651-07:00,1219.4,3015,16301,93.91,53,99,85,35,4543,0x0000000000000001,GpuIdle
2026-08-23T18:53:16.8294552-07:00,1220.4,3015,16301,91.31,53,99,85,35,4543,0x0000000000000001,GpuIdle
2026-08-23T18:53:17.8679612-07:00,1221.5,3015,16301,93.92,53,99,85,35,4543,0x0000000000000001,GpuIdle
2026-08-23T18:53:18.9066211-07:00,1222.5,3015,16301,91.38,53,99,84,35,4543,0x0000000000000001,GpuIdle
2026-08-23T18:53:19.9454790-07:00,1223.5,3015,16301,93.71,53,99,84,35,4543,0x0000000000000001,GpuIdle
2026-08-23T18:53:20.9838083-07:00,1224.6,3015,16301,91.80,53,99,84,35,4543,0x0000000000000001,GpuIdle
2026-08-23T18:53:22.0222535-07:00,1225.6,3015,16301,93.80,53,99,85,35,4543,0x0000000000000001,GpuIdle
2026-08-23T18:53:23.0566341-07:00,1226.7,3015,16301,91.81,53,99,84,35,4543,0x0000000000000001,GpuIdle
2026-08-23T18:53:24.0952089-07:00,1227.7,3015,16301,93.85,53,99,84,35,4543,0x0000000000000001,GpuIdle
2026-08-23T18:53:25.1295735-07:00,1228.7,3015,16301,91.89,53,99,84,35,4543,0x0000000000000001,GpuIdle
2026-08-23T18:53:26.1681494-07:00,1229.8,3015,16301,93.76,53,99,84,35,4543,0x0000000000000001,GpuIdle
2026-08-23T18:53:27.2068109-07:00,1230.8,3015,16301,91.54,53,99,84,35,4543,0x0000000000000001,GpuIdle
2026-08-23T18:53:28.2452634-07:00,1231.8,3015,16301,93.78,53,99,85,35,4543,0x0000000000000001,GpuIdle
2026-08-23T18:53:29.2796490-07:00,1232.9,3015,16301,91.31,53,99,84,35,4543,0x0000000000000001,GpuIdle
2026-08-23T18:53:30.3140316-07:00,1233.9,3015,16301,93.84,53,99,85,35,4543,0x0000000000000001,GpuIdle
2026-08-23T18:53:31.3620944-07:00,1235,3015,16301,91.83,53,99,84,35,4543,0x0000000000000001,GpuIdle
2026-08-23T18:53:32.3988076-07:00,1236,3015,16301,93.76,53,99,84,35,4543,0x0000000000000001,GpuIdle
2026-08-23T18:53:33.4296448-07:00,1237,3015,16301,91.69,53,99,84,35,4543,0x0000000000000001,GpuIdle
2026-08-23T18:53:34.4640301-07:00,1238.1,3015,16301,93.72,53,99,84,35,4543,0x0000000000000001,GpuIdle
2026-08-23T18:53:35.5067660-07:00,1239.1,3015,16301,91.69,53,99,84,35,4543,0x0000000000000001,GpuIdle
2026-08-23T18:53:36.5411820-07:00,1240.1,3015,16301,93.65,53,99,84,35,4543,0x0000000000000001,GpuIdle
2026-08-23T18:53:37.5755371-07:00,1241.2,3015,16301,91.71,53,99,84,35,4543,0x0000000000000001,GpuIdle
2026-08-23T18:53:38.6099173-07:00,1242.2,3015,16301,93.77,53,99,85,35,4543,0x0000000000000001,GpuIdle
2026-08-23T18:53:39.6443903-07:00,1243.2,3015,16301,91.61,53,99,84,35,4543,0x0000000000000001,GpuIdle
2026-08-23T18:53:40.6954511-07:00,1244.3,3015,16301,93.77,53,99,84,35,4545,0x0000000000000001,GpuIdle
2026-08-23T18:53:41.7298310-07:00,1245.3,3015,16301,91.70,53,99,84,35,4545,0x0000000000000001,GpuIdle
2026-08-23T18:53:42.7641572-07:00,1246.4,3015,16301,93.88,53,99,84,35,4545,0x0000000000000001,GpuIdle
2026-08-23T18:53:43.7985666-07:00,1247.4,3015,16301,91.92,53,99,85,35,4545,0x0000000000000001,GpuIdle
2026-08-23T18:53:44.8329388-07:00,1248.4,3015,16301,93.97,53,99,84,35,4545,0x0000000000000001,GpuIdle
2026-08-23T18:53:45.8673716-07:00,1249.5,3015,16301,85.66,50,4,1,35,4545,0x0000000000000001,GpuIdle
2026-08-23T18:53:46.9058826-07:00,1250.5,3015,16501,27.88,49,3,0,35,1334,0x0000000000000001,GpuIdle
2026-08-23T18:53:47.9438831-07:00,1251.5,3015,16301,51.11,52,99,85,35,4550,0x0000000000000000,None
2026-08-23T18:53:48.9788230-07:00,1252.6,3015,16301,93.62,52,99,84,35,4550,0x0000000000000000,None
2026-08-23T18:53:50.0173702-07:00,1253.6,3015,16301,91.56,52,99,85,35,4549,0x0000000000000000,None
2026-08-23T18:53:51.0559797-07:00,1254.7,3015,16301,93.65,53,99,85,35,4549,0x0000000000000000,None
2026-08-23T18:53:52.0903234-07:00,1255.7,3015,16301,91.45,53,99,84,35,4549,0x0000000000000000,None
2026-08-23T18:53:53.1278565-07:00,1256.7,3015,16301,93.65,53,99,85,35,4549,0x0000000000000000,None
2026-08-23T18:53:54.1674779-07:00,1257.8,3015,16301,91.60,53,99,85,35,4549,0x0000000000000001,GpuIdle
2026-08-23T18:53:55.2018796-07:00,1258.8,3015,16301,93.75,53,99,84,35,4549,0x0000000000000001,GpuIdle
2026-08-23T18:53:56.2529874-07:00,1259.9,3015,16301,91.89,52,99,84,35,4549,0x0000000000000001,GpuIdle
2026-08-23T18:53:57.2873304-07:00,1260.9,3015,16301,93.86,53,99,85,35,4549,0x0000000000000001,GpuIdle
2026-08-23T18:53:58.3258429-07:00,1261.9,3015,16301,91.77,52,81,69,35,4549,0x0000000000000001,GpuIdle
2026-08-23T18:53:59.3644594-07:00,1263,3015,16301,93.55,53,99,84,35,4544,0x0000000000000001,GpuIdle
2026-08-23T18:54:00.3988710-07:00,1264,3015,16301,91.33,53,99,85,35,4544,0x0000000000000001,GpuIdle
2026-08-23T18:54:01.4373240-07:00,1265,3015,16301,93.64,53,99,84,35,4539,0x0000000000000001,GpuIdle
2026-08-23T18:54:02.4843125-07:00,1266.1,3015,16301,91.47,53,99,85,35,4539,0x0000000000000001,GpuIdle
2026-08-23T18:54:03.5318261-07:00,1267.1,3015,16301,93.63,53,99,84,35,4539,0x0000000000000001,GpuIdle
2026-08-23T18:54:04.5697140-07:00,1268.2,3015,16301,91.72,53,99,84,35,4539,0x0000000000000001,GpuIdle
2026-08-23T18:54:05.6043520-07:00,1269.2,3015,16301,93.70,53,99,84,35,4539,0x0000000000000001,GpuIdle
2026-08-23T18:54:06.6509909-07:00,1270.3,3015,16301,91.54,53,99,84,35,4539,0x0000000000000001,GpuIdle
2026-08-23T18:54:07.6854824-07:00,1271.3,3015,16301,93.78,53,99,84,35,4539,0x0000000000000001,GpuIdle
2026-08-23T18:54:08.7200766-07:00,1272.3,3015,16301,91.74,53,99,84,35,4539,0x0000000000000001,GpuIdle
2026-08-23T18:54:09.7588371-07:00,1273.4,3015,16301,93.76,53,99,84,35,4539,0x0000000000000001,GpuIdle
2026-08-23T18:54:10.8065280-07:00,1274.4,3015,16301,91.70,53,99,84,35,4539,0x0000000000000001,GpuIdle
2026-08-23T18:54:11.8524309-07:00,1275.5,3015,16301,93.89,53,99,85,35,4539,0x0000000000000001,GpuIdle
2026-08-23T18:54:12.8866830-07:00,1276.5,3015,16301,91.28,53,99,84,35,4539,0x0000000000000001,GpuIdle
2026-08-23T18:54:13.9253450-07:00,1277.5,3015,16301,93.71,53,99,84,35,4539,0x0000000000000001,GpuIdle
2026-08-23T18:54:14.9598897-07:00,1278.6,3015,16301,92.05,53,99,84,35,4539,0x0000000000000001,GpuIdle
2026-08-23T18:54:15.9941695-07:00,1279.6,3015,16301,93.71,53,99,84,35,4539,0x0000000000000001,GpuIdle
2026-08-23T18:54:17.0373888-07:00,1280.6,3015,16301,91.83,53,99,85,35,4539,0x0000000000000001,GpuIdle
2026-08-23T18:54:18.0752813-07:00,1281.7,3015,16301,93.81,53,99,85,35,4539,0x0000000000000001,GpuIdle
2026-08-23T18:54:19.1130433-07:00,1282.7,3015,16301,91.95,53,99,85,35,4539,0x0000000000000001,GpuIdle
2026-08-23T18:54:20.1439956-07:00,1283.7,3015,16301,93.72,53,99,85,35,4539,0x0000000000000001,GpuIdle
2026-08-23T18:54:21.1784115-07:00,1284.8,3015,16301,91.89,53,99,85,35,4539,0x0000000000000001,GpuIdle
2026-08-23T18:54:22.2244658-07:00,1285.8,3015,16301,93.88,53,99,85,35,4539,0x0000000000000001,GpuIdle
2026-08-23T18:54:23.2598901-07:00,1286.9,3015,16301,91.58,53,99,84,35,4539,0x0000000000000001,GpuIdle
2026-08-23T18:54:24.2948001-07:00,1287.9,3015,16301,93.99,53,99,85,35,4539,0x0000000000000001,GpuIdle
2026-08-23T18:54:25.3326237-07:00,1288.9,3015,16301,92.04,53,99,85,35,4539,0x0000000000000001,GpuIdle
2026-08-23T18:54:26.3669335-07:00,1290,3015,16301,93.82,53,99,84,35,4539,0x0000000000000001,GpuIdle
2026-08-23T18:54:27.4183094-07:00,1291,3015,16301,91.55,53,99,85,35,4539,0x0000000000000001,GpuIdle
2026-08-23T18:54:28.4616674-07:00,1292.1,3015,16301,93.84,53,99,85,35,4538,0x0000000000000001,GpuIdle
2026-08-23T18:54:29.4953904-07:00,1293.1,3015,16301,91.61,53,99,85,35,4538,0x0000000000000001,GpuIdle
2026-08-23T18:54:30.5337370-07:00,1294.1,3015,16301,93.80,53,99,85,35,4533,0x0000000000000001,GpuIdle
2026-08-23T18:54:31.5681500-07:00,1295.2,3015,16301,91.84,53,99,85,35,4533,0x0000000000000001,GpuIdle
2026-08-23T18:54:32.6114409-07:00,1296.2,3015,16301,93.71,53,99,85,35,4533,0x0000000000000001,GpuIdle
2026-08-23T18:54:33.6418518-07:00,1297.2,3015,16301,91.94,53,99,86,35,4533,0x0000000000000001,GpuIdle
2026-08-23T18:54:34.6843312-07:00,1298.3,3015,16301,93.88,53,99,84,35,4533,0x0000000000000001,GpuIdle
2026-08-23T18:54:35.7142106-07:00,1299.3,3015,16301,91.08,53,99,85,35,4533,0x0000000000000001,GpuIdle
2026-08-23T18:54:36.7446822-07:00,1300.3,3015,16301,93.67,53,99,85,35,4533,0x0000000000000001,GpuIdle
2026-08-23T18:54:37.7787998-07:00,1301.4,3015,16301,91.60,53,99,85,35,4533,0x0000000000000001,GpuIdle
2026-08-23T18:54:38.8136816-07:00,1302.4,3015,16301,93.78,53,99,84,35,4533,0x0000000000000001,GpuIdle
2026-08-23T18:54:39.8476018-07:00,1303.4,3015,16301,91.66,53,99,85,35,4533,0x0000000000000001,GpuIdle
2026-08-23T18:54:40.8808373-07:00,1304.5,3015,16301,92.44,53,75,64,35,4533,0x0000000000000001,GpuIdle
2026-08-23T18:54:41.9124473-07:00,1305.5,3015,16301,82.70,50,3,1,35,1321,0x0000000000000001,GpuIdle
2026-08-23T18:54:42.9552487-07:00,1306.6,3015,16501,27.55,49,3,0,35,1321,0x0000000000000001,GpuIdle
2026-08-23T18:54:43.9934782-07:00,1307.6,3015,16301,57.47,52,99,85,35,4533,0x0000000000000000,None
2026-08-23T18:54:45.0319704-07:00,1308.6,3015,16301,93.60,53,99,85,35,4533,0x0000000000000000,None
2026-08-23T18:54:46.0620931-07:00,1309.7,3015,16301,90.18,53,99,85,35,4533,0x0000000000000000,None
2026-08-23T18:54:47.0964264-07:00,1310.7,3015,16301,93.86,53,99,85,35,4533,0x0000000000000000,None
2026-08-23T18:54:48.1352475-07:00,1311.7,3015,16301,91.81,53,99,86,35,4533,0x0000000000000000,None
2026-08-23T18:54:49.1775347-07:00,1312.8,3015,16301,93.85,53,99,85,35,4533,0x0000000000000000,None
2026-08-23T18:54:50.2165312-07:00,1313.8,3015,16301,92.04,53,99,85,34,4533,0x0000000000000001,GpuIdle
2026-08-23T18:54:51.2547481-07:00,1314.9,3015,16301,93.80,53,99,85,34,4533,0x0000000000000001,GpuIdle
2026-08-23T18:54:52.2891301-07:00,1315.9,3015,16301,91.54,53,99,85,34,4533,0x0000000000000001,GpuIdle
2026-08-23T18:54:53.3238779-07:00,1316.9,3015,16301,93.91,53,99,85,34,4533,0x0000000000000001,GpuIdle
2026-08-23T18:54:54.3579127-07:00,1318,3015,16301,92.00,53,99,85,34,4533,0x0000000000000001,GpuIdle
2026-08-23T18:54:55.3922868-07:00,1319,3015,16301,94.06,53,99,85,34,4533,0x0000000000000001,GpuIdle
2026-08-23T18:54:56.4270143-07:00,1320,3015,16301,91.94,53,99,85,34,4533,0x0000000000000001,GpuIdle
2026-08-23T18:54:57.4614101-07:00,1321.1,3015,16301,93.97,53,99,85,34,4533,0x0000000000000001,GpuIdle
2026-08-23T18:54:58.4996141-07:00,1322.1,3015,16301,91.84,53,99,84,34,4533,0x0000000000000001,GpuIdle
2026-08-23T18:54:59.5343972-07:00,1323.1,3015,16301,93.91,53,99,84,34,4533,0x0000000000000001,GpuIdle
2026-08-23T18:55:00.5683937-07:00,1324.2,3015,16301,91.97,53,99,84,34,4533,0x0000000000000001,GpuIdle
2026-08-23T18:55:01.5989248-07:00,1325.2,3015,16301,93.95,53,99,84,34,4533,0x0000000000000001,GpuIdle
2026-08-23T18:55:02.6329760-07:00,1326.2,3015,16301,92.07,53,99,84,34,4533,0x0000000000000001,GpuIdle
2026-08-23T18:55:03.6673837-07:00,1327.3,3015,16301,94.10,53,99,84,34,4533,0x0000000000000001,GpuIdle
2026-08-23T18:55:04.7017463-07:00,1328.3,3015,16301,92.07,53,99,84,34,4533,0x0000000000000001,GpuIdle
2026-08-23T18:55:05.7361447-07:00,1329.3,3015,16301,94.16,53,99,84,34,4533,0x0000000000000001,GpuIdle
2026-08-23T18:55:06.7705324-07:00,1330.4,3015,16301,91.70,53,99,85,34,4533,0x0000000000000001,GpuIdle
2026-08-23T18:55:07.8187604-07:00,1331.4,3015,16301,94.18,53,99,84,34,4533,0x0000000000000001,GpuIdle
2026-08-23T18:55:08.8591350-07:00,1332.5,3015,16301,91.98,53,99,84,34,4533,0x0000000000000001,GpuIdle
2026-08-23T18:55:09.8907254-07:00,1333.5,3015,16301,94.14,53,99,85,34,4533,0x0000000000000001,GpuIdle
2026-08-23T18:55:10.9251639-07:00,1334.5,3015,16301,91.97,53,99,85,34,4533,0x0000000000000001,GpuIdle
2026-08-23T18:55:11.9637002-07:00,1335.6,3015,16301,94.05,53,99,85,34,4533,0x0000000000000001,GpuIdle
2026-08-23T18:55:12.9977160-07:00,1336.6,3015,16301,91.65,53,99,85,34,4538,0x0000000000000001,GpuIdle
2026-08-23T18:55:14.0363083-07:00,1337.6,3015,16301,94.06,53,99,85,34,4538,0x0000000000000001,GpuIdle
2026-08-23T18:55:15.0748240-07:00,1338.7,3015,16301,92.11,53,99,85,34,4537,0x0000000000000001,GpuIdle
2026-08-23T18:55:16.1092116-07:00,1339.7,3015,16301,94.00,53,99,85,34,4537,0x0000000000000001,GpuIdle
2026-08-23T18:55:17.1439718-07:00,1340.7,3015,16301,91.66,53,99,85,34,4537,0x0000000000000001,GpuIdle
2026-08-23T18:55:18.1780445-07:00,1341.8,3015,16301,93.86,53,99,85,34,4537,0x0000000000000001,GpuIdle
2026-08-23T18:55:19.2124492-07:00,1342.8,3015,16301,91.86,53,99,85,34,4537,0x0000000000000001,GpuIdle
2026-08-23T18:55:20.2468065-07:00,1343.8,3015,16301,94.21,53,99,85,34,4537,0x0000000000000001,GpuIdle
2026-08-23T18:55:21.2853265-07:00,1344.9,3015,16301,92.09,53,99,85,34,4537,0x0000000000000001,GpuIdle
2026-08-23T18:55:22.3197151-07:00,1345.9,3015,16301,94.14,53,99,85,34,4537,0x0000000000000001,GpuIdle
2026-08-23T18:55:23.3541239-07:00,1347,3015,16301,91.93,53,99,85,34,4537,0x0000000000000001,GpuIdle
2026-08-23T18:55:24.3885478-07:00,1348,3015,16301,94.24,53,99,85,34,4537,0x0000000000000001,GpuIdle
2026-08-23T18:55:25.4229371-07:00,1349,3015,16301,91.36,53,99,85,34,4537,0x0000000000000001,GpuIdle
2026-08-23T18:55:26.4572602-07:00,1350.1,3015,16301,94.00,53,99,85,34,4537,0x0000000000000001,GpuIdle
2026-08-23T18:55:27.4958349-07:00,1351.1,3015,16301,92.03,53,99,85,34,4537,0x0000000000000001,GpuIdle
2026-08-23T18:55:28.5401855-07:00,1352.1,3015,16301,94.24,53,99,85,34,4537,0x0000000000000001,GpuIdle
2026-08-23T18:55:29.5815854-07:00,1353.2,3015,16301,92.18,53,99,85,34,4537,0x0000000000000001,GpuIdle
2026-08-23T18:55:30.6157926-07:00,1354.2,3015,16301,93.99,53,99,85,34,4537,0x0000000000000001,GpuIdle
2026-08-23T18:55:31.6460094-07:00,1355.2,3015,16301,92.17,53,99,85,34,4537,0x0000000000000001,GpuIdle
2026-08-23T18:55:32.6852440-07:00,1356.3,3015,16301,94.02,53,99,85,34,4537,0x0000000000000001,GpuIdle
2026-08-23T18:55:33.7193774-07:00,1357.3,3015,16301,91.98,53,99,85,34,4537,0x0000000000000001,GpuIdle
2026-08-23T18:55:34.7577631-07:00,1358.4,3015,16301,93.88,53,99,85,34,4538,0x0000000000000001,GpuIdle
2026-08-23T18:55:35.7967070-07:00,1359.4,3015,16301,91.72,53,99,85,34,4532,0x0000000000000001,GpuIdle
2026-08-23T18:55:36.8348155-07:00,1360.4,3015,16301,94.05,53,99,85,34,4532,0x0000000000000001,GpuIdle
2026-08-23T18:55:37.8694874-07:00,1361.5,3015,16501,76.34,50,4,0,34,1321,0x0000000000000001,GpuIdle
2026-08-23T18:55:38.8995100-07:00,1362.5,3015,16501,27.48,49,4,0,34,1321,0x0000000000000001,GpuIdle
2026-08-23T18:55:39.9377731-07:00,1363.5,3015,16301,65.76,53,99,84,34,4532,0x0000000000000000,None
2026-08-23T18:55:40.9682004-07:00,1364.6,3015,16301,93.31,53,99,83,34,4532,0x0000000000000000,None
2026-08-23T18:55:42.0031060-07:00,1365.6,3015,16301,91.45,53,99,83,34,4532,0x0000000000000000,None
2026-08-23T18:55:43.0409591-07:00,1366.6,3015,16301,93.60,53,99,83,34,4532,0x0000000000000000,None
2026-08-23T18:55:44.0796628-07:00,1367.7,3015,16301,91.71,53,99,84,34,4532,0x0000000000000000,None
2026-08-23T18:55:45.1307024-07:00,1368.7,3015,16301,93.47,53,99,84,34,4532,0x0000000000000000,None
2026-08-23T18:55:46.1825362-07:00,1369.8,3015,16301,91.32,53,99,83,34,4532,0x0000000000000001,GpuIdle
2026-08-23T18:55:47.2162549-07:00,1370.8,3015,16301,93.44,53,99,83,34,4532,0x0000000000000001,GpuIdle
2026-08-23T18:55:48.2506492-07:00,1371.9,3015,16301,91.63,53,99,83,34,4532,0x0000000000000001,GpuIdle
2026-08-23T18:55:49.2849226-07:00,1372.9,3015,16301,93.67,53,99,83,34,4532,0x0000000000000001,GpuIdle
2026-08-23T18:55:50.3192216-07:00,1373.9,3015,16301,91.65,53,99,84,34,4532,0x0000000000000001,GpuIdle
2026-08-23T18:55:51.3539247-07:00,1375,3015,16301,93.70,53,99,84,34,4532,0x0000000000000001,GpuIdle
2026-08-23T18:55:52.3843878-07:00,1376,3015,16301,91.56,53,99,84,34,4532,0x0000000000000001,GpuIdle
2026-08-23T18:55:53.4187465-07:00,1377,3015,16301,93.69,53,99,83,34,4532,0x0000000000000001,GpuIdle
2026-08-23T18:55:54.4567633-07:00,1378.1,3015,16301,91.67,53,99,83,34,4532,0x0000000000000001,GpuIdle
2026-08-23T18:55:55.4871270-07:00,1379.1,3015,16301,93.77,53,99,84,34,4532,0x0000000000000001,GpuIdle
2026-08-23T18:55:56.5212291-07:00,1380.1,3015,16301,91.84,53,99,83,34,4532,0x0000000000000001,GpuIdle
2026-08-23T18:55:57.5558822-07:00,1381.2,3015,16301,93.62,53,99,83,34,4532,0x0000000000000001,GpuIdle
2026-08-23T18:55:58.5950775-07:00,1382.2,3015,16301,91.33,53,99,83,34,4532,0x0000000000000001,GpuIdle
2026-08-23T18:55:59.6294356-07:00,1383.2,3015,16301,93.74,53,99,83,34,4532,0x0000000000000001,GpuIdle
2026-08-23T18:56:00.6763129-07:00,1384.3,3015,16301,91.56,53,99,83,34,4532,0x0000000000000001,GpuIdle
2026-08-23T18:56:01.7190137-07:00,1385.3,3015,16301,93.77,53,99,83,34,4532,0x0000000000000001,GpuIdle
2026-08-23T18:56:02.7612952-07:00,1386.4,3015,16301,91.60,53,99,83,34,4532,0x0000000000000001,GpuIdle
2026-08-23T18:56:03.7914832-07:00,1387.4,3015,16301,93.72,53,99,83,34,4532,0x0000000000000001,GpuIdle
2026-08-23T18:56:04.8239728-07:00,1388.4,3015,16301,91.66,53,99,83,34,4533,0x0000000000000001,GpuIdle
2026-08-23T18:56:05.8647295-07:00,1389.5,3015,16301,93.82,53,99,83,34,4533,0x0000000000000001,GpuIdle
2026-08-23T18:56:06.8993223-07:00,1390.5,3015,16301,91.77,53,99,84,34,4527,0x0000000000000001,GpuIdle
2026-08-23T18:56:07.9331680-07:00,1391.5,3015,16301,93.89,53,99,84,34,4527,0x0000000000000001,GpuIdle
2026-08-23T18:56:08.9680337-07:00,1392.6,3015,16301,91.80,53,99,84,34,4527,0x0000000000000001,GpuIdle
2026-08-23T18:56:10.0024286-07:00,1393.6,3015,16301,93.90,53,99,83,34,4527,0x0000000000000001,GpuIdle
2026-08-23T18:56:11.0363318-07:00,1394.6,3015,16301,91.56,53,99,83,34,4527,0x0000000000000001,GpuIdle
2026-08-23T18:56:12.0748955-07:00,1395.7,3015,16301,93.88,53,99,84,34,4527,0x0000000000000001,GpuIdle
2026-08-23T18:56:13.1176954-07:00,1396.7,3015,16301,91.84,53,99,83,34,4527,0x0000000000000001,GpuIdle
2026-08-23T18:56:14.1516842-07:00,1397.8,3015,16301,93.81,53,99,83,34,4527,0x0000000000000001,GpuIdle
2026-08-23T18:56:15.1860977-07:00,1398.8,3015,16301,91.97,53,99,83,34,4527,0x0000000000000001,GpuIdle
2026-08-23T18:56:16.2371233-07:00,1399.8,3015,16301,93.82,53,99,84,34,4527,0x0000000000000001,GpuIdle
2026-08-23T18:56:17.2715375-07:00,1400.9,3015,16301,92.10,53,99,84,34,4527,0x0000000000000001,GpuIdle
2026-08-23T18:56:18.3058918-07:00,1401.9,3015,16301,93.72,53,99,83,34,4527,0x0000000000000001,GpuIdle
2026-08-23T18:56:19.3361772-07:00,1402.9,3015,16301,91.93,53,99,84,34,4527,0x0000000000000001,GpuIdle
2026-08-23T18:56:20.3830270-07:00,1404,3015,16301,93.85,53,99,83,34,4527,0x0000000000000001,GpuIdle
2026-08-23T18:56:21.4174090-07:00,1405,3015,16301,91.91,53,99,83,34,4527,0x0000000000000001,GpuIdle
2026-08-23T18:56:22.4560264-07:00,1406.1,3015,16301,94.03,53,99,84,34,4527,0x0000000000000001,GpuIdle
2026-08-23T18:56:23.4945268-07:00,1407.1,3015,16301,92.12,53,99,85,34,4527,0x0000000000000001,GpuIdle
2026-08-23T18:56:24.5289130-07:00,1408.1,3015,16301,94.11,53,99,83,34,4527,0x0000000000000001,GpuIdle
2026-08-23T18:56:25.5872016-07:00,1409.2,3015,16301,91.71,53,99,84,34,4527,0x0000000000000001,GpuIdle
2026-08-23T18:56:26.6227724-07:00,1410.2,3015,16301,93.92,53,99,84,34,4527,0x0000000000000001,GpuIdle
2026-08-23T18:56:27.6612563-07:00,1411.3,3015,16301,91.09,53,99,83,34,4527,0x0000000000000001,GpuIdle
2026-08-23T18:56:28.6915535-07:00,1412.3,3015,16301,93.98,53,99,84,34,4527,0x0000000000000001,GpuIdle
2026-08-23T18:56:29.7300370-07:00,1413.3,3015,16301,91.56,53,99,84,34,4527,0x0000000000000001,GpuIdle
2026-08-23T18:56:30.7644855-07:00,1414.4,3015,16301,93.93,53,99,84,34,4527,0x0000000000000001,GpuIdle
2026-08-23T18:56:31.7988257-07:00,1415.4,3015,16301,91.68,53,99,83,34,4527,0x0000000000000001,GpuIdle
2026-08-23T18:56:32.8333521-07:00,1416.4,3015,16301,93.84,53,99,84,34,4527,0x0000000000000001,GpuIdle
2026-08-23T18:56:33.8675919-07:00,1417.5,3015,16501,76.86,50,3,1,34,1316,0x0000000000000001,GpuIdle
2026-08-23T18:56:34.9103924-07:00,1418.5,3015,16501,27.53,49,3,0,34,1316,0x0000000000000001,GpuIdle
2026-08-23T18:56:35.9530474-07:00,1419.6,3015,16301,64.84,53,99,85,34,4527,0x0000000000000000,None
2026-08-23T18:56:36.9958358-07:00,1420.6,3015,16301,93.70,53,99,85,34,4527,0x0000000000000000,None
2026-08-23T18:56:38.0344636-07:00,1421.6,3015,16301,91.80,53,99,84,34,4527,0x0000000000000000,None
2026-08-23T18:56:39.0687284-07:00,1422.7,3015,16301,93.81,53,99,84,34,4527,0x0000000000000000,None
2026-08-23T18:56:40.1030960-07:00,1423.7,3015,16301,91.46,53,99,84,34,4527,0x0000000000000000,None
2026-08-23T18:56:41.1375257-07:00,1424.7,3015,16301,93.96,53,99,85,34,4527,0x0000000000000000,None
2026-08-23T18:56:42.1760448-07:00,1425.8,3015,16301,91.83,53,99,85,34,4527,0x0000000000000001,GpuIdle
2026-08-23T18:56:43.2104274-07:00,1426.8,3015,16301,93.92,53,99,85,34,4527,0x0000000000000001,GpuIdle
2026-08-23T18:56:44.2573733-07:00,1427.9,3015,16301,91.45,53,99,84,34,4527,0x0000000000000001,GpuIdle
2026-08-23T18:56:45.2918651-07:00,1428.9,3015,16301,94.01,53,99,85,34,4527,0x0000000000000001,GpuIdle
2026-08-23T18:56:46.3261104-07:00,1429.9,3015,16301,92.05,53,99,85,34,4527,0x0000000000000001,GpuIdle
2026-08-23T18:56:47.3732325-07:00,1431,3015,16301,93.89,53,99,84,34,4527,0x0000000000000001,GpuIdle
2026-08-23T18:56:48.4074534-07:00,1432,3015,16301,91.82,53,99,85,34,4527,0x0000000000000001,GpuIdle
2026-08-23T18:56:49.4459582-07:00,1433,3015,16301,94.06,53,99,84,34,4527,0x0000000000000001,GpuIdle
2026-08-23T18:56:50.4803480-07:00,1434.1,3015,16301,91.94,53,99,84,34,4527,0x0000000000000001,GpuIdle
2026-08-23T18:56:51.5189435-07:00,1435.1,3015,16301,93.99,53,99,84,34,4527,0x0000000000000001,GpuIdle
2026-08-23T18:56:52.5491701-07:00,1436.2,3015,16301,91.95,53,99,84,34,4527,0x0000000000000001,GpuIdle
2026-08-23T18:56:53.5835283-07:00,1437.2,3015,16301,94.00,53,99,84,34,4527,0x0000000000000001,GpuIdle
2026-08-23T18:56:54.6178930-07:00,1438.2,3015,16301,91.84,53,99,84,34,4527,0x0000000000000001,GpuIdle
2026-08-23T18:56:55.6526253-07:00,1439.3,3015,16301,93.96,53,99,84,34,4527,0x0000000000000001,GpuIdle
2026-08-23T18:56:56.6868502-07:00,1440.3,3015,16301,91.65,53,99,84,34,4527,0x0000000000000001,GpuIdle
2026-08-23T18:56:57.7213672-07:00,1441.3,3015,16301,94.09,53,99,85,34,4527,0x0000000000000001,GpuIdle
2026-08-23T18:56:58.7555852-07:00,1442.4,3015,16301,92.00,53,99,85,34,4527,0x0000000000000001,GpuIdle
2026-08-23T18:56:59.7906640-07:00,1443.4,3015,16301,94.08,53,99,84,34,4527,0x0000000000000001,GpuIdle
2026-08-23T18:57:00.8249215-07:00,1444.4,3015,16301,92.25,53,99,85,34,4527,0x0000000000000001,GpuIdle
2026-08-23T18:57:01.8594802-07:00,1445.5,3015,16301,94.18,53,99,85,34,4527,0x0000000000000001,GpuIdle
2026-08-23T18:57:02.9070059-07:00,1446.5,3015,16301,92.08,53,99,85,34,4527,0x0000000000000001,GpuIdle
2026-08-23T18:57:03.9442013-07:00,1447.5,3015,16301,94.26,53,99,85,34,4527,0x0000000000000001,GpuIdle
2026-08-23T18:57:04.9746031-07:00,1448.6,3015,16301,91.99,53,99,85,34,4527,0x0000000000000001,GpuIdle
2026-08-23T18:57:06.0128731-07:00,1449.6,3015,16301,93.93,53,99,84,34,4527,0x0000000000000001,GpuIdle
2026-08-23T18:57:07.0520629-07:00,1450.7,3015,16301,92.04,53,99,85,34,4527,0x0000000000000001,GpuIdle
2026-08-23T18:57:08.0902610-07:00,1451.7,3015,16301,93.97,53,99,85,34,4527,0x0000000000000001,GpuIdle
2026-08-23T18:57:09.1327945-07:00,1452.7,3015,16301,92.02,53,99,85,34,4527,0x0000000000000001,GpuIdle
2026-08-23T18:57:10.1672217-07:00,1453.8,3015,16301,93.97,53,99,85,34,4527,0x0000000000000001,GpuIdle
2026-08-23T18:57:11.2015847-07:00,1454.8,3015,16301,91.68,53,99,85,34,4527,0x0000000000000001,GpuIdle
2026-08-23T18:57:12.2360723-07:00,1455.8,3015,16301,94.21,53,99,85,34,4527,0x0000000000000001,GpuIdle
2026-08-23T18:57:13.2705343-07:00,1456.9,3015,16301,92.07,53,99,85,34,4527,0x0000000000000001,GpuIdle
2026-08-23T18:57:14.3088322-07:00,1457.9,3015,16301,94.07,53,99,85,34,4527,0x0000000000000001,GpuIdle
2026-08-23T18:57:15.3434695-07:00,1458.9,3015,16301,92.00,53,99,85,34,4527,0x0000000000000001,GpuIdle
2026-08-23T18:57:16.3773343-07:00,1460,3015,16301,93.90,53,90,77,34,4527,0x0000000000000001,GpuIdle
2026-08-23T18:57:17.4128210-07:00,1461,3015,16301,92.18,53,99,85,34,4527,0x0000000000000001,GpuIdle
2026-08-23T18:57:18.4466675-07:00,1462,3015,16301,94.35,53,99,85,34,4527,0x0000000000000001,GpuIdle
2026-08-23T18:57:19.4810540-07:00,1463.1,3015,16301,92.06,53,99,84,34,4527,0x0000000000000001,GpuIdle
2026-08-23T18:57:20.5240949-07:00,1464.1,3015,16301,94.10,53,99,85,34,4527,0x0000000000000001,GpuIdle
2026-08-23T18:57:21.5628097-07:00,1465.2,3015,16301,91.95,53,99,85,34,4527,0x0000000000000001,GpuIdle
2026-08-23T18:57:22.5967051-07:00,1466.2,3015,16301,94.15,53,99,85,34,4527,0x0000000000000001,GpuIdle
2026-08-23T18:57:23.6312046-07:00,1467.2,3015,16301,92.09,53,99,84,34,4527,0x0000000000000001,GpuIdle
2026-08-23T18:57:24.6654889-07:00,1468.3,3015,16301,94.06,53,99,85,34,4527,0x0000000000000001,GpuIdle
2026-08-23T18:57:25.6999351-07:00,1469.3,3015,16301,91.66,53,99,85,34,4527,0x0000000000000001,GpuIdle
2026-08-23T18:57:26.7347601-07:00,1470.3,3015,16301,94.04,53,99,85,34,4527,0x0000000000000001,GpuIdle
2026-08-23T18:57:27.7690556-07:00,1471.4,3015,16301,92.21,53,99,84,34,4527,0x0000000000000001,GpuIdle
2026-08-23T18:57:28.8031347-07:00,1472.4,3015,16301,94.12,53,99,84,34,4527,0x0000000000000001,GpuIdle
2026-08-23T18:57:29.8379722-07:00,1473.4,3015,16301,91.88,53,99,84,34,1316,0x0000000000000001,GpuIdle
2026-08-23T18:57:30.8721728-07:00,1474.5,3015,16501,27.68,50,3,1,34,1316,0x0000000000000001,GpuIdle
2026-08-23T18:57:31.9065595-07:00,1475.5,3015,16301,66.90,53,99,84,34,4527,0x0000000000000000,None
2026-08-23T18:57:32.9409995-07:00,1476.5,3015,16301,93.61,53,99,85,34,4527,0x0000000000000000,None
2026-08-23T18:57:33.9874414-07:00,1477.6,3015,16301,91.68,53,99,84,34,4527,0x0000000000000000,None
2026-08-23T18:57:35.0215164-07:00,1478.6,3015,16301,93.75,53,99,84,34,4527,0x0000000000000000,None
2026-08-23T18:57:36.0564114-07:00,1479.7,3015,16301,91.50,53,99,84,34,4527,0x0000000000000000,None
2026-08-23T18:57:37.0905598-07:00,1480.7,3015,16301,93.71,53,99,84,34,4527,0x0000000000000000,None
2026-08-23T18:57:38.1270940-07:00,1481.7,3015,16301,91.91,53,99,84,34,4527,0x0000000000000001,GpuIdle
2026-08-23T18:57:39.1719180-07:00,1482.8,3015,16301,93.86,53,99,84,34,4527,0x0000000000000001,GpuIdle
2026-08-23T18:57:40.2104600-07:00,1483.8,3015,16301,91.92,53,99,84,34,4527,0x0000000000000001,GpuIdle
2026-08-23T18:57:41.2448489-07:00,1484.8,3015,16301,93.93,53,99,84,34,4527,0x0000000000000001,GpuIdle
2026-08-23T18:57:42.2789350-07:00,1485.9,3015,16301,91.76,53,99,84,34,4527,0x0000000000000001,GpuIdle
2026-08-23T18:57:43.3133178-07:00,1486.9,3015,16301,93.96,53,99,85,34,4527,0x0000000000000001,GpuIdle
2026-08-23T18:57:44.3519341-07:00,1488,3015,16301,91.76,53,99,85,34,4527,0x0000000000000001,GpuIdle
2026-08-23T18:57:45.3862825-07:00,1489,3015,16301,93.98,53,99,85,34,4527,0x0000000000000001,GpuIdle
2026-08-23T18:57:46.4206902-07:00,1490,3015,16301,90.99,53,99,85,34,4527,0x0000000000000001,GpuIdle
2026-08-23T18:57:47.4551052-07:00,1491.1,3015,16301,94.13,53,99,84,34,4527,0x0000000000000001,GpuIdle
2026-08-23T18:57:48.4894398-07:00,1492.1,3015,16301,92.09,53,99,84,34,4527,0x0000000000000001,GpuIdle
2026-08-23T18:57:49.5197230-07:00,1493.1,3015,16301,94.13,53,99,84,34,4527,0x0000000000000001,GpuIdle
2026-08-23T18:57:50.5540618-07:00,1494.2,3015,16301,91.79,53,99,84,34,4527,0x0000000000000001,GpuIdle
2026-08-23T18:57:51.5885043-07:00,1495.2,3015,16301,93.98,53,99,84,34,4527,0x0000000000000001,GpuIdle
2026-08-23T18:57:52.6229002-07:00,1496.2,3015,16301,92.12,53,99,84,34,4527,0x0000000000000001,GpuIdle
2026-08-23T18:57:53.6572360-07:00,1497.3,3015,16301,93.93,53,99,84,34,4527,0x0000000000000001,GpuIdle
2026-08-23T18:57:54.6916548-07:00,1498.3,3015,16301,92.06,53,99,84,34,4527,0x0000000000000001,GpuIdle
2026-08-23T18:57:55.7260075-07:00,1499.3,3015,16301,93.97,53,99,84,34,4527,0x0000000000000001,GpuIdle
2026-08-23T18:57:56.7687082-07:00,1500.4,3015,16301,92.14,53,99,84,34,4527,0x0000000000000001,GpuIdle
2026-08-23T18:57:57.8122416-07:00,1501.4,3015,16301,94.05,53,99,84,34,4527,0x0000000000000001,GpuIdle
2026-08-23T18:57:58.8583690-07:00,1502.5,3015,16301,91.89,53,99,84,34,4527,0x0000000000000001,GpuIdle
2026-08-23T18:57:59.8969438-07:00,1503.5,3015,16301,94.13,53,99,84,34,4527,0x0000000000000001,GpuIdle
2026-08-23T18:58:00.9396159-07:00,1504.5,3015,16301,91.99,53,99,84,34,4527,0x0000000000000001,GpuIdle
2026-08-23T18:58:01.9751985-07:00,1505.6,3015,16301,94.10,53,99,84,34,4543,0x0000000000000001,GpuIdle
2026-08-23T18:58:03.0126404-07:00,1506.6,3015,16301,91.91,53,99,84,34,4543,0x0000000000000001,GpuIdle
2026-08-23T18:58:04.0511717-07:00,1507.7,3015,16301,94.10,53,99,84,34,4537,0x0000000000000001,GpuIdle
2026-08-23T18:58:05.0979611-07:00,1508.7,3015,16301,91.64,53,99,84,34,4537,0x0000000000000001,GpuIdle
2026-08-23T18:58:06.1282731-07:00,1509.7,3015,16301,94.07,53,99,85,34,4537,0x0000000000000001,GpuIdle
2026-08-23T18:58:07.1668014-07:00,1510.8,3015,16301,92.02,53,99,84,34,4537,0x0000000000000001,GpuIdle
2026-08-23T18:58:08.2012460-07:00,1511.8,3015,16301,93.81,53,99,84,34,4537,0x0000000000000001,GpuIdle
2026-08-23T18:58:09.2355691-07:00,1512.8,3015,16301,91.75,53,99,84,34,4537,0x0000000000000001,GpuIdle
2026-08-23T18:58:10.2657686-07:00,1513.9,3015,16301,93.88,53,99,84,34,4537,0x0000000000000001,GpuIdle
2026-08-23T18:58:11.3044267-07:00,1514.9,3015,16301,91.77,53,99,85,34,4537,0x0000000000000001,GpuIdle
2026-08-23T18:58:12.3429023-07:00,1515.9,3015,16301,93.99,53,99,85,34,4537,0x0000000000000001,GpuIdle
2026-08-23T18:58:13.3772180-07:00,1517,3015,16301,92.00,53,99,84,34,4537,0x0000000000000001,GpuIdle
2026-08-23T18:58:14.4116563-07:00,1518,3015,16301,93.86,53,99,84,34,4537,0x0000000000000001,GpuIdle
2026-08-23T18:58:15.4502511-07:00,1519.1,3015,16301,91.65,53,99,84,34,4537,0x0000000000000001,GpuIdle
2026-08-23T18:58:16.4977867-07:00,1520.1,3015,16301,93.97,53,99,85,34,4537,0x0000000000000001,GpuIdle
2026-08-23T18:58:17.5315641-07:00,1521.1,3015,16301,91.93,53,99,84,34,4537,0x0000000000000001,GpuIdle
2026-08-23T18:58:18.5658952-07:00,1522.2,3015,16301,94.07,53,99,85,34,4537,0x0000000000000001,GpuIdle
2026-08-23T18:58:19.5964677-07:00,1523.2,3015,16301,91.57,53,99,84,34,4537,0x0000000000000001,GpuIdle
2026-08-23T18:58:20.6471959-07:00,1524.2,3015,16301,93.84,53,99,85,34,4537,0x0000000000000001,GpuIdle
2026-08-23T18:58:21.6857592-07:00,1525.3,3015,16301,91.93,53,99,84,34,4537,0x0000000000000001,GpuIdle
2026-08-23T18:58:22.7201301-07:00,1526.3,3015,16301,93.90,53,99,84,34,4537,0x0000000000000001,GpuIdle
2026-08-23T18:58:23.7545567-07:00,1527.4,3015,16301,91.74,53,99,84,34,4537,0x0000000000000001,GpuIdle
2026-08-23T18:58:24.7931141-07:00,1528.4,3015,16301,94.04,53,99,84,34,4537,0x0000000000000001,GpuIdle
2026-08-23T18:58:25.8320094-07:00,1529.4,3015,16301,91.81,53,99,84,34,1326,0x0000000000000001,GpuIdle
2026-08-23T18:58:26.8785717-07:00,1530.5,3015,16501,27.83,50,3,1,34,1326,0x0000000000000001,GpuIdle
2026-08-23T18:58:27.9129494-07:00,1531.5,3015,16301,60.92,53,99,85,34,4537,0x0000000000000000,None
2026-08-23T18:58:28.9515320-07:00,1532.6,3015,16301,93.83,53,99,85,34,4537,0x0000000000000000,None
2026-08-23T18:58:29.9862237-07:00,1533.6,3015,16301,92.13,53,99,85,34,4537,0x0000000000000000,None
2026-08-23T18:58:31.0206185-07:00,1534.6,3015,16301,94.09,53,99,84,34,4537,0x0000000000000000,None
2026-08-23T18:58:32.0591542-07:00,1535.7,3015,16301,91.95,53,99,85,34,4537,0x0000000000000000,None
2026-08-23T18:58:33.0931958-07:00,1536.7,3015,16301,93.94,53,99,85,34,4537,0x0000000000000000,None
2026-08-23T18:58:34.1304735-07:00,1537.7,3015,16301,91.93,53,99,85,34,4537,0x0000000000000001,GpuIdle
2026-08-23T18:58:35.1706549-07:00,1538.8,3015,16301,94.09,53,99,85,34,4537,0x0000000000000001,GpuIdle
2026-08-23T18:58:36.2174457-07:00,1539.8,3015,16301,92.21,53,99,85,34,4537,0x0000000000000001,GpuIdle
2026-08-23T18:58:37.2557846-07:00,1540.9,3015,16301,93.97,53,99,85,34,4537,0x0000000000000001,GpuIdle
2026-08-23T18:58:38.2902177-07:00,1541.9,3015,16301,91.87,53,99,84,34,4537,0x0000000000000001,GpuIdle
2026-08-23T18:58:39.3245942-07:00,1542.9,3015,16301,94.05,53,99,85,34,4537,0x0000000000000001,GpuIdle
2026-08-23T18:58:40.3631204-07:00,1544,3015,16301,91.86,53,99,85,34,4537,0x0000000000000001,GpuIdle
2026-08-23T18:58:41.3975043-07:00,1545,3015,16301,93.98,53,99,85,34,4537,0x0000000000000001,GpuIdle
2026-08-23T18:58:42.4318638-07:00,1546,3015,16301,92.13,53,99,85,34,4537,0x0000000000000001,GpuIdle
2026-08-23T18:58:43.4662790-07:00,1547.1,3015,16301,94.29,53,99,85,34,4537,0x0000000000000001,GpuIdle
2026-08-23T18:58:44.5048445-07:00,1548.1,3015,16301,91.79,53,99,85,34,4537,0x0000000000000001,GpuIdle
2026-08-23T18:58:45.5475977-07:00,1549.1,3015,16301,93.83,53,99,85,34,4545,0x0000000000000001,GpuIdle
2026-08-23T18:58:46.5819858-07:00,1550.2,3015,16301,91.84,53,99,84,34,4545,0x0000000000000001,GpuIdle
2026-08-23T18:58:47.6247220-07:00,1551.2,3015,16301,94.09,53,99,84,34,4538,0x0000000000000001,GpuIdle
2026-08-23T18:58:48.6590752-07:00,1552.3,3015,16301,91.97,53,99,84,34,4538,0x0000000000000001,GpuIdle
2026-08-23T18:58:49.6978953-07:00,1553.3,3015,16301,94.23,53,99,84,34,4538,0x0000000000000001,GpuIdle
2026-08-23T18:58:50.7362056-07:00,1554.3,3015,16301,92.20,53,99,84,34,4538,0x0000000000000001,GpuIdle
2026-08-23T18:58:51.7921363-07:00,1555.4,3015,16301,94.23,53,99,84,34,4538,0x0000000000000001,GpuIdle
2026-08-23T18:58:52.8307533-07:00,1556.4,3015,16301,92.13,53,99,84,34,4538,0x0000000000000001,GpuIdle
2026-08-23T18:58:53.8643424-07:00,1557.5,3015,16301,94.28,53,99,85,34,4538,0x0000000000000001,GpuIdle
2026-08-23T18:58:54.8987371-07:00,1558.5,3015,16301,92.11,53,99,84,34,4538,0x0000000000000001,GpuIdle
2026-08-23T18:58:55.9373688-07:00,1559.5,3015,16301,94.05,53,99,84,34,4542,0x0000000000000001,GpuIdle
2026-08-23T18:58:56.9758816-07:00,1560.6,3015,16301,92.17,53,99,85,34,4536,0x0000000000000001,GpuIdle
2026-08-23T18:58:58.0102565-07:00,1561.6,3015,16301,94.16,53,99,85,34,4536,0x0000000000000001,GpuIdle
2026-08-23T18:58:59.0446481-07:00,1562.6,3015,16301,92.18,53,99,85,34,4536,0x0000000000000001,GpuIdle
2026-08-23T18:59:00.0832237-07:00,1563.7,3015,16301,94.19,53,99,85,34,4536,0x0000000000000001,GpuIdle
2026-08-23T18:59:01.1217718-07:00,1564.7,3015,16301,92.10,53,99,85,34,4536,0x0000000000000001,GpuIdle
2026-08-23T18:59:02.1561354-07:00,1565.8,3015,16301,94.26,53,99,85,34,4536,0x0000000000000001,GpuIdle
2026-08-23T18:59:03.1988623-07:00,1566.8,3015,16301,92.35,53,99,84,34,4536,0x0000000000000001,GpuIdle
2026-08-23T18:59:04.2376626-07:00,1567.8,3015,16301,94.21,53,99,85,34,4536,0x0000000000000001,GpuIdle
2026-08-23T18:59:05.2718237-07:00,1568.9,3015,16301,92.06,53,99,85,34,4536,0x0000000000000001,GpuIdle
2026-08-23T18:59:06.3103759-07:00,1569.9,3015,16301,94.20,53,99,85,34,4536,0x0000000000000001,GpuIdle
2026-08-23T18:59:07.3447975-07:00,1570.9,3015,16301,91.90,53,99,84,34,4536,0x0000000000000001,GpuIdle
2026-08-23T18:59:08.3791866-07:00,1572,3015,16301,94.06,53,99,85,34,4536,0x0000000000000001,GpuIdle
2026-08-23T18:59:09.4138754-07:00,1573,3015,16301,91.96,53,99,84,34,4536,0x0000000000000001,GpuIdle
2026-08-23T18:59:10.4576986-07:00,1574.1,3015,16301,94.11,53,99,84,34,4536,0x0000000000000001,GpuIdle
2026-08-23T18:59:11.4993361-07:00,1575.1,3015,16301,92.34,53,99,85,34,4536,0x0000000000000001,GpuIdle
2026-08-23T18:59:12.5375501-07:00,1576.1,3015,16301,94.28,53,99,85,34,4536,0x0000000000000001,GpuIdle
2026-08-23T18:59:13.5761149-07:00,1577.2,3015,16301,92.29,53,99,85,34,4536,0x0000000000000001,GpuIdle
2026-08-23T18:59:14.6108780-07:00,1578.2,3015,16301,94.06,53,99,85,34,4536,0x0000000000000001,GpuIdle
2026-08-23T18:59:15.6490361-07:00,1579.3,3015,16301,91.74,53,99,85,34,4536,0x0000000000000001,GpuIdle
2026-08-23T18:59:16.6834094-07:00,1580.3,3015,16301,93.96,53,99,84,34,4536,0x0000000000000001,GpuIdle
2026-08-23T18:59:17.7224051-07:00,1581.3,3015,16301,91.75,53,99,85,34,4536,0x0000000000000001,GpuIdle
2026-08-23T18:59:18.7564367-07:00,1582.4,3015,16301,94.19,53,99,85,34,4536,0x0000000000000001,GpuIdle
2026-08-23T18:59:19.7907980-07:00,1583.4,3015,16301,91.89,53,99,84,34,4536,0x0000000000000001,GpuIdle
2026-08-23T18:59:20.8251983-07:00,1584.4,3015,16301,94.13,53,99,85,34,4536,0x0000000000000001,GpuIdle
2026-08-23T18:59:21.8637181-07:00,1585.5,3015,16301,82.13,51,3,1,34,3096,0x0000000000000001,GpuIdle
2026-08-23T18:59:22.9192737-07:00,1586.5,3015,16501,27.88,50,3,0,34,1325,0x0000000000000001,GpuIdle
2026-08-23T18:59:23.9533473-07:00,1587.6,3015,16301,56.08,53,99,84,34,4536,0x0000000000000000,None
2026-08-23T18:59:24.9877682-07:00,1588.6,3015,16301,93.61,53,99,83,34,4536,0x0000000000000000,None
2026-08-23T18:59:26.0226672-07:00,1589.6,3015,16301,91.57,53,99,83,34,4536,0x0000000000000000,None
2026-08-23T18:59:27.0565837-07:00,1590.7,3015,16301,93.79,53,99,84,34,4536,0x0000000000000000,None
2026-08-23T18:59:28.0930578-07:00,1591.7,3015,16301,91.78,53,99,83,34,4536,0x0000000000000000,None
2026-08-23T18:59:29.1297889-07:00,1592.7,3015,16301,93.85,53,99,83,34,4536,0x0000000000000000,None
2026-08-23T18:59:30.1638507-07:00,1593.8,3015,16301,91.83,53,99,83,34,4536,0x0000000000000001,GpuIdle
2026-08-23T18:59:31.1982302-07:00,1594.8,3015,16301,93.77,53,99,83,34,4536,0x0000000000000001,GpuIdle
2026-08-23T18:59:32.2329222-07:00,1595.8,3015,16301,91.30,53,99,83,34,4536,0x0000000000000001,GpuIdle
2026-08-23T18:59:33.2670013-07:00,1596.9,3015,16301,93.64,53,99,83,34,4537,0x0000000000000001,GpuIdle
2026-08-23T18:59:34.3013843-07:00,1597.9,3015,16301,91.76,53,97,81,34,4531,0x0000000000000001,GpuIdle
2026-08-23T18:59:35.3400108-07:00,1598.9,3015,16301,93.33,53,99,83,34,4531,0x0000000000000001,GpuIdle
2026-08-23T18:59:36.3746797-07:00,1600,3015,16301,91.74,53,99,83,34,4531,0x0000000000000001,GpuIdle
2026-08-23T18:59:37.4090899-07:00,1601,3015,16301,93.52,53,99,83,34,4531,0x0000000000000001,GpuIdle
2026-08-23T18:59:38.4559318-07:00,1602.1,3015,16301,91.46,53,99,83,34,4531,0x0000000000000001,GpuIdle
2026-08-23T18:59:39.4900068-07:00,1603.1,3015,16301,93.65,53,99,83,34,4531,0x0000000000000001,GpuIdle
2026-08-23T18:59:40.5244003-07:00,1604.1,3015,16301,91.79,53,99,83,34,4531,0x0000000000000001,GpuIdle
2026-08-23T18:59:41.5587834-07:00,1605.2,3015,16301,93.76,53,99,84,34,4531,0x0000000000000001,GpuIdle
2026-08-23T18:59:42.5931707-07:00,1606.2,3015,16301,91.62,53,99,84,34,4531,0x0000000000000001,GpuIdle
2026-08-23T18:59:43.6317324-07:00,1607.2,3015,16301,93.94,53,99,83,34,4531,0x0000000000000001,GpuIdle
2026-08-23T18:59:44.6706018-07:00,1608.3,3015,16301,91.74,53,99,83,34,4531,0x0000000000000001,GpuIdle
2026-08-23T18:59:45.7088509-07:00,1609.3,3015,16301,93.90,53,99,83,34,4531,0x0000000000000001,GpuIdle
2026-08-23T18:59:46.7516009-07:00,1610.4,3015,16301,91.80,53,99,83,34,4531,0x0000000000000001,GpuIdle
2026-08-23T18:59:47.8029636-07:00,1611.4,3015,16301,93.83,53,99,82,34,4531,0x0000000000000001,GpuIdle
2026-08-23T18:59:48.8373592-07:00,1612.4,3015,16301,91.87,53,99,83,34,4531,0x0000000000000001,GpuIdle
2026-08-23T18:59:49.8714141-07:00,1613.5,3015,16301,93.92,53,99,82,34,4531,0x0000000000000001,GpuIdle
2026-08-23T18:59:50.9057979-07:00,1614.5,3015,16301,91.89,53,99,82,34,4531,0x0000000000000001,GpuIdle
2026-08-23T18:59:51.9447199-07:00,1615.5,3015,16301,93.88,53,99,82,34,4531,0x0000000000000001,GpuIdle
2026-08-23T18:59:52.9788116-07:00,1616.6,3015,16301,91.66,53,99,83,34,4531,0x0000000000000001,GpuIdle
2026-08-23T18:59:54.0135010-07:00,1617.6,3015,16301,93.90,53,99,83,34,4531,0x0000000000000001,GpuIdle
2026-08-23T18:59:55.0478721-07:00,1618.6,3015,16301,91.28,53,99,83,34,4531,0x0000000000000001,GpuIdle
2026-08-23T18:59:56.0819719-07:00,1619.7,3015,16301,93.82,53,99,83,34,4531,0x0000000000000001,GpuIdle
2026-08-23T18:59:57.1247192-07:00,1620.7,3015,16301,91.45,53,99,83,34,4531,0x0000000000000001,GpuIdle
2026-08-23T18:59:58.1751007-07:00,1621.8,3015,16301,94.01,53,99,83,34,4531,0x0000000000000001,GpuIdle
2026-08-23T18:59:59.2101525-07:00,1622.8,3015,16301,91.96,53,99,83,34,4531,0x0000000000000001,GpuIdle
2026-08-23T19:00:00.2570435-07:00,1623.9,3015,16301,93.96,53,99,83,34,4531,0x0000000000000001,GpuIdle
2026-08-23T19:00:01.2997414-07:00,1624.9,3015,16301,91.80,53,99,83,34,4531,0x0000000000000001,GpuIdle
2026-08-23T19:00:02.3341236-07:00,1625.9,3015,16301,93.98,53,99,83,34,4531,0x0000000000000001,GpuIdle
2026-08-23T19:00:03.3685868-07:00,1627,3015,16301,91.97,53,99,84,34,4531,0x0000000000000001,GpuIdle
2026-08-23T19:00:04.4029082-07:00,1628,3015,16301,94.07,53,99,83,34,4531,0x0000000000000001,GpuIdle
2026-08-23T19:00:05.4539553-07:00,1629.1,3015,16301,91.67,53,99,83,34,4531,0x0000000000000001,GpuIdle
2026-08-23T19:00:06.5027477-07:00,1630.1,3015,16301,93.98,53,99,84,34,4531,0x0000000000000001,GpuIdle
2026-08-23T19:00:07.5394269-07:00,1631.1,3015,16301,92.08,53,99,82,34,4538,0x0000000000000001,GpuIdle
2026-08-23T19:00:08.5697796-07:00,1632.2,3015,16301,93.85,53,99,84,34,4538,0x0000000000000001,GpuIdle
2026-08-23T19:00:09.6072621-07:00,1633.2,3015,16301,91.11,53,99,83,34,4531,0x0000000000000001,GpuIdle
2026-08-23T19:00:10.6467618-07:00,1634.2,3015,16301,93.89,53,99,84,34,4531,0x0000000000000001,GpuIdle
2026-08-23T19:00:11.6853548-07:00,1635.3,3015,16301,91.77,53,99,84,34,4531,0x0000000000000001,GpuIdle
2026-08-23T19:00:12.7239390-07:00,1636.3,3015,16301,93.86,53,99,84,34,4531,0x0000000000000001,GpuIdle
2026-08-23T19:00:13.7583168-07:00,1637.4,3015,16301,91.68,53,99,83,34,4531,0x0000000000000001,GpuIdle
2026-08-23T19:00:14.7927450-07:00,1638.4,3015,16301,94.02,53,99,84,34,4531,0x0000000000000001,GpuIdle
2026-08-23T19:00:15.8271027-07:00,1639.4,3015,16301,91.72,53,99,84,34,4531,0x0000000000000001,GpuIdle
2026-08-23T19:00:16.8614303-07:00,1640.5,3015,16301,94.11,53,99,83,34,4531,0x0000000000000001,GpuIdle
2026-08-23T19:00:17.8958815-07:00,1641.5,3015,16301,88.94,52,59,49,34,4531,0x0000000000000001,GpuIdle
2026-08-23T19:00:18.9343510-07:00,1642.5,3015,16501,31.59,50,4,0,34,1320,0x0000000000000001,GpuIdle
2026-08-23T19:00:19.9687780-07:00,1643.6,3015,16301,47.55,53,99,84,34,4531,0x0000000000000000,None
2026-08-23T19:00:21.0031435-07:00,1644.6,3015,16301,94.04,53,99,84,34,4531,0x0000000000000000,None
2026-08-23T19:00:22.0458578-07:00,1645.6,3015,16301,91.96,53,99,84,34,4531,0x0000000000000000,None
2026-08-23T19:00:23.0803024-07:00,1646.7,3015,16301,94.12,53,99,84,34,4531,0x0000000000000000,None
2026-08-23T19:00:24.1144000-07:00,1647.7,3015,16301,92.36,53,99,84,34,4531,0x0000000000000000,None
2026-08-23T19:00:25.1615748-07:00,1648.8,3015,16301,94.25,53,99,84,34,4531,0x0000000000000000,None
2026-08-23T19:00:26.2042604-07:00,1649.8,3015,16301,91.86,53,99,84,34,4531,0x0000000000000001,GpuIdle
2026-08-23T19:00:27.2469998-07:00,1650.8,3015,16301,93.96,53,99,84,34,4531,0x0000000000000001,GpuIdle
2026-08-23T19:00:28.2813823-07:00,1651.9,3015,16301,92.03,53,92,78,34,4531,0x0000000000000001,GpuIdle
2026-08-23T19:00:29.3199539-07:00,1652.9,3015,16301,93.43,53,99,84,34,4537,0x0000000000000001,GpuIdle
2026-08-23T19:00:30.3583518-07:00,1654,3015,16301,91.71,52,63,52,34,4537,0x0000000000000001,GpuIdle
2026-08-23T19:00:31.3971081-07:00,1655,3015,16301,94.42,53,99,85,34,4536,0x0000000000000001,GpuIdle
2026-08-23T19:00:32.4315292-07:00,1656,3015,16301,92.11,53,99,85,34,4536,0x0000000000000001,GpuIdle
2026-08-23T19:00:33.4658695-07:00,1657.1,3015,16301,94.32,53,99,84,34,4536,0x0000000000000001,GpuIdle
2026-08-23T19:00:34.5002254-07:00,1658.1,3015,16301,92.06,53,99,84,34,4536,0x0000000000000001,GpuIdle
2026-08-23T19:00:35.5346385-07:00,1659.1,3015,16301,94.11,53,99,84,34,4536,0x0000000000000001,GpuIdle
2026-08-23T19:00:36.5690949-07:00,1660.2,3015,16301,91.90,53,99,84,34,4536,0x0000000000000001,GpuIdle
2026-08-23T19:00:37.6158980-07:00,1661.2,3015,16301,94.32,53,99,84,34,4536,0x0000000000000001,GpuIdle
2026-08-23T19:00:38.6505935-07:00,1662.3,3015,16301,92.16,53,99,84,34,4536,0x0000000000000001,GpuIdle
2026-08-23T19:00:39.6891748-07:00,1663.3,3015,16301,94.21,53,99,85,34,4536,0x0000000000000001,GpuIdle
2026-08-23T19:00:40.7357729-07:00,1664.3,3015,16301,91.96,53,99,84,34,4542,0x0000000000000001,GpuIdle
2026-08-23T19:00:41.7701326-07:00,1665.4,3015,16301,94.06,53,99,85,34,4542,0x0000000000000001,GpuIdle
2026-08-23T19:00:42.8243776-07:00,1666.4,3015,16301,91.74,53,99,85,34,4537,0x0000000000000001,GpuIdle
2026-08-23T19:00:43.8639397-07:00,1667.5,3015,16301,94.22,53,99,85,34,4537,0x0000000000000001,GpuIdle
2026-08-23T19:00:44.9150082-07:00,1668.5,3015,16301,92.24,53,99,85,34,4537,0x0000000000000001,GpuIdle
2026-08-23T19:00:45.9493937-07:00,1669.6,3015,16301,94.35,53,99,84,34,4537,0x0000000000000001,GpuIdle
2026-08-23T19:00:46.9880099-07:00,1670.6,3015,16301,92.04,53,99,85,34,4537,0x0000000000000001,GpuIdle
2026-08-23T19:00:48.0223745-07:00,1671.6,3015,16301,94.23,53,99,85,34,4537,0x0000000000000001,GpuIdle
2026-08-23T19:00:49.0609457-07:00,1672.7,3015,16301,92.14,53,99,85,34,4537,0x0000000000000001,GpuIdle
2026-08-23T19:00:50.0994751-07:00,1673.7,3015,16301,94.21,53,99,84,34,4537,0x0000000000000001,GpuIdle
2026-08-23T19:00:51.1338821-07:00,1674.7,3015,16301,92.21,53,99,85,34,4543,0x0000000000000001,GpuIdle
2026-08-23T19:00:52.1808182-07:00,1675.8,3015,16301,94.30,53,99,85,34,4543,0x0000000000000001,GpuIdle
2026-08-23T19:00:53.2235025-07:00,1676.8,3015,16301,92.39,53,99,85,34,4542,0x0000000000000001,GpuIdle
2026-08-23T19:00:54.2662607-07:00,1677.9,3015,16301,94.63,53,99,85,34,4542,0x0000000000000001,GpuIdle
2026-08-23T19:00:55.3006376-07:00,1678.9,3015,16301,92.58,53,99,85,34,4542,0x0000000000000001,GpuIdle
2026-08-23T19:00:56.3422834-07:00,1679.9,3015,16301,94.37,53,99,85,34,4542,0x0000000000000001,GpuIdle
2026-08-23T19:00:57.4019318-07:00,1681,3015,16301,91.98,53,99,84,34,4542,0x0000000000000001,GpuIdle
2026-08-23T19:00:58.4371641-07:00,1682,3015,16301,94.45,53,99,85,34,4542,0x0000000000000001,GpuIdle
2026-08-23T19:00:59.4756777-07:00,1683.1,3015,16301,92.49,53,99,85,34,4542,0x0000000000000001,GpuIdle
2026-08-23T19:01:00.5101041-07:00,1684.1,3015,16301,94.55,53,99,86,34,4542,0x0000000000000001,GpuIdle
2026-08-23T19:01:01.5705403-07:00,1685.2,3015,16301,91.94,53,99,85,34,4542,0x0000000000000001,GpuIdle
2026-08-23T19:01:02.6206204-07:00,1686.2,3015,16301,94.36,53,99,85,34,4542,0x0000000000000001,GpuIdle
2026-08-23T19:01:03.6549662-07:00,1687.3,3015,16301,92.30,53,99,86,34,4542,0x0000000000000001,GpuIdle
2026-08-23T19:01:04.6896522-07:00,1688.3,3015,16301,94.58,53,99,86,34,4542,0x0000000000000001,GpuIdle
2026-08-23T19:01:05.7279339-07:00,1689.3,3015,16301,91.90,53,99,84,34,4542,0x0000000000000001,GpuIdle
2026-08-23T19:01:06.7623010-07:00,1690.4,3015,16301,94.47,53,99,84,34,4542,0x0000000000000001,GpuIdle
2026-08-23T19:01:07.8008621-07:00,1691.4,3015,16301,92.26,53,99,85,34,4542,0x0000000000000001,GpuIdle
2026-08-23T19:01:08.8352161-07:00,1692.4,3015,16301,94.28,53,99,85,34,4542,0x0000000000000001,GpuIdle
2026-08-23T19:01:09.8695965-07:00,1693.5,3015,16301,93.42,53,99,84,34,4542,0x0000000000000001,GpuIdle
2026-08-23T19:01:10.9043670-07:00,1694.5,3015,16301,92.21,53,69,58,34,4542,0x0000000000000001,GpuIdle
2026-08-23T19:01:11.9508473-07:00,1695.6,3015,16301,92.44,53,99,85,34,4542,0x0000000000000001,GpuIdle
2026-08-23T19:01:12.9894253-07:00,1696.6,3015,16301,93.91,53,88,75,34,4542,0x0000000000000001,GpuIdle
2026-08-23T19:01:14.0279894-07:00,1697.6,3015,16301,84.29,51,3,0,34,1331,0x0000000000000001,GpuIdle
2026-08-23T19:01:15.0624169-07:00,1698.7,3015,16501,27.77,50,3,0,34,1331,0x0000000000000001,GpuIdle
2026-08-23T19:01:16.0970819-07:00,1699.7,3015,16301,57.80,53,99,85,34,4542,0x0000000000000000,None
2026-08-23T19:01:17.1311652-07:00,1700.7,3015,16301,94.00,53,99,85,34,4542,0x0000000000000000,None
2026-08-23T19:01:18.1658701-07:00,1701.8,3015,16301,92.01,53,99,84,34,4542,0x0000000000000000,None
2026-08-23T19:01:19.2041377-07:00,1702.8,3015,16301,94.14,53,99,84,34,4542,0x0000000000000000,None
2026-08-23T19:01:20.2385021-07:00,1703.8,3015,16301,92.10,53,99,85,34,4542,0x0000000000000000,None
2026-08-23T19:01:21.2830468-07:00,1704.9,3015,16301,94.23,53,99,84,34,4542,0x0000000000000000,None
2026-08-23T19:01:22.3198108-07:00,1705.9,3015,16301,91.93,53,99,84,34,4542,0x0000000000000001,GpuIdle
2026-08-23T19:01:23.3542111-07:00,1707,3015,16301,94.23,53,99,84,34,4542,0x0000000000000001,GpuIdle
2026-08-23T19:01:24.3927190-07:00,1708,3015,16301,92.42,53,99,85,34,4542,0x0000000000000001,GpuIdle
2026-08-23T19:01:25.4270929-07:00,1709,3015,16301,94.39,53,99,84,34,4542,0x0000000000000001,GpuIdle
2026-08-23T19:01:26.4614893-07:00,1710.1,3015,16301,92.12,53,99,85,34,4542,0x0000000000000001,GpuIdle
2026-08-23T19:01:27.5202595-07:00,1711.1,3015,16301,94.36,53,99,84,34,4542,0x0000000000000001,GpuIdle
2026-08-23T19:01:28.5544133-07:00,1712.2,3015,16301,92.35,53,99,85,34,4542,0x0000000000000001,GpuIdle
2026-08-23T19:01:29.5896737-07:00,1713.2,3015,16301,94.41,53,99,85,34,4542,0x0000000000000001,GpuIdle
2026-08-23T19:01:30.6241016-07:00,1714.2,3015,16301,92.15,53,99,84,34,4542,0x0000000000000001,GpuIdle
2026-08-23T19:01:31.6584640-07:00,1715.3,3015,16301,94.23,53,99,84,34,4542,0x0000000000000001,GpuIdle
2026-08-23T19:01:32.6970792-07:00,1716.3,3015,16301,92.04,53,99,85,34,4542,0x0000000000000001,GpuIdle
2026-08-23T19:01:33.7359202-07:00,1717.3,3015,16301,94.46,53,99,85,34,4542,0x0000000000000001,GpuIdle
2026-08-23T19:01:34.7700022-07:00,1718.4,3015,16301,91.64,53,99,85,34,4542,0x0000000000000001,GpuIdle
2026-08-23T19:01:35.8046911-07:00,1719.4,3015,16301,94.32,53,99,85,34,4542,0x0000000000000001,GpuIdle
2026-08-23T19:01:36.8387531-07:00,1720.4,3015,16301,92.12,53,99,85,34,4542,0x0000000000000001,GpuIdle
2026-08-23T19:01:37.8731078-07:00,1721.5,3015,16301,94.26,53,99,85,34,4542,0x0000000000000001,GpuIdle
2026-08-23T19:01:38.9120611-07:00,1722.5,3015,16301,92.17,53,99,85,34,4542,0x0000000000000001,GpuIdle
2026-08-23T19:01:39.9597402-07:00,1723.6,3015,16301,94.24,53,99,84,34,4542,0x0000000000000001,GpuIdle
2026-08-23T19:01:41.0013074-07:00,1724.6,3015,16301,92.26,53,99,84,34,4542,0x0000000000000001,GpuIdle
2026-08-23T19:01:42.0441010-07:00,1725.6,3015,16301,94.43,53,99,85,34,4542,0x0000000000000001,GpuIdle
2026-08-23T19:01:43.0910206-07:00,1726.7,3015,16301,92.29,53,99,84,34,4542,0x0000000000000001,GpuIdle
2026-08-23T19:01:44.1294753-07:00,1727.7,3015,16301,94.43,53,99,85,34,4542,0x0000000000000001,GpuIdle
2026-08-23T19:01:45.1680977-07:00,1728.8,3015,16301,92.59,53,99,85,34,4542,0x0000000000000001,GpuIdle
2026-08-23T19:01:46.2024518-07:00,1729.8,3015,16301,94.39,53,99,85,34,4542,0x0000000000000001,GpuIdle
2026-08-23T19:01:47.2535094-07:00,1730.9,3015,16301,92.11,53,99,85,34,4542,0x0000000000000001,GpuIdle
2026-08-23T19:01:48.2837405-07:00,1731.9,3015,16301,94.20,53,99,84,34,4542,0x0000000000000001,GpuIdle
2026-08-23T19:01:49.3139440-07:00,1732.9,3015,16301,92.37,53,99,85,34,4542,0x0000000000000001,GpuIdle
2026-08-23T19:01:50.3483876-07:00,1733.9,3015,16301,94.24,53,99,85,34,4542,0x0000000000000001,GpuIdle
2026-08-23T19:01:51.3827861-07:00,1735,3015,16301,92.51,53,99,85,34,4542,0x0000000000000001,GpuIdle
2026-08-23T19:01:52.4254836-07:00,1736,3015,16301,94.26,53,99,85,34,4542,0x0000000000000001,GpuIdle
2026-08-23T19:01:53.4684922-07:00,1737.1,3015,16301,92.38,53,99,85,34,4542,0x0000000000000001,GpuIdle
2026-08-23T19:01:54.5025709-07:00,1738.1,3015,16301,94.16,53,99,85,34,4542,0x0000000000000001,GpuIdle
2026-08-23T19:01:55.5370184-07:00,1739.1,3015,16301,92.00,53,99,85,34,4542,0x0000000000000001,GpuIdle
2026-08-23T19:01:56.5713368-07:00,1740.2,3015,16301,94.21,53,99,84,34,4542,0x0000000000000001,GpuIdle
2026-08-23T19:01:57.6078677-07:00,1741.2,3015,16301,92.17,53,99,85,34,4542,0x0000000000000001,GpuIdle
2026-08-23T19:01:58.6603787-07:00,1742.3,3015,16301,94.12,53,99,85,34,4542,0x0000000000000001,GpuIdle
2026-08-23T19:01:59.6956922-07:00,1743.3,3015,16301,92.20,53,99,85,34,4542,0x0000000000000001,GpuIdle
2026-08-23T19:02:00.7339109-07:00,1744.3,3015,16301,94.18,53,99,85,34,4542,0x0000000000000001,GpuIdle
2026-08-23T19:02:01.7683082-07:00,1745.4,3015,16301,91.93,53,99,85,34,4542,0x0000000000000001,GpuIdle
2026-08-23T19:02:02.8026919-07:00,1746.4,3015,16301,94.11,53,99,85,34,4542,0x0000000000000001,GpuIdle
2026-08-23T19:02:03.8413409-07:00,1747.4,3015,16301,92.13,53,99,86,34,4542,0x0000000000000001,GpuIdle
2026-08-23T19:02:04.8797970-07:00,1748.5,3015,16301,92.01,53,99,85,34,4542,0x0000000000000001,GpuIdle
2026-08-23T19:02:05.9141712-07:00,1749.5,3015,16301,94.01,53,99,85,34,4542,0x0000000000000001,GpuIdle
2026-08-23T19:02:06.9485880-07:00,1750.5,3015,16301,92.20,53,70,60,34,4542,0x0000000000000001,GpuIdle
2026-08-23T19:02:07.9830038-07:00,1751.6,3015,16301,92.30,53,99,85,34,4542,0x0000000000000001,GpuIdle
2026-08-23T19:02:09.0215168-07:00,1752.6,3015,16301,92.06,52,67,57,34,4542,0x0000000000000001,GpuIdle
2026-08-23T19:02:10.0519789-07:00,1753.7,3015,16301,83.03,51,3,0,34,1331,0x0000000000000001,GpuIdle
2026-08-23T19:02:11.0861784-07:00,1754.7,3015,16501,27.68,50,3,0,34,1331,0x0000000000000001,GpuIdle
2026-08-23T19:02:12.1289249-07:00,1755.7,3015,16301,58.19,53,99,84,34,4542,0x0000000000000000,None
2026-08-23T19:02:13.1632994-07:00,1756.8,3015,16301,93.79,53,99,85,34,4542,0x0000000000000000,None
2026-08-23T19:02:14.2063025-07:00,1757.8,3015,16301,91.46,53,99,84,34,4542,0x0000000000000000,None
2026-08-23T19:02:15.2403488-07:00,1758.8,3015,16301,93.88,53,99,84,34,4542,0x0000000000000000,None
2026-08-23T19:02:16.2832575-07:00,1759.9,3015,16301,91.50,53,99,84,34,4542,0x0000000000000000,None
2026-08-23T19:02:17.3216510-07:00,1760.9,3015,16301,93.93,53,99,84,34,4542,0x0000000000000000,None
2026-08-23T19:02:18.3560509-07:00,1762,3015,16301,92.04,53,99,84,34,4542,0x0000000000000001,GpuIdle
2026-08-23T19:02:19.3904316-07:00,1763,3015,16301,93.87,53,99,84,34,4542,0x0000000000000001,GpuIdle
2026-08-23T19:02:20.4248451-07:00,1764,3015,16301,91.83,53,99,84,34,4542,0x0000000000000001,GpuIdle
2026-08-23T19:02:21.4595408-07:00,1765.1,3015,16301,93.96,53,99,84,34,4542,0x0000000000000001,GpuIdle
2026-08-23T19:02:22.4935900-07:00,1766.1,3015,16301,91.88,53,99,84,34,4542,0x0000000000000001,GpuIdle
2026-08-23T19:02:23.5279674-07:00,1767.1,3015,16301,93.95,53,99,84,34,4542,0x0000000000000001,GpuIdle
2026-08-23T19:02:24.5623844-07:00,1768.2,3015,16301,91.93,53,99,84,34,4542,0x0000000000000001,GpuIdle
2026-08-23T19:02:25.5970490-07:00,1769.2,3015,16301,93.94,53,99,85,34,4542,0x0000000000000001,GpuIdle
2026-08-23T19:02:26.6436188-07:00,1770.2,3015,16301,91.90,53,99,84,34,4542,0x0000000000000001,GpuIdle
2026-08-23T19:02:27.6825404-07:00,1771.3,3015,16301,94.21,53,99,84,34,4542,0x0000000000000001,GpuIdle
2026-08-23T19:02:28.7166489-07:00,1772.3,3015,16301,91.20,53,99,85,34,4542,0x0000000000000001,GpuIdle
2026-08-23T19:02:29.7635169-07:00,1773.4,3015,16301,94.20,53,99,85,34,4542,0x0000000000000001,GpuIdle
2026-08-23T19:02:30.7982209-07:00,1774.4,3015,16301,92.26,53,99,85,34,4542,0x0000000000000001,GpuIdle
2026-08-23T19:02:31.8322970-07:00,1775.4,3015,16301,94.08,53,99,85,34,4542,0x0000000000000001,GpuIdle
2026-08-23T19:02:32.8666477-07:00,1776.5,3015,16301,92.17,53,99,85,34,4542,0x0000000000000001,GpuIdle
2026-08-23T19:02:33.9010326-07:00,1777.5,3015,16301,94.22,53,99,84,34,4542,0x0000000000000001,GpuIdle
2026-08-23T19:02:34.9354535-07:00,1778.5,3015,16301,92.30,53,99,86,34,4542,0x0000000000000001,GpuIdle
2026-08-23T19:02:35.9698162-07:00,1779.6,3015,16301,94.30,53,99,85,34,4542,0x0000000000000001,GpuIdle
2026-08-23T19:02:37.0087631-07:00,1780.6,3015,16301,92.30,53,99,85,34,4542,0x0000000000000001,GpuIdle
2026-08-23T19:02:38.0511291-07:00,1781.7,3015,16301,94.18,53,99,85,34,4542,0x0000000000000001,GpuIdle
2026-08-23T19:02:39.0855606-07:00,1782.7,3015,16301,92.36,53,99,85,34,4542,0x0000000000000001,GpuIdle
2026-08-23T19:02:40.1240776-07:00,1783.7,3015,16301,94.09,53,99,85,34,4542,0x0000000000000001,GpuIdle
2026-08-23T19:02:41.1584776-07:00,1784.8,3015,16301,92.05,53,99,84,34,4542,0x0000000000000001,GpuIdle
2026-08-23T19:02:42.1929458-07:00,1785.8,3015,16301,94.19,53,99,85,34,4542,0x0000000000000001,GpuIdle
2026-08-23T19:02:43.2275621-07:00,1786.8,3015,16301,92.25,53,99,84,34,4542,0x0000000000000001,GpuIdle
2026-08-23T19:02:44.2618834-07:00,1787.9,3015,16301,94.27,53,99,85,34,4542,0x0000000000000001,GpuIdle
2026-08-23T19:02:45.3002821-07:00,1788.9,3015,16301,92.26,53,99,85,34,4542,0x0000000000000001,GpuIdle
2026-08-23T19:02:46.3354654-07:00,1789.9,3015,16301,94.21,53,99,85,34,4542,0x0000000000000001,GpuIdle
2026-08-23T19:02:47.3696376-07:00,1791,3015,16301,92.20,53,99,85,34,4542,0x0000000000000001,GpuIdle
2026-08-23T19:02:48.4075161-07:00,1792,3015,16301,94.17,53,99,85,34,4542,0x0000000000000001,GpuIdle
2026-08-23T19:02:49.4380141-07:00,1793,3015,16301,92.22,53,99,85,34,4542,0x0000000000000001,GpuIdle
2026-08-23T19:02:50.4721218-07:00,1794.1,3015,16301,94.32,53,99,85,34,4542,0x0000000000000001,GpuIdle
2026-08-23T19:02:51.5192679-07:00,1795.1,3015,16301,92.18,53,99,85,34,4542,0x0000000000000001,GpuIdle
2026-08-23T19:02:52.5537272-07:00,1796.2,3015,16301,94.28,53,99,85,34,4542,0x0000000000000001,GpuIdle
2026-08-23T19:02:53.5880367-07:00,1797.2,3015,16301,92.08,53,99,85,34,4542,0x0000000000000001,GpuIdle
2026-08-23T19:02:54.6222686-07:00,1798.2,3015,16301,94.33,53,99,85,34,4542,0x0000000000000001,GpuIdle
2026-08-23T19:02:55.6652258-07:00,1799.3,3015,16301,92.24,53,99,85,34,4542,0x0000000000000001,GpuIdle
2026-08-23T19:02:56.6992466-07:00,1800.3,3015,16301,94.20,53,99,85,34,4542,0x0000000000000001,GpuIdle
2026-08-23T19:02:57.7379482-07:00,1801.3,3015,16301,92.29,53,99,85,34,4542,0x0000000000000001,GpuIdle
2026-08-23T19:02:58.7681614-07:00,1802.4,3015,16301,94.14,53,99,85,34,4542,0x0000000000000001,GpuIdle
2026-08-23T19:02:59.8026307-07:00,1803.4,3015,16301,91.63,53,99,85,34,4542,0x0000000000000001,GpuIdle
2026-08-23T19:03:00.8539116-07:00,1804.5,3015,16301,94.29,53,99,85,34,4542,0x0000000000000001,GpuIdle
2026-08-23T19:03:01.8922014-07:00,1805.5,3015,16301,94.22,53,99,85,34,4542,0x0000000000000001,GpuIdle
2026-08-23T19:03:02.9266723-07:00,1806.5,3015,16301,92.29,53,69,59,34,4542,0x0000000000000001,GpuIdle
2026-08-23T19:03:03.9611646-07:00,1807.6,3015,16301,92.51,53,99,85,34,4542,0x0000000000000001,GpuIdle
2026-08-23T19:03:04.9953585-07:00,1808.6,3015,16301,92.58,52,69,59,34,4542,0x0000000000000001,GpuIdle
2026-08-23T19:03:06.0298042-07:00,1809.6,3015,16301,83.00,51,3,0,34,1331,0x0000000000000001,GpuIdle
2026-08-23T19:03:07.0648266-07:00,1810.7,3015,16501,27.88,50,3,0,34,1331,0x0000000000000001,GpuIdle
2026-08-23T19:03:08.1016985-07:00,1811.7,3015,16301,54.97,53,99,85,34,4542,0x0000000000000000,None
2026-08-23T19:03:09.1329111-07:00,1812.7,3015,16301,94.05,53,99,85,34,4542,0x0000000000000000,None
2026-08-23T19:03:10.1677767-07:00,1813.8,3015,16301,92.25,53,99,85,34,4542,0x0000000000000000,None
2026-08-23T19:03:11.2023830-07:00,1814.8,3015,16301,94.14,53,99,85,34,4542,0x0000000000000000,None
2026-08-23T19:03:12.2402265-07:00,1815.8,3015,16301,92.19,53,99,85,34,4542,0x0000000000000000,None
2026-08-23T19:03:13.2794861-07:00,1816.9,3015,16301,94.11,53,99,85,34,4542,0x0000000000000000,None
2026-08-23T19:03:14.3133777-07:00,1817.9,3015,16301,92.16,53,99,85,34,4542,0x0000000000000001,GpuIdle
2026-08-23T19:03:15.3483223-07:00,1818.9,3015,16301,94.12,53,99,85,34,4542,0x0000000000000001,GpuIdle
2026-08-23T19:03:16.3946568-07:00,1820,3015,16301,91.93,53,99,86,34,4542,0x0000000000000001,GpuIdle
2026-08-23T19:03:17.4332067-07:00,1821,3015,16301,94.13,53,99,85,34,4542,0x0000000000000001,GpuIdle
2026-08-23T19:03:18.4723386-07:00,1822.1,3015,16301,91.50,53,99,85,34,4542,0x0000000000000001,GpuIdle
2026-08-23T19:03:19.5066438-07:00,1823.1,3015,16301,94.00,53,99,85,34,4548,0x0000000000000001,GpuIdle
2026-08-23T19:03:20.5447119-07:00,1824.1,3015,16301,92.08,53,99,85,34,4548,0x0000000000000001,GpuIdle
2026-08-23T19:03:21.5832565-07:00,1825.2,3015,16301,94.01,53,99,86,34,4541,0x0000000000000001,GpuIdle
2026-08-23T19:03:22.6178699-07:00,1826.2,3015,16301,92.21,53,99,85,34,4541,0x0000000000000001,GpuIdle
2026-08-23T19:03:23.6525632-07:00,1827.3,3015,16301,93.93,53,99,86,34,4541,0x0000000000000001,GpuIdle
2026-08-23T19:03:24.6949678-07:00,1828.3,3015,16301,91.89,53,99,86,34,4541,0x0000000000000001,GpuIdle
2026-08-23T19:03:25.7296600-07:00,1829.3,3015,16301,94.06,53,99,85,34,4541,0x0000000000000001,GpuIdle
