timestamp_iso,elapsed_seconds,sm_clock_mhz,memory_clock_mhz,power_draw_w,temperature_c,gpu_utilization_pct,memory_utilization_pct,fan_speed_pct,memory_used_mb,throttle_bitmask,throttle_reasons
2026-08-16T13:50:29.9654306-07:00,0.1,2970,16301,120.60,57,98,81,36,14351,0x0000000000000001,GpuIdle
2026-08-16T13:50:32.0450745-07:00,2.2,2970,16301,120.89,57,98,81,36,14351,0x0000000000000001,GpuIdle
2026-08-16T13:50:34.0847285-07:00,4.2,2970,16301,120.55,58,98,81,36,14347,0x0000000000000001,GpuIdle
2026-08-16T13:50:36.1290327-07:00,6.3,2970,16301,120.86,58,98,81,36,14343,0x0000000000000001,GpuIdle
2026-08-16T13:50:38.1890513-07:00,8.4,2970,16301,120.72,58,98,81,36,14342,0x0000000000000001,GpuIdle
2026-08-16T13:50:40.2299934-07:00,10.4,2970,16301,120.86,58,98,81,36,14342,0x0000000000000001,GpuIdle
2026-08-16T13:50:42.2762897-07:00,12.4,2970,16301,120.56,58,97,81,36,14342,0x0000000000000001,GpuIdle
2026-08-16T13:50:44.3179823-07:00,14.5,2970,16301,65.99,62,99,39,36,14359,0x0000000000000001,GpuIdle
2026-08-16T13:50:46.3611705-07:00,16.5,2970,16301,120.83,57,97,80,36,14359,0x0000000000000001,GpuIdle
2026-08-16T13:50:48.4130710-07:00,18.6,2970,16301,120.91,57,97,81,36,14350,0x0000000000000001,GpuIdle
2026-08-16T13:50:50.4605934-07:00,20.6,2970,16301,120.28,58,98,81,36,14350,0x0000000000000001,GpuIdle
2026-08-16T13:50:52.5067840-07:00,22.7,2970,16301,120.80,58,98,80,36,14354,0x0000000000000001,GpuIdle
2026-08-16T13:50:54.5577841-07:00,24.7,2970,16301,120.83,58,98,81,36,14366,0x0000000000000001,GpuIdle
2026-08-16T13:50:56.5991963-07:00,26.8,2970,16301,121.13,58,98,81,36,14366,0x0000000000000001,GpuIdle
2026-08-16T13:50:58.6416870-07:00,28.8,2970,16301,120.78,58,97,81,36,14360,0x0000000000000001,GpuIdle
2026-08-16T13:51:00.6859864-07:00,30.8,2962,16301,83.07,61,99,53,36,14371,0x0000000000000001,GpuIdle
2026-08-16T13:51:02.7257296-07:00,32.9,2970,16301,126.39,58,98,81,37,14366,0x0000000000000001,GpuIdle
2026-08-16T13:51:04.7675817-07:00,34.9,2970,16301,120.37,58,98,81,37,14367,0x0000000000000001,GpuIdle
2026-08-16T13:51:06.8089023-07:00,37,2970,16301,120.37,58,98,81,38,14368,0x0000000000000001,GpuIdle
2026-08-16T13:51:08.8521987-07:00,39,2970,16301,120.33,58,98,81,38,14368,0x0000000000000001,GpuIdle
2026-08-16T13:51:10.8955695-07:00,41.1,2970,16301,120.34,58,98,81,38,14433,0x0000000000000001,GpuIdle
2026-08-16T13:51:12.9363677-07:00,43.1,2970,16301,120.37,58,98,80,38,14429,0x0000000000000001,GpuIdle
2026-08-16T13:51:14.9814265-07:00,45.1,2970,16301,120.42,58,98,81,38,14444,0x0000000000000001,GpuIdle
2026-08-16T13:51:17.0201600-07:00,47.2,2970,16301,120.31,58,98,82,38,14198,0x0000000000000001,GpuIdle
2026-08-16T13:51:19.0634695-07:00,49.2,2970,16301,120.40,58,98,81,38,14198,0x0000000000000001,GpuIdle
2026-08-16T13:51:21.1092549-07:00,51.3,2970,16301,120.09,58,98,81,38,14198,0x0000000000000001,GpuIdle
2026-08-16T13:51:23.1574767-07:00,53.3,2970,16301,120.37,58,97,80,38,14198,0x0000000000000001,GpuIdle
2026-08-16T13:51:25.2024626-07:00,55.4,3000,16301,64.97,59,74,30,38,14205,0x0000000000000001,GpuIdle
2026-08-16T13:51:27.2536732-07:00,57.4,2970,16301,120.48,58,98,82,38,14200,0x0000000000000001,GpuIdle
2026-08-16T13:51:29.2944845-07:00,59.5,2970,16301,120.84,58,98,81,38,14200,0x0000000000000001,GpuIdle
2026-08-16T13:51:31.3358300-07:00,61.5,2970,16301,120.48,58,98,81,38,14195,0x0000000000000001,GpuIdle
2026-08-16T13:51:33.3790887-07:00,63.5,2962,16301,83.39,58,98,81,38,14201,0x0000000000000001,GpuIdle
2026-08-16T13:51:35.4274369-07:00,65.6,2970,16301,120.46,58,98,81,38,14197,0x0000000000000001,GpuIdle
2026-08-16T13:51:37.4739307-07:00,67.6,2970,16301,120.82,58,98,81,38,14196,0x0000000000000001,GpuIdle
2026-08-16T13:51:39.5255227-07:00,69.7,2970,16301,120.46,58,98,80,38,14195,0x0000000000000001,GpuIdle
2026-08-16T13:51:41.5805533-07:00,71.7,2970,16301,119.76,58,98,81,38,14198,0x0000000000000001,GpuIdle
2026-08-16T13:51:43.6218259-07:00,73.8,2970,16301,121.11,58,98,82,38,14198,0x0000000000000001,GpuIdle
2026-08-16T13:51:45.6648732-07:00,75.8,2970,16301,121.33,58,98,81,38,14198,0x0000000000000001,GpuIdle
2026-08-16T13:51:47.7120928-07:00,77.9,2977,16301,98.42,51,11,2,38,14203,0x0000000000000001,GpuIdle
2026-08-16T13:51:49.7667476-07:00,79.9,2970,16301,110.00,52,13,3,38,14204,0x0000000000000001,GpuIdle
2026-08-16T13:51:51.8139664-07:00,82,2970,16301,126.72,58,98,81,38,14200,0x0000000000000001,GpuIdle
2026-08-16T13:51:53.8524122-07:00,84,2970,16301,120.27,58,98,81,38,14196,0x0000000000000001,GpuIdle
2026-08-16T13:51:55.8972771-07:00,86.1,2970,16301,120.51,58,97,81,38,14193,0x0000000000000001,GpuIdle
2026-08-16T13:51:57.9397549-07:00,88.1,2970,16301,120.06,58,98,81,38,14193,0x0000000000000001,GpuIdle
2026-08-16T13:51:59.9883951-07:00,90.2,2962,16301,70.40,57,97,81,38,14200,0x0000000000000001,GpuIdle
2026-08-16T13:52:02.0400059-07:00,92.2,2970,16301,119.79,58,98,80,38,14196,0x0000000000000001,GpuIdle
2026-08-16T13:52:04.0865460-07:00,94.2,2970,16301,119.76,58,98,80,38,14193,0x0000000000000001,GpuIdle
2026-08-16T13:52:06.1346029-07:00,96.3,2970,16301,119.92,58,98,81,38,14193,0x0000000000000001,GpuIdle
2026-08-16T13:52:08.1812681-07:00,98.3,2970,16301,119.93,58,98,81,38,14193,0x0000000000000001,GpuIdle
2026-08-16T13:52:10.2253102-07:00,100.4,2970,16301,119.73,58,98,81,38,14193,0x0000000000000001,GpuIdle
2026-08-16T13:52:12.2677108-07:00,102.4,2970,16301,120.11,58,98,81,38,14193,0x0000000000000001,GpuIdle
2026-08-16T13:52:14.3114701-07:00,104.5,2970,16301,120.69,58,98,81,38,14193,0x0000000000000001,GpuIdle
2026-08-16T13:52:16.3625733-07:00,106.5,2970,16301,120.02,58,98,81,38,14193,0x0000000000000001,GpuIdle
2026-08-16T13:52:18.4033309-07:00,108.6,2992,16301,82.01,57,98,81,38,14202,0x0000000000000001,GpuIdle
2026-08-16T13:52:20.4445771-07:00,110.6,2970,16301,119.55,58,98,81,38,14197,0x0000000000000001,GpuIdle
2026-08-16T13:52:22.4857509-07:00,112.6,2970,16301,119.86,58,97,80,38,14197,0x0000000000000001,GpuIdle
2026-08-16T13:52:24.5378046-07:00,114.7,2970,16301,119.86,58,98,80,38,14195,0x0000000000000001,GpuIdle
2026-08-16T13:52:26.5890188-07:00,116.8,2970,16301,120.34,58,98,81,38,14195,0x0000000000000001,GpuIdle
2026-08-16T13:52:28.6380176-07:00,118.8,2970,16301,120.03,58,97,80,38,14195,0x0000000000000001,GpuIdle
2026-08-16T13:52:30.6831531-07:00,120.8,2970,16301,120.16,58,98,80,38,14202,0x0000000000000001,GpuIdle
2026-08-16T13:52:32.7274691-07:00,122.9,2970,16301,119.94,58,98,80,38,14198,0x0000000000000001,GpuIdle
2026-08-16T13:52:34.7697789-07:00,124.9,2970,16301,120.01,58,98,80,38,14198,0x0000000000000001,GpuIdle
2026-08-16T13:52:36.8136681-07:00,127,2970,16301,119.77,59,98,80,38,14198,0x0000000000000001,GpuIdle
2026-08-16T13:52:38.8608920-07:00,129,2970,16301,120.13,58,98,80,38,14198,0x0000000000000001,GpuIdle
2026-08-16T13:52:40.9093032-07:00,131.1,2970,16301,120.05,58,97,81,38,14198,0x0000000000000001,GpuIdle
2026-08-16T13:52:42.9633168-07:00,133.1,2970,16301,120.22,58,98,81,38,14201,0x0000000000000001,GpuIdle
2026-08-16T13:52:45.0131002-07:00,135.2,2970,16301,119.92,58,98,81,38,14196,0x0000000000000001,GpuIdle
2026-08-16T13:52:47.0653872-07:00,137.2,2970,16301,120.13,58,98,81,38,14196,0x0000000000000001,GpuIdle
2026-08-16T13:52:49.1122990-07:00,139.3,2970,16301,119.55,59,98,80,38,14196,0x0000000000000001,GpuIdle
2026-08-16T13:52:51.1574600-07:00,141.3,2970,16301,120.10,58,98,81,38,14196,0x0000000000000001,GpuIdle
2026-08-16T13:52:53.2073185-07:00,143.4,2970,16301,119.92,58,98,81,38,14196,0x0000000000000001,GpuIdle
2026-08-16T13:52:55.2539769-07:00,145.4,2970,16301,120.09,58,98,80,38,14196,0x0000000000000001,GpuIdle
2026-08-16T13:52:57.2975745-07:00,147.5,2970,16301,119.62,58,97,80,38,14196,0x0000000000000001,GpuIdle
2026-08-16T13:52:59.3443144-07:00,149.5,2970,16301,98.29,61,98,59,38,14203,0x0000000000000001,GpuIdle
2026-08-16T13:53:01.3893753-07:00,151.6,2970,16301,120.41,58,97,81,38,14198,0x0000000000000001,GpuIdle
2026-08-16T13:53:03.4423485-07:00,153.6,2970,16301,120.42,58,98,82,38,14201,0x0000000000000001,GpuIdle
2026-08-16T13:53:05.4875059-07:00,155.6,2970,16301,120.12,58,98,82,38,14203,0x0000000000000001,GpuIdle
2026-08-16T13:53:07.5264716-07:00,157.7,2970,16301,120.34,58,98,82,38,14198,0x0000000000000001,GpuIdle
2026-08-16T13:53:09.5674905-07:00,159.7,2970,16301,120.79,59,98,82,38,14196,0x0000000000000001,GpuIdle
2026-08-16T13:53:11.6164542-07:00,161.8,2970,16301,120.66,58,98,81,38,14193,0x0000000000000001,GpuIdle
2026-08-16T13:53:13.6703920-07:00,163.8,2970,16301,120.45,59,98,81,38,14193,0x0000000000000001,GpuIdle
2026-08-16T13:53:15.7158381-07:00,165.9,2970,16301,120.47,58,98,81,38,14193,0x0000000000000001,GpuIdle
2026-08-16T13:53:17.7600370-07:00,167.9,2970,16301,120.54,59,98,81,38,14194,0x0000000000000001,GpuIdle
2026-08-16T13:53:19.8017396-07:00,170,2970,16301,79.00,58,98,81,38,14205,0x0000000000000001,GpuIdle
2026-08-16T13:53:21.8470437-07:00,172,2970,16301,120.44,59,98,81,38,14208,0x0000000000000001,GpuIdle
2026-08-16T13:53:23.8907597-07:00,174.1,2970,16301,119.50,58,98,80,38,14210,0x0000000000000001,GpuIdle
2026-08-16T13:53:25.9403723-07:00,176.1,2970,16301,120.32,59,98,82,38,14205,0x0000000000000001,GpuIdle
2026-08-16T13:53:27.9800471-07:00,178.1,2970,16301,120.02,59,98,82,39,14199,0x0000000000000001,GpuIdle
2026-08-16T13:53:30.0240570-07:00,180.2,2970,16301,120.35,58,98,81,38,14195,0x0000000000000001,GpuIdle
2026-08-16T13:53:32.0649545-07:00,182.2,2970,16301,120.21,58,98,81,38,14195,0x0000000000000001,GpuIdle
2026-08-16T13:53:34.1082825-07:00,184.3,2970,16301,119.87,59,98,81,39,14195,0x0000000000000001,GpuIdle
2026-08-16T13:53:36.1532527-07:00,186.3,2970,16301,120.03,59,98,81,39,14195,0x0000000000000001,GpuIdle
2026-08-16T13:53:38.1979485-07:00,188.4,2970,16301,120.27,59,98,81,39,14201,0x0000000000000001,GpuIdle
2026-08-16T13:53:40.2401814-07:00,190.4,2970,16301,120.08,59,98,81,39,14197,0x0000000000000001,GpuIdle
2026-08-16T13:53:42.2882953-07:00,192.5,2970,16301,119.98,59,97,81,39,14195,0x0000000000000001,GpuIdle
2026-08-16T13:53:44.3374588-07:00,194.5,2970,16301,120.38,59,98,81,39,14199,0x0000000000000001,GpuIdle
2026-08-16T13:53:46.3821202-07:00,196.5,2970,16301,120.29,59,98,81,39,14202,0x0000000000000001,GpuIdle
2026-08-16T13:53:48.4316045-07:00,198.6,2970,16301,114.78,58,98,81,39,14202,0x0000000000000001,GpuIdle
2026-08-16T13:53:50.4740733-07:00,200.6,2970,16301,119.90,58,98,80,39,14196,0x0000000000000001,GpuIdle
2026-08-16T13:53:52.5225168-07:00,202.7,2970,16301,120.21,59,98,81,39,14196,0x0000000000000001,GpuIdle
2026-08-16T13:53:54.5677449-07:00,204.7,2970,16301,119.90,59,98,81,39,14194,0x0000000000000001,GpuIdle
2026-08-16T13:53:56.6115015-07:00,206.8,2970,16301,120.28,58,98,81,39,14199,0x0000000000000001,GpuIdle
2026-08-16T13:53:58.6539620-07:00,208.8,2970,16301,119.97,59,97,80,39,14210,0x0000000000000001,GpuIdle
2026-08-16T13:54:00.6986827-07:00,210.9,2970,16301,119.60,59,98,81,39,14208,0x0000000000000001,GpuIdle
2026-08-16T13:54:02.7389051-07:00,212.9,2970,16301,119.46,59,98,81,39,14214,0x0000000000000001,GpuIdle
2026-08-16T13:54:04.7849150-07:00,214.9,2970,16301,120.37,59,97,81,39,14213,0x0000000000000001,GpuIdle
2026-08-16T13:54:06.8267071-07:00,217,2970,16301,120.41,59,98,82,39,14212,0x0000000000000001,GpuIdle
2026-08-16T13:54:08.8726771-07:00,219,2970,16301,120.29,59,98,81,39,14208,0x0000000000000001,GpuIdle
2026-08-16T13:54:10.9217391-07:00,221.1,2970,16301,93.05,59,98,81,39,14194,0x0000000000000001,GpuIdle
2026-08-16T13:54:12.9740962-07:00,223.1,2970,16301,120.34,59,98,81,39,14194,0x0000000000000001,GpuIdle
2026-08-16T13:54:15.0197186-07:00,225.2,2970,16301,120.05,59,98,81,39,14191,0x0000000000000001,GpuIdle
2026-08-16T13:54:17.0643557-07:00,227.2,2970,16301,120.09,59,97,81,39,14194,0x0000000000000001,GpuIdle
2026-08-16T13:54:19.1068231-07:00,229.3,2970,16301,120.49,59,98,82,39,14194,0x0000000000000001,GpuIdle
2026-08-16T13:54:21.1462451-07:00,231.3,2970,16301,120.17,59,98,81,39,14194,0x0000000000000001,GpuIdle
2026-08-16T13:54:23.1915839-07:00,233.4,2970,16301,120.18,59,98,81,39,14191,0x0000000000000001,GpuIdle
2026-08-16T13:54:25.2382532-07:00,235.4,2970,16301,120.37,59,98,81,39,14191,0x0000000000000001,GpuIdle
2026-08-16T13:54:27.2761914-07:00,237.4,2970,16301,120.25,59,98,81,39,14191,0x0000000000000001,GpuIdle
2026-08-16T13:54:29.3300402-07:00,239.5,2970,16301,120.51,59,98,81,39,14191,0x0000000000000001,GpuIdle
2026-08-16T13:54:31.3768117-07:00,241.5,2970,16301,120.07,59,98,81,39,14191,0x0000000000000001,GpuIdle
2026-08-16T13:54:33.4173472-07:00,243.6,2970,16301,120.42,59,97,81,39,14191,0x0000000000000001,GpuIdle
2026-08-16T13:54:35.4670981-07:00,245.6,2977,16301,69.94,60,97,51,39,14198,0x0000000000000001,GpuIdle
2026-08-16T13:54:37.5205421-07:00,247.7,2970,16301,119.83,59,98,81,39,14203,0x0000000000000001,GpuIdle
2026-08-16T13:54:39.5649329-07:00,249.7,2970,16301,120.54,59,98,81,39,14202,0x0000000000000001,GpuIdle
2026-08-16T13:54:41.6094127-07:00,251.8,2970,16301,120.45,59,98,81,39,14201,0x0000000000000001,GpuIdle
2026-08-16T13:54:43.6586560-07:00,253.8,2970,16301,119.73,59,95,78,39,14196,0x0000000000000001,GpuIdle
2026-08-16T13:54:45.7053105-07:00,255.9,2970,16301,120.38,59,98,82,39,14189,0x0000000000000001,GpuIdle
2026-08-16T13:54:47.7533707-07:00,257.9,2970,16301,120.23,59,98,82,39,14189,0x0000000000000001,GpuIdle
2026-08-16T13:54:49.7949816-07:00,260,2970,16301,120.53,59,98,82,39,14189,0x0000000000000001,GpuIdle
2026-08-16T13:54:51.8353635-07:00,262,3000,16301,68.84,56,35,19,39,14200,0x0000000000000001,GpuIdle
2026-08-16T13:54:53.8804955-07:00,264,2970,16301,119.93,59,98,82,39,14195,0x0000000000000001,GpuIdle
2026-08-16T13:54:55.9258751-07:00,266.1,2970,16301,119.83,59,98,81,39,14202,0x0000000000000001,GpuIdle
2026-08-16T13:54:57.9717677-07:00,268.1,2970,16301,120.07,59,98,81,39,14202,0x0000000000000001,GpuIdle
2026-08-16T13:55:00.0136039-07:00,270.2,2970,16301,119.77,59,98,82,39,14205,0x0000000000000001,GpuIdle
2026-08-16T13:55:02.0558598-07:00,272.2,2970,16301,119.68,59,98,80,39,14205,0x0000000000000001,GpuIdle
2026-08-16T13:55:04.1023736-07:00,274.3,2970,16301,120.19,59,98,81,39,14206,0x0000000000000001,GpuIdle
2026-08-16T13:55:06.1478753-07:00,276.3,2970,16301,120.39,59,98,81,39,14204,0x0000000000000001,GpuIdle
2026-08-16T13:55:08.1847098-07:00,278.3,2970,16301,120.33,59,98,82,39,14196,0x0000000000000001,GpuIdle
2026-08-16T13:55:10.2291077-07:00,280.4,2970,16301,120.59,59,98,82,39,14192,0x0000000000000001,GpuIdle
2026-08-16T13:55:12.2743573-07:00,282.4,2970,16301,120.26,59,98,82,39,14192,0x0000000000000001,GpuIdle
2026-08-16T13:55:14.3181997-07:00,284.5,2970,16301,120.71,59,98,81,39,14192,0x0000000000000001,GpuIdle
2026-08-16T13:55:16.3672935-07:00,286.5,2970,16301,120.57,59,98,82,39,14192,0x0000000000000001,GpuIdle
2026-08-16T13:55:18.4069929-07:00,288.6,2970,16301,120.49,59,98,81,39,14192,0x0000000000000001,GpuIdle
2026-08-16T13:55:20.4531821-07:00,290.6,2970,16301,105.89,53,12,3,39,14199,0x0000000000000001,GpuIdle
2026-08-16T13:55:22.4934343-07:00,292.7,3000,16301,86.02,52,12,2,39,14203,0x0000000000000001,GpuIdle
2026-08-16T13:55:24.5324092-07:00,294.7,2970,16301,120.32,58,98,82,39,14203,0x0000000000000001,GpuIdle
2026-08-16T13:55:26.5811525-07:00,296.7,2970,16301,120.00,59,98,81,39,14201,0x0000000000000001,GpuIdle
2026-08-16T13:55:28.6350618-07:00,298.8,2970,16301,120.45,59,98,81,39,14194,0x0000000000000001,GpuIdle
2026-08-16T13:55:30.6851570-07:00,300.8,2970,16301,120.53,59,98,81,39,14194,0x0000000000000001,GpuIdle
2026-08-16T13:55:32.7332842-07:00,302.9,2970,16301,120.57,59,98,82,39,14193,0x0000000000000001,GpuIdle
2026-08-16T13:55:34.7753184-07:00,304.9,2970,16301,120.39,59,98,81,39,14193,0x0000000000000001,GpuIdle
2026-08-16T13:55:36.8223636-07:00,307,2970,16301,120.20,59,98,81,39,14190,0x0000000000000001,GpuIdle
2026-08-16T13:55:38.8817545-07:00,309,2970,16301,120.37,59,98,82,39,14189,0x0000000000000001,GpuIdle
2026-08-16T13:55:40.9338263-07:00,311.1,2970,16301,69.86,58,96,61,39,14192,0x0000000000000001,GpuIdle
2026-08-16T13:55:42.9823834-07:00,313.1,2962,16301,82.80,58,98,82,39,14202,0x0000000000000001,GpuIdle
2026-08-16T13:55:45.0294842-07:00,315.2,2970,16301,120.00,58,98,82,39,14198,0x0000000000000001,GpuIdle
2026-08-16T13:55:47.0716228-07:00,317.2,2970,16301,120.33,59,98,82,39,14197,0x0000000000000001,GpuIdle
2026-08-16T13:55:49.1103946-07:00,319.3,2970,16301,120.18,59,98,82,39,14192,0x0000000000000001,GpuIdle
2026-08-16T13:55:51.1545630-07:00,321.3,2970,16301,120.44,59,98,82,39,14192,0x0000000000000001,GpuIdle
2026-08-16T13:55:53.1959166-07:00,323.4,2970,16301,120.48,59,98,82,39,14192,0x0000000000000001,GpuIdle
2026-08-16T13:55:55.2356177-07:00,325.4,2970,16301,120.41,59,98,82,39,14192,0x0000000000000001,GpuIdle
2026-08-16T13:55:57.2790029-07:00,327.4,2970,16301,120.18,59,98,82,39,14192,0x0000000000000001,GpuIdle
2026-08-16T13:55:59.3189042-07:00,329.5,2970,16301,120.12,59,98,82,39,14192,0x0000000000000001,GpuIdle
2026-08-16T13:56:01.3610660-07:00,331.5,2970,16301,120.16,59,98,82,39,14192,0x0000000000000001,GpuIdle
2026-08-16T13:56:03.4078472-07:00,333.6,2970,16301,109.43,53,12,3,39,14199,0x0000000000000001,GpuIdle
2026-08-16T13:56:05.4601143-07:00,335.6,2970,16301,119.96,58,98,81,39,14200,0x0000000000000001,GpuIdle
2026-08-16T13:56:07.5082169-07:00,337.7,2970,16301,120.08,58,98,81,39,14223,0x0000000000000001,GpuIdle
2026-08-16T13:56:09.5492420-07:00,339.7,2970,16301,119.95,59,98,81,39,14219,0x0000000000000001,GpuIdle
2026-08-16T13:56:11.5940479-07:00,341.8,2970,16301,119.16,59,98,82,39,14178,0x0000000000000001,GpuIdle
2026-08-16T13:56:13.6424456-07:00,343.8,2970,16301,119.34,59,98,81,39,14176,0x0000000000000001,GpuIdle
2026-08-16T13:56:15.6963433-07:00,345.9,2970,16301,119.68,59,98,81,39,14176,0x0000000000000001,GpuIdle
2026-08-16T13:56:17.7380678-07:00,347.9,2970,16301,119.77,59,98,82,39,14175,0x0000000000000001,GpuIdle
2026-08-16T13:56:19.7860735-07:00,349.9,2970,16301,119.58,59,98,81,39,14175,0x0000000000000001,GpuIdle
2026-08-16T13:56:21.8322098-07:00,352,2970,16301,119.87,59,98,81,39,14175,0x0000000000000001,GpuIdle
2026-08-16T13:56:23.8722019-07:00,354,2970,16301,119.64,59,98,82,39,14175,0x0000000000000001,GpuIdle
2026-08-16T13:56:25.9131767-07:00,356.1,2970,16301,119.36,59,98,80,39,14175,0x0000000000000001,GpuIdle
2026-08-16T13:56:27.9532268-07:00,358.1,2970,16301,119.34,59,98,81,39,14175,0x0000000000000001,GpuIdle
2026-08-16T13:56:29.9967281-07:00,360.2,2970,16301,119.12,59,98,81,39,14188,0x0000000000000001,GpuIdle
2026-08-16T13:56:32.0379573-07:00,362.2,2970,16301,119.81,59,98,82,39,14188,0x0000000000000001,GpuIdle
2026-08-16T13:56:34.0852687-07:00,364.2,2970,16301,119.73,59,98,81,39,14183,0x0000000000000001,GpuIdle
2026-08-16T13:56:36.1295712-07:00,366.3,2970,16301,119.51,59,98,82,39,14169,0x0000000000000001,GpuIdle
2026-08-16T13:56:38.1726877-07:00,368.3,2970,16301,119.51,59,98,82,39,14168,0x0000000000000001,GpuIdle
2026-08-16T13:56:40.2147503-07:00,370.4,2970,16301,119.99,59,98,82,39,14168,0x0000000000000001,GpuIdle
2026-08-16T13:56:42.2645299-07:00,372.4,2970,16301,119.42,59,98,82,39,14168,0x0000000000000001,GpuIdle
2026-08-16T13:56:44.3058923-07:00,374.5,2970,16301,119.45,59,97,80,39,14172,0x0000000000000001,GpuIdle
2026-08-16T13:56:46.3498677-07:00,376.5,2970,16301,119.48,59,98,81,39,14170,0x0000000000000001,GpuIdle
2026-08-16T13:56:48.3979240-07:00,378.6,2970,16301,120.18,59,98,82,39,14170,0x0000000000000001,GpuIdle
2026-08-16T13:56:50.4377090-07:00,380.6,2970,16301,119.62,59,98,82,39,14170,0x0000000000000001,GpuIdle
2026-08-16T13:56:52.4807159-07:00,382.6,2970,16301,119.57,59,98,81,39,14170,0x0000000000000001,GpuIdle
2026-08-16T13:56:54.5207786-07:00,384.7,2970,16301,119.50,59,98,81,39,14178,0x0000000000000001,GpuIdle
2026-08-16T13:56:56.5721228-07:00,386.7,2970,16301,133.62,59,98,81,39,14172,0x0000000000000001,GpuIdle
2026-08-16T13:56:58.6191116-07:00,388.8,2970,16301,119.36,59,98,81,39,14172,0x0000000000000001,GpuIdle
2026-08-16T13:57:00.6655041-07:00,390.8,2970,16301,119.52,59,98,81,39,14172,0x0000000000000001,GpuIdle
2026-08-16T13:57:02.7119124-07:00,392.9,2970,16301,119.48,59,98,81,39,14172,0x0000000000000001,GpuIdle
2026-08-16T13:57:04.7572345-07:00,394.9,2970,16301,118.99,59,98,81,39,14172,0x0000000000000001,GpuIdle
2026-08-16T13:57:06.8061928-07:00,397,2970,16301,119.23,59,98,81,39,14172,0x0000000000000001,GpuIdle
2026-08-16T13:57:08.8590738-07:00,399,2970,16301,119.42,58,97,81,39,14172,0x0000000000000001,GpuIdle
2026-08-16T13:57:10.9064000-07:00,401.1,2970,16301,119.24,59,98,81,39,14172,0x0000000000000001,GpuIdle
2026-08-16T13:57:12.9554443-07:00,403.1,2970,16301,118.82,59,98,80,39,14172,0x0000000000000001,GpuIdle
2026-08-16T13:57:14.9995413-07:00,405.2,2970,16301,119.03,58,98,81,39,14172,0x0000000000000001,GpuIdle
2026-08-16T13:57:17.0532712-07:00,407.2,2970,16301,118.86,59,98,80,39,14172,0x0000000000000001,GpuIdle
2026-08-16T13:57:19.0988725-07:00,409.3,2970,16301,118.87,59,98,81,39,14172,0x0000000000000001,GpuIdle
2026-08-16T13:57:21.1486553-07:00,411.3,2970,16301,118.82,59,98,82,39,14172,0x0000000000000001,GpuIdle
2026-08-16T13:57:23.1897120-07:00,413.4,2970,16301,119.00,59,98,81,39,14172,0x0000000000000001,GpuIdle
2026-08-16T13:57:25.2315388-07:00,415.4,2992,16301,90.54,52,12,2,39,14179,0x0000000000000001,GpuIdle
2026-08-16T13:57:27.2812789-07:00,417.4,3000,16301,45.80,51,12,2,39,14174,0x0000000000000001,GpuIdle
2026-08-16T13:57:29.3215573-07:00,419.5,2970,16301,96.33,58,98,82,39,14174,0x0000000000000001,GpuIdle
2026-08-16T13:57:31.3678423-07:00,421.5,2970,16301,96.87,58,98,82,39,14181,0x0000000000000001,GpuIdle
2026-08-16T13:57:33.4090626-07:00,423.6,2970,16301,118.98,58,98,81,39,14177,0x0000000000000001,GpuIdle
2026-08-16T13:57:35.4553709-07:00,425.6,2970,16301,119.09,58,98,81,39,14169,0x0000000000000001,GpuIdle
2026-08-16T13:57:37.4994721-07:00,427.7,2970,16301,118.88,58,98,81,39,14169,0x0000000000000001,GpuIdle
2026-08-16T13:57:39.5489052-07:00,429.7,2970,16301,118.58,58,98,81,39,14169,0x0000000000000001,GpuIdle
2026-08-16T13:57:41.5942902-07:00,431.8,2970,16301,118.93,58,98,81,39,14169,0x0000000000000001,GpuIdle
2026-08-16T13:57:43.6376788-07:00,433.8,2970,16301,118.84,58,98,82,39,14176,0x0000000000000001,GpuIdle
2026-08-16T13:57:45.6838773-07:00,435.8,2970,16301,118.87,58,98,82,39,14172,0x0000000000000001,GpuIdle
2026-08-16T13:57:47.7362159-07:00,437.9,2970,16301,118.53,58,98,81,39,14172,0x0000000000000001,GpuIdle
2026-08-16T13:57:49.7821086-07:00,439.9,2970,16301,119.26,58,98,81,39,14172,0x0000000000000001,GpuIdle
2026-08-16T13:57:51.8419999-07:00,442,2970,16301,118.78,58,97,81,39,14172,0x0000000000000001,GpuIdle
2026-08-16T13:57:53.8928807-07:00,444.1,2970,16301,119.31,58,98,81,39,14172,0x0000000000000001,GpuIdle
2026-08-16T13:57:55.9384669-07:00,446.1,2970,16301,118.93,58,97,81,39,14172,0x0000000000000001,GpuIdle
2026-08-16T13:57:57.9831093-07:00,448.1,2970,16301,119.11,58,98,82,39,14172,0x0000000000000001,GpuIdle
2026-08-16T13:58:00.0360613-07:00,450.2,2970,16301,118.83,58,97,81,39,14172,0x0000000000000001,GpuIdle
2026-08-16T13:58:02.0842479-07:00,452.2,2970,16301,119.04,58,98,81,39,14172,0x0000000000000001,GpuIdle
2026-08-16T13:58:04.1293542-07:00,454.3,2970,16301,118.58,58,96,78,39,14172,0x0000000000000001,GpuIdle
2026-08-16T13:58:06.1813874-07:00,456.3,2970,16301,119.06,58,98,81,39,14172,0x0000000000000001,GpuIdle
2026-08-16T13:58:08.2305845-07:00,458.4,2970,16301,119.04,58,98,81,39,14172,0x0000000000000001,GpuIdle
2026-08-16T13:58:10.2713587-07:00,460.4,2970,16301,118.62,58,98,81,39,14172,0x0000000000000001,GpuIdle
2026-08-16T13:58:12.3215051-07:00,462.5,2970,16301,118.70,58,98,81,39,14172,0x0000000000000001,GpuIdle
2026-08-16T13:58:14.3624380-07:00,464.5,2970,16301,118.92,58,97,81,39,14172,0x0000000000000001,GpuIdle
2026-08-16T13:58:16.4063975-07:00,466.6,2970,16301,119.00,58,98,82,39,14180,0x0000000000000001,GpuIdle
2026-08-16T13:58:18.4466041-07:00,468.6,2962,16301,118.46,59,98,82,39,14175,0x0000000000000001,GpuIdle
2026-08-16T13:58:20.4922740-07:00,470.7,2970,16301,119.06,59,98,81,39,14175,0x0000000000000001,GpuIdle
2026-08-16T13:58:22.5335921-07:00,472.7,2970,16301,119.57,58,98,81,39,14172,0x0000000000000001,GpuIdle
2026-08-16T13:58:24.5785834-07:00,474.7,2970,16301,119.26,59,98,81,39,14172,0x0000000000000001,GpuIdle
2026-08-16T13:58:26.6176457-07:00,476.8,2970,16301,118.85,58,98,82,39,14172,0x0000000000000001,GpuIdle
2026-08-16T13:58:28.6625219-07:00,478.8,2970,16301,119.09,59,98,81,39,14172,0x0000000000000001,GpuIdle
2026-08-16T13:58:30.7158523-07:00,480.9,2970,16301,118.95,58,97,80,39,14172,0x0000000000000001,GpuIdle
2026-08-16T13:58:32.7616534-07:00,482.9,2970,16301,118.89,59,98,82,39,14172,0x0000000000000001,GpuIdle
2026-08-16T13:58:34.8117600-07:00,485,2970,16301,118.78,58,98,81,39,14172,0x0000000000000001,GpuIdle
2026-08-16T13:58:36.8570037-07:00,487,2970,16301,118.76,58,97,81,39,14172,0x0000000000000001,GpuIdle
2026-08-16T13:58:38.8994554-07:00,489.1,2970,16301,119.14,58,98,81,39,14172,0x0000000000000001,GpuIdle
2026-08-16T13:58:40.9439925-07:00,491.1,2970,16301,119.05,59,98,82,39,14172,0x0000000000000001,GpuIdle
2026-08-16T13:58:42.9919873-07:00,493.2,2970,16301,118.84,58,98,81,39,14179,0x0000000000000001,GpuIdle
2026-08-16T13:58:45.0316374-07:00,495.2,2970,16301,119.04,58,98,82,39,14179,0x0000000000000001,GpuIdle
2026-08-16T13:58:47.0850397-07:00,497.2,2970,16301,118.93,58,98,81,39,14179,0x0000000000000001,GpuIdle
2026-08-16T13:58:49.1294056-07:00,499.3,3000,16301,78.87,52,12,2,39,14187,0x0000000000000001,GpuIdle
2026-08-16T13:58:51.1682903-07:00,501.3,2970,16301,118.83,58,98,81,39,14182,0x0000000000000001,GpuIdle
2026-08-16T13:58:53.2120194-07:00,503.4,2970,16301,118.91,58,98,82,39,14182,0x0000000000000001,GpuIdle
2026-08-16T13:58:55.2651740-07:00,505.4,2970,16301,118.59,58,98,81,39,14179,0x0000000000000001,GpuIdle
2026-08-16T13:58:57.3073324-07:00,507.5,2970,16301,118.61,58,98,82,39,14179,0x0000000000000001,GpuIdle
2026-08-16T13:58:59.3591926-07:00,509.5,2970,16301,118.32,58,97,81,39,14179,0x0000000000000001,GpuIdle
2026-08-16T13:59:01.4016247-07:00,511.6,2970,16301,118.49,58,98,81,39,14179,0x0000000000000001,GpuIdle
2026-08-16T13:59:03.4505566-07:00,513.6,2970,16301,118.94,58,98,81,39,14179,0x0000000000000001,GpuIdle
2026-08-16T13:59:05.4955571-07:00,515.7,2970,16301,118.20,58,98,81,39,14179,0x0000000000000001,GpuIdle
2026-08-16T13:59:07.5415323-07:00,517.7,2970,16301,118.88,58,98,82,39,14179,0x0000000000000001,GpuIdle
2026-08-16T13:59:09.5866348-07:00,519.7,2970,16301,118.64,58,98,81,39,14179,0x0000000000000001,GpuIdle
2026-08-16T13:59:11.6270123-07:00,521.8,2970,16301,119.04,58,98,82,39,14179,0x0000000000000001,GpuIdle
2026-08-16T13:59:13.6786629-07:00,523.8,2970,16301,118.60,58,98,81,39,14179,0x0000000000000001,GpuIdle
2026-08-16T13:59:15.7255057-07:00,525.9,2970,16301,119.05,58,98,82,39,14179,0x0000000000000001,GpuIdle
2026-08-16T13:59:17.7648810-07:00,527.9,2970,16301,118.54,58,98,82,39,14179,0x0000000000000001,GpuIdle
2026-08-16T13:59:19.8027360-07:00,530,3000,16301,94.02,52,13,2,39,14187,0x0000000000000001,GpuIdle
2026-08-16T13:59:21.8506297-07:00,532,2970,16301,119.28,58,98,80,39,14187,0x0000000000000001,GpuIdle
2026-08-16T13:59:23.9018560-07:00,534.1,2970,16301,118.58,58,97,80,39,14187,0x0000000000000001,GpuIdle
2026-08-16T13:59:25.9509541-07:00,536.1,2970,16301,118.51,58,98,81,39,14182,0x0000000000000001,GpuIdle
2026-08-16T13:59:27.9972457-07:00,538.2,2970,16301,118.64,58,98,81,39,14184,0x0000000000000001,GpuIdle
2026-08-16T13:59:30.0468126-07:00,540.2,2970,16301,118.61,58,98,81,39,14184,0x0000000000000001,GpuIdle
2026-08-16T13:59:32.0927390-07:00,542.3,2970,16301,118.66,58,98,81,39,14182,0x0000000000000001,GpuIdle
2026-08-16T13:59:34.1349327-07:00,544.3,2970,16301,118.61,58,98,82,39,14182,0x0000000000000001,GpuIdle
2026-08-16T13:59:36.1751589-07:00,546.3,2970,16301,118.26,58,98,81,39,14182,0x0000000000000001,GpuIdle
2026-08-16T13:59:38.2170960-07:00,548.4,2970,16301,118.24,58,98,80,39,14182,0x0000000000000001,GpuIdle
2026-08-16T13:59:40.2610155-07:00,550.4,2970,16301,118.57,58,98,81,39,14182,0x0000000000000001,GpuIdle
2026-08-16T13:59:42.3102742-07:00,552.5,2970,16301,118.29,58,98,80,39,14182,0x0000000000000001,GpuIdle
2026-08-16T13:59:44.3595069-07:00,554.5,2970,16301,118.30,58,98,81,39,14185,0x0000000000000001,GpuIdle
2026-08-16T13:59:46.4090077-07:00,556.6,2970,16301,118.44,58,98,81,39,14185,0x0000000000000001,GpuIdle
2026-08-16T13:59:48.4502826-07:00,558.6,2970,16301,118.65,58,98,81,39,14185,0x0000000000000001,GpuIdle
2026-08-16T13:59:50.4943810-07:00,560.7,2970,16301,120.85,59,96,72,39,14189,0x0000000000000001,GpuIdle
2026-08-16T13:59:52.5366561-07:00,562.7,2970,16301,118.25,58,98,81,39,14189,0x0000000000000001,GpuIdle
2026-08-16T13:59:54.5807450-07:00,564.7,2970,16301,118.21,58,98,81,39,14185,0x0000000000000001,GpuIdle
2026-08-16T13:59:56.6246099-07:00,566.8,2970,16301,118.45,58,98,81,39,14185,0x0000000000000001,GpuIdle
2026-08-16T13:59:58.6696001-07:00,568.8,2970,16301,118.29,58,98,82,39,14185,0x0000000000000001,GpuIdle
2026-08-16T14:00:00.7107531-07:00,570.9,2970,16301,118.22,58,98,81,39,14185,0x0000000000000001,GpuIdle
2026-08-16T14:00:02.7537306-07:00,572.9,2970,16301,118.56,58,97,81,39,14185,0x0000000000000001,GpuIdle
2026-08-16T14:00:04.8016007-07:00,575,2970,16301,117.95,58,98,81,39,14185,0x0000000000000001,GpuIdle
2026-08-16T14:00:06.8444182-07:00,577,2970,16301,118.25,58,98,81,39,14185,0x0000000000000001,GpuIdle
2026-08-16T14:00:08.8857728-07:00,579,2970,16301,118.36,58,98,81,39,14185,0x0000000000000001,GpuIdle
2026-08-16T14:00:10.9376833-07:00,581.1,2970,16301,118.53,58,98,81,39,14185,0x0000000000000001,GpuIdle
2026-08-16T14:00:12.9807176-07:00,583.1,2970,16301,118.49,58,98,82,39,14187,0x0000000000000001,GpuIdle
2026-08-16T14:00:15.0248426-07:00,585.2,2970,16301,118.50,58,98,81,39,14187,0x0000000000000001,GpuIdle
2026-08-16T14:00:17.0656794-07:00,587.2,3000,16301,88.18,52,13,2,39,14189,0x0000000000000001,GpuIdle
2026-08-16T14:00:19.1114894-07:00,589.3,2970,16301,119.49,58,98,81,39,14189,0x0000000000000001,GpuIdle
2026-08-16T14:00:21.1582548-07:00,591.3,2970,16301,118.32,58,98,81,39,14189,0x0000000000000001,GpuIdle
2026-08-16T14:00:23.2108713-07:00,593.4,2970,16301,117.84,58,98,81,39,14188,0x0000000000000001,GpuIdle
2026-08-16T14:00:25.2550532-07:00,595.4,2970,16301,118.31,58,97,81,39,14187,0x0000000000000001,GpuIdle
2026-08-16T14:00:27.2948528-07:00,597.5,2970,16301,118.52,58,98,81,39,14187,0x0000000000000001,GpuIdle
2026-08-16T14:00:29.3374516-07:00,599.5,2970,16301,118.37,59,98,81,39,14187,0x0000000000000001,GpuIdle
2026-08-16T14:00:31.3792776-07:00,601.5,2970,16301,118.20,58,98,82,39,14187,0x0000000000000001,GpuIdle
2026-08-16T14:00:33.4249342-07:00,603.6,2970,16301,118.62,58,98,82,39,14187,0x0000000000000001,GpuIdle
2026-08-16T14:00:35.4692056-07:00,605.6,2970,16301,118.48,58,98,81,39,14187,0x0000000000000001,GpuIdle
2026-08-16T14:00:37.5202352-07:00,607.7,2970,16301,118.34,59,98,81,39,14187,0x0000000000000001,GpuIdle
2026-08-16T14:00:39.5652320-07:00,609.7,2970,16301,118.02,58,98,81,39,14187,0x0000000000000001,GpuIdle
2026-08-16T14:00:41.6183907-07:00,611.8,2970,16301,118.19,58,98,81,39,14187,0x0000000000000001,GpuIdle
2026-08-16T14:00:43.6681081-07:00,613.8,2970,16301,124.50,58,98,81,39,14193,0x0000000000000001,GpuIdle
2026-08-16T14:00:45.7154562-07:00,615.9,2970,16301,118.64,58,98,82,39,14195,0x0000000000000001,GpuIdle
2026-08-16T14:00:47.7619078-07:00,617.9,2970,16301,118.29,58,98,81,39,14192,0x0000000000000001,GpuIdle
2026-08-16T14:00:49.8131874-07:00,620,2970,16301,118.44,58,98,82,39,14189,0x0000000000000001,GpuIdle
2026-08-16T14:00:51.8585770-07:00,622,2970,16301,118.22,58,98,82,39,14189,0x0000000000000001,GpuIdle
2026-08-16T14:00:53.9057801-07:00,624.1,2970,16301,118.43,58,98,81,39,14189,0x0000000000000001,GpuIdle
2026-08-16T14:00:55.9494773-07:00,626.1,2970,16301,117.95,58,98,81,39,14189,0x0000000000000001,GpuIdle
2026-08-16T14:00:58.0003993-07:00,628.2,2970,16301,118.41,58,98,82,39,14189,0x0000000000000001,GpuIdle
2026-08-16T14:01:00.0536832-07:00,630.2,2970,16301,118.18,58,98,82,39,14189,0x0000000000000001,GpuIdle
2026-08-16T14:01:02.1046064-07:00,632.3,2970,16301,118.55,58,98,81,39,14189,0x0000000000000001,GpuIdle
2026-08-16T14:01:04.1569024-07:00,634.3,2970,16301,117.96,58,98,81,39,14189,0x0000000000000001,GpuIdle
2026-08-16T14:01:06.1980278-07:00,636.4,2970,16301,118.25,58,98,81,39,14189,0x0000000000000001,GpuIdle
2026-08-16T14:01:08.2502532-07:00,638.4,2970,16301,118.63,58,98,81,39,14189,0x0000000000000001,GpuIdle
2026-08-16T14:01:10.2900078-07:00,640.5,2970,16301,118.80,58,98,82,39,14189,0x0000000000000001,GpuIdle
2026-08-16T14:01:12.3301872-07:00,642.5,2970,16301,118.39,58,98,81,39,14189,0x0000000000000001,GpuIdle
2026-08-16T14:01:14.3894989-07:00,644.6,2970,16301,118.77,58,98,81,39,14189,0x0000000000000001,GpuIdle
2026-08-16T14:01:16.4581672-07:00,646.6,2977,16301,86.82,61,99,70,39,14193,0x0000000000000001,GpuIdle
2026-08-16T14:01:18.4977992-07:00,648.7,2970,16301,118.30,58,98,81,39,14194,0x0000000000000001,GpuIdle
2026-08-16T14:01:20.5381050-07:00,650.7,2970,16301,118.35,58,98,81,39,14191,0x0000000000000001,GpuIdle
2026-08-16T14:01:22.5790185-07:00,652.7,2970,16301,118.63,59,98,81,39,14189,0x0000000000000001,GpuIdle
2026-08-16T14:01:24.6203790-07:00,654.8,2970,16301,118.31,58,98,81,39,14189,0x0000000000000001,GpuIdle
2026-08-16T14:01:26.6732436-07:00,656.8,2970,16301,118.56,58,97,81,39,14189,0x0000000000000001,GpuIdle
2026-08-16T14:01:28.7214193-07:00,658.9,2970,16301,118.13,58,98,81,39,14191,0x0000000000000001,GpuIdle
2026-08-16T14:01:30.7633058-07:00,660.9,2970,16301,118.50,58,98,81,39,14191,0x0000000000000001,GpuIdle
2026-08-16T14:01:32.8081326-07:00,663,2970,16301,118.28,59,98,82,39,14191,0x0000000000000001,GpuIdle
2026-08-16T14:01:34.8524197-07:00,665,2970,16301,118.50,58,98,81,39,14189,0x0000000000000001,GpuIdle
2026-08-16T14:01:36.8965345-07:00,667.1,2970,16301,117.80,58,98,81,39,14191,0x0000000000000001,GpuIdle
2026-08-16T14:01:38.9472215-07:00,669.1,2970,16301,118.23,58,98,81,39,14191,0x0000000000000001,GpuIdle
2026-08-16T14:01:40.9893242-07:00,671.2,2970,16301,117.77,58,98,80,39,14191,0x0000000000000001,GpuIdle
2026-08-16T14:01:43.0343875-07:00,673.2,2970,16301,117.98,58,98,81,39,14192,0x0000000000000001,GpuIdle
2026-08-16T14:01:45.0750337-07:00,675.2,2970,16301,117.69,58,98,82,39,14192,0x0000000000000001,GpuIdle
2026-08-16T14:01:47.1236584-07:00,677.3,2970,16301,118.15,58,98,81,39,14192,0x0000000000000001,GpuIdle
2026-08-16T14:01:49.1686127-07:00,679.3,2970,16301,117.78,58,98,81,39,14194,0x0000000000000001,GpuIdle
2026-08-16T14:01:51.2126648-07:00,681.4,2970,16301,76.21,60,99,67,39,14198,0x0000000000000001,GpuIdle
2026-08-16T14:01:53.2626523-07:00,683.4,2970,16301,117.74,58,98,80,39,14196,0x0000000000000001,GpuIdle
2026-08-16T14:01:55.3047574-07:00,685.5,2970,16301,117.98,58,98,82,39,14194,0x0000000000000001,GpuIdle
2026-08-16T14:01:57.3587387-07:00,687.5,2970,16301,117.80,58,98,81,39,14194,0x0000000000000001,GpuIdle
2026-08-16T14:01:59.4028591-07:00,689.6,2970,16301,117.99,58,98,81,39,14194,0x0000000000000001,GpuIdle
2026-08-16T14:02:01.4419310-07:00,691.6,2970,16301,117.82,58,98,81,39,14192,0x0000000000000001,GpuIdle
2026-08-16T14:02:03.4844505-07:00,693.6,2970,16301,117.89,58,98,81,39,14192,0x0000000000000001,GpuIdle
2026-08-16T14:02:05.5293119-07:00,695.7,2970,16301,117.54,58,98,82,39,14192,0x0000000000000001,GpuIdle
2026-08-16T14:02:07.5721670-07:00,697.7,2970,16301,117.96,58,98,81,39,14192,0x0000000000000001,GpuIdle
2026-08-16T14:02:09.6129651-07:00,699.8,2970,16301,117.39,58,98,82,39,14192,0x0000000000000001,GpuIdle
2026-08-16T14:02:11.6607858-07:00,701.8,2970,16301,118.05,58,98,81,39,14192,0x0000000000000001,GpuIdle
2026-08-16T14:02:13.7100954-07:00,703.9,2970,16301,117.70,58,98,81,39,14192,0x0000000000000001,GpuIdle
2026-08-16T14:02:15.7498926-07:00,705.9,2970,16301,117.77,58,98,81,39,14192,0x0000000000000001,GpuIdle
2026-08-16T14:02:17.7917699-07:00,708,2977,16301,117.80,53,98,81,39,14196,0x0000000000000001,GpuIdle
2026-08-16T14:02:19.8431609-07:00,710,2977,16301,126.88,62,98,31,39,14196,0x0000000000000001,GpuIdle
2026-08-16T14:02:21.8831416-07:00,712,2977,16301,133.45,63,98,29,39,14196,0x0000000000000001,GpuIdle
2026-08-16T14:02:23.9320091-07:00,714.1,2977,16301,135.57,64,99,32,40,14192,0x0000000000000001,GpuIdle
2026-08-16T14:02:25.9781085-07:00,716.1,2962,16301,138.89,63,99,44,41,14192,0x0000000000000001,GpuIdle
2026-08-16T14:02:28.0174695-07:00,718.2,2962,16301,136.69,63,99,54,42,14192,0x0000000000000001,GpuIdle
2026-08-16T14:02:30.0726223-07:00,720.2,2962,16301,132.94,62,99,61,42,14192,0x0000000000000001,GpuIdle
2026-08-16T14:02:32.1214908-07:00,722.3,2970,16301,130.61,62,99,66,43,14192,0x0000000000000001,GpuIdle
2026-08-16T14:02:34.1662838-07:00,724.3,2970,16301,129.11,61,98,67,43,14192,0x0000000000000001,GpuIdle
2026-08-16T14:02:36.2166528-07:00,726.4,2970,16301,128.46,61,99,67,43,14194,0x0000000000000001,GpuIdle
2026-08-16T14:02:38.2655428-07:00,728.4,2970,16301,127.87,61,99,67,43,14194,0x0000000000000001,GpuIdle
2026-08-16T14:02:40.3206159-07:00,730.5,2970,16301,127.87,61,99,68,43,14194,0x0000000000000001,GpuIdle
2026-08-16T14:02:42.3707594-07:00,732.5,2970,16301,127.84,60,99,67,43,14192,0x0000000000000001,GpuIdle
2026-08-16T14:02:44.4256103-07:00,734.6,2970,16301,127.77,61,99,72,43,14195,0x0000000000000001,GpuIdle
2026-08-16T14:02:46.4742586-07:00,736.6,2970,16301,124.22,59,98,82,43,14195,0x0000000000000001,GpuIdle
2026-08-16T14:02:48.5147557-07:00,738.7,2970,16301,117.97,59,98,81,43,14197,0x0000000000000001,GpuIdle
2026-08-16T14:02:50.5635779-07:00,740.7,2970,16301,117.78,59,98,81,43,14197,0x0000000000000001,GpuIdle
2026-08-16T14:02:52.6090085-07:00,742.8,2970,16301,118.27,58,98,81,43,14197,0x0000000000000001,GpuIdle
2026-08-16T14:02:54.6524480-07:00,744.8,2970,16301,117.71,58,98,81,43,14195,0x0000000000000001,GpuIdle
2026-08-16T14:02:56.6933247-07:00,746.9,2970,16301,117.94,58,98,81,43,14195,0x0000000000000001,GpuIdle
2026-08-16T14:02:58.7417817-07:00,748.9,2970,16301,117.93,58,98,81,43,14195,0x0000000000000001,GpuIdle
2026-08-16T14:03:00.7850423-07:00,750.9,2970,16301,117.84,58,98,82,43,14195,0x0000000000000001,GpuIdle
2026-08-16T14:03:02.8258157-07:00,753,2970,16301,117.79,58,98,82,43,14274,0x0000000000000001,GpuIdle
2026-08-16T14:03:04.8763038-07:00,755,2970,16301,117.89,58,98,81,43,14262,0x0000000000000001,GpuIdle
2026-08-16T14:03:06.9232960-07:00,757.1,2970,16301,118.05,58,98,82,43,14203,0x0000000000000001,GpuIdle
2026-08-16T14:03:08.9740058-07:00,759.1,2970,16301,118.11,58,98,81,43,14204,0x0000000000000001,GpuIdle
2026-08-16T14:03:11.0251435-07:00,761.2,2970,16301,117.90,58,98,82,42,14200,0x0000000000000001,GpuIdle
2026-08-16T14:03:13.0719836-07:00,763.2,2970,16301,118.18,58,98,82,42,14201,0x0000000000000001,GpuIdle
2026-08-16T14:03:15.1183064-07:00,765.3,2970,16301,117.86,58,98,81,42,14200,0x0000000000000001,GpuIdle
2026-08-16T14:03:17.1620670-07:00,767.3,2970,16301,117.92,58,98,81,42,14200,0x0000000000000001,GpuIdle
2026-08-16T14:03:19.2115145-07:00,769.4,2970,16301,117.82,58,98,82,42,14200,0x0000000000000001,GpuIdle
2026-08-16T14:03:21.2559140-07:00,771.4,2970,16301,118.06,58,98,81,42,14200,0x0000000000000001,GpuIdle
2026-08-16T14:03:23.3233883-07:00,773.5,2970,16301,117.42,57,98,81,42,14200,0x0000000000000001,GpuIdle
2026-08-16T14:03:25.3712845-07:00,775.5,2970,16301,117.79,58,98,81,42,14206,0x0000000000000001,GpuIdle
2026-08-16T14:03:27.4122526-07:00,777.6,2970,16301,117.86,58,97,81,42,14210,0x0000000000000001,GpuIdle
2026-08-16T14:03:29.4586170-07:00,779.6,3000,16301,29.86,50,5,2,42,14213,0x0000000000000001,GpuIdle
2026-08-16T14:03:31.5059656-07:00,781.7,1635,7001,22.60,49,5,4,42,14213,0x0000000000000001,GpuIdle
2026-08-16T14:03:33.5585663-07:00,783.7,1447,7001,19.90,48,5,4,42,14213,0x0000000000000001,GpuIdle
2026-08-16T14:03:35.6006177-07:00,785.8,1305,7001,19.52,48,5,4,40,14213,0x0000000000000001,GpuIdle
2026-08-16T14:03:37.6513942-07:00,787.8,1365,7001,19.44,47,5,4,39,14213,0x0000000000000001,GpuIdle
2026-08-16T14:03:39.6969545-07:00,789.9,1305,7001,19.36,47,5,4,38,14213,0x0000000000000001,GpuIdle
2026-08-16T14:03:41.7446549-07:00,791.9,1365,7001,19.35,46,5,4,38,14213,0x0000000000000001,GpuIdle
2026-08-16T14:03:43.7884729-07:00,794,1297,7001,19.11,46,5,4,37,14217,0x0000000000000001,GpuIdle
2026-08-16T14:03:45.8365932-07:00,796,1365,7001,19.00,46,6,4,36,14213,0x0000000000000001,GpuIdle
2026-08-16T14:03:47.8909782-07:00,798.1,1320,7001,19.01,45,6,4,36,14213,0x0000000000000001,GpuIdle
2026-08-16T14:03:49.9300686-07:00,800.1,1327,7001,18.97,45,6,4,35,14213,0x0000000000000001,GpuIdle
2026-08-16T14:03:51.9768543-07:00,802.1,1282,7001,18.83,45,5,4,35,14213,0x0000000000000001,GpuIdle
2026-08-16T14:03:54.0168597-07:00,804.2,1372,7001,18.84,44,5,4,34,14213,0x0000000000000001,GpuIdle
2026-08-16T14:03:56.0612487-07:00,806.2,1237,7001,18.49,44,5,4,34,14213,0x0000000000000001,GpuIdle
2026-08-16T14:03:58.1279078-07:00,808.3,1372,7001,18.66,44,5,4,34,14213,0x0000000000000001,GpuIdle
2026-08-16T14:04:00.1736490-07:00,810.3,1245,7001,18.40,44,5,4,33,14213,0x0000000000000001,GpuIdle
2026-08-16T14:04:02.2237384-07:00,812.4,1402,7001,18.70,44,5,4,33,14213,0x0000000000000001,GpuIdle
2026-08-16T14:04:04.2644040-07:00,814.4,1282,7001,18.29,43,5,4,33,14213,0x0000000000000001,GpuIdle
2026-08-16T14:04:06.3159588-07:00,816.5,1372,7001,18.56,43,5,4,32,14213,0x0000000000000001,GpuIdle
2026-08-16T14:04:08.3634176-07:00,818.5,1290,7001,18.35,43,5,4,32,14213,0x0000000000000001,GpuIdle
2026-08-16T14:04:10.4055007-07:00,820.6,1380,7001,18.55,43,5,4,32,14213,0x0000000000000001,GpuIdle
2026-08-16T14:04:12.4501675-07:00,822.6,1350,7001,18.49,43,6,4,32,14213,0x0000000000000001,GpuIdle
2026-08-16T14:04:14.4903677-07:00,824.7,1380,7001,18.44,42,6,4,31,14213,0x0000000000000001,GpuIdle
2026-08-16T14:04:16.5364686-07:00,826.7,1267,7001,18.17,42,5,4,31,14213,0x0000000000000001,GpuIdle
2026-08-16T14:04:18.5794516-07:00,828.7,1395,7001,18.41,42,5,4,31,14213,0x0000000000000001,GpuIdle
2026-08-16T14:04:20.6239514-07:00,830.8,1282,7001,18.20,42,5,4,31,14213,0x0000000000000001,GpuIdle
2026-08-16T14:04:22.6683672-07:00,832.8,1380,7001,18.35,42,5,4,31,14213,0x0000000000000001,GpuIdle
2026-08-16T14:04:24.7154635-07:00,834.9,1342,7001,18.28,42,5,4,31,14213,0x0000000000000001,GpuIdle
2026-08-16T14:04:26.7696984-07:00,836.9,1365,7001,18.15,42,5,4,31,14213,0x0000000000000001,GpuIdle
2026-08-16T14:04:28.8076657-07:00,839,1342,7001,18.17,41,5,4,31,14213,0x0000000000000001,GpuIdle
2026-08-16T14:04:30.8549591-07:00,841,1357,7001,18.16,41,5,4,31,14213,0x0000000000000001,GpuIdle
2026-08-16T14:04:32.8988685-07:00,843.1,1342,7001,18.10,41,5,4,31,14213,0x0000000000000001,GpuIdle
2026-08-16T14:04:34.9396813-07:00,845.1,1372,7001,18.06,41,5,4,31,14213,0x0000000000000001,GpuIdle
2026-08-16T14:04:36.9890418-07:00,847.2,1357,7001,18.12,41,6,4,31,14213,0x0000000000000001,GpuIdle
2026-08-16T14:04:39.0359079-07:00,849.2,1365,7001,18.23,41,6,4,31,14213,0x0000000000000001,GpuIdle
2026-08-16T14:04:41.0791077-07:00,851.2,1297,7001,17.96,41,5,4,31,14213,0x0000000000000001,GpuIdle
2026-08-16T14:04:43.1243412-07:00,853.3,1402,7001,18.25,41,5,4,31,14217,0x0000000000000001,GpuIdle
2026-08-16T14:04:45.1708842-07:00,855.3,1290,7001,17.84,40,5,4,31,14213,0x0000000000000001,GpuIdle
2026-08-16T14:04:47.2101881-07:00,857.4,1365,7001,17.98,40,5,4,31,14213,0x0000000000000001,GpuIdle
2026-08-16T14:04:49.2648680-07:00,859.4,1290,7001,17.86,40,5,4,31,14213,0x0000000000000001,GpuIdle
2026-08-16T14:04:51.3075516-07:00,861.5,1335,7001,18.00,40,5,4,31,14213,0x0000000000000001,GpuIdle
2026-08-16T14:04:53.3509819-07:00,863.5,1297,7001,17.88,40,5,4,31,14213,0x0000000000000001,GpuIdle
2026-08-16T14:04:55.3981132-07:00,865.6,1350,7001,18.00,40,5,4,31,14213,0x0000000000000001,GpuIdle
2026-08-16T14:04:57.4473549-07:00,867.6,1335,7001,17.89,40,5,4,31,14213,0x0000000000000001,GpuIdle
2026-08-16T14:04:59.4881563-07:00,869.7,1372,7001,17.85,40,5,4,31,14213,0x0000000000000001,GpuIdle
2026-08-16T14:05:01.5349532-07:00,871.7,1305,7001,17.71,40,6,4,31,14213,0x0000000000000001,GpuIdle
2026-08-16T14:05:03.5779484-07:00,873.7,1387,7001,18.03,40,6,4,31,14213,0x0000000000000001,GpuIdle
2026-08-16T14:05:05.6235297-07:00,875.8,1290,7001,17.75,39,5,4,31,14213,0x0000000000000001,GpuIdle
2026-08-16T14:05:07.6671793-07:00,877.8,1357,7001,17.83,39,5,4,31,14213,0x0000000000000001,GpuIdle
2026-08-16T14:05:09.7074569-07:00,879.9,1312,7001,17.81,39,5,4,31,14213,0x0000000000000001,GpuIdle
2026-08-16T14:05:11.7516455-07:00,881.9,1387,7001,17.80,39,5,4,31,14213,0x0000000000000001,GpuIdle
2026-08-16T14:05:13.8004351-07:00,884,1372,7001,17.78,39,5,4,31,14213,0x0000000000000001,GpuIdle
2026-08-16T14:05:15.8412511-07:00,886,1372,7001,17.80,39,5,4,31,14213,0x0000000000000001,GpuIdle
2026-08-16T14:05:17.8883865-07:00,888.1,1342,7001,17.77,39,5,4,31,14213,0x0000000000000001,GpuIdle
2026-08-16T14:05:19.9309712-07:00,890.1,1357,7001,17.57,39,5,4,31,14213,0x0000000000000001,GpuIdle
2026-08-16T14:05:21.9775933-07:00,892.1,1365,7001,17.69,39,6,4,31,14213,0x0000000000000001,GpuIdle
2026-08-16T14:05:24.0217065-07:00,894.2,1335,7001,17.55,39,6,4,31,14213,0x0000000000000001,GpuIdle
2026-08-16T14:05:26.0647752-07:00,896.2,1305,7001,17.47,39,6,4,31,14213,0x0000000000000001,GpuIdle
2026-08-16T14:05:28.1083237-07:00,898.3,1357,7001,17.65,39,5,4,31,14213,0x0000000000000001,GpuIdle
2026-08-16T14:05:30.1506270-07:00,900.3,1275,7001,17.45,38,5,4,31,14213,0x0000000000000001,GpuIdle
2026-08-16T14:05:32.1939480-07:00,902.4,1350,7001,17.62,38,5,4,31,14213,0x0000000000000001,GpuIdle
2026-08-16T14:05:34.2468065-07:00,904.4,1297,7001,17.47,38,5,4,31,14213,0x0000000000000001,GpuIdle
2026-08-16T14:05:36.2987241-07:00,906.5,1372,7001,17.54,38,5,4,31,14213,0x0000000000000001,GpuIdle
2026-08-16T14:05:38.3413551-07:00,908.5,1320,7001,17.38,38,5,4,31,14213,0x0000000000000001,GpuIdle
2026-08-16T14:05:40.3819273-07:00,910.5,1380,7001,17.53,38,5,4,31,14213,0x0000000000000001,GpuIdle
2026-08-16T14:05:42.4259460-07:00,912.6,1342,7001,17.53,38,5,4,31,14213,0x0000000000000001,GpuIdle
2026-08-16T14:05:44.4782287-07:00,914.6,1387,7001,17.57,38,5,4,31,14217,0x0000000000000001,GpuIdle
2026-08-16T14:05:46.5253425-07:00,916.7,1305,7001,17.43,38,5,4,31,14213,0x0000000000000001,GpuIdle
2026-08-16T14:05:48.5757988-07:00,918.7,1395,7001,17.71,38,5,3,31,14213,0x0000000000000001,GpuIdle
2026-08-16T14:05:50.6205034-07:00,920.8,1327,7001,17.46,38,6,4,31,14213,0x0000000000000001,GpuIdle
2026-08-16T14:05:52.6672521-07:00,922.8,1365,7001,17.67,38,6,4,31,14213,0x0000000000000001,GpuIdle
2026-08-16T14:05:54.7111619-07:00,924.9,1327,7001,17.55,38,5,4,31,14213,0x0000000000000001,GpuIdle
2026-08-16T14:05:56.7584241-07:00,926.9,1387,7001,17.62,38,5,4,31,14213,0x0000000000000001,GpuIdle
2026-08-16T14:05:58.8092764-07:00,929,1327,7001,17.54,38,5,4,31,14213,0x0000000000000001,GpuIdle
2026-08-16T14:06:00.8602245-07:00,931,1372,7001,17.37,38,5,4,31,14213,0x0000000000000001,GpuIdle
2026-08-16T14:06:02.9046580-07:00,933.1,1350,7001,17.52,37,5,4,31,14213,0x0000000000000001,GpuIdle
2026-08-16T14:06:04.9503631-07:00,935.1,1372,7001,17.47,37,5,4,31,14213,0x0000000000000001,GpuIdle
2026-08-16T14:06:06.9917000-07:00,937.2,1380,7001,17.54,37,5,4,31,14213,0x0000000000000001,GpuIdle
2026-08-16T14:06:09.0331431-07:00,939.2,1402,7001,17.59,37,5,4,31,14213,0x0000000000000001,GpuIdle
2026-08-16T14:06:11.0745990-07:00,941.2,1335,7001,17.36,37,5,4,31,14213,0x0000000000000001,GpuIdle
2026-08-16T14:06:13.1190071-07:00,943.3,1395,7001,17.52,37,5,4,31,14213,0x0000000000000001,GpuIdle
2026-08-16T14:06:15.1728179-07:00,945.3,1327,7001,17.38,37,6,4,31,14213,0x0000000000000001,GpuIdle
2026-08-16T14:06:17.2202235-07:00,947.4,1372,7001,17.54,37,6,4,31,14213,0x0000000000000001,GpuIdle
2026-08-16T14:06:19.2687474-07:00,949.4,1350,7001,17.44,37,6,4,31,14213,0x0000000000000001,GpuIdle
2026-08-16T14:06:21.3149552-07:00,951.5,1357,7001,17.49,37,5,4,31,14213,0x0000000000000001,GpuIdle
2026-08-16T14:06:23.3618632-07:00,953.5,1335,7001,17.54,37,5,4,31,14213,0x0000000000000001,GpuIdle
2026-08-16T14:06:25.4089480-07:00,955.6,1365,7001,17.42,37,5,4,31,14213,0x0000000000000001,GpuIdle
2026-08-16T14:06:27.4535439-07:00,957.6,1327,7001,17.48,37,5,4,31,14213,0x0000000000000001,GpuIdle
2026-08-16T14:06:29.5008689-07:00,959.7,1365,7001,17.47,37,5,4,31,14213,0x0000000000000001,GpuIdle
2026-08-16T14:06:31.5422687-07:00,961.7,1312,7001,17.34,37,5,4,31,14213,0x0000000000000001,GpuIdle
2026-08-16T14:06:33.5895977-07:00,963.8,1410,7001,17.62,37,5,4,31,14213,0x0000000000000001,GpuIdle
2026-08-16T14:06:35.6322220-07:00,965.8,1320,7001,17.32,37,5,4,31,14213,0x0000000000000001,GpuIdle
2026-08-16T14:06:37.6766744-07:00,967.8,1357,7001,17.41,37,6,4,31,14213,0x0000000000000001,GpuIdle
2026-08-16T14:06:39.7190780-07:00,969.9,1350,7001,17.10,37,6,4,0,14213,0x0000000000000001,GpuIdle
2026-08-16T14:06:41.7669876-07:00,971.9,1365,7001,17.19,37,6,4,0,14213,0x0000000000000001,GpuIdle
2026-08-16T14:06:43.8130725-07:00,974,1335,7001,17.17,37,5,4,0,14217,0x0000000000000001,GpuIdle
2026-08-16T14:06:45.8585061-07:00,976,1365,7001,17.09,37,5,4,0,14213,0x0000000000000001,GpuIdle
2026-08-16T14:06:47.9065554-07:00,978.1,1365,7001,17.16,37,5,4,0,14213,0x0000000000000001,GpuIdle
2026-08-16T14:06:49.9519748-07:00,980.1,1327,7001,17.05,37,5,4,0,14213,0x0000000000000001,GpuIdle
2026-08-16T14:06:51.9949163-07:00,982.2,1350,7001,17.22,37,5,4,0,14213,0x0000000000000001,GpuIdle
2026-08-16T14:06:54.0396502-07:00,984.2,1410,7001,17.25,37,5,4,0,14213,0x0000000000000001,GpuIdle
2026-08-16T14:06:56.0823938-07:00,986.2,1380,7001,17.16,37,5,4,0,14213,0x0000000000000001,GpuIdle
2026-08-16T14:06:58.1284332-07:00,988.3,1365,7001,17.15,37,5,4,0,14213,0x0000000000000001,GpuIdle
2026-08-16T14:07:00.1818551-07:00,990.3,1365,7001,17.16,37,5,4,0,14213,0x0000000000000001,GpuIdle
2026-08-16T14:07:02.2298237-07:00,992.4,1395,7001,17.22,38,5,4,0,14213,0x0000000000000001,GpuIdle
2026-08-16T14:07:04.2807815-07:00,994.4,1380,7001,17.29,38,6,4,0,14213,0x0000000000000001,GpuIdle
2026-08-16T14:07:06.3254530-07:00,996.5,1350,7001,17.27,38,6,4,0,14213,0x0000000000000001,GpuIdle
2026-08-16T14:07:08.3686606-07:00,998.5,1365,7001,17.29,38,6,4,0,14213,0x0000000000000001,GpuIdle
2026-08-16T14:07:10.4118574-07:00,1000.6,1342,7001,17.24,38,5,4,0,14213,0x0000000000000001,GpuIdle
2026-08-16T14:07:12.4568486-07:00,1002.6,1365,7001,17.43,38,5,4,0,14213,0x0000000000000001,GpuIdle
2026-08-16T14:07:14.5088058-07:00,1004.7,1365,7001,17.20,38,5,4,0,14213,0x0000000000000001,GpuIdle
2026-08-16T14:07:16.5528498-07:00,1006.7,1320,7001,17.12,38,5,4,0,14213,0x0000000000000001,GpuIdle
2026-08-16T14:07:18.6000830-07:00,1008.8,1395,7001,17.33,38,5,4,0,14213,0x0000000000000001,GpuIdle
2026-08-16T14:07:20.6519465-07:00,1010.8,1290,7001,17.16,38,6,4,0,14213,0x0000000000000001,GpuIdle
2026-08-16T14:07:22.6960081-07:00,1012.9,1380,7001,17.41,38,5,4,0,14213,0x0000000000000001,GpuIdle
2026-08-16T14:07:24.7408127-07:00,1014.9,1350,7001,17.30,38,5,4,0,14213,0x0000000000000001,GpuIdle
2026-08-16T14:07:26.7932476-07:00,1017,1387,7001,17.33,38,5,4,0,14213,0x0000000000000001,GpuIdle
2026-08-16T14:07:28.8473244-07:00,1019,1350,7001,17.27,38,6,4,0,14213,0x0000000000000001,GpuIdle
2026-08-16T14:07:30.8919577-07:00,1021.1,1372,7001,17.28,38,6,4,0,14213,0x0000000000000001,GpuIdle
2026-08-16T14:07:32.9379973-07:00,1023.1,1335,7001,17.35,38,5,4,0,14213,0x0000000000000001,GpuIdle
2026-08-16T14:07:34.9794387-07:00,1025.1,1365,7001,17.29,39,5,4,0,14213,0x0000000000000001,GpuIdle
2026-08-16T14:07:37.0254844-07:00,1027.2,1372,7001,17.41,39,5,4,0,14213,0x0000000000000001,GpuIdle
2026-08-16T14:07:39.0660585-07:00,1029.2,1387,7001,17.36,39,5,4,0,14213,0x0000000000000001,GpuIdle
2026-08-16T14:07:41.1193304-07:00,1031.3,1312,7001,17.39,39,5,4,0,14213,0x0000000000000001,GpuIdle
2026-08-16T14:07:43.1599575-07:00,1033.3,1395,7001,17.37,39,5,4,0,14217,0x0000000000000001,GpuIdle
2026-08-16T14:07:45.1999676-07:00,1035.4,1372,7001,17.33,39,5,4,0,14213,0x0000000000000001,GpuIdle
2026-08-16T14:07:47.2442946-07:00,1037.4,1357,7001,17.29,39,5,4,0,14213,0x0000000000000001,GpuIdle
2026-08-16T14:07:49.2889488-07:00,1039.5,1380,7001,17.37,39,5,4,0,14213,0x0000000000000001,GpuIdle
2026-08-16T14:07:51.3317314-07:00,1041.5,1327,7001,17.12,39,6,4,0,14213,0x0000000000000001,GpuIdle
2026-08-16T14:07:53.3744927-07:00,1043.5,1357,7001,17.48,39,6,4,0,14213,0x0000000000000001,GpuIdle
2026-08-16T14:07:55.4278488-07:00,1045.6,1305,7001,17.12,39,5,4,0,14213,0x0000000000000001,GpuIdle
2026-08-16T14:07:57.4766070-07:00,1047.6,1380,7001,17.43,39,5,4,0,14213,0x0000000000000001,GpuIdle
2026-08-16T14:07:59.5176530-07:00,1049.7,1305,7001,17.11,39,5,4,0,14213,0x0000000000000001,GpuIdle
2026-08-16T14:08:01.5699217-07:00,1051.7,1290,7001,17.25,39,5,4,0,14213,0x0000000000000001,GpuIdle
2026-08-16T14:08:03.6213950-07:00,1053.8,1350,7001,17.35,39,5,4,0,14213,0x0000000000000001,GpuIdle
2026-08-16T14:08:05.6649542-07:00,1055.8,1365,7001,17.48,39,5,4,0,14213,0x0000000000000001,GpuIdle
2026-08-16T14:08:07.7119109-07:00,1057.9,1357,7001,17.32,39,5,4,0,14213,0x0000000000000001,GpuIdle
2026-08-16T14:08:09.7549239-07:00,1059.9,1380,7001,17.55,39,5,4,0,14213,0x0000000000000001,GpuIdle
2026-08-16T14:08:11.8018528-07:00,1062,1350,7001,17.26,39,5,4,0,14213,0x0000000000000001,GpuIdle
2026-08-16T14:08:13.8450729-07:00,1064,1372,7001,17.41,39,6,4,0,14213,0x0000000000000001,GpuIdle
2026-08-16T14:08:15.8892804-07:00,1066.1,1342,7001,17.28,39,6,4,0,14213,0x0000000000000001,GpuIdle
2026-08-16T14:08:17.9389508-07:00,1068.1,1357,7001,17.48,39,6,4,0,14213,0x0000000000000001,GpuIdle
2026-08-16T14:08:19.9830279-07:00,1070.1,1335,7001,17.32,39,5,4,0,14213,0x0000000000000001,GpuIdle
2026-08-16T14:08:22.0242188-07:00,1072.2,1417,7001,17.53,40,5,4,0,14213,0x0000000000000001,GpuIdle
2026-08-16T14:08:24.0686461-07:00,1074.2,1365,7001,17.35,40,5,4,0,14213,0x0000000000000001,GpuIdle
2026-08-16T14:08:26.1108738-07:00,1076.3,1297,7001,17.29,40,5,4,0,14213,0x0000000000000001,GpuIdle
2026-08-16T14:08:28.1564452-07:00,1078.3,1372,7001,17.41,40,5,4,0,1651,0x0000000000000001,GpuIdle
2026-08-16T14:08:30.2033112-07:00,1080.4,2707,16501,22.64,40,5,2,0,1640,0x0000000000000001,GpuIdle
2026-08-16T14:08:32.2508606-07:00,1082.4,1492,7001,17.21,40,5,4,0,1640,0x0000000000000001,GpuIdle
2026-08-16T14:08:34.2954650-07:00,1084.5,1387,7001,17.43,40,5,4,0,1640,0x0000000000000001,GpuIdle
2026-08-16T14:08:36.3416074-07:00,1086.5,1357,7001,17.17,40,6,4,0,1640,0x0000000000000001,GpuIdle
2026-08-16T14:08:38.3869457-07:00,1088.5,1365,7001,17.42,40,6,4,0,1640,0x0000000000000001,GpuIdle
2026-08-16T14:08:40.4305970-07:00,1090.6,1320,7001,17.15,40,5,4,0,1640,0x0000000000000001,GpuIdle
2026-08-16T14:08:42.4746828-07:00,1092.6,1350,7001,17.47,40,5,4,0,1640,0x0000000000000001,GpuIdle
2026-08-16T14:08:44.5157463-07:00,1094.7,1297,7001,17.20,40,5,4,0,1643,0x0000000000000001,GpuIdle
2026-08-16T14:08:46.5554372-07:00,1096.7,1365,7001,17.38,40,5,4,0,1640,0x0000000000000001,GpuIdle
2026-08-16T14:08:48.5978982-07:00,1098.8,1372,7001,17.31,40,5,4,0,1640,0x0000000000000001,GpuIdle
2026-08-16T14:08:50.6497248-07:00,1100.8,1372,7001,17.37,40,5,4,0,1640,0x0000000000000001,GpuIdle
2026-08-16T14:08:52.7038489-07:00,1102.9,1402,7001,17.27,40,5,4,0,1640,0x0000000000000001,GpuIdle
2026-08-16T14:08:54.7546487-07:00,1104.9,1410,7001,17.49,40,5,4,0,1640,0x0000000000000001,GpuIdle
2026-08-16T14:08:56.8028261-07:00,1107,1380,7001,17.31,40,5,4,0,1640,0x0000000000000001,GpuIdle
2026-08-16T14:08:58.8556303-07:00,1109,1395,7001,17.50,40,5,4,0,1640,0x0000000000000001,GpuIdle
2026-08-16T14:09:00.9016785-07:00,1111.1,1402,7001,17.24,40,5,4,0,1640,0x0000000000000001,GpuIdle
2026-08-16T14:09:02.9517540-07:00,1113.1,1395,7001,17.42,40,6,4,0,1640,0x0000000000000001,GpuIdle
2026-08-16T14:09:04.9938903-07:00,1115.2,1342,7001,17.24,40,6,4,0,1648,0x0000000000000001,GpuIdle
2026-08-16T14:09:07.0358082-07:00,1117.2,1455,7001,17.90,40,5,4,0,1648,0x0000000000000001,GpuIdle
2026-08-16T14:09:09.0803068-07:00,1119.2,1395,7001,17.51,40,7,5,0,1640,0x0000000000000001,GpuIdle
2026-08-16T14:09:11.1189761-07:00,1121.3,1425,7001,18.23,40,7,5,0,1641,0x0000000000000001,GpuIdle
2026-08-16T14:09:13.1622671-07:00,1123.3,1492,7001,18.30,40,7,5,0,1647,0x0000000000000001,GpuIdle
2026-08-16T14:09:15.2090888-07:00,1125.4,1455,7001,18.41,40,7,5,0,1648,0x0000000000000001,GpuIdle
2026-08-16T14:09:17.2601665-07:00,1127.4,1387,7001,17.45,40,5,4,0,1648,0x0000000000000001,GpuIdle
2026-08-16T14:09:19.3032734-07:00,1129.5,1462,7001,18.34,40,7,5,0,1641,0x0000000000000001,GpuIdle
2026-08-16T14:09:21.3521847-07:00,1131.5,1440,7001,18.21,40,7,5,0,1641,0x0000000000000001,GpuIdle
2026-08-16T14:09:23.3989472-07:00,1133.6,1500,7001,18.31,41,7,5,0,1639,0x0000000000000001,GpuIdle
2026-08-16T14:09:25.4518447-07:00,1135.6,1462,7001,18.15,41,7,5,0,1639,0x0000000000000001,GpuIdle
2026-08-16T14:09:27.5004857-07:00,1137.7,1515,7001,18.52,41,8,5,0,1656,0x0000000000000001,GpuIdle
2026-08-16T14:09:29.5488535-07:00,1139.7,1530,7001,18.46,41,7,5,0,1656,0x0000000000000001,GpuIdle
2026-08-16T14:09:31.5904929-07:00,1141.8,1522,7001,18.35,41,8,5,0,1653,0x0000000000000001,GpuIdle
2026-08-16T14:09:33.6335649-07:00,1143.8,1530,7001,18.45,41,7,5,0,1645,0x0000000000000001,GpuIdle
2026-08-16T14:09:35.6782618-07:00,1145.8,1417,7001,17.68,41,6,4,0,1645,0x0000000000000001,GpuIdle
2026-08-16T14:09:37.7208686-07:00,1147.9,1462,7001,17.98,41,8,5,0,1645,0x0000000000000001,GpuIdle
2026-08-16T14:09:39.7616731-07:00,1149.9,1507,7001,18.53,41,7,5,0,1645,0x0000000000000001,GpuIdle
2026-08-16T14:09:41.8089003-07:00,1152,1470,7001,18.34,41,8,5,0,1645,0x0000000000000001,GpuIdle
2026-08-16T14:09:43.8544578-07:00,1154,1492,7001,18.45,41,8,5,0,1648,0x0000000000000001,GpuIdle
2026-08-16T14:09:45.8996511-07:00,1156.1,1455,7001,18.30,41,7,5,0,1644,0x0000000000000001,GpuIdle
2026-08-16T14:09:47.9525435-07:00,1158.1,1492,7001,18.49,41,7,5,0,1644,0x0000000000000001,GpuIdle
2026-08-16T14:09:49.9938150-07:00,1160.2,1410,7001,18.13,41,7,5,0,1644,0x0000000000000001,GpuIdle
2026-08-16T14:09:52.0357350-07:00,1162.2,1492,7001,18.46,41,7,5,0,1644,0x0000000000000001,GpuIdle
2026-08-16T14:09:54.0820054-07:00,1164.2,1455,7001,18.31,41,7,5,0,1644,0x0000000000000001,GpuIdle
2026-08-16T14:09:56.1237665-07:00,1166.3,1425,7001,18.25,41,7,5,0,1655,0x0000000000000001,GpuIdle
2026-08-16T14:09:58.1692936-07:00,1168.3,1477,7001,18.49,41,7,5,0,1655,0x0000000000000001,GpuIdle
2026-08-16T14:10:00.2119585-07:00,1170.4,1432,7001,17.82,41,6,4,0,1652,0x0000000000000001,GpuIdle
2026-08-16T14:10:02.2579467-07:00,1172.4,1425,7001,17.70,41,7,5,0,1648,0x0000000000000001,GpuIdle
2026-08-16T14:10:04.3137295-07:00,1174.5,1432,7001,18.34,41,7,5,0,1642,0x0000000000000001,GpuIdle
2026-08-16T14:10:06.3632714-07:00,1176.5,1492,7001,18.32,41,7,5,0,1642,0x0000000000000001,GpuIdle
2026-08-16T14:10:08.4162082-07:00,1178.6,1462,7001,18.37,41,7,5,0,1653,0x0000000000000001,GpuIdle
2026-08-16T14:10:10.4570896-07:00,1180.6,1470,7001,18.44,41,8,5,0,1655,0x0000000000000001,GpuIdle
2026-08-16T14:10:12.5016403-07:00,1182.7,1492,7001,18.17,41,6,4,0,1656,0x0000000000000001,GpuIdle
2026-08-16T14:10:14.5510796-07:00,1184.7,1402,7001,17.39,41,6,4,0,1656,0x0000000000000001,GpuIdle
2026-08-16T14:10:16.5945450-07:00,1186.8,1365,7001,17.48,41,6,4,0,1653,0x0000000000000001,GpuIdle
2026-08-16T14:10:18.6414044-07:00,1188.8,1320,7001,17.27,41,5,4,0,1646,0x0000000000000001,GpuIdle
2026-08-16T14:10:20.6886493-07:00,1190.9,1365,7001,17.51,41,5,4,0,1646,0x0000000000000001,GpuIdle
2026-08-16T14:10:22.7328486-07:00,1192.9,1305,7001,17.26,41,5,4,0,1646,0x0000000000000001,GpuIdle
2026-08-16T14:10:24.7769528-07:00,1194.9,1380,7001,17.53,41,5,4,0,1646,0x0000000000000001,GpuIdle
2026-08-16T14:10:26.8254325-07:00,1197,1282,7001,17.25,41,5,4,0,1646,0x0000000000000001,GpuIdle
2026-08-16T14:10:28.8665772-07:00,1199,1425,7001,17.50,41,5,4,0,1646,0x0000000000000001,GpuIdle
2026-08-16T14:10:30.9084200-07:00,1201.1,1305,7001,17.15,41,5,4,0,1646,0x0000000000000001,GpuIdle
2026-08-16T14:10:32.9540476-07:00,1203.1,1402,7001,17.56,41,5,4,0,1646,0x0000000000000001,GpuIdle
2026-08-16T14:10:35.0030844-07:00,1205.2,1335,7001,17.26,41,5,4,0,1646,0x0000000000000001,GpuIdle
2026-08-16T14:10:37.0488382-07:00,1207.2,1395,7001,17.70,41,5,4,0,1646,0x0000000000000001,GpuIdle
2026-08-16T14:10:39.1009461-07:00,1209.3,1342,7001,17.44,41,5,4,0,1646,0x0000000000000001,GpuIdle
2026-08-16T14:10:41.1409966-07:00,1211.3,1387,7001,17.55,41,6,4,0,1646,0x0000000000000001,GpuIdle
2026-08-16T14:10:43.1929621-07:00,1213.4,1335,7001,17.37,41,6,4,0,1649,0x0000000000000001,GpuIdle
2026-08-16T14:10:45.2413311-07:00,1215.4,1372,7001,17.67,41,5,4,0,1646,0x0000000000000001,GpuIdle
2026-08-16T14:10:47.2934570-07:00,1217.5,1312,7001,17.39,41,5,4,0,1646,0x0000000000000001,GpuIdle
2026-08-16T14:10:49.3418712-07:00,1219.5,1372,7001,17.62,41,5,4,0,1646,0x0000000000000001,GpuIdle
2026-08-16T14:10:51.3827251-07:00,1221.5,1335,7001,17.33,41,5,4,0,1646,0x0000000000000001,GpuIdle
2026-08-16T14:10:53.4237176-07:00,1223.6,1372,7001,17.52,41,5,4,0,1646,0x0000000000000001,GpuIdle
2026-08-16T14:10:55.4722066-07:00,1225.6,1290,7001,17.19,41,5,4,0,1646,0x0000000000000001,GpuIdle
2026-08-16T14:10:57.5223644-07:00,1227.7,1395,7001,17.72,41,5,4,0,1646,0x0000000000000001,GpuIdle
2026-08-16T14:10:59.5754030-07:00,1229.7,1395,7001,17.37,41,6,4,0,1646,0x0000000000000001,GpuIdle
2026-08-16T14:11:01.6168184-07:00,1231.8,1395,7001,17.54,41,6,4,0,1646,0x0000000000000001,GpuIdle
2026-08-16T14:11:03.6593778-07:00,1233.8,1357,7001,17.23,41,6,4,0,1646,0x0000000000000001,GpuIdle
2026-08-16T14:11:05.6991299-07:00,1235.9,1387,7001,17.60,41,6,4,0,1646,0x0000000000000001,GpuIdle
2026-08-16T14:11:07.7523995-07:00,1237.9,1320,7001,17.39,41,6,4,0,1646,0x0000000000000001,GpuIdle
2026-08-16T14:11:09.8008286-07:00,1240,1387,7001,17.68,41,6,4,0,1646,0x0000000000000001,GpuIdle
2026-08-16T14:11:11.8451334-07:00,1242,1297,7001,17.35,41,6,4,0,1646,0x0000000000000001,GpuIdle
2026-08-16T14:11:13.8893415-07:00,1244.1,1387,7001,17.65,41,6,4,0,1646,0x0000000000000001,GpuIdle
2026-08-16T14:11:15.9354442-07:00,1246.1,1282,7001,17.24,41,6,4,0,1646,0x0000000000000001,GpuIdle
2026-08-16T14:11:17.9795261-07:00,1248.1,1417,7001,17.69,41,6,4,0,1646,0x0000000000000001,GpuIdle
2026-08-16T14:11:20.0209756-07:00,1250.2,1290,7001,17.24,41,5,4,0,1646,0x0000000000000001,GpuIdle
2026-08-16T14:11:22.0674555-07:00,1252.2,1387,7001,17.66,41,5,4,0,1646,0x0000000000000001,GpuIdle
2026-08-16T14:11:24.1157239-07:00,1254.3,1297,7001,17.37,41,5,4,0,1646,0x0000000000000001,GpuIdle
2026-08-16T14:11:26.1594905-07:00,1256.3,1365,7001,17.61,41,5,4,0,1646,0x0000000000000001,GpuIdle
2026-08-16T14:11:28.2049732-07:00,1258.4,1282,7001,17.31,41,5,4,0,1646,0x0000000000000001,GpuIdle
2026-08-16T14:11:30.2509267-07:00,1260.4,1372,7001,17.61,41,5,4,0,1646,0x0000000000000001,GpuIdle
2026-08-16T14:11:32.3002920-07:00,1262.5,1305,7001,17.30,41,6,4,0,1646,0x0000000000000001,GpuIdle
2026-08-16T14:11:34.3489351-07:00,1264.5,1365,7001,17.73,41,6,4,0,1646,0x0000000000000001,GpuIdle
2026-08-16T14:11:36.3906422-07:00,1266.6,1297,7001,17.34,41,5,4,0,1646,0x0000000000000001,GpuIdle
2026-08-16T14:11:38.4394901-07:00,1268.6,1372,7001,17.66,41,5,4,0,1646,0x0000000000000001,GpuIdle
2026-08-16T14:11:40.4900821-07:00,1270.7,1282,7001,17.37,41,5,4,0,1646,0x0000000000000001,GpuIdle
2026-08-16T14:11:42.5427484-07:00,1272.7,1387,7001,17.72,41,5,4,0,1646,0x0000000000000001,GpuIdle
2026-08-16T14:11:44.5911756-07:00,1274.8,1342,7001,17.43,42,6,4,0,1649,0x0000000000000001,GpuIdle
2026-08-16T14:11:46.6360818-07:00,1276.8,1365,7001,17.66,42,6,4,0,1646,0x0000000000000001,GpuIdle
2026-08-16T14:11:48.6853313-07:00,1278.8,1372,7001,17.44,42,6,4,0,1646,0x0000000000000001,GpuIdle
2026-08-16T14:11:50.7354275-07:00,1280.9,1372,7001,17.73,42,5,4,0,1646,0x0000000000000001,GpuIdle
2026-08-16T14:11:52.7803441-07:00,1282.9,1320,7001,17.47,42,6,4,0,1646,0x0000000000000001,GpuIdle
2026-08-16T14:11:54.8229476-07:00,1285,1410,7001,17.64,42,5,4,0,1646,0x0000000000000001,GpuIdle
2026-08-16T14:11:56.8673239-07:00,1287,1335,7001,17.38,42,6,4,0,1646,0x0000000000000001,GpuIdle
2026-08-16T14:11:58.9170671-07:00,1289.1,1402,7001,17.77,42,6,4,0,1646,0x0000000000000001,GpuIdle
2026-08-16T14:12:00.9604940-07:00,1291.1,1305,7001,17.28,42,6,4,0,1646,0x0000000000000001,GpuIdle
2026-08-16T14:12:03.0028737-07:00,1293.2,1387,7001,17.76,42,6,4,0,1646,0x0000000000000001,GpuIdle
2026-08-16T14:12:05.0500077-07:00,1295.2,1230,7001,17.21,42,6,4,0,1646,0x0000000000000001,GpuIdle
2026-08-16T14:12:07.0937300-07:00,1297.3,1372,7001,17.67,42,5,4,0,1646,0x0000000000000001,GpuIdle
2026-08-16T14:12:09.1478532-07:00,1299.3,1320,7001,17.40,42,5,4,0,1646,0x0000000000000001,GpuIdle
2026-08-16T14:12:11.1908864-07:00,1301.4,1380,7001,17.72,42,5,4,0,1646,0x0000000000000001,GpuIdle
2026-08-16T14:12:13.2374770-07:00,1303.4,1290,7001,17.46,42,5,4,0,1646,0x0000000000000001,GpuIdle
2026-08-16T14:12:15.2776965-07:00,1305.4,1372,7001,17.85,42,5,4,0,1646,0x0000000000000001,GpuIdle
2026-08-16T14:12:17.3306155-07:00,1307.5,1350,7001,17.50,42,5,4,0,1646,0x0000000000000001,GpuIdle
2026-08-16T14:12:19.3698631-07:00,1309.5,1387,7001,17.85,42,5,4,0,1646,0x0000000000000001,GpuIdle
2026-08-16T14:12:21.4223326-07:00,1311.6,1282,7001,17.35,42,5,4,0,1646,0x0000000000000001,GpuIdle
2026-08-16T14:12:23.4735607-07:00,1313.6,1395,7001,17.80,42,6,4,0,1646,0x0000000000000001,GpuIdle
2026-08-16T14:12:25.5209719-07:00,1315.7,1267,7001,17.41,42,6,4,0,1646,0x0000000000000001,GpuIdle
2026-08-16T14:12:27.5619450-07:00,1317.7,1380,7001,17.75,42,5,4,0,1646,0x0000000000000001,GpuIdle
2026-08-16T14:12:29.6114670-07:00,1319.8,1327,7001,17.53,42,6,4,0,1646,0x0000000000000001,GpuIdle
2026-08-16T14:12:31.6498823-07:00,1321.8,1350,7001,17.71,42,6,4,0,1646,0x0000000000000001,GpuIdle
2026-08-16T14:12:33.6990504-07:00,1323.9,1327,7001,17.40,42,6,4,0,1646,0x0000000000000001,GpuIdle
2026-08-16T14:12:35.7440307-07:00,1325.9,1365,7001,17.63,42,5,4,0,1646,0x0000000000000001,GpuIdle
2026-08-16T14:12:37.7859355-07:00,1327.9,1290,7001,17.22,42,6,4,0,1646,0x0000000000000001,GpuIdle
2026-08-16T14:12:39.8259573-07:00,1330,1380,7001,17.64,42,5,4,0,1646,0x0000000000000001,GpuIdle
2026-08-16T14:12:41.8739475-07:00,1332,1335,7001,17.31,42,6,4,0,1646,0x0000000000000001,GpuIdle
2026-08-16T14:12:43.9280772-07:00,1334.1,1402,7001,17.72,42,5,4,0,1649,0x0000000000000001,GpuIdle
2026-08-16T14:12:45.9698773-07:00,1336.1,1282,7001,17.32,42,6,4,0,1646,0x0000000000000001,GpuIdle
2026-08-16T14:12:48.0124144-07:00,1338.2,1417,7001,17.86,42,6,4,0,1646,0x0000000000000001,GpuIdle
2026-08-16T14:12:50.0624468-07:00,1340.2,1252,7001,17.23,42,6,4,0,1646,0x0000000000000001,GpuIdle
2026-08-16T14:12:52.1113598-07:00,1342.3,1372,7001,17.67,42,6,4,0,1646,0x0000000000000001,GpuIdle
2026-08-16T14:12:54.1641328-07:00,1344.3,1342,7001,17.39,42,6,4,0,1646,0x0000000000000001,GpuIdle
2026-08-16T14:12:56.2103394-07:00,1346.4,1350,7001,17.74,42,6,4,0,1646,0x0000000000000001,GpuIdle
2026-08-16T14:12:58.2584519-07:00,1348.4,1290,7001,17.39,42,5,4,0,1646,0x0000000000000001,GpuIdle
2026-08-16T14:13:00.3099583-07:00,1350.5,1365,7001,17.74,42,5,4,0,1646,0x0000000000000001,GpuIdle
2026-08-16T14:13:02.3514455-07:00,1352.5,1252,7001,17.39,42,5,4,0,1646,0x0000000000000001,GpuIdle
2026-08-16T14:13:04.4032021-07:00,1354.6,1402,7001,17.85,42,5,4,0,1646,0x0000000000000001,GpuIdle
2026-08-16T14:13:06.4457576-07:00,1356.6,1275,7001,17.38,42,6,4,0,1646,0x0000000000000001,GpuIdle
2026-08-16T14:13:08.4953506-07:00,1358.7,1372,7001,17.74,42,5,4,0,1646,0x0000000000000001,GpuIdle
2026-08-16T14:13:10.5408708-07:00,1360.7,1252,7001,17.25,42,5,4,0,1646,0x0000000000000001,GpuIdle
2026-08-16T14:13:12.5856175-07:00,1362.7,1357,7001,17.73,42,5,4,0,1646,0x0000000000000001,GpuIdle
2026-08-16T14:13:14.6367734-07:00,1364.8,1282,7001,17.39,42,6,4,0,1646,0x0000000000000001,GpuIdle
2026-08-16T14:13:16.6838324-07:00,1366.8,1365,7001,17.67,42,5,4,0,1646,0x0000000000000001,GpuIdle
2026-08-16T14:13:18.7328729-07:00,1368.9,1312,7001,17.44,42,6,4,0,1646,0x0000000000000001,GpuIdle
2026-08-16T14:13:20.7750385-07:00,1370.9,1350,7001,17.82,42,6,4,0,1646,0x0000000000000001,GpuIdle
2026-08-16T14:13:22.8189157-07:00,1373,1290,7001,17.36,42,6,4,0,1646,0x0000000000000001,GpuIdle
2026-08-16T14:13:24.8600820-07:00,1375,1372,7001,17.81,42,5,4,0,1646,0x0000000000000001,GpuIdle
2026-08-16T14:13:26.9072452-07:00,1377.1,1312,7001,17.40,42,6,4,0,1646,0x0000000000000001,GpuIdle
2026-08-16T14:13:28.9508359-07:00,1379.1,1365,7001,17.79,42,5,4,0,1646,0x0000000000000001,GpuIdle
2026-08-16T14:13:31.0030089-07:00,1381.2,1290,7001,17.35,42,6,4,0,1646,0x0000000000000001,GpuIdle
2026-08-16T14:13:33.0432660-07:00,1383.2,1395,7001,17.84,42,5,4,0,1646,0x0000000000000001,GpuIdle
2026-08-16T14:13:35.0822270-07:00,1385.2,1350,7001,17.54,42,6,4,0,1646,0x0000000000000001,GpuIdle
2026-08-16T14:13:37.1299536-07:00,1387.3,1372,7001,17.85,42,5,4,0,1646,0x0000000000000001,GpuIdle
2026-08-16T14:13:39.1832295-07:00,1389.3,1320,7001,17.51,42,5,4,0,1646,0x0000000000000001,GpuIdle
2026-08-16T14:13:41.2261666-07:00,1391.4,1372,7001,17.85,42,5,4,0,1646,0x0000000000000001,GpuIdle
2026-08-16T14:13:43.2694160-07:00,1393.4,1305,7001,17.44,42,5,4,0,1649,0x0000000000000001,GpuIdle
2026-08-16T14:13:45.3134517-07:00,1395.5,1395,7001,17.84,42,6,4,0,1646,0x0000000000000001,GpuIdle
2026-08-16T14:13:47.3622635-07:00,1397.5,1267,7001,17.45,42,6,4,0,1646,0x0000000000000001,GpuIdle
2026-08-16T14:13:49.4006127-07:00,1399.6,1395,7001,17.77,42,5,4,0,1646,0x0000000000000001,GpuIdle
2026-08-16T14:13:51.4513798-07:00,1401.6,1267,7001,17.41,42,5,4,0,1646,0x0000000000000001,GpuIdle
2026-08-16T14:13:53.4996356-07:00,1403.7,1410,7001,17.93,42,5,4,0,1646,0x0000000000000001,GpuIdle
2026-08-16T14:13:55.5493855-07:00,1405.7,1245,7001,17.32,42,5,4,0,1646,0x0000000000000001,GpuIdle
2026-08-16T14:13:57.5936067-07:00,1407.8,1380,7001,17.76,42,5,4,0,1646,0x0000000000000001,GpuIdle
2026-08-16T14:13:59.6420251-07:00,1409.8,1297,7001,17.39,42,5,4,0,1646,0x0000000000000001,GpuIdle
2026-08-16T14:14:01.6881242-07:00,1411.9,1387,7001,17.75,42,5,4,0,1646,0x0000000000000001,GpuIdle
2026-08-16T14:14:03.7309665-07:00,1413.9,1267,7001,17.43,42,5,4,0,1646,0x0000000000000001,GpuIdle
2026-08-16T14:14:05.7729469-07:00,1415.9,1395,7001,17.82,42,5,4,0,1646,0x0000000000000001,GpuIdle
2026-08-16T14:14:07.8153544-07:00,1418,1275,7001,17.42,42,5,4,0,1646,0x0000000000000001,GpuIdle
2026-08-16T14:14:09.8654472-07:00,1420,1402,7001,17.80,42,5,4,0,1646,0x0000000000000001,GpuIdle
2026-08-16T14:14:11.9113565-07:00,1422.1,1260,7001,17.28,42,5,4,0,1646,0x0000000000000001,GpuIdle
2026-08-16T14:14:13.9538428-07:00,1424.1,1372,7001,17.79,42,6,4,0,1646,0x0000000000000001,GpuIdle
2026-08-16T14:14:15.9989503-07:00,1426.2,1245,7001,17.35,42,6,4,0,1646,0x0000000000000001,GpuIdle
2026-08-16T14:14:18.0450100-07:00,1428.2,1380,7001,17.97,42,6,4,0,1646,0x0000000000000001,GpuIdle
2026-08-16T14:14:20.0850727-07:00,1430.2,1320,7001,17.54,42,6,4,0,1646,0x0000000000000001,GpuIdle
2026-08-16T14:14:22.1297014-07:00,1432.3,1365,7001,17.83,42,5,4,0,1646,0x0000000000000001,GpuIdle
2026-08-16T14:14:24.1809913-07:00,1434.3,1290,7001,17.43,42,6,4,0,1646,0x0000000000000001,GpuIdle
2026-08-16T14:14:26.2289804-07:00,1436.4,1350,7001,17.70,42,5,4,0,1646,0x0000000000000001,GpuIdle
2026-08-16T14:14:28.2760761-07:00,1438.4,1290,7001,17.37,42,5,4,0,1646,0x0000000000000001,GpuIdle
2026-08-16T14:14:30.3193436-07:00,1440.5,1395,7001,17.68,42,5,4,0,1646,0x0000000000000001,GpuIdle
2026-08-16T14:14:32.3603263-07:00,1442.5,1282,7001,17.34,42,5,4,0,1646,0x0000000000000001,GpuIdle
2026-08-16T14:14:34.4052963-07:00,1444.6,1395,7001,17.80,42,5,4,0,1646,0x0000000000000001,GpuIdle
2026-08-16T14:14:36.4555274-07:00,1446.6,1290,7001,17.27,42,5,4,0,1646,0x0000000000000001,GpuIdle
2026-08-16T14:14:38.5025959-07:00,1448.7,1395,7001,17.64,42,5,4,0,1646,0x0000000000000001,GpuIdle
2026-08-16T14:14:40.5461889-07:00,1450.7,1290,7001,17.30,42,6,4,0,1646,0x0000000000000001,GpuIdle
2026-08-16T14:14:42.5913449-07:00,1452.8,1395,7001,17.71,42,6,4,0,1646,0x0000000000000001,GpuIdle
2026-08-16T14:14:44.6405979-07:00,1454.8,1290,7001,17.30,42,6,4,0,1649,0x0000000000000001,GpuIdle
2026-08-16T14:14:46.6867246-07:00,1456.8,1372,7001,17.72,42,5,4,0,1646,0x0000000000000001,GpuIdle
2026-08-16T14:14:48.7306482-07:00,1458.9,1275,7001,17.33,42,5,4,0,1646,0x0000000000000001,GpuIdle
2026-08-16T14:14:50.7797215-07:00,1460.9,1372,7001,17.71,42,5,4,0,1646,0x0000000000000001,GpuIdle
2026-08-16T14:14:52.8318407-07:00,1463,1252,7001,17.25,42,5,4,0,1646,0x0000000000000001,GpuIdle
2026-08-16T14:14:54.8779473-07:00,1465,1387,7001,17.66,42,5,4,0,1646,0x0000000000000001,GpuIdle
2026-08-16T14:14:56.9218957-07:00,1467.1,1252,7001,17.21,42,5,4,0,1646,0x0000000000000001,GpuIdle
2026-08-16T14:14:58.9698104-07:00,1469.1,1402,7001,17.80,42,5,4,0,1646,0x0000000000000001,GpuIdle
2026-08-16T14:15:01.0186360-07:00,1471.2,1267,7001,17.32,42,5,4,0,1646,0x0000000000000001,GpuIdle
2026-08-16T14:15:03.0717360-07:00,1473.2,1417,7001,17.89,42,5,4,0,1646,0x0000000000000001,GpuIdle
2026-08-16T14:15:05.1219937-07:00,1475.3,1305,7001,17.38,42,5,4,0,1646,0x0000000000000001,GpuIdle
2026-08-16T14:15:07.1708644-07:00,1477.3,1387,7001,17.79,42,5,4,0,1646,0x0000000000000001,GpuIdle
2026-08-16T14:15:09.2228531-07:00,1479.4,1297,7001,17.37,42,5,4,0,1646,0x0000000000000001,GpuIdle
2026-08-16T14:15:11.2697867-07:00,1481.4,1372,7001,17.67,42,5,4,0,1646,0x0000000000000001,GpuIdle
2026-08-16T14:15:13.3161527-07:00,1483.5,1267,7001,17.42,42,6,4,0,1646,0x0000000000000001,GpuIdle
2026-08-16T14:15:15.3660435-07:00,1485.5,1380,7001,17.82,42,6,4,0,1646,0x0000000000000001,GpuIdle
2026-08-16T14:15:17.4081522-07:00,1487.6,1282,7001,17.37,42,6,4,0,1646,0x0000000000000001,GpuIdle
2026-08-16T14:15:19.4540042-07:00,1489.6,1372,7001,17.82,42,5,4,0,1646,0x0000000000000001,GpuIdle
2026-08-16T14:15:21.4995126-07:00,1491.7,1252,7001,17.35,42,5,4,0,1646,0x0000000000000001,GpuIdle
2026-08-16T14:15:23.5487304-07:00,1493.7,1402,7001,17.88,42,5,4,0,1646,0x0000000000000001,GpuIdle
2026-08-16T14:15:25.5952356-07:00,1495.8,1320,7001,17.44,42,5,4,0,1646,0x0000000000000001,GpuIdle
2026-08-16T14:15:27.6467416-07:00,1497.8,1395,7001,17.79,42,5,4,0,1646,0x0000000000000001,GpuIdle
2026-08-16T14:15:29.6920938-07:00,1499.9,1335,7001,17.45,42,5,4,0,1646,0x0000000000000001,GpuIdle
2026-08-16T14:15:31.7354304-07:00,1501.9,1402,7001,17.81,42,5,4,0,1646,0x0000000000000001,GpuIdle
2026-08-16T14:15:33.7773593-07:00,1503.9,1320,7001,17.38,42,5,4,0,1646,0x0000000000000001,GpuIdle
2026-08-16T14:15:35.8245456-07:00,1506,1410,7001,17.89,42,6,4,0,1646,0x0000000000000001,GpuIdle
2026-08-16T14:15:37.8724224-07:00,1508,1260,7001,17.34,42,6,4,0,1646,0x0000000000000001,GpuIdle
2026-08-16T14:15:39.9195520-07:00,1510.1,1395,7001,17.85,42,5,4,0,1646,0x0000000000000001,GpuIdle
2026-08-16T14:15:41.9647943-07:00,1512.1,1267,7001,17.44,42,5,4,0,1646,0x0000000000000001,GpuIdle
2026-08-16T14:15:44.0159896-07:00,1514.2,1380,7001,17.89,42,5,4,0,1649,0x0000000000000001,GpuIdle
2026-08-16T14:15:46.0634718-07:00,1516.2,1222,7001,17.41,42,5,4,0,1646,0x0000000000000001,GpuIdle
2026-08-16T14:15:48.1089406-07:00,1518.3,1387,7001,17.84,42,5,4,0,1646,0x0000000000000001,GpuIdle
2026-08-16T14:15:50.1486211-07:00,1520.3,1290,7001,17.43,42,5,4,0,1646,0x0000000000000001,GpuIdle
2026-08-16T14:15:52.1976234-07:00,1522.4,1380,7001,17.85,42,5,4,0,1646,0x0000000000000001,GpuIdle
2026-08-16T14:15:54.2429491-07:00,1524.4,1312,7001,17.52,42,5,4,0,1646,0x0000000000000001,GpuIdle
2026-08-16T14:15:56.2890375-07:00,1526.5,1380,7001,17.86,42,6,4,0,1646,0x0000000000000001,GpuIdle
2026-08-16T14:15:58.3284654-07:00,1528.5,1297,7001,17.53,42,5,4,0,1646,0x0000000000000001,GpuIdle
2026-08-16T14:16:00.3774760-07:00,1530.5,1402,7001,17.93,42,5,4,0,1646,0x0000000000000001,GpuIdle
2026-08-16T14:16:02.4286496-07:00,1532.6,1297,7001,17.48,42,5,4,0,1646,0x0000000000000001,GpuIdle
2026-08-16T14:16:04.4739128-07:00,1534.6,1387,7001,18.01,42,6,4,0,1646,0x0000000000000001,GpuIdle
2026-08-16T14:16:06.5231245-07:00,1536.7,1252,7001,17.42,42,6,4,0,1646,0x0000000000000001,GpuIdle
2026-08-16T14:16:08.5762050-07:00,1538.7,1410,7001,17.90,42,6,4,0,1646,0x0000000000000001,GpuIdle
2026-08-16T14:16:10.6218868-07:00,1540.8,1275,7001,17.50,42,5,4,0,1646,0x0000000000000001,GpuIdle
2026-08-16T14:16:12.6679950-07:00,1542.8,1350,7001,17.89,42,5,4,0,1646,0x0000000000000001,GpuIdle
2026-08-16T14:16:14.7103848-07:00,1544.9,1275,7001,17.47,42,5,4,0,1646,0x0000000000000001,GpuIdle
2026-08-16T14:16:16.7524519-07:00,1546.9,1380,7001,17.87,42,5,4,0,1646,0x0000000000000001,GpuIdle
2026-08-16T14:16:18.7924405-07:00,1549,1297,7001,17.42,42,5,4,0,1646,0x0000000000000001,GpuIdle
2026-08-16T14:16:20.8353078-07:00,1551,1402,7001,17.87,42,5,4,0,1646,0x0000000000000001,GpuIdle
2026-08-16T14:16:22.8810925-07:00,1553,1267,7001,17.44,42,5,4,0,1646,0x0000000000000001,GpuIdle
2026-08-16T14:16:24.9278643-07:00,1555.1,1417,7001,17.94,42,5,4,0,1646,0x0000000000000001,GpuIdle
2026-08-16T14:16:26.9704144-07:00,1557.1,1282,7001,17.53,42,5,4,0,1646,0x0000000000000001,GpuIdle
2026-08-16T14:16:29.0168577-07:00,1559.2,1410,7001,17.85,42,6,4,0,1646,0x0000000000000001,GpuIdle
2026-08-16T14:16:31.0557372-07:00,1561.2,1252,7001,17.40,42,6,4,0,1646,0x0000000000000001,GpuIdle
2026-08-16T14:16:33.1043663-07:00,1563.3,1417,7001,17.97,42,5,4,0,1646,0x0000000000000001,GpuIdle
2026-08-16T14:16:35.1426822-07:00,1565.3,1282,7001,17.33,42,5,4,0,1646,0x0000000000000001,GpuIdle
2026-08-16T14:16:37.1868098-07:00,1567.3,1402,7001,17.96,42,5,4,0,1646,0x0000000000000001,GpuIdle
2026-08-16T14:16:39.2310596-07:00,1569.4,1282,7001,17.56,42,5,4,0,1646,0x0000000000000001,GpuIdle
2026-08-16T14:16:41.2738550-07:00,1571.4,1395,7001,17.93,42,5,4,0,1646,0x0000000000000001,GpuIdle
2026-08-16T14:16:43.3168708-07:00,1573.5,1297,7001,17.35,42,5,4,0,1649,0x0000000000000001,GpuIdle
2026-08-16T14:16:45.3628054-07:00,1575.5,1440,7001,17.91,42,6,4,0,1646,0x0000000000000001,GpuIdle
2026-08-16T14:16:47.4119577-07:00,1577.6,1305,7001,17.44,42,5,4,0,1646,0x0000000000000001,GpuIdle
2026-08-16T14:16:49.4552040-07:00,1579.6,1402,7001,17.87,42,5,4,0,1646,0x0000000000000001,GpuIdle
2026-08-16T14:16:51.5029468-07:00,1581.7,1335,7001,17.43,42,6,4,0,1646,0x0000000000000001,GpuIdle
2026-08-16T14:16:53.5511057-07:00,1583.7,1402,7001,17.88,42,6,4,0,1646,0x0000000000000001,GpuIdle
2026-08-16T14:16:55.5991508-07:00,1585.8,1237,7001,17.33,42,6,4,0,1646,0x0000000000000001,GpuIdle
2026-08-16T14:16:57.6498041-07:00,1587.8,1387,7001,17.91,42,5,4,0,1646,0x0000000000000001,GpuIdle
2026-08-16T14:16:59.6961793-07:00,1589.9,1252,7001,17.41,42,5,4,0,1646,0x0000000000000001,GpuIdle
2026-08-16T14:17:01.7449512-07:00,1591.9,1425,7001,17.91,42,5,4,0,1646,0x0000000000000001,GpuIdle
2026-08-16T14:17:03.7895789-07:00,1594,1267,7001,17.40,42,5,4,0,1646,0x0000000000000001,GpuIdle
2026-08-16T14:17:05.8355442-07:00,1596,1380,7001,17.79,42,5,4,0,1646,0x0000000000000001,GpuIdle
2026-08-16T14:17:07.8789466-07:00,1598,1237,7001,17.33,42,5,4,0,1646,0x0000000000000001,GpuIdle
2026-08-16T14:17:09.9234524-07:00,1600.1,1395,7001,17.88,42,5,4,0,1646,0x0000000000000001,GpuIdle
2026-08-16T14:17:11.9683685-07:00,1602.1,1282,7001,17.41,42,5,4,0,1646,0x0000000000000001,GpuIdle
2026-08-16T14:17:14.0131839-07:00,1604.2,1402,7001,17.84,42,5,4,0,1646,0x0000000000000001,GpuIdle
2026-08-16T14:17:16.0569436-07:00,1606.2,1252,7001,17.36,42,5,4,0,1646,0x0000000000000001,GpuIdle
2026-08-16T14:17:18.1004522-07:00,1608.3,1410,7001,17.88,42,6,4,0,1646,0x0000000000000001,GpuIdle
2026-08-16T14:17:20.1463255-07:00,1610.3,1237,7001,17.38,42,6,4,0,1646,0x0000000000000001,GpuIdle
2026-08-16T14:17:22.1904371-07:00,1612.4,1380,7001,17.84,42,6,4,0,1646,0x0000000000000001,GpuIdle
2026-08-16T14:17:24.2310112-07:00,1614.4,1260,7001,17.47,42,5,4,0,1646,0x0000000000000001,GpuIdle
2026-08-16T14:17:26.2797568-07:00,1616.4,1395,7001,17.85,42,5,4,0,1646,0x0000000000000001,GpuIdle
2026-08-16T14:17:28.3318376-07:00,1618.5,1260,7001,17.35,42,5,4,0,1646,0x0000000000000001,GpuIdle
2026-08-16T14:17:30.3825516-07:00,1620.5,1425,7001,18.08,42,5,4,0,1646,0x0000000000000001,GpuIdle
2026-08-16T14:17:32.4279463-07:00,1622.6,1305,7001,17.48,42,5,4,0,1646,0x0000000000000001,GpuIdle
2026-08-16T14:17:34.4686361-07:00,1624.6,1432,7001,17.94,42,5,4,0,1646,0x0000000000000001,GpuIdle
2026-08-16T14:17:36.5140500-07:00,1626.7,1282,7001,17.37,42,5,4,0,1646,0x0000000000000001,GpuIdle
2026-08-16T14:17:38.5581761-07:00,1628.7,1417,7001,17.91,42,6,4,0,1646,0x0000000000000001,GpuIdle
2026-08-16T14:17:40.6037777-07:00,1630.8,1305,7001,17.50,42,6,4,0,1646,0x0000000000000001,GpuIdle
2026-08-16T14:17:42.6469436-07:00,1632.8,1395,7001,17.84,42,6,4,0,1646,0x0000000000000001,GpuIdle
2026-08-16T14:17:44.6892504-07:00,1634.9,1267,7001,17.33,42,5,4,0,1649,0x0000000000000001,GpuIdle
2026-08-16T14:17:46.7352378-07:00,1636.9,1372,7001,17.93,42,5,4,0,1646,0x0000000000000001,GpuIdle
2026-08-16T14:17:48.7799881-07:00,1638.9,1245,7001,17.44,42,5,4,0,1646,0x0000000000000001,GpuIdle
2026-08-16T14:17:50.8312197-07:00,1641,1387,7001,17.99,42,5,4,0,1646,0x0000000000000001,GpuIdle
2026-08-16T14:17:52.8771459-07:00,1643,1260,7001,17.40,42,5,4,0,1646,0x0000000000000001,GpuIdle
2026-08-16T14:17:54.9302424-07:00,1645.1,1402,7001,17.93,42,5,4,0,1646,0x0000000000000001,GpuIdle
2026-08-16T14:17:56.9760717-07:00,1647.1,1245,7001,17.37,42,5,4,0,1646,0x0000000000000001,GpuIdle
2026-08-16T14:17:59.0211169-07:00,1649.2,1410,7001,18.03,43,5,4,0,1646,0x0000000000000001,GpuIdle
2026-08-16T14:18:01.0629801-07:00,1651.2,1267,7001,17.49,42,5,4,0,1646,0x0000000000000001,GpuIdle
2026-08-16T14:18:03.1122688-07:00,1653.3,1410,7001,17.90,42,5,4,0,1646,0x0000000000000001,GpuIdle
2026-08-16T14:18:05.1624830-07:00,1655.3,1297,7001,17.46,42,5,4,0,1646,0x0000000000000001,GpuIdle
2026-08-16T14:18:07.2122420-07:00,1657.4,1462,7001,17.98,43,5,4,0,1646,0x0000000000000001,GpuIdle
2026-08-16T14:18:09.2563270-07:00,1659.4,1282,7001,17.52,43,6,4,0,1646,0x0000000000000001,GpuIdle
2026-08-16T14:18:11.2985488-07:00,1661.5,1417,7001,18.05,42,6,4,0,1646,0x0000000000000001,GpuIdle
2026-08-16T14:18:13.3389480-07:00,1663.5,1275,7001,17.50,42,5,4,0,1646,0x0000000000000001,GpuIdle
2026-08-16T14:18:15.3878864-07:00,1665.6,1402,7001,18.02,43,5,4,0,1646,0x0000000000000001,GpuIdle
2026-08-16T14:18:17.4317716-07:00,1667.6,1282,7001,17.40,43,5,4,0,1646,0x0000000000000001,GpuIdle
2026-08-16T14:18:19.4826189-07:00,1669.6,1395,7001,18.01,42,5,4,0,1646,0x0000000000000001,GpuIdle
2026-08-16T14:18:21.5325046-07:00,1671.7,1260,7001,17.57,42,5,4,0,1646,0x0000000000000001,GpuIdle
2026-08-16T14:18:23.5767210-07:00,1673.7,1432,7001,18.00,43,6,4,0,1646,0x0000000000000001,GpuIdle
2026-08-16T14:18:25.6166059-07:00,1675.8,1282,7001,17.48,43,5,4,0,1646,0x0000000000000001,GpuIdle
2026-08-16T14:18:27.6646612-07:00,1677.8,1417,7001,18.02,43,5,4,0,1646,0x0000000000000001,GpuIdle
2026-08-16T14:18:29.7079481-07:00,1679.9,1312,7001,17.53,43,5,4,0,1646,0x0000000000000001,GpuIdle
2026-08-16T14:18:31.7498593-07:00,1681.9,1410,7001,18.06,43,6,4,0,1646,0x0000000000000001,GpuIdle
2026-08-16T14:18:33.7999410-07:00,1684,1282,7001,17.50,43,6,4,0,1646,0x0000000000000001,GpuIdle
2026-08-16T14:18:35.8442522-07:00,1686,1387,7001,17.94,43,6,4,0,1646,0x0000000000000001,GpuIdle
2026-08-16T14:18:37.8848603-07:00,1688,1260,7001,17.50,43,5,4,0,1646,0x0000000000000001,GpuIdle
2026-08-16T14:18:39.9274217-07:00,1690.1,1380,7001,17.97,43,5,4,0,1646,0x0000000000000001,GpuIdle
2026-08-16T14:18:41.9700955-07:00,1692.1,1237,7001,17.43,43,5,4,0,1646,0x0000000000000001,GpuIdle
2026-08-16T14:18:44.0170661-07:00,1694.2,1380,7001,17.95,43,5,4,0,1649,0x0000000000000001,GpuIdle
2026-08-16T14:18:46.0681220-07:00,1696.2,1237,7001,17.41,43,5,4,0,1646,0x0000000000000001,GpuIdle
2026-08-16T14:18:48.1160849-07:00,1698.3,1417,7001,17.96,43,6,4,0,1646,0x0000000000000001,GpuIdle
2026-08-16T14:18:50.1668568-07:00,1700.3,1305,7001,17.44,43,5,4,0,1646,0x0000000000000001,GpuIdle
2026-08-16T14:18:52.2140081-07:00,1702.4,1417,7001,17.97,43,5,4,0,1646,0x0000000000000001,GpuIdle
2026-08-16T14:18:54.2539583-07:00,1704.4,1267,7001,17.48,43,5,4,0,1646,0x0000000000000001,GpuIdle
2026-08-16T14:18:56.2963453-07:00,1706.5,1417,7001,18.01,43,6,4,0,1646,0x0000000000000001,GpuIdle
2026-08-16T14:18:58.3389476-07:00,1708.5,1275,7001,17.50,43,5,4,0,1646,0x0000000000000001,GpuIdle
2026-08-16T14:19:00.3834179-07:00,1710.5,1425,7001,17.92,43,6,4,0,1646,0x0000000000000001,GpuIdle
2026-08-16T14:19:02.4323134-07:00,1712.6,1290,7001,17.50,42,6,4,0,1646,0x0000000000000001,GpuIdle
2026-08-16T14:19:04.4799638-07:00,1714.6,1402,7001,17.93,43,6,4,0,1646,0x0000000000000001,GpuIdle
2026-08-16T14:19:06.5226590-07:00,1716.7,1245,7001,17.40,43,5,4,0,1646,0x0000000000000001,GpuIdle
2026-08-16T14:19:08.5683397-07:00,1718.7,1402,7001,17.89,43,6,4,0,1646,0x0000000000000001,GpuIdle
2026-08-16T14:19:10.6134643-07:00,1720.8,1282,7001,17.40,43,5,4,0,1646,0x0000000000000001,GpuIdle
2026-08-16T14:19:12.6536736-07:00,1722.8,1402,7001,17.95,43,5,4,0,1646,0x0000000000000001,GpuIdle
2026-08-16T14:19:14.6965683-07:00,1724.9,1275,7001,17.43,43,5,4,0,1646,0x0000000000000001,GpuIdle
2026-08-16T14:19:16.7398259-07:00,1726.9,1410,7001,17.80,43,5,4,0,1646,0x0000000000000001,GpuIdle
2026-08-16T14:19:18.7856367-07:00,1728.9,1275,7001,17.38,43,5,4,0,1646,0x0000000000000001,GpuIdle
2026-08-16T14:19:20.8349750-07:00,1731,1402,7001,17.85,43,5,4,0,1646,0x0000000000000001,GpuIdle
2026-08-16T14:19:22.8799036-07:00,1733,1275,7001,17.29,43,6,4,0,1646,0x0000000000000001,GpuIdle
2026-08-16T14:19:24.9298206-07:00,1735.1,1380,7001,17.83,43,6,4,0,1646,0x0000000000000001,GpuIdle
2026-08-16T14:19:26.9757250-07:00,1737.1,1260,7001,17.31,43,5,4,0,1646,0x0000000000000001,GpuIdle
2026-08-16T14:19:29.0258329-07:00,1739.2,1380,7001,17.82,43,5,4,0,1646,0x0000000000000001,GpuIdle
2026-08-16T14:19:31.0739847-07:00,1741.2,1252,7001,17.37,43,5,4,0,1646,0x0000000000000001,GpuIdle
2026-08-16T14:19:33.1178593-07:00,1743.3,1387,7001,17.73,43,6,4,0,1646,0x0000000000000001,GpuIdle
2026-08-16T14:19:35.1599523-07:00,1745.3,1290,7001,17.43,43,5,4,0,1646,0x0000000000000001,GpuIdle
2026-08-16T14:19:37.2060149-07:00,1747.4,1417,7001,17.87,43,6,4,0,1646,0x0000000000000001,GpuIdle
2026-08-16T14:19:39.2500361-07:00,1749.4,1290,7001,17.37,43,5,4,0,1646,0x0000000000000001,GpuIdle
2026-08-16T14:19:41.2983647-07:00,1751.5,1432,7001,17.95,43,6,4,0,1646,0x0000000000000001,GpuIdle
2026-08-16T14:19:43.3443742-07:00,1753.5,1282,7001,17.29,43,6,4,0,1649,0x0000000000000001,GpuIdle
2026-08-16T14:19:45.3949476-07:00,1755.6,1432,7001,17.96,43,6,4,0,1646,0x0000000000000001,GpuIdle
2026-08-16T14:19:47.4475610-07:00,1757.6,1290,7001,17.39,43,6,4,0,1646,0x0000000000000001,GpuIdle
2026-08-16T14:19:49.4931426-07:00,1759.7,1417,7001,17.92,43,6,4,0,1646,0x0000000000000001,GpuIdle
2026-08-16T14:19:51.5412683-07:00,1761.7,1245,7001,17.34,43,6,4,0,1646,0x0000000000000001,GpuIdle
2026-08-16T14:19:53.5876443-07:00,1763.7,1395,7001,17.87,43,6,4,0,1646,0x0000000000000001,GpuIdle
2026-08-16T14:19:55.6338872-07:00,1765.8,1267,7001,17.49,43,5,4,0,1646,0x0000000000000001,GpuIdle
2026-08-16T14:19:57.6778064-07:00,1767.8,1387,7001,18.11,43,5,4,0,1646,0x0000000000000001,GpuIdle
2026-08-16T14:19:59.7163127-07:00,1769.9,1245,7001,17.45,43,5,4,0,1646,0x0000000000000001,GpuIdle
2026-08-16T14:20:01.7601991-07:00,1771.9,1365,7001,17.92,43,5,4,0,1646,0x0000000000000001,GpuIdle
2026-08-16T14:20:03.8039477-07:00,1774,1260,7001,17.44,43,5,4,0,1646,0x0000000000000001,GpuIdle
2026-08-16T14:20:05.8488171-07:00,1776,1402,7001,17.79,43,5,4,0,1646,0x0000000000000001,GpuIdle
2026-08-16T14:20:07.8906561-07:00,1778.1,1267,7001,17.35,43,5,4,0,1646,0x0000000000000001,GpuIdle
2026-08-16T14:20:09.9359561-07:00,1780.1,1410,7001,17.84,43,5,4,0,1646,0x0000000000000001,GpuIdle
2026-08-16T14:20:11.9868964-07:00,1782.1,1267,7001,17.43,43,6,4,0,1646,0x0000000000000001,GpuIdle
2026-08-16T14:20:14.0288997-07:00,1784.2,1380,7001,17.85,43,5,4,0,1646,0x0000000000000001,GpuIdle
2026-08-16T14:20:16.0831804-07:00,1786.2,1252,7001,17.45,43,6,4,0,1646,0x0000000000000001,GpuIdle
2026-08-16T14:20:18.1257746-07:00,1788.3,1395,7001,17.91,43,6,4,0,1646,0x0000000000000001,GpuIdle
2026-08-16T14:20:20.1690699-07:00,1790.3,1320,7001,17.37,43,6,4,0,1646,0x0000000000000001,GpuIdle
2026-08-16T14:20:22.2219443-07:00,1792.4,1417,7001,17.84,43,6,4,0,1646,0x0000000000000001,GpuIdle
2026-08-16T14:20:24.2681689-07:00,1794.4,1282,7001,17.49,43,6,4,0,1646,0x0000000000000001,GpuIdle
2026-08-16T14:20:26.3072562-07:00,1796.5,1387,7001,17.83,43,6,4,0,1646,0x0000000000000001,GpuIdle
2026-08-16T14:20:28.3529487-07:00,1798.5,1327,7001,17.49,43,6,4,0,1646,0x0000000000000001,GpuIdle
2026-08-16T14:20:30.3929466-07:00,1800.6,1417,7001,17.93,43,6,4,0,1646,0x0000000000000001,GpuIdle
2026-08-16T14:20:32.4433443-07:00,1802.6,1297,7001,17.49,43,6,4,0,1646,0x0000000000000001,GpuIdle
2026-08-16T14:20:34.4902636-07:00,1804.7,1387,7001,17.87,43,6,4,0,1646,0x0000000000000001,GpuIdle
2026-08-16T14:20:36.5312048-07:00,1806.7,1282,7001,17.50,43,6,4,0,1646,0x0000000000000001,GpuIdle
2026-08-16T14:20:38.5762526-07:00,1808.7,1425,7001,17.99,43,6,4,0,1646,0x0000000000000001,GpuIdle
2026-08-16T14:20:40.6259565-07:00,1810.8,1260,7001,17.52,43,5,4,0,1646,0x0000000000000001,GpuIdle
2026-08-16T14:20:42.6704445-07:00,1812.8,1372,7001,17.92,43,6,4,0,1646,0x0000000000000001,GpuIdle
2026-08-16T14:20:44.7129511-07:00,1814.9,1275,7001,17.56,43,6,4,0,1649,0x0000000000000001,GpuIdle
2026-08-16T14:20:46.7589242-07:00,1816.9,1372,7001,17.94,43,5,4,0,1646,0x0000000000000001,GpuIdle
2026-08-16T14:20:48.8049490-07:00,1819,1267,7001,17.42,43,5,4,0,1646,0x0000000000000001,GpuIdle
2026-08-16T14:20:50.8514153-07:00,1821,1402,7001,17.90,43,5,4,0,1646,0x0000000000000001,GpuIdle
2026-08-16T14:20:52.8964001-07:00,1823.1,1252,7001,17.35,43,5,4,0,1646,0x0000000000000001,GpuIdle
2026-08-16T14:20:54.9418767-07:00,1825.1,1417,7001,18.02,43,5,4,0,1646,0x0000000000000001,GpuIdle
2026-08-16T14:20:56.9943232-07:00,1827.2,1297,7001,17.48,43,5,4,0,1646,0x0000000000000001,GpuIdle
2026-08-16T14:20:59.0359046-07:00,1829.2,1417,7001,17.90,43,5,4,0,1646,0x0000000000000001,GpuIdle
2026-08-16T14:21:01.0801465-07:00,1831.2,1327,7001,17.42,43,5,4,0,1646,0x0000000000000001,GpuIdle
2026-08-16T14:21:03.1253934-07:00,1833.3,1432,7001,17.94,43,6,4,0,1646,0x0000000000000001,GpuIdle
2026-08-16T14:21:05.1678508-07:00,1835.3,1290,7001,17.49,43,5,4,0,1646,0x0000000000000001,GpuIdle
2026-08-16T14:21:07.2182575-07:00,1837.4,1410,7001,17.98,43,6,4,0,1646,0x0000000000000001,GpuIdle
2026-08-16T14:21:09.2600273-07:00,1839.4,1282,7001,17.56,43,6,4,0,1646,0x0000000000000001,GpuIdle
2026-08-16T14:21:11.3058874-07:00,1841.5,1387,7001,18.00,43,6,4,0,1646,0x0000000000000001,GpuIdle
2026-08-16T14:21:13.3539519-07:00,1843.5,1252,7001,17.37,43,5,4,0,1646,0x0000000000000001,GpuIdle
2026-08-16T14:21:15.3988924-07:00,1845.6,1425,7001,17.89,43,6,4,0,1646,0x0000000000000001,GpuIdle
2026-08-16T14:21:17.4482160-07:00,1847.6,1275,7001,17.45,43,6,4,0,1646,0x0000000000000001,GpuIdle
2026-08-16T14:21:19.4949474-07:00,1849.7,1417,7001,17.99,43,6,4,0,1646,0x0000000000000001,GpuIdle
2026-08-16T14:21:21.5454744-07:00,1851.7,1267,7001,17.38,43,6,4,0,1646,0x0000000000000001,GpuIdle
2026-08-16T14:21:23.5870526-07:00,1853.7,1432,7001,17.91,43,6,4,0,1646,0x0000000000000001,GpuIdle
2026-08-16T14:21:25.6336230-07:00,1855.8,1305,7001,17.44,43,5,4,0,1646,0x0000000000000001,GpuIdle
2026-08-16T14:21:27.6790519-07:00,1857.8,1417,7001,17.90,43,5,4,0,1646,0x0000000000000001,GpuIdle
2026-08-16T14:21:29.7183713-07:00,1859.9,1260,7001,17.44,43,5,4,0,1646,0x0000000000000001,GpuIdle
2026-08-16T14:21:31.7703770-07:00,1861.9,1387,7001,18.05,43,5,4,0,1646,0x0000000000000001,GpuIdle
2026-08-16T14:21:33.8154918-07:00,1864,1245,7001,17.42,43,6,4,0,1646,0x0000000000000001,GpuIdle
2026-08-16T14:21:35.8610448-07:00,1866,1380,7001,17.93,43,6,4,0,1646,0x0000000000000001,GpuIdle
2026-08-16T14:21:37.9106370-07:00,1868.1,1252,7001,17.48,43,6,4,0,1646,0x0000000000000001,GpuIdle
2026-08-16T14:21:39.9523473-07:00,1870.1,1387,7001,17.98,43,5,4,0,1646,0x0000000000000001,GpuIdle
2026-08-16T14:21:42.0036117-07:00,1872.2,1282,7001,17.58,43,5,4,0,1646,0x0000000000000001,GpuIdle
2026-08-16T14:21:44.0453687-07:00,1874.2,1395,7001,17.88,43,5,4,0,1649,0x0000000000000001,GpuIdle
2026-08-16T14:21:46.0916030-07:00,1876.3,1290,7001,17.42,43,5,4,0,1646,0x0000000000000001,GpuIdle
2026-08-16T14:21:48.1385977-07:00,1878.3,1417,7001,17.80,43,6,4,0,1646,0x0000000000000001,GpuIdle
2026-08-16T14:21:50.1866567-07:00,1880.3,1282,7001,17.42,43,6,4,0,1646,0x0000000000000001,GpuIdle
2026-08-16T14:21:52.2319475-07:00,1882.4,1402,7001,17.93,43,6,4,0,1646,0x0000000000000001,GpuIdle
2026-08-16T14:21:54.2740374-07:00,1884.4,1275,7001,17.44,43,6,4,0,1646,0x0000000000000001,GpuIdle
2026-08-16T14:21:56.3206948-07:00,1886.5,1380,7001,17.90,43,7,4,0,1646,0x0000000000000001,GpuIdle
2026-08-16T14:21:58.3610265-07:00,1888.5,1245,7001,17.48,43,7,4,0,1646,0x0000000000000001,GpuIdle
2026-08-16T14:22:00.4130229-07:00,1890.6,1380,7001,17.88,43,7,4,0,1646,0x0000000000000001,GpuIdle
2026-08-16T14:22:02.4539417-07:00,1892.6,1260,7001,17.44,43,6,4,0,1646,0x0000000000000001,GpuIdle
2026-08-16T14:22:04.5019503-07:00,1894.7,1395,7001,17.88,43,6,4,0,1646,0x0000000000000001,GpuIdle
2026-08-16T14:22:06.5454233-07:00,1896.7,1252,7001,17.45,43,6,4,0,1646,0x0000000000000001,GpuIdle
2026-08-16T14:22:08.5972759-07:00,1898.8,1447,7001,17.99,43,6,4,0,1646,0x0000000000000001,GpuIdle
2026-08-16T14:22:10.6362881-07:00,1900.8,1252,7001,17.47,43,5,4,0,1646,0x0000000000000001,GpuIdle
2026-08-16T14:22:12.6794774-07:00,1902.8,1417,7001,17.89,43,6,4,0,1646,0x0000000000000001,GpuIdle
2026-08-16T14:22:14.7214192-07:00,1904.9,1267,7001,17.43,43,5,4,0,1646,0x0000000000000001,GpuIdle
2026-08-16T14:22:16.7613405-07:00,1906.9,1402,7001,17.96,43,5,4,0,1646,0x0000000000000001,GpuIdle
2026-08-16T14:22:18.8030957-07:00,1909,1297,7001,17.47,43,5,4,0,1646,0x0000000000000001,GpuIdle
2026-08-16T14:22:20.8454726-07:00,1911,1410,7001,18.03,43,5,4,0,1646,0x0000000000000001,GpuIdle
2026-08-16T14:22:22.8890891-07:00,1913.1,1237,7001,17.43,43,6,4,0,1646,0x0000000000000001,GpuIdle
2026-08-16T14:22:24.9354754-07:00,1915.1,1410,7001,18.01,43,6,4,0,1646,0x0000000000000001,GpuIdle
2026-08-16T14:22:26.9865682-07:00,1917.1,1260,7001,17.40,43,5,4,0,1646,0x0000000000000001,GpuIdle
2026-08-16T14:22:29.0328454-07:00,1919.2,1417,7001,17.94,43,5,4,0,1646,0x0000000000000001,GpuIdle
2026-08-16T14:22:31.0815596-07:00,1921.2,1275,7001,17.36,43,5,4,0,1646,0x0000000000000001,GpuIdle
2026-08-16T14:22:33.1219430-07:00,1923.3,1410,7001,17.83,43,5,4,0,1646,0x0000000000000001,GpuIdle
2026-08-16T14:22:35.1713954-07:00,1925.3,1252,7001,17.34,43,6,4,0,1646,0x0000000000000001,GpuIdle
2026-08-16T14:22:37.2203171-07:00,1927.4,1432,7001,17.91,43,6,4,0,1646,0x0000000000000001,GpuIdle
2026-08-16T14:22:39.2666057-07:00,1929.4,1252,7001,17.36,43,5,4,0,1646,0x0000000000000001,GpuIdle
2026-08-16T14:22:41.3164855-07:00,1931.5,1417,7001,17.84,43,6,4,0,1646,0x0000000000000001,GpuIdle
2026-08-16T14:22:43.3585750-07:00,1933.5,1290,7001,17.47,43,5,4,0,1649,0x0000000000000001,GpuIdle
2026-08-16T14:22:45.4019947-07:00,1935.6,1395,7001,17.90,43,7,4,0,1646,0x0000000000000001,GpuIdle
2026-08-16T14:22:47.4417550-07:00,1937.6,1252,7001,17.41,43,6,4,0,1646,0x0000000000000001,GpuIdle
2026-08-16T14:22:49.4848546-07:00,1939.6,1395,7001,17.95,43,6,4,0,1646,0x0000000000000001,GpuIdle
2026-08-16T14:22:51.5304627-07:00,1941.7,1290,7001,17.50,43,5,4,0,1646,0x0000000000000001,GpuIdle
2026-08-16T14:22:53.5747916-07:00,1943.7,1387,7001,17.90,43,6,4,0,1646,0x0000000000000001,GpuIdle
2026-08-16T14:22:55.6255429-07:00,1945.8,1290,7001,17.46,43,5,4,0,1646,0x0000000000000001,GpuIdle
2026-08-16T14:22:57.6759546-07:00,1947.8,1432,7001,17.87,43,6,4,0,1646,0x0000000000000001,GpuIdle
2026-08-16T14:22:59.7256622-07:00,1949.9,1312,7001,17.53,43,5,4,0,1646,0x0000000000000001,GpuIdle
2026-08-16T14:23:01.7667179-07:00,1951.9,1417,7001,17.92,43,5,4,0,1646,0x0000000000000001,GpuIdle
2026-08-16T14:23:03.8139576-07:00,1954,1320,7001,17.51,43,5,4,0,1646,0x0000000000000001,GpuIdle
2026-08-16T14:23:05.8639530-07:00,1956,1425,7001,17.92,43,6,4,0,1646,0x0000000000000001,GpuIdle
2026-08-16T14:23:07.9061028-07:00,1958.1,1245,7001,17.41,43,5,4,0,1646,0x0000000000000001,GpuIdle
2026-08-16T14:23:09.9565731-07:00,1960.1,1417,7001,17.92,43,6,4,0,1646,0x0000000000000001,GpuIdle
2026-08-16T14:23:12.0003589-07:00,1962.2,1282,7001,17.39,43,6,4,0,1646,0x0000000000000001,GpuIdle
2026-08-16T14:23:14.0424474-07:00,1964.2,1410,7001,17.84,43,6,4,0,1646,0x0000000000000001,GpuIdle
2026-08-16T14:23:16.0913590-07:00,1966.3,1305,7001,17.39,43,5,4,0,1646,0x0000000000000001,GpuIdle
2026-08-16T14:23:18.1343600-07:00,1968.3,1395,7001,17.89,43,6,4,0,1646,0x0000000000000001,GpuIdle
2026-08-16T14:23:20.1821946-07:00,1970.3,1260,7001,17.33,43,5,4,0,1646,0x0000000000000001,GpuIdle
2026-08-16T14:23:22.2212825-07:00,1972.4,1402,7001,17.80,43,6,4,0,1646,0x0000000000000001,GpuIdle
2026-08-16T14:23:24.2663780-07:00,1974.4,1290,7001,17.30,43,5,4,0,1646,0x0000000000000001,GpuIdle
2026-08-16T14:23:26.3125386-07:00,1976.5,1417,7001,17.93,43,6,4,0,1646,0x0000000000000001,GpuIdle
2026-08-16T14:23:28.3567112-07:00,1978.5,1260,7001,17.35,43,5,4,0,1646,0x0000000000000001,GpuIdle
2026-08-16T14:23:30.4025916-07:00,1980.6,1395,7001,17.85,43,6,4,0,1646,0x0000000000000001,GpuIdle
2026-08-16T14:23:32.4505799-07:00,1982.6,1252,7001,17.30,43,5,4,0,1646,0x0000000000000001,GpuIdle
2026-08-16T14:23:34.4971092-07:00,1984.7,1395,7001,17.88,43,6,4,0,1646,0x0000000000000001,GpuIdle
2026-08-16T14:23:36.5441738-07:00,1986.7,1267,7001,17.43,43,6,4,0,1646,0x0000000000000001,GpuIdle
2026-08-16T14:23:38.5848589-07:00,1988.7,1372,7001,17.79,43,6,4,0,1646,0x0000000000000001,GpuIdle
2026-08-16T14:23:40.6299424-07:00,1990.8,1267,7001,17.36,43,5,4,0,1646,0x0000000000000001,GpuIdle
2026-08-16T14:23:42.6806606-07:00,1992.8,1417,7001,17.83,43,6,4,0,1646,0x0000000000000001,GpuIdle
2026-08-16T14:23:44.7233298-07:00,1994.9,1290,7001,17.38,43,5,4,0,1649,0x0000000000000001,GpuIdle
2026-08-16T14:23:46.7712475-07:00,1996.9,1432,7001,17.85,43,6,4,0,1646,0x0000000000000001,GpuIdle
2026-08-16T14:23:48.8223379-07:00,1999,1320,7001,17.35,43,5,4,0,1646,0x0000000000000001,GpuIdle
2026-08-16T14:23:50.8693026-07:00,2001,1432,7001,18.01,43,5,4,0,1646,0x0000000000000001,GpuIdle
2026-08-16T14:23:52.9149475-07:00,2003.1,1275,7001,17.36,43,5,4,0,1646,0x0000000000000001,GpuIdle
2026-08-16T14:23:54.9619222-07:00,2005.1,1395,7001,17.82,43,5,4,0,1646,0x0000000000000001,GpuIdle
2026-08-16T14:23:57.0109747-07:00,2007.2,1282,7001,17.42,43,5,4,0,1646,0x0000000000000001,GpuIdle
2026-08-16T14:23:59.0589477-07:00,2009.2,1410,7001,17.83,43,6,4,0,1646,0x0000000000000001,GpuIdle
2026-08-16T14:24:01.0980553-07:00,2011.3,1297,7001,17.43,43,6,4,0,1646,0x0000000000000001,GpuIdle
2026-08-16T14:24:03.1439483-07:00,2013.3,1395,7001,17.93,43,6,4,0,1646,0x0000000000000001,GpuIdle
2026-08-16T14:24:05.1880275-07:00,2015.4,1252,7001,17.29,43,6,4,0,1646,0x0000000000000001,GpuIdle
2026-08-16T14:24:07.2412307-07:00,2017.4,1395,7001,17.86,43,6,4,0,1646,0x0000000000000001,GpuIdle
2026-08-16T14:24:09.2943926-07:00,2019.5,1260,7001,17.31,43,6,4,0,1646,0x0000000000000001,GpuIdle
2026-08-16T14:24:11.3465581-07:00,2021.5,1410,7001,17.82,43,6,4,0,1646,0x0000000000000001,GpuIdle
2026-08-16T14:24:13.3932965-07:00,2023.6,1267,7001,17.32,43,5,4,0,1646,0x0000000000000001,GpuIdle
2026-08-16T14:24:15.4364775-07:00,2025.6,1395,7001,17.83,43,6,4,0,1646,0x0000000000000001,GpuIdle
2026-08-16T14:24:17.4844571-07:00,2027.6,1275,7001,17.44,43,6,4,0,1646,0x0000000000000001,GpuIdle
2026-08-16T14:24:19.5285131-07:00,2029.7,1402,7001,17.87,43,5,4,0,1646,0x0000000000000001,GpuIdle
2026-08-16T14:24:21.5793445-07:00,2031.7,1305,7001,17.39,43,6,4,0,1646,0x0000000000000001,GpuIdle
2026-08-16T14:24:23.6215779-07:00,2033.8,1357,7001,17.69,43,6,4,0,1646,0x0000000000000001,GpuIdle
2026-08-16T14:24:25.6644000-07:00,2035.8,1245,7001,17.35,43,5,4,0,1646,0x0000000000000001,GpuIdle
2026-08-16T14:24:27.7058702-07:00,2037.9,1402,7001,17.77,43,6,4,0,1646,0x0000000000000001,GpuIdle
2026-08-16T14:24:29.7536493-07:00,2039.9,1267,7001,17.42,43,6,4,0,1646,0x0000000000000001,GpuIdle
2026-08-16T14:24:31.8017611-07:00,2042,1402,7001,17.91,43,6,4,0,1646,0x0000000000000001,GpuIdle
2026-08-16T14:24:33.8449505-07:00,2044,1260,7001,17.31,43,5,4,0,1646,0x0000000000000001,GpuIdle
2026-08-16T14:24:35.8928736-07:00,2046.1,1410,7001,17.79,43,5,4,0,1646,0x0000000000000001,GpuIdle
2026-08-16T14:24:37.9307716-07:00,2048.1,1297,7001,17.40,43,5,4,0,1646,0x0000000000000001,GpuIdle
2026-08-16T14:24:39.9706517-07:00,2050.1,1410,7001,17.84,43,5,4,0,1646,0x0000000000000001,GpuIdle
2026-08-16T14:24:42.0238508-07:00,2052.2,1290,7001,17.34,43,5,4,0,1646,0x0000000000000001,GpuIdle
2026-08-16T14:24:44.0679477-07:00,2054.2,1417,7001,17.86,43,5,4,0,1649,0x0000000000000001,GpuIdle
2026-08-16T14:24:46.1129480-07:00,2056.3,1260,7001,17.43,43,5,4,0,1646,0x0000000000000001,GpuIdle
2026-08-16T14:24:48.1639049-07:00,2058.3,1402,7001,18.03,43,5,4,0,1646,0x0000000000000001,GpuIdle
2026-08-16T14:24:50.2080855-07:00,2060.4,1267,7001,17.40,43,6,4,0,1646,0x0000000000000001,GpuIdle
2026-08-16T14:24:52.2510324-07:00,2062.4,1410,7001,17.85,43,6,4,0,1646,0x0000000000000001,GpuIdle
2026-08-16T14:24:54.2920749-07:00,2064.5,1237,7001,17.30,43,6,4,0,1646,0x0000000000000001,GpuIdle
2026-08-16T14:24:56.3410412-07:00,2066.5,1402,7001,17.93,43,6,4,0,1646,0x0000000000000001,GpuIdle
2026-08-16T14:24:58.3843937-07:00,2068.5,1252,7001,17.31,43,6,4,0,1646,0x0000000000000001,GpuIdle
2026-08-16T14:25:00.4295451-07:00,2070.6,1365,7001,17.78,43,6,4,0,1646,0x0000000000000001,GpuIdle
2026-08-16T14:25:02.4833878-07:00,2072.6,1237,7001,17.38,43,5,4,0,1646,0x0000000000000001,GpuIdle
2026-08-16T14:25:04.5212674-07:00,2074.7,1417,7001,17.87,43,6,4,0,1646,0x0000000000000001,GpuIdle
2026-08-16T14:25:06.5650146-07:00,2076.7,1267,7001,17.53,43,6,4,0,1646,0x0000000000000001,GpuIdle
2026-08-16T14:25:08.6089514-07:00,2078.8,1417,7001,17.83,43,6,4,0,1646,0x0000000000000001,GpuIdle
2026-08-16T14:25:10.6523337-07:00,2080.8,1282,7001,17.29,43,5,4,0,1646,0x0000000000000001,GpuIdle
2026-08-16T14:25:12.6958548-07:00,2082.9,1425,7001,17.93,43,5,4,0,1646,0x0000000000000001,GpuIdle
2026-08-16T14:25:14.7482728-07:00,2084.9,1267,7001,17.33,43,5,4,0,1646,0x0000000000000001,GpuIdle
2026-08-16T14:25:16.7935353-07:00,2087,1395,7001,18.01,43,6,4,0,1646,0x0000000000000001,GpuIdle
2026-08-16T14:25:18.8397685-07:00,2089,1290,7001,17.50,43,6,4,0,1646,0x0000000000000001,GpuIdle
2026-08-16T14:25:20.8848614-07:00,2091,1402,7001,17.90,43,5,4,0,1646,0x0000000000000001,GpuIdle
2026-08-16T14:25:22.9304284-07:00,2093.1,1267,7001,17.44,43,5,4,0,1646,0x0000000000000001,GpuIdle
2026-08-16T14:25:24.9746752-07:00,2095.1,1380,7001,17.86,43,5,4,0,1646,0x0000000000000001,GpuIdle
2026-08-16T14:25:27.0212660-07:00,2097.2,1297,7001,17.37,43,5,4,0,1646,0x0000000000000001,GpuIdle
2026-08-16T14:25:29.0744714-07:00,2099.2,1402,7001,17.84,43,5,4,0,1646,0x0000000000000001,GpuIdle
2026-08-16T14:25:31.1277855-07:00,2101.3,1320,7001,17.50,43,5,4,0,1646,0x0000000000000001,GpuIdle
2026-08-16T14:25:33.1665205-07:00,2103.3,1402,7001,17.84,43,6,4,0,1646,0x0000000000000001,GpuIdle
2026-08-16T14:25:35.2099468-07:00,2105.4,1290,7001,17.37,43,6,4,0,1646,0x0000000000000001,GpuIdle
2026-08-16T14:25:37.2565187-07:00,2107.4,1402,7001,17.91,43,6,4,0,1646,0x0000000000000001,GpuIdle
2026-08-16T14:25:39.3049221-07:00,2109.5,1297,7001,17.41,43,5,4,0,1646,0x0000000000000001,GpuIdle
2026-08-16T14:25:41.3471825-07:00,2111.5,1417,7001,17.97,43,6,4,0,1646,0x0000000000000001,GpuIdle
2026-08-16T14:25:43.3910869-07:00,2113.6,1260,7001,17.41,43,6,4,0,1646,0x0000000000000001,GpuIdle
2026-08-16T14:25:45.4433101-07:00,2115.6,1380,7001,17.99,43,6,4,0,1646,0x0000000000000001,GpuIdle
2026-08-16T14:25:47.4863837-07:00,2117.6,1275,7001,17.59,43,6,4,0,1646,0x0000000000000001,GpuIdle
2026-08-16T14:25:49.5275243-07:00,2119.7,1380,7001,17.81,43,6,4,0,1646,0x0000000000000001,GpuIdle
2026-08-16T14:25:51.5722451-07:00,2121.7,1282,7001,17.58,43,6,4,0,1646,0x0000000000000001,GpuIdle
2026-08-16T14:25:53.6183457-07:00,2123.8,1335,7001,17.79,43,6,4,0,1646,0x0000000000000001,GpuIdle
2026-08-16T14:25:55.6644543-07:00,2125.8,1260,7001,17.45,43,6,4,0,1646,0x0000000000000001,GpuIdle
2026-08-16T14:25:57.7134495-07:00,2127.9,1410,7001,17.89,43,6,4,0,1646,0x0000000000000001,GpuIdle
2026-08-16T14:25:59.7573802-07:00,2129.9,1297,7001,17.50,43,6,4,0,1646,0x0000000000000001,GpuIdle
2026-08-16T14:26:01.8019496-07:00,2132,1402,7001,17.86,43,6,4,0,1646,0x0000000000000001,GpuIdle
2026-08-16T14:26:03.8508587-07:00,2134,1275,7001,17.53,43,6,4,0,1646,0x0000000000000001,GpuIdle
2026-08-16T14:26:05.8944582-07:00,2136.1,1365,7001,17.89,43,6,4,0,1646,0x0000000000000001,GpuIdle
2026-08-16T14:26:07.9387657-07:00,2138.1,1245,7001,17.51,43,6,4,0,1646,0x0000000000000001,GpuIdle
2026-08-16T14:26:09.9831501-07:00,2140.1,1380,7001,17.96,43,6,4,0,1646,0x0000000000000001,GpuIdle
2026-08-16T14:26:12.0277268-07:00,2142.2,1297,7001,17.47,43,7,4,0,1646,0x0000000000000001,GpuIdle
2026-08-16T14:26:14.0790053-07:00,2144.2,1380,7001,17.86,43,6,4,0,1646,0x0000000000000001,GpuIdle
2026-08-16T14:26:16.1242315-07:00,2146.3,1282,7001,17.56,43,6,4,0,1646,0x0000000000000001,GpuIdle
2026-08-16T14:26:18.1689743-07:00,2148.3,1372,7001,18.03,43,6,4,0,1646,0x0000000000000001,GpuIdle
2026-08-16T14:26:20.2138921-07:00,2150.4,1260,7001,17.42,43,6,4,0,1646,0x0000000000000001,GpuIdle
2026-08-16T14:26:22.2579479-07:00,2152.4,1410,7001,17.97,43,5,4,0,1646,0x0000000000000001,GpuIdle
2026-08-16T14:26:24.3026272-07:00,2154.5,1275,7001,17.53,43,6,4,0,1646,0x0000000000000001,GpuIdle
2026-08-16T14:26:26.3511700-07:00,2156.5,1380,7001,17.98,43,6,4,0,1646,0x0000000000000001,GpuIdle
2026-08-16T14:26:28.3964212-07:00,2158.6,1267,7001,17.50,43,5,4,0,1646,0x0000000000000001,GpuIdle
2026-08-16T14:26:30.4416545-07:00,2160.6,1395,7001,18.04,43,6,4,0,1646,0x0000000000000001,GpuIdle
2026-08-16T14:26:32.4938209-07:00,2162.7,1267,7001,17.45,43,6,4,0,1646,0x0000000000000001,GpuIdle
2026-08-16T14:26:34.5439875-07:00,2164.7,1380,7001,17.97,43,6,4,0,1646,0x0000000000000001,GpuIdle
2026-08-16T14:26:36.5908953-07:00,2166.8,1267,7001,17.58,43,6,4,0,1646,0x0000000000000001,GpuIdle
2026-08-16T14:26:38.6408064-07:00,2168.8,1372,7001,17.96,43,6,4,0,1646,0x0000000000000001,GpuIdle
2026-08-16T14:26:40.6862457-07:00,2170.8,1245,7001,17.45,43,6,4,0,1646,0x0000000000000001,GpuIdle
2026-08-16T14:26:42.7251046-07:00,2172.9,1410,7001,18.00,43,6,4,0,1646,0x0000000000000001,GpuIdle
2026-08-16T14:26:44.7654251-07:00,2174.9,1290,7001,17.57,43,5,4,0,1646,0x0000000000000001,GpuIdle
2026-08-16T14:26:46.8056663-07:00,2177,1402,7001,18.00,43,6,4,0,1646,0x0000000000000001,GpuIdle
2026-08-16T14:26:48.8498602-07:00,2179,1282,7001,17.45,43,5,4,0,1646,0x0000000000000001,GpuIdle
2026-08-16T14:26:50.8929446-07:00,2181.1,1410,7001,17.90,43,5,4,0,1646,0x0000000000000001,GpuIdle
2026-08-16T14:26:52.9373496-07:00,2183.1,1267,7001,17.48,43,5,4,0,1646,0x0000000000000001,GpuIdle
2026-08-16T14:26:54.9899514-07:00,2185.2,1402,7001,17.85,43,5,4,0,1646,0x0000000000000001,GpuIdle
2026-08-16T14:26:57.0363646-07:00,2187.2,1290,7001,17.56,43,5,4,0,1646,0x0000000000000001,GpuIdle
2026-08-16T14:26:59.0804526-07:00,2189.2,1372,7001,17.80,43,6,4,0,1646,0x0000000000000001,GpuIdle
2026-08-16T14:27:01.1286978-07:00,2191.3,1290,7001,17.66,43,6,4,0,1646,0x0000000000000001,GpuIdle
2026-08-16T14:27:03.1776750-07:00,2193.3,1402,7001,17.98,43,6,4,0,1646,0x0000000000000001,GpuIdle
2026-08-16T14:27:05.2211211-07:00,2195.4,1275,7001,17.51,43,6,4,0,1646,0x0000000000000001,GpuIdle
2026-08-16T14:27:07.2634682-07:00,2197.4,1402,7001,17.97,43,6,4,0,1646,0x0000000000000001,GpuIdle
2026-08-16T14:27:09.3056683-07:00,2199.5,1275,7001,17.34,43,6,4,0,1646,0x0000000000000001,GpuIdle
2026-08-16T14:27:11.3478053-07:00,2201.5,1417,7001,17.85,43,5,4,0,1646,0x0000000000000001,GpuIdle
2026-08-16T14:27:13.3999789-07:00,2203.6,1290,7001,17.51,43,5,4,0,1646,0x0000000000000001,GpuIdle
2026-08-16T14:27:15.4505585-07:00,2205.6,1402,7001,17.86,43,6,4,0,1646,0x0000000000000001,GpuIdle
2026-08-16T14:27:17.4941568-07:00,2207.7,1282,7001,17.45,43,6,4,0,1646,0x0000000000000001,GpuIdle
2026-08-16T14:27:19.5379470-07:00,2209.7,1380,7001,17.82,43,6,4,0,1646,0x0000000000000001,GpuIdle
2026-08-16T14:27:21.5848770-07:00,2211.7,1260,7001,17.46,43,6,4,0,1646,0x0000000000000001,GpuIdle
2026-08-16T14:27:23.6313843-07:00,2213.8,1365,7001,17.99,43,6,4,0,1646,0x0000000000000001,GpuIdle
2026-08-16T14:27:25.6828566-07:00,2215.8,1252,7001,17.50,43,6,4,0,1646,0x0000000000000001,GpuIdle
2026-08-16T14:27:27.7295574-07:00,2217.9,1402,7001,18.06,43,6,4,0,1646,0x0000000000000001,GpuIdle
2026-08-16T14:27:29.7690128-07:00,2219.9,1252,7001,17.50,43,5,4,0,1646,0x0000000000000001,GpuIdle
2026-08-16T14:27:31.8183464-07:00,2222,1395,7001,17.87,43,5,4,0,1646,0x0000000000000001,GpuIdle
2026-08-16T14:27:33.8638384-07:00,2224,1252,7001,17.39,43,5,4,0,1646,0x0000000000000001,GpuIdle
2026-08-16T14:27:35.9095248-07:00,2226.1,1387,7001,17.85,43,5,4,0,1646,0x0000000000000001,GpuIdle
2026-08-16T14:27:37.9564150-07:00,2228.1,1275,7001,17.47,43,5,4,0,1646,0x0000000000000001,GpuIdle
2026-08-16T14:27:40.0009312-07:00,2230.2,1395,7001,17.87,43,5,4,0,1646,0x0000000000000001,GpuIdle
2026-08-16T14:27:42.0488246-07:00,2232.2,1290,7001,17.49,43,5,4,0,1646,0x0000000000000001,GpuIdle
2026-08-16T14:27:44.1022559-07:00,2234.3,1372,7001,17.79,43,5,4,0,1646,0x0000000000000001,GpuIdle
2026-08-16T14:27:46.1521715-07:00,2236.3,1275,7001,17.59,43,5,4,0,1646,0x0000000000000001,GpuIdle
2026-08-16T14:27:48.1943345-07:00,2238.4,1410,7001,17.74,43,6,4,0,1646,0x0000000000000001,GpuIdle
2026-08-16T14:27:50.2433936-07:00,2240.4,1290,7001,17.39,43,6,4,0,1646,0x0000000000000001,GpuIdle
2026-08-16T14:27:52.2855765-07:00,2242.4,1402,7001,17.93,43,6,4,0,1646,0x0000000000000001,GpuIdle
2026-08-16T14:27:54.3281750-07:00,2244.5,1297,7001,17.55,43,6,4,0,1646,0x0000000000000001,GpuIdle
2026-08-16T14:27:56.3743356-07:00,2246.5,1380,7001,17.89,43,6,4,0,1646,0x0000000000000001,GpuIdle
2026-08-16T14:27:58.4211663-07:00,2248.6,1320,7001,17.43,43,5,4,0,1646,0x0000000000000001,GpuIdle
2026-08-16T14:28:00.4676506-07:00,2250.6,1395,7001,17.86,43,6,4,0,1646,0x0000000000000001,GpuIdle
2026-08-16T14:28:02.5129363-07:00,2252.7,1305,7001,17.55,43,5,4,0,1646,0x0000000000000001,GpuIdle
2026-08-16T14:28:04.5610028-07:00,2254.7,1432,7001,17.98,43,6,4,0,1646,0x0000000000000001,GpuIdle
2026-08-16T14:28:06.6017006-07:00,2256.8,1312,7001,17.59,43,5,4,0,1646,0x0000000000000001,GpuIdle
2026-08-16T14:28:08.6557197-07:00,2258.8,1402,7001,17.90,43,6,4,0,1646,0x0000000000000001,GpuIdle
2026-08-16T14:28:10.7028447-07:00,2260.9,1275,7001,17.48,43,5,4,0,1646,0x0000000000000001,GpuIdle
2026-08-16T14:28:12.7479997-07:00,2262.9,1425,7001,17.93,43,5,4,0,1646,0x0000000000000001,GpuIdle
2026-08-16T14:28:14.7951446-07:00,2265,1275,7001,17.50,43,5,4,0,1646,0x0000000000000001,GpuIdle
2026-08-16T14:28:16.8480847-07:00,2267,1402,7001,17.93,43,6,4,0,1646,0x0000000000000001,GpuIdle
2026-08-16T14:28:18.8970013-07:00,2269.1,1267,7001,17.59,43,6,4,0,1646,0x0000000000000001,GpuIdle
2026-08-16T14:28:20.9462583-07:00,2271.1,1395,7001,18.02,43,6,4,0,1646,0x0000000000000001,GpuIdle
2026-08-16T14:28:22.9948789-07:00,2273.2,1267,7001,17.50,43,5,4,0,1646,0x0000000000000001,GpuIdle
2026-08-16T14:28:25.0482472-07:00,2275.2,1410,7001,18.01,43,5,4,0,1646,0x0000000000000001,GpuIdle
2026-08-16T14:28:27.0940057-07:00,2277.3,1282,7001,17.52,43,5,4,0,1646,0x0000000000000001,GpuIdle
2026-08-16T14:28:29.1348538-07:00,2279.3,1372,7001,17.78,43,5,4,0,1646,0x0000000000000001,GpuIdle
2026-08-16T14:28:31.1731565-07:00,2281.3,1275,7001,17.34,43,5,4,0,1646,0x0000000000000001,GpuIdle
2026-08-16T14:28:33.2234671-07:00,2283.4,1402,7001,17.97,43,6,4,0,1646,0x0000000000000001,GpuIdle
2026-08-16T14:28:35.2753341-07:00,2285.4,1260,7001,17.48,43,5,4,0,1646,0x0000000000000001,GpuIdle
2026-08-16T14:28:37.3249143-07:00,2287.5,1425,7001,17.99,43,5,4,0,1646,0x0000000000000001,GpuIdle
2026-08-16T14:28:39.3699724-07:00,2289.5,1275,7001,17.58,43,5,4,0,1646,0x0000000000000001,GpuIdle
2026-08-16T14:28:41.4117477-07:00,2291.6,1387,7001,17.88,43,6,4,0,1646,0x0000000000000001,GpuIdle
2026-08-16T14:28:43.4514952-07:00,2293.6,1297,7001,17.60,43,6,4,0,1646,0x0000000000000001,GpuIdle
2026-08-16T14:28:45.4955055-07:00,2295.7,1372,7001,17.96,43,6,4,0,1646,0x0000000000000001,GpuIdle
2026-08-16T14:28:47.5407065-07:00,2297.7,1297,7001,17.57,43,5,4,0,1646,0x0000000000000001,GpuIdle
2026-08-16T14:28:49.5855622-07:00,2299.7,1372,7001,17.76,43,6,4,0,1646,0x0000000000000001,GpuIdle
2026-08-16T14:28:51.6265491-07:00,2301.8,1297,7001,17.61,43,6,4,0,1646,0x0000000000000001,GpuIdle
2026-08-16T14:28:53.6742897-07:00,2303.8,1402,7001,17.85,43,5,4,0,1646,0x0000000000000001,GpuIdle
2026-08-16T14:28:55.7180142-07:00,2305.9,1282,7001,17.40,43,5,4,0,1646,0x0000000000000001,GpuIdle
2026-08-16T14:28:57.7608083-07:00,2307.9,1395,7001,17.90,43,5,4,0,1646,0x0000000000000001,GpuIdle
2026-08-16T14:28:59.8079529-07:00,2310,1282,7001,17.53,43,5,4,0,1646,0x0000000000000001,GpuIdle
2026-08-16T14:29:01.8567832-07:00,2312,1365,7001,17.91,43,5,4,0,1646,0x0000000000000001,GpuIdle
2026-08-16T14:29:03.9088664-07:00,2314.1,1275,7001,17.56,43,5,4,0,1646,0x0000000000000001,GpuIdle
2026-08-16T14:29:05.9538206-07:00,2316.1,1395,7001,17.91,43,5,4,0,1646,0x0000000000000001,GpuIdle
2026-08-16T14:29:08.0008619-07:00,2318.2,1267,7001,17.49,43,5,4,0,1646,0x0000000000000001,GpuIdle
2026-08-16T14:29:10.0480718-07:00,2320.2,1357,7001,18.05,43,6,4,0,1646,0x0000000000000001,GpuIdle
2026-08-16T14:29:12.0902593-07:00,2322.3,1267,7001,17.59,43,6,4,0,1646,0x0000000000000001,GpuIdle
2026-08-16T14:29:14.1401259-07:00,2324.3,1357,7001,17.93,43,6,4,0,1646,0x0000000000000001,GpuIdle
2026-08-16T14:29:16.1904309-07:00,2326.4,1252,7001,17.50,43,5,4,0,1646,0x0000000000000001,GpuIdle
2026-08-16T14:29:18.2351162-07:00,2328.4,1417,7001,17.98,43,6,4,0,1646,0x0000000000000001,GpuIdle
2026-08-16T14:29:20.2794792-07:00,2330.4,1275,7001,17.53,43,5,4,0,1646,0x0000000000000001,GpuIdle
2026-08-16T14:29:22.3201066-07:00,2332.5,1410,7001,18.02,43,5,4,0,1646,0x0000000000000001,GpuIdle
2026-08-16T14:29:24.3651976-07:00,2334.5,1297,7001,17.70,43,5,4,0,1646,0x0000000000000001,GpuIdle
2026-08-16T14:29:26.4036531-07:00,2336.6,1417,7001,17.92,43,6,4,0,1646,0x0000000000000001,GpuIdle
2026-08-16T14:29:28.4464363-07:00,2338.6,1305,7001,17.70,43,5,4,0,1646,0x0000000000000001,GpuIdle
2026-08-16T14:29:30.4873718-07:00,2340.6,1432,7001,17.99,43,5,4,0,1646,0x0000000000000001,GpuIdle
2026-08-16T14:29:32.5335681-07:00,2342.7,1305,7001,17.65,43,5,4,0,1646,0x0000000000000001,GpuIdle
2026-08-16T14:29:34.5927191-07:00,2344.8,1350,7001,17.89,43,6,4,0,1646,0x0000000000000001,GpuIdle
2026-08-16T14:29:36.6328368-07:00,2346.8,1312,7001,17.75,43,6,4,0,1646,0x0000000000000001,GpuIdle
2026-08-16T14:29:38.6774465-07:00,2348.8,1387,7001,17.92,43,5,4,0,1646,0x0000000000000001,GpuIdle
2026-08-16T14:29:40.7227053-07:00,2350.9,1275,7001,17.57,43,5,4,0,1646,0x0000000000000001,GpuIdle
2026-08-16T14:29:42.7674607-07:00,2352.9,1395,7001,18.13,43,5,4,0,1646,0x0000000000000001,GpuIdle
2026-08-16T14:29:44.8125475-07:00,2355,1305,7001,17.63,43,5,4,0,1646,0x0000000000000001,GpuIdle
2026-08-16T14:29:46.8549449-07:00,2357,1395,7001,17.92,43,5,4,0,1646,0x0000000000000001,GpuIdle
2026-08-16T14:29:48.9087556-07:00,2359.1,1305,7001,17.65,43,5,4,0,1646,0x0000000000000001,GpuIdle
2026-08-16T14:29:50.9476647-07:00,2361.1,1410,7001,18.01,43,5,4,0,1646,0x0000000000000001,GpuIdle
2026-08-16T14:29:52.9986831-07:00,2363.2,1275,7001,17.48,43,5,4,0,1646,0x0000000000000001,GpuIdle
2026-08-16T14:29:55.0410127-07:00,2365.2,1365,7001,18.00,43,5,4,0,1646,0x0000000000000001,GpuIdle
2026-08-16T14:29:57.0828450-07:00,2367.2,1275,7001,17.70,43,5,4,0,1646,0x0000000000000001,GpuIdle
2026-08-16T14:29:59.1337930-07:00,2369.3,1380,7001,17.98,43,6,4,0,1646,0x0000000000000001,GpuIdle
2026-08-16T14:30:01.1810909-07:00,2371.3,1275,7001,17.64,43,6,4,0,1646,0x0000000000000001,GpuIdle
2026-08-16T14:30:03.2338575-07:00,2373.4,1395,7001,18.07,43,6,4,0,1646,0x0000000000000001,GpuIdle
2026-08-16T14:30:05.2752687-07:00,2375.4,1312,7001,17.65,43,5,4,0,1646,0x0000000000000001,GpuIdle
2026-08-16T14:30:07.3199499-07:00,2377.5,1380,7001,18.12,43,5,4,0,1646,0x0000000000000001,GpuIdle
2026-08-16T14:30:09.3720893-07:00,2379.5,1260,7001,17.64,43,5,4,0,1646,0x0000000000000001,GpuIdle
2026-08-16T14:30:11.4204667-07:00,2381.6,1425,7001,17.96,43,6,4,0,1646,0x0000000000000001,GpuIdle
2026-08-16T14:30:13.4667859-07:00,2383.6,1290,7001,17.57,43,5,4,0,1646,0x0000000000000001,GpuIdle
2026-08-16T14:30:15.5126699-07:00,2385.7,1425,7001,18.03,43,6,4,0,1646,0x0000000000000001,GpuIdle
2026-08-16T14:30:17.5515830-07:00,2387.7,1327,7001,17.68,43,6,4,0,1646,0x0000000000000001,GpuIdle
2026-08-16T14:30:19.5948367-07:00,2389.8,1395,7001,17.91,43,6,4,0,1646,0x0000000000000001,GpuIdle
2026-08-16T14:30:21.6385986-07:00,2391.8,1312,7001,17.61,43,6,4,0,1646,0x0000000000000001,GpuIdle
2026-08-16T14:30:23.6884884-07:00,2393.9,1387,7001,17.94,43,6,4,0,1646,0x0000000000000001,GpuIdle
2026-08-16T14:30:25.7345540-07:00,2395.9,1282,7001,17.47,43,6,4,0,1646,0x0000000000000001,GpuIdle
2026-08-16T14:30:27.7793260-07:00,2397.9,1395,7001,17.87,43,6,4,0,1646,0x0000000000000001,GpuIdle
2026-08-16T14:30:29.8217904-07:00,2400,1282,7001,17.54,43,5,4,0,1646,0x0000000000000001,GpuIdle
2026-08-16T14:30:31.8691625-07:00,2402,1365,7001,17.90,43,5,4,0,1646,0x0000000000000001,GpuIdle
2026-08-16T14:30:33.9127969-07:00,2404.1,1290,7001,17.58,43,5,4,0,1646,0x0000000000000001,GpuIdle
2026-08-16T14:30:35.9619565-07:00,2406.1,1372,7001,17.89,43,5,4,0,1646,0x0000000000000001,GpuIdle
2026-08-16T14:30:37.9998948-07:00,2408.2,1305,7001,17.52,43,5,4,0,1646,0x0000000000000001,GpuIdle
2026-08-16T14:30:40.0389480-07:00,2410.2,1380,7001,17.84,43,5,4,0,1646,0x0000000000000001,GpuIdle
2026-08-16T14:30:42.0905386-07:00,2412.3,1312,7001,17.61,43,5,4,0,1646,0x0000000000000001,GpuIdle
2026-08-16T14:30:44.1399497-07:00,2414.3,1365,7001,17.80,43,5,4,0,1646,0x0000000000000001,GpuIdle
2026-08-16T14:30:46.1797189-07:00,2416.3,1282,7001,17.43,43,5,4,0,1646,0x0000000000000001,GpuIdle
2026-08-16T14:30:48.2304648-07:00,2418.4,1395,7001,17.88,43,6,4,0,1646,0x0000000000000001,GpuIdle
2026-08-16T14:30:50.2751321-07:00,2420.4,1267,7001,17.40,43,6,4,0,1646,0x0000000000000001,GpuIdle
2026-08-16T14:30:52.3189275-07:00,2422.5,1417,7001,17.95,43,6,4,0,1646,0x0000000000000001,GpuIdle
2026-08-16T14:30:54.3670856-07:00,2424.5,1282,7001,17.53,43,6,4,0,1646,0x0000000000000001,GpuIdle
2026-08-16T14:30:56.4091114-07:00,2426.6,1380,7001,17.93,43,6,4,0,1646,0x0000000000000001,GpuIdle
2026-08-16T14:30:58.4692528-07:00,2428.6,1282,7001,17.59,43,5,4,0,1646,0x0000000000000001,GpuIdle
2026-08-16T14:31:00.5217424-07:00,2430.7,1387,7001,18.01,43,6,4,0,1646,0x0000000000000001,GpuIdle
2026-08-16T14:31:02.5605192-07:00,2432.7,1342,7001,17.68,43,6,4,0,1646,0x0000000000000001,GpuIdle
2026-08-16T14:31:04.6116411-07:00,2434.8,1417,7001,17.90,43,6,4,0,1646,0x0000000000000001,GpuIdle
2026-08-16T14:31:06.6546459-07:00,2436.8,1335,7001,17.68,43,6,4,0,1646,0x0000000000000001,GpuIdle
2026-08-16T14:31:08.7034730-07:00,2438.9,1410,7001,17.94,43,5,4,0,1646,0x0000000000000001,GpuIdle
2026-08-16T14:31:10.7460506-07:00,2440.9,1275,7001,17.52,43,5,4,0,1646,0x0000000000000001,GpuIdle
2026-08-16T14:31:12.7915795-07:00,2443,1380,7001,18.02,43,5,4,0,1646,0x0000000000000001,GpuIdle
2026-08-16T14:31:14.8348469-07:00,2445,1267,7001,17.72,43,5,4,0,1646,0x0000000000000001,GpuIdle
2026-08-16T14:31:16.8765394-07:00,2447,1365,7001,17.93,43,6,4,0,1646,0x0000000000000001,GpuIdle
2026-08-16T14:31:18.9208583-07:00,2449.1,1282,7001,17.85,43,6,4,0,1646,0x0000000000000001,GpuIdle
2026-08-16T14:31:20.9663642-07:00,2451.1,1395,7001,17.88,43,5,4,0,1646,0x0000000000000001,GpuIdle
2026-08-16T14:31:23.0136962-07:00,2453.2,1297,7001,17.58,43,5,4,0,1646,0x0000000000000001,GpuIdle
2026-08-16T14:31:25.0587540-07:00,2455.2,1402,7001,17.83,43,5,4,0,1646,0x0000000000000001,GpuIdle
2026-08-16T14:31:27.1108351-07:00,2457.3,1312,7001,17.63,43,5,4,0,1646,0x0000000000000001,GpuIdle
2026-08-16T14:31:29.1516555-07:00,2459.3,1372,7001,17.84,43,5,4,0,1646,0x0000000000000001,GpuIdle
2026-08-16T14:31:31.1939479-07:00,2461.4,1290,7001,17.56,43,5,4,0,1646,0x0000000000000001,GpuIdle
2026-08-16T14:31:33.2407357-07:00,2463.4,1402,7001,18.00,43,5,4,0,1646,0x0000000000000001,GpuIdle
2026-08-16T14:31:35.2816792-07:00,2465.4,1335,7001,17.60,43,6,4,0,1646,0x0000000000000001,GpuIdle
2026-08-16T14:31:37.3309006-07:00,2467.5,1380,7001,17.85,43,6,4,0,1646,0x0000000000000001,GpuIdle
2026-08-16T14:31:39.3789542-07:00,2469.5,1312,7001,17.65,43,6,4,0,1646,0x0000000000000001,GpuIdle
2026-08-16T14:31:41.4228874-07:00,2471.6,1410,7001,17.98,43,6,4,0,1646,0x0000000000000001,GpuIdle
2026-08-16T14:31:43.4691122-07:00,2473.6,1282,7001,17.66,43,6,4,0,1646,0x0000000000000001,GpuIdle
2026-08-16T14:31:45.5167653-07:00,2475.7,1365,7001,18.06,43,6,4,0,1646,0x0000000000000001,GpuIdle
2026-08-16T14:31:47.5678570-07:00,2477.7,1290,7001,17.73,43,6,4,0,1646,0x0000000000000001,GpuIdle
2026-08-16T14:31:49.6187663-07:00,2479.8,1350,7001,18.01,43,6,4,0,1646,0x0000000000000001,GpuIdle
2026-08-16T14:31:51.6630691-07:00,2481.8,1275,7001,17.73,43,6,4,0,1646,0x0000000000000001,GpuIdle
2026-08-16T14:31:53.7121638-07:00,2483.9,1380,7001,18.05,43,5,4,0,1646,0x0000000000000001,GpuIdle
2026-08-16T14:31:55.7602301-07:00,2485.9,1252,7001,17.67,43,5,4,0,1646,0x0000000000000001,GpuIdle
2026-08-16T14:31:57.8053317-07:00,2488,1387,7001,18.07,43,5,4,0,1646,0x0000000000000001,GpuIdle
2026-08-16T14:31:59.8505196-07:00,2490,1282,7001,17.60,43,5,4,0,1646,0x0000000000000001,GpuIdle
2026-08-16T14:32:01.8927669-07:00,2492.1,1365,7001,18.00,43,6,4,0,1646,0x0000000000000001,GpuIdle
2026-08-16T14:32:03.9366745-07:00,2494.1,1312,7001,17.76,43,5,4,0,1646,0x0000000000000001,GpuIdle
2026-08-16T14:32:05.9814283-07:00,2496.1,1365,7001,18.03,43,5,4,0,1646,0x0000000000000001,GpuIdle
2026-08-16T14:32:08.0243233-07:00,2498.2,1282,7001,17.88,43,6,4,0,1646,0x0000000000000001,GpuIdle
2026-08-16T14:32:10.0717456-07:00,2500.2,1350,7001,17.95,43,6,4,0,1646,0x0000000000000001,GpuIdle
2026-08-16T14:32:12.1160118-07:00,2502.3,1297,7001,17.80,43,5,4,0,1646,0x0000000000000001,GpuIdle
2026-08-16T14:32:14.1617206-07:00,2504.3,1357,7001,17.87,43,5,4,0,1646,0x0000000000000001,GpuIdle
2026-08-16T14:32:16.2019473-07:00,2506.4,1282,7001,17.66,43,5,4,0,1646,0x0000000000000001,GpuIdle
2026-08-16T14:32:18.2447328-07:00,2508.4,1395,7001,17.98,43,6,4,0,1646,0x0000000000000001,GpuIdle
2026-08-16T14:32:20.2929503-07:00,2510.5,1297,7001,17.62,43,6,4,0,1646,0x0000000000000001,GpuIdle
2026-08-16T14:32:22.3376055-07:00,2512.5,1417,7001,17.92,43,5,4,0,1646,0x0000000000000001,GpuIdle
2026-08-16T14:32:24.3799616-07:00,2514.5,1327,7001,17.51,43,5,4,0,1646,0x0000000000000001,GpuIdle
2026-08-16T14:32:26.4198652-07:00,2516.6,1417,7001,17.96,43,6,4,0,1646,0x0000000000000001,GpuIdle
2026-08-16T14:32:28.4720011-07:00,2518.6,1305,7001,17.66,43,6,4,0,1646,0x0000000000000001,GpuIdle
2026-08-16T14:32:30.5175754-07:00,2520.7,1395,7001,18.02,43,6,4,0,1646,0x0000000000000001,GpuIdle
2026-08-16T14:32:32.5651925-07:00,2522.7,1290,7001,17.82,43,6,4,0,1646,0x0000000000000001,GpuIdle
2026-08-16T14:32:34.6060935-07:00,2524.8,1380,7001,18.09,43,6,4,0,1646,0x0000000000000001,GpuIdle
2026-08-16T14:32:36.6561224-07:00,2526.8,1297,7001,17.83,43,6,4,0,1646,0x0000000000000001,GpuIdle
2026-08-16T14:32:38.7049472-07:00,2528.9,1387,7001,18.16,43,5,4,0,1646,0x0000000000000001,GpuIdle
2026-08-16T14:32:40.7579501-07:00,2530.9,1252,7001,17.72,43,5,4,0,1646,0x0000000000000001,GpuIdle
2026-08-16T14:32:42.8020593-07:00,2533,1380,7001,18.06,43,5,4,0,1646,0x0000000000000001,GpuIdle
2026-08-16T14:32:44.8513104-07:00,2535,1237,7001,17.76,43,5,4,0,1646,0x0000000000000001,GpuIdle
2026-08-16T14:32:46.8941386-07:00,2537.1,1402,7001,18.04,43,6,4,0,1646,0x0000000000000001,GpuIdle
2026-08-16T14:32:48.9449787-07:00,2539.1,1290,7001,17.75,43,5,4,0,1646,0x0000000000000001,GpuIdle
2026-08-16T14:32:50.9904680-07:00,2541.2,1357,7001,17.98,43,5,4,0,1646,0x0000000000000001,GpuIdle
2026-08-16T14:32:53.0334658-07:00,2543.2,1297,7001,17.80,43,5,4,0,1646,0x0000000000000001,GpuIdle
2026-08-16T14:32:55.0802243-07:00,2545.2,1387,7001,18.01,43,5,4,0,1646,0x0000000000000001,GpuIdle
2026-08-16T14:32:57.1223741-07:00,2547.3,1305,7001,17.84,43,5,4,0,1646,0x0000000000000001,GpuIdle
2026-08-16T14:32:59.1688617-07:00,2549.3,1357,7001,18.05,43,5,4,0,1646,0x0000000000000001,GpuIdle
2026-08-16T14:33:01.2168573-07:00,2551.4,1260,7001,17.73,43,6,4,0,1646,0x0000000000000001,GpuIdle
2026-08-16T14:33:03.2605483-07:00,2553.4,1372,7001,18.03,43,7,4,0,1646,0x0000000000000001,GpuIdle
2026-08-16T14:33:05.3086701-07:00,2555.5,1290,7001,17.72,43,6,4,0,1646,0x0000000000000001,GpuIdle
2026-08-16T14:33:07.3605540-07:00,2557.5,1350,7001,18.06,43,7,4,0,1646,0x0000000000000001,GpuIdle
2026-08-16T14:33:09.4069441-07:00,2559.6,1342,7001,17.80,43,6,4,0,1646,0x0000000000000001,GpuIdle
2026-08-16T14:33:11.4526599-07:00,2561.6,1350,7001,17.91,43,6,4,0,1646,0x0000000000000001,GpuIdle
2026-08-16T14:33:13.4979632-07:00,2563.7,1282,7001,17.66,43,6,4,0,1646,0x0000000000000001,GpuIdle
2026-08-16T14:33:15.5485399-07:00,2565.7,1387,7001,17.99,43,6,4,0,1646,0x0000000000000001,GpuIdle
2026-08-16T14:33:17.5910257-07:00,2567.8,1297,7001,17.66,43,6,4,0,1646,0x0000000000000001,GpuIdle
2026-08-16T14:33:19.6289476-07:00,2569.8,1380,7001,17.96,43,6,4,0,1646,0x0000000000000001,GpuIdle
2026-08-16T14:33:21.6779945-07:00,2571.8,1335,7001,17.88,43,6,4,0,1646,0x0000000000000001,GpuIdle
2026-08-16T14:33:23.7188587-07:00,2573.9,1402,7001,18.00,43,5,4,0,1646,0x0000000000000001,GpuIdle
2026-08-16T14:33:25.7670942-07:00,2575.9,1267,7001,17.54,43,5,4,0,1646,0x0000000000000001,GpuIdle
2026-08-16T14:33:27.8130213-07:00,2578,1410,7001,18.01,43,5,4,0,1646,0x0000000000000001,GpuIdle
2026-08-16T14:33:29.8609516-07:00,2580,1252,7001,17.67,43,5,4,0,1646,0x0000000000000001,GpuIdle
2026-08-16T14:33:31.9095357-07:00,2582.1,1380,7001,17.93,43,6,4,0,1646,0x0000000000000001,GpuIdle
2026-08-16T14:33:33.9580489-07:00,2584.1,1267,7001,17.61,43,6,4,0,1646,0x0000000000000001,GpuIdle
2026-08-16T14:33:36.0033115-07:00,2586.2,1372,7001,17.98,43,6,4,0,1646,0x0000000000000001,GpuIdle
2026-08-16T14:33:38.0500526-07:00,2588.2,1290,7001,17.68,43,5,4,0,1646,0x0000000000000001,GpuIdle
2026-08-16T14:33:40.1001756-07:00,2590.3,1372,7001,17.97,43,5,4,0,1646,0x0000000000000001,GpuIdle
2026-08-16T14:33:42.1484496-07:00,2592.3,1327,7001,17.72,43,5,4,0,1646,0x0000000000000001,GpuIdle
2026-08-16T14:33:44.1943969-07:00,2594.4,1357,7001,17.79,43,5,4,0,1646,0x0000000000000001,GpuIdle
2026-08-16T14:33:46.2382307-07:00,2596.4,1260,7001,17.55,43,6,4,0,1646,0x0000000000000001,GpuIdle
2026-08-16T14:33:48.2897456-07:00,2598.5,1380,7001,17.94,43,6,4,0,1646,0x0000000000000001,GpuIdle
2026-08-16T14:33:50.3362875-07:00,2600.5,1290,7001,17.66,43,6,4,0,1646,0x0000000000000001,GpuIdle
2026-08-16T14:33:52.3792070-07:00,2602.5,1387,7001,17.92,43,6,4,0,1646,0x0000000000000001,GpuIdle
2026-08-16T14:33:54.4235697-07:00,2604.6,1290,7001,17.65,43,6,4,0,1646,0x0000000000000001,GpuIdle
2026-08-16T14:33:56.4693177-07:00,2606.6,1372,7001,17.87,43,7,4,0,1646,0x0000000000000001,GpuIdle
2026-08-16T14:33:58.5084874-07:00,2608.7,1297,7001,17.71,43,7,4,0,1646,0x0000000000000001,GpuIdle
2026-08-16T14:34:00.5569249-07:00,2610.7,1365,7001,17.84,43,6,4,0,1646,0x0000000000000001,GpuIdle
2026-08-16T14:34:02.6004402-07:00,2612.8,1327,7001,17.75,43,6,4,0,1646,0x0000000000000001,GpuIdle
2026-08-16T14:34:04.6413072-07:00,2614.8,1342,7001,17.72,43,6,4,0,1646,0x0000000000000001,GpuIdle
2026-08-16T14:34:06.6888684-07:00,2616.9,1320,7001,17.65,43,6,4,0,1646,0x0000000000000001,GpuIdle
2026-08-16T14:34:08.7377598-07:00,2618.9,1387,7001,17.89,43,5,4,0,1646,0x0000000000000001,GpuIdle
2026-08-16T14:34:10.7827685-07:00,2620.9,1267,7001,17.51,43,5,4,0,1646,0x0000000000000001,GpuIdle
2026-08-16T14:34:12.8336416-07:00,2623,1402,7001,17.91,43,5,4,0,1646,0x0000000000000001,GpuIdle
2026-08-16T14:34:14.8819933-07:00,2625,1290,7001,17.56,43,5,4,0,1646,0x0000000000000001,GpuIdle
2026-08-16T14:34:16.9408638-07:00,2627.1,1380,7001,17.81,43,5,4,0,1646,0x0000000000000001,GpuIdle
2026-08-16T14:34:18.9849765-07:00,2629.1,1305,7001,17.57,43,5,4,0,1646,0x0000000000000001,GpuIdle
2026-08-16T14:34:21.0302565-07:00,2631.2,1357,7001,17.75,43,5,4,0,1646,0x0000000000000001,GpuIdle
2026-08-16T14:34:23.0842934-07:00,2633.2,1290,7001,17.57,43,6,4,0,1646,0x0000000000000001,GpuIdle
2026-08-16T14:34:25.1292020-07:00,2635.3,1380,7001,17.85,43,6,4,0,1646,0x0000000000000001,GpuIdle
2026-08-16T14:34:27.1729209-07:00,2637.3,1327,7001,17.70,43,5,4,0,1646,0x0000000000000001,GpuIdle
2026-08-16T14:34:29.2156899-07:00,2639.4,1372,7001,17.93,43,6,4,0,1646,0x0000000000000001,GpuIdle
2026-08-16T14:34:31.2617007-07:00,2641.4,1275,7001,17.50,43,6,4,0,1646,0x0000000000000001,GpuIdle
2026-08-16T14:34:33.3093530-07:00,2643.5,1387,7001,17.89,43,7,4,0,1646,0x0000000000000001,GpuIdle
2026-08-16T14:34:35.3544398-07:00,2645.5,1290,7001,17.63,43,6,4,0,1646,0x0000000000000001,GpuIdle
2026-08-16T14:34:37.3957617-07:00,2647.6,1350,7001,17.92,43,6,4,0,1646,0x0000000000000001,GpuIdle
2026-08-16T14:34:39.4375939-07:00,2649.6,1312,7001,17.64,43,6,4,0,1646,0x0000000000000001,GpuIdle
2026-08-16T14:34:41.4833762-07:00,2651.6,1357,7001,17.72,43,6,4,0,1646,0x0000000000000001,GpuIdle
2026-08-16T14:34:43.5360978-07:00,2653.7,1282,7001,17.47,43,6,4,0,1646,0x0000000000000001,GpuIdle
2026-08-16T14:34:45.5879470-07:00,2655.8,1312,7001,17.70,43,7,4,0,1646,0x0000000000000001,GpuIdle
2026-08-16T14:34:47.6274208-07:00,2657.8,1327,7001,17.90,43,6,4,0,1646,0x0000000000000001,GpuIdle
2026-08-16T14:34:49.6709574-07:00,2659.8,1335,7001,17.80,43,6,4,0,1646,0x0000000000000001,GpuIdle
2026-08-16T14:34:51.7154711-07:00,2661.9,1275,7001,17.59,43,5,4,0,1646,0x0000000000000001,GpuIdle
2026-08-16T14:34:53.7686248-07:00,2663.9,1387,7001,17.93,43,5,4,0,1646,0x0000000000000001,GpuIdle
2026-08-16T14:34:55.8119674-07:00,2666,1312,7001,17.57,43,5,4,0,1646,0x0000000000000001,GpuIdle
2026-08-16T14:34:57.8508304-07:00,2668,1372,7001,17.89,43,5,4,0,1646,0x0000000000000001,GpuIdle
2026-08-16T14:34:59.8957443-07:00,2670.1,1305,7001,17.58,43,5,4,0,1646,0x0000000000000001,GpuIdle
2026-08-16T14:35:01.9449019-07:00,2672.1,1350,7001,17.83,43,5,4,0,1646,0x0000000000000001,GpuIdle
2026-08-16T14:35:03.9917474-07:00,2674.2,1305,7001,17.64,43,5,4,0,1646,0x0000000000000001,GpuIdle
2026-08-16T14:35:06.0377336-07:00,2676.2,1402,7001,18.05,43,5,4,0,1646,0x0000000000000001,GpuIdle
2026-08-16T14:35:08.0879033-07:00,2678.3,1312,7001,17.71,43,5,4,0,1646,0x0000000000000001,GpuIdle
2026-08-16T14:35:10.1324049-07:00,2680.3,1350,7001,17.87,43,5,4,0,1646,0x0000000000000001,GpuIdle
2026-08-16T14:35:12.1739306-07:00,2682.3,1290,7001,17.63,43,6,4,0,1646,0x0000000000000001,GpuIdle
2026-08-16T14:35:14.2209467-07:00,2684.4,1387,7001,17.98,43,6,4,0,1646,0x0000000000000001,GpuIdle
2026-08-16T14:35:16.2687391-07:00,2686.4,1267,7001,17.58,43,6,4,0,1646,0x0000000000000001,GpuIdle
2026-08-16T14:35:18.3169845-07:00,2688.5,1402,7001,18.02,43,6,4,0,1646,0x0000000000000001,GpuIdle
2026-08-16T14:35:20.3634235-07:00,2690.5,1312,7001,17.70,43,6,4,0,1646,0x0000000000000001,GpuIdle
2026-08-16T14:35:22.4054429-07:00,2692.6,1387,7001,17.99,43,6,4,0,1646,0x0000000000000001,GpuIdle
2026-08-16T14:35:24.4470615-07:00,2694.6,1305,7001,17.72,43,6,4,0,1646,0x0000000000000001,GpuIdle
2026-08-16T14:35:26.4912145-07:00,2696.7,1372,7001,17.98,43,6,4,0,1646,0x0000000000000001,GpuIdle
2026-08-16T14:35:28.5384728-07:00,2698.7,1305,7001,17.75,43,6,4,0,1646,0x0000000000000001,GpuIdle
2026-08-16T14:35:30.5909521-07:00,2700.8,1365,7001,17.90,43,6,4,0,1646,0x0000000000000001,GpuIdle
2026-08-16T14:35:32.6343864-07:00,2702.8,1327,7001,17.67,43,6,4,0,1646,0x0000000000000001,GpuIdle
2026-08-16T14:35:34.6768644-07:00,2704.8,1350,7001,17.87,43,6,4,0,1646,0x0000000000000001,GpuIdle
2026-08-16T14:35:36.7254585-07:00,2706.9,1275,7001,17.67,43,6,4,0,1646,0x0000000000000001,GpuIdle
2026-08-16T14:35:38.7717454-07:00,2708.9,1395,7001,18.01,43,6,4,0,1646,0x0000000000000001,GpuIdle
2026-08-16T14:35:40.8178543-07:00,2711,1312,7001,17.74,43,5,4,0,1646,0x0000000000000001,GpuIdle
2026-08-16T14:35:42.8644511-07:00,2713,1395,7001,17.93,43,5,4,0,1646,0x0000000000000001,GpuIdle
2026-08-16T14:35:44.9108709-07:00,2715.1,1297,7001,17.62,43,6,4,0,1646,0x0000000000000001,GpuIdle
2026-08-16T14:35:46.9588654-07:00,2717.1,1380,7001,17.88,43,5,4,0,1646,0x0000000000000001,GpuIdle
2026-08-16T14:35:49.0079516-07:00,2719.2,1312,7001,17.67,43,5,4,0,1646,0x0000000000000001,GpuIdle
2026-08-16T14:35:51.0459518-07:00,2721.2,1395,7001,17.83,43,5,4,0,1646,0x0000000000000001,GpuIdle
2026-08-16T14:35:53.0965511-07:00,2723.3,1282,7001,17.55,43,5,4,0,1646,0x0000000000000001,GpuIdle
2026-08-16T14:35:55.1449617-07:00,2725.3,1372,7001,17.63,43,5,4,0,1646,0x0000000000000001,GpuIdle
2026-08-16T14:35:57.1999284-07:00,2727.4,1350,7001,17.58,43,5,4,0,1646,0x0000000000000001,GpuIdle
2026-08-16T14:35:59.2465231-07:00,2729.4,1387,7001,17.81,43,7,4,0,1646,0x0000000000000001,GpuIdle
2026-08-16T14:36:01.2951502-07:00,2731.5,1252,7001,17.39,43,6,4,0,1646,0x0000000000000001,GpuIdle
2026-08-16T14:36:03.3348111-07:00,2733.5,1387,7001,18.06,43,6,4,0,1646,0x0000000000000001,GpuIdle
2026-08-16T14:36:05.3789638-07:00,2735.5,1282,7001,17.57,43,6,4,0,1646,0x0000000000000001,GpuIdle
2026-08-16T14:36:07.4312063-07:00,2737.6,1380,7001,17.92,43,6,4,0,1646,0x0000000000000001,GpuIdle
2026-08-16T14:36:09.4802223-07:00,2739.6,1297,7001,17.57,43,6,4,0,1646,0x0000000000000001,GpuIdle
2026-08-16T14:36:11.5181404-07:00,2741.7,1350,7001,18.00,43,6,4,0,1646,0x0000000000000001,GpuIdle
2026-08-16T14:36:13.5633940-07:00,2743.7,1327,7001,17.55,43,6,4,0,1646,0x0000000000000001,GpuIdle
2026-08-16T14:36:15.6083399-07:00,2745.8,1387,7001,17.70,43,6,4,0,1646,0x0000000000000001,GpuIdle
2026-08-16T14:36:17.6603666-07:00,2747.8,1320,7001,17.61,43,6,4,0,1646,0x0000000000000001,GpuIdle
2026-08-16T14:36:19.6995175-07:00,2749.9,1365,7001,17.67,43,6,4,0,1646,0x0000000000000001,GpuIdle
2026-08-16T14:36:21.7392652-07:00,2751.9,1305,7001,17.43,43,5,4,0,1646,0x0000000000000001,GpuIdle
2026-08-16T14:36:23.7800139-07:00,2753.9,1365,7001,17.87,43,5,4,0,1646,0x0000000000000001,GpuIdle
2026-08-16T14:36:25.8318649-07:00,2756,1297,7001,17.54,43,6,4,0,1646,0x0000000000000001,GpuIdle
2026-08-16T14:36:27.8695953-07:00,2758,1357,7001,17.86,43,6,4,0,1646,0x0000000000000001,GpuIdle
2026-08-16T14:36:29.9201987-07:00,2760.1,1275,7001,17.64,43,6,4,0,1646,0x0000000000000001,GpuIdle
2026-08-16T14:36:31.9673811-07:00,2762.1,1380,7001,18.00,43,6,4,0,1646,0x0000000000000001,GpuIdle
2026-08-16T14:36:34.0144983-07:00,2764.2,1312,7001,17.76,43,6,4,0,1646,0x0000000000000001,GpuIdle
2026-08-16T14:36:36.0587102-07:00,2766.2,1365,7001,17.90,43,5,3,0,1646,0x0000000000000001,GpuIdle
2026-08-16T14:36:38.1036444-07:00,2768.3,1342,7001,17.63,43,5,3,0,1646,0x0000000000000001,GpuIdle
2026-08-16T14:36:40.1468404-07:00,2770.3,1380,7001,17.85,43,5,3,0,1646,0x0000000000000001,GpuIdle
2026-08-16T14:36:42.1907767-07:00,2772.4,1357,7001,17.76,43,5,3,0,1646,0x0000000000000001,GpuIdle
2026-08-16T14:36:44.2332577-07:00,2774.4,1372,7001,18.05,43,6,4,0,1646,0x0000000000000001,GpuIdle
2026-08-16T14:36:46.2798300-07:00,2776.4,1290,7001,17.56,43,6,4,0,1646,0x0000000000000001,GpuIdle
2026-08-16T14:36:48.3290898-07:00,2778.5,1410,7001,18.03,43,6,4,0,1646,0x0000000000000001,GpuIdle
2026-08-16T14:36:50.3780066-07:00,2780.5,1252,7001,17.70,43,6,4,0,1646,0x0000000000000001,GpuIdle
2026-08-16T14:36:52.4169567-07:00,2782.6,1387,7001,18.00,43,6,3,0,1646,0x0000000000000001,GpuIdle
2026-08-16T14:36:54.4682448-07:00,2784.6,1312,7001,17.63,43,6,4,0,1646,0x0000000000000001,GpuIdle
2026-08-16T14:36:56.5149486-07:00,2786.7,1387,7001,18.02,43,6,4,0,1646,0x0000000000000001,GpuIdle
2026-08-16T14:36:58.5595331-07:00,2788.7,1297,7001,17.59,43,6,4,0,1646,0x0000000000000001,GpuIdle
2026-08-16T14:37:00.6042464-07:00,2790.8,1320,7001,17.93,43,6,4,0,1646,0x0000000000000001,GpuIdle
2026-08-16T14:37:02.6560459-07:00,2792.8,1305,7001,17.74,43,5,4,0,1646,0x0000000000000001,GpuIdle
2026-08-16T14:37:04.7055761-07:00,2794.9,1357,7001,17.87,43,6,4,0,1646,0x0000000000000001,GpuIdle
2026-08-16T14:37:06.7540489-07:00,2796.9,1282,7001,17.58,43,5,4,0,1646,0x0000000000000001,GpuIdle
2026-08-16T14:37:08.7991034-07:00,2799,1395,7001,17.99,43,5,3,0,1646,0x0000000000000001,GpuIdle
2026-08-16T14:37:10.8439488-07:00,2801,1312,7001,17.58,43,5,3,0,1646,0x0000000000000001,GpuIdle
2026-08-16T14:37:12.8855544-07:00,2803,1395,7001,17.93,43,5,3,0,1646,0x0000000000000001,GpuIdle
2026-08-16T14:37:14.9264950-07:00,2805.1,1305,7001,17.68,43,5,3,0,1646,0x0000000000000001,GpuIdle
2026-08-16T14:37:16.9725677-07:00,2807.1,1342,7001,17.84,43,5,3,0,1646,0x0000000000000001,GpuIdle
2026-08-16T14:37:19.0196490-07:00,2809.2,1335,7001,17.74,43,5,3,0,1646,0x0000000000000001,GpuIdle
2026-08-16T14:37:21.0655728-07:00,2811.2,1365,7001,17.84,43,5,3,0,1646,0x0000000000000001,GpuIdle
2026-08-16T14:37:23.1099587-07:00,2813.3,1350,7001,17.80,43,6,3,0,1646,0x0000000000000001,GpuIdle
2026-08-16T14:37:25.1544332-07:00,2815.3,1312,7001,17.80,43,6,4,0,1646,0x0000000000000001,GpuIdle
2026-08-16T14:37:27.2066102-07:00,2817.4,1350,7001,17.75,43,5,3,0,1646,0x0000000000000001,GpuIdle
2026-08-16T14:37:29.2501294-07:00,2819.4,1395,7001,17.92,43,6,3,0,1646,0x0000000000000001,GpuIdle
2026-08-16T14:37:31.2944768-07:00,2821.5,1290,7001,17.56,43,5,3,0,1646,0x0000000000000001,GpuIdle
2026-08-16T14:37:33.3389033-07:00,2823.5,1372,7001,18.02,43,6,3,0,1646,0x0000000000000001,GpuIdle
2026-08-16T14:37:35.3867562-07:00,2825.5,1327,7001,17.68,43,6,3,0,1646,0x0000000000000001,GpuIdle
2026-08-16T14:37:37.4329761-07:00,2827.6,1357,7001,17.91,43,5,3,0,1646,0x0000000000000001,GpuIdle
2026-08-16T14:37:39.4801475-07:00,2829.6,1327,7001,17.70,43,6,3,0,1646,0x0000000000000001,GpuIdle
2026-08-16T14:37:41.5310046-07:00,2831.7,1342,7001,17.80,43,5,3,0,1646,0x0000000000000001,GpuIdle
2026-08-16T14:37:43.5708398-07:00,2833.7,1275,7001,17.62,43,5,3,0,1646,0x0000000000000001,GpuIdle
2026-08-16T14:37:45.6248729-07:00,2835.8,1357,7001,17.81,43,6,3,0,1646,0x0000000000000001,GpuIdle
2026-08-16T14:37:47.6719631-07:00,2837.8,1290,7001,17.62,43,6,4,0,1646,0x0000000000000001,GpuIdle
2026-08-16T14:37:49.7192677-07:00,2839.9,1335,7001,17.82,43,5,4,0,1646,0x0000000000000001,GpuIdle
2026-08-16T14:37:51.7669488-07:00,2841.9,1252,7001,17.61,43,6,4,0,1646,0x0000000000000001,GpuIdle
2026-08-16T14:37:53.8173614-07:00,2844,1365,7001,17.96,43,6,4,0,1646,0x0000000000000001,GpuIdle
2026-08-16T14:37:55.8708317-07:00,2846,1290,7001,17.74,43,6,3,0,1646,0x0000000000000001,GpuIdle
2026-08-16T14:37:57.9179577-07:00,2848.1,1387,7001,18.04,43,5,3,0,1646,0x0000000000000001,GpuIdle
2026-08-16T14:37:59.9663980-07:00,2850.1,1297,7001,17.63,43,5,3,0,1646,0x0000000000000001,GpuIdle
2026-08-16T14:38:02.0113045-07:00,2852.2,1380,7001,17.82,43,5,3,0,1646,0x0000000000000001,GpuIdle
2026-08-16T14:38:04.0612641-07:00,2854.2,1320,7001,17.71,43,5,3,0,1646,0x0000000000000001,GpuIdle
2026-08-16T14:38:06.1082865-07:00,2856.3,1372,7001,17.90,43,5,3,0,1646,0x0000000000000001,GpuIdle
2026-08-16T14:38:08.1488322-07:00,2858.3,1365,7001,17.82,43,5,3,0,1646,0x0000000000000001,GpuIdle
2026-08-16T14:38:10.1952615-07:00,2860.4,1335,7001,17.78,43,5,3,0,1646,0x0000000000000001,GpuIdle
2026-08-16T14:38:12.2373203-07:00,2862.4,1282,7001,17.57,43,5,3,0,1646,0x0000000000000001,GpuIdle
2026-08-16T14:38:14.2845783-07:00,2864.4,1365,7001,17.85,43,5,3,0,1646,0x0000000000000001,GpuIdle
2026-08-16T14:38:16.3227185-07:00,2866.5,1290,7001,17.64,43,5,3,0,1646,0x0000000000000001,GpuIdle
2026-08-16T14:38:18.3698455-07:00,2868.5,1372,7001,17.88,43,6,4,0,1646,0x0000000000000001,GpuIdle
2026-08-16T14:38:20.4129645-07:00,2870.6,1297,7001,17.67,43,6,4,0,1646,0x0000000000000001,GpuIdle
2026-08-16T14:38:22.4548755-07:00,2872.6,1357,7001,17.82,43,6,4,0,1646,0x0000000000000001,GpuIdle
2026-08-16T14:38:24.5026206-07:00,2874.7,1357,7001,17.75,43,5,3,0,1646,0x0000000000000001,GpuIdle
2026-08-16T14:38:26.5463980-07:00,2876.7,1380,7001,17.77,43,5,3,0,1646,0x0000000000000001,GpuIdle
2026-08-16T14:38:28.5918528-07:00,2878.8,1305,7001,17.66,43,5,3,0,1646,0x0000000000000001,GpuIdle
2026-08-16T14:38:30.6363726-07:00,2880.8,1380,7001,17.78,43,5,3,0,1646,0x0000000000000001,GpuIdle
2026-08-16T14:38:32.6756588-07:00,2882.8,1335,7001,17.76,43,5,3,0,1646,0x0000000000000001,GpuIdle
2026-08-16T14:38:34.7220775-07:00,2884.9,1350,7001,17.94,43,5,3,0,1646,0x0000000000000001,GpuIdle
2026-08-16T14:38:36.7759469-07:00,2886.9,1305,7001,17.59,43,5,3,0,1646,0x0000000000000001,GpuIdle
2026-08-16T14:38:38.8288403-07:00,2889,1425,7001,18.09,43,5,3,0,1646,0x0000000000000001,GpuIdle
2026-08-16T14:38:40.8757885-07:00,2891,1297,7001,17.54,43,6,3,0,1646,0x0000000000000001,GpuIdle
2026-08-16T14:38:42.9208322-07:00,2893.1,1395,7001,17.93,43,6,4,0,1646,0x0000000000000001,GpuIdle
2026-08-16T14:38:44.9711689-07:00,2895.1,1312,7001,17.56,43,6,4,0,1646,0x0000000000000001,GpuIdle
2026-08-16T14:38:47.0209536-07:00,2897.2,1387,7001,17.90,43,6,3,0,1646,0x0000000000000001,GpuIdle
2026-08-16T14:38:49.0708016-07:00,2899.2,1305,7001,17.57,43,5,3,0,1646,0x0000000000000001,GpuIdle
2026-08-16T14:38:51.1155480-07:00,2901.3,1387,7001,17.79,43,5,3,0,1646,0x0000000000000001,GpuIdle
2026-08-16T14:38:53.1571478-07:00,2903.3,1327,7001,17.72,43,5,4,0,1646,0x0000000000000001,GpuIdle
2026-08-16T14:38:55.2036527-07:00,2905.4,1395,7001,17.82,43,5,3,0,1646,0x0000000000000001,GpuIdle
2026-08-16T14:38:57.2482943-07:00,2907.4,1297,7001,17.48,43,5,3,0,1646,0x0000000000000001,GpuIdle
2026-08-16T14:38:59.2892744-07:00,2909.5,1372,7001,17.90,43,6,3,0,1646,0x0000000000000001,GpuIdle
2026-08-16T14:39:01.3348440-07:00,2911.5,1320,7001,17.55,43,5,3,0,1646,0x0000000000000001,GpuIdle
2026-08-16T14:39:03.3844711-07:00,2913.5,1372,7001,17.74,43,5,3,0,1646,0x0000000000000001,GpuIdle
2026-08-16T14:39:05.4304521-07:00,2915.6,1305,7001,17.58,43,5,3,0,1646,0x0000000000000001,GpuIdle
2026-08-16T14:39:07.4843897-07:00,2917.6,1372,7001,17.93,43,6,4,0,1653,0x0000000000000001,GpuIdle
2026-08-16T14:39:09.5266718-07:00,2919.7,1395,7001,17.93,43,5,4,0,1653,0x0000000000000001,GpuIdle
2026-08-16T14:39:11.5725308-07:00,2921.7,1447,7001,18.26,43,7,5,0,1646,0x0000000000000001,GpuIdle
2026-08-16T14:39:13.6265396-07:00,2923.8,1447,7001,18.65,43,7,5,0,1646,0x0000000000000001,GpuIdle
2026-08-16T14:39:15.6678958-07:00,2925.8,1507,7001,18.88,43,8,5,0,1652,0x0000000000000001,GpuIdle
2026-08-16T14:39:17.7206806-07:00,2927.9,1500,7001,18.78,43,8,5,0,1652,0x0000000000000001,GpuIdle
2026-08-16T14:39:19.7678927-07:00,2929.9,1470,7001,18.30,43,7,4,0,1647,0x0000000000000001,GpuIdle
2026-08-16T14:39:21.8097562-07:00,2932,1372,7001,17.92,43,6,4,0,1647,0x0000000000000001,GpuIdle
2026-08-16T14:39:23.8529516-07:00,2934,1552,7001,18.95,43,8,5,0,1647,0x0000000000000001,GpuIdle
2026-08-16T14:39:25.8897546-07:00,2936.1,1402,7001,18.50,43,7,5,0,1647,0x0000000000000001,GpuIdle
2026-08-16T14:39:27.9289783-07:00,2938.1,1515,7001,18.97,43,8,5,0,1656,0x0000000000000001,GpuIdle
2026-08-16T14:39:29.9809777-07:00,2940.1,1462,7001,18.61,43,8,5,0,1657,0x0000000000000001,GpuIdle
2026-08-16T14:39:32.0268931-07:00,2942.2,1530,7001,18.69,43,6,4,0,1661,0x0000000000000001,GpuIdle
2026-08-16T14:39:34.0778720-07:00,2944.2,1380,7001,18.08,43,7,4,0,1662,0x0000000000000001,GpuIdle
2026-08-16T14:39:36.1209424-07:00,2946.3,1425,7001,17.86,43,5,3,0,1660,0x0000000000000001,GpuIdle
2026-08-16T14:39:38.1714211-07:00,2948.3,1282,7001,17.67,43,5,3,0,1659,0x0000000000000001,GpuIdle
2026-08-16T14:39:40.2239483-07:00,2950.4,1372,7001,17.77,43,5,3,0,1648,0x0000000000000001,GpuIdle
2026-08-16T14:39:42.2682951-07:00,2952.4,1290,7001,17.52,43,5,3,0,1648,0x0000000000000001,GpuIdle
2026-08-16T14:39:44.3074794-07:00,2954.5,1417,7001,17.87,43,5,3,0,1648,0x0000000000000001,GpuIdle
2026-08-16T14:39:46.3540909-07:00,2956.5,1282,7001,17.49,43,5,3,0,1648,0x0000000000000001,GpuIdle
2026-08-16T14:39:48.4013190-07:00,2958.6,1417,7001,17.87,43,6,4,0,1648,0x0000000000000001,GpuIdle
2026-08-16T14:39:50.4447260-07:00,2960.6,1312,7001,17.68,43,6,4,0,1648,0x0000000000000001,GpuIdle
2026-08-16T14:39:52.4923518-07:00,2962.7,1395,7001,17.82,43,6,4,0,1648,0x0000000000000001,GpuIdle
2026-08-16T14:39:54.5385127-07:00,2964.7,1282,7001,17.65,43,5,3,0,1648,0x0000000000000001,GpuIdle
2026-08-16T14:39:56.5853857-07:00,2966.7,1357,7001,17.72,43,5,3,0,1648,0x0000000000000001,GpuIdle
2026-08-16T14:39:58.6265503-07:00,2968.8,1305,7001,17.67,43,5,3,0,1648,0x0000000000000001,GpuIdle
2026-08-16T14:40:00.6703695-07:00,2970.8,1342,7001,17.66,43,5,3,0,1648,0x0000000000000001,GpuIdle
2026-08-16T14:40:02.7175344-07:00,2972.9,1320,7001,17.77,43,5,3,0,1648,0x0000000000000001,GpuIdle
2026-08-16T14:40:04.7695004-07:00,2974.9,1365,7001,17.83,43,5,3,0,1648,0x0000000000000001,GpuIdle
2026-08-16T14:40:06.8106033-07:00,2977,1297,7001,17.70,43,5,3,0,1648,0x0000000000000001,GpuIdle
2026-08-16T14:40:08.8536513-07:00,2979,1372,7001,17.86,43,5,3,0,1648,0x0000000000000001,GpuIdle
2026-08-16T14:40:10.9029475-07:00,2981.1,1290,7001,17.63,43,6,4,0,1648,0x0000000000000001,GpuIdle
2026-08-16T14:40:12.9449898-07:00,2983.1,1365,7001,17.77,43,6,4,0,1648,0x0000000000000001,GpuIdle
2026-08-16T14:40:14.9840640-07:00,2985.1,1297,7001,17.67,43,6,4,0,1648,0x0000000000000001,GpuIdle
2026-08-16T14:40:17.0219679-07:00,2987.2,1335,7001,17.77,43,5,3,0,1648,0x0000000000000001,GpuIdle
2026-08-16T14:40:19.0729576-07:00,2989.2,1282,7001,17.72,43,5,3,0,1648,0x0000000000000001,GpuIdle
2026-08-16T14:40:21.1233138-07:00,2991.3,1320,7001,17.70,43,5,3,0,1648,0x0000000000000001,GpuIdle
2026-08-16T14:40:23.1685609-07:00,2993.3,1290,7001,17.80,43,5,3,0,1648,0x0000000000000001,GpuIdle
2026-08-16T14:40:25.2139481-07:00,2995.4,1380,7001,17.94,43,5,3,0,1648,0x0000000000000001,GpuIdle
2026-08-16T14:40:27.2629565-07:00,2997.4,1260,7001,17.71,43,5,3,0,1648,0x0000000000000001,GpuIdle
2026-08-16T14:40:29.3021182-07:00,2999.5,1380,7001,18.00,43,5,3,0,1648,0x0000000000000001,GpuIdle
2026-08-16T14:40:31.3414692-07:00,3001.5,1297,7001,17.72,43,5,3,0,1648,0x0000000000000001,GpuIdle
2026-08-16T14:40:33.3821213-07:00,3003.5,1417,7001,18.05,43,5,3,0,1648,0x0000000000000001,GpuIdle
2026-08-16T14:40:35.4320310-07:00,3005.6,1305,7001,17.73,43,5,3,0,1648,0x0000000000000001,GpuIdle
2026-08-16T14:40:37.4771871-07:00,3007.6,1410,7001,18.11,43,6,4,0,1648,0x0000000000000001,GpuIdle
2026-08-16T14:40:39.5267050-07:00,3009.7,1320,7001,17.88,43,6,4,0,1648,0x0000000000000001,GpuIdle
2026-08-16T14:40:41.5701932-07:00,3011.7,1395,7001,17.97,43,5,3,0,1648,0x0000000000000001,GpuIdle
2026-08-16T14:40:43.6113642-07:00,3013.8,1327,7001,17.93,43,5,3,0,1648,0x0000000000000001,GpuIdle
2026-08-16T14:40:45.6549476-07:00,3015.8,1380,7001,17.95,43,5,3,0,1648,0x0000000000000001,GpuIdle
2026-08-16T14:40:47.6985911-07:00,3017.9,1335,7001,17.89,43,5,3,0,1648,0x0000000000000001,GpuIdle
2026-08-16T14:40:49.7427603-07:00,3019.9,1387,7001,17.92,43,5,3,0,1648,0x0000000000000001,GpuIdle
2026-08-16T14:40:51.7865201-07:00,3021.9,1260,7001,17.58,43,5,3,0,1648,0x0000000000000001,GpuIdle
2026-08-16T14:40:53.8271816-07:00,3024,1380,7001,17.81,43,5,3,0,1648,0x0000000000000001,GpuIdle
2026-08-16T14:40:55.8715078-07:00,3026,1297,7001,17.66,43,5,3,0,1648,0x0000000000000001,GpuIdle
2026-08-16T14:40:57.9167507-07:00,3028.1,1395,7001,17.86,43,5,3,0,1648,0x0000000000000001,GpuIdle
2026-08-16T14:40:59.9600798-07:00,3030.1,1312,7001,17.73,43,6,4,0,1648,0x0000000000000001,GpuIdle
2026-08-16T14:41:02.0047451-07:00,3032.2,1395,7001,17.88,43,6,4,0,1648,0x0000000000000001,GpuIdle
2026-08-16T14:41:04.0517486-07:00,3034.2,1297,7001,17.78,43,5,3,0,1648,0x0000000000000001,GpuIdle
2026-08-16T14:41:06.0909208-07:00,3036.3,1350,7001,17.89,43,5,3,0,1648,0x0000000000000001,GpuIdle
2026-08-16T14:41:08.1364827-07:00,3038.3,1282,7001,17.75,43,5,3,0,1648,0x0000000000000001,GpuIdle
2026-08-16T14:41:10.1879470-07:00,3040.4,1357,7001,17.81,43,5,3,0,1648,0x0000000000000001,GpuIdle
2026-08-16T14:41:12.2319926-07:00,3042.4,1290,7001,17.88,43,5,3,0,1648,0x0000000000000001,GpuIdle
2026-08-16T14:41:14.2698642-07:00,3044.4,1402,7001,17.91,43,5,3,0,1648,0x0000000000000001,GpuIdle
2026-08-16T14:41:16.3230185-07:00,3046.5,1252,7001,17.54,43,5,3,0,1648,0x0000000000000001,GpuIdle
2026-08-16T14:41:18.3748673-07:00,3048.5,1387,7001,17.82,43,5,3,0,1648,0x0000000000000001,GpuIdle
2026-08-16T14:41:20.4239605-07:00,3050.6,1282,7001,17.65,43,5,3,0,1648,0x0000000000000001,GpuIdle
2026-08-16T14:41:22.4668599-07:00,3052.6,1402,7001,17.99,43,5,3,0,1648,0x0000000000000001,GpuIdle
2026-08-16T14:41:24.5067969-07:00,3054.7,1297,7001,17.70,43,5,3,0,1648,0x0000000000000001,GpuIdle
2026-08-16T14:41:26.5512346-07:00,3056.7,1380,7001,17.89,43,5,4,0,1648,0x0000000000000001,GpuIdle
2026-08-16T14:41:28.5941536-07:00,3058.8,1320,7001,17.76,43,6,3,0,1648,0x0000000000000001,GpuIdle
2026-08-16T14:41:30.6389494-07:00,3060.8,1387,7001,17.88,43,6,4,0,1648,0x0000000000000001,GpuIdle
2026-08-16T14:41:32.6844937-07:00,3062.8,1297,7001,17.76,43,5,3,0,1648,0x0000000000000001,GpuIdle
2026-08-16T14:41:34.7341324-07:00,3064.9,1342,7001,17.83,43,5,3,0,1648,0x0000000000000001,GpuIdle
2026-08-16T14:41:36.7753772-07:00,3066.9,1290,7001,17.80,43,5,3,0,1648,0x0000000000000001,GpuIdle
2026-08-16T14:41:38.8253768-07:00,3069,1357,7001,17.93,43,5,3,0,1648,0x0000000000000001,GpuIdle
2026-08-16T14:41:40.8745856-07:00,3071,1267,7001,17.71,43,5,3,0,1648,0x0000000000000001,GpuIdle
2026-08-16T14:41:42.9172306-07:00,3073.1,1365,7001,17.93,43,5,3,0,1648,0x0000000000000001,GpuIdle
2026-08-16T14:41:44.9607076-07:00,3075.1,1312,7001,17.73,43,5,3,0,1648,0x0000000000000001,GpuIdle
2026-08-16T14:41:47.0045175-07:00,3077.2,1395,7001,17.74,43,5,4,0,1648,0x0000000000000001,GpuIdle
2026-08-16T14:41:49.0534590-07:00,3079.2,1335,7001,17.85,43,5,3,0,1648,0x0000000000000001,GpuIdle
2026-08-16T14:41:51.0998563-07:00,3081.3,1350,7001,17.75,43,6,4,0,1648,0x0000000000000001,GpuIdle
2026-08-16T14:41:53.1439476-07:00,3083.3,1312,7001,17.89,43,6,4,0,1648,0x0000000000000001,GpuIdle
2026-08-16T14:41:55.1915905-07:00,3085.4,1380,7001,17.90,43,5,3,0,1648,0x0000000000000001,GpuIdle
2026-08-16T14:41:57.2449625-07:00,3087.4,1297,7001,17.90,43,5,3,0,1648,0x0000000000000001,GpuIdle
2026-08-16T14:41:59.2850429-07:00,3089.4,1365,7001,17.97,43,5,3,0,1648,0x0000000000000001,GpuIdle
2026-08-16T14:42:01.3311184-07:00,3091.5,1282,7001,17.71,43,5,3,0,1648,0x0000000000000001,GpuIdle
2026-08-16T14:42:03.3729622-07:00,3093.5,1402,7001,17.96,43,5,3,0,1648,0x0000000000000001,GpuIdle
2026-08-16T14:42:05.4198635-07:00,3095.6,1305,7001,17.69,43,5,3,0,1648,0x0000000000000001,GpuIdle
2026-08-16T14:42:07.4678607-07:00,3097.6,1395,7001,17.93,43,5,3,0,1648,0x0000000000000001,GpuIdle
2026-08-16T14:42:09.5079485-07:00,3099.7,1312,7001,17.75,43,5,3,0,1648,0x0000000000000001,GpuIdle
2026-08-16T14:42:11.5531790-07:00,3101.7,1387,7001,17.79,43,5,3,0,1648,0x0000000000000001,GpuIdle
2026-08-16T14:42:13.5999602-07:00,3103.8,1312,7001,17.75,43,5,3,0,1648,0x0000000000000001,GpuIdle
2026-08-16T14:42:15.6463545-07:00,3105.8,1387,7001,17.85,43,6,4,0,1648,0x0000000000000001,GpuIdle
2026-08-16T14:42:17.6919474-07:00,3107.9,1320,7001,17.81,43,6,4,0,1648,0x0000000000000001,GpuIdle
2026-08-16T14:42:19.7335849-07:00,3109.9,1357,7001,17.77,43,5,3,0,1648,0x0000000000000001,GpuIdle
2026-08-16T14:42:21.7724718-07:00,3111.9,1267,7001,17.66,43,5,3,0,1648,0x0000000000000001,GpuIdle
2026-08-16T14:42:23.8152349-07:00,3114,1425,7001,17.91,43,5,4,0,1648,0x0000000000000001,GpuIdle
2026-08-16T14:42:25.8624195-07:00,3116,1312,7001,17.66,43,5,3,0,1648,0x0000000000000001,GpuIdle
2026-08-16T14:42:27.9087090-07:00,3118.1,1380,7001,17.78,43,5,4,0,1648,0x0000000000000001,GpuIdle
2026-08-16T14:42:29.9534560-07:00,3120.1,1305,7001,17.75,43,5,3,0,1648,0x0000000000000001,GpuIdle
2026-08-16T14:42:32.0016817-07:00,3122.2,1395,7001,17.82,43,5,4,0,1648,0x0000000000000001,GpuIdle
2026-08-16T14:42:34.0437543-07:00,3124.2,1357,7001,17.82,43,5,3,0,1648,0x0000000000000001,GpuIdle
2026-08-16T14:42:36.0929565-07:00,3126.3,1387,7001,17.76,43,5,4,0,1648,0x0000000000000001,GpuIdle
2026-08-16T14:42:38.1344972-07:00,3128.3,1365,7001,17.83,43,5,4,0,1648,0x0000000000000001,GpuIdle
2026-08-16T14:42:40.1755751-07:00,3130.3,1350,7001,17.72,43,6,4,0,1648,0x0000000000000001,GpuIdle
2026-08-16T14:42:42.2257718-07:00,3132.4,1372,7001,17.91,43,6,4,0,1648,0x0000000000000001,GpuIdle
2026-08-16T14:42:44.2716234-07:00,3134.4,1417,7001,17.87,43,6,4,0,1648,0x0000000000000001,GpuIdle
2026-08-16T14:42:46.3135713-07:00,3136.5,1290,7001,17.71,43,5,3,0,1648,0x0000000000000001,GpuIdle
2026-08-16T14:42:48.3612334-07:00,3138.5,1380,7001,17.84,43,5,3,0,1648,0x0000000000000001,GpuIdle
2026-08-16T14:42:50.4130880-07:00,3140.6,1290,7001,17.75,43,5,3,0,1648,0x0000000000000001,GpuIdle
2026-08-16T14:42:52.4579892-07:00,3142.6,1372,7001,17.81,43,5,3,0,1648,0x0000000000000001,GpuIdle
2026-08-16T14:42:54.5099576-07:00,3144.7,1290,7001,17.68,43,5,3,0,1648,0x0000000000000001,GpuIdle
2026-08-16T14:42:56.5509686-07:00,3146.7,1335,7001,17.68,43,5,3,0,1648,0x0000000000000001,GpuIdle
2026-08-16T14:42:58.5938999-07:00,3148.8,1305,7001,17.71,43,5,3,0,1648,0x0000000000000001,GpuIdle
2026-08-16T14:43:00.6429614-07:00,3150.8,1365,7001,17.76,43,5,3,0,1648,0x0000000000000001,GpuIdle
2026-08-16T14:43:02.6929170-07:00,3152.9,1335,7001,17.84,43,5,4,0,1648,0x0000000000000001,GpuIdle
2026-08-16T14:43:04.7429569-07:00,3154.9,1387,7001,17.94,43,5,3,0,1648,0x0000000000000001,GpuIdle
2026-08-16T14:43:06.7929166-07:00,3157,1290,7001,17.74,43,5,3,0,1648,0x0000000000000001,GpuIdle
2026-08-16T14:43:08.8463705-07:00,3159,1380,7001,17.98,43,6,4,0,1648,0x0000000000000001,GpuIdle
2026-08-16T14:43:10.8934174-07:00,3161.1,1312,7001,17.81,43,6,4,0,1648,0x0000000000000001,GpuIdle
2026-08-16T14:43:12.9320039-07:00,3163.1,1380,7001,17.99,43,6,4,0,1648,0x0000000000000001,GpuIdle
2026-08-16T14:43:14.9712809-07:00,3165.1,1335,7001,17.84,43,6,4,0,1648,0x0000000000000001,GpuIdle
2026-08-16T14:43:17.0144701-07:00,3167.2,1387,7001,17.89,43,5,4,0,1648,0x0000000000000001,GpuIdle
2026-08-16T14:43:19.0609533-07:00,3169.2,1320,7001,17.98,43,6,4,0,1648,0x0000000000000001,GpuIdle
2026-08-16T14:43:21.1064565-07:00,3171.3,1380,7001,17.93,43,5,4,0,1648,0x0000000000000001,GpuIdle
2026-08-16T14:43:23.1522891-07:00,3173.3,1297,7001,17.83,43,6,4,0,1648,0x0000000000000001,GpuIdle
2026-08-16T14:43:25.1944564-07:00,3175.4,1357,7001,17.66,43,5,4,0,1648,0x0000000000000001,GpuIdle
2026-08-16T14:43:27.2395936-07:00,3177.4,1372,7001,17.76,43,6,4,0,1648,0x0000000000000001,GpuIdle
2026-08-16T14:43:29.2826478-07:00,3179.4,1417,7001,17.80,43,5,4,0,1648,0x0000000000000001,GpuIdle
2026-08-16T14:43:31.3208490-07:00,3181.5,1320,7001,17.67,43,6,4,0,1648,0x0000000000000001,GpuIdle
2026-08-16T14:43:33.3744844-07:00,3183.5,1357,7001,17.75,43,6,4,0,1648,0x0000000000000001,GpuIdle
2026-08-16T14:43:35.4288817-07:00,3185.6,1342,7001,17.58,43,6,4,0,1648,0x0000000000000001,GpuIdle
2026-08-16T14:43:37.4819772-07:00,3187.6,1380,7001,17.85,43,5,3,0,1648,0x0000000000000001,GpuIdle
2026-08-16T14:43:39.5295538-07:00,3189.7,1305,7001,17.72,43,5,3,0,1648,0x0000000000000001,GpuIdle
2026-08-16T14:43:41.5805845-07:00,3191.7,1357,7001,17.80,43,5,3,0,1648,0x0000000000000001,GpuIdle
2026-08-16T14:43:43.6297680-07:00,3193.8,1335,7001,17.79,43,5,3,0,1648,0x0000000000000001,GpuIdle
2026-08-16T14:43:45.6756706-07:00,3195.8,1387,7001,17.81,43,5,3,0,1648,0x0000000000000001,GpuIdle
2026-08-16T14:43:47.7204121-07:00,3197.9,1320,7001,17.88,43,5,4,0,1648,0x0000000000000001,GpuIdle
2026-08-16T14:43:49.7611429-07:00,3199.9,1402,7001,17.97,43,6,4,0,1648,0x0000000000000001,GpuIdle
2026-08-16T14:43:51.8079893-07:00,3202,1275,7001,17.63,43,6,4,0,1648,0x0000000000000001,GpuIdle
2026-08-16T14:43:53.8485776-07:00,3204,1432,7001,17.99,43,6,4,0,1648,0x0000000000000001,GpuIdle
2026-08-16T14:43:55.8999786-07:00,3206.1,1290,7001,17.68,43,6,4,0,1648,0x0000000000000001,GpuIdle
2026-08-16T14:43:57.9460737-07:00,3208.1,1395,7001,18.05,43,6,4,0,1648,0x0000000000000001,GpuIdle
2026-08-16T14:43:59.9953884-07:00,3210.2,1320,7001,17.75,43,6,4,0,1648,0x0000000000000001,GpuIdle
2026-08-16T14:44:02.0431020-07:00,3212.2,1387,7001,17.93,43,6,4,0,1648,0x0000000000000001,GpuIdle
2026-08-16T14:44:04.0860448-07:00,3214.2,1372,7001,17.75,43,6,4,0,1648,0x0000000000000001,GpuIdle
2026-08-16T14:44:06.1265115-07:00,3216.3,1387,7001,17.85,43,6,4,0,1648,0x0000000000000001,GpuIdle
2026-08-16T14:44:08.1703774-07:00,3218.3,1327,7001,17.87,43,5,3,0,1648,0x0000000000000001,GpuIdle
2026-08-16T14:44:10.2155456-07:00,3220.4,1342,7001,17.73,43,6,4,0,1648,0x0000000000000001,GpuIdle
2026-08-16T14:44:12.2618470-07:00,3222.4,1290,7001,17.64,43,5,4,0,1648,0x0000000000000001,GpuIdle
2026-08-16T14:44:14.3102196-07:00,3224.5,1365,7001,17.89,43,5,3,0,1648,0x0000000000000001,GpuIdle
2026-08-16T14:44:16.3522914-07:00,3226.5,1282,7001,17.74,43,5,3,0,1648,0x0000000000000001,GpuIdle
2026-08-16T14:44:18.3975096-07:00,3228.6,1387,7001,17.83,43,5,3,0,1648,0x0000000000000001,GpuIdle
2026-08-16T14:44:20.4443782-07:00,3230.6,1335,7001,17.84,43,5,3,0,1648,0x0000000000000001,GpuIdle
2026-08-16T14:44:22.4894971-07:00,3232.7,1327,7001,17.69,43,5,3,0,1648,0x0000000000000001,GpuIdle
2026-08-16T14:44:24.5348569-07:00,3234.7,1327,7001,17.80,43,6,3,0,1648,0x0000000000000001,GpuIdle
2026-08-16T14:44:26.5779479-07:00,3236.7,1350,7001,17.76,43,6,4,0,1648,0x0000000000000001,GpuIdle
2026-08-16T14:44:28.6199351-07:00,3238.8,1335,7001,17.85,43,5,3,0,1648,0x0000000000000001,GpuIdle
2026-08-16T14:44:30.6737530-07:00,3240.8,1342,7001,17.72,43,5,4,0,1648,0x0000000000000001,GpuIdle
2026-08-16T14:44:32.7219151-07:00,3242.9,1335,7001,17.83,43,5,3,0,1648,0x0000000000000001,GpuIdle
2026-08-16T14:44:34.7646199-07:00,3244.9,1372,7001,17.80,43,6,4,0,1648,0x0000000000000001,GpuIdle
2026-08-16T14:44:36.8065225-07:00,3247,1282,7001,17.66,43,6,4,0,1648,0x0000000000000001,GpuIdle
2026-08-16T14:44:38.8479519-07:00,3249,1380,7001,17.79,43,6,4,0,1648,0x0000000000000001,GpuIdle
2026-08-16T14:44:40.8933420-07:00,3251.1,1327,7001,17.71,43,5,3,0,1648,0x0000000000000001,GpuIdle
2026-08-16T14:44:42.9359198-07:00,3253.1,1432,7001,17.86,43,5,4,0,1648,0x0000000000000001,GpuIdle
2026-08-16T14:44:44.9858666-07:00,3255.1,1327,7001,17.79,43,6,4,0,1648,0x0000000000000001,GpuIdle
2026-08-16T14:44:47.0369300-07:00,3257.2,1380,7001,17.80,43,6,4,0,1648,0x0000000000000001,GpuIdle
2026-08-16T14:44:49.0838554-07:00,3259.2,1305,7001,17.76,43,6,4,0,1648,0x0000000000000001,GpuIdle
2026-08-16T14:44:51.1360926-07:00,3261.3,1372,7001,17.88,43,6,4,0,1648,0x0000000000000001,GpuIdle
2026-08-16T14:44:53.1810151-07:00,3263.3,1365,7001,17.92,43,6,4,0,1648,0x0000000000000001,GpuIdle
2026-08-16T14:44:55.2317627-07:00,3265.4,1342,7001,17.81,43,5,4,0,1648,0x0000000000000001,GpuIdle
2026-08-16T14:44:57.2853588-07:00,3267.4,1312,7001,17.67,43,5,3,0,1648,0x0000000000000001,GpuIdle
2026-08-16T14:44:59.3394519-07:00,3269.5,1380,7001,17.86,43,5,4,0,1648,0x0000000000000001,GpuIdle
2026-08-16T14:45:01.3845172-07:00,3271.5,1305,7001,17.75,43,5,3,0,1648,0x0000000000000001,GpuIdle
2026-08-16T14:45:03.4309497-07:00,3273.6,1357,7001,17.90,43,5,3,0,1648,0x0000000000000001,GpuIdle
2026-08-16T14:45:05.4821957-07:00,3275.6,1312,7001,17.78,43,5,3,0,1648,0x0000000000000001,GpuIdle
2026-08-16T14:45:07.5339542-07:00,3277.7,1342,7001,17.84,43,5,4,0,1648,0x0000000000000001,GpuIdle
2026-08-16T14:45:09.5865388-07:00,3279.7,1327,7001,17.92,43,5,3,0,1648,0x0000000000000001,GpuIdle
2026-08-16T14:45:11.6329489-07:00,3281.8,1327,7001,17.66,43,5,4,0,1648,0x0000000000000001,GpuIdle
2026-08-16T14:45:13.6738707-07:00,3283.8,1357,7001,17.78,43,6,4,0,1648,0x0000000000000001,GpuIdle
2026-08-16T14:45:15.7254699-07:00,3285.9,1365,7001,17.73,43,6,4,0,1648,0x0000000000000001,GpuIdle
2026-08-16T14:45:17.7697102-07:00,3287.9,1290,7001,17.65,43,6,4,0,1648,0x0000000000000001,GpuIdle
2026-08-16T14:45:19.8158554-07:00,3290,1357,7001,17.73,43,5,4,0,1648,0x0000000000000001,GpuIdle
2026-08-16T14:45:21.8598601-07:00,3292,1297,7001,17.65,43,5,3,0,1648,0x0000000000000001,GpuIdle
2026-08-16T14:45:23.9036872-07:00,3294.1,1372,7001,17.72,43,5,4,0,1648,0x0000000000000001,GpuIdle
2026-08-16T14:45:25.9500357-07:00,3296.1,1320,7001,17.70,43,5,3,0,1648,0x0000000000000001,GpuIdle
2026-08-16T14:45:27.9990302-07:00,3298.2,1372,7001,17.82,43,6,4,0,1648,0x0000000000000001,GpuIdle
2026-08-16T14:45:30.0520359-07:00,3300.2,1282,7001,17.63,43,5,3,0,1648,0x0000000000000001,GpuIdle
2026-08-16T14:45:32.0978281-07:00,3302.3,1365,7001,17.65,43,5,3,0,1648,0x0000000000000001,GpuIdle
2026-08-16T14:45:34.1407587-07:00,3304.3,1312,7001,17.70,43,5,3,0,1648,0x0000000000000001,GpuIdle
2026-08-16T14:45:36.1830865-07:00,3306.3,1372,7001,17.70,43,5,3,0,1648,0x0000000000000001,GpuIdle
2026-08-16T14:45:38.2339406-07:00,3308.4,1327,7001,17.65,43,5,4,0,1648,0x0000000000000001,GpuIdle
2026-08-16T14:45:40.2841722-07:00,3310.4,1395,7001,17.78,43,5,4,0,1648,0x0000000000000001,GpuIdle
2026-08-16T14:45:42.3286914-07:00,3312.5,1297,7001,17.52,43,5,3,0,1648,0x0000000000000001,GpuIdle
2026-08-16T14:45:44.3815463-07:00,3314.5,1410,7001,17.89,43,6,4,0,1648,0x0000000000000001,GpuIdle
2026-08-16T14:45:46.4344102-07:00,3316.6,1320,7001,17.64,43,6,4,0,1648,0x0000000000000001,GpuIdle
2026-08-16T14:45:48.4774530-07:00,3318.6,1402,7001,17.74,43,6,4,0,1648,0x0000000000000001,GpuIdle
2026-08-16T14:45:50.5282054-07:00,3320.7,1320,7001,17.65,43,5,3,0,1648,0x0000000000000001,GpuIdle
2026-08-16T14:45:52.5704672-07:00,3322.7,1342,7001,17.64,43,5,3,0,1648,0x0000000000000001,GpuIdle
2026-08-16T14:45:54.6092525-07:00,3324.8,1327,7001,17.81,43,5,3,0,1648,0x0000000000000001,GpuIdle
2026-08-16T14:45:56.6542931-07:00,3326.8,1365,7001,17.73,43,5,3,0,1648,0x0000000000000001,GpuIdle
2026-08-16T14:45:58.6979468-07:00,3328.9,1327,7001,17.71,43,5,3,0,1648,0x0000000000000001,GpuIdle
2026-08-16T14:46:00.7393730-07:00,3330.9,1335,7001,17.55,43,5,3,0,1648,0x0000000000000001,GpuIdle
2026-08-16T14:46:02.7864059-07:00,3332.9,1305,7001,17.61,43,5,3,0,1648,0x0000000000000001,GpuIdle
2026-08-16T14:46:04.8335275-07:00,3335,1372,7001,17.68,43,5,3,0,1648,0x0000000000000001,GpuIdle
2026-08-16T14:46:06.8784929-07:00,3337,1320,7001,17.65,43,5,4,0,1648,0x0000000000000001,GpuIdle
2026-08-16T14:46:08.9174312-07:00,3339.1,1365,7001,17.66,43,6,4,0,1648,0x0000000000000001,GpuIdle
2026-08-16T14:46:10.9621742-07:00,3341.1,1335,7001,17.70,43,6,4,0,1648,0x0000000000000001,GpuIdle
2026-08-16T14:46:13.0099249-07:00,3343.2,1350,7001,17.67,43,6,4,0,1648,0x0000000000000001,GpuIdle
2026-08-16T14:46:15.0556392-07:00,3345.2,1312,7001,17.67,43,5,3,0,1648,0x0000000000000001,GpuIdle
2026-08-16T14:46:17.0979883-07:00,3347.3,1342,7001,17.62,43,5,4,0,1648,0x0000000000000001,GpuIdle
2026-08-16T14:46:19.1486681-07:00,3349.3,1350,7001,17.84,43,5,4,0,1648,0x0000000000000001,GpuIdle
2026-08-16T14:46:21.1970278-07:00,3351.4,1335,7001,17.63,43,5,3,0,1648,0x0000000000000001,GpuIdle
2026-08-16T14:46:23.2379480-07:00,3353.4,1357,7001,17.76,43,5,3,0,1648,0x0000000000000001,GpuIdle
2026-08-16T14:46:25.2889491-07:00,3355.5,1350,7001,17.78,43,5,3,0,1648,0x0000000000000001,GpuIdle
2026-08-16T14:46:27.3338524-07:00,3357.5,1320,7001,17.72,43,5,3,0,1648,0x0000000000000001,GpuIdle
2026-08-16T14:46:29.3810624-07:00,3359.5,1417,7001,17.97,43,5,3,0,1648,0x0000000000000001,GpuIdle
2026-08-16T14:46:31.4280728-07:00,3361.6,1320,7001,17.64,43,5,4,0,1648,0x0000000000000001,GpuIdle
2026-08-16T14:46:33.4739537-07:00,3363.6,1417,7001,17.72,43,6,4,0,1648,0x0000000000000001,GpuIdle
2026-08-16T14:46:35.5193863-07:00,3365.7,1320,7001,17.70,43,6,4,0,1648,0x0000000000000001,GpuIdle
2026-08-16T14:46:37.5653180-07:00,3367.7,1357,7001,17.65,43,6,4,0,1648,0x0000000000000001,GpuIdle
2026-08-16T14:46:39.6110881-07:00,3369.8,1335,7001,17.84,43,5,3,0,1648,0x0000000000000001,GpuIdle
2026-08-16T14:46:41.6548186-07:00,3371.8,1335,7001,17.66,43,5,3,0,1648,0x0000000000000001,GpuIdle
2026-08-16T14:46:43.6995288-07:00,3373.9,1342,7001,17.63,43,5,3,0,1648,0x0000000000000001,GpuIdle
2026-08-16T14:46:45.7462353-07:00,3375.9,1357,7001,17.50,43,5,3,0,1648,0x0000000000000001,GpuIdle
2026-08-16T14:46:47.7883789-07:00,3378,1275,7001,17.52,43,5,4,0,1648,0x0000000000000001,GpuIdle
2026-08-16T14:46:49.8289482-07:00,3380,1372,7001,17.63,43,5,3,0,1648,0x0000000000000001,GpuIdle
2026-08-16T14:46:51.8753202-07:00,3382,1305,7001,17.59,43,5,4,0,1648,0x0000000000000001,GpuIdle
2026-08-16T14:46:53.9245596-07:00,3384.1,1357,7001,17.58,43,5,3,0,1648,0x0000000000000001,GpuIdle
2026-08-16T14:46:55.9788218-07:00,3386.1,1335,7001,17.54,43,5,3,0,1648,0x0000000000000001,GpuIdle
2026-08-16T14:46:58.0215645-07:00,3388.2,1312,7001,17.60,43,6,4,0,1648,0x0000000000000001,GpuIdle
2026-08-16T14:47:00.0636922-07:00,3390.2,1357,7001,17.70,43,6,4,0,1648,0x0000000000000001,GpuIdle
2026-08-16T14:47:02.1085505-07:00,3392.3,1297,7001,17.55,43,5,4,0,1648,0x0000000000000001,GpuIdle
2026-08-16T14:47:04.1496282-07:00,3394.3,1327,7001,17.77,43,5,3,0,1648,0x0000000000000001,GpuIdle
2026-08-16T14:47:06.1963085-07:00,3396.4,1327,7001,17.67,43,5,4,0,1648,0x0000000000000001,GpuIdle
2026-08-16T14:47:08.2396307-07:00,3398.4,1320,7001,17.77,43,5,3,0,1648,0x0000000000000001,GpuIdle
2026-08-16T14:47:10.2767010-07:00,3400.4,1312,7001,17.61,43,5,4,0,1648,0x0000000000000001,GpuIdle
2026-08-16T14:47:12.3256939-07:00,3402.5,1327,7001,17.67,43,5,3,0,1648,0x0000000000000001,GpuIdle
2026-08-16T14:47:14.3753736-07:00,3404.5,1380,7001,17.73,43,5,3,0,1648,0x0000000000000001,GpuIdle
2026-08-16T14:47:16.4244546-07:00,3406.6,1335,7001,17.57,43,5,3,0,1648,0x0000000000000001,GpuIdle
2026-08-16T14:47:18.4736939-07:00,3408.6,1380,7001,17.68,43,6,3,0,1648,0x0000000000000001,GpuIdle
2026-08-16T14:47:20.5214084-07:00,3410.7,1365,7001,17.62,43,5,3,0,1648,0x0000000000000001,GpuIdle
2026-08-16T14:47:22.5688642-07:00,3412.7,1417,7001,17.77,43,6,4,0,1648,0x0000000000000001,GpuIdle
2026-08-16T14:47:24.6153186-07:00,3414.8,1365,7001,17.76,43,6,4,0,1648,0x0000000000000001,GpuIdle
2026-08-16T14:47:26.6592467-07:00,3416.8,1402,7001,17.72,43,6,4,0,1648,0x0000000000000001,GpuIdle
2026-08-16T14:47:28.7046561-07:00,3418.9,1342,7001,17.78,43,5,3,0,1648,0x0000000000000001,GpuIdle
2026-08-16T14:47:30.7480303-07:00,3420.9,1350,7001,17.59,43,5,3,0,1648,0x0000000000000001,GpuIdle
2026-08-16T14:47:32.7924040-07:00,3423,1290,7001,17.67,43,5,3,0,1648,0x0000000000000001,GpuIdle
2026-08-16T14:47:34.8369433-07:00,3425,1380,7001,17.79,43,6,4,0,1648,0x0000000000000001,GpuIdle
2026-08-16T14:47:36.8774389-07:00,3427,1282,7001,17.60,43,5,3,0,1648,0x0000000000000001,GpuIdle
2026-08-16T14:47:38.9264923-07:00,3429.1,1327,7001,17.61,43,5,3,0,1648,0x0000000000000001,GpuIdle
2026-08-16T14:47:40.9712646-07:00,3431.1,1350,7001,17.72,43,5,4,0,1648,0x0000000000000001,GpuIdle
2026-08-16T14:47:43.0176661-07:00,3433.2,1365,7001,17.54,43,5,4,0,1648,0x0000000000000001,GpuIdle
2026-08-16T14:47:45.0675354-07:00,3435.2,1357,7001,17.73,43,5,4,0,1648,0x0000000000000001,GpuIdle
2026-08-16T14:47:47.1112620-07:00,3437.3,1380,7001,17.66,43,6,3,0,1648,0x0000000000000001,GpuIdle
2026-08-16T14:47:49.1617693-07:00,3439.3,1372,7001,17.81,43,6,4,0,1648,0x0000000000000001,GpuIdle
2026-08-16T14:47:51.2050266-07:00,3441.4,1305,7001,17.51,43,6,4,0,1648,0x0000000000000001,GpuIdle
2026-08-16T14:47:53.2544869-07:00,3443.4,1342,7001,17.80,43,5,4,0,1648,0x0000000000000001,GpuIdle
2026-08-16T14:47:55.2985719-07:00,3445.5,1357,7001,17.73,43,5,3,0,1648,0x0000000000000001,GpuIdle
2026-08-16T14:47:57.3442708-07:00,3447.5,1350,7001,17.68,43,5,3,0,1648,0x0000000000000001,GpuIdle
2026-08-16T14:47:59.3978508-07:00,3449.6,1402,7001,17.81,43,5,3,0,1648,0x0000000000000001,GpuIdle
2026-08-16T14:48:01.4454484-07:00,3451.6,1335,7001,17.70,43,5,3,0,1648,0x0000000000000001,GpuIdle
2026-08-16T14:48:03.4919434-07:00,3453.7,1387,7001,17.63,43,5,3,0,1648,0x0000000000000001,GpuIdle
2026-08-16T14:48:05.5410620-07:00,3455.7,1297,7001,17.60,43,5,4,0,1648,0x0000000000000001,GpuIdle
2026-08-16T14:48:07.5879466-07:00,3457.8,1402,7001,17.62,43,5,3,0,1648,0x0000000000000001,GpuIdle
2026-08-16T14:48:09.6268649-07:00,3459.8,1395,7001,17.62,43,5,4,0,1648,0x0000000000000001,GpuIdle
2026-08-16T14:48:11.6703143-07:00,3461.8,1365,7001,17.61,43,6,3,0,1648,0x0000000000000001,GpuIdle
2026-08-16T14:48:13.7150942-07:00,3463.9,1417,7001,17.72,43,5,4,0,1648,0x0000000000000001,GpuIdle
2026-08-16T14:48:15.7569689-07:00,3465.9,1395,7001,17.62,43,6,4,0,1648,0x0000000000000001,GpuIdle
2026-08-16T14:48:17.8090414-07:00,3468,1327,7001,17.62,43,6,4,0,1648,0x0000000000000001,GpuIdle
2026-08-16T14:48:19.8568482-07:00,3470,1372,7001,17.73,43,6,3,0,1648,0x0000000000000001,GpuIdle
2026-08-16T14:48:21.9092746-07:00,3472.1,1282,7001,17.55,43,5,3,0,1648,0x0000000000000001,GpuIdle
2026-08-16T14:48:23.9494157-07:00,3474.1,1350,7001,17.66,43,5,3,0,1648,0x0000000000000001,GpuIdle
2026-08-16T14:48:25.9874199-07:00,3476.1,1320,7001,17.67,43,5,3,0,1648,0x0000000000000001,GpuIdle
2026-08-16T14:48:28.0362354-07:00,3478.2,1320,7001,17.58,43,5,3,0,1648,0x0000000000000001,GpuIdle
2026-08-16T14:48:30.0834715-07:00,3480.2,1312,7001,17.79,43,5,3,0,1648,0x0000000000000001,GpuIdle
2026-08-16T14:48:32.1279486-07:00,3482.3,1320,7001,17.58,43,5,3,0,1648,0x0000000000000001,GpuIdle
2026-08-16T14:48:34.1729492-07:00,3484.3,1372,7001,17.78,43,5,4,0,1648,0x0000000000000001,GpuIdle
2026-08-16T14:48:36.2183883-07:00,3486.4,1297,7001,17.41,43,5,3,0,1648,0x0000000000000001,GpuIdle
2026-08-16T14:48:38.2613931-07:00,3488.4,1387,7001,17.78,43,5,4,0,1648,0x0000000000000001,GpuIdle
2026-08-16T14:48:40.3140617-07:00,3490.5,1387,7001,17.72,43,6,4,0,1648,0x0000000000000001,GpuIdle
2026-08-16T14:48:42.3584729-07:00,3492.5,1372,7001,17.77,43,6,4,0,1648,0x0000000000000001,GpuIdle
2026-08-16T14:48:44.4099991-07:00,3494.6,1395,7001,17.70,43,7,4,0,1648,0x0000000000000001,GpuIdle
2026-08-16T14:48:46.4574540-07:00,3496.6,1342,7001,17.77,43,5,4,0,1648,0x0000000000000001,GpuIdle
2026-08-16T14:48:48.5079469-07:00,3498.7,1350,7001,17.69,43,6,3,0,1648,0x0000000000000001,GpuIdle
2026-08-16T14:48:50.5522621-07:00,3500.7,1342,7001,17.70,43,5,3,0,1648,0x0000000000000001,GpuIdle
2026-08-16T14:48:52.5949777-07:00,3502.8,1357,7001,17.56,43,6,3,0,1648,0x0000000000000001,GpuIdle
2026-08-16T14:48:54.6399481-07:00,3504.8,1335,7001,17.71,43,6,4,0,1648,0x0000000000000001,GpuIdle
2026-08-16T14:48:56.6888322-07:00,3506.9,1342,7001,17.51,43,6,3,0,1648,0x0000000000000001,GpuIdle
2026-08-16T14:48:58.7310616-07:00,3508.9,1357,7001,17.77,43,5,3,0,1648,0x0000000000000001,GpuIdle
2026-08-16T14:49:00.7766602-07:00,3510.9,1387,7001,17.60,43,5,3,0,1648,0x0000000000000001,GpuIdle
2026-08-16T14:49:02.8274048-07:00,3513,1282,7001,17.47,43,5,3,0,1648,0x0000000000000001,GpuIdle
2026-08-16T14:49:04.8671526-07:00,3515,1372,7001,17.70,43,5,3,0,1648,0x0000000000000001,GpuIdle
2026-08-16T14:49:06.9140696-07:00,3517.1,1312,7001,17.57,43,5,4,0,1648,0x0000000000000001,GpuIdle
2026-08-16T14:49:08.9575330-07:00,3519.1,1402,7001,17.70,43,6,4,0,1648,0x0000000000000001,GpuIdle
2026-08-16T14:49:11.0080495-07:00,3521.2,1312,7001,17.57,43,5,3,0,1648,0x0000000000000001,GpuIdle
2026-08-16T14:49:13.0560787-07:00,3523.2,1365,7001,17.56,43,6,4,0,1648,0x0000000000000001,GpuIdle
2026-08-16T14:49:15.0992349-07:00,3525.3,1290,7001,17.63,43,5,3,0,1648,0x0000000000000001,GpuIdle
2026-08-16T14:49:17.1504694-07:00,3527.3,1335,7001,17.57,43,5,3,0,1648,0x0000000000000001,GpuIdle
2026-08-16T14:49:19.2031470-07:00,3529.4,1342,7001,17.77,43,5,3,0,1648,0x0000000000000001,GpuIdle
2026-08-16T14:49:21.2435207-07:00,3531.4,1335,7001,17.56,43,5,3,0,1648,0x0000000000000001,GpuIdle
2026-08-16T14:49:23.2888755-07:00,3533.5,1350,7001,17.71,43,5,3,0,1648,0x0000000000000001,GpuIdle
2026-08-16T14:49:25.3330078-07:00,3535.5,1350,7001,17.74,43,5,3,0,1648,0x0000000000000001,GpuIdle
2026-08-16T14:49:27.3770679-07:00,3537.5,1342,7001,17.64,43,5,3,0,1648,0x0000000000000001,GpuIdle
2026-08-16T14:49:29.4158573-07:00,3539.6,1387,7001,17.61,43,5,3,0,1648,0x0000000000000001,GpuIdle
2026-08-16T14:49:31.4574186-07:00,3541.6,1320,7001,17.61,43,5,4,0,1648,0x0000000000000001,GpuIdle
2026-08-16T14:49:33.5073777-07:00,3543.7,1357,7001,17.64,43,6,4,0,1648,0x0000000000000001,GpuIdle
2026-08-16T14:49:35.5574364-07:00,3545.7,1372,7001,17.84,43,6,4,0,1648,0x0000000000000001,GpuIdle
2026-08-16T14:49:37.6067136-07:00,3547.8,1372,7001,17.63,43,6,4,0,1648,0x0000000000000001,GpuIdle
2026-08-16T14:49:39.6544571-07:00,3549.8,1365,7001,17.78,43,6,4,0,1648,0x0000000000000001,GpuIdle
2026-08-16T14:49:41.6993958-07:00,3551.9,1305,7001,17.59,43,5,3,0,1648,0x0000000000000001,GpuIdle
2026-08-16T14:49:43.7437005-07:00,3553.9,1320,7001,17.75,43,5,3,0,1648,0x0000000000000001,GpuIdle
2026-08-16T14:49:45.7850310-07:00,3555.9,1312,7001,17.57,43,5,3,0,1648,0x0000000000000001,GpuIdle
2026-08-16T14:49:47.8337279-07:00,3558,1305,7001,17.57,43,5,3,0,1648,0x0000000000000001,GpuIdle
2026-08-16T14:49:49.8789752-07:00,3560,1342,7001,17.57,43,5,3,0,1648,0x0000000000000001,GpuIdle
2026-08-16T14:49:51.9258426-07:00,3562.1,1312,7001,17.58,43,5,3,0,1648,0x0000000000000001,GpuIdle
2026-08-16T14:49:53.9670809-07:00,3564.1,1372,7001,17.63,43,5,4,0,1648,0x0000000000000001,GpuIdle
2026-08-16T14:49:56.0160358-07:00,3566.2,1297,7001,17.68,43,5,3,0,1648,0x0000000000000001,GpuIdle
2026-08-16T14:49:58.0641277-07:00,3568.2,1387,7001,17.59,43,5,3,0,1648,0x0000000000000001,GpuIdle
2026-08-16T14:50:00.1188556-07:00,3570.3,1342,7001,17.67,43,5,4,0,1648,0x0000000000000001,GpuIdle
2026-08-16T14:50:02.1712387-07:00,3572.3,1372,7001,17.59,43,6,4,0,1648,0x0000000000000001,GpuIdle
2026-08-16T14:50:04.2149728-07:00,3574.4,1342,7001,17.59,43,6,4,0,1648,0x0000000000000001,GpuIdle
2026-08-16T14:50:06.2658555-07:00,3576.4,1357,7001,17.45,43,6,4,0,1648,0x0000000000000001,GpuIdle
2026-08-16T14:50:08.3100683-07:00,3578.5,1305,7001,17.52,43,5,3,0,1648,0x0000000000000001,GpuIdle
2026-08-16T14:50:10.3551680-07:00,3580.5,1372,7001,17.60,43,5,3,0,1648,0x0000000000000001,GpuIdle
2026-08-16T14:50:12.3992996-07:00,3582.6,1312,7001,17.56,43,5,3,0,1648,0x0000000000000001,GpuIdle
2026-08-16T14:50:14.4439469-07:00,3584.6,1372,7001,17.61,43,5,3,0,1648,0x0000000000000001,GpuIdle
2026-08-16T14:50:16.4886139-07:00,3586.7,1327,7001,17.67,43,5,3,0,1648,0x0000000000000001,GpuIdle
2026-08-16T14:50:18.5352939-07:00,3588.7,1395,7001,17.59,43,5,3,0,1648,0x0000000000000001,GpuIdle
2026-08-16T14:50:20.5805339-07:00,3590.7,1372,7001,17.70,43,5,3,0,1648,0x0000000000000001,GpuIdle
2026-08-16T14:50:22.6232349-07:00,3592.8,1350,7001,17.48,43,5,3,0,1648,0x0000000000000001,GpuIdle
2026-08-16T14:50:24.6703707-07:00,3594.8,1342,7001,17.78,43,6,4,0,1648,0x0000000000000001,GpuIdle
2026-08-16T14:50:26.7167763-07:00,3596.9,1342,7001,17.50,43,6,4,0,1648,0x0000000000000001,GpuIdle
2026-08-16T14:50:28.7645136-07:00,3598.9,1395,7001,17.75,43,6,4,0,1648,0x0000000000000001,GpuIdle
