timestamp_iso,elapsed_seconds,sm_clock_mhz,memory_clock_mhz,power_draw_w,temperature_c,gpu_utilization_pct,memory_utilization_pct,fan_speed_pct,memory_used_mb,throttle_bitmask,throttle_reasons
2026-08-23T19:27:20.0884701-07:00,0.1,1297,810,15.36,41,5,13,32,1328,0x0000000000000001,GpuIdle
2026-08-23T19:27:21.1437890-07:00,1.2,1222,810,15.35,41,4,11,32,1329,0x0000000000000001,GpuIdle
2026-08-23T19:27:22.1775536-07:00,2.2,2955,16301,70.48,58,99,20,31,2243,0x0000000000000000,None
2026-08-23T19:27:23.2216028-07:00,3.3,2947,16301,173.32,61,99,20,31,2243,0x0000000000000000,None
2026-08-23T19:27:24.2677033-07:00,4.3,2947,16301,175.02,61,99,20,31,2243,0x0000000000000000,None
2026-08-23T19:27:25.3062626-07:00,5.3,2947,16301,169.50,62,99,20,32,2245,0x0000000000000000,None
2026-08-23T19:27:26.3406609-07:00,6.4,2947,16301,176.19,63,99,20,34,2246,0x0000000000000000,None
2026-08-23T19:27:27.3751105-07:00,7.4,2947,16301,170.66,63,99,20,36,2246,0x0000000000000000,None
2026-08-23T19:27:28.4094975-07:00,8.4,2947,16301,176.25,64,99,20,37,2246,0x0000000000000001,GpuIdle
2026-08-23T19:27:29.4479944-07:00,9.5,2947,16301,171.61,64,99,20,39,2246,0x0000000000000001,GpuIdle
2026-08-23T19:27:30.4865394-07:00,10.5,2947,16301,176.71,65,99,20,40,2246,0x0000000000000001,GpuIdle
2026-08-23T19:27:31.5298566-07:00,11.6,2947,16301,171.23,65,99,20,41,2240,0x0000000000000001,GpuIdle
2026-08-23T19:27:32.5637105-07:00,12.6,2947,16301,177.38,65,99,20,41,2238,0x0000000000000001,GpuIdle
2026-08-23T19:27:33.6022871-07:00,13.6,2947,16301,173.05,65,99,20,42,2238,0x0000000000000001,GpuIdle
2026-08-23T19:27:34.6408570-07:00,14.7,2947,16301,177.96,66,99,20,42,2238,0x0000000000000001,GpuIdle
2026-08-23T19:27:35.6961047-07:00,15.7,2947,16301,173.74,66,99,20,43,2238,0x0000000000000001,GpuIdle
2026-08-23T19:27:36.7422916-07:00,16.8,2947,16301,178.07,66,99,20,43,2238,0x0000000000000001,GpuIdle
2026-08-23T19:27:37.7773917-07:00,17.8,2947,16301,172.91,66,99,20,44,2238,0x0000000000000001,GpuIdle
2026-08-23T19:27:38.8158887-07:00,18.9,2947,16301,178.79,66,99,20,44,2238,0x0000000000000001,GpuIdle
2026-08-23T19:27:39.8545155-07:00,19.9,2940,16301,173.00,66,99,20,44,2238,0x0000000000000001,GpuIdle
2026-08-23T19:27:40.8888902-07:00,20.9,2947,16301,178.99,67,99,20,45,2238,0x0000000000000001,GpuIdle
2026-08-23T19:27:41.9236351-07:00,22,2947,16301,174.10,56,66,13,45,2238,0x0000000000000004,SwPowerCap
2026-08-23T19:27:42.9617793-07:00,23,2947,16301,174.15,67,99,20,45,2238,0x0000000000000001,GpuIdle
2026-08-23T19:27:43.9961700-07:00,24,2947,16301,179.81,68,99,20,45,2238,0x0000000000000001,GpuIdle
2026-08-23T19:27:45.0347753-07:00,25.1,2947,16301,174.24,67,99,20,46,2238,0x0000000000000001,GpuIdle
2026-08-23T19:27:46.0692004-07:00,26.1,2940,16301,175.01,67,99,20,46,2238,0x0000000000000001,GpuIdle
2026-08-23T19:27:47.1035919-07:00,27.1,2947,16301,179.91,68,99,20,46,2237,0x0000000000000001,GpuIdle
2026-08-23T19:27:48.1421261-07:00,28.2,2947,16301,175.24,58,64,13,46,2231,0x0000000000000004,SwPowerCap
2026-08-23T19:27:49.1764647-07:00,29.2,2947,16301,175.44,68,99,20,47,2231,0x0000000000000001,GpuIdle
2026-08-23T19:27:50.2150652-07:00,30.2,2947,16301,180.57,68,99,20,47,2231,0x0000000000000001,GpuIdle
2026-08-23T19:27:51.2577439-07:00,31.3,2947,16301,175.82,68,99,20,47,2231,0x0000000000000001,GpuIdle
2026-08-23T19:27:52.2922097-07:00,32.3,2947,16301,180.80,69,99,20,47,2231,0x0000000000000001,GpuIdle
2026-08-23T19:27:53.3266033-07:00,33.4,2947,16301,174.91,68,99,20,47,2231,0x0000000000000001,GpuIdle
2026-08-23T19:27:54.3734928-07:00,34.4,2947,16301,181.39,69,99,20,47,2231,0x0000000000000001,GpuIdle
2026-08-23T19:27:55.4164668-07:00,35.5,2947,16301,175.25,69,99,20,47,2231,0x0000000000000001,GpuIdle
2026-08-23T19:27:56.4508367-07:00,36.5,2947,16301,181.32,69,99,20,48,2231,0x0000000000000001,GpuIdle
2026-08-23T19:27:57.4849821-07:00,37.5,2947,16301,176.33,69,99,20,48,2231,0x0000000000000001,GpuIdle
2026-08-23T19:27:58.5193243-07:00,38.6,2947,16301,181.68,69,99,20,48,2231,0x0000000000000001,GpuIdle
2026-08-23T19:27:59.5495482-07:00,39.6,2947,16301,176.03,70,99,20,48,2231,0x0000000000000001,GpuIdle
2026-08-23T19:28:00.5922765-07:00,40.6,2947,16301,181.77,70,99,20,48,2231,0x0000000000000001,GpuIdle
2026-08-23T19:28:01.6267447-07:00,41.7,2947,16301,175.48,69,99,20,49,2231,0x0000000000000001,GpuIdle
2026-08-23T19:28:02.6611280-07:00,42.7,2947,16301,182.06,70,99,20,49,2231,0x0000000000000001,GpuIdle
2026-08-23T19:28:03.6954435-07:00,43.7,2947,16301,176.98,70,99,20,49,2231,0x0000000000000001,GpuIdle
2026-08-23T19:28:04.7298665-07:00,44.8,2947,16301,182.02,70,99,20,49,2231,0x0000000000000001,GpuIdle
2026-08-23T19:28:05.7642765-07:00,45.8,2940,16301,177.73,69,99,20,49,2231,0x0000000000000001,GpuIdle
2026-08-23T19:28:06.8029661-07:00,46.8,2947,16301,182.66,70,99,20,49,2231,0x0000000000000001,GpuIdle
2026-08-23T19:28:07.8372213-07:00,47.9,2947,16301,183.06,70,98,20,49,2231,0x0000000000000001,GpuIdle
2026-08-23T19:28:08.8757663-07:00,48.9,2947,16301,178.02,70,99,20,49,2231,0x0000000000000001,GpuIdle
2026-08-23T19:28:09.9105064-07:00,49.9,2947,16301,182.70,70,99,20,50,2231,0x0000000000000001,GpuIdle
2026-08-23T19:28:10.9570539-07:00,51,2947,16301,177.29,70,99,20,50,2231,0x0000000000000001,GpuIdle
2026-08-23T19:28:11.9914776-07:00,52,2947,16301,183.15,71,99,20,50,2231,0x0000000000000001,GpuIdle
2026-08-23T19:28:13.0257817-07:00,53.1,2947,16301,177.54,71,99,20,50,2231,0x0000000000000001,GpuIdle
2026-08-23T19:28:14.0606476-07:00,54.1,2947,16301,183.21,70,99,20,50,2231,0x0000000000000001,GpuIdle
2026-08-23T19:28:15.0938579-07:00,55.1,2947,16301,178.04,70,99,20,50,2231,0x0000000000000001,GpuIdle
2026-08-23T19:28:16.1440236-07:00,56.2,2947,16301,183.32,71,99,20,50,2231,0x0000000000000001,GpuIdle
2026-08-23T19:28:17.1805696-07:00,57.2,2947,16301,178.86,71,99,20,50,2231,0x0000000000000001,GpuIdle
2026-08-23T19:28:18.2144153-07:00,58.2,2992,16301,150.10,54,4,1,51,1318,0x0000000000000001,GpuIdle
2026-08-23T19:28:19.2491469-07:00,59.3,3000,16501,28.83,52,4,1,51,1318,0x0000000000000001,GpuIdle
2026-08-23T19:28:20.2836134-07:00,60.3,2947,16301,90.25,68,99,20,51,2231,0x0000000000000000,None
2026-08-23T19:28:21.3259897-07:00,61.4,2947,16301,182.00,70,99,20,50,2231,0x0000000000000000,None
2026-08-23T19:28:22.3728402-07:00,62.4,2947,16301,182.30,70,96,20,50,2231,0x0000000000000000,None
2026-08-23T19:28:23.4159636-07:00,63.5,2947,16301,177.75,70,99,20,50,2231,0x0000000000000000,None
2026-08-23T19:28:24.4502597-07:00,64.5,2947,16301,183.22,70,99,20,50,2231,0x0000000000000000,None
2026-08-23T19:28:25.4885085-07:00,65.5,2947,16301,177.54,71,99,20,50,2231,0x0000000000000000,None
2026-08-23T19:28:26.5400074-07:00,66.6,2947,16301,183.34,70,99,20,50,2231,0x0000000000000001,GpuIdle
2026-08-23T19:28:27.5784575-07:00,67.6,2947,16301,183.40,71,99,20,50,2231,0x0000000000000001,GpuIdle
2026-08-23T19:28:28.6209228-07:00,68.7,2947,16301,183.65,71,99,20,50,2231,0x0000000000000001,GpuIdle
2026-08-23T19:28:29.6598014-07:00,69.7,2947,16301,177.75,71,99,20,50,2231,0x0000000000000001,GpuIdle
2026-08-23T19:28:30.7025235-07:00,70.7,2947,16301,183.71,71,99,20,50,2231,0x0000000000000001,GpuIdle
2026-08-23T19:28:31.7366065-07:00,71.8,2947,16301,176.49,71,99,20,50,2231,0x0000000000000001,GpuIdle
2026-08-23T19:28:32.7803033-07:00,72.8,2947,16301,183.96,71,99,20,50,2231,0x0000000000000001,GpuIdle
2026-08-23T19:28:33.8221505-07:00,73.9,2947,16301,179.69,71,99,20,51,2231,0x0000000000000001,GpuIdle
2026-08-23T19:28:34.8612149-07:00,74.9,2947,16301,183.89,72,99,21,51,2231,0x0000000000000001,GpuIdle
2026-08-23T19:28:35.8994447-07:00,75.9,2947,16301,179.07,71,99,20,51,2231,0x0000000000000001,GpuIdle
2026-08-23T19:28:36.9337155-07:00,77,2947,16301,184.43,71,99,21,51,2231,0x0000000000000001,GpuIdle
2026-08-23T19:28:37.9680546-07:00,78,2947,16301,178.93,72,99,20,51,2231,0x0000000000000001,GpuIdle
2026-08-23T19:28:39.0064805-07:00,79,2947,16301,184.48,72,99,20,51,2231,0x0000000000000001,GpuIdle
2026-08-23T19:28:40.0412776-07:00,80.1,2940,16301,179.21,71,97,19,51,2231,0x0000000000000001,GpuIdle
2026-08-23T19:28:41.0758080-07:00,81.1,2947,16301,184.47,72,99,20,51,2231,0x0000000000000001,GpuIdle
2026-08-23T19:28:42.1180296-07:00,82.2,2947,16301,179.74,72,99,20,52,2231,0x0000000000000001,GpuIdle
2026-08-23T19:28:43.1526716-07:00,83.2,2947,16301,184.99,72,99,20,52,2231,0x0000000000000001,GpuIdle
2026-08-23T19:28:44.1909230-07:00,84.2,2940,16301,179.62,72,99,21,52,2231,0x0000000000000001,GpuIdle
2026-08-23T19:28:45.2253290-07:00,85.3,2947,16301,185.05,72,99,20,52,2231,0x0000000000000001,GpuIdle
2026-08-23T19:28:46.2597212-07:00,86.3,2940,16301,179.55,71,77,16,52,2231,0x0000000000000001,GpuIdle
2026-08-23T19:28:47.2988725-07:00,87.3,2947,16301,180.91,72,99,20,52,2231,0x0000000000000001,GpuIdle
2026-08-23T19:28:48.3327020-07:00,88.4,2947,16301,185.34,72,99,21,52,2231,0x0000000000000001,GpuIdle
2026-08-23T19:28:49.3670857-07:00,89.4,2947,16301,180.54,72,99,20,52,2231,0x0000000000000001,GpuIdle
2026-08-23T19:28:50.4078076-07:00,90.4,2947,16301,185.17,73,99,20,52,2231,0x0000000000000001,GpuIdle
2026-08-23T19:28:51.4484550-07:00,91.5,2947,16301,183.11,72,99,20,52,2231,0x0000000000000001,GpuIdle
2026-08-23T19:28:52.4910527-07:00,92.5,2947,16301,185.64,73,99,20,52,2231,0x0000000000000001,GpuIdle
2026-08-23T19:28:53.5296274-07:00,93.6,2947,16301,179.95,73,99,20,52,2231,0x0000000000000001,GpuIdle
2026-08-23T19:28:54.5640150-07:00,94.6,2947,16301,185.71,72,99,21,52,2231,0x0000000000000001,GpuIdle
2026-08-23T19:28:55.6069698-07:00,95.6,2947,16301,180.98,73,99,20,52,2231,0x0000000000000001,GpuIdle
2026-08-23T19:28:56.6453099-07:00,96.7,2947,16301,186.01,73,99,21,53,2231,0x0000000000000001,GpuIdle
2026-08-23T19:28:57.6797311-07:00,97.7,2947,16301,180.84,73,99,20,53,2231,0x0000000000000001,GpuIdle
2026-08-23T19:28:58.7182944-07:00,98.8,2947,16301,186.20,73,99,21,53,2232,0x0000000000000001,GpuIdle
2026-08-23T19:28:59.7526963-07:00,99.8,2955,16301,181.97,73,100,21,53,2232,0x0000000000000001,GpuIdle
2026-08-23T19:29:00.7870637-07:00,100.8,2947,16301,186.48,73,99,20,53,2232,0x0000000000000001,GpuIdle
2026-08-23T19:29:01.8214183-07:00,101.9,2947,16301,180.55,73,99,20,53,2232,0x0000000000000001,GpuIdle
2026-08-23T19:29:02.8600192-07:00,102.9,2947,16301,186.32,73,99,20,53,2232,0x0000000000000001,GpuIdle
2026-08-23T19:29:03.8943860-07:00,103.9,2940,16301,180.30,73,99,20,53,2232,0x0000000000000001,GpuIdle
2026-08-23T19:29:04.9287606-07:00,105,2947,16301,186.29,73,99,21,53,2230,0x0000000000000001,GpuIdle
2026-08-23T19:29:05.9631360-07:00,106,2940,16301,181.04,71,76,15,53,2230,0x0000000000000001,GpuIdle
2026-08-23T19:29:06.9975218-07:00,107,2947,16301,181.73,74,99,21,53,2230,0x0000000000000001,GpuIdle
2026-08-23T19:29:08.0319327-07:00,108.1,2947,16301,186.61,73,99,20,53,2230,0x0000000000000001,GpuIdle
2026-08-23T19:29:09.0776516-07:00,109.1,2947,16301,190.50,73,99,21,53,2230,0x0000000000000001,GpuIdle
2026-08-23T19:29:10.1235926-07:00,110.2,2940,16301,181.54,73,99,20,53,2230,0x0000000000000001,GpuIdle
2026-08-23T19:29:11.1604718-07:00,111.2,2947,16301,187.10,73,99,20,53,2230,0x0000000000000001,GpuIdle
2026-08-23T19:29:12.1946032-07:00,112.2,2940,16301,180.70,72,89,18,54,2230,0x0000000000000001,GpuIdle
2026-08-23T19:29:13.2289678-07:00,113.3,2947,16301,183.99,73,99,21,54,2230,0x0000000000000001,GpuIdle
2026-08-23T19:29:14.2675194-07:00,114.3,2947,16301,187.03,74,99,20,54,2230,0x0000000000000001,GpuIdle
2026-08-23T19:29:15.3060876-07:00,115.3,2947,16301,181.82,74,99,20,54,2230,0x0000000000000001,GpuIdle
2026-08-23T19:29:16.3407007-07:00,116.4,3000,16501,126.30,56,3,0,54,1317,0x0000000000000001,GpuIdle
2026-08-23T19:29:17.3792493-07:00,117.4,3000,16501,30.06,54,3,0,54,2230,0x0000000000000001,GpuIdle
2026-08-23T19:29:18.4137342-07:00,118.4,2947,16301,118.24,71,99,20,54,2230,0x0000000000000000,None
2026-08-23T19:29:19.4477396-07:00,119.5,2947,16301,184.81,72,99,20,53,2230,0x0000000000000000,None
2026-08-23T19:29:20.4908154-07:00,120.5,2940,16301,179.68,72,99,20,53,2230,0x0000000000000000,None
2026-08-23T19:29:21.5248648-07:00,121.6,2947,16301,185.59,72,99,20,52,2230,0x0000000000000000,None
2026-08-23T19:29:22.5634797-07:00,122.6,2947,16301,180.21,73,99,21,52,2232,0x0000000000000000,None
2026-08-23T19:29:23.5978688-07:00,123.6,2947,16301,186.29,73,99,20,52,2232,0x0000000000000000,None
2026-08-23T19:29:24.6447571-07:00,124.7,2947,16301,179.02,73,99,20,52,2232,0x0000000000000001,GpuIdle
2026-08-23T19:29:25.6791183-07:00,125.7,2947,16301,186.09,73,99,21,52,2232,0x0000000000000001,GpuIdle
2026-08-23T19:29:26.7180820-07:00,126.8,2940,16301,180.87,72,99,20,52,2232,0x0000000000000001,GpuIdle
2026-08-23T19:29:27.7670679-07:00,127.8,2947,16301,186.10,73,99,21,52,2232,0x0000000000000001,GpuIdle
2026-08-23T19:29:28.8031078-07:00,128.8,2947,16301,186.59,73,99,20,53,2232,0x0000000000000001,GpuIdle
2026-08-23T19:29:29.8374858-07:00,129.9,2947,16301,181.48,73,99,20,53,2232,0x0000000000000001,GpuIdle
2026-08-23T19:29:30.8718992-07:00,130.9,2947,16301,186.61,73,99,21,53,2232,0x0000000000000001,GpuIdle
2026-08-23T19:29:31.9066831-07:00,131.9,2947,16301,181.68,73,99,21,53,2232,0x0000000000000001,GpuIdle
2026-08-23T19:29:32.9448939-07:00,133,2947,16301,186.76,74,99,20,53,2232,0x0000000000000001,GpuIdle
2026-08-23T19:29:33.9833824-07:00,134,2947,16301,182.36,74,99,21,53,2232,0x0000000000000001,GpuIdle
2026-08-23T19:29:35.0177639-07:00,135.1,2947,16301,187.31,74,99,22,53,2232,0x0000000000000001,GpuIdle
2026-08-23T19:29:36.0521966-07:00,136.1,2947,16301,181.44,74,99,21,54,2232,0x0000000000000001,GpuIdle
2026-08-23T19:29:37.0948486-07:00,137.1,2947,16301,187.53,74,99,20,54,2232,0x0000000000000001,GpuIdle
2026-08-23T19:29:38.1292530-07:00,138.2,2947,16301,181.61,74,99,20,54,2232,0x0000000000000001,GpuIdle
2026-08-23T19:29:39.1636448-07:00,139.2,2947,16301,187.56,74,99,21,54,2232,0x0000000000000001,GpuIdle
2026-08-23T19:29:40.2105655-07:00,140.2,2947,16301,181.97,74,99,20,54,2232,0x0000000000000001,GpuIdle
2026-08-23T19:29:41.2452509-07:00,141.3,2947,16301,187.68,74,99,21,54,2232,0x0000000000000001,GpuIdle
2026-08-23T19:29:42.2793881-07:00,142.3,2947,16301,182.80,74,99,21,54,2232,0x0000000000000001,GpuIdle
2026-08-23T19:29:43.3137864-07:00,143.3,2947,16301,187.55,74,99,20,54,2232,0x0000000000000001,GpuIdle
2026-08-23T19:29:44.3486111-07:00,144.4,2940,16301,182.27,74,99,20,54,2232,0x0000000000000001,GpuIdle
2026-08-23T19:29:45.3825641-07:00,145.4,2947,16301,187.48,74,99,20,54,2232,0x0000000000000001,GpuIdle
2026-08-23T19:29:46.4307179-07:00,146.5,2940,16301,181.88,71,67,13,54,2232,0x0000000000000001,GpuIdle
2026-08-23T19:29:47.4679566-07:00,147.5,2947,16301,182.63,74,99,20,54,2232,0x0000000000000001,GpuIdle
2026-08-23T19:29:48.5190222-07:00,148.6,2947,16301,187.85,74,99,21,54,2232,0x0000000000000001,GpuIdle
2026-08-23T19:29:49.5533848-07:00,149.6,2947,16301,181.92,74,99,20,54,2232,0x0000000000000001,GpuIdle
2026-08-23T19:29:50.5878003-07:00,150.6,2940,16301,181.72,74,99,20,54,2232,0x0000000000000001,GpuIdle
2026-08-23T19:29:51.6221760-07:00,151.7,2947,16301,187.75,74,99,20,54,2232,0x0000000000000001,GpuIdle
2026-08-23T19:29:52.6568388-07:00,152.7,2940,16301,181.52,67,58,12,55,2232,0x0000000000000004,SwPowerCap
2026-08-23T19:29:53.6909701-07:00,153.7,2947,16301,188.02,74,99,21,55,2232,0x0000000000000001,GpuIdle
2026-08-23T19:29:54.7255311-07:00,154.8,2947,16301,188.45,74,99,21,55,2232,0x0000000000000001,GpuIdle
2026-08-23T19:29:55.7639608-07:00,155.8,2947,16301,182.95,74,99,21,55,2232,0x0000000000000001,GpuIdle
2026-08-23T19:29:56.8067067-07:00,156.8,2947,16301,188.49,74,99,21,55,2232,0x0000000000000001,GpuIdle
2026-08-23T19:29:57.8410204-07:00,157.9,2947,16301,182.74,74,99,21,55,2232,0x0000000000000001,GpuIdle
2026-08-23T19:29:58.8754715-07:00,158.9,2947,16301,188.36,74,99,21,55,2232,0x0000000000000001,GpuIdle
2026-08-23T19:29:59.9098385-07:00,159.9,2947,16301,183.40,74,99,21,55,2232,0x0000000000000001,GpuIdle
2026-08-23T19:30:00.9442280-07:00,161,2947,16301,188.51,74,99,20,55,2232,0x0000000000000001,GpuIdle
2026-08-23T19:30:01.9786110-07:00,162,2947,16301,182.79,74,99,20,55,2232,0x0000000000000001,GpuIdle
2026-08-23T19:30:03.0129405-07:00,163,2947,16301,188.40,75,99,21,55,2232,0x0000000000000001,GpuIdle
2026-08-23T19:30:04.0473041-07:00,164.1,2940,16301,183.32,74,99,21,55,2232,0x0000000000000001,GpuIdle
2026-08-23T19:30:05.0859573-07:00,165.1,2947,16301,188.37,74,99,21,55,2232,0x0000000000000001,GpuIdle
2026-08-23T19:30:06.1340562-07:00,166.2,2947,16301,183.13,74,99,20,55,2232,0x0000000000000001,GpuIdle
2026-08-23T19:30:07.1677489-07:00,167.2,2947,16301,188.27,75,99,21,55,2232,0x0000000000000001,GpuIdle
2026-08-23T19:30:08.2015567-07:00,168.2,2947,16301,182.32,75,99,21,55,2232,0x0000000000000001,GpuIdle
2026-08-23T19:30:09.2360023-07:00,169.3,2947,16301,188.60,75,99,21,55,2232,0x0000000000000001,GpuIdle
2026-08-23T19:30:10.2711887-07:00,170.3,2947,16301,183.43,74,99,20,55,2232,0x0000000000000001,GpuIdle
2026-08-23T19:30:11.3214560-07:00,171.4,2947,16301,188.41,75,99,20,55,2232,0x0000000000000001,GpuIdle
2026-08-23T19:30:12.3558627-07:00,172.4,2947,16301,188.37,75,92,20,55,2232,0x0000000000000001,GpuIdle
2026-08-23T19:30:13.3902468-07:00,173.4,2947,16301,183.64,75,99,21,55,2232,0x0000000000000001,GpuIdle
2026-08-23T19:30:14.4245386-07:00,174.5,3000,16501,119.79,57,3,0,56,1319,0x0000000000000001,GpuIdle
2026-08-23T19:30:15.4596579-07:00,175.5,3000,16501,30.80,55,3,0,56,2232,0x0000000000000001,GpuIdle
2026-08-23T19:30:16.4975142-07:00,176.5,2947,16301,141.12,72,99,21,55,2232,0x0000000000000000,None
2026-08-23T19:30:17.5319704-07:00,177.6,2947,16301,186.69,73,99,21,54,2232,0x0000000000000000,None
2026-08-23T19:30:18.5667157-07:00,178.6,2947,16301,182.32,74,99,21,54,2232,0x0000000000000000,None
2026-08-23T19:30:19.6007287-07:00,179.6,2947,16301,187.57,74,99,21,54,2232,0x0000000000000000,None
2026-08-23T19:30:20.6350650-07:00,180.7,2947,16301,182.18,74,99,21,54,2232,0x0000000000000000,None
2026-08-23T19:30:21.6736620-07:00,181.7,2947,16301,187.69,74,99,20,54,2232,0x0000000000000000,None
2026-08-23T19:30:22.7121724-07:00,182.7,2947,16301,183.40,74,99,21,54,2232,0x0000000000000001,GpuIdle
2026-08-23T19:30:23.7466507-07:00,183.8,2947,16301,187.92,74,100,20,54,2233,0x0000000000000001,GpuIdle
2026-08-23T19:30:24.7892709-07:00,184.8,2940,16301,182.06,74,99,20,54,2233,0x0000000000000001,GpuIdle
2026-08-23T19:30:25.8278517-07:00,185.9,2947,16301,188.00,74,99,21,54,2233,0x0000000000000001,GpuIdle
2026-08-23T19:30:26.8663859-07:00,186.9,2940,16301,182.91,71,66,14,54,2233,0x0000000000000001,GpuIdle
2026-08-23T19:30:27.9049832-07:00,187.9,2947,16301,182.61,74,99,21,54,2233,0x0000000000000001,GpuIdle
2026-08-23T19:30:28.9435306-07:00,189,2947,16301,188.25,75,99,20,54,2233,0x0000000000000001,GpuIdle
2026-08-23T19:30:29.9779038-07:00,190,2947,16301,183.04,74,99,20,54,2233,0x0000000000000001,GpuIdle
2026-08-23T19:30:31.0122583-07:00,191,2947,16301,188.71,74,99,21,54,2233,0x0000000000000001,GpuIdle
2026-08-23T19:30:32.0466538-07:00,192.1,2947,16301,181.00,74,99,21,55,2233,0x0000000000000001,GpuIdle
2026-08-23T19:30:33.0852533-07:00,193.1,2940,16301,182.62,66,64,14,55,2233,0x0000000000000004,SwPowerCap
2026-08-23T19:30:34.1196477-07:00,194.2,2947,16301,188.09,74,99,21,55,2233,0x0000000000000001,GpuIdle
2026-08-23T19:30:35.1539720-07:00,195.2,2947,16301,189.02,75,99,21,55,2233,0x0000000000000001,GpuIdle
2026-08-23T19:30:36.1925223-07:00,196.2,2947,16301,182.87,75,99,21,55,2233,0x0000000000000001,GpuIdle
2026-08-23T19:30:37.2269426-07:00,197.3,2947,16301,188.66,75,99,21,55,2233,0x0000000000000001,GpuIdle
2026-08-23T19:30:38.2613590-07:00,198.3,2947,16301,183.85,75,99,21,55,2233,0x0000000000000001,GpuIdle
2026-08-23T19:30:39.3003400-07:00,199.3,2947,16301,188.92,75,99,21,55,2233,0x0000000000000001,GpuIdle
2026-08-23T19:30:40.3384086-07:00,200.4,2947,16301,183.90,75,100,21,55,2233,0x0000000000000001,GpuIdle
2026-08-23T19:30:41.3728423-07:00,201.4,2947,16301,188.87,75,99,20,55,2233,0x0000000000000001,GpuIdle
2026-08-23T19:30:42.4113960-07:00,202.4,2947,16301,182.49,74,99,20,55,2233,0x0000000000000001,GpuIdle
2026-08-23T19:30:43.4509107-07:00,203.5,2947,16301,188.87,75,99,20,55,2233,0x0000000000000001,GpuIdle
2026-08-23T19:30:44.4914203-07:00,204.5,2940,16301,182.79,74,99,21,55,2233,0x0000000000000001,GpuIdle
2026-08-23T19:30:45.5316266-07:00,205.6,2947,16301,189.15,75,99,21,55,2233,0x0000000000000001,GpuIdle
2026-08-23T19:30:46.5655828-07:00,206.6,2947,16301,181.97,74,99,21,55,2233,0x0000000000000001,GpuIdle
2026-08-23T19:30:47.6086496-07:00,207.6,2947,16301,189.14,75,99,21,55,2233,0x0000000000000001,GpuIdle
2026-08-23T19:30:48.6427323-07:00,208.7,2947,16301,183.22,75,99,21,55,2233,0x0000000000000001,GpuIdle
2026-08-23T19:30:49.6771572-07:00,209.7,2947,16301,189.24,75,99,21,56,2233,0x0000000000000001,GpuIdle
2026-08-23T19:30:50.7156632-07:00,210.8,2940,16301,183.80,74,99,20,56,2233,0x0000000000000001,GpuIdle
2026-08-23T19:30:51.7500782-07:00,211.8,2947,16301,189.50,75,99,21,55,2233,0x0000000000000001,GpuIdle
2026-08-23T19:30:52.7844661-07:00,212.8,2947,16301,189.71,75,99,21,56,2233,0x0000000000000001,GpuIdle
2026-08-23T19:30:53.8230284-07:00,213.9,2947,16301,183.76,75,99,20,56,2233,0x0000000000000001,GpuIdle
2026-08-23T19:30:54.8615699-07:00,214.9,2947,16301,189.22,75,99,22,56,2235,0x0000000000000001,GpuIdle
2026-08-23T19:30:55.8959179-07:00,215.9,2947,16301,183.34,75,99,21,56,2240,0x0000000000000001,GpuIdle
2026-08-23T19:30:56.9386871-07:00,217,2947,16301,189.03,75,99,21,56,2240,0x0000000000000001,GpuIdle
2026-08-23T19:30:57.9858432-07:00,218,2947,16301,183.84,75,99,21,56,2240,0x0000000000000001,GpuIdle
2026-08-23T19:30:59.0199219-07:00,219.1,2947,16301,189.10,75,99,21,56,2240,0x0000000000000001,GpuIdle
2026-08-23T19:31:00.0626845-07:00,220.1,2947,16301,183.71,75,99,21,56,2240,0x0000000000000001,GpuIdle
2026-08-23T19:31:01.0970784-07:00,221.1,2947,16301,189.46,75,99,20,56,2240,0x0000000000000001,GpuIdle
2026-08-23T19:31:02.1383448-07:00,222.2,2947,16301,184.42,75,99,21,56,2240,0x0000000000000001,GpuIdle
2026-08-23T19:31:03.1824731-07:00,223.2,2947,16301,189.55,75,99,21,56,2240,0x0000000000000001,GpuIdle
2026-08-23T19:31:04.2169324-07:00,224.3,2947,16301,183.64,75,99,20,56,2240,0x0000000000000001,GpuIdle
2026-08-23T19:31:05.2512929-07:00,225.3,2947,16301,189.28,75,99,21,56,2240,0x0000000000000001,GpuIdle
2026-08-23T19:31:06.2900830-07:00,226.3,2947,16301,183.94,76,99,21,56,2240,0x0000000000000001,GpuIdle
2026-08-23T19:31:07.3241857-07:00,227.4,2947,16301,189.48,75,99,20,56,2240,0x0000000000000001,GpuIdle
2026-08-23T19:31:08.3585852-07:00,228.4,2940,16301,183.88,75,99,21,56,2240,0x0000000000000001,GpuIdle
2026-08-23T19:31:09.3971976-07:00,229.4,2947,16301,189.35,75,99,20,56,2240,0x0000000000000001,GpuIdle
2026-08-23T19:31:10.4315721-07:00,230.5,2940,16301,183.70,74,81,16,56,2240,0x0000000000000001,GpuIdle
2026-08-23T19:31:11.4659007-07:00,231.5,2947,16301,185.40,75,99,20,56,1984,0x0000000000000001,GpuIdle
2026-08-23T19:31:12.5072923-07:00,232.5,3000,16501,103.14,57,3,0,57,1333,0x0000000000000001,GpuIdle
2026-08-23T19:31:13.5437825-07:00,233.6,3000,16501,31.31,56,3,0,57,2246,0x0000000000000001,GpuIdle
2026-08-23T19:31:14.5780622-07:00,234.6,2947,16301,187.10,74,99,20,56,2244,0x0000000000000000,None
2026-08-23T19:31:15.6159759-07:00,235.7,2947,16301,187.96,74,99,21,55,2244,0x0000000000000000,None
2026-08-23T19:31:16.6503504-07:00,236.7,2947,16301,182.99,74,99,21,55,2244,0x0000000000000000,None
2026-08-23T19:31:17.6889366-07:00,237.7,2947,16301,188.25,74,99,20,55,2244,0x0000000000000000,None
2026-08-23T19:31:18.7240115-07:00,238.8,2947,16301,182.89,75,99,20,55,2244,0x0000000000000000,None
2026-08-23T19:31:19.7577204-07:00,239.8,2947,16301,188.37,75,99,20,55,2244,0x0000000000000000,None
2026-08-23T19:31:20.8176747-07:00,240.9,2947,16301,182.99,74,99,20,55,2244,0x0000000000000001,GpuIdle
2026-08-23T19:31:21.8560306-07:00,241.9,2947,16301,188.66,75,99,20,55,2244,0x0000000000000001,GpuIdle
2026-08-23T19:31:22.8900609-07:00,242.9,2947,16301,182.69,75,99,20,55,2244,0x0000000000000001,GpuIdle
2026-08-23T19:31:23.9244472-07:00,244,2947,16301,188.80,75,99,21,55,2244,0x0000000000000001,GpuIdle
2026-08-23T19:31:24.9588682-07:00,245,2940,16301,183.92,74,99,21,55,2244,0x0000000000000001,GpuIdle
2026-08-23T19:31:26.0015211-07:00,246,2947,16301,188.81,75,99,20,55,2244,0x0000000000000001,GpuIdle
2026-08-23T19:31:27.0359388-07:00,247.1,2940,16301,183.52,63,67,14,55,2244,0x0000000000000004,SwPowerCap
2026-08-23T19:31:28.0703336-07:00,248.1,2947,16301,189.25,75,99,21,55,2244,0x0000000000000001,GpuIdle
2026-08-23T19:31:29.1171850-07:00,249.2,2947,16301,184.38,75,99,20,55,2244,0x0000000000000001,GpuIdle
2026-08-23T19:31:30.1515672-07:00,250.2,2947,16301,189.16,75,99,21,55,2244,0x0000000000000001,GpuIdle
2026-08-23T19:31:31.1859514-07:00,251.2,2940,16301,183.86,75,99,21,55,2244,0x0000000000000001,GpuIdle
2026-08-23T19:31:32.2207489-07:00,252.3,2947,16301,188.86,75,99,20,55,2244,0x0000000000000001,GpuIdle
2026-08-23T19:31:33.2549919-07:00,253.3,2947,16301,184.20,65,69,15,55,2244,0x0000000000000004,SwPowerCap
2026-08-23T19:31:34.2940257-07:00,254.3,2947,16301,184.41,75,99,20,56,2244,0x0000000000000001,GpuIdle
2026-08-23T19:31:35.3276590-07:00,255.4,2947,16301,189.22,75,99,21,56,2244,0x0000000000000001,GpuIdle
2026-08-23T19:31:36.3624156-07:00,256.4,2947,16301,183.79,75,99,20,56,2244,0x0000000000000001,GpuIdle
2026-08-23T19:31:37.4007246-07:00,257.4,2947,16301,189.50,75,99,21,56,2244,0x0000000000000001,GpuIdle
2026-08-23T19:31:38.4350523-07:00,258.5,2947,16301,183.15,75,99,20,56,2244,0x0000000000000001,GpuIdle
2026-08-23T19:31:39.4708513-07:00,259.5,2947,16301,189.29,76,99,21,56,2244,0x0000000000000001,GpuIdle
2026-08-23T19:31:40.5079607-07:00,260.5,2947,16301,184.16,75,99,21,56,2244,0x0000000000000001,GpuIdle
2026-08-23T19:31:41.5423877-07:00,261.6,2947,16301,189.39,75,99,21,56,2244,0x0000000000000001,GpuIdle
2026-08-23T19:31:42.5767674-07:00,262.6,2947,16301,184.18,75,99,20,56,2244,0x0000000000000001,GpuIdle
2026-08-23T19:31:43.6111100-07:00,263.6,2947,16301,189.50,75,99,20,56,2244,0x0000000000000001,GpuIdle
2026-08-23T19:31:44.6579906-07:00,264.7,2947,16301,184.47,75,99,20,56,2244,0x0000000000000001,GpuIdle
2026-08-23T19:31:45.6924033-07:00,265.7,2947,16301,189.34,75,99,21,56,2244,0x0000000000000001,GpuIdle
2026-08-23T19:31:46.7309966-07:00,266.8,2947,16301,184.03,75,99,21,56,2244,0x0000000000000001,GpuIdle
2026-08-23T19:31:47.7694984-07:00,267.8,2947,16301,189.73,76,99,21,56,2244,0x0000000000000001,GpuIdle
2026-08-23T19:31:48.8038594-07:00,268.8,2947,16301,184.79,75,99,20,56,2244,0x0000000000000001,GpuIdle
2026-08-23T19:31:49.8383050-07:00,269.9,2947,16301,189.63,75,99,21,56,2244,0x0000000000000001,GpuIdle
2026-08-23T19:31:50.8768272-07:00,270.9,2940,16301,184.23,75,99,20,56,2244,0x0000000000000001,GpuIdle
2026-08-23T19:31:51.9112662-07:00,271.9,2947,16301,189.30,76,99,20,56,2240,0x0000000000000001,GpuIdle
2026-08-23T19:31:52.9497376-07:00,273,2947,16301,189.64,75,99,20,56,2240,0x0000000000000001,GpuIdle
2026-08-23T19:31:53.9842452-07:00,274,2947,16301,182.89,76,99,20,56,2238,0x0000000000000001,GpuIdle
2026-08-23T19:31:55.0190130-07:00,275.1,2947,16301,189.80,76,99,21,56,2238,0x0000000000000001,GpuIdle
2026-08-23T19:31:56.0571363-07:00,276.1,2947,16301,184.22,76,99,20,56,2238,0x0000000000000001,GpuIdle
2026-08-23T19:31:57.0915224-07:00,277.1,2940,16301,183.84,74,99,20,56,2238,0x0000000000000001,GpuIdle
2026-08-23T19:31:58.1398119-07:00,278.2,2947,16301,188.95,76,99,21,56,2238,0x0000000000000001,GpuIdle
2026-08-23T19:31:59.1810852-07:00,279.2,2947,16301,189.76,76,99,21,56,2238,0x0000000000000001,GpuIdle
2026-08-23T19:32:00.2279852-07:00,280.3,2947,16301,184.14,76,99,20,56,2238,0x0000000000000001,GpuIdle
2026-08-23T19:32:01.2623414-07:00,281.3,2947,16301,189.90,76,99,21,56,2238,0x0000000000000001,GpuIdle
2026-08-23T19:32:02.2926229-07:00,282.3,2947,16301,184.56,76,99,21,56,2238,0x0000000000000001,GpuIdle
2026-08-23T19:32:03.3315722-07:00,283.4,2947,16301,189.88,76,99,21,56,2238,0x0000000000000001,GpuIdle
2026-08-23T19:32:04.3655378-07:00,284.4,2947,16301,185.25,76,99,21,57,2238,0x0000000000000001,GpuIdle
2026-08-23T19:32:05.3999793-07:00,285.4,2947,16301,189.88,76,99,21,56,2238,0x0000000000000001,GpuIdle
2026-08-23T19:32:06.4343126-07:00,286.5,2947,16301,183.75,76,99,20,57,2238,0x0000000000000001,GpuIdle
2026-08-23T19:32:07.4686893-07:00,287.5,2947,16301,189.92,76,100,21,57,2238,0x0000000000000001,GpuIdle
2026-08-23T19:32:08.5033868-07:00,288.5,2932,16301,184.61,75,99,21,57,2238,0x0000000000000001,GpuIdle
2026-08-23T19:32:09.5375119-07:00,289.6,2947,16301,190.10,76,99,21,57,1982,0x0000000000000001,GpuIdle
2026-08-23T19:32:10.5722416-07:00,290.6,3000,16501,31.77,56,3,1,57,1325,0x0000000000000001,GpuIdle
2026-08-23T19:32:11.6145425-07:00,291.6,2947,16301,102.05,73,99,21,57,2238,0x0000000000000000,None
2026-08-23T19:32:12.6489502-07:00,292.7,2947,16301,187.63,74,99,20,56,2238,0x0000000000000000,None
2026-08-23T19:32:13.6833955-07:00,293.7,2940,16301,183.07,69,69,15,56,2238,0x0000000000000004,SwPowerCap
2026-08-23T19:32:14.7177773-07:00,294.8,2947,16301,183.84,75,99,21,55,2238,0x0000000000000000,None
2026-08-23T19:32:15.7646592-07:00,295.8,2947,16301,189.09,75,99,21,55,2238,0x0000000000000000,None
2026-08-23T19:32:16.7990548-07:00,296.8,2947,16301,183.77,75,99,21,55,2238,0x0000000000000000,None
2026-08-23T19:32:17.8430874-07:00,297.9,2947,16301,189.02,75,99,21,55,2238,0x0000000000000001,GpuIdle
2026-08-23T19:32:18.8848655-07:00,298.9,2947,16301,182.13,75,99,21,55,2238,0x0000000000000001,GpuIdle
2026-08-23T19:32:19.9230028-07:00,300,2947,16301,189.03,75,99,21,55,2238,0x0000000000000001,GpuIdle
2026-08-23T19:32:20.9657435-07:00,301,2947,16301,183.42,75,99,21,55,2238,0x0000000000000001,GpuIdle
2026-08-23T19:32:22.0003301-07:00,302,2947,16301,189.34,75,99,21,55,2238,0x0000000000000001,GpuIdle
2026-08-23T19:32:23.0348453-07:00,303.1,2947,16301,184.31,75,99,21,55,2238,0x0000000000000001,GpuIdle
2026-08-23T19:32:24.0688555-07:00,304.1,2947,16301,189.65,76,99,21,55,2238,0x0000000000000001,GpuIdle
2026-08-23T19:32:25.1032623-07:00,305.1,2947,16301,183.94,75,99,21,55,2238,0x0000000000000001,GpuIdle
2026-08-23T19:32:26.1376489-07:00,306.2,2947,16301,189.71,76,99,21,55,2238,0x0000000000000001,GpuIdle
2026-08-23T19:32:27.1720787-07:00,307.2,2947,16301,184.36,76,99,21,56,2238,0x0000000000000001,GpuIdle
2026-08-23T19:32:28.2065573-07:00,308.2,2947,16301,190.00,76,99,21,56,2238,0x0000000000000001,GpuIdle
2026-08-23T19:32:29.2408175-07:00,309.3,2947,16301,184.54,76,99,21,56,2238,0x0000000000000001,GpuIdle
2026-08-23T19:32:30.2794175-07:00,310.3,2947,16301,189.76,76,99,21,56,2238,0x0000000000000001,GpuIdle
2026-08-23T19:32:31.3262424-07:00,311.4,2932,16301,183.37,75,99,20,56,2238,0x0000000000000001,GpuIdle
2026-08-23T19:32:32.3606407-07:00,312.4,2947,16301,189.40,76,99,21,56,2238,0x0000000000000001,GpuIdle
2026-08-23T19:32:33.3950197-07:00,313.4,2947,16301,190.07,76,94,20,56,2238,0x0000000000000001,GpuIdle
2026-08-23T19:32:34.4294061-07:00,314.5,2947,16301,184.44,75,99,21,56,2238,0x0000000000000001,GpuIdle
2026-08-23T19:32:35.4638188-07:00,315.5,2947,16301,189.74,76,99,21,56,2238,0x0000000000000001,GpuIdle
2026-08-23T19:32:36.5047215-07:00,316.5,2947,16301,184.68,76,99,21,56,2238,0x0000000000000001,GpuIdle
2026-08-23T19:32:37.5450905-07:00,317.6,2947,16301,189.43,76,99,21,56,2238,0x0000000000000001,GpuIdle
2026-08-23T19:32:38.5794915-07:00,318.6,2947,16301,189.81,76,99,21,56,2238,0x0000000000000001,GpuIdle
2026-08-23T19:32:39.6139107-07:00,319.6,2947,16301,189.67,76,99,21,56,2238,0x0000000000000001,GpuIdle
2026-08-23T19:32:40.6565820-07:00,320.7,2947,16301,184.13,76,99,21,56,2238,0x0000000000000001,GpuIdle
2026-08-23T19:32:41.6909653-07:00,321.7,2947,16301,189.70,76,99,21,56,2240,0x0000000000000001,GpuIdle
2026-08-23T19:32:42.7254388-07:00,322.8,2947,16301,185.05,76,99,21,56,2240,0x0000000000000001,GpuIdle
2026-08-23T19:32:43.7597255-07:00,323.8,2947,16301,189.75,76,99,21,56,2234,0x0000000000000001,GpuIdle
2026-08-23T19:32:44.7982704-07:00,324.8,2947,16301,184.64,76,99,22,56,2234,0x0000000000000001,GpuIdle
2026-08-23T19:32:45.8326591-07:00,325.9,2947,16301,190.31,76,99,21,57,2234,0x0000000000000001,GpuIdle
2026-08-23T19:32:46.8797276-07:00,326.9,2947,16301,183.31,76,99,21,57,2234,0x0000000000000001,GpuIdle
2026-08-23T19:32:47.9139522-07:00,327.9,2947,16301,189.92,76,99,21,57,2234,0x0000000000000001,GpuIdle
2026-08-23T19:32:48.9483352-07:00,329,2940,16301,184.66,76,99,22,57,2234,0x0000000000000001,GpuIdle
2026-08-23T19:32:49.9827138-07:00,330,2947,16301,189.95,76,99,21,57,2234,0x0000000000000001,GpuIdle
2026-08-23T19:32:51.0171657-07:00,331.1,2940,16301,184.03,74,74,15,57,2234,0x0000000000000001,GpuIdle
2026-08-23T19:32:52.0515253-07:00,332.1,2947,16301,185.50,76,99,21,57,2234,0x0000000000000001,GpuIdle
2026-08-23T19:32:53.0859178-07:00,333.1,2947,16301,183.07,75,99,21,57,2234,0x0000000000000001,GpuIdle
2026-08-23T19:32:54.1243886-07:00,334.2,2947,16301,190.17,76,99,21,57,2234,0x0000000000000001,GpuIdle
2026-08-23T19:32:55.1676983-07:00,335.2,2932,16301,185.43,76,99,20,57,2234,0x0000000000000001,GpuIdle
2026-08-23T19:32:56.2060573-07:00,336.2,2947,16301,189.97,76,99,21,57,2234,0x0000000000000001,GpuIdle
2026-08-23T19:32:57.2401387-07:00,337.3,2940,16301,184.20,72,68,14,57,2234,0x0000000000000001,GpuIdle
2026-08-23T19:32:58.2744645-07:00,338.3,2947,16301,184.73,76,99,21,57,2234,0x0000000000000001,GpuIdle
2026-08-23T19:32:59.3130025-07:00,339.3,2947,16301,190.25,76,99,21,57,2234,0x0000000000000001,GpuIdle
2026-08-23T19:33:00.3473843-07:00,340.4,2947,16301,184.45,76,99,21,57,2234,0x0000000000000001,GpuIdle
2026-08-23T19:33:01.3817533-07:00,341.4,2947,16301,190.04,76,99,21,57,2234,0x0000000000000001,GpuIdle
2026-08-23T19:33:02.4161351-07:00,342.5,2947,16301,184.57,76,99,21,57,2234,0x0000000000000001,GpuIdle
2026-08-23T19:33:03.4505387-07:00,343.5,2947,16301,190.12,76,99,21,57,2234,0x0000000000000001,GpuIdle
2026-08-23T19:33:04.4850137-07:00,344.5,2947,16301,184.57,76,99,21,57,2234,0x0000000000000001,GpuIdle
2026-08-23T19:33:05.5235025-07:00,345.6,2947,16301,190.07,76,99,21,57,2234,0x0000000000000001,GpuIdle
2026-08-23T19:33:06.5583400-07:00,346.6,2947,16301,184.37,76,99,21,57,2234,0x0000000000000001,GpuIdle
2026-08-23T19:33:07.5927857-07:00,347.6,3000,16501,137.99,58,4,1,57,1321,0x0000000000000001,GpuIdle
2026-08-23T19:33:08.6275565-07:00,348.7,3000,16501,31.59,57,3,1,58,1321,0x0000000000000001,GpuIdle
2026-08-23T19:33:09.6655667-07:00,349.7,2947,16301,116.02,73,99,21,57,2234,0x0000000000000000,None
2026-08-23T19:33:10.6995724-07:00,350.7,2947,16301,188.17,74,99,20,57,2234,0x0000000000000000,None
2026-08-23T19:33:11.7339465-07:00,351.8,2940,16301,183.60,74,99,20,56,2236,0x0000000000000000,None
2026-08-23T19:33:12.7725224-07:00,352.8,2947,16301,188.59,75,99,20,56,2236,0x0000000000000000,None
2026-08-23T19:33:13.8131845-07:00,353.8,2947,16301,188.76,75,99,20,56,2236,0x0000000000000000,None
2026-08-23T19:33:14.8533504-07:00,354.9,2947,16301,180.27,75,99,20,56,2236,0x0000000000000000,None
2026-08-23T19:33:15.8924052-07:00,355.9,2947,16301,188.93,75,99,21,56,2236,0x0000000000000001,GpuIdle
2026-08-23T19:33:16.9267155-07:00,357,2947,16301,183.34,75,99,20,56,2231,0x0000000000000001,GpuIdle
2026-08-23T19:33:17.9739729-07:00,358,2947,16301,189.18,75,99,20,56,2231,0x0000000000000001,GpuIdle
2026-08-23T19:33:19.0080526-07:00,359,2947,16301,183.29,76,99,20,56,2231,0x0000000000000001,GpuIdle
2026-08-23T19:33:20.0423750-07:00,360.1,2947,16301,189.52,76,99,21,56,2231,0x0000000000000001,GpuIdle
2026-08-23T19:33:21.0892754-07:00,361.1,2947,16301,184.70,76,99,21,56,2231,0x0000000000000001,GpuIdle
2026-08-23T19:33:22.1278940-07:00,362.2,2947,16301,189.50,76,99,20,56,2231,0x0000000000000001,GpuIdle
2026-08-23T19:33:23.1622601-07:00,363.2,2947,16301,184.78,76,99,20,56,2231,0x0000000000000001,GpuIdle
2026-08-23T19:33:24.2007699-07:00,364.2,2947,16301,190.41,76,99,21,56,2231,0x0000000000000001,GpuIdle
2026-08-23T19:33:25.2351437-07:00,365.3,2947,16301,182.79,76,99,21,56,2231,0x0000000000000001,GpuIdle
2026-08-23T19:33:26.2695437-07:00,366.3,2947,16301,190.24,76,99,21,56,2231,0x0000000000000001,GpuIdle
2026-08-23T19:33:27.3081277-07:00,367.3,2947,16301,184.32,76,99,21,56,2231,0x0000000000000001,GpuIdle
2026-08-23T19:33:28.3425280-07:00,368.4,2947,16301,190.28,76,99,21,56,2231,0x0000000000000001,GpuIdle
2026-08-23T19:33:29.3768443-07:00,369.4,2932,16301,184.24,75,99,20,56,2231,0x0000000000000001,GpuIdle
2026-08-23T19:33:30.4113050-07:00,370.4,2947,16301,189.72,76,99,21,56,2231,0x0000000000000001,GpuIdle
2026-08-23T19:33:31.4498718-07:00,371.5,2932,16301,183.39,73,67,13,56,2231,0x0000000000000001,GpuIdle
2026-08-23T19:33:32.4864075-07:00,372.5,2947,16301,183.78,76,99,21,56,2231,0x0000000000000001,GpuIdle
2026-08-23T19:33:33.5352552-07:00,373.6,2947,16301,189.85,76,99,21,56,2231,0x0000000000000001,GpuIdle
2026-08-23T19:33:34.5696242-07:00,374.6,2947,16301,184.95,76,99,21,57,2231,0x0000000000000001,GpuIdle
2026-08-23T19:33:35.6082030-07:00,375.6,2932,16301,185.21,75,99,20,57,2231,0x0000000000000001,GpuIdle
2026-08-23T19:33:36.6426465-07:00,376.7,2947,16301,190.11,76,99,21,57,2231,0x0000000000000001,GpuIdle
2026-08-23T19:33:37.6769546-07:00,377.7,2932,16301,183.65,72,64,13,57,2231,0x0000000000000001,GpuIdle
2026-08-23T19:33:38.7114060-07:00,378.7,2947,16301,184.20,76,99,21,57,2231,0x0000000000000001,GpuIdle
2026-08-23T19:33:39.7498842-07:00,379.8,2947,16301,190.53,76,99,21,57,2231,0x0000000000000001,GpuIdle
2026-08-23T19:33:40.7842718-07:00,380.8,2947,16301,185.19,76,99,21,57,2231,0x0000000000000001,GpuIdle
2026-08-23T19:33:41.8274141-07:00,381.9,2947,16301,190.18,76,99,21,57,2231,0x0000000000000001,GpuIdle
2026-08-23T19:33:42.8613864-07:00,382.9,2947,16301,184.72,76,99,21,57,2231,0x0000000000000001,GpuIdle
2026-08-23T19:33:43.8957644-07:00,383.9,2947,16301,190.56,76,99,21,57,2231,0x0000000000000001,GpuIdle
2026-08-23T19:33:44.9301430-07:00,385,2947,16301,185.08,76,99,21,57,2231,0x0000000000000001,GpuIdle
2026-08-23T19:33:45.9645323-07:00,386,2947,16301,190.39,76,99,21,57,2231,0x0000000000000001,GpuIdle
2026-08-23T19:33:47.0031492-07:00,387,2947,16301,185.57,76,99,20,57,2231,0x0000000000000001,GpuIdle
2026-08-23T19:33:48.0375301-07:00,388.1,2947,16301,190.36,76,99,21,57,2231,0x0000000000000001,GpuIdle
2026-08-23T19:33:49.0844147-07:00,389.1,2947,16301,184.89,76,99,21,57,2231,0x0000000000000001,GpuIdle
2026-08-23T19:33:50.1187625-07:00,390.2,2947,16301,190.18,76,99,21,57,2231,0x0000000000000001,GpuIdle
2026-08-23T19:33:51.1531448-07:00,391.2,2947,16301,184.75,76,99,21,57,2231,0x0000000000000001,GpuIdle
2026-08-23T19:33:52.1908353-07:00,392.2,2947,16301,190.77,77,99,20,57,2231,0x0000000000000001,GpuIdle
2026-08-23T19:33:53.2311175-07:00,393.3,2947,16301,182.70,76,99,21,57,2231,0x0000000000000001,GpuIdle
2026-08-23T19:33:54.2646525-07:00,394.3,2947,16301,190.28,76,99,21,57,2231,0x0000000000000001,GpuIdle
2026-08-23T19:33:55.2990606-07:00,395.3,2940,16301,184.97,75,99,20,57,2231,0x0000000000000001,GpuIdle
2026-08-23T19:33:56.3376376-07:00,396.4,2947,16301,190.35,76,99,21,57,2231,0x0000000000000001,GpuIdle
2026-08-23T19:33:57.3719453-07:00,397.4,2947,16301,189.39,76,88,19,57,2231,0x0000000000000001,GpuIdle
2026-08-23T19:33:58.4147620-07:00,398.4,2947,16301,184.85,76,99,21,57,2231,0x0000000000000001,GpuIdle
2026-08-23T19:33:59.4538692-07:00,399.5,2947,16301,190.55,76,99,21,57,2231,0x0000000000000001,GpuIdle
2026-08-23T19:34:00.4883041-07:00,400.5,2947,16301,185.52,76,99,21,57,2231,0x0000000000000001,GpuIdle
2026-08-23T19:34:01.5220407-07:00,401.6,2947,16301,190.27,76,99,20,57,2231,0x0000000000000001,GpuIdle
2026-08-23T19:34:02.5605606-07:00,402.6,2947,16301,184.82,76,99,21,57,2231,0x0000000000000001,GpuIdle
2026-08-23T19:34:03.5991546-07:00,403.6,2947,16301,190.46,76,99,21,57,2231,0x0000000000000001,GpuIdle
2026-08-23T19:34:04.6459999-07:00,404.7,2947,16301,184.36,76,99,21,57,2231,0x0000000000000001,GpuIdle
2026-08-23T19:34:05.6809231-07:00,405.7,2985,16501,124.80,58,4,1,58,1318,0x0000000000000001,GpuIdle
2026-08-23T19:34:06.7147677-07:00,406.7,2985,16501,31.68,57,4,1,58,1329,0x0000000000000001,GpuIdle
2026-08-23T19:34:07.7578268-07:00,407.8,2947,16301,141.80,74,99,21,57,2231,0x0000000000000000,None
2026-08-23T19:34:08.7922068-07:00,408.8,2947,16301,188.66,75,99,21,57,2231,0x0000000000000000,None
2026-08-23T19:34:09.8305409-07:00,409.9,2932,16301,184.17,75,99,21,56,2231,0x0000000000000000,None
2026-08-23T19:34:10.8863832-07:00,410.9,2947,16301,188.93,75,99,20,56,2231,0x0000000000000000,None
2026-08-23T19:34:11.9242531-07:00,412,2940,16301,184.30,73,70,14,56,2231,0x0000000000000000,None
2026-08-23T19:34:12.9677146-07:00,413,2947,16301,184.46,75,99,20,56,2231,0x0000000000000000,None
2026-08-23T19:34:14.0014054-07:00,414,2947,16301,189.24,76,99,21,56,2231,0x0000000000000001,GpuIdle
2026-08-23T19:34:15.0357905-07:00,415.1,2947,16301,184.07,75,99,21,56,2231,0x0000000000000001,GpuIdle
2026-08-23T19:34:16.0701997-07:00,416.1,2947,16301,189.85,76,99,21,56,2231,0x0000000000000001,GpuIdle
2026-08-23T19:34:17.1045053-07:00,417.1,2947,16301,189.63,76,99,21,56,2231,0x0000000000000001,GpuIdle
2026-08-23T19:34:18.1388826-07:00,418.2,2940,16301,183.96,72,66,14,56,2231,0x0000000000000001,GpuIdle
2026-08-23T19:34:19.1732494-07:00,419.2,2947,16301,184.07,76,99,21,56,2231,0x0000000000000001,GpuIdle
2026-08-23T19:34:20.2076495-07:00,420.2,2947,16301,189.90,76,99,21,56,2231,0x0000000000000001,GpuIdle
2026-08-23T19:34:21.2423529-07:00,421.3,2947,16301,184.02,75,99,22,56,2231,0x0000000000000001,GpuIdle
2026-08-23T19:34:22.2770257-07:00,422.3,2947,16301,189.89,76,99,21,56,2231,0x0000000000000001,GpuIdle
2026-08-23T19:34:23.3108106-07:00,423.3,2947,16301,184.47,76,99,20,56,2231,0x0000000000000001,GpuIdle
2026-08-23T19:34:24.3494173-07:00,424.4,2947,16301,189.82,76,99,21,56,2231,0x0000000000000001,GpuIdle
2026-08-23T19:34:25.3837995-07:00,425.4,2947,16301,183.36,76,99,21,56,2231,0x0000000000000001,GpuIdle
2026-08-23T19:34:26.4181688-07:00,426.5,2947,16301,189.96,76,99,21,56,2231,0x0000000000000001,GpuIdle
2026-08-23T19:34:27.4525638-07:00,427.5,2947,16301,184.38,76,99,21,57,2231,0x0000000000000001,GpuIdle
2026-08-23T19:34:28.4868816-07:00,428.5,2947,16301,190.18,76,99,21,57,2231,0x0000000000000001,GpuIdle
2026-08-23T19:34:29.5385418-07:00,429.6,2940,16301,184.99,75,99,21,57,2231,0x0000000000000001,GpuIdle
2026-08-23T19:34:30.5765134-07:00,430.6,2947,16301,190.22,76,99,21,57,2231,0x0000000000000001,GpuIdle
2026-08-23T19:34:31.6150844-07:00,431.6,2947,16301,183.85,76,99,22,57,2231,0x0000000000000001,GpuIdle
2026-08-23T19:34:32.6495163-07:00,432.7,2947,16301,190.38,76,99,21,57,2231,0x0000000000000001,GpuIdle
2026-08-23T19:34:33.6839068-07:00,433.7,2947,16301,185.17,76,99,21,57,2231,0x0000000000000001,GpuIdle
2026-08-23T19:34:34.7182837-07:00,434.8,2947,16301,190.73,76,99,21,57,2231,0x0000000000000001,GpuIdle
2026-08-23T19:34:35.7651065-07:00,435.8,2940,16301,184.81,75,99,20,57,2231,0x0000000000000001,GpuIdle
2026-08-23T19:34:36.7995254-07:00,436.8,2947,16301,190.21,76,99,21,57,2231,0x0000000000000001,GpuIdle
2026-08-23T19:34:37.8338915-07:00,437.9,2947,16301,190.73,76,97,21,57,2231,0x0000000000000001,GpuIdle
2026-08-23T19:34:38.8682647-07:00,438.9,2947,16301,184.99,76,99,21,57,2231,0x0000000000000001,GpuIdle
2026-08-23T19:34:39.9026191-07:00,439.9,2947,16301,190.55,76,99,21,57,2231,0x0000000000000001,GpuIdle
2026-08-23T19:34:40.9370246-07:00,441,2947,16301,184.95,76,99,21,57,2231,0x0000000000000001,GpuIdle
2026-08-23T19:34:41.9756514-07:00,442,2947,16301,190.74,76,99,21,57,2231,0x0000000000000001,GpuIdle
2026-08-23T19:34:43.0100352-07:00,443,2947,16301,185.26,76,99,21,57,2231,0x0000000000000001,GpuIdle
2026-08-23T19:34:44.0485219-07:00,444.1,2947,16301,190.43,76,99,21,57,2231,0x0000000000000001,GpuIdle
2026-08-23T19:34:45.0871391-07:00,445.1,2947,16301,185.91,76,99,21,57,2231,0x0000000000000001,GpuIdle
2026-08-23T19:34:46.1215338-07:00,446.2,2947,16301,190.72,76,99,21,57,2231,0x0000000000000001,GpuIdle
2026-08-23T19:34:47.1559036-07:00,447.2,2947,16301,186.02,76,99,21,57,2231,0x0000000000000001,GpuIdle
2026-08-23T19:34:48.1981840-07:00,448.2,2947,16301,190.85,76,99,20,57,2231,0x0000000000000001,GpuIdle
2026-08-23T19:34:49.2371328-07:00,449.3,2947,16301,184.82,76,99,21,57,2231,0x0000000000000001,GpuIdle
2026-08-23T19:34:50.2756854-07:00,450.3,2947,16301,190.52,77,99,21,57,2231,0x0000000000000001,GpuIdle
2026-08-23T19:34:51.3226350-07:00,451.4,2947,16301,184.83,76,99,22,57,2231,0x0000000000000001,GpuIdle
2026-08-23T19:34:52.3570235-07:00,452.4,2947,16301,190.74,76,99,21,57,2231,0x0000000000000001,GpuIdle
2026-08-23T19:34:53.3913739-07:00,453.4,2940,16301,184.75,76,99,21,57,2231,0x0000000000000001,GpuIdle
2026-08-23T19:34:54.4257672-07:00,454.5,2947,16301,190.33,76,99,21,57,2231,0x0000000000000001,GpuIdle
2026-08-23T19:34:55.4643053-07:00,455.5,2940,16301,185.91,75,91,18,57,2231,0x0000000000000001,GpuIdle
2026-08-23T19:34:56.4986567-07:00,456.5,2947,16301,188.47,77,99,21,57,2231,0x0000000000000001,GpuIdle
2026-08-23T19:34:57.5330477-07:00,457.6,2947,16301,190.34,77,99,21,57,2231,0x0000000000000001,GpuIdle
2026-08-23T19:34:58.5716432-07:00,458.6,2947,16301,184.91,76,99,21,57,2231,0x0000000000000001,GpuIdle
2026-08-23T19:34:59.6060290-07:00,459.6,2932,16301,184.73,76,99,21,57,2231,0x0000000000000001,GpuIdle
2026-08-23T19:35:00.6403623-07:00,460.7,2947,16301,190.73,76,99,21,57,2231,0x0000000000000001,GpuIdle
2026-08-23T19:35:01.6747523-07:00,461.7,2940,16301,185.20,74,68,14,58,2231,0x0000000000000001,GpuIdle
2026-08-23T19:35:02.7091248-07:00,462.7,2947,16301,190.45,77,99,20,58,2231,0x0000000000000001,GpuIdle
2026-08-23T19:35:03.7476726-07:00,463.8,3000,16501,114.03,58,4,1,58,1318,0x0000000000000001,GpuIdle
2026-08-23T19:35:04.7903919-07:00,464.8,3000,16501,31.68,57,4,1,58,2231,0x0000000000000001,GpuIdle
2026-08-23T19:35:05.8247882-07:00,465.9,2947,16301,158.75,74,99,20,57,2231,0x0000000000000000,None
2026-08-23T19:35:06.8721079-07:00,466.9,2947,16301,188.87,75,99,21,57,2231,0x0000000000000000,None
2026-08-23T19:35:07.9060690-07:00,467.9,2947,16301,184.39,75,99,21,56,2231,0x0000000000000000,None
2026-08-23T19:35:08.9446145-07:00,469,2947,16301,189.46,76,99,21,56,2231,0x0000000000000000,None
2026-08-23T19:35:09.9832654-07:00,470,2925,16301,182.13,75,99,20,56,2231,0x0000000000000000,None
2026-08-23T19:35:11.0176114-07:00,471.1,2947,16301,189.39,76,99,21,56,2231,0x0000000000000000,None
2026-08-23T19:35:12.0560897-07:00,472.1,2947,16301,187.03,70,75,16,56,2231,0x0000000000000004,SwPowerCap
2026-08-23T19:35:13.0947561-07:00,473.1,2947,16301,190.12,76,99,22,56,2231,0x0000000000000001,GpuIdle
2026-08-23T19:35:14.1290924-07:00,474.2,2947,16301,184.61,76,99,21,56,2231,0x0000000000000001,GpuIdle
2026-08-23T19:35:15.1634836-07:00,475.2,2947,16301,189.73,76,99,20,56,2231,0x0000000000000001,GpuIdle
2026-08-23T19:35:16.2019745-07:00,476.2,2947,16301,185.07,75,99,20,56,2231,0x0000000000000001,GpuIdle
2026-08-23T19:35:17.2363691-07:00,477.3,2947,16301,190.29,76,99,20,56,2231,0x0000000000000001,GpuIdle
2026-08-23T19:35:18.2707514-07:00,478.3,2947,16301,189.39,76,90,19,56,2231,0x0000000000000001,GpuIdle
2026-08-23T19:35:19.3051342-07:00,479.3,2947,16301,184.88,76,99,21,56,2231,0x0000000000000001,GpuIdle
2026-08-23T19:35:20.3478341-07:00,480.4,2947,16301,190.40,76,99,21,56,2231,0x0000000000000001,GpuIdle
2026-08-23T19:35:21.3863942-07:00,481.4,2947,16301,185.28,76,99,21,57,2231,0x0000000000000001,GpuIdle
2026-08-23T19:35:22.4332848-07:00,482.5,2947,16301,190.40,76,99,21,57,2231,0x0000000000000001,GpuIdle
2026-08-23T19:35:23.4677118-07:00,483.5,2947,16301,184.65,76,99,20,57,2231,0x0000000000000001,GpuIdle
2026-08-23T19:35:24.5200161-07:00,484.6,2947,16301,190.23,76,99,20,57,2231,0x0000000000000001,GpuIdle
2026-08-23T19:35:25.5584003-07:00,485.6,2947,16301,185.24,76,99,21,57,2231,0x0000000000000001,GpuIdle
2026-08-23T19:35:26.5961992-07:00,486.6,2947,16301,190.30,76,99,21,57,2231,0x0000000000000001,GpuIdle
2026-08-23T19:35:27.6303114-07:00,487.7,2947,16301,184.89,77,99,21,57,2231,0x0000000000000001,GpuIdle
2026-08-23T19:35:28.6647743-07:00,488.7,2947,16301,190.46,76,99,21,57,2237,0x0000000000000001,GpuIdle
2026-08-23T19:35:29.7032076-07:00,489.7,2947,16301,185.26,76,99,22,57,2237,0x0000000000000001,GpuIdle
2026-08-23T19:35:30.7380138-07:00,490.8,2947,16301,190.52,77,99,21,57,2237,0x0000000000000001,GpuIdle
2026-08-23T19:35:31.7719412-07:00,491.8,2947,16301,183.99,76,99,21,57,2237,0x0000000000000001,GpuIdle
2026-08-23T19:35:32.8063066-07:00,492.8,2947,16301,190.76,76,99,21,57,2237,0x0000000000000001,GpuIdle
2026-08-23T19:35:33.8406987-07:00,493.9,2947,16301,184.38,76,99,21,57,2237,0x0000000000000001,GpuIdle
2026-08-23T19:35:34.8750765-07:00,494.9,2940,16301,190.42,76,99,20,57,2237,0x0000000000000001,GpuIdle
2026-08-23T19:35:35.9136401-07:00,495.9,2940,16301,187.89,76,99,20,57,2237,0x0000000000000001,GpuIdle
2026-08-23T19:35:36.9521860-07:00,497,2947,16301,190.74,76,99,21,57,2237,0x0000000000000001,GpuIdle
2026-08-23T19:35:37.9907869-07:00,498,2940,16301,190.77,77,99,20,57,2237,0x0000000000000001,GpuIdle
2026-08-23T19:35:39.0252014-07:00,499.1,2947,16301,185.27,77,99,21,57,2237,0x0000000000000001,GpuIdle
2026-08-23T19:35:40.0598721-07:00,500.1,2947,16301,190.96,77,99,21,57,2237,0x0000000000000001,GpuIdle
2026-08-23T19:35:41.0939286-07:00,501.1,2947,16301,190.62,76,99,21,57,2237,0x0000000000000001,GpuIdle
2026-08-23T19:35:42.1408411-07:00,502.2,2940,16301,185.38,76,99,20,57,2237,0x0000000000000001,GpuIdle
2026-08-23T19:35:43.1916472-07:00,503.2,2947,16301,190.35,77,99,21,57,2237,0x0000000000000001,GpuIdle
2026-08-23T19:35:44.2262768-07:00,504.3,2947,16301,191.15,77,99,20,57,2237,0x0000000000000001,GpuIdle
2026-08-23T19:35:45.2648438-07:00,505.3,2940,16301,184.83,76,99,20,57,2237,0x0000000000000001,GpuIdle
2026-08-23T19:35:46.2991672-07:00,506.3,2940,16301,190.41,77,99,20,57,2237,0x0000000000000001,GpuIdle
2026-08-23T19:35:47.3422541-07:00,507.4,2947,16301,185.03,77,99,21,58,2237,0x0000000000000001,GpuIdle
2026-08-23T19:35:48.3804898-07:00,508.4,2947,16301,191.07,77,99,21,58,2237,0x0000000000000001,GpuIdle
2026-08-23T19:35:49.4196404-07:00,509.5,2947,16301,185.26,77,99,20,57,2237,0x0000000000000001,GpuIdle
2026-08-23T19:35:50.4537850-07:00,510.5,2947,16301,191.15,77,99,21,58,2237,0x0000000000000001,GpuIdle
2026-08-23T19:35:51.4919382-07:00,511.5,2947,16301,185.02,77,99,21,58,2237,0x0000000000000001,GpuIdle
2026-08-23T19:35:52.5305425-07:00,512.6,2947,16301,190.99,77,99,21,58,2237,0x0000000000000001,GpuIdle
2026-08-23T19:35:53.5816363-07:00,513.6,2932,16301,185.93,76,99,20,58,2237,0x0000000000000001,GpuIdle
2026-08-23T19:35:54.6160074-07:00,514.7,2940,16301,190.34,77,99,20,58,2237,0x0000000000000001,GpuIdle
2026-08-23T19:35:55.6503299-07:00,515.7,2940,16301,185.12,76,99,20,58,2237,0x0000000000000001,GpuIdle
2026-08-23T19:35:56.6888779-07:00,516.7,2940,16301,190.20,77,99,20,58,2237,0x0000000000000001,GpuIdle
2026-08-23T19:35:57.7237123-07:00,517.8,2947,16301,185.12,76,99,21,58,2237,0x0000000000000001,GpuIdle
2026-08-23T19:35:58.7576423-07:00,518.8,2947,16301,190.87,77,99,20,58,2237,0x0000000000000001,GpuIdle
2026-08-23T19:35:59.7920260-07:00,519.8,2932,16301,185.89,76,99,20,58,2237,0x0000000000000001,GpuIdle
2026-08-23T19:36:00.8306375-07:00,520.9,2947,16301,190.69,77,99,21,58,1981,0x0000000000000001,GpuIdle
2026-08-23T19:36:01.8816792-07:00,521.9,3000,16501,90.98,58,3,1,58,1324,0x0000000000000001,GpuIdle
2026-08-23T19:36:02.9165091-07:00,523,3000,16301,32.15,57,20,4,58,2237,0x0000000000000000,None
2026-08-23T19:36:03.9469523-07:00,524,2947,16301,168.46,74,99,21,57,2237,0x0000000000000000,None
2026-08-23T19:36:04.9890163-07:00,525,2947,16301,189.10,75,99,20,57,2237,0x0000000000000000,None
2026-08-23T19:36:06.0233723-07:00,526.1,2947,16301,184.26,75,99,20,57,2237,0x0000000000000000,None
2026-08-23T19:36:07.0621436-07:00,527.1,2947,16301,189.63,76,99,21,56,2237,0x0000000000000000,None
2026-08-23T19:36:08.0962939-07:00,528.1,2947,16301,184.93,76,99,20,56,2237,0x0000000000000000,None
2026-08-23T19:36:09.1348561-07:00,529.2,2947,16301,189.49,76,99,21,56,2237,0x0000000000000001,GpuIdle
2026-08-23T19:36:10.1734500-07:00,530.2,2947,16301,183.90,76,99,20,56,2237,0x0000000000000001,GpuIdle
2026-08-23T19:36:11.2079354-07:00,531.2,2947,16301,190.03,76,99,21,56,2237,0x0000000000000001,GpuIdle
2026-08-23T19:36:12.2463916-07:00,532.3,2947,16301,184.51,76,99,20,56,2237,0x0000000000000001,GpuIdle
2026-08-23T19:36:13.2849387-07:00,533.3,2947,16301,190.22,76,99,21,56,2237,0x0000000000000001,GpuIdle
2026-08-23T19:36:14.3234882-07:00,534.4,2947,16301,185.12,76,99,21,56,2237,0x0000000000000001,GpuIdle
2026-08-23T19:36:15.3578202-07:00,535.4,2947,16301,190.77,76,99,21,56,2237,0x0000000000000001,GpuIdle
2026-08-23T19:36:16.3922695-07:00,536.4,2940,16301,183.93,75,99,20,56,2237,0x0000000000000001,GpuIdle
2026-08-23T19:36:17.4307556-07:00,537.5,2947,16301,190.58,76,99,21,56,2237,0x0000000000000001,GpuIdle
2026-08-23T19:36:18.4734731-07:00,538.5,2947,16301,190.64,76,99,22,57,2237,0x0000000000000001,GpuIdle
2026-08-23T19:36:19.5164915-07:00,539.6,2947,16301,184.99,76,99,21,57,2237,0x0000000000000001,GpuIdle
2026-08-23T19:36:20.5589452-07:00,540.6,2947,16301,190.57,76,99,21,57,2237,0x0000000000000001,GpuIdle
2026-08-23T19:36:21.6017026-07:00,541.6,2947,16301,190.25,76,99,21,57,2237,0x0000000000000001,GpuIdle
2026-08-23T19:36:22.6364871-07:00,542.7,2940,16301,185.02,75,99,21,57,2237,0x0000000000000001,GpuIdle
2026-08-23T19:36:23.6745916-07:00,543.7,2947,16301,189.89,76,99,21,57,2237,0x0000000000000001,GpuIdle
2026-08-23T19:36:24.7298286-07:00,544.8,2947,16301,190.91,76,99,21,57,2237,0x0000000000000001,GpuIdle
2026-08-23T19:36:25.7642267-07:00,545.8,2947,16301,185.60,76,99,21,57,2237,0x0000000000000001,GpuIdle
2026-08-23T19:36:26.8028262-07:00,546.8,2947,16301,190.48,76,99,21,57,2237,0x0000000000000001,GpuIdle
2026-08-23T19:36:27.8413373-07:00,547.9,2947,16301,185.08,76,99,21,57,2237,0x0000000000000001,GpuIdle
2026-08-23T19:36:28.8757037-07:00,548.9,2947,16301,190.71,77,99,21,57,2237,0x0000000000000001,GpuIdle
2026-08-23T19:36:29.9143337-07:00,549.9,2947,16301,185.38,76,99,21,57,2237,0x0000000000000001,GpuIdle
2026-08-23T19:36:30.9534372-07:00,551,2940,16301,190.68,76,99,21,57,2237,0x0000000000000001,GpuIdle
2026-08-23T19:36:31.9956185-07:00,552,2947,16301,185.40,76,99,21,57,2226,0x0000000000000001,GpuIdle
2026-08-23T19:36:33.0300008-07:00,553.1,2947,16301,190.93,77,99,21,57,2220,0x0000000000000001,GpuIdle
2026-08-23T19:36:34.0643180-07:00,554.1,2947,16301,185.51,76,99,21,57,2220,0x0000000000000001,GpuIdle
2026-08-23T19:36:35.0987161-07:00,555.1,2947,16301,190.92,77,99,21,57,2220,0x0000000000000001,GpuIdle
2026-08-23T19:36:36.1330902-07:00,556.2,2947,16301,185.68,76,99,21,57,2220,0x0000000000000001,GpuIdle
2026-08-23T19:36:37.1741955-07:00,557.2,2947,16301,190.83,76,99,20,57,2220,0x0000000000000001,GpuIdle
2026-08-23T19:36:38.2099257-07:00,558.2,2947,16301,184.88,77,99,21,57,2220,0x0000000000000001,GpuIdle
2026-08-23T19:36:39.2445915-07:00,559.3,2947,16301,190.96,76,99,22,57,2220,0x0000000000000001,GpuIdle
2026-08-23T19:36:40.2914932-07:00,560.3,2940,16301,185.33,76,99,21,57,2220,0x0000000000000001,GpuIdle
2026-08-23T19:36:41.3300355-07:00,561.4,2947,16301,191.45,76,99,21,57,2220,0x0000000000000001,GpuIdle
2026-08-23T19:36:42.3648033-07:00,562.4,2940,16301,185.19,75,78,16,57,2220,0x0000000000000001,GpuIdle
2026-08-23T19:36:43.3988499-07:00,563.4,2940,16301,186.57,77,99,20,57,2220,0x0000000000000001,GpuIdle
2026-08-23T19:36:44.4332318-07:00,564.5,2940,16301,190.42,77,99,20,57,2220,0x0000000000000001,GpuIdle
2026-08-23T19:36:45.4717433-07:00,565.5,2947,16301,185.56,77,99,20,57,2220,0x0000000000000001,GpuIdle
2026-08-23T19:36:46.5103519-07:00,566.5,2947,16301,190.94,77,99,21,58,2220,0x0000000000000001,GpuIdle
2026-08-23T19:36:47.5488356-07:00,567.6,2947,16301,184.43,76,99,20,58,2220,0x0000000000000001,GpuIdle
2026-08-23T19:36:48.5832315-07:00,568.6,2940,16301,190.47,76,99,20,58,2220,0x0000000000000001,GpuIdle
2026-08-23T19:36:49.6343405-07:00,569.7,2947,16301,190.74,77,99,21,57,2220,0x0000000000000001,GpuIdle
2026-08-23T19:36:50.6729290-07:00,570.7,2947,16301,191.20,77,99,21,58,2220,0x0000000000000001,GpuIdle
2026-08-23T19:36:51.7113572-07:00,571.7,2940,16301,188.42,77,99,20,58,2220,0x0000000000000001,GpuIdle
2026-08-23T19:36:52.7499239-07:00,572.8,2947,16301,190.99,77,99,21,58,2220,0x0000000000000001,GpuIdle
2026-08-23T19:36:53.7846923-07:00,573.8,2947,16301,184.14,76,99,21,58,2220,0x0000000000000001,GpuIdle
2026-08-23T19:36:54.8305298-07:00,574.9,2940,16301,190.75,76,99,20,58,2220,0x0000000000000001,GpuIdle
2026-08-23T19:36:55.8787662-07:00,575.9,2947,16301,184.92,77,99,20,58,2220,0x0000000000000001,GpuIdle
2026-08-23T19:36:56.9130604-07:00,576.9,2947,16301,190.80,76,99,21,58,2220,0x0000000000000001,GpuIdle
2026-08-23T19:36:57.9469332-07:00,578,2947,16301,185.29,77,99,21,58,2220,0x0000000000000001,GpuIdle
2026-08-23T19:36:58.9821990-07:00,579,2947,16301,190.89,76,99,21,58,1307,0x0000000000000001,GpuIdle
2026-08-23T19:37:00.0160699-07:00,580.1,3000,16501,57.72,58,3,1,58,1307,0x0000000000000001,GpuIdle
2026-08-23T19:37:01.0500439-07:00,581.1,2962,16301,52.02,72,100,21,58,2220,0x0000000000000000,None
2026-08-23T19:37:02.0844276-07:00,582.1,2947,16301,188.50,75,99,20,57,2220,0x0000000000000000,None
2026-08-23T19:37:03.1187780-07:00,583.2,2940,16301,183.85,75,99,20,57,2220,0x0000000000000000,None
2026-08-23T19:37:04.1574262-07:00,584.2,2947,16301,188.65,75,99,20,56,2220,0x0000000000000000,None
2026-08-23T19:37:05.1918000-07:00,585.2,2947,16301,187.84,76,85,18,56,2220,0x0000000000000000,None
2026-08-23T19:37:06.2302912-07:00,586.3,2947,16301,184.95,75,99,21,56,2220,0x0000000000000000,None
2026-08-23T19:37:07.2646596-07:00,587.3,2947,16301,189.63,76,99,21,56,2220,0x0000000000000001,GpuIdle
2026-08-23T19:37:08.2993916-07:00,588.3,2947,16301,184.87,76,99,20,56,2220,0x0000000000000001,GpuIdle
2026-08-23T19:37:09.3334578-07:00,589.4,2947,16301,189.89,76,99,21,56,2220,0x0000000000000001,GpuIdle
2026-08-23T19:37:10.3678086-07:00,590.4,2947,16301,183.96,75,99,21,56,2220,0x0000000000000001,GpuIdle
2026-08-23T19:37:11.4147275-07:00,591.4,2947,16301,189.87,76,99,21,56,2220,0x0000000000000001,GpuIdle
2026-08-23T19:37:12.4491815-07:00,592.5,2947,16301,186.30,76,99,20,56,2221,0x0000000000000001,GpuIdle
2026-08-23T19:37:13.4835357-07:00,593.5,2947,16301,190.18,76,99,21,56,2221,0x0000000000000001,GpuIdle
2026-08-23T19:37:14.5470954-07:00,594.6,2955,16301,185.04,78,100,20,56,2221,0x0000000000000001,GpuIdle
2026-08-23T19:37:15.5856447-07:00,595.6,2947,16301,191.22,76,99,21,56,2221,0x0000000000000001,GpuIdle
2026-08-23T19:37:16.6200329-07:00,596.7,2947,16301,184.15,76,99,21,56,2221,0x0000000000000001,GpuIdle
2026-08-23T19:37:17.6544277-07:00,597.7,2947,16301,190.36,76,99,20,57,2221,0x0000000000000001,GpuIdle
2026-08-23T19:37:18.6929709-07:00,598.7,2947,16301,184.93,76,99,21,57,2221,0x0000000000000001,GpuIdle
2026-08-23T19:37:19.7274233-07:00,599.8,2947,16301,193.31,77,99,21,57,2221,0x0000000000000001,GpuIdle
2026-08-23T19:37:20.7700676-07:00,600.8,2947,16301,185.70,76,99,20,57,2221,0x0000000000000001,GpuIdle
2026-08-23T19:37:21.8044360-07:00,601.8,2947,16301,190.25,76,99,20,57,2221,0x0000000000000001,GpuIdle
2026-08-23T19:37:22.8388274-07:00,602.9,2940,16301,187.45,75,99,20,57,2221,0x0000000000000001,GpuIdle
2026-08-23T19:37:23.8732147-07:00,603.9,2947,16301,190.10,77,99,21,57,2221,0x0000000000000001,GpuIdle
2026-08-23T19:37:24.9118318-07:00,604.9,2947,16301,190.38,76,99,21,57,2221,0x0000000000000001,GpuIdle
2026-08-23T19:37:25.9461308-07:00,606,2947,16301,185.68,76,99,20,57,2221,0x0000000000000001,GpuIdle
2026-08-23T19:37:26.9847480-07:00,607,2947,16301,190.61,76,99,20,57,2221,0x0000000000000001,GpuIdle
2026-08-23T19:37:28.0190775-07:00,608.1,2947,16301,183.39,76,99,21,57,2221,0x0000000000000001,GpuIdle
2026-08-23T19:37:29.0576265-07:00,609.1,2947,16301,190.32,76,99,21,57,2221,0x0000000000000001,GpuIdle
2026-08-23T19:37:30.0920161-07:00,610.1,2947,16301,183.86,76,99,21,57,2221,0x0000000000000001,GpuIdle
2026-08-23T19:37:31.1263612-07:00,611.2,2947,16301,190.73,77,99,21,57,2221,0x0000000000000001,GpuIdle
2026-08-23T19:37:32.1607654-07:00,612.2,2940,16301,184.68,77,99,20,57,2221,0x0000000000000001,GpuIdle
2026-08-23T19:37:33.2032326-07:00,613.2,2940,16301,189.82,76,99,20,57,2221,0x0000000000000001,GpuIdle
2026-08-23T19:37:34.2378675-07:00,614.3,2947,16301,185.09,77,99,20,57,2221,0x0000000000000001,GpuIdle
2026-08-23T19:37:35.2765285-07:00,615.3,2947,16301,190.91,77,99,21,58,2221,0x0000000000000001,GpuIdle
2026-08-23T19:37:36.3150327-07:00,616.3,2947,16301,183.69,77,99,21,58,2221,0x0000000000000001,GpuIdle
2026-08-23T19:37:37.3493945-07:00,617.4,2947,16301,190.89,77,99,20,58,2221,0x0000000000000001,GpuIdle
2026-08-23T19:37:38.3841226-07:00,618.4,2947,16301,185.61,76,99,21,58,2221,0x0000000000000001,GpuIdle
2026-08-23T19:37:39.4222956-07:00,619.5,2947,16301,191.03,77,99,21,58,2221,0x0000000000000001,GpuIdle
2026-08-23T19:37:40.4608972-07:00,620.5,2940,16301,185.16,76,99,20,58,2221,0x0000000000000001,GpuIdle
2026-08-23T19:37:41.4993859-07:00,621.5,2947,16301,191.24,77,99,21,58,2221,0x0000000000000001,GpuIdle
2026-08-23T19:37:42.5338008-07:00,622.6,2940,16301,185.96,70,70,15,58,2221,0x0000000000000004,SwPowerCap
2026-08-23T19:37:43.5681488-07:00,623.6,2947,16301,185.62,77,99,20,58,2221,0x0000000000000001,GpuIdle
2026-08-23T19:37:44.6067486-07:00,624.6,2947,16301,185.12,77,99,21,58,2221,0x0000000000000001,GpuIdle
2026-08-23T19:37:45.6414039-07:00,625.7,2947,16301,190.87,77,99,21,58,2221,0x0000000000000001,GpuIdle
2026-08-23T19:37:46.6754642-07:00,626.7,2932,16301,184.92,76,99,20,58,2221,0x0000000000000001,GpuIdle
2026-08-23T19:37:47.7098321-07:00,627.7,2947,16301,190.78,77,99,21,58,2221,0x0000000000000001,GpuIdle
2026-08-23T19:37:48.7442293-07:00,628.8,2947,16301,188.89,71,78,17,58,2221,0x0000000000000004,SwPowerCap
2026-08-23T19:37:49.7786046-07:00,629.8,2947,16301,185.17,77,99,21,58,2226,0x0000000000000001,GpuIdle
2026-08-23T19:37:50.8130483-07:00,630.8,2947,16301,190.84,77,99,21,58,2226,0x0000000000000001,GpuIdle
2026-08-23T19:37:51.8495400-07:00,631.9,2947,16301,184.87,76,99,21,58,2221,0x0000000000000001,GpuIdle
2026-08-23T19:37:52.8936259-07:00,632.9,2947,16301,190.93,77,99,21,58,2221,0x0000000000000001,GpuIdle
2026-08-23T19:37:53.9244815-07:00,634,2947,16301,184.74,77,99,21,58,2221,0x0000000000000001,GpuIdle
2026-08-23T19:37:54.9630769-07:00,635,2947,16301,190.62,77,99,21,58,2221,0x0000000000000001,GpuIdle
2026-08-23T19:37:56.0015823-07:00,636,2947,16301,185.04,76,99,21,58,2221,0x0000000000000001,GpuIdle
2026-08-23T19:37:57.0359611-07:00,637.1,2940,16301,190.78,77,99,20,58,1307,0x0000000000000001,GpuIdle
2026-08-23T19:37:58.0749338-07:00,638.1,3000,16501,47.75,58,3,1,59,1307,0x0000000000000001,GpuIdle
2026-08-23T19:37:59.1093228-07:00,639.1,2947,16301,127.00,74,99,20,58,2221,0x0000000000000000,None
2026-08-23T19:38:00.1474533-07:00,640.2,2947,16301,188.69,75,99,20,57,2221,0x0000000000000000,None
2026-08-23T19:38:01.1818418-07:00,641.2,2940,16301,182.14,75,99,20,57,2221,0x0000000000000000,None
2026-08-23T19:38:02.2203891-07:00,642.3,2947,16301,189.58,75,99,20,56,2221,0x0000000000000000,None
2026-08-23T19:38:03.2548322-07:00,643.3,2940,16301,184.66,65,68,14,56,2221,0x0000000000000004,SwPowerCap
2026-08-23T19:38:04.2892168-07:00,644.3,2947,16301,184.72,76,99,20,56,2226,0x0000000000000000,None
2026-08-23T19:38:05.3444523-07:00,645.4,2947,16301,189.81,76,99,20,56,2226,0x0000000000000001,GpuIdle
2026-08-23T19:38:06.3788281-07:00,646.4,2947,16301,184.87,76,99,20,56,2220,0x0000000000000001,GpuIdle
2026-08-23T19:38:07.4132164-07:00,647.4,2947,16301,190.87,76,99,20,56,2219,0x0000000000000001,GpuIdle
2026-08-23T19:38:08.4475802-07:00,648.5,2947,16301,183.71,76,99,20,56,2219,0x0000000000000001,GpuIdle
2026-08-23T19:38:09.4864291-07:00,649.5,2947,16301,192.99,77,100,21,56,2219,0x0000000000000001,GpuIdle
2026-08-23T19:38:10.5246974-07:00,650.6,2947,16301,185.57,76,99,21,56,2219,0x0000000000000001,GpuIdle
2026-08-23T19:38:11.5682749-07:00,651.6,2947,16301,190.07,76,99,20,56,2219,0x0000000000000001,GpuIdle
2026-08-23T19:38:12.6018050-07:00,652.6,2947,16301,184.79,76,99,20,56,2219,0x0000000000000001,GpuIdle
2026-08-23T19:38:13.6570557-07:00,653.7,2947,16301,190.36,76,99,20,56,2219,0x0000000000000001,GpuIdle
2026-08-23T19:38:14.6914650-07:00,654.7,2947,16301,185.00,76,99,20,57,2219,0x0000000000000001,GpuIdle
2026-08-23T19:38:15.7299335-07:00,655.8,2947,16301,190.53,76,99,20,57,2219,0x0000000000000001,GpuIdle
2026-08-23T19:38:16.7643101-07:00,656.8,2947,16301,185.13,76,99,20,57,2219,0x0000000000000001,GpuIdle
2026-08-23T19:38:17.7987066-07:00,657.8,2947,16301,190.73,77,99,21,57,2219,0x0000000000000001,GpuIdle
2026-08-23T19:38:18.8331390-07:00,658.9,2947,16301,184.85,76,99,20,57,2219,0x0000000000000001,GpuIdle
2026-08-23T19:38:19.8757942-07:00,659.9,2947,16301,190.26,76,99,21,57,2219,0x0000000000000001,GpuIdle
2026-08-23T19:38:20.9102158-07:00,660.9,2940,16301,185.57,76,99,20,57,2219,0x0000000000000001,GpuIdle
2026-08-23T19:38:21.9445831-07:00,662,2940,16301,189.94,76,99,20,57,2219,0x0000000000000001,GpuIdle
2026-08-23T19:38:22.9789954-07:00,663,2940,16301,190.32,77,99,19,57,2219,0x0000000000000001,GpuIdle
2026-08-23T19:38:24.0133448-07:00,664,2947,16301,184.47,76,99,20,57,2219,0x0000000000000001,GpuIdle
2026-08-23T19:38:25.0477798-07:00,665.1,2947,16301,190.63,77,99,21,57,2219,0x0000000000000001,GpuIdle
2026-08-23T19:38:26.0821747-07:00,666.1,2947,16301,185.24,76,99,21,57,2219,0x0000000000000001,GpuIdle
2026-08-23T19:38:27.1166515-07:00,667.2,2940,16301,185.19,75,76,15,57,2219,0x0000000000000001,GpuIdle
2026-08-23T19:38:28.1551004-07:00,668.2,2947,16301,186.23,77,99,21,57,2219,0x0000000000000001,GpuIdle
2026-08-23T19:38:29.2000805-07:00,669.2,2947,16301,191.16,77,99,21,57,2219,0x0000000000000001,GpuIdle
2026-08-23T19:38:30.2411571-07:00,670.3,2947,16301,185.43,77,99,21,57,2219,0x0000000000000001,GpuIdle
2026-08-23T19:38:31.2790306-07:00,671.3,2940,16301,191.22,77,99,20,57,2219,0x0000000000000001,GpuIdle
2026-08-23T19:38:32.3134138-07:00,672.3,2947,16301,185.72,77,99,21,57,2219,0x0000000000000001,GpuIdle
2026-08-23T19:38:33.3477975-07:00,673.4,2947,16301,191.20,77,99,20,57,2219,0x0000000000000001,GpuIdle
2026-08-23T19:38:34.3823663-07:00,674.4,2947,16301,183.84,77,99,20,57,2219,0x0000000000000001,GpuIdle
2026-08-23T19:38:35.4165723-07:00,675.5,2947,16301,191.18,77,99,20,58,2219,0x0000000000000001,GpuIdle
2026-08-23T19:38:36.4554760-07:00,676.5,2947,16301,185.82,77,99,20,57,2219,0x0000000000000001,GpuIdle
2026-08-23T19:38:37.4936558-07:00,677.5,2947,16301,191.22,77,99,20,58,2219,0x0000000000000001,GpuIdle
2026-08-23T19:38:38.5282025-07:00,678.6,2940,16301,185.76,76,99,20,58,2219,0x0000000000000001,GpuIdle
2026-08-23T19:38:39.5625023-07:00,679.6,2940,16301,190.73,77,99,19,58,2219,0x0000000000000001,GpuIdle
2026-08-23T19:38:40.6013382-07:00,680.6,2940,16301,184.98,77,99,19,58,2219,0x0000000000000001,GpuIdle
2026-08-23T19:38:41.6479123-07:00,681.7,2940,16301,190.34,77,99,20,58,2219,0x0000000000000001,GpuIdle
2026-08-23T19:38:42.6822686-07:00,682.7,2947,16301,184.77,77,99,20,58,2219,0x0000000000000001,GpuIdle
2026-08-23T19:38:43.7166585-07:00,683.8,2947,16301,191.12,77,99,20,58,2219,0x0000000000000001,GpuIdle
2026-08-23T19:38:44.7510327-07:00,684.8,2940,16301,183.51,76,99,20,58,2219,0x0000000000000001,GpuIdle
2026-08-23T19:38:45.7854023-07:00,685.8,2947,16301,190.79,77,99,20,58,2219,0x0000000000000001,GpuIdle
2026-08-23T19:38:46.8198249-07:00,686.9,2947,16301,190.15,77,90,19,58,2219,0x0000000000000001,GpuIdle
2026-08-23T19:38:47.8587789-07:00,687.9,2947,16301,185.81,77,99,20,58,2219,0x0000000000000001,GpuIdle
2026-08-23T19:38:48.9155987-07:00,688.9,2947,16301,190.97,76,99,20,58,2219,0x0000000000000001,GpuIdle
2026-08-23T19:38:49.9521391-07:00,690,2947,16301,184.57,77,99,20,58,2219,0x0000000000000001,GpuIdle
2026-08-23T19:38:50.9867351-07:00,691,2947,16301,191.19,77,99,21,58,2219,0x0000000000000001,GpuIdle
2026-08-23T19:38:52.0212937-07:00,692.1,2947,16301,183.38,77,99,20,58,2219,0x0000000000000001,GpuIdle
2026-08-23T19:38:53.0595325-07:00,693.1,2947,16301,190.94,77,99,20,58,2219,0x0000000000000001,GpuIdle
2026-08-23T19:38:54.0939135-07:00,694.1,2947,16301,185.18,77,99,21,58,2219,0x0000000000000001,GpuIdle
2026-08-23T19:38:55.1328430-07:00,695.2,2992,16501,128.26,59,4,1,58,1306,0x0000000000000001,GpuIdle
2026-08-23T19:38:56.1672886-07:00,696.2,3000,16501,32.26,57,4,1,59,1306,0x0000000000000001,GpuIdle
2026-08-23T19:38:57.2062011-07:00,697.2,2947,16301,140.00,75,99,20,58,2219,0x0000000000000000,None
2026-08-23T19:38:58.2397276-07:00,698.3,2947,16301,189.53,75,99,21,57,2219,0x0000000000000000,None
2026-08-23T19:38:59.2741582-07:00,699.3,2932,16301,184.21,75,99,20,57,2219,0x0000000000000000,None
2026-08-23T19:39:00.3210041-07:00,700.4,2947,16301,189.71,76,99,21,56,2219,0x0000000000000000,None
2026-08-23T19:39:01.3553713-07:00,701.4,2940,16301,182.57,75,59,12,56,2219,0x0000000000000000,None
2026-08-23T19:39:02.3897696-07:00,702.4,2947,16301,182.89,76,99,21,56,2219,0x0000000000000000,None
2026-08-23T19:39:03.4241492-07:00,703.5,2947,16301,190.11,76,99,21,56,2219,0x0000000000000001,GpuIdle
2026-08-23T19:39:04.4588622-07:00,704.5,2947,16301,184.54,76,99,21,56,2219,0x0000000000000001,GpuIdle
2026-08-23T19:39:05.4971305-07:00,705.5,2947,16301,190.11,76,99,20,56,2219,0x0000000000000001,GpuIdle
2026-08-23T19:39:06.5357018-07:00,706.6,2947,16301,185.23,76,99,20,56,2219,0x0000000000000001,GpuIdle
2026-08-23T19:39:07.5807089-07:00,707.6,2947,16301,190.51,76,99,20,56,2219,0x0000000000000001,GpuIdle
2026-08-23T19:39:08.6170109-07:00,708.7,2947,16301,185.55,77,99,21,56,2219,0x0000000000000001,GpuIdle
2026-08-23T19:39:09.6513188-07:00,709.7,2947,16301,190.88,77,99,20,56,2219,0x0000000000000001,GpuIdle
2026-08-23T19:39:10.6857617-07:00,710.7,2947,16301,185.31,76,99,20,57,2219,0x0000000000000001,GpuIdle
2026-08-23T19:39:11.7201478-07:00,711.8,2940,16301,190.39,77,99,20,57,2219,0x0000000000000001,GpuIdle
2026-08-23T19:39:12.7586191-07:00,712.8,2947,16301,185.21,77,99,20,57,2219,0x0000000000000001,GpuIdle
2026-08-23T19:39:13.7974858-07:00,713.8,2947,16301,190.58,76,99,20,57,2219,0x0000000000000001,GpuIdle
2026-08-23T19:39:14.8316363-07:00,714.9,2947,16301,186.03,76,99,20,57,2219,0x0000000000000001,GpuIdle
2026-08-23T19:39:15.8784541-07:00,715.9,2947,16301,190.69,76,99,21,57,2219,0x0000000000000001,GpuIdle
2026-08-23T19:39:16.9170823-07:00,717,2947,16301,184.93,77,99,21,57,2219,0x0000000000000001,GpuIdle
2026-08-23T19:39:17.9556164-07:00,718,2947,16301,190.80,76,99,20,57,2218,0x0000000000000001,GpuIdle
2026-08-23T19:39:18.9899479-07:00,719,2932,16301,185.63,76,99,21,57,2218,0x0000000000000001,GpuIdle
2026-08-23T19:39:20.0243703-07:00,720.1,2947,16301,190.71,77,99,21,57,2218,0x0000000000000001,GpuIdle
2026-08-23T19:39:21.0587648-07:00,721.1,2940,16301,189.93,75,82,17,57,2218,0x0000000000000004,SwPowerCap
2026-08-23T19:39:22.0972781-07:00,722.1,2947,16301,185.16,77,99,21,57,2218,0x0000000000000001,GpuIdle
2026-08-23T19:39:23.1316587-07:00,723.2,2947,16301,185.54,76,99,21,57,2218,0x0000000000000001,GpuIdle
2026-08-23T19:39:24.1660911-07:00,724.2,2947,16301,191.01,77,99,21,57,2218,0x0000000000000001,GpuIdle
2026-08-23T19:39:25.2129562-07:00,725.2,2932,16301,185.78,76,99,20,57,2218,0x0000000000000001,GpuIdle
2026-08-23T19:39:26.2554551-07:00,726.3,2940,16301,190.75,77,99,20,57,2218,0x0000000000000001,GpuIdle
2026-08-23T19:39:27.2942117-07:00,727.3,2947,16301,191.09,74,99,21,57,2218,0x0000000000000001,GpuIdle
2026-08-23T19:39:28.3285951-07:00,728.4,2947,16301,184.95,77,99,20,57,2218,0x0000000000000001,GpuIdle
2026-08-23T19:39:29.3629574-07:00,729.4,2947,16301,191.00,77,99,21,57,2218,0x0000000000000001,GpuIdle
2026-08-23T19:39:30.4015926-07:00,730.4,2947,16301,183.83,77,99,20,58,2218,0x0000000000000001,GpuIdle
2026-08-23T19:39:31.4484026-07:00,731.5,2947,16301,190.83,77,99,21,58,2218,0x0000000000000001,GpuIdle
2026-08-23T19:39:32.4869514-07:00,732.5,2947,16301,185.76,77,99,21,58,2218,0x0000000000000001,GpuIdle
2026-08-23T19:39:33.5215055-07:00,733.6,2947,16301,190.97,77,99,20,58,2218,0x0000000000000001,GpuIdle
2026-08-23T19:39:34.5557418-07:00,734.6,2947,16301,185.51,77,99,20,58,2218,0x0000000000000001,GpuIdle
2026-08-23T19:39:35.5901789-07:00,735.6,2940,16301,190.71,77,99,20,58,2218,0x0000000000000001,GpuIdle
2026-08-23T19:39:36.6245943-07:00,736.7,2940,16301,185.24,77,99,20,58,2218,0x0000000000000001,GpuIdle
2026-08-23T19:39:37.6589687-07:00,737.7,2940,16301,191.13,77,99,20,58,2218,0x0000000000000001,GpuIdle
2026-08-23T19:39:38.6932692-07:00,738.7,2947,16301,185.92,77,99,20,58,2218,0x0000000000000001,GpuIdle
2026-08-23T19:39:39.7318371-07:00,739.8,2947,16301,191.23,77,99,21,58,2218,0x0000000000000001,GpuIdle
2026-08-23T19:39:40.7662021-07:00,740.8,2947,16301,186.20,77,99,21,58,2218,0x0000000000000001,GpuIdle
2026-08-23T19:39:41.8005787-07:00,741.8,2947,16301,191.15,77,99,20,58,2218,0x0000000000000001,GpuIdle
2026-08-23T19:39:42.8349575-07:00,742.9,2932,16301,185.81,77,99,21,58,2218,0x0000000000000001,GpuIdle
2026-08-23T19:39:43.8777145-07:00,743.9,2947,16301,191.25,77,99,21,58,2218,0x0000000000000001,GpuIdle
2026-08-23T19:39:44.9204466-07:00,745,2940,16301,186.40,77,73,15,58,2218,0x0000000000000001,GpuIdle
2026-08-23T19:39:45.9631840-07:00,746,2947,16301,191.40,77,99,20,58,2218,0x0000000000000001,GpuIdle
2026-08-23T19:39:47.0146816-07:00,747,2940,16301,186.78,67,99,20,58,2218,0x0000000000000001,GpuIdle
2026-08-23T19:39:48.0527983-07:00,748.1,2940,16301,185.47,76,99,20,58,2218,0x0000000000000001,GpuIdle
2026-08-23T19:39:49.0871261-07:00,749.1,2940,16301,191.14,77,99,20,58,2218,0x0000000000000001,GpuIdle
2026-08-23T19:39:50.1215662-07:00,750.2,2940,16301,191.30,77,99,20,58,2218,0x0000000000000001,GpuIdle
2026-08-23T19:39:51.1559404-07:00,751.2,2932,16301,184.65,76,65,13,58,2218,0x0000000000000001,GpuIdle
2026-08-23T19:39:52.1908343-07:00,752.2,2947,16301,191.43,77,99,21,58,2218,0x0000000000000001,GpuIdle
2026-08-23T19:39:53.2256086-07:00,753.3,3000,16501,103.18,59,4,1,58,1305,0x0000000000000001,GpuIdle
2026-08-23T19:39:54.2595702-07:00,754.3,3000,16501,32.13,57,4,1,59,2218,0x0000000000000001,GpuIdle
2026-08-23T19:39:55.2978105-07:00,755.3,2947,16301,157.14,75,99,21,58,2218,0x0000000000000000,None
2026-08-23T19:39:56.3320385-07:00,756.4,2947,16301,189.69,75,99,21,57,2218,0x0000000000000000,None
2026-08-23T19:39:57.3664298-07:00,757.4,2947,16301,183.82,76,99,20,57,2218,0x0000000000000000,None
2026-08-23T19:39:58.4015925-07:00,758.4,2947,16301,190.25,76,99,21,57,2218,0x0000000000000000,None
2026-08-23T19:39:59.4351904-07:00,759.5,2940,16301,184.05,76,99,20,57,2218,0x0000000000000000,None
2026-08-23T19:40:00.4695634-07:00,760.5,2947,16301,189.99,76,99,21,56,2218,0x0000000000000000,None
2026-08-23T19:40:01.5038707-07:00,761.5,2947,16301,184.49,74,99,21,56,2218,0x0000000000000001,GpuIdle
2026-08-23T19:40:02.5638704-07:00,762.6,2947,16301,184.94,76,99,21,57,2218,0x0000000000000001,GpuIdle
2026-08-23T19:40:03.5981001-07:00,763.6,2947,16301,190.78,76,99,21,57,2218,0x0000000000000001,GpuIdle
2026-08-23T19:40:04.6320502-07:00,764.7,2947,16301,190.91,76,99,21,57,2218,0x0000000000000001,GpuIdle
2026-08-23T19:40:05.6664142-07:00,765.7,2940,16301,185.66,76,99,20,57,2218,0x0000000000000001,GpuIdle
2026-08-23T19:40:06.7008754-07:00,766.7,2947,16301,190.81,77,99,21,57,2218,0x0000000000000001,GpuIdle
2026-08-23T19:40:07.7353525-07:00,767.8,2947,16301,185.55,73,99,20,57,2218,0x0000000000000001,GpuIdle
2026-08-23T19:40:08.7737587-07:00,768.8,2947,16301,190.62,77,99,21,57,2218,0x0000000000000001,GpuIdle
2026-08-23T19:40:09.8081161-07:00,769.8,2947,16301,190.84,77,99,21,57,2218,0x0000000000000001,GpuIdle
2026-08-23T19:40:10.8424918-07:00,770.9,2947,16301,185.25,77,99,21,57,2218,0x0000000000000001,GpuIdle
2026-08-23T19:40:11.8768732-07:00,771.9,2947,16301,190.97,76,99,21,57,2218,0x0000000000000001,GpuIdle
2026-08-23T19:40:12.9112621-07:00,772.9,2947,16301,185.93,76,99,21,57,2218,0x0000000000000001,GpuIdle
2026-08-23T19:40:13.9498732-07:00,774,2947,16301,191.04,77,99,21,57,2218,0x0000000000000001,GpuIdle
2026-08-23T19:40:14.9883749-07:00,775,2947,16301,186.19,77,99,21,57,2218,0x0000000000000001,GpuIdle
2026-08-23T19:40:16.0270031-07:00,776.1,2947,16301,191.36,77,99,21,57,2218,0x0000000000000001,GpuIdle
2026-08-23T19:40:17.0614782-07:00,777.1,2940,16301,185.45,77,99,21,57,2218,0x0000000000000001,GpuIdle
2026-08-23T19:40:18.0966970-07:00,778.1,2947,16301,191.18,77,99,21,57,2218,0x0000000000000001,GpuIdle
2026-08-23T19:40:19.1342391-07:00,779.2,2947,16301,185.39,77,99,21,57,2218,0x0000000000000001,GpuIdle
2026-08-23T19:40:20.1770169-07:00,780.2,2940,16301,190.71,76,99,20,57,2218,0x0000000000000001,GpuIdle
2026-08-23T19:40:21.2235719-07:00,781.3,2947,16301,184.65,76,99,21,57,2218,0x0000000000000001,GpuIdle
2026-08-23T19:40:22.2586139-07:00,782.3,2947,16301,191.54,77,99,21,57,2218,0x0000000000000001,GpuIdle
2026-08-23T19:40:23.2927776-07:00,783.3,2932,16301,185.77,77,99,21,58,2218,0x0000000000000001,GpuIdle
2026-08-23T19:40:24.3270855-07:00,784.4,2940,16301,191.09,76,99,20,58,2218,0x0000000000000001,GpuIdle
2026-08-23T19:40:25.3614578-07:00,785.4,2932,16301,184.86,76,99,20,58,2218,0x0000000000000001,GpuIdle
2026-08-23T19:40:26.3958252-07:00,786.4,2947,16301,191.39,77,99,21,58,2218,0x0000000000000001,GpuIdle
2026-08-23T19:40:27.4302402-07:00,787.5,2940,16301,188.80,70,99,20,58,2218,0x0000000000000001,GpuIdle
2026-08-23T19:40:28.4647391-07:00,788.5,2947,16301,186.33,77,99,21,58,2218,0x0000000000000001,GpuIdle
2026-08-23T19:40:29.4989781-07:00,789.5,2947,16301,191.55,77,99,21,58,2218,0x0000000000000001,GpuIdle
2026-08-23T19:40:30.5333604-07:00,790.6,2947,16301,185.87,77,99,21,58,2218,0x0000000000000001,GpuIdle
2026-08-23T19:40:31.5676856-07:00,791.6,2947,16301,191.67,77,99,21,58,2218,0x0000000000000001,GpuIdle
2026-08-23T19:40:32.6062373-07:00,792.6,2947,16301,185.25,77,99,21,58,2218,0x0000000000000001,GpuIdle
2026-08-23T19:40:33.6447862-07:00,793.7,2947,16301,191.28,77,99,21,58,2218,0x0000000000000001,GpuIdle
2026-08-23T19:40:34.6749904-07:00,794.7,2940,16301,185.70,77,99,20,58,2218,0x0000000000000001,GpuIdle
2026-08-23T19:40:35.7094023-07:00,795.7,2940,16301,190.95,77,99,20,58,2224,0x0000000000000001,GpuIdle
2026-08-23T19:40:36.7437620-07:00,796.8,2947,16301,184.24,77,99,21,58,2224,0x0000000000000001,GpuIdle
2026-08-23T19:40:37.7781570-07:00,797.8,2947,16301,191.35,77,99,21,58,2218,0x0000000000000001,GpuIdle
2026-08-23T19:40:38.8167783-07:00,798.9,2940,16301,185.38,77,99,20,58,2218,0x0000000000000001,GpuIdle
2026-08-23T19:40:39.8552534-07:00,799.9,2940,16301,191.12,77,99,20,58,2218,0x0000000000000001,GpuIdle
2026-08-23T19:40:40.8967627-07:00,800.9,2947,16301,185.29,77,99,21,58,2218,0x0000000000000001,GpuIdle
2026-08-23T19:40:41.9285454-07:00,802,2940,16301,191.15,77,99,20,58,2218,0x0000000000000001,GpuIdle
2026-08-23T19:40:42.9667358-07:00,803,2932,16301,185.43,77,99,21,58,2218,0x0000000000000001,GpuIdle
2026-08-23T19:40:44.0053493-07:00,804,2947,16301,191.89,77,99,21,58,2218,0x0000000000000001,GpuIdle
2026-08-23T19:40:45.0397155-07:00,805.1,2947,16301,185.95,76,90,18,58,2218,0x0000000000000004,SwPowerCap
2026-08-23T19:40:46.0782182-07:00,806.1,2940,16301,188.46,77,99,21,58,2218,0x0000000000000001,GpuIdle
2026-08-23T19:40:47.1126086-07:00,807.1,2940,16301,191.24,77,99,21,58,2218,0x0000000000000001,GpuIdle
2026-08-23T19:40:48.1470428-07:00,808.2,2947,16301,191.96,77,99,22,58,2218,0x0000000000000001,GpuIdle
2026-08-23T19:40:49.1897095-07:00,809.2,2940,16301,185.44,76,99,21,58,2218,0x0000000000000001,GpuIdle
2026-08-23T19:40:50.2283529-07:00,810.3,2940,16301,190.94,77,99,20,58,2218,0x0000000000000001,GpuIdle
2026-08-23T19:40:51.2710072-07:00,811.3,3000,16501,79.77,58,4,1,59,1305,0x0000000000000001,GpuIdle
2026-08-23T19:40:52.3053804-07:00,812.3,3000,16301,32.49,57,20,4,59,2218,0x0000000000000000,None
2026-08-23T19:40:53.3397631-07:00,813.4,2947,16301,169.77,75,99,20,58,2218,0x0000000000000000,None
2026-08-23T19:40:54.3741845-07:00,814.4,2947,16301,189.76,75,99,21,57,2218,0x0000000000000000,None
2026-08-23T19:40:55.4127032-07:00,815.4,2947,16301,184.89,76,99,21,57,2218,0x0000000000000000,None
2026-08-23T19:40:56.4470734-07:00,816.5,2947,16301,190.30,76,99,21,57,2224,0x0000000000000000,None
2026-08-23T19:40:57.4856495-07:00,817.5,2940,16301,185.10,75,99,20,57,2224,0x0000000000000000,None
2026-08-23T19:40:58.5422432-07:00,818.6,2947,16301,190.38,76,99,20,57,2223,0x0000000000000000,None
2026-08-23T19:40:59.5834721-07:00,819.6,2940,16301,184.88,75,99,20,57,2223,0x0000000000000001,GpuIdle
2026-08-23T19:41:00.6222009-07:00,820.7,2947,16301,190.37,76,99,20,57,2223,0x0000000000000001,GpuIdle
2026-08-23T19:41:01.6565704-07:00,821.7,2947,16301,184.81,76,99,20,57,2223,0x0000000000000001,GpuIdle
2026-08-23T19:41:02.6908920-07:00,822.7,2947,16301,190.68,76,99,20,57,2223,0x0000000000000001,GpuIdle
2026-08-23T19:41:03.7253953-07:00,823.8,2932,16301,184.14,76,99,20,57,2223,0x0000000000000001,GpuIdle
2026-08-23T19:41:04.7721712-07:00,824.8,2947,16301,190.19,77,99,20,57,2223,0x0000000000000001,GpuIdle
2026-08-23T19:41:05.8066600-07:00,825.8,2947,16301,185.43,75,99,20,57,2223,0x0000000000000001,GpuIdle
2026-08-23T19:41:06.8414292-07:00,826.9,2947,16301,189.96,76,99,20,57,2223,0x0000000000000001,GpuIdle
2026-08-23T19:41:07.8753241-07:00,827.9,2947,16301,190.44,76,99,20,57,2223,0x0000000000000001,GpuIdle
2026-08-23T19:41:08.9139279-07:00,828.9,2947,16301,184.78,76,99,20,57,2223,0x0000000000000001,GpuIdle
2026-08-23T19:41:09.9482617-07:00,830,2940,16301,190.23,76,99,20,57,2223,0x0000000000000001,GpuIdle
2026-08-23T19:41:10.9826748-07:00,831,2947,16301,184.99,76,99,20,57,2223,0x0000000000000001,GpuIdle
2026-08-23T19:41:12.0254089-07:00,832.1,2947,16301,190.32,77,99,20,57,2223,0x0000000000000001,GpuIdle
2026-08-23T19:41:13.0688721-07:00,833.1,2947,16301,184.70,77,99,20,57,2223,0x0000000000000001,GpuIdle
2026-08-23T19:41:14.1024732-07:00,834.1,2947,16301,190.78,76,99,20,57,2223,0x0000000000000001,GpuIdle
2026-08-23T19:41:15.1415593-07:00,835.2,2947,16301,185.57,77,99,20,57,2223,0x0000000000000001,GpuIdle
2026-08-23T19:41:16.1754229-07:00,836.2,2947,16301,190.97,77,99,20,57,2223,0x0000000000000001,GpuIdle
2026-08-23T19:41:17.2114614-07:00,837.2,2947,16301,185.68,77,99,20,57,2223,0x0000000000000001,GpuIdle
2026-08-23T19:41:18.2443563-07:00,838.3,2947,16301,190.88,76,99,20,57,2223,0x0000000000000001,GpuIdle
2026-08-23T19:41:19.2789541-07:00,839.3,2947,16301,184.99,77,99,20,57,2223,0x0000000000000001,GpuIdle
2026-08-23T19:41:20.3130258-07:00,840.3,2947,16301,190.79,77,99,20,57,2223,0x0000000000000001,GpuIdle
2026-08-23T19:41:21.3477115-07:00,841.4,2947,16301,185.63,77,99,20,58,2223,0x0000000000000001,GpuIdle
2026-08-23T19:41:22.3817948-07:00,842.4,2940,16301,190.67,77,99,20,58,2223,0x0000000000000001,GpuIdle
2026-08-23T19:41:23.4161156-07:00,843.5,2940,16301,185.30,76,99,20,58,2223,0x0000000000000001,GpuIdle
2026-08-23T19:41:24.4546880-07:00,844.5,2940,16301,190.65,77,99,20,58,2223,0x0000000000000001,GpuIdle
2026-08-23T19:41:25.4890503-07:00,845.5,2940,16301,185.67,72,69,14,58,2223,0x0000000000000001,GpuIdle
2026-08-23T19:41:26.5323642-07:00,846.6,2947,16301,183.32,76,98,20,58,2229,0x0000000000000001,GpuIdle
2026-08-23T19:41:27.5703972-07:00,847.6,2940,16301,188.74,77,99,20,58,2243,0x0000000000000001,GpuIdle
2026-08-23T19:41:28.6047120-07:00,848.6,2940,16301,184.18,77,99,20,58,2251,0x0000000000000001,GpuIdle
2026-08-23T19:41:29.6514117-07:00,849.7,2932,16301,185.72,77,100,20,58,2253,0x0000000000000001,GpuIdle
2026-08-23T19:41:30.6859739-07:00,850.7,2940,16301,192.73,77,99,20,58,2247,0x0000000000000001,GpuIdle
2026-08-23T19:41:31.7245009-07:00,851.8,2940,16301,190.64,77,96,19,58,2241,0x0000000000000001,GpuIdle
2026-08-23T19:41:32.7589043-07:00,852.8,2947,16301,185.53,77,99,20,58,2237,0x0000000000000001,GpuIdle
2026-08-23T19:41:33.7932881-07:00,853.8,2947,16301,191.32,77,99,20,58,2236,0x0000000000000001,GpuIdle
2026-08-23T19:41:34.8277489-07:00,854.9,2947,16301,185.49,77,99,20,58,2232,0x0000000000000001,GpuIdle
2026-08-23T19:41:35.8746320-07:00,855.9,2947,16301,191.36,77,99,21,58,2229,0x0000000000000001,GpuIdle
2026-08-23T19:41:36.9283694-07:00,857,2940,16301,186.02,77,99,20,58,2229,0x0000000000000001,GpuIdle
2026-08-23T19:41:37.9642288-07:00,858,2940,16301,190.68,77,99,20,58,2229,0x0000000000000001,GpuIdle
2026-08-23T19:41:38.9985982-07:00,859,2947,16301,185.17,77,99,20,58,2229,0x0000000000000001,GpuIdle
2026-08-23T19:41:40.0371408-07:00,860.1,2940,16301,191.08,77,99,20,58,2229,0x0000000000000001,GpuIdle
2026-08-23T19:41:41.0714923-07:00,861.1,2940,16301,184.04,77,99,20,58,2229,0x0000000000000001,GpuIdle
2026-08-23T19:41:42.1100745-07:00,862.1,2940,16301,192.04,77,99,20,58,2229,0x0000000000000001,GpuIdle
2026-08-23T19:41:43.1486137-07:00,863.2,2940,16301,185.54,77,99,20,58,2229,0x0000000000000001,GpuIdle
2026-08-23T19:41:44.1829688-07:00,864.2,2940,16301,190.82,77,99,20,58,2229,0x0000000000000001,GpuIdle
2026-08-23T19:41:45.2173755-07:00,865.3,2947,16301,185.17,77,99,21,58,2229,0x0000000000000001,GpuIdle
2026-08-23T19:41:46.2520951-07:00,866.3,2940,16301,191.53,77,99,20,58,2229,0x0000000000000001,GpuIdle
2026-08-23T19:41:47.2861342-07:00,867.3,2925,16301,184.67,77,99,20,58,2229,0x0000000000000001,GpuIdle
2026-08-23T19:41:48.3205525-07:00,868.4,2947,16301,191.22,77,99,20,58,2229,0x0000000000000001,GpuIdle
2026-08-23T19:41:49.3549197-07:00,869.4,3000,16501,75.63,58,3,0,59,1316,0x0000000000000001,GpuIdle
2026-08-23T19:41:50.3938086-07:00,870.4,3000,16301,32.35,57,20,4,59,2229,0x0000000000000000,None
2026-08-23T19:41:51.4321670-07:00,871.5,2947,16301,186.44,74,99,19,58,2229,0x0000000000000000,None
2026-08-23T19:41:52.4666666-07:00,872.5,2947,16301,189.10,75,99,20,57,2229,0x0000000000000000,None
2026-08-23T19:41:53.5009181-07:00,873.5,2947,16301,184.27,76,99,20,57,2229,0x0000000000000000,None
2026-08-23T19:41:54.5354980-07:00,874.6,2947,16301,189.94,76,99,20,57,2229,0x0000000000000000,None
2026-08-23T19:41:55.5780228-07:00,875.6,2932,16301,184.97,76,99,20,57,2229,0x0000000000000000,None
2026-08-23T19:41:56.6122572-07:00,876.6,2947,16301,190.42,76,99,20,57,2229,0x0000000000000001,GpuIdle
2026-08-23T19:41:57.6466244-07:00,877.7,2947,16301,184.29,76,99,20,56,2229,0x0000000000000001,GpuIdle
2026-08-23T19:41:58.6855476-07:00,878.7,2947,16301,190.24,76,99,20,57,2229,0x0000000000000001,GpuIdle
2026-08-23T19:41:59.7237462-07:00,879.8,2947,16301,184.55,76,99,20,57,2229,0x0000000000000001,GpuIdle
2026-08-23T19:42:00.7581332-07:00,880.8,2947,16301,190.41,76,99,20,57,2229,0x0000000000000001,GpuIdle
2026-08-23T19:42:01.7970184-07:00,881.8,2932,16301,184.92,76,99,21,57,2229,0x0000000000000001,GpuIdle
2026-08-23T19:42:02.8314099-07:00,882.9,2947,16301,190.75,76,99,20,57,2229,0x0000000000000001,GpuIdle
2026-08-23T19:42:03.8695873-07:00,883.9,2925,16301,184.01,75,99,20,57,2229,0x0000000000000001,GpuIdle
2026-08-23T19:42:04.9039959-07:00,884.9,2947,16301,190.91,76,99,19,57,2229,0x0000000000000001,GpuIdle
2026-08-23T19:42:05.9383789-07:00,886,2947,16301,190.49,77,98,19,57,2229,0x0000000000000001,GpuIdle
2026-08-23T19:42:06.9853278-07:00,887,2947,16301,185.20,77,99,20,57,2229,0x0000000000000001,GpuIdle
2026-08-23T19:42:08.0238144-07:00,888.1,2947,16301,191.00,76,99,20,57,2229,0x0000000000000001,GpuIdle
2026-08-23T19:42:09.0624257-07:00,889.1,2947,16301,185.58,77,99,20,57,2229,0x0000000000000001,GpuIdle
2026-08-23T19:42:10.0971347-07:00,890.1,2947,16301,190.65,76,99,20,57,2229,0x0000000000000001,GpuIdle
2026-08-23T19:42:11.1314693-07:00,891.2,2947,16301,190.17,76,99,20,57,2229,0x0000000000000001,GpuIdle
2026-08-23T19:42:12.1655624-07:00,892.2,2947,16301,191.09,76,99,20,57,2229,0x0000000000000001,GpuIdle
2026-08-23T19:42:13.2215603-07:00,893.3,2947,16301,183.66,77,99,20,57,2229,0x0000000000000001,GpuIdle
2026-08-23T19:42:14.2588425-07:00,894.3,2940,16301,190.52,77,99,19,57,2235,0x0000000000000001,GpuIdle
2026-08-23T19:42:15.2936779-07:00,895.3,2947,16301,185.54,77,99,21,57,2235,0x0000000000000001,GpuIdle
2026-08-23T19:42:16.3326150-07:00,896.4,2940,16301,190.61,76,99,19,57,2234,0x0000000000000001,GpuIdle
2026-08-23T19:42:17.3666426-07:00,897.4,2947,16301,184.40,76,99,19,57,2234,0x0000000000000001,GpuIdle
2026-08-23T19:42:18.4051897-07:00,898.4,2947,16301,190.93,77,99,20,57,2234,0x0000000000000001,GpuIdle
2026-08-23T19:42:19.4395469-07:00,899.5,2947,16301,185.75,77,99,20,57,2234,0x0000000000000001,GpuIdle
2026-08-23T19:42:20.4743080-07:00,900.5,2940,16301,190.64,77,99,20,57,2234,0x0000000000000001,GpuIdle
2026-08-23T19:42:21.5083998-07:00,901.5,2932,16301,184.56,76,99,20,57,2234,0x0000000000000001,GpuIdle
2026-08-23T19:42:22.5552767-07:00,902.6,2947,16301,190.87,77,99,21,57,2234,0x0000000000000001,GpuIdle
2026-08-23T19:42:23.5938054-07:00,903.6,2947,16301,185.09,74,66,13,57,2234,0x0000000000000001,GpuIdle
2026-08-23T19:42:24.6281477-07:00,904.7,2947,16301,190.98,76,99,21,57,2234,0x0000000000000001,GpuIdle
2026-08-23T19:42:25.6667008-07:00,905.7,2947,16301,185.30,77,99,21,58,2234,0x0000000000000001,GpuIdle
2026-08-23T19:42:26.7014403-07:00,906.7,2940,16301,191.41,77,99,20,58,2234,0x0000000000000001,GpuIdle
2026-08-23T19:42:27.7399718-07:00,907.8,2932,16301,185.60,76,99,20,58,2234,0x0000000000000001,GpuIdle
2026-08-23T19:42:28.7740261-07:00,908.8,2947,16301,191.27,76,99,20,58,2234,0x0000000000000001,GpuIdle
2026-08-23T19:42:29.8083922-07:00,909.8,2947,16301,185.63,70,67,14,58,2234,0x0000000000000004,SwPowerCap
2026-08-23T19:42:30.8521634-07:00,910.9,2940,16301,185.40,77,99,19,58,2234,0x0000000000000001,GpuIdle
2026-08-23T19:42:31.9032526-07:00,911.9,2940,16301,190.71,77,99,20,58,2234,0x0000000000000001,GpuIdle
2026-08-23T19:42:32.9411146-07:00,913,2947,16301,185.59,77,99,20,58,2234,0x0000000000000001,GpuIdle
2026-08-23T19:42:33.9751421-07:00,914,2947,16301,191.20,77,99,20,58,2234,0x0000000000000001,GpuIdle
2026-08-23T19:42:35.0095229-07:00,915,2940,16301,185.18,77,99,20,58,2240,0x0000000000000001,GpuIdle
2026-08-23T19:42:36.0439048-07:00,916.1,2940,16301,190.37,77,99,20,58,2240,0x0000000000000001,GpuIdle
2026-08-23T19:42:37.0782716-07:00,917.1,2947,16301,184.95,77,99,22,58,2245,0x0000000000000001,GpuIdle
2026-08-23T19:42:38.1127457-07:00,918.1,2940,16301,190.81,76,99,20,58,2244,0x0000000000000001,GpuIdle
2026-08-23T19:42:39.1471844-07:00,919.2,2940,16301,184.80,77,99,20,58,2243,0x0000000000000001,GpuIdle
2026-08-23T19:42:40.1815728-07:00,920.2,2940,16301,190.60,77,99,20,58,2237,0x0000000000000001,GpuIdle
2026-08-23T19:42:41.2158223-07:00,921.3,2947,16301,184.87,76,99,21,58,2222,0x0000000000000001,GpuIdle
2026-08-23T19:42:42.2502029-07:00,922.3,2947,16301,191.51,77,99,20,58,2222,0x0000000000000001,GpuIdle
2026-08-23T19:42:43.2845955-07:00,923.3,2947,16301,185.40,77,99,21,58,2222,0x0000000000000001,GpuIdle
2026-08-23T19:42:44.3191076-07:00,924.4,2947,16301,191.18,77,99,20,58,2222,0x0000000000000001,GpuIdle
2026-08-23T19:42:45.3537578-07:00,925.4,2932,16301,185.51,76,99,20,58,2222,0x0000000000000001,GpuIdle
2026-08-23T19:42:46.3919571-07:00,926.4,2947,16301,190.90,77,99,20,58,1966,0x0000000000000001,GpuIdle
2026-08-23T19:42:47.4262734-07:00,927.5,3000,16501,76.50,58,3,1,59,1309,0x0000000000000001,GpuIdle
2026-08-23T19:42:48.4651454-07:00,928.5,3000,16301,33.01,57,47,11,59,4520,0x0000000000000000,None
2026-08-23T19:42:49.5216736-07:00,929.6,2992,16301,91.67,60,99,85,58,4520,0x0000000000000000,None
2026-08-23T19:42:50.5638122-07:00,930.6,2992,16301,97.43,59,99,85,57,4520,0x0000000000000000,None
2026-08-23T19:42:51.6020779-07:00,931.6,2992,16301,95.07,59,99,85,56,4520,0x0000000000000000,None
2026-08-23T19:42:52.6401769-07:00,932.7,2992,16301,94.98,59,99,84,55,4520,0x0000000000000000,None
2026-08-23T19:42:53.6876426-07:00,933.7,2992,16301,96.91,58,99,84,54,4520,0x0000000000000000,None
2026-08-23T19:42:54.7220542-07:00,934.8,2992,16301,94.92,58,99,85,53,4520,0x0000000000000000,None
2026-08-23T19:42:55.7562582-07:00,935.8,2992,16301,96.66,58,99,85,52,4520,0x0000000000000001,GpuIdle
2026-08-23T19:42:56.7902971-07:00,936.8,2992,16301,94.22,58,99,85,52,4520,0x0000000000000001,GpuIdle
2026-08-23T19:42:57.8287529-07:00,937.9,2992,16301,96.48,58,99,85,51,4525,0x0000000000000001,GpuIdle
2026-08-23T19:42:58.8593693-07:00,938.9,2992,16301,93.51,57,99,85,51,4525,0x0000000000000001,GpuIdle
2026-08-23T19:42:59.9058819-07:00,939.9,2992,16301,96.46,57,99,85,50,4525,0x0000000000000001,GpuIdle
2026-08-23T19:43:00.9563618-07:00,941,2992,16301,94.32,57,99,85,50,4525,0x0000000000000001,GpuIdle
2026-08-23T19:43:01.9870317-07:00,942,2992,16301,96.13,57,99,85,49,4525,0x0000000000000001,GpuIdle
2026-08-23T19:43:03.0245472-07:00,943.1,2992,16301,92.85,56,51,43,49,4525,0x0000000000000001,GpuIdle
2026-08-23T19:43:04.0607365-07:00,944.1,2992,16301,96.15,57,99,85,49,4525,0x0000000000000001,GpuIdle
2026-08-23T19:43:05.0984016-07:00,945.1,2992,16301,95.42,56,87,74,48,4525,0x0000000000000001,GpuIdle
2026-08-23T19:43:06.1329180-07:00,946.2,2992,16301,95.93,56,99,85,48,4525,0x0000000000000001,GpuIdle
2026-08-23T19:43:07.1674862-07:00,947.2,2992,16301,93.76,56,99,85,48,4525,0x0000000000000001,GpuIdle
2026-08-23T19:43:08.2057811-07:00,948.2,2992,16301,95.80,56,99,85,48,4526,0x0000000000000001,GpuIdle
2026-08-23T19:43:09.2621814-07:00,949.3,2992,16301,93.32,56,99,85,47,4526,0x0000000000000001,GpuIdle
2026-08-23T19:43:10.3037635-07:00,950.3,2992,16301,95.80,56,99,85,47,4526,0x0000000000000001,GpuIdle
2026-08-23T19:43:11.3422577-07:00,951.4,2992,16301,93.58,56,99,85,47,4526,0x0000000000000001,GpuIdle
2026-08-23T19:43:12.3766925-07:00,952.4,2992,16301,95.73,56,99,85,47,4526,0x0000000000000001,GpuIdle
2026-08-23T19:43:13.4110730-07:00,953.4,2992,16301,93.14,56,99,85,47,4526,0x0000000000000001,GpuIdle
2026-08-23T19:43:14.4537462-07:00,954.5,2992,16301,95.75,56,99,85,47,4526,0x0000000000000001,GpuIdle
2026-08-23T19:43:15.4881051-07:00,955.5,2992,16301,93.51,55,99,85,46,4526,0x0000000000000001,GpuIdle
2026-08-23T19:43:16.5226425-07:00,956.6,2992,16301,95.57,55,99,85,46,4526,0x0000000000000001,GpuIdle
2026-08-23T19:43:17.5568811-07:00,957.6,2992,16301,93.57,55,99,85,46,4526,0x0000000000000001,GpuIdle
2026-08-23T19:43:18.5915863-07:00,958.6,2992,16301,95.43,55,99,85,46,4530,0x0000000000000001,GpuIdle
2026-08-23T19:43:19.6260177-07:00,959.7,2992,16301,92.88,55,99,85,46,4530,0x0000000000000001,GpuIdle
2026-08-23T19:43:20.6642330-07:00,960.7,2992,16301,95.04,55,99,85,46,4530,0x0000000000000001,GpuIdle
2026-08-23T19:43:21.6985747-07:00,961.7,2992,16301,93.15,55,99,84,45,4530,0x0000000000000001,GpuIdle
2026-08-23T19:43:22.7329685-07:00,962.8,2992,16301,94.90,55,99,84,45,4530,0x0000000000000001,GpuIdle
2026-08-23T19:43:23.7674341-07:00,963.8,2992,16301,92.30,55,99,85,45,4527,0x0000000000000001,GpuIdle
2026-08-23T19:43:24.8185044-07:00,964.9,2992,16301,94.99,55,99,84,45,4526,0x0000000000000001,GpuIdle
2026-08-23T19:43:25.8529010-07:00,965.9,2992,16301,92.77,55,99,84,45,4526,0x0000000000000001,GpuIdle
2026-08-23T19:43:26.8872229-07:00,966.9,2992,16301,95.06,55,99,85,45,4528,0x0000000000000001,GpuIdle
2026-08-23T19:43:27.9216308-07:00,968,2992,16301,92.61,55,99,84,45,4530,0x0000000000000001,GpuIdle
2026-08-23T19:43:28.9724628-07:00,969,2992,16301,94.95,55,99,84,45,4530,0x0000000000000001,GpuIdle
2026-08-23T19:43:30.0070632-07:00,970,2992,16301,92.98,54,99,85,45,4530,0x0000000000000001,GpuIdle
2026-08-23T19:43:31.0498149-07:00,971.1,2992,16301,94.93,54,99,84,44,4530,0x0000000000000001,GpuIdle
2026-08-23T19:43:32.0841910-07:00,972.1,2992,16301,92.85,54,99,85,44,4530,0x0000000000000001,GpuIdle
2026-08-23T19:43:33.1300074-07:00,973.2,2992,16301,95.20,54,99,85,44,4530,0x0000000000000001,GpuIdle
2026-08-23T19:43:34.1696197-07:00,974.2,2992,16301,92.89,54,99,85,44,4529,0x0000000000000001,GpuIdle
2026-08-23T19:43:35.2082452-07:00,975.2,2992,16301,95.18,54,99,85,44,4527,0x0000000000000001,GpuIdle
2026-08-23T19:43:36.2429054-07:00,976.3,2992,16301,92.31,54,99,85,44,4527,0x0000000000000001,GpuIdle
2026-08-23T19:43:37.2763758-07:00,977.3,2992,16301,95.11,54,99,85,44,4526,0x0000000000000001,GpuIdle
2026-08-23T19:43:38.3113782-07:00,978.3,2992,16301,92.90,54,99,85,44,4526,0x0000000000000001,GpuIdle
2026-08-23T19:43:39.3457253-07:00,979.4,2992,16301,95.14,54,99,85,44,4526,0x0000000000000001,GpuIdle
2026-08-23T19:43:40.3804221-07:00,980.4,2992,16301,93.04,54,99,85,44,4526,0x0000000000000001,GpuIdle
2026-08-23T19:43:41.4148078-07:00,981.4,2992,16301,95.04,54,99,85,44,4526,0x0000000000000001,GpuIdle
2026-08-23T19:43:42.4490717-07:00,982.5,2992,16301,93.04,54,99,84,43,4526,0x0000000000000001,GpuIdle
2026-08-23T19:43:43.4874259-07:00,983.5,3000,16501,62.80,51,4,1,43,1314,0x0000000000000001,GpuIdle
2026-08-23T19:43:44.5263464-07:00,984.6,3000,16501,28.70,50,4,1,43,4525,0x0000000000000001,GpuIdle
2026-08-23T19:43:45.5646840-07:00,985.6,2992,16301,84.24,53,99,84,43,4528,0x0000000000000000,None
2026-08-23T19:43:46.6031288-07:00,986.6,2992,16301,94.64,54,99,84,43,4530,0x0000000000000000,None
2026-08-23T19:43:47.6492082-07:00,987.7,2992,16301,94.42,54,99,84,43,4531,0x0000000000000000,None
2026-08-23T19:43:48.6930725-07:00,988.7,2992,16301,92.30,53,99,84,43,4532,0x0000000000000000,None
2026-08-23T19:43:49.7315948-07:00,989.8,2992,16301,94.66,54,99,85,42,4532,0x0000000000000000,None
2026-08-23T19:43:50.7656654-07:00,990.8,2992,16301,92.52,53,99,85,42,4532,0x0000000000000000,None
2026-08-23T19:43:51.7959380-07:00,991.8,2992,16301,94.68,54,99,85,42,4536,0x0000000000000001,GpuIdle
2026-08-23T19:43:52.8344640-07:00,992.9,2992,16301,92.50,53,70,59,42,4535,0x0000000000000001,GpuIdle
2026-08-23T19:43:53.8729926-07:00,993.9,2992,16301,92.83,53,99,85,42,4535,0x0000000000000001,GpuIdle
2026-08-23T19:43:54.9074023-07:00,994.9,2992,16301,93.10,52,71,60,42,4535,0x0000000000000001,GpuIdle
2026-08-23T19:43:55.9542654-07:00,996,2992,16301,92.71,53,99,84,42,4539,0x0000000000000001,GpuIdle
2026-08-23T19:43:56.9896528-07:00,997,2992,16301,94.50,53,99,85,42,4533,0x0000000000000001,GpuIdle
2026-08-23T19:43:58.0326990-07:00,998.1,2992,16301,91.70,53,99,84,42,4533,0x0000000000000001,GpuIdle
2026-08-23T19:43:59.0747561-07:00,999.1,2992,16301,94.50,53,99,85,42,4533,0x0000000000000001,GpuIdle
2026-08-23T19:44:00.1091831-07:00,1000.1,2992,16301,92.51,53,99,85,42,4533,0x0000000000000001,GpuIdle
2026-08-23T19:44:01.1428728-07:00,1001.2,2992,16301,92.54,53,99,85,42,4529,0x0000000000000001,GpuIdle
2026-08-23T19:44:02.1817645-07:00,1002.2,2992,16301,94.44,53,99,84,42,4535,0x0000000000000001,GpuIdle
2026-08-23T19:44:03.2159660-07:00,1003.3,2992,16301,92.60,53,99,85,42,4535,0x0000000000000001,GpuIdle
2026-08-23T19:44:04.2552476-07:00,1004.3,2992,16301,94.47,53,99,85,41,4534,0x0000000000000001,GpuIdle
2026-08-23T19:44:05.2878198-07:00,1005.3,2992,16301,92.50,53,99,85,41,4531,0x0000000000000001,GpuIdle
2026-08-23T19:44:06.3267345-07:00,1006.4,2992,16301,94.51,53,99,85,41,4535,0x0000000000000001,GpuIdle
2026-08-23T19:44:07.3620455-07:00,1007.4,2992,16301,92.46,53,99,85,41,4535,0x0000000000000001,GpuIdle
2026-08-23T19:44:08.3961124-07:00,1008.4,2992,16301,94.34,53,99,85,41,4525,0x0000000000000001,GpuIdle
2026-08-23T19:44:09.4312897-07:00,1009.5,2992,16301,92.31,53,99,85,41,4525,0x0000000000000001,GpuIdle
2026-08-23T19:44:10.4656755-07:00,1010.5,2992,16301,94.44,53,99,85,41,4525,0x0000000000000001,GpuIdle
2026-08-23T19:44:11.5118059-07:00,1011.5,2992,16301,92.39,53,70,60,41,4525,0x0000000000000001,GpuIdle
2026-08-23T19:44:12.5468650-07:00,1012.6,2992,16301,92.52,53,99,85,41,4525,0x0000000000000001,GpuIdle
2026-08-23T19:44:13.5848826-07:00,1013.6,2992,16301,91.99,52,67,57,41,4525,0x0000000000000001,GpuIdle
2026-08-23T19:44:14.6152372-07:00,1014.6,2992,16301,92.28,53,99,85,41,4525,0x0000000000000001,GpuIdle
2026-08-23T19:44:15.6496086-07:00,1015.7,2992,16301,92.53,53,99,85,41,4525,0x0000000000000001,GpuIdle
2026-08-23T19:44:16.6804032-07:00,1016.7,2992,16301,94.40,53,99,85,41,4525,0x0000000000000001,GpuIdle
2026-08-23T19:44:17.7146965-07:00,1017.7,2992,16301,92.37,53,99,85,41,4531,0x0000000000000001,GpuIdle
2026-08-23T19:44:18.7488202-07:00,1018.8,2992,16301,94.26,53,99,85,41,4529,0x0000000000000001,GpuIdle
2026-08-23T19:44:19.7830601-07:00,1019.8,2992,16301,92.45,53,99,85,41,4528,0x0000000000000001,GpuIdle
2026-08-23T19:44:20.8174184-07:00,1020.9,2992,16301,94.29,53,99,85,41,4528,0x0000000000000001,GpuIdle
2026-08-23T19:44:21.8519369-07:00,1021.9,2992,16301,92.43,53,99,85,41,4528,0x0000000000000001,GpuIdle
2026-08-23T19:44:22.8903363-07:00,1022.9,2992,16301,94.32,53,99,85,41,4528,0x0000000000000001,GpuIdle
2026-08-23T19:44:23.9380900-07:00,1024,2992,16301,92.39,53,99,85,41,4528,0x0000000000000001,GpuIdle
2026-08-23T19:44:24.9797845-07:00,1025,2992,16301,94.39,53,99,85,41,4528,0x0000000000000001,GpuIdle
2026-08-23T19:44:26.0183154-07:00,1026.1,2992,16301,92.65,53,99,85,41,4528,0x0000000000000001,GpuIdle
2026-08-23T19:44:27.0653903-07:00,1027.1,2992,16301,94.31,53,99,85,41,4528,0x0000000000000001,GpuIdle
2026-08-23T19:44:28.0999271-07:00,1028.1,2992,16301,91.98,53,99,85,41,4528,0x0000000000000001,GpuIdle
2026-08-23T19:44:29.1388990-07:00,1029.2,2992,16301,94.29,53,99,85,40,4528,0x0000000000000001,GpuIdle
2026-08-23T19:44:30.1729177-07:00,1030.2,2992,16301,91.41,53,99,85,40,4528,0x0000000000000001,GpuIdle
2026-08-23T19:44:31.2068787-07:00,1031.2,2992,16301,94.27,53,99,85,40,4528,0x0000000000000001,GpuIdle
2026-08-23T19:44:32.2540736-07:00,1032.3,2992,16301,91.96,53,99,85,40,4528,0x0000000000000001,GpuIdle
2026-08-23T19:44:33.2847932-07:00,1033.3,2992,16301,94.41,53,99,86,40,4528,0x0000000000000001,GpuIdle
2026-08-23T19:44:34.3189886-07:00,1034.4,2992,16301,92.41,53,99,85,40,4528,0x0000000000000001,GpuIdle
2026-08-23T19:44:35.3535306-07:00,1035.4,2992,16301,94.05,53,99,85,40,4528,0x0000000000000001,GpuIdle
2026-08-23T19:44:36.3878551-07:00,1036.4,2992,16301,91.91,53,99,85,40,4528,0x0000000000000001,GpuIdle
2026-08-23T19:44:37.4214696-07:00,1037.5,2992,16301,94.16,53,99,85,40,4528,0x0000000000000001,GpuIdle
2026-08-23T19:44:38.4561829-07:00,1038.5,2992,16301,92.27,53,99,85,40,4528,0x0000000000000001,GpuIdle
2026-08-23T19:44:39.4945764-07:00,1039.5,3000,16501,57.88,49,3,1,40,1317,0x0000000000000001,GpuIdle
2026-08-23T19:44:40.5289532-07:00,1040.6,3000,16301,27.91,49,14,2,40,4528,0x0000000000000000,None
2026-08-23T19:44:41.5633334-07:00,1041.6,2992,16301,91.55,52,99,84,40,4528,0x0000000000000000,None
2026-08-23T19:44:42.6143898-07:00,1042.6,2992,16301,93.86,53,99,84,40,4528,0x0000000000000000,None
2026-08-23T19:44:43.6448353-07:00,1043.7,2992,16301,94.12,53,99,84,40,4528,0x0000000000000000,None
2026-08-23T19:44:44.6879559-07:00,1044.7,2992,16301,92.42,53,99,84,40,4528,0x0000000000000000,None
2026-08-23T19:44:45.7223019-07:00,1045.8,2992,16301,94.22,53,99,84,40,4527,0x0000000000000000,None
2026-08-23T19:44:46.7568763-07:00,1046.8,2992,16301,92.22,53,99,84,40,4527,0x0000000000000000,None
2026-08-23T19:44:47.7995331-07:00,1047.8,2992,16301,94.26,53,99,84,40,4520,0x0000000000000001,GpuIdle
2026-08-23T19:44:48.8331222-07:00,1048.9,2992,16301,91.86,53,99,83,40,4520,0x0000000000000001,GpuIdle
2026-08-23T19:44:49.8759005-07:00,1049.9,2992,16301,94.12,53,99,84,40,4520,0x0000000000000001,GpuIdle
2026-08-23T19:44:50.9060040-07:00,1050.9,2992,16301,92.03,53,99,84,39,4520,0x0000000000000001,GpuIdle
2026-08-23T19:44:51.9487323-07:00,1052,2992,16301,94.18,53,99,84,40,4520,0x0000000000000001,GpuIdle
2026-08-23T19:44:52.9831327-07:00,1053,2992,16301,92.17,53,99,84,39,4520,0x0000000000000001,GpuIdle
2026-08-23T19:44:54.0175315-07:00,1054.1,2992,16301,94.16,53,99,84,39,4520,0x0000000000000001,GpuIdle
2026-08-23T19:44:55.0519986-07:00,1055.1,2992,16301,92.21,52,99,84,39,4520,0x0000000000000001,GpuIdle
2026-08-23T19:44:56.0946394-07:00,1056.1,2992,16301,94.22,53,99,84,39,4520,0x0000000000000001,GpuIdle
2026-08-23T19:44:57.1290054-07:00,1057.2,2992,16301,92.26,52,75,63,39,4520,0x0000000000000001,GpuIdle
2026-08-23T19:44:58.1676262-07:00,1058.2,2992,16301,94.02,53,99,84,39,4520,0x0000000000000001,GpuIdle
2026-08-23T19:44:59.2020181-07:00,1059.2,2992,16301,92.27,53,99,84,39,4520,0x0000000000000001,GpuIdle
2026-08-23T19:45:00.2363988-07:00,1060.3,2992,16301,94.18,53,99,84,39,4520,0x0000000000000001,GpuIdle
2026-08-23T19:45:01.2786991-07:00,1061.3,2992,16301,92.22,53,99,84,39,4520,0x0000000000000001,GpuIdle
2026-08-23T19:45:02.3176613-07:00,1062.4,2992,16301,94.18,53,99,84,39,4520,0x0000000000000001,GpuIdle
2026-08-23T19:45:03.3520295-07:00,1063.4,2992,16301,92.11,53,99,84,39,4520,0x0000000000000001,GpuIdle
2026-08-23T19:45:04.3863883-07:00,1064.4,2992,16301,94.12,53,99,84,39,4520,0x0000000000000001,GpuIdle
2026-08-23T19:45:05.4207968-07:00,1065.5,2992,16301,92.14,53,99,84,39,4520,0x0000000000000001,GpuIdle
2026-08-23T19:45:06.4593517-07:00,1066.5,2992,16301,94.31,53,99,84,39,4520,0x0000000000000001,GpuIdle
2026-08-23T19:45:07.4937424-07:00,1067.5,2992,16301,92.48,53,99,84,39,4520,0x0000000000000001,GpuIdle
2026-08-23T19:45:08.5399359-07:00,1068.6,2992,16301,94.17,53,99,84,39,4520,0x0000000000000001,GpuIdle
2026-08-23T19:45:09.5875444-07:00,1069.6,2992,16301,92.49,53,99,84,39,4520,0x0000000000000001,GpuIdle
2026-08-23T19:45:10.6219271-07:00,1070.7,2992,16301,94.23,53,99,84,39,4520,0x0000000000000001,GpuIdle
2026-08-23T19:45:11.6563495-07:00,1071.7,2992,16301,91.71,53,99,84,39,4520,0x0000000000000001,GpuIdle
2026-08-23T19:45:12.6907854-07:00,1072.7,2992,16301,94.28,53,99,84,39,4520,0x0000000000000001,GpuIdle
2026-08-23T19:45:13.7377062-07:00,1073.8,2992,16301,91.60,53,99,84,39,4520,0x0000000000000001,GpuIdle
2026-08-23T19:45:14.7762280-07:00,1074.8,2992,16301,94.29,53,99,84,39,4520,0x0000000000000001,GpuIdle
2026-08-23T19:45:15.8147968-07:00,1075.8,2992,16301,91.97,53,99,84,39,4520,0x0000000000000001,GpuIdle
2026-08-23T19:45:16.8491933-07:00,1076.9,2992,16301,94.12,53,99,84,39,4520,0x0000000000000001,GpuIdle
2026-08-23T19:45:17.8793155-07:00,1077.9,2992,16301,92.14,53,99,84,39,4520,0x0000000000000001,GpuIdle
2026-08-23T19:45:18.9085617-07:00,1078.9,2992,16301,94.27,53,99,84,39,4520,0x0000000000000001,GpuIdle
2026-08-23T19:45:19.9397673-07:00,1080,2992,16301,92.17,53,99,85,39,4520,0x0000000000000001,GpuIdle
2026-08-23T19:45:20.9825213-07:00,1081,2992,16301,94.14,53,99,83,39,4520,0x0000000000000001,GpuIdle
2026-08-23T19:45:22.0252573-07:00,1082.1,2992,16301,92.74,53,99,84,39,4520,0x0000000000000001,GpuIdle
2026-08-23T19:45:23.0638443-07:00,1083.1,2992,16301,94.46,53,99,85,39,4520,0x0000000000000001,GpuIdle
2026-08-23T19:45:24.0981766-07:00,1084.1,2992,16301,92.58,53,99,85,38,4520,0x0000000000000001,GpuIdle
2026-08-23T19:45:25.1367329-07:00,1085.2,2992,16301,94.28,53,99,83,38,4520,0x0000000000000001,GpuIdle
2026-08-23T19:45:26.1711131-07:00,1086.2,2992,16301,91.86,53,99,84,38,4520,0x0000000000000001,GpuIdle
2026-08-23T19:45:27.2096332-07:00,1087.2,2992,16301,94.09,53,99,84,38,4520,0x0000000000000001,GpuIdle
2026-08-23T19:45:28.2398972-07:00,1088.3,2992,16301,91.32,53,99,83,38,4520,0x0000000000000001,GpuIdle
2026-08-23T19:45:29.2742729-07:00,1089.3,2992,16301,93.81,53,99,84,38,4520,0x0000000000000001,GpuIdle
2026-08-23T19:45:30.3044742-07:00,1090.3,2992,16301,91.99,52,99,84,38,4520,0x0000000000000001,GpuIdle
2026-08-23T19:45:31.3388985-07:00,1091.4,2992,16301,93.90,53,99,83,38,4520,0x0000000000000001,GpuIdle
2026-08-23T19:45:32.3694033-07:00,1092.4,2992,16301,92.00,53,99,84,38,4520,0x0000000000000001,GpuIdle
2026-08-23T19:45:33.4035257-07:00,1093.4,2992,16301,93.95,53,99,84,38,4520,0x0000000000000001,GpuIdle
2026-08-23T19:45:34.4373562-07:00,1094.5,2992,16301,92.13,53,99,83,38,1309,0x0000000000000001,GpuIdle
2026-08-23T19:45:35.4731369-07:00,1095.5,3000,16501,32.15,49,3,0,38,1309,0x0000000000000001,GpuIdle
2026-08-23T19:45:36.5070935-07:00,1096.5,2992,16301,44.99,52,99,84,38,4520,0x0000000000000000,None
2026-08-23T19:45:37.5409929-07:00,1097.6,2992,16301,93.37,52,99,84,38,4520,0x0000000000000000,None
2026-08-23T19:45:38.5757334-07:00,1098.6,2992,16301,91.69,52,99,84,38,4520,0x0000000000000000,None
2026-08-23T19:45:39.6143369-07:00,1099.6,2992,16301,93.62,52,99,85,38,4520,0x0000000000000000,None
2026-08-23T19:45:40.6566378-07:00,1100.7,2992,16301,91.81,52,99,84,38,4520,0x0000000000000000,None
2026-08-23T19:45:41.6961215-07:00,1101.7,2992,16301,93.71,52,99,84,38,4526,0x0000000000000000,None
2026-08-23T19:45:42.7296598-07:00,1102.8,2992,16301,91.91,52,99,84,38,4520,0x0000000000000001,GpuIdle
2026-08-23T19:45:43.7640259-07:00,1103.8,2992,16301,93.83,52,99,84,38,4520,0x0000000000000001,GpuIdle
2026-08-23T19:45:44.8070645-07:00,1104.8,2992,16301,91.62,52,99,85,38,4518,0x0000000000000001,GpuIdle
2026-08-23T19:45:45.8370865-07:00,1105.9,2992,16301,93.72,52,99,84,38,4513,0x0000000000000001,GpuIdle
2026-08-23T19:45:46.8679945-07:00,1106.9,2992,16301,91.17,52,99,84,38,4513,0x0000000000000001,GpuIdle
2026-08-23T19:45:47.9023002-07:00,1107.9,2992,16301,93.68,52,99,84,38,4507,0x0000000000000001,GpuIdle
2026-08-23T19:45:48.9362706-07:00,1109,2992,16301,91.66,52,99,85,38,4507,0x0000000000000001,GpuIdle
2026-08-23T19:45:49.9790062-07:00,1110,2992,16301,93.63,52,99,84,38,4507,0x0000000000000001,GpuIdle
2026-08-23T19:45:51.0214312-07:00,1111.1,2992,16301,91.40,52,99,84,38,4507,0x0000000000000001,GpuIdle
2026-08-23T19:45:52.0557858-07:00,1112.1,2992,16301,93.57,52,99,84,38,4507,0x0000000000000001,GpuIdle
2026-08-23T19:45:53.0901922-07:00,1113.1,2992,16301,91.64,52,99,85,38,4507,0x0000000000000001,GpuIdle
2026-08-23T19:45:54.1245909-07:00,1114.2,2992,16301,93.52,52,99,84,38,4507,0x0000000000000001,GpuIdle
2026-08-23T19:45:55.1589498-07:00,1115.2,2992,16301,91.55,52,99,85,38,4507,0x0000000000000001,GpuIdle
2026-08-23T19:45:56.1975205-07:00,1116.2,2992,16301,93.56,52,99,85,38,4507,0x0000000000000001,GpuIdle
2026-08-23T19:45:57.2444188-07:00,1117.3,2992,16301,91.39,52,99,85,38,4507,0x0000000000000001,GpuIdle
2026-08-23T19:45:58.2919782-07:00,1118.3,2992,16301,93.52,52,99,85,38,4507,0x0000000000000001,GpuIdle
2026-08-23T19:45:59.3340439-07:00,1119.4,2992,16301,91.29,52,99,85,38,4507,0x0000000000000001,GpuIdle
2026-08-23T19:46:00.3892943-07:00,1120.4,2992,16301,93.53,52,99,85,37,4507,0x0000000000000001,GpuIdle
2026-08-23T19:46:01.4237051-07:00,1121.5,2992,16301,91.50,52,99,85,37,4507,0x0000000000000001,GpuIdle
2026-08-23T19:46:02.4622451-07:00,1122.5,2992,16301,93.63,52,99,85,37,4507,0x0000000000000001,GpuIdle
2026-08-23T19:46:03.4965842-07:00,1123.5,2992,16301,91.51,52,99,85,37,4507,0x0000000000000001,GpuIdle
2026-08-23T19:46:04.5310249-07:00,1124.6,2992,16301,93.69,52,99,85,37,4507,0x0000000000000001,GpuIdle
2026-08-23T19:46:05.5653786-07:00,1125.6,2992,16301,91.85,52,99,85,37,4507,0x0000000000000001,GpuIdle
2026-08-23T19:46:06.5997452-07:00,1126.6,2992,16301,93.60,52,99,85,37,4513,0x0000000000000001,GpuIdle
2026-08-23T19:46:07.6299851-07:00,1127.7,2992,16301,91.62,52,99,85,37,4513,0x0000000000000001,GpuIdle
2026-08-23T19:46:08.6643437-07:00,1128.7,2992,16301,93.36,52,94,80,37,4507,0x0000000000000001,GpuIdle
2026-08-23T19:46:09.6945795-07:00,1129.7,2992,16301,91.69,52,99,84,37,4507,0x0000000000000001,GpuIdle
2026-08-23T19:46:10.7289845-07:00,1130.8,2992,16301,93.57,52,99,85,37,4507,0x0000000000000001,GpuIdle
2026-08-23T19:46:11.7592401-07:00,1131.8,2992,16301,91.65,52,99,84,37,4507,0x0000000000000001,GpuIdle
2026-08-23T19:46:12.7978049-07:00,1132.8,2992,16301,93.61,52,99,84,37,4507,0x0000000000000001,GpuIdle
2026-08-23T19:46:13.8363745-07:00,1133.9,2992,16301,91.75,52,99,84,37,4507,0x0000000000000001,GpuIdle
2026-08-23T19:46:14.8738926-07:00,1134.9,2992,16301,93.46,52,99,84,37,4507,0x0000000000000001,GpuIdle
2026-08-23T19:46:15.9092343-07:00,1135.9,2992,16301,91.54,52,99,86,37,4507,0x0000000000000001,GpuIdle
2026-08-23T19:46:16.9436643-07:00,1137,2992,16301,93.52,52,99,84,37,4507,0x0000000000000001,GpuIdle
2026-08-23T19:46:17.9872958-07:00,1138,2992,16301,91.63,52,99,84,37,4507,0x0000000000000001,GpuIdle
2026-08-23T19:46:19.0248869-07:00,1139.1,2992,16301,93.40,52,99,85,37,4507,0x0000000000000001,GpuIdle
2026-08-23T19:46:20.0593118-07:00,1140.1,2992,16301,91.02,52,99,84,37,4507,0x0000000000000001,GpuIdle
2026-08-23T19:46:21.0899702-07:00,1141.1,2992,16301,93.59,52,99,84,37,4507,0x0000000000000001,GpuIdle
2026-08-23T19:46:22.1280923-07:00,1142.2,2992,16301,91.50,52,99,84,37,4507,0x0000000000000001,GpuIdle
2026-08-23T19:46:23.1624892-07:00,1143.2,2992,16301,91.32,52,99,85,37,4507,0x0000000000000001,GpuIdle
2026-08-23T19:46:24.1968576-07:00,1144.2,2992,16301,93.49,52,99,84,37,4507,0x0000000000000001,GpuIdle
2026-08-23T19:46:25.2312594-07:00,1145.3,2992,16301,90.98,52,84,72,37,4507,0x0000000000000001,GpuIdle
2026-08-23T19:46:26.2656835-07:00,1146.3,2992,16301,92.39,52,99,84,37,4507,0x0000000000000001,GpuIdle
2026-08-23T19:46:27.3000106-07:00,1147.3,2992,16301,91.59,52,68,58,37,4507,0x0000000000000001,GpuIdle
2026-08-23T19:46:28.3344210-07:00,1148.4,2992,16301,91.69,52,99,85,37,4507,0x0000000000000001,GpuIdle
2026-08-23T19:46:29.3771539-07:00,1149.4,2992,16301,92.87,52,83,71,37,4507,0x0000000000000001,GpuIdle
2026-08-23T19:46:30.4115581-07:00,1150.4,2992,16301,82.94,50,3,1,37,1296,0x0000000000000001,GpuIdle
2026-08-23T19:46:31.4584291-07:00,1151.5,3000,16501,27.50,49,3,1,37,1296,0x0000000000000001,GpuIdle
2026-08-23T19:46:32.4928152-07:00,1152.5,2992,16301,58.20,52,99,85,37,4507,0x0000000000000000,None
2026-08-23T19:46:33.5272146-07:00,1153.6,2992,16301,93.39,52,99,85,37,4507,0x0000000000000000,None
2026-08-23T19:46:34.5657451-07:00,1154.6,2992,16301,91.35,52,99,85,37,4507,0x0000000000000000,None
2026-08-23T19:46:35.6001027-07:00,1155.6,2992,16301,93.45,52,99,85,37,4507,0x0000000000000000,None
2026-08-23T19:46:36.6345093-07:00,1156.7,2992,16301,91.60,52,99,85,37,4507,0x0000000000000000,None
2026-08-23T19:46:37.6769604-07:00,1157.7,2992,16301,93.52,52,99,85,37,4507,0x0000000000000000,None
2026-08-23T19:46:38.7116595-07:00,1158.7,2992,16301,91.45,52,99,85,37,4507,0x0000000000000001,GpuIdle
2026-08-23T19:46:39.7460492-07:00,1159.8,2992,16301,93.62,52,99,85,37,4507,0x0000000000000001,GpuIdle
2026-08-23T19:46:40.7804328-07:00,1160.8,2992,16301,91.21,52,99,85,37,4507,0x0000000000000001,GpuIdle
2026-08-23T19:46:41.8148325-07:00,1161.8,2992,16301,93.66,52,99,85,36,4507,0x0000000000000001,GpuIdle
2026-08-23T19:46:42.8492174-07:00,1162.9,2992,16301,91.81,52,99,85,36,4507,0x0000000000000001,GpuIdle
2026-08-23T19:46:43.8840366-07:00,1163.9,2992,16301,93.70,52,99,85,36,4507,0x0000000000000001,GpuIdle
2026-08-23T19:46:44.9179398-07:00,1165,2992,16301,91.63,52,99,85,36,4507,0x0000000000000001,GpuIdle
2026-08-23T19:46:45.9523363-07:00,1166,2992,16301,93.88,52,99,85,36,4507,0x0000000000000001,GpuIdle
2026-08-23T19:46:46.9992679-07:00,1167,2992,16301,91.77,52,99,85,36,4507,0x0000000000000001,GpuIdle
2026-08-23T19:46:48.0336476-07:00,1168.1,2992,16301,93.67,52,99,85,36,4507,0x0000000000000001,GpuIdle
2026-08-23T19:46:49.0680064-07:00,1169.1,2992,16301,91.59,52,99,85,36,4507,0x0000000000000001,GpuIdle
2026-08-23T19:46:50.1023859-07:00,1170.1,2992,16301,93.78,52,99,85,36,4507,0x0000000000000001,GpuIdle
2026-08-23T19:46:51.1326460-07:00,1171.2,2992,16301,91.68,52,99,85,36,4513,0x0000000000000001,GpuIdle
2026-08-23T19:46:52.1795150-07:00,1172.2,2992,16301,93.78,52,95,81,36,4513,0x0000000000000001,GpuIdle
2026-08-23T19:46:53.2169647-07:00,1173.3,2992,16301,91.70,52,99,85,36,4507,0x0000000000000001,GpuIdle
2026-08-23T19:46:54.2524675-07:00,1174.3,2985,16301,94.28,52,99,86,36,4507,0x0000000000000001,GpuIdle
2026-08-23T19:46:55.2869360-07:00,1175.3,2992,16301,91.40,52,99,86,36,4507,0x0000000000000001,GpuIdle
2026-08-23T19:46:56.3212613-07:00,1176.4,2992,16301,93.98,52,99,85,36,4507,0x0000000000000001,GpuIdle
2026-08-23T19:46:57.3611681-07:00,1177.4,2992,16301,91.63,52,99,85,36,4507,0x0000000000000001,GpuIdle
2026-08-23T19:46:58.3996124-07:00,1178.4,2992,16301,93.83,52,99,85,36,4507,0x0000000000000001,GpuIdle
2026-08-23T19:46:59.4327545-07:00,1179.5,2992,16301,91.97,52,99,85,36,4507,0x0000000000000001,GpuIdle
2026-08-23T19:47:00.4713009-07:00,1180.5,2992,16301,94.00,52,99,86,36,4507,0x0000000000000001,GpuIdle
2026-08-23T19:47:01.5056847-07:00,1181.5,2992,16301,91.82,52,99,85,36,4507,0x0000000000000001,GpuIdle
2026-08-23T19:47:02.5525574-07:00,1182.6,2992,16301,93.80,52,99,85,36,4507,0x0000000000000001,GpuIdle
2026-08-23T19:47:03.5836275-07:00,1183.6,2992,16301,91.14,52,99,85,36,4507,0x0000000000000001,GpuIdle
2026-08-23T19:47:04.6177684-07:00,1184.7,2992,16301,93.75,52,99,85,36,4507,0x0000000000000001,GpuIdle
2026-08-23T19:47:05.6515686-07:00,1185.7,2992,16301,93.69,52,99,85,36,4507,0x0000000000000001,GpuIdle
2026-08-23T19:47:06.6859332-07:00,1186.7,2992,16301,91.62,52,99,85,36,4507,0x0000000000000001,GpuIdle
2026-08-23T19:47:07.7206417-07:00,1187.8,2992,16301,93.78,52,99,85,36,4507,0x0000000000000001,GpuIdle
2026-08-23T19:47:08.7550366-07:00,1188.8,2992,16301,92.03,52,86,74,36,4507,0x0000000000000001,GpuIdle
2026-08-23T19:47:09.7939315-07:00,1189.8,2992,16301,93.89,52,99,85,36,4507,0x0000000000000001,GpuIdle
2026-08-23T19:47:10.8280709-07:00,1190.9,2992,16301,91.94,52,71,60,36,4507,0x0000000000000001,GpuIdle
2026-08-23T19:47:11.8628618-07:00,1191.9,2992,16301,92.08,52,99,85,36,4507,0x0000000000000001,GpuIdle
2026-08-23T19:47:12.8967900-07:00,1192.9,2992,16301,92.18,51,69,59,36,4507,0x0000000000000001,GpuIdle
2026-08-23T19:47:13.9308471-07:00,1194,2992,16301,92.07,52,99,85,36,4507,0x0000000000000001,GpuIdle
2026-08-23T19:47:14.9708660-07:00,1195,2992,16301,93.82,52,99,85,36,4507,0x0000000000000001,GpuIdle
2026-08-23T19:47:16.0079701-07:00,1196,2985,16301,91.94,52,99,85,36,4507,0x0000000000000001,GpuIdle
2026-08-23T19:47:17.0428929-07:00,1197.1,2992,16301,93.85,52,99,85,36,4507,0x0000000000000001,GpuIdle
2026-08-23T19:47:18.0894739-07:00,1198.1,2992,16301,91.69,52,99,85,36,4507,0x0000000000000001,GpuIdle
2026-08-23T19:47:19.1238053-07:00,1199.2,2992,16301,93.87,52,99,85,36,4507,0x0000000000000001,GpuIdle
2026-08-23T19:47:20.1622143-07:00,1200.2,2992,16301,93.81,52,99,85,36,4507,0x0000000000000001,GpuIdle
2026-08-23T19:47:21.1926831-07:00,1201.2,2992,16301,91.81,52,99,85,36,4507,0x0000000000000001,GpuIdle
2026-08-23T19:47:22.2268964-07:00,1202.3,2992,16301,93.79,52,99,85,36,4507,0x0000000000000001,GpuIdle
2026-08-23T19:47:23.2577892-07:00,1203.3,2992,16301,91.79,52,99,85,36,4507,0x0000000000000001,GpuIdle
2026-08-23T19:47:24.2920360-07:00,1204.3,2992,16301,93.84,53,99,85,36,4507,0x0000000000000001,GpuIdle
2026-08-23T19:47:25.3266004-07:00,1205.4,2992,16301,91.69,52,99,85,36,4507,0x0000000000000001,GpuIdle
2026-08-23T19:47:26.3644820-07:00,1206.4,3000,16501,65.51,49,3,0,36,1296,0x0000000000000001,GpuIdle
2026-08-23T19:47:27.3988436-07:00,1207.4,3000,16501,27.29,49,3,0,36,4507,0x0000000000000001,GpuIdle
2026-08-23T19:47:28.4332479-07:00,1208.5,2992,16301,77.94,52,99,85,36,4507,0x0000000000000000,None
2026-08-23T19:47:29.4639393-07:00,1209.5,2992,16301,93.36,52,99,84,36,4507,0x0000000000000000,None
2026-08-23T19:47:30.4976819-07:00,1210.5,2992,16301,91.39,52,99,84,36,4507,0x0000000000000000,None
2026-08-23T19:47:31.5323681-07:00,1211.6,2992,16301,93.46,52,99,85,36,4507,0x0000000000000000,None
2026-08-23T19:47:32.5713971-07:00,1212.6,2992,16301,91.66,52,99,85,36,4507,0x0000000000000000,None
2026-08-23T19:47:33.6200537-07:00,1213.7,2992,16301,93.66,52,99,85,36,4507,0x0000000000000000,None
2026-08-23T19:47:34.6609967-07:00,1214.7,2992,16301,93.30,52,99,84,36,4507,0x0000000000000001,GpuIdle
2026-08-23T19:47:35.6946886-07:00,1215.7,2992,16301,91.86,52,69,59,36,4507,0x0000000000000001,GpuIdle
2026-08-23T19:47:36.7298598-07:00,1216.8,2992,16301,91.83,52,99,85,36,4507,0x0000000000000001,GpuIdle
2026-08-23T19:47:37.7634269-07:00,1217.8,2992,16301,92.60,51,78,66,36,4507,0x0000000000000001,GpuIdle
2026-08-23T19:47:38.7978235-07:00,1218.8,2992,16301,91.21,52,99,85,35,4507,0x0000000000000001,GpuIdle
2026-08-23T19:47:39.8322154-07:00,1219.9,2992,16301,93.55,52,99,85,35,4507,0x0000000000000001,GpuIdle
2026-08-23T19:47:40.8665831-07:00,1220.9,2992,16301,91.15,52,99,85,35,4507,0x0000000000000001,GpuIdle
2026-08-23T19:47:41.9009810-07:00,1221.9,2992,16301,93.54,52,99,85,35,4507,0x0000000000000001,GpuIdle
2026-08-23T19:47:42.9395515-07:00,1223,2992,16301,91.70,52,99,85,35,4507,0x0000000000000001,GpuIdle
2026-08-23T19:47:43.9781306-07:00,1224,2992,16301,93.68,52,99,85,35,4507,0x0000000000000001,GpuIdle
2026-08-23T19:47:45.0083961-07:00,1225,2992,16301,91.71,52,99,85,35,4507,0x0000000000000001,GpuIdle
2026-08-23T19:47:46.0469195-07:00,1226.1,2992,16301,93.77,52,99,85,35,4507,0x0000000000000001,GpuIdle
2026-08-23T19:47:47.1021165-07:00,1227.1,2992,16301,91.39,52,99,85,35,4507,0x0000000000000001,GpuIdle
2026-08-23T19:47:48.1364786-07:00,1228.2,2992,16301,93.56,52,99,85,35,4507,0x0000000000000001,GpuIdle
2026-08-23T19:47:49.1834355-07:00,1229.2,2992,16301,93.55,52,99,85,35,4507,0x0000000000000001,GpuIdle
2026-08-23T19:47:50.2178112-07:00,1230.3,2992,16301,91.54,52,99,85,35,4507,0x0000000000000001,GpuIdle
2026-08-23T19:47:51.2748885-07:00,1231.3,2992,16301,93.62,52,99,85,35,4507,0x0000000000000001,GpuIdle
2026-08-23T19:47:52.3074428-07:00,1232.3,2992,16301,91.50,52,99,85,35,4507,0x0000000000000001,GpuIdle
2026-08-23T19:47:53.3418454-07:00,1233.4,2992,16301,93.61,52,99,85,35,4507,0x0000000000000001,GpuIdle
2026-08-23T19:47:54.3803553-07:00,1234.4,2992,16301,91.53,52,88,75,35,4507,0x0000000000000001,GpuIdle
2026-08-23T19:47:55.4222646-07:00,1235.5,2992,16301,93.69,52,99,85,35,4507,0x0000000000000001,GpuIdle
2026-08-23T19:47:56.4533795-07:00,1236.5,2992,16301,91.52,52,68,58,35,4507,0x0000000000000001,GpuIdle
2026-08-23T19:47:57.4835260-07:00,1237.5,2992,16301,91.83,52,99,85,35,4507,0x0000000000000001,GpuIdle
2026-08-23T19:47:58.5222807-07:00,1238.6,2992,16301,91.61,51,70,59,35,4507,0x0000000000000001,GpuIdle
2026-08-23T19:47:59.5564970-07:00,1239.6,2992,16301,91.85,52,99,85,35,4507,0x0000000000000001,GpuIdle
2026-08-23T19:48:00.5867187-07:00,1240.6,2992,16301,93.77,53,99,85,35,4507,0x0000000000000001,GpuIdle
2026-08-23T19:48:01.6210989-07:00,1241.7,2992,16301,92.08,53,99,85,35,4507,0x0000000000000001,GpuIdle
2026-08-23T19:48:02.6596357-07:00,1242.7,2992,16301,91.73,53,99,85,35,4507,0x0000000000000001,GpuIdle
2026-08-23T19:48:03.6981676-07:00,1243.7,2992,16301,93.72,53,99,85,35,4507,0x0000000000000001,GpuIdle
2026-08-23T19:48:04.7450766-07:00,1244.8,2992,16301,91.50,53,99,85,35,4507,0x0000000000000001,GpuIdle
2026-08-23T19:48:05.7795179-07:00,1245.8,2992,16301,93.68,53,99,85,35,4507,0x0000000000000001,GpuIdle
2026-08-23T19:48:06.8138902-07:00,1246.8,2992,16301,91.64,53,99,85,35,4512,0x0000000000000001,GpuIdle
2026-08-23T19:48:07.8482954-07:00,1247.9,2992,16301,93.70,53,99,85,35,4512,0x0000000000000001,GpuIdle
2026-08-23T19:48:08.8826112-07:00,1248.9,2992,16301,91.64,53,99,85,35,4506,0x0000000000000001,GpuIdle
2026-08-23T19:48:09.9170211-07:00,1250,2992,16301,93.68,53,99,85,35,4506,0x0000000000000001,GpuIdle
2026-08-23T19:48:10.9672582-07:00,1251,2992,16301,91.67,53,99,85,35,4506,0x0000000000000001,GpuIdle
2026-08-23T19:48:11.9982874-07:00,1252,2992,16301,93.76,53,99,85,35,4506,0x0000000000000001,GpuIdle
2026-08-23T19:48:13.0326742-07:00,1253.1,2992,16301,91.79,53,99,85,35,4506,0x0000000000000001,GpuIdle
2026-08-23T19:48:14.0670512-07:00,1254.1,2992,16301,93.85,53,99,85,35,4506,0x0000000000000001,GpuIdle
2026-08-23T19:48:15.1014573-07:00,1255.1,2992,16301,91.89,52,99,85,35,4506,0x0000000000000001,GpuIdle
2026-08-23T19:48:16.1358429-07:00,1256.2,2992,16301,93.86,53,99,85,35,4506,0x0000000000000001,GpuIdle
2026-08-23T19:48:17.1702640-07:00,1257.2,2992,16301,91.72,53,99,85,35,4506,0x0000000000000001,GpuIdle
2026-08-23T19:48:18.2046096-07:00,1258.2,2992,16301,93.77,53,99,85,35,4506,0x0000000000000001,GpuIdle
2026-08-23T19:48:19.2396880-07:00,1259.3,2992,16301,91.60,53,99,85,35,4506,0x0000000000000001,GpuIdle
2026-08-23T19:48:20.2859136-07:00,1260.3,2992,16301,93.75,53,99,85,35,4506,0x0000000000000001,GpuIdle
2026-08-23T19:48:21.3203556-07:00,1261.4,2992,16301,91.63,53,99,85,35,4512,0x0000000000000001,GpuIdle
2026-08-23T19:48:22.3588289-07:00,1262.4,3000,16501,51.85,49,3,1,35,1301,0x0000000000000001,GpuIdle
2026-08-23T19:48:23.3974183-07:00,1263.4,3000,16301,30.35,50,87,41,35,4507,0x0000000000000000,None
2026-08-23T19:48:24.4359632-07:00,1264.5,2992,16301,90.07,52,99,84,35,4507,0x0000000000000000,None
2026-08-23T19:48:25.4745528-07:00,1265.5,2992,16301,93.31,52,99,85,35,4507,0x0000000000000000,None
2026-08-23T19:48:26.5089109-07:00,1266.5,2992,16301,91.36,52,99,85,35,4507,0x0000000000000000,None
2026-08-23T19:48:27.5433248-07:00,1267.6,2992,16301,93.47,52,99,84,35,4507,0x0000000000000000,None
2026-08-23T19:48:28.5776775-07:00,1268.6,2992,16301,91.20,52,99,85,35,4507,0x0000000000000000,None
2026-08-23T19:48:29.6162402-07:00,1269.7,2992,16301,93.46,52,99,85,35,4507,0x0000000000000001,GpuIdle
2026-08-23T19:48:30.6589375-07:00,1270.7,2992,16301,93.38,52,99,85,35,4507,0x0000000000000001,GpuIdle
2026-08-23T19:48:31.7017151-07:00,1271.7,2992,16301,91.46,52,99,85,35,4507,0x0000000000000001,GpuIdle
2026-08-23T19:48:32.7402792-07:00,1272.8,2992,16301,93.37,52,99,85,35,4507,0x0000000000000001,GpuIdle
2026-08-23T19:48:33.7746932-07:00,1273.8,2992,16301,91.41,52,99,85,35,4507,0x0000000000000001,GpuIdle
2026-08-23T19:48:34.8173984-07:00,1274.9,2992,16301,93.32,53,99,85,35,4507,0x0000000000000001,GpuIdle
2026-08-23T19:48:35.8684325-07:00,1275.9,2992,16301,91.41,52,99,85,35,4507,0x0000000000000001,GpuIdle
2026-08-23T19:48:36.9070394-07:00,1276.9,2992,16301,93.35,53,99,85,35,4507,0x0000000000000001,GpuIdle
2026-08-23T19:48:37.9414698-07:00,1278,2992,16301,91.44,52,99,85,35,4507,0x0000000000000001,GpuIdle
2026-08-23T19:48:38.9758514-07:00,1279,2992,16301,93.29,53,99,85,35,4507,0x0000000000000001,GpuIdle
2026-08-23T19:48:40.0102155-07:00,1280,2992,16301,91.37,52,99,85,35,4507,0x0000000000000001,GpuIdle
2026-08-23T19:48:41.0445959-07:00,1281.1,2992,16301,93.33,53,99,85,35,4507,0x0000000000000001,GpuIdle
2026-08-23T19:48:42.0794835-07:00,1282.1,2992,16301,91.39,52,72,61,35,4507,0x0000000000000001,GpuIdle
2026-08-23T19:48:43.1141802-07:00,1283.1,2992,16301,93.55,53,99,85,35,4507,0x0000000000000001,GpuIdle
2026-08-23T19:48:44.1521860-07:00,1284.2,2992,16301,91.82,52,71,60,35,4507,0x0000000000000001,GpuIdle
2026-08-23T19:48:45.1821118-07:00,1285.2,2992,16301,93.42,53,99,85,35,4507,0x0000000000000001,GpuIdle
2026-08-23T19:48:46.2124487-07:00,1286.2,2992,16301,91.42,53,99,85,35,4507,0x0000000000000001,GpuIdle
2026-08-23T19:48:47.2468278-07:00,1287.3,2992,16301,93.55,53,99,85,35,4507,0x0000000000000001,GpuIdle
2026-08-23T19:48:48.2846442-07:00,1288.3,2985,16301,91.71,53,99,85,35,4513,0x0000000000000001,GpuIdle
2026-08-23T19:48:49.3238055-07:00,1289.4,2992,16301,93.69,53,99,85,35,4513,0x0000000000000001,GpuIdle
2026-08-23T19:48:50.3581900-07:00,1290.4,2992,16301,91.65,53,99,85,35,4513,0x0000000000000001,GpuIdle
2026-08-23T19:48:51.3925928-07:00,1291.4,2992,16301,93.71,53,99,85,35,4513,0x0000000000000001,GpuIdle
2026-08-23T19:48:52.4269739-07:00,1292.5,2992,16301,91.72,53,99,85,35,4513,0x0000000000000001,GpuIdle
2026-08-23T19:48:53.4662619-07:00,1293.5,2992,16301,93.70,53,99,85,35,4513,0x0000000000000001,GpuIdle
2026-08-23T19:48:54.4999483-07:00,1294.5,2992,16301,91.23,53,99,85,35,4513,0x0000000000000001,GpuIdle
2026-08-23T19:48:55.5426839-07:00,1295.6,2992,16301,93.75,53,99,85,35,4513,0x0000000000000001,GpuIdle
2026-08-23T19:48:56.5770519-07:00,1296.6,2992,16301,90.94,53,99,85,35,4513,0x0000000000000001,GpuIdle
2026-08-23T19:48:57.6122665-07:00,1297.6,2992,16301,93.60,53,99,86,35,4513,0x0000000000000001,GpuIdle
2026-08-23T19:48:58.6503226-07:00,1298.7,2992,16301,91.39,53,99,85,35,4513,0x0000000000000001,GpuIdle
2026-08-23T19:48:59.6807201-07:00,1299.7,2992,16301,93.55,53,99,85,35,4513,0x0000000000000001,GpuIdle
2026-08-23T19:49:00.7149359-07:00,1300.7,2992,16301,91.44,53,99,85,35,4513,0x0000000000000001,GpuIdle
2026-08-23T19:49:01.7493098-07:00,1301.8,2992,16301,93.67,53,99,85,35,4522,0x0000000000000001,GpuIdle
2026-08-23T19:49:02.7876338-07:00,1302.8,2992,16301,91.11,53,99,85,35,4513,0x0000000000000001,GpuIdle
2026-08-23T19:49:03.8226002-07:00,1303.9,2992,16301,93.72,53,99,85,35,4513,0x0000000000000001,GpuIdle
2026-08-23T19:49:04.8604516-07:00,1304.9,2992,16301,91.47,53,99,85,35,4519,0x0000000000000001,GpuIdle
2026-08-23T19:49:05.9108908-07:00,1305.9,2992,16301,93.74,53,99,85,35,4519,0x0000000000000001,GpuIdle
2026-08-23T19:49:06.9385165-07:00,1307,2992,16301,92.03,53,99,85,34,4518,0x0000000000000001,GpuIdle
2026-08-23T19:49:07.9723105-07:00,1308,2992,16301,93.76,53,99,85,35,4518,0x0000000000000001,GpuIdle
2026-08-23T19:49:09.0066833-07:00,1309,2992,16301,91.64,53,99,85,34,4537,0x0000000000000001,GpuIdle
2026-08-23T19:49:10.0410716-07:00,1310.1,2992,16301,93.87,53,99,85,34,4537,0x0000000000000001,GpuIdle
2026-08-23T19:49:11.0795761-07:00,1311.1,2992,16301,91.86,53,99,85,35,4535,0x0000000000000001,GpuIdle
2026-08-23T19:49:12.1139990-07:00,1312.1,2992,16301,93.75,53,99,85,35,4535,0x0000000000000001,GpuIdle
2026-08-23T19:49:13.1528799-07:00,1313.2,2992,16301,92.01,53,99,85,34,4535,0x0000000000000001,GpuIdle
2026-08-23T19:49:14.1869524-07:00,1314.2,2992,16301,93.65,53,99,85,34,4535,0x0000000000000001,GpuIdle
2026-08-23T19:49:15.2253220-07:00,1315.3,2992,16301,91.71,53,99,85,34,4535,0x0000000000000001,GpuIdle
2026-08-23T19:49:16.2643131-07:00,1316.3,2992,16301,93.73,53,99,85,34,4535,0x0000000000000001,GpuIdle
2026-08-23T19:49:17.2981210-07:00,1317.3,2992,16301,91.74,53,99,85,34,4535,0x0000000000000001,GpuIdle
2026-08-23T19:49:18.3325197-07:00,1318.4,3000,16501,35.15,49,3,0,35,1324,0x0000000000000001,GpuIdle
2026-08-23T19:49:19.3668928-07:00,1319.4,2992,16301,47.44,52,99,85,34,4535,0x0000000000000000,None
2026-08-23T19:49:20.4012779-07:00,1320.4,2992,16301,93.18,52,99,84,34,4543,0x0000000000000000,None
2026-08-23T19:49:21.4359568-07:00,1321.5,2992,16301,91.07,52,99,84,34,4535,0x0000000000000000,None
2026-08-23T19:49:22.4867745-07:00,1322.5,2992,16301,93.48,52,99,84,34,4535,0x0000000000000000,None
2026-08-23T19:49:23.5211291-07:00,1323.6,2992,16301,91.41,52,99,84,34,4535,0x0000000000000000,None
2026-08-23T19:49:24.5555920-07:00,1324.6,2992,16301,93.52,53,99,85,34,4535,0x0000000000000000,None
2026-08-23T19:49:25.5898977-07:00,1325.6,2992,16301,91.38,52,99,84,34,4535,0x0000000000000001,GpuIdle
2026-08-23T19:49:26.6271831-07:00,1326.7,2992,16301,93.55,53,99,84,34,4535,0x0000000000000001,GpuIdle
2026-08-23T19:49:27.6670249-07:00,1327.7,2992,16301,91.87,53,99,85,34,4535,0x0000000000000001,GpuIdle
2026-08-23T19:49:28.7014103-07:00,1328.7,2992,16301,93.56,53,99,84,34,4535,0x0000000000000001,GpuIdle
2026-08-23T19:49:29.7357974-07:00,1329.8,2992,16301,91.73,53,99,85,34,4535,0x0000000000000001,GpuIdle
2026-08-23T19:49:30.7743819-07:00,1330.8,2992,16301,93.63,53,99,85,34,4535,0x0000000000000001,GpuIdle
2026-08-23T19:49:31.8088102-07:00,1331.8,2992,16301,91.51,53,99,85,34,4535,0x0000000000000001,GpuIdle
2026-08-23T19:49:32.8431843-07:00,1332.9,2992,16301,93.75,53,99,85,34,4535,0x0000000000000001,GpuIdle
2026-08-23T19:49:33.8775986-07:00,1333.9,2992,16301,91.59,53,99,85,34,4535,0x0000000000000001,GpuIdle
2026-08-23T19:49:34.9160912-07:00,1335,2992,16301,93.77,53,99,86,34,4535,0x0000000000000001,GpuIdle
2026-08-23T19:49:35.9505301-07:00,1336,2992,16301,91.69,53,99,85,34,4535,0x0000000000000001,GpuIdle
2026-08-23T19:49:36.9848733-07:00,1337,2992,16301,93.68,53,99,85,34,4535,0x0000000000000001,GpuIdle
2026-08-23T19:49:38.0276538-07:00,1338.1,2992,16301,91.69,53,99,85,34,4535,0x0000000000000001,GpuIdle
2026-08-23T19:49:39.0667281-07:00,1339.1,2992,16301,93.58,53,99,85,34,4535,0x0000000000000001,GpuIdle
2026-08-23T19:49:40.1047344-07:00,1340.1,2992,16301,91.36,53,99,85,34,4535,0x0000000000000001,GpuIdle
2026-08-23T19:49:41.1390942-07:00,1341.2,2992,16301,93.50,53,99,85,34,4535,0x0000000000000001,GpuIdle
2026-08-23T19:49:42.1734785-07:00,1342.2,2992,16301,91.46,53,99,85,34,4535,0x0000000000000001,GpuIdle
2026-08-23T19:49:43.2078693-07:00,1343.2,2992,16301,93.68,53,99,85,34,4535,0x0000000000000001,GpuIdle
2026-08-23T19:49:44.2339174-07:00,1344.3,2992,16301,91.75,53,99,86,34,4535,0x0000000000000001,GpuIdle
2026-08-23T19:49:45.2683446-07:00,1345.3,2992,16301,93.46,53,99,85,34,4535,0x0000000000000001,GpuIdle
2026-08-23T19:49:46.3031114-07:00,1346.3,2992,16301,91.65,53,99,85,34,4535,0x0000000000000001,GpuIdle
2026-08-23T19:49:47.3447853-07:00,1347.4,2992,16301,93.56,53,99,84,34,4535,0x0000000000000001,GpuIdle
2026-08-23T19:49:48.3839930-07:00,1348.4,2992,16301,91.62,53,99,85,34,4535,0x0000000000000001,GpuIdle
2026-08-23T19:49:49.4183671-07:00,1349.5,2992,16301,93.56,53,99,85,34,4535,0x0000000000000001,GpuIdle
2026-08-23T19:49:50.4527630-07:00,1350.5,2992,16301,91.74,53,99,85,34,4535,0x0000000000000001,GpuIdle
2026-08-23T19:49:51.4871423-07:00,1351.5,2992,16301,93.58,53,99,85,34,4535,0x0000000000000001,GpuIdle
2026-08-23T19:49:52.5215238-07:00,1352.6,2992,16301,91.40,53,99,85,34,4535,0x0000000000000001,GpuIdle
2026-08-23T19:49:53.5725813-07:00,1353.6,2992,16301,93.58,53,99,85,34,4535,0x0000000000000001,GpuIdle
2026-08-23T19:49:54.6111496-07:00,1354.6,2992,16301,91.58,53,99,85,34,4535,0x0000000000000001,GpuIdle
2026-08-23T19:49:55.6497343-07:00,1355.7,2992,16301,93.76,53,99,85,34,4535,0x0000000000000001,GpuIdle
2026-08-23T19:49:56.6841213-07:00,1356.7,2992,16301,91.61,53,99,85,34,4535,0x0000000000000001,GpuIdle
2026-08-23T19:49:57.7184897-07:00,1357.8,2992,16301,93.63,53,99,85,34,4535,0x0000000000000001,GpuIdle
2026-08-23T19:49:58.7612154-07:00,1358.8,2992,16301,91.53,53,99,85,34,4535,0x0000000000000001,GpuIdle
2026-08-23T19:49:59.7997802-07:00,1359.8,2992,16301,93.79,53,99,85,34,4535,0x0000000000000001,GpuIdle
2026-08-23T19:50:00.8341409-07:00,1360.9,2992,16301,91.61,53,99,85,34,4535,0x0000000000000001,GpuIdle
2026-08-23T19:50:01.8693219-07:00,1361.9,2992,16301,93.64,53,99,85,34,4535,0x0000000000000001,GpuIdle
2026-08-23T19:50:02.9029315-07:00,1362.9,2992,16301,91.64,53,99,85,34,4535,0x0000000000000001,GpuIdle
2026-08-23T19:50:03.9373193-07:00,1364,2992,16301,93.81,53,99,85,34,4535,0x0000000000000001,GpuIdle
2026-08-23T19:50:04.9842155-07:00,1365,2992,16301,91.69,53,99,84,34,4535,0x0000000000000001,GpuIdle
2026-08-23T19:50:06.0186529-07:00,1366.1,2992,16301,93.80,53,99,85,34,4535,0x0000000000000001,GpuIdle
2026-08-23T19:50:07.0529721-07:00,1367.1,2992,16301,91.67,53,99,85,34,4535,0x0000000000000001,GpuIdle
2026-08-23T19:50:08.0875048-07:00,1368.1,2992,16301,93.73,53,99,85,34,4535,0x0000000000000001,GpuIdle
2026-08-23T19:50:09.1306034-07:00,1369.2,2992,16301,91.38,53,99,85,34,4543,0x0000000000000001,GpuIdle
2026-08-23T19:50:10.1646425-07:00,1370.2,2992,16301,93.80,53,99,85,34,4543,0x0000000000000001,GpuIdle
2026-08-23T19:50:11.1992707-07:00,1371.2,2992,16301,93.70,53,99,85,34,4535,0x0000000000000001,GpuIdle
2026-08-23T19:50:12.2334042-07:00,1372.3,2992,16301,91.73,52,68,58,34,4535,0x0000000000000001,GpuIdle
2026-08-23T19:50:13.2639840-07:00,1373.3,2992,16301,81.99,50,3,0,34,1324,0x0000000000000001,GpuIdle
2026-08-23T19:50:14.2980246-07:00,1374.3,3000,16501,27.44,49,3,0,34,1324,0x0000000000000001,GpuIdle
2026-08-23T19:50:15.3322840-07:00,1375.4,2992,16301,60.15,52,99,85,34,4535,0x0000000000000000,None
2026-08-23T19:50:16.3629611-07:00,1376.4,2992,16301,93.47,53,99,85,34,4535,0x0000000000000000,None
2026-08-23T19:50:17.3976862-07:00,1377.4,2992,16301,91.56,53,99,85,34,4535,0x0000000000000000,None
2026-08-23T19:50:18.4315800-07:00,1378.5,2992,16301,93.62,53,99,84,34,4535,0x0000000000000000,None
2026-08-23T19:50:19.4661187-07:00,1379.5,2992,16301,91.70,53,99,84,34,4535,0x0000000000000000,None
2026-08-23T19:50:20.5003307-07:00,1380.5,2992,16301,93.67,53,99,85,34,4543,0x0000000000000000,None
2026-08-23T19:50:21.5347090-07:00,1381.6,2992,16301,91.65,53,99,85,34,4535,0x0000000000000001,GpuIdle
2026-08-23T19:50:22.5689168-07:00,1382.6,2992,16301,93.55,53,99,84,34,4535,0x0000000000000001,GpuIdle
2026-08-23T19:50:23.6012748-07:00,1383.6,2992,16301,91.69,53,99,84,34,4535,0x0000000000000001,GpuIdle
2026-08-23T19:50:24.6549829-07:00,1384.7,2992,16301,93.78,53,99,85,34,4535,0x0000000000000001,GpuIdle
2026-08-23T19:50:25.6894813-07:00,1385.7,2992,16301,91.79,53,99,84,34,4535,0x0000000000000001,GpuIdle
2026-08-23T19:50:26.7233364-07:00,1386.8,2992,16301,93.79,53,99,84,34,4535,0x0000000000000001,GpuIdle
2026-08-23T19:50:27.7539989-07:00,1387.8,2992,16301,91.80,53,99,84,34,4535,0x0000000000000001,GpuIdle
2026-08-23T19:50:28.7885177-07:00,1388.8,2992,16301,93.73,53,99,85,34,4535,0x0000000000000001,GpuIdle
2026-08-23T19:50:29.8228435-07:00,1389.9,2992,16301,91.69,53,99,85,34,4535,0x0000000000000001,GpuIdle
2026-08-23T19:50:30.8570761-07:00,1390.9,2992,16301,93.83,53,99,85,34,4535,0x0000000000000001,GpuIdle
2026-08-23T19:50:31.8916095-07:00,1391.9,2992,16301,92.02,53,99,85,34,4535,0x0000000000000001,GpuIdle
2026-08-23T19:50:32.9252137-07:00,1393,2992,16301,93.76,53,99,85,34,4535,0x0000000000000001,GpuIdle
2026-08-23T19:50:33.9600870-07:00,1394,2992,16301,91.84,53,99,85,34,4535,0x0000000000000001,GpuIdle
2026-08-23T19:50:34.9982726-07:00,1395,2992,16301,93.80,53,99,85,34,4535,0x0000000000000001,GpuIdle
2026-08-23T19:50:36.0326530-07:00,1396.1,2992,16301,91.72,53,99,85,34,4535,0x0000000000000001,GpuIdle
2026-08-23T19:50:37.0672167-07:00,1397.1,2992,16301,93.78,53,99,85,34,4535,0x0000000000000001,GpuIdle
2026-08-23T19:50:38.1016123-07:00,1398.1,2992,16301,91.80,53,99,85,34,4535,0x0000000000000001,GpuIdle
2026-08-23T19:50:39.1318201-07:00,1399.2,2992,16301,93.75,53,99,85,34,4535,0x0000000000000001,GpuIdle
2026-08-23T19:50:40.1786274-07:00,1400.2,2992,16301,91.82,53,99,85,34,4535,0x0000000000000001,GpuIdle
2026-08-23T19:50:41.2128465-07:00,1401.2,2992,16301,93.79,53,99,85,34,4535,0x0000000000000001,GpuIdle
2026-08-23T19:50:42.2471316-07:00,1402.3,2992,16301,91.68,53,99,85,34,4535,0x0000000000000001,GpuIdle
2026-08-23T19:50:43.2777541-07:00,1403.3,2992,16301,93.82,53,99,85,34,4535,0x0000000000000001,GpuIdle
2026-08-23T19:50:44.3120074-07:00,1404.3,2992,16301,92.06,53,99,85,34,4535,0x0000000000000001,GpuIdle
2026-08-23T19:50:45.3462049-07:00,1405.4,2992,16301,93.91,53,99,85,34,4535,0x0000000000000001,GpuIdle
2026-08-23T19:50:46.3806284-07:00,1406.4,2992,16301,91.72,53,99,85,34,4535,0x0000000000000001,GpuIdle
2026-08-23T19:50:47.4149551-07:00,1407.4,2992,16301,93.68,53,99,85,34,4535,0x0000000000000001,GpuIdle
2026-08-23T19:50:48.4493206-07:00,1408.5,2992,16301,92.11,53,99,85,34,4535,0x0000000000000001,GpuIdle
2026-08-23T19:50:49.4837594-07:00,1409.5,2992,16301,93.95,53,99,85,34,4535,0x0000000000000001,GpuIdle
2026-08-23T19:50:50.5139285-07:00,1410.5,2992,16301,92.28,53,99,85,34,4535,0x0000000000000001,GpuIdle
2026-08-23T19:50:51.5526114-07:00,1411.6,2992,16301,93.81,53,99,85,34,4535,0x0000000000000001,GpuIdle
2026-08-23T19:50:52.5952521-07:00,1412.6,2992,16301,91.98,53,99,85,34,4535,0x0000000000000001,GpuIdle
2026-08-23T19:50:53.6296888-07:00,1413.7,2992,16301,93.81,53,99,85,34,4535,0x0000000000000001,GpuIdle
2026-08-23T19:50:54.6645152-07:00,1414.7,2992,16301,91.64,53,99,85,34,4535,0x0000000000000001,GpuIdle
2026-08-23T19:50:55.7109528-07:00,1415.7,2992,16301,92.13,52,71,61,34,4535,0x0000000000000001,GpuIdle
2026-08-23T19:50:56.7453327-07:00,1416.8,2992,16301,92.25,53,99,87,34,4535,0x0000000000000001,GpuIdle
2026-08-23T19:50:57.7838818-07:00,1417.8,2992,16301,93.62,53,89,78,34,4535,0x0000000000000001,GpuIdle
2026-08-23T19:50:58.8265675-07:00,1418.9,2992,16301,92.34,53,99,86,34,4535,0x0000000000000001,GpuIdle
2026-08-23T19:50:59.8651499-07:00,1419.9,2992,16301,93.99,53,99,85,34,4535,0x0000000000000001,GpuIdle
2026-08-23T19:51:00.9036866-07:00,1420.9,2992,16301,91.97,53,99,85,34,4535,0x0000000000000001,GpuIdle
2026-08-23T19:51:01.9488265-07:00,1422,2992,16301,93.90,53,99,85,34,4535,0x0000000000000001,GpuIdle
2026-08-23T19:51:02.9849769-07:00,1423,2992,16301,91.67,53,99,85,34,4535,0x0000000000000001,GpuIdle
2026-08-23T19:51:04.0193593-07:00,1424.1,2992,16301,93.93,53,99,85,34,4535,0x0000000000000001,GpuIdle
2026-08-23T19:51:05.0579458-07:00,1425.1,2992,16301,91.97,53,99,85,34,4535,0x0000000000000001,GpuIdle
2026-08-23T19:51:06.1007065-07:00,1426.1,2992,16301,94.06,53,99,85,34,4535,0x0000000000000001,GpuIdle
2026-08-23T19:51:07.1308577-07:00,1427.2,2992,16301,91.99,53,99,85,34,4535,0x0000000000000001,GpuIdle
2026-08-23T19:51:08.1694464-07:00,1428.2,2992,16301,93.85,53,99,85,34,4535,0x0000000000000001,GpuIdle
2026-08-23T19:51:09.2039045-07:00,1429.2,3000,16501,69.22,50,3,0,34,1324,0x0000000000000001,GpuIdle
2026-08-23T19:51:10.2423719-07:00,1430.3,3000,16501,27.30,49,3,0,34,1314,0x0000000000000001,GpuIdle
2026-08-23T19:51:11.2976131-07:00,1431.3,2992,16301,77.05,53,99,85,34,4520,0x0000000000000000,None
2026-08-23T19:51:12.3319833-07:00,1432.4,2992,16301,93.68,53,99,85,34,4526,0x0000000000000000,None
2026-08-23T19:51:13.3664384-07:00,1433.4,2992,16301,91.61,53,99,85,34,4526,0x0000000000000000,None
2026-08-23T19:51:14.4007913-07:00,1434.4,2992,16301,93.91,53,99,85,34,4520,0x0000000000000000,None
2026-08-23T19:51:15.4352244-07:00,1435.5,2992,16301,91.13,53,99,85,34,4520,0x0000000000000000,None
2026-08-23T19:51:16.4696233-07:00,1436.5,2992,16301,93.84,53,99,85,34,4520,0x0000000000000000,None
2026-08-23T19:51:17.5080973-07:00,1437.5,2992,16301,91.75,53,99,85,34,4520,0x0000000000000001,GpuIdle
2026-08-23T19:51:18.5424919-07:00,1438.6,2992,16301,93.89,53,99,85,34,4520,0x0000000000000001,GpuIdle
2026-08-23T19:51:19.5852518-07:00,1439.6,2992,16301,91.42,53,99,85,34,4520,0x0000000000000001,GpuIdle
2026-08-23T19:51:20.6342272-07:00,1440.7,2992,16301,93.80,53,99,85,34,4520,0x0000000000000001,GpuIdle
2026-08-23T19:51:21.6748699-07:00,1441.7,2992,16301,92.94,53,99,85,34,4520,0x0000000000000001,GpuIdle
2026-08-23T19:51:22.7217370-07:00,1442.8,2992,16301,94.14,53,99,85,34,4520,0x0000000000000001,GpuIdle
2026-08-23T19:51:23.7561700-07:00,1443.8,2992,16301,92.02,53,99,85,34,4520,0x0000000000000001,GpuIdle
2026-08-23T19:51:24.7905451-07:00,1444.8,2992,16301,94.21,53,99,85,34,4520,0x0000000000000001,GpuIdle
2026-08-23T19:51:25.8249514-07:00,1445.9,2992,16301,92.14,53,99,85,34,4520,0x0000000000000001,GpuIdle
2026-08-23T19:51:26.8801977-07:00,1446.9,2992,16301,93.98,53,99,85,34,4520,0x0000000000000001,GpuIdle
2026-08-23T19:51:27.9269715-07:00,1448,2992,16301,91.55,53,99,85,34,4520,0x0000000000000001,GpuIdle
2026-08-23T19:51:28.9614608-07:00,1449,2992,16301,94.11,53,99,86,34,4520,0x0000000000000001,GpuIdle
2026-08-23T19:51:29.9999831-07:00,1450,2992,16301,91.70,53,99,85,34,4520,0x0000000000000001,GpuIdle
2026-08-23T19:51:31.0343948-07:00,1451.1,2992,16301,93.90,53,99,85,34,4520,0x0000000000000001,GpuIdle
2026-08-23T19:51:32.0729770-07:00,1452.1,2992,16301,91.74,53,99,85,34,4520,0x0000000000000001,GpuIdle
2026-08-23T19:51:33.1073424-07:00,1453.1,2992,16301,93.93,53,99,85,34,4520,0x0000000000000001,GpuIdle
2026-08-23T19:51:34.1417076-07:00,1454.2,2992,16301,91.96,53,99,85,34,4520,0x0000000000000001,GpuIdle
2026-08-23T19:51:35.1802969-07:00,1455.2,2992,16301,91.82,53,99,85,34,4520,0x0000000000000001,GpuIdle
2026-08-23T19:51:36.2146778-07:00,1456.2,2992,16301,93.90,53,99,85,34,4520,0x0000000000000001,GpuIdle
2026-08-23T19:51:37.2490812-07:00,1457.3,2992,16301,91.86,53,99,85,34,4520,0x0000000000000001,GpuIdle
2026-08-23T19:51:38.2976183-07:00,1458.3,2992,16301,94.13,53,99,85,34,4520,0x0000000000000001,GpuIdle
2026-08-23T19:51:39.3384665-07:00,1459.4,2992,16301,91.93,53,99,85,34,4520,0x0000000000000001,GpuIdle
2026-08-23T19:51:40.3730456-07:00,1460.4,2992,16301,94.16,53,99,85,34,4520,0x0000000000000001,GpuIdle
2026-08-23T19:51:41.4032623-07:00,1461.4,2992,16301,91.98,53,68,58,34,4520,0x0000000000000001,GpuIdle
2026-08-23T19:51:42.4502279-07:00,1462.5,2992,16301,93.81,53,99,85,34,4520,0x0000000000000001,GpuIdle
2026-08-23T19:51:43.4845315-07:00,1463.5,2992,16301,92.01,51,68,58,34,4520,0x0000000000000001,GpuIdle
2026-08-23T19:51:44.5231273-07:00,1464.6,2992,16301,94.02,53,99,85,34,4520,0x0000000000000001,GpuIdle
2026-08-23T19:51:45.5616795-07:00,1465.6,2992,16301,93.29,53,86,74,34,4520,0x0000000000000001,GpuIdle
2026-08-23T19:51:46.5960596-07:00,1466.6,2992,16301,91.70,53,99,85,34,4520,0x0000000000000001,GpuIdle
2026-08-23T19:51:47.6346544-07:00,1467.7,2992,16301,93.81,53,99,85,34,4520,0x0000000000000001,GpuIdle
2026-08-23T19:51:48.6689986-07:00,1468.7,2992,16301,91.84,53,99,85,34,4520,0x0000000000000001,GpuIdle
2026-08-23T19:51:49.7034347-07:00,1469.7,2992,16301,91.95,53,99,85,34,4520,0x0000000000000001,GpuIdle
2026-08-23T19:51:50.7461947-07:00,1470.8,2992,16301,94.05,53,99,85,34,4520,0x0000000000000001,GpuIdle
2026-08-23T19:51:51.7846702-07:00,1471.8,2992,16301,91.86,53,99,85,34,4520,0x0000000000000001,GpuIdle
2026-08-23T19:51:52.8191215-07:00,1472.9,2992,16301,93.82,53,99,85,34,4520,0x0000000000000001,GpuIdle
2026-08-23T19:51:53.8576627-07:00,1473.9,2992,16301,92.22,53,99,85,34,4520,0x0000000000000001,GpuIdle
2026-08-23T19:51:54.8920371-07:00,1474.9,2992,16301,94.00,53,99,85,34,4520,0x0000000000000001,GpuIdle
2026-08-23T19:51:55.9264088-07:00,1476,2992,16301,91.88,53,99,85,34,4520,0x0000000000000001,GpuIdle
2026-08-23T19:51:56.9760020-07:00,1477,2992,16301,94.08,53,99,85,34,4520,0x0000000000000001,GpuIdle
2026-08-23T19:51:58.0285968-07:00,1478.1,2992,16301,91.63,53,99,86,34,4520,0x0000000000000001,GpuIdle
2026-08-23T19:51:59.0670900-07:00,1479.1,2992,16301,94.13,53,99,85,34,4526,0x0000000000000001,GpuIdle
2026-08-23T19:52:00.1015584-07:00,1480.1,2992,16301,91.85,53,99,85,34,4526,0x0000000000000001,GpuIdle
2026-08-23T19:52:01.1358881-07:00,1481.2,2992,16301,94.09,53,99,85,34,4520,0x0000000000000001,GpuIdle
2026-08-23T19:52:02.1694851-07:00,1482.2,2992,16301,92.20,53,99,85,34,4520,0x0000000000000001,GpuIdle
2026-08-23T19:52:03.2047147-07:00,1483.2,2992,16301,94.18,53,99,85,34,4520,0x0000000000000001,GpuIdle
2026-08-23T19:52:04.2390321-07:00,1484.3,2992,16301,91.73,53,99,85,34,4520,0x0000000000000001,GpuIdle
2026-08-23T19:52:05.2692999-07:00,1485.3,3000,16501,45.92,49,3,0,34,1309,0x0000000000000001,GpuIdle
2026-08-23T19:52:06.2997713-07:00,1486.3,2992,16301,36.99,52,99,86,34,4520,0x0000000000000000,None
2026-08-23T19:52:07.3341514-07:00,1487.4,2992,16301,93.53,53,99,85,34,4520,0x0000000000000000,None
2026-08-23T19:52:08.3685364-07:00,1488.4,2992,16301,91.08,52,62,53,34,4520,0x0000000000000000,None
2026-08-23T19:52:09.4076724-07:00,1489.4,2992,16301,91.40,53,99,85,34,4520,0x0000000000000000,None
2026-08-23T19:52:10.4418081-07:00,1490.5,2992,16301,91.40,52,59,50,34,4520,0x0000000000000000,None
2026-08-23T19:52:11.4764752-07:00,1491.5,2992,16301,91.20,53,99,85,34,4520,0x0000000000000000,None
2026-08-23T19:52:12.5142004-07:00,1492.5,2992,16301,93.91,53,99,86,34,4520,0x0000000000000001,GpuIdle
2026-08-23T19:52:13.5568579-07:00,1493.6,2992,16301,91.88,53,99,85,34,4520,0x0000000000000001,GpuIdle
2026-08-23T19:52:14.5912342-07:00,1494.6,2992,16301,94.06,53,99,85,34,4520,0x0000000000000001,GpuIdle
2026-08-23T19:52:15.6298015-07:00,1495.7,2992,16301,92.11,53,99,85,34,4520,0x0000000000000001,GpuIdle
2026-08-23T19:52:16.6686606-07:00,1496.7,2992,16301,93.90,53,99,85,34,4520,0x0000000000000001,GpuIdle
2026-08-23T19:52:17.7069693-07:00,1497.7,2992,16301,93.89,53,99,85,34,4520,0x0000000000000001,GpuIdle
2026-08-23T19:52:18.7412976-07:00,1498.8,2992,16301,91.66,53,99,85,34,4520,0x0000000000000001,GpuIdle
2026-08-23T19:52:19.7757434-07:00,1499.8,2992,16301,93.87,53,99,85,34,4520,0x0000000000000001,GpuIdle
2026-08-23T19:52:20.8101641-07:00,1500.8,2992,16301,91.76,53,99,85,34,4520,0x0000000000000001,GpuIdle
2026-08-23T19:52:21.8444773-07:00,1501.9,2992,16301,93.68,53,99,86,34,4520,0x0000000000000001,GpuIdle
2026-08-23T19:52:22.8829961-07:00,1502.9,2992,16301,91.30,53,99,85,34,4520,0x0000000000000001,GpuIdle
2026-08-23T19:52:23.9174204-07:00,1504,2992,16301,93.55,53,99,85,34,4520,0x0000000000000001,GpuIdle
2026-08-23T19:52:24.9518022-07:00,1505,2992,16301,91.79,53,99,86,34,4520,0x0000000000000001,GpuIdle
2026-08-23T19:52:26.0070824-07:00,1506,2992,16301,93.84,53,99,86,34,4520,0x0000000000000001,GpuIdle
2026-08-23T19:52:27.0414617-07:00,1507.1,2992,16301,91.84,53,99,85,34,4520,0x0000000000000001,GpuIdle
2026-08-23T19:52:28.0758660-07:00,1508.1,2992,16301,93.86,53,99,85,34,4520,0x0000000000000001,GpuIdle
2026-08-23T19:52:29.1102440-07:00,1509.1,2992,16301,92.07,53,90,78,34,4520,0x0000000000000001,GpuIdle
2026-08-23T19:52:30.1446302-07:00,1510.2,2992,16301,94.06,53,99,85,34,4520,0x0000000000000001,GpuIdle
2026-08-23T19:52:31.1831792-07:00,1511.2,2992,16301,91.99,53,99,85,34,4520,0x0000000000000001,GpuIdle
2026-08-23T19:52:32.2217236-07:00,1512.3,2992,16301,93.87,53,99,85,34,4520,0x0000000000000001,GpuIdle
2026-08-23T19:52:33.2602473-07:00,1513.3,2992,16301,92.02,53,99,85,34,4520,0x0000000000000001,GpuIdle
2026-08-23T19:52:34.2908153-07:00,1514.3,2992,16301,94.11,53,99,86,34,4520,0x0000000000000001,GpuIdle
2026-08-23T19:52:35.3388227-07:00,1515.4,2992,16301,91.84,53,99,85,34,4520,0x0000000000000001,GpuIdle
2026-08-23T19:52:36.3759234-07:00,1516.4,2992,16301,94.11,53,99,85,34,4520,0x0000000000000001,GpuIdle
2026-08-23T19:52:37.4103704-07:00,1517.4,2992,16301,92.08,53,99,87,34,4520,0x0000000000000001,GpuIdle
2026-08-23T19:52:38.4447256-07:00,1518.5,2992,16301,94.04,53,99,86,34,4520,0x0000000000000001,GpuIdle
2026-08-23T19:52:39.4790978-07:00,1519.5,2992,16301,92.12,53,99,85,34,4520,0x0000000000000001,GpuIdle
2026-08-23T19:52:40.5135102-07:00,1520.5,2992,16301,94.21,53,99,85,34,4520,0x0000000000000001,GpuIdle
2026-08-23T19:52:41.5520826-07:00,1521.6,2992,16301,91.87,53,99,86,34,4520,0x0000000000000001,GpuIdle
2026-08-23T19:52:42.5864307-07:00,1522.6,2992,16301,93.97,53,99,85,34,4520,0x0000000000000001,GpuIdle
2026-08-23T19:52:43.6250201-07:00,1523.7,2992,16301,92.10,53,99,85,34,4520,0x0000000000000001,GpuIdle
2026-08-23T19:52:44.6760867-07:00,1524.7,2992,16301,93.91,53,99,85,34,4526,0x0000000000000001,GpuIdle
2026-08-23T19:52:45.7146118-07:00,1525.7,2992,16301,91.63,53,99,85,34,4526,0x0000000000000001,GpuIdle
2026-08-23T19:52:46.7532283-07:00,1526.8,2992,16301,94.08,53,99,85,34,4518,0x0000000000000001,GpuIdle
2026-08-23T19:52:47.7875735-07:00,1527.8,2992,16301,91.35,53,99,85,34,4518,0x0000000000000001,GpuIdle
2026-08-23T19:52:48.8221377-07:00,1528.9,2992,16301,93.85,53,99,86,34,4527,0x0000000000000001,GpuIdle
2026-08-23T19:52:49.8605834-07:00,1529.9,2992,16301,91.86,53,99,85,34,4527,0x0000000000000001,GpuIdle
2026-08-23T19:52:50.8990595-07:00,1530.9,2992,16301,93.89,53,99,85,34,4525,0x0000000000000001,GpuIdle
2026-08-23T19:52:51.9334814-07:00,1532,2992,16301,92.07,53,99,85,34,4525,0x0000000000000001,GpuIdle
2026-08-23T19:52:52.9720623-07:00,1533,2992,16301,93.79,53,99,85,34,4525,0x0000000000000001,GpuIdle
2026-08-23T19:52:54.0257969-07:00,1534.1,2992,16301,92.20,53,99,87,34,4525,0x0000000000000001,GpuIdle
2026-08-23T19:52:55.0700295-07:00,1535.1,2992,16301,93.92,53,99,85,34,4525,0x0000000000000001,GpuIdle
2026-08-23T19:52:56.1045105-07:00,1536.1,2992,16301,91.95,53,99,85,34,4525,0x0000000000000001,GpuIdle
2026-08-23T19:52:57.1471265-07:00,1537.2,2992,16301,94.06,53,99,85,34,4525,0x0000000000000001,GpuIdle
2026-08-23T19:52:58.1773954-07:00,1538.2,2992,16301,91.87,53,99,85,34,4525,0x0000000000000001,GpuIdle
2026-08-23T19:52:59.2118069-07:00,1539.2,2992,16301,94.03,53,99,85,34,4525,0x0000000000000001,GpuIdle
2026-08-23T19:53:00.2545125-07:00,1540.3,2992,16301,86.99,51,18,13,34,3469,0x0000000000000001,GpuIdle
2026-08-23T19:53:01.3133331-07:00,1541.3,3000,16501,27.59,50,4,1,34,1324,0x0000000000000001,GpuIdle
2026-08-23T19:53:02.3482542-07:00,1542.4,2992,16301,51.19,53,99,85,34,4535,0x0000000000000000,None
2026-08-23T19:53:03.3868491-07:00,1543.4,2992,16301,93.62,53,99,84,34,4534,0x0000000000000000,None
2026-08-23T19:53:04.4253569-07:00,1544.5,2992,16301,91.49,53,99,84,34,4534,0x0000000000000000,None
2026-08-23T19:53:05.4643087-07:00,1545.5,2992,16301,93.89,53,99,84,34,4534,0x0000000000000000,None
2026-08-23T19:53:06.4983689-07:00,1546.5,2992,16301,91.90,53,99,84,34,4534,0x0000000000000000,None
2026-08-23T19:53:07.5327730-07:00,1547.6,2992,16301,93.92,53,99,84,34,4534,0x0000000000000000,None
2026-08-23T19:53:08.5671209-07:00,1548.6,2992,16301,91.96,53,99,84,34,4540,0x0000000000000001,GpuIdle
2026-08-23T19:53:09.6015482-07:00,1549.6,2992,16301,93.83,53,99,84,34,4540,0x0000000000000001,GpuIdle
2026-08-23T19:53:10.6316813-07:00,1550.7,2992,16301,91.46,53,99,85,34,4540,0x0000000000000001,GpuIdle
2026-08-23T19:53:11.6737295-07:00,1551.7,2992,16301,93.86,53,99,84,34,4540,0x0000000000000001,GpuIdle
2026-08-23T19:53:12.7129954-07:00,1552.7,2992,16301,91.92,53,99,85,34,4540,0x0000000000000001,GpuIdle
2026-08-23T19:53:13.7473532-07:00,1553.8,2992,16301,94.08,53,99,85,34,4540,0x0000000000000001,GpuIdle
2026-08-23T19:53:14.7817675-07:00,1554.8,2992,16301,91.71,53,99,85,34,4540,0x0000000000000001,GpuIdle
2026-08-23T19:53:15.8162036-07:00,1555.9,2992,16301,94.14,53,99,85,33,4540,0x0000000000000001,GpuIdle
2026-08-23T19:53:16.8547296-07:00,1556.9,2992,16301,92.10,53,99,85,33,4540,0x0000000000000001,GpuIdle
2026-08-23T19:53:17.8891068-07:00,1557.9,2992,16301,94.22,53,99,85,33,4540,0x0000000000000001,GpuIdle
2026-08-23T19:53:18.9234842-07:00,1559,2992,16301,91.85,53,99,85,34,4540,0x0000000000000001,GpuIdle
2026-08-23T19:53:19.9578615-07:00,1560,2992,16301,94.07,53,99,87,34,4540,0x0000000000000001,GpuIdle
2026-08-23T19:53:20.9922518-07:00,1561,2992,16301,92.21,53,99,85,33,4540,0x0000000000000001,GpuIdle
2026-08-23T19:53:22.0308168-07:00,1562.1,2992,16301,94.18,53,99,85,34,4540,0x0000000000000001,GpuIdle
2026-08-23T19:53:23.0693557-07:00,1563.1,2992,16301,92.18,53,99,86,34,4540,0x0000000000000001,GpuIdle
2026-08-23T19:53:24.1079958-07:00,1564.1,2992,16301,94.18,53,99,85,34,4540,0x0000000000000001,GpuIdle
2026-08-23T19:53:25.1464786-07:00,1565.2,2992,16301,91.82,53,99,85,33,4540,0x0000000000000001,GpuIdle
2026-08-23T19:53:26.1808731-07:00,1566.2,2992,16301,94.11,53,99,85,34,4540,0x0000000000000001,GpuIdle
2026-08-23T19:53:27.2194214-07:00,1567.3,2992,16301,91.58,53,99,84,34,4540,0x0000000000000001,GpuIdle
2026-08-23T19:53:28.2538124-07:00,1568.3,2992,16301,93.91,53,99,84,34,4540,0x0000000000000001,GpuIdle
2026-08-23T19:53:29.2890118-07:00,1569.3,2992,16301,91.17,53,99,85,34,4540,0x0000000000000001,GpuIdle
2026-08-23T19:53:30.3228735-07:00,1570.4,2992,16301,94.02,53,99,84,34,4540,0x0000000000000001,GpuIdle
2026-08-23T19:53:31.3868192-07:00,1571.4,2992,16301,91.86,53,99,85,34,4540,0x0000000000000001,GpuIdle
2026-08-23T19:53:32.4247466-07:00,1572.5,2992,16301,94.01,53,99,85,34,4540,0x0000000000000001,GpuIdle
2026-08-23T19:53:33.4549580-07:00,1573.5,2992,16301,91.87,53,99,85,34,4540,0x0000000000000001,GpuIdle
2026-08-23T19:53:34.4893783-07:00,1574.5,2992,16301,93.95,53,99,85,34,4540,0x0000000000000001,GpuIdle
2026-08-23T19:53:35.5279582-07:00,1575.6,2992,16301,91.60,53,99,85,34,4540,0x0000000000000001,GpuIdle
2026-08-23T19:53:36.5623446-07:00,1576.6,2992,16301,94.22,53,99,84,34,4540,0x0000000000000001,GpuIdle
2026-08-23T19:53:37.5967666-07:00,1577.6,2992,16301,92.32,53,99,84,34,4540,0x0000000000000001,GpuIdle
2026-08-23T19:53:38.6310963-07:00,1578.7,2992,16301,94.17,53,99,85,34,4540,0x0000000000000001,GpuIdle
2026-08-23T19:53:39.6612683-07:00,1579.7,2992,16301,92.29,53,99,85,34,4540,0x0000000000000001,GpuIdle
2026-08-23T19:53:40.6956399-07:00,1580.7,2992,16301,92.11,52,70,59,34,4540,0x0000000000000001,GpuIdle
2026-08-23T19:53:41.7300444-07:00,1581.8,2992,16301,92.14,53,99,85,34,4540,0x0000000000000001,GpuIdle
2026-08-23T19:53:42.7644344-07:00,1582.8,2992,16301,94.14,53,99,85,34,4540,0x0000000000000001,GpuIdle
2026-08-23T19:53:43.7988645-07:00,1583.8,2992,16301,92.00,53,99,85,34,4540,0x0000000000000001,GpuIdle
2026-08-23T19:53:44.8332057-07:00,1584.9,2992,16301,94.04,53,99,85,34,4540,0x0000000000000001,GpuIdle
2026-08-23T19:53:45.8675589-07:00,1585.9,2992,16301,91.55,53,99,85,33,4540,0x0000000000000001,GpuIdle
2026-08-23T19:53:46.9145047-07:00,1586.9,2992,16301,94.10,53,99,85,34,4540,0x0000000000000001,GpuIdle
2026-08-23T19:53:47.9489144-07:00,1588,2992,16301,91.78,53,99,85,34,4540,0x0000000000000001,GpuIdle
2026-08-23T19:53:48.9832778-07:00,1589,2992,16301,94.08,53,99,85,34,4540,0x0000000000000001,GpuIdle
2026-08-23T19:53:50.0176652-07:00,1590.1,2992,16301,91.94,53,99,85,34,4540,0x0000000000000001,GpuIdle
2026-08-23T19:53:51.0679195-07:00,1591.1,2992,16301,94.11,53,99,85,33,4540,0x0000000000000001,GpuIdle
2026-08-23T19:53:52.1072777-07:00,1592.1,2992,16301,92.18,53,99,85,33,4540,0x0000000000000001,GpuIdle
2026-08-23T19:53:53.1458691-07:00,1593.2,2992,16301,94.12,53,99,84,34,4540,0x0000000000000001,GpuIdle
2026-08-23T19:53:54.1802189-07:00,1594.2,2992,16301,91.89,53,99,84,34,4540,0x0000000000000001,GpuIdle
2026-08-23T19:53:55.2104286-07:00,1595.2,2992,16301,91.87,53,99,84,34,4540,0x0000000000000001,GpuIdle
2026-08-23T19:53:56.2447863-07:00,1596.3,3000,16501,69.71,50,4,1,34,1329,0x0000000000000001,GpuIdle
2026-08-23T19:53:57.2833832-07:00,1597.3,3000,16501,27.42,49,4,1,34,1329,0x0000000000000001,GpuIdle
2026-08-23T19:53:58.3178139-07:00,1598.4,2992,16301,71.32,53,99,85,33,4540,0x0000000000000000,None
2026-08-23T19:53:59.3521748-07:00,1599.4,2992,16301,93.80,53,99,85,33,4540,0x0000000000000000,None
2026-08-23T19:54:00.3865391-07:00,1600.4,2992,16301,91.79,53,99,84,34,4540,0x0000000000000000,None
2026-08-23T19:54:01.4209375-07:00,1601.5,2992,16301,93.82,53,99,85,34,4540,0x0000000000000000,None
2026-08-23T19:54:02.4678270-07:00,1602.5,2992,16301,91.54,53,99,85,34,4540,0x0000000000000000,None
2026-08-23T19:54:03.4980837-07:00,1603.5,2992,16301,93.96,53,99,85,33,4540,0x0000000000000000,None
2026-08-23T19:54:04.5365880-07:00,1604.6,2992,16301,91.98,53,99,85,33,4540,0x0000000000000001,GpuIdle
2026-08-23T19:54:05.5710249-07:00,1605.6,2992,16301,94.04,53,99,85,33,4540,0x0000000000000001,GpuIdle
2026-08-23T19:54:06.6053799-07:00,1606.6,2992,16301,91.86,53,99,85,33,4540,0x0000000000000001,GpuIdle
2026-08-23T19:54:07.6480784-07:00,1607.7,2992,16301,93.99,53,99,85,33,4540,0x0000000000000001,GpuIdle
2026-08-23T19:54:08.6866494-07:00,1608.7,2992,16301,92.29,53,99,85,34,4540,0x0000000000000001,GpuIdle
2026-08-23T19:54:09.7210806-07:00,1609.8,2992,16301,94.05,53,99,86,33,4540,0x0000000000000001,GpuIdle
2026-08-23T19:54:10.7622664-07:00,1610.8,2992,16301,92.08,53,99,85,33,4540,0x0000000000000001,GpuIdle
2026-08-23T19:54:11.8023906-07:00,1611.8,2992,16301,93.97,53,99,85,33,4540,0x0000000000000001,GpuIdle
2026-08-23T19:54:12.8367787-07:00,1612.9,2992,16301,91.52,53,99,85,33,4540,0x0000000000000001,GpuIdle
2026-08-23T19:54:13.8711743-07:00,1613.9,2992,16301,94.01,53,99,85,34,4534,0x0000000000000001,GpuIdle
2026-08-23T19:54:14.9097561-07:00,1614.9,2992,16301,92.13,53,99,85,33,4534,0x0000000000000001,GpuIdle
2026-08-23T19:54:15.9482543-07:00,1616,2992,16301,94.13,53,99,85,33,4534,0x0000000000000001,GpuIdle
2026-08-23T19:54:16.9910073-07:00,1617,2992,16301,91.45,53,99,85,33,4534,0x0000000000000001,GpuIdle
2026-08-23T19:54:18.0254269-07:00,1618.1,2992,16301,93.97,53,99,85,33,4534,0x0000000000000001,GpuIdle
2026-08-23T19:54:19.0680419-07:00,1619.1,2992,16301,91.38,53,99,85,33,4534,0x0000000000000001,GpuIdle
2026-08-23T19:54:20.1024940-07:00,1620.1,2992,16301,94.01,53,99,85,34,4534,0x0000000000000001,GpuIdle
2026-08-23T19:54:21.1368867-07:00,1621.2,2992,16301,91.92,53,99,85,33,4543,0x0000000000000001,GpuIdle
2026-08-23T19:54:22.1712553-07:00,1622.2,2992,16301,93.97,53,99,85,33,4534,0x0000000000000001,GpuIdle
2026-08-23T19:54:23.2057422-07:00,1623.2,2992,16301,93.88,53,99,85,33,4534,0x0000000000000001,GpuIdle
2026-08-23T19:54:24.2442289-07:00,1624.3,2992,16301,91.88,53,94,80,34,4534,0x0000000000000001,GpuIdle
2026-08-23T19:54:25.2744711-07:00,1625.3,2992,16301,93.46,53,99,85,33,4534,0x0000000000000001,GpuIdle
2026-08-23T19:54:26.3130266-07:00,1626.3,2992,16301,91.88,53,69,59,33,4534,0x0000000000000001,GpuIdle
2026-08-23T19:54:27.3473743-07:00,1627.4,2992,16301,92.12,53,99,85,33,4534,0x0000000000000001,GpuIdle
2026-08-23T19:54:28.3775536-07:00,1628.4,2992,16301,91.81,52,68,58,33,4534,0x0000000000000001,GpuIdle
2026-08-23T19:54:29.4119602-07:00,1629.4,2992,16301,92.14,53,99,85,33,4534,0x0000000000000001,GpuIdle
2026-08-23T19:54:30.4422167-07:00,1630.5,2992,16301,93.57,53,89,76,34,4534,0x0000000000000001,GpuIdle
2026-08-23T19:54:31.4858382-07:00,1631.5,2992,16301,92.24,53,99,85,33,4534,0x0000000000000001,GpuIdle
2026-08-23T19:54:32.5276263-07:00,1632.6,2992,16301,94.08,53,99,85,33,4534,0x0000000000000001,GpuIdle
2026-08-23T19:54:33.5745521-07:00,1633.6,2992,16301,91.66,53,99,85,33,4534,0x0000000000000001,GpuIdle
2026-08-23T19:54:34.6089429-07:00,1634.6,2992,16301,93.94,53,99,85,33,4534,0x0000000000000001,GpuIdle
2026-08-23T19:54:35.6433186-07:00,1635.7,2992,16301,92.11,53,99,85,33,4543,0x0000000000000001,GpuIdle
2026-08-23T19:54:36.6777160-07:00,1636.7,2992,16301,94.03,53,99,85,34,4534,0x0000000000000001,GpuIdle
2026-08-23T19:54:37.7121024-07:00,1637.7,2992,16301,93.97,53,99,85,34,4534,0x0000000000000001,GpuIdle
2026-08-23T19:54:38.7506310-07:00,1638.8,2992,16301,91.75,53,99,85,33,4534,0x0000000000000001,GpuIdle
2026-08-23T19:54:39.7850449-07:00,1639.8,2992,16301,94.07,53,99,85,33,4534,0x0000000000000001,GpuIdle
2026-08-23T19:54:40.8194483-07:00,1640.9,2992,16301,91.79,53,99,84,33,4534,0x0000000000000001,GpuIdle
2026-08-23T19:54:41.8538322-07:00,1641.9,2992,16301,94.17,53,99,84,33,4534,0x0000000000000001,GpuIdle
2026-08-23T19:54:42.8965604-07:00,1642.9,2992,16301,92.14,53,99,85,34,4534,0x0000000000000001,GpuIdle
2026-08-23T19:54:43.9309320-07:00,1644,2992,16301,94.26,53,99,85,33,4534,0x0000000000000001,GpuIdle
2026-08-23T19:54:44.9653558-07:00,1645,2992,16301,91.38,53,99,85,33,4540,0x0000000000000001,GpuIdle
2026-08-23T19:54:46.0038713-07:00,1646,2992,16301,93.99,53,99,85,33,4540,0x0000000000000001,GpuIdle
2026-08-23T19:54:47.0382476-07:00,1647.1,2992,16301,91.83,53,99,84,34,4534,0x0000000000000001,GpuIdle
2026-08-23T19:54:48.0726352-07:00,1648.1,2992,16301,93.96,53,99,85,33,4528,0x0000000000000001,GpuIdle
2026-08-23T19:54:49.1195363-07:00,1649.2,2992,16301,91.94,53,70,59,33,4528,0x0000000000000001,GpuIdle
2026-08-23T19:54:50.1712497-07:00,1650.2,2992,16301,92.26,53,99,85,33,4528,0x0000000000000001,GpuIdle
2026-08-23T19:54:51.2091561-07:00,1651.2,2992,16301,92.26,53,99,85,34,4528,0x0000000000000001,GpuIdle
2026-08-23T19:54:52.2393682-07:00,1652.3,3000,16501,52.75,50,3,1,34,1317,0x0000000000000001,GpuIdle
2026-08-23T19:54:53.2745698-07:00,1653.3,3000,16301,31.11,51,92,46,34,4528,0x0000000000000000,None
2026-08-23T19:54:54.3084635-07:00,1654.3,2992,16301,90.99,53,99,85,33,4528,0x0000000000000000,None
2026-08-23T19:54:55.3430311-07:00,1655.4,2992,16301,93.92,53,99,85,33,4534,0x0000000000000000,None
2026-08-23T19:54:56.3770362-07:00,1656.4,2992,16301,91.54,53,99,85,33,4534,0x0000000000000000,None
2026-08-23T19:54:57.4115904-07:00,1657.4,2992,16301,93.87,53,99,85,33,4533,0x0000000000000000,None
2026-08-23T19:54:58.4461582-07:00,1658.5,2992,16301,91.26,53,99,85,33,4533,0x0000000000000000,None
2026-08-23T19:54:59.4768039-07:00,1659.5,2992,16301,93.96,53,99,85,33,4533,0x0000000000000001,GpuIdle
2026-08-23T19:55:00.5108686-07:00,1660.5,2992,16301,91.78,53,99,85,33,4533,0x0000000000000001,GpuIdle
2026-08-23T19:55:01.5454210-07:00,1661.6,2992,16301,93.76,53,99,83,33,4540,0x0000000000000001,GpuIdle
2026-08-23T19:55:02.5793822-07:00,1662.6,2992,16301,91.88,53,99,85,33,4540,0x0000000000000001,GpuIdle
2026-08-23T19:55:03.6179473-07:00,1663.7,2992,16301,93.82,53,99,85,33,4534,0x0000000000000001,GpuIdle
2026-08-23T19:55:04.6606886-07:00,1664.7,2992,16301,91.69,53,99,85,33,4534,0x0000000000000001,GpuIdle
2026-08-23T19:55:05.6951107-07:00,1665.7,2992,16301,93.84,53,99,85,33,4534,0x0000000000000001,GpuIdle
2026-08-23T19:55:06.7249449-07:00,1666.8,2992,16301,93.89,53,99,85,33,4534,0x0000000000000001,GpuIdle
2026-08-23T19:55:07.7716554-07:00,1667.8,2992,16301,92.11,53,99,85,33,4534,0x0000000000000001,GpuIdle
2026-08-23T19:55:08.8064061-07:00,1668.8,2992,16301,93.79,53,99,85,33,4534,0x0000000000000001,GpuIdle
2026-08-23T19:55:09.8408215-07:00,1669.9,2992,16301,91.69,53,99,85,33,4534,0x0000000000000001,GpuIdle
2026-08-23T19:55:10.8751682-07:00,1670.9,2992,16301,93.81,53,99,85,33,4534,0x0000000000000001,GpuIdle
2026-08-23T19:55:11.9094634-07:00,1671.9,2992,16301,92.00,53,99,85,34,4534,0x0000000000000001,GpuIdle
2026-08-23T19:55:12.9521833-07:00,1673,2992,16301,93.91,53,99,85,33,4534,0x0000000000000001,GpuIdle
2026-08-23T19:55:13.9823530-07:00,1674,2992,16301,91.44,53,71,60,33,4534,0x0000000000000001,GpuIdle
2026-08-23T19:55:15.0167384-07:00,1675.1,2992,16301,91.88,53,99,85,34,4534,0x0000000000000001,GpuIdle
2026-08-23T19:55:16.0511245-07:00,1676.1,2992,16301,91.22,51,60,51,33,4534,0x0000000000000001,GpuIdle
2026-08-23T19:55:17.0855251-07:00,1677.1,2992,16301,91.46,53,99,85,33,4534,0x0000000000000001,GpuIdle
2026-08-23T19:55:18.1199502-07:00,1678.2,2992,16301,94.20,53,99,85,33,4534,0x0000000000000001,GpuIdle
2026-08-23T19:55:19.1585058-07:00,1679.2,2992,16301,92.18,53,99,85,33,4534,0x0000000000000001,GpuIdle
2026-08-23T19:55:20.1970105-07:00,1680.2,2992,16301,94.12,53,99,85,33,4534,0x0000000000000001,GpuIdle
2026-08-23T19:55:21.2356556-07:00,1681.3,2992,16301,94.05,53,99,85,33,4534,0x0000000000000001,GpuIdle
2026-08-23T19:55:22.2704671-07:00,1682.3,2992,16301,92.18,53,99,85,33,4534,0x0000000000000001,GpuIdle
2026-08-23T19:55:23.3085089-07:00,1683.3,2992,16301,94.21,53,99,85,33,4534,0x0000000000000001,GpuIdle
2026-08-23T19:55:24.3429198-07:00,1684.4,2992,16301,92.23,53,99,85,33,4534,0x0000000000000001,GpuIdle
2026-08-23T19:55:25.3773349-07:00,1685.4,2992,16301,94.08,53,99,85,34,4534,0x0000000000000001,GpuIdle
2026-08-23T19:55:26.4117589-07:00,1686.4,2992,16301,91.76,53,99,85,33,4534,0x0000000000000001,GpuIdle
2026-08-23T19:55:27.4707819-07:00,1687.5,2992,16301,94.04,53,99,85,33,4534,0x0000000000000001,GpuIdle
2026-08-23T19:55:28.5138297-07:00,1688.5,2992,16301,91.96,53,99,85,33,4534,0x0000000000000001,GpuIdle
2026-08-23T19:55:29.5607825-07:00,1689.6,2992,16301,94.25,53,99,85,33,4534,0x0000000000000001,GpuIdle
2026-08-23T19:55:30.5992861-07:00,1690.6,2992,16301,91.72,53,99,85,34,4534,0x0000000000000001,GpuIdle
2026-08-23T19:55:31.6378423-07:00,1691.7,2992,16301,94.07,53,99,85,33,4534,0x0000000000000001,GpuIdle
2026-08-23T19:55:32.6722599-07:00,1692.7,2992,16301,92.01,53,99,85,33,4534,0x0000000000000001,GpuIdle
2026-08-23T19:55:33.7107831-07:00,1693.7,2992,16301,93.94,53,99,85,33,4539,0x0000000000000001,GpuIdle
2026-08-23T19:55:34.7451777-07:00,1694.8,2992,16301,91.15,53,99,85,33,4539,0x0000000000000001,GpuIdle
2026-08-23T19:55:35.7920782-07:00,1695.8,2992,16301,94.13,53,99,85,34,4533,0x0000000000000001,GpuIdle
2026-08-23T19:55:36.8264707-07:00,1696.9,2992,16301,92.05,53,99,85,33,4533,0x0000000000000001,GpuIdle
2026-08-23T19:55:37.8608531-07:00,1697.9,2992,16301,94.06,53,99,85,33,4533,0x0000000000000001,GpuIdle
2026-08-23T19:55:38.9036296-07:00,1698.9,2992,16301,91.89,53,99,85,33,4533,0x0000000000000001,GpuIdle
2026-08-23T19:55:39.9422185-07:00,1700,2992,16301,94.12,53,99,85,33,4533,0x0000000000000001,GpuIdle
2026-08-23T19:55:40.9765682-07:00,1701,2992,16301,91.94,53,99,85,33,4533,0x0000000000000001,GpuIdle
2026-08-23T19:55:42.0067995-07:00,1702,2992,16301,94.06,53,99,85,33,4533,0x0000000000000001,GpuIdle
2026-08-23T19:55:43.0370243-07:00,1703.1,2992,16301,91.66,53,99,85,34,4533,0x0000000000000001,GpuIdle
2026-08-23T19:55:44.0756101-07:00,1704.1,2992,16301,94.18,53,99,86,34,4533,0x0000000000000001,GpuIdle
2026-08-23T19:55:45.1349439-07:00,1705.2,2992,16301,92.19,53,99,85,34,4538,0x0000000000000001,GpuIdle
2026-08-23T19:55:46.1735253-07:00,1706.2,2992,16301,94.09,53,99,85,34,4538,0x0000000000000001,GpuIdle
2026-08-23T19:55:47.2121086-07:00,1707.2,2992,16301,90.85,53,81,69,34,4532,0x0000000000000001,GpuIdle
2026-08-23T19:55:48.2506302-07:00,1708.3,3000,16501,27.48,50,3,0,34,1321,0x0000000000000001,GpuIdle
2026-08-23T19:55:49.2892109-07:00,1709.3,2985,16301,51.70,53,99,85,34,4532,0x0000000000000000,None
2026-08-23T19:55:50.3194647-07:00,1710.4,2992,16301,93.77,53,99,85,33,4532,0x0000000000000000,None
2026-08-23T19:55:51.3653159-07:00,1711.4,2992,16301,92.07,53,99,86,33,4532,0x0000000000000000,None
2026-08-23T19:55:52.4007494-07:00,1712.4,2992,16301,93.95,53,99,86,34,4532,0x0000000000000000,None
2026-08-23T19:55:53.4385573-07:00,1713.5,2992,16301,91.92,53,99,86,33,4532,0x0000000000000000,None
2026-08-23T19:55:54.4694993-07:00,1714.5,2992,16301,94.00,53,99,86,33,4532,0x0000000000000000,None
2026-08-23T19:55:55.5121966-07:00,1715.5,2992,16301,92.12,53,99,86,33,4532,0x0000000000000001,GpuIdle
2026-08-23T19:55:56.5466080-07:00,1716.6,2992,16301,94.01,53,99,85,33,4532,0x0000000000000001,GpuIdle
2026-08-23T19:55:57.5809757-07:00,1717.6,2992,16301,91.31,53,99,85,34,4532,0x0000000000000001,GpuIdle
2026-08-23T19:55:58.6196140-07:00,1718.7,2992,16301,94.02,53,99,86,33,4538,0x0000000000000001,GpuIdle
2026-08-23T19:55:59.6581323-07:00,1719.7,2992,16301,91.96,53,99,86,33,4538,0x0000000000000001,GpuIdle
2026-08-23T19:56:00.6966860-07:00,1720.7,2992,16301,93.79,53,99,85,34,4530,0x0000000000000001,GpuIdle
2026-08-23T19:56:01.7352013-07:00,1721.8,2992,16301,91.80,53,99,86,33,4530,0x0000000000000001,GpuIdle
2026-08-23T19:56:02.7866341-07:00,1722.8,2992,16301,93.88,53,99,86,33,4530,0x0000000000000001,GpuIdle
2026-08-23T19:56:03.8206541-07:00,1723.9,2992,16301,91.93,53,99,86,33,4530,0x0000000000000001,GpuIdle
2026-08-23T19:56:04.8550377-07:00,1724.9,2992,16301,94.01,53,99,86,34,4530,0x0000000000000001,GpuIdle
2026-08-23T19:56:05.8894546-07:00,1725.9,2992,16301,92.03,53,99,86,33,4530,0x0000000000000001,GpuIdle
2026-08-23T19:56:06.9404888-07:00,1727,2992,16301,94.12,53,99,86,33,4530,0x0000000000000001,GpuIdle
2026-08-23T19:56:07.9707280-07:00,1728,2992,16301,91.96,53,99,86,33,4530,0x0000000000000001,GpuIdle
2026-08-23T19:56:09.0050729-07:00,1729,2992,16301,94.09,53,99,86,33,4530,0x0000000000000001,GpuIdle
2026-08-23T19:56:10.0395415-07:00,1730.1,2992,16301,92.04,53,99,85,33,4530,0x0000000000000001,GpuIdle
2026-08-23T19:56:11.0739032-07:00,1731.1,2992,16301,93.95,53,99,86,33,4530,0x0000000000000001,GpuIdle
2026-08-23T19:56:12.1124585-07:00,1732.1,2992,16301,91.64,53,99,86,34,4530,0x0000000000000001,GpuIdle
2026-08-23T19:56:13.1468662-07:00,1733.2,2992,16301,93.90,53,99,85,34,4530,0x0000000000000001,GpuIdle
2026-08-23T19:56:14.1895616-07:00,1734.2,2992,16301,91.84,53,99,86,33,4530,0x0000000000000001,GpuIdle
2026-08-23T19:56:15.2239502-07:00,1735.3,2992,16301,93.92,53,99,86,33,4530,0x0000000000000001,GpuIdle
2026-08-23T19:56:16.2633045-07:00,1736.3,2992,16301,91.62,53,99,86,33,4530,0x0000000000000001,GpuIdle
2026-08-23T19:56:17.2975812-07:00,1737.3,2992,16301,93.97,53,99,86,33,4530,0x0000000000000001,GpuIdle
2026-08-23T19:56:18.3312245-07:00,1738.4,2992,16301,92.06,53,99,86,33,4530,0x0000000000000001,GpuIdle
2026-08-23T19:56:19.3657024-07:00,1739.4,2992,16301,94.05,53,99,86,33,4530,0x0000000000000001,GpuIdle
2026-08-23T19:56:20.4083721-07:00,1740.4,2992,16301,92.11,53,99,86,33,4530,0x0000000000000001,GpuIdle
2026-08-23T19:56:21.4572004-07:00,1741.5,2992,16301,94.13,53,99,86,33,4530,0x0000000000000001,GpuIdle
2026-08-23T19:56:22.4938319-07:00,1742.5,2992,16301,92.13,53,99,85,33,4530,0x0000000000000001,GpuIdle
2026-08-23T19:56:23.5282198-07:00,1743.6,2992,16301,94.13,53,99,86,34,4530,0x0000000000000001,GpuIdle
2026-08-23T19:56:24.5626691-07:00,1744.6,2992,16301,92.11,53,99,86,33,4530,0x0000000000000001,GpuIdle
2026-08-23T19:56:25.6011755-07:00,1745.6,2992,16301,94.08,53,99,85,33,4530,0x0000000000000001,GpuIdle
2026-08-23T19:56:26.6355563-07:00,1746.7,2992,16301,92.26,53,99,85,34,4530,0x0000000000000001,GpuIdle
2026-08-23T19:56:27.6658288-07:00,1747.7,2992,16301,94.04,53,99,86,33,4530,0x0000000000000001,GpuIdle
2026-08-23T19:56:28.6960701-07:00,1748.7,2992,16301,91.71,53,99,86,33,4530,0x0000000000000001,GpuIdle
2026-08-23T19:56:29.7429584-07:00,1749.8,2992,16301,94.09,53,99,86,33,4530,0x0000000000000001,GpuIdle
2026-08-23T19:56:30.7773094-07:00,1750.8,2992,16301,92.48,53,99,86,34,4530,0x0000000000000001,GpuIdle
2026-08-23T19:56:31.8117006-07:00,1751.8,2992,16301,94.07,52,99,86,34,4530,0x0000000000000001,GpuIdle
2026-08-23T19:56:32.8461186-07:00,1752.9,2992,16301,91.93,53,99,85,34,4530,0x0000000000000001,GpuIdle
2026-08-23T19:56:33.8804811-07:00,1753.9,2992,16301,94.22,53,99,86,33,4530,0x0000000000000001,GpuIdle
2026-08-23T19:56:34.9148720-07:00,1754.9,2992,16301,92.19,53,99,85,33,4530,0x0000000000000001,GpuIdle
2026-08-23T19:56:35.9512508-07:00,1756,2992,16301,94.23,53,99,85,34,4530,0x0000000000000001,GpuIdle
2026-08-23T19:56:36.9794750-07:00,1757,2992,16301,91.89,53,99,85,34,4530,0x0000000000000001,GpuIdle
2026-08-23T19:56:38.0305551-07:00,1758.1,2992,16301,94.10,53,99,85,34,4530,0x0000000000000001,GpuIdle
2026-08-23T19:56:39.0774921-07:00,1759.1,2992,16301,92.09,53,99,85,34,4530,0x0000000000000001,GpuIdle
2026-08-23T19:56:40.1118089-07:00,1760.1,2992,16301,94.11,53,99,86,34,4535,0x0000000000000001,GpuIdle
2026-08-23T19:56:41.1587244-07:00,1761.2,2992,16301,92.14,53,99,85,34,4535,0x0000000000000001,GpuIdle
2026-08-23T19:56:42.1972478-07:00,1762.2,2992,16301,94.06,53,99,86,34,4535,0x0000000000000001,GpuIdle
2026-08-23T19:56:43.2316762-07:00,1763.3,3000,16501,68.17,50,3,1,34,1324,0x0000000000000001,GpuIdle
2026-08-23T19:56:44.2660782-07:00,1764.3,3000,16501,27.41,50,3,0,34,1324,0x0000000000000001,GpuIdle
2026-08-23T19:56:45.3087578-07:00,1765.3,2992,16301,71.36,53,99,85,34,4535,0x0000000000000000,None
2026-08-23T19:56:46.3431266-07:00,1766.4,2992,16301,93.59,53,99,86,33,4535,0x0000000000000000,None
2026-08-23T19:56:47.3775127-07:00,1767.4,2992,16301,91.76,53,99,86,33,4535,0x0000000000000000,None
2026-08-23T19:56:48.4161452-07:00,1768.5,2992,16301,93.81,53,99,86,34,4535,0x0000000000000000,None
2026-08-23T19:56:49.4505364-07:00,1769.5,2992,16301,91.69,53,99,85,33,4535,0x0000000000000000,None
2026-08-23T19:56:50.4890439-07:00,1770.5,2992,16301,93.78,53,99,85,33,4535,0x0000000000000000,None
2026-08-23T19:56:51.5235378-07:00,1771.6,2992,16301,91.85,53,99,85,33,4535,0x0000000000000001,GpuIdle
2026-08-23T19:56:52.5578497-07:00,1772.6,2992,16301,93.97,53,99,85,33,4535,0x0000000000000001,GpuIdle
2026-08-23T19:56:53.6088917-07:00,1773.6,2992,16301,91.35,53,99,85,34,4535,0x0000000000000001,GpuIdle
2026-08-23T19:56:54.6432460-07:00,1774.7,2992,16301,94.02,53,99,85,33,4535,0x0000000000000001,GpuIdle
2026-08-23T19:56:55.6735310-07:00,1775.7,2992,16301,91.82,53,99,86,33,4535,0x0000000000000001,GpuIdle
2026-08-23T19:56:56.7078636-07:00,1776.7,2992,16301,93.94,53,99,85,33,4535,0x0000000000000001,GpuIdle
2026-08-23T19:56:57.7381672-07:00,1777.8,2992,16301,91.69,53,99,85,33,4535,0x0000000000000001,GpuIdle
2026-08-23T19:56:58.7725397-07:00,1778.8,2992,16301,93.76,52,99,85,34,4535,0x0000000000000001,GpuIdle
2026-08-23T19:56:59.8069271-07:00,1779.8,2992,16301,91.96,53,99,85,34,4535,0x0000000000000001,GpuIdle
2026-08-23T19:57:00.8454093-07:00,1780.9,2992,16301,93.90,53,99,85,34,4535,0x0000000000000001,GpuIdle
2026-08-23T19:57:01.8883268-07:00,1781.9,2992,16301,91.88,53,99,85,33,4535,0x0000000000000001,GpuIdle
2026-08-23T19:57:02.9225625-07:00,1783,2992,16301,94.14,53,99,85,33,4535,0x0000000000000001,GpuIdle
2026-08-23T19:57:03.9569217-07:00,1784,2992,16301,92.23,53,99,86,33,4535,0x0000000000000001,GpuIdle
2026-08-23T19:57:04.9870404-07:00,1785,2992,16301,94.27,53,99,86,33,4535,0x0000000000000001,GpuIdle
2026-08-23T19:57:06.0340667-07:00,1786.1,2992,16301,92.26,53,99,85,34,4535,0x0000000000000001,GpuIdle
2026-08-23T19:57:07.0642682-07:00,1787.1,2992,16301,94.11,53,99,85,34,4535,0x0000000000000001,GpuIdle
2026-08-23T19:57:08.0986652-07:00,1788.1,2992,16301,91.85,53,99,85,34,4535,0x0000000000000001,GpuIdle
2026-08-23T19:57:09.1455321-07:00,1789.2,2992,16301,94.13,53,99,85,34,4535,0x0000000000000001,GpuIdle
2026-08-23T19:57:10.1882709-07:00,1790.2,2992,16301,91.38,53,99,85,33,4535,0x0000000000000001,GpuIdle
2026-08-23T19:57:11.2268128-07:00,1791.3,2992,16301,92.11,53,99,85,34,4535,0x0000000000000001,GpuIdle
2026-08-23T19:57:12.2653808-07:00,1792.3,2992,16301,94.12,53,99,85,33,4535,0x0000000000000001,GpuIdle
2026-08-23T19:57:13.2998043-07:00,1793.3,2992,16301,91.91,53,70,59,34,4535,0x0000000000000001,GpuIdle
2026-08-23T19:57:14.3341760-07:00,1794.4,2992,16301,94.06,53,99,85,34,4535,0x0000000000000001,GpuIdle
2026-08-23T19:57:15.3685948-07:00,1795.4,2992,16301,92.17,53,69,59,33,4535,0x0000000000000001,GpuIdle
2026-08-23T19:57:16.4070996-07:00,1796.4,2992,16301,93.97,53,99,85,33,4535,0x0000000000000001,GpuIdle
2026-08-23T19:57:17.4456781-07:00,1797.5,2992,16301,91.44,53,90,77,33,4535,0x0000000000000001,GpuIdle
2026-08-23T19:57:18.4842457-07:00,1798.5,2992,16301,92.04,53,99,85,33,4535,0x0000000000000001,GpuIdle
2026-08-23T19:57:19.5186040-07:00,1799.6,2992,16301,91.73,52,99,85,34,4535,0x0000000000000001,GpuIdle
2026-08-23T19:57:20.5620518-07:00,1800.6,2992,16301,92.01,53,99,85,34,4535,0x0000000000000001,GpuIdle
2026-08-23T19:57:21.6040467-07:00,1801.6,2992,16301,93.66,53,99,85,34,4535,0x0000000000000001,GpuIdle
2026-08-23T19:57:22.6463308-07:00,1802.7,2992,16301,92.25,53,99,85,34,4535,0x0000000000000001,GpuIdle
2026-08-23T19:57:23.6770348-07:00,1803.7,2992,16301,94.25,53,99,85,34,4535,0x0000000000000001,GpuIdle
2026-08-23T19:57:24.7238865-07:00,1804.8,2992,16301,94.19,53,99,85,33,4543,0x0000000000000001,GpuIdle
2026-08-23T19:57:25.7584366-07:00,1805.8,2992,16301,92.09,53,99,85,34,4543,0x0000000000000001,GpuIdle
2026-08-23T19:57:26.7846702-07:00,1806.8,2992,16301,94.36,53,99,84,34,4535,0x0000000000000001,GpuIdle
2026-08-23T19:57:27.8320524-07:00,1807.9,2992,16301,92.40,53,99,86,34,4535,0x0000000000000001,GpuIdle
2026-08-23T19:57:28.8659867-07:00,1808.9,2992,16301,94.15,53,99,85,34,4535,0x0000000000000001,GpuIdle
2026-08-23T19:57:29.9004242-07:00,1809.9,2992,16301,91.99,53,99,85,34,4535,0x0000000000000001,GpuIdle
2026-08-23T19:57:30.9389492-07:00,1811,2992,16301,94.27,53,99,85,33,4535,0x0000000000000001,GpuIdle
2026-08-23T19:57:31.9738122-07:00,1812,2992,16301,92.25,53,99,85,33,4535,0x0000000000000001,GpuIdle
2026-08-23T19:57:33.0031670-07:00,1813,2992,16301,94.01,53,99,85,33,4535,0x0000000000000001,GpuIdle
2026-08-23T19:57:34.0379836-07:00,1814.1,2992,16301,91.97,53,99,85,34,4535,0x0000000000000001,GpuIdle
2026-08-23T19:57:35.0725053-07:00,1815.1,2992,16301,94.18,53,99,86,34,4535,0x0000000000000001,GpuIdle
2026-08-23T19:57:36.1022865-07:00,1816.1,2992,16301,92.15,53,99,85,34,4535,0x0000000000000001,GpuIdle
2026-08-23T19:57:37.1541183-07:00,1817.2,2992,16301,94.14,53,99,84,34,4535,0x0000000000000001,GpuIdle
2026-08-23T19:57:38.2007015-07:00,1818.2,2992,16301,92.02,53,99,85,34,4535,0x0000000000000001,GpuIdle
2026-08-23T19:57:39.2411246-07:00,1819.3,3000,16501,41.87,50,3,1,34,1324,0x0000000000000001,GpuIdle
2026-08-23T19:57:40.2778294-07:00,1820.3,3000,16301,37.43,52,99,85,34,4535,0x0000000000000000,None
2026-08-23T19:57:41.3116385-07:00,1821.3,2992,16301,93.77,53,99,85,34,4543,0x0000000000000000,None
2026-08-23T19:57:42.3502303-07:00,1822.4,2992,16301,91.62,52,99,87,34,4535,0x0000000000000000,None
2026-08-23T19:57:43.3846035-07:00,1823.4,2992,16301,91.78,53,99,85,34,4535,0x0000000000000000,None
2026-08-23T19:57:44.4191668-07:00,1824.5,2992,16301,93.22,53,81,70,34,4535,0x0000000000000000,None
2026-08-23T19:57:45.4576453-07:00,1825.5,2992,16301,92.35,53,99,85,34,4535,0x0000000000000000,None
2026-08-23T19:57:46.4938714-07:00,1826.5,2992,16301,94.35,53,99,85,34,4535,0x0000000000000001,GpuIdle
2026-08-23T19:57:47.5271027-07:00,1827.6,2992,16301,91.21,53,99,85,34,4535,0x0000000000000001,GpuIdle
2026-08-23T19:57:48.5693504-07:00,1828.6,2992,16301,94.10,53,99,85,34,4535,0x0000000000000001,GpuIdle
2026-08-23T19:57:49.6042152-07:00,1829.6,2992,16301,91.39,53,99,85,34,4535,0x0000000000000001,GpuIdle
