Date,Time,"Virtual Memory Committed [MB]","Virtual Memory Available [MB]","Virtual Memory Load [%]","Physical Memory Used [MB]","Physical Memory Available [MB]","Physical Memory Load [%]","Page File Usage [%]","Page File Total [MB]","Page File Used [MB]","Core VIDs (avg) [V]","Core 0 VID [V]","Core 1 VID [V]","Core 2 VID [V]","Core 3 VID [V]","Core 4 VID [V]","Core 5 VID [V]","Core Clocks (avg) [MHz]","Core 0 Clock (perf #4/5) [MHz]","Core 1 Clock (perf #2/3) [MHz]","Core 2 Clock (perf #1/2) [MHz]","Core 3 Clock (perf #5/6) [MHz]","Core 4 Clock (perf #1/1) [MHz]","Core 5 Clock (perf #3/4) [MHz]","Bus Clock [MHz]","Core Effective Clocks (avg) [MHz]","Core 0 T0 Effective Clock [MHz]","Core 0 T1 Effective Clock [MHz]","Core 1 T0 Effective Clock [MHz]","Core 1 T1 Effective Clock [MHz]","Core 2 T0 Effective Clock [MHz]","Core 2 T1 Effective Clock [MHz]","Core 3 T0 Effective Clock [MHz]","Core 3 T1 Effective Clock [MHz]","Core 4 T0 Effective Clock [MHz]","Core 4 T1 Effective Clock [MHz]","Core 5 T0 Effective Clock [MHz]","Core 5 T1 Effective Clock [MHz]","Average Effective Clock [MHz]","Core Usage (avg) [%]","Core 0 T0 Usage [%]","Core 0 T1 Usage [%]","Core 1 T0 Usage [%]","Core 1 T1 Usage [%]","Core 2 T0 Usage [%]","Core 2 T1 Usage [%]","Core 3 T0 Usage [%]","Core 3 T1 Usage [%]","Core 4 T0 Usage [%]","Core 4 T1 Usage [%]","Core 5 T0 Usage [%]","Core 5 T1 Usage [%]","Max CPU/Thread Usage [%]","Total CPU Usage [%]","Core Utility (avg) [%]","Core 0 T0 Utility [%]","Core 0 T1 Utility [%]","Core 1 T0 Utility [%]","Core 1 T1 Utility [%]","Core 2 T0 Utility [%]","Core 2 T1 Utility [%]","Core 3 T0 Utility [%]","Core 3 T1 Utility [%]","Core 4 T0 Utility [%]","Core 4 T1 Utility [%]","Core 5 T0 Utility [%]","Core 5 T1 Utility [%]","Total CPU Utility [%]","Core Ratios (avg) [x]","Core 0 Ratio [x]","Core 1 Ratio [x]","Core 2 Ratio [x]","Core 3 Ratio [x]","Core 4 Ratio [x]","Core 5 Ratio [x]","Package C6 Residency [%]","Core C0 Residency (avg) [%]","Core 0 C0 Residency [%]","Core 1 C0 Residency [%]","Core 2 C0 Residency [%]","Core 3 C0 Residency [%]","Core 4 C0 Residency [%]","Core 5 C0 Residency [%]","Core C1 Residency (avg) [%]","Core 0 C1 Residency [%]","Core 1 C1 Residency [%]","Core 2 C1 Residency [%]","Core 3 C1 Residency [%]","Core 4 C1 Residency [%]","Core 5 C1 Residency [%]","Core C6 Residency (avg) [%]","Core 0 C6 Residency [%]","Core 1 C6 Residency [%]","Core 2 C6 Residency [%]","Core 3 C6 Residency [%]","Core 4 C6 Residency [%]","Core 5 C6 Residency [%]","Memory Clock [MHz]","Memory Clock Ratio [x]","Tcas [T]","Trcd [T]","Trp [T]","Tras [T]","Trc [T]","Trfc [T]","Command Rate [T]","CPU (Tctl/Tdie) [°C]","CPU Die (average) [°C]","CPU CCD1 (Tdie) [°C]","Core Temperatures (avg) [°C]","Core0 (CCD1) [°C]","Core1 (CCD1) [°C]","Core2 (CCD1) [°C]","Core3 (CCD1) [°C]","Core4 (CCD1) [°C]","Core5 (CCD1) [°C]","L3 Temperatures (avg) [°C]","L3 Cache (CCD1) [°C]","CPU IOD Hotspot [°C]","CPU IOD Average [°C]","CPU Core Voltage (SVI2 TFN) [V]","SoC Voltage (SVI2 TFN) [V]","CPU Core VID (Effective) [V]","CPU Core Current (SVI2 TFN) [A]","SoC Current (SVI2 TFN) [A]","CPU TDC [A]","CPU EDC [A]","CPU Package Power [W]","Core Powers (avg) [W]","Core 0 Power [W]","Core 1 Power [W]","Core 2 Power [W]","Core 3 Power [W]","Core 4 Power [W]","Core 5 Power [W]","CPU Core Power (SVI2 TFN) [W]","CPU SoC Power (SVI2 TFN) [W]","Core+SoC Power (SVI2 TFN) [W]","CPU PPT [W]","Infinity Fabric Clock (FCLK) [MHz]","Memory Controller Clock (UCLK) [MHz]","L3 Clocks (avg) [MHz]","L3 Cache (CCD1) [MHz]","Frequency Limit - Global [MHz]","CPU PPT Limit [%]","CPU TDC Limit [%]","CPU EDC Limit [%]","Thermal Limit [%]","Power Reporting Deviation (Accuracy) [%]","Thermal Throttling (HTC) [Yes/No]","Thermal Throttling (PROCHOT CPU) [Yes/No]","Thermal Throttling (PROCHOT EXT) [Yes/No]","DRAM Read Bandwidth [GB/s]","DRAM Write Bandwidth [GB/s]","Average Active Core Count []","CPU [°C]","System [°C]","MOS [°C]","Chipset [°C]","CPU Socket [°C]","PCIE_1 [°C]","T15 [°C]","+12V [V]","+5V [V]","CPU NB/SoC [V]","DRAM [V]","Vcore [V]","VIN5 [V]","VIN6 [V]","VIN7 [V]","+3.3V [V]","VTT [V]","CPU [RPM]","System 1 [RPM]","System 2 [RPM]","System 3 [RPM]","V1 [V]","V2 [V]","Drive Temperature [°C]","Drive Temperature 2 [°C]","Drive Temperature 3 [°C]","Drive Remaining Life [%]","Drive Available Spare [%]","Drive Failure [Yes/No]","Drive Warning [Yes/No]","Total Host Writes [GB]","Total Host Reads [GB]","Read Activity [%]","Write Activity [%]","Total Activity [%]","Read Rate [MB/s]","Write Rate [MB/s]","Read Total [MB]","Write Total [MB]","GPU Temperature [°C]","GPU Memory Junction Temperature [°C]","GPU Hot Spot Temperature [°C]","GPU Memory Chip Temperatures (avg) [°C]","GPU Memory A0 Temperature [°C]","GPU Memory A1 Temperature [°C]","GPU Memory B0 Temperature [°C]","GPU Memory B1 Temperature [°C]","GPU Memory C0 Temperature [°C]","GPU Memory C1 Temperature [°C]","GPU Memory D0 Temperature [°C]","GPU Memory D1 Temperature [°C]","GPU Thermal Limit [°C]","GPU Core Voltage [V]","GPU Rail Voltages (avg) [V]","GPU PCIe +12V Input Voltage [V]","GPU 8-pin #1 Input Voltage [V]","GPU 8-pin #2 Input Voltage [V]","GPU 6-pin #1 Input Voltage [V]","GPU Fan1 [RPM]","GPU Fan2 [RPM]","GPU Power [W]","GPU Rail Powers (avg) [W]","GPU Core (NVVDD) Input Power (sum) [W]","GPU PCIe +12V Input Power [W]","GPU 8-pin #1 Input Power [W]","GPU 8-pin #2 Input Power [W]","GPU 6-pin #1 Input Power [W]","GPU Core (NVVDD) Input Power (sum) [W]","GPU Input PP Source Power (sum) [W]","GPU Core (NVVDD) Output Power [W]","GPU Core (NVVDD) Output Power [W]","GPU Power Limit (rated) [W]","GPU Power Limit (max) [W]","GPU Clock [MHz]","GPU Memory Clock [MHz]","GPU Video Clock [MHz]","GPU Effective Clock [MHz]","GPU Crossbar Clock [MHz]","GPU System Domain Clock [MHz]","GPU Clock (measured) [MHz]","GPU Memory Clock (measured) [MHz]","GPU Crossbar Clock (measured) [MHz]","GPU Core Load [%]","GPU Memory Controller Load [%]","GPU Video Engine Load [%]","GPU Bus Load [%]","GPU Memory Usage [%]","GPU D3D Usages (avg) [%]","GPU D3D Usage [%]","GPU Video Decode 0 Usage [%]","GPU Video Encode 0 Usage [%]","GPU VR Usage [%]","GPU Fan1 [%]","GPU Fan2 [%]","GPU Performance Limiters (avg) [Yes/No]","Performance Limit - Power [Yes/No]","Performance Limit - Thermal [Yes/No]","Performance Limit - Reliability Voltage [Yes/No]","Performance Limit - Max Operating Voltage [Yes/No]","Performance Limit - Utilization [Yes/No]","Performance Limit - SLI GPUBoost Sync [Yes/No]","Total GPU Power [% of TDP] [%]","Total GPU Power (normalized) [% of TDP] [%]","PCI Express Error Counters (avg) []","Receiver Errors []","Replay Count []","Replay Rollover Count []","Bad DLLP Count []","Bad TLP Count []","LCRC Error Count []","NAKs Sent Count []","NAKs Received Count []","Recovery Count []","Correctable Error Count []","Non-Fatal Error Count []","Fatal Error Count []","Unsupported Request Count []","PCIe Lane 0 Errors []","PCIe Lane 1 Errors []","PCIe Lane 2 Errors []","PCIe Lane 3 Errors []","PCIe Lane 4 Errors []","PCIe Lane 5 Errors []","PCIe Lane 6 Errors []","PCIe Lane 7 Errors []","PCIe Lane 8 Errors []","PCIe Lane 9 Errors []","PCIe Lane 10 Errors []","PCIe Lane 11 Errors []","PCIe Lane 12 Errors []","PCIe Lane 13 Errors []","PCIe Lane 14 Errors []","PCIe Lane 15 Errors []","GPU Memory Available [MB]","GPU Memory Allocated [MB]","GPU D3D Memory Dedicated [MB]","GPU D3D Memory Dynamic [MB]","PCIe Link Speed [GT/s]","Framerate Presented (avg) [FPS]","Framerate Presented (99%) [FPS]","Framerate Presented (1%) [FPS]","Framerate Presented (0.1%) [FPS]","Framerate Presented (1% low) [FPS]","Framerate Presented (0.1% low) [FPS]","Framerate Displayed (avg) [FPS]","Framerate Displayed (99%) [FPS]","Framerate Displayed (1%) [FPS]","Framerate Displayed (0.1%) [FPS]","Framerate Displayed (1% low) [FPS]","Framerate Displayed (0.1% low) [FPS]","Frame Time Presented (avg) [ms]","Frame Time Presented (99%) [ms]","Frame Time Presented (1%) [ms]","Frame Time Presented (0.1%) [ms]","Frame Time Displayed (1% high) [ms]","Frame Time Displayed (0.1% high) [ms]","GPU Busy (avg) [ms]","GPU Wait (avg) [ms]","CPU Busy (avg) [ms]","CPU Wait (avg) [ms]","Animation Error (avg) [ms]","Total DL [MB]","Total UP [MB]","Current DL rate [KB/s]","Current UP rate [KB/s]","Total DL [MB]","Total UP [MB]","Current DL rate [KB/s]","Current UP rate [KB/s]","Total Errors []",
25.8.2026,15:53:2.797,6569,12684,34.1,7050,9259,43.2,0.1,2944,2,1.200,1.200,1.200,1.200,1.200,1.200,1.200,3921.7,3620.0,3620.0,3620.0,4525.0,4525.0,3620.0,100.0,622.1,194.0,125.9,193.8,190.9,1345.0,260.4,1163.1,74.3,3434.1,224.4,124.6,134.4,622.1,13.9,3.4,2.2,4.4,5.1,29.9,5.9,25.9,1.7,75.9,4.9,5.1,2.4,75.9,13.9,16.6,3.8,3.4,5.1,5.0,36.1,6.8,31.5,1.9,92.6,5.8,3.3,3.5,16.6,39.2,36.2,36.2,36.2,45.2,45.2,36.2,0.0,25.7,4.5,6.4,34.6,26.8,78.6,3.7,37.1,17.2,59.4,65.4,28.9,21.4,30.4,37.1,78.3,34.3,0.0,44.3,0.0,65.9,1600.0,16.00,16,18,18,36,74,560,1,48.8,47.3,45.5,36.9,34.1,33.7,38.7,37.0,44.5,33.5,34.0,34.0,32.0,27.4,1.212,0.994,1.231,15.454,4.764,15.455,18.037,38.096,2.137,0.481,1.037,3.016,2.182,5.485,0.620,18.378,4.746,23.124,38.115,1600.0,1600.0,4525.0,4525.0,4649.9,50.2,25.8,20.0,49.7,142.8,No,No,No,0.797,0.333,1.5,48.0,39.0,38.5,35.5,35.0,36.5,38.5,12.192,5.000,1.004,1.348,1.166,0.806,0.832,1.562,3.352,1.834,1301,716,546,543,1.057,1.250,39,39,51,79.0,100.0,No,No,80667,102288,3.8,2.5,6.4,3.471,20.302,17000,11931,41.4,46.0,49.0,44,46,44,46,46,44,46,44,46,83.0,0.662,12.221,12.281,12.198,12.183,12.194,0,0,18.208,4.827,11.559,0.123,7.660,3.752,6.451,11.559,6.464,0.952,3.016,310.000,350.000,210.0,50.6,555.0,89.9,600.0,525.0,210.0,50.5,599.8,0.0,38.0,0.0,0.0,10.0,0.0,0.1,0.0,0.0,0.0,0,0,Yes,No,No,No,No,Yes,No,4.9,9.1,3,0,0,0,0,0,0,0,0,97,0,0,0,0,0,0,0,0,0,0,0,0,0,0,0,0,0,0,0,0,7372,820,651,51,2.5,8.0,59.6,3.6,3.5,3.5,3.5,8.0,58.2,3.6,3.5,3.5,3.5,124.73,279.21,16.77,16.32,282.69,282.69,1.14,123.63,124.73,0.00,253.92,850,26,0.3,0.2,0,0,0.0,0.0,0,
25.8.2026,15:53:4.807,6570,12684,34.1,7064,9245,43.3,0.1,2944,2,1.256,1.256,1.256,1.256,1.256,1.256,1.256,3875.0,3720.0,3720.0,3720.0,3720.0,4650.0,3720.0,100.0,577.1,160.6,49.1,268.5,163.6,763.3,800.2,623.4,140.3,1587.3,2172.4,85.8,110.7,577.1,13.2,2.8,2.6,7.0,3.6,17.0,18.3,13.8,3.6,35.0,47.7,2.6,3.8,47.7,13.2,15.3,3.0,1.2,7.0,4.2,20.5,21.1,16.8,3.7,42.8,58.5,2.2,2.7,15.3,38.8,37.2,37.2,37.2,37.2,46.5,37.2,0.0,25.2,4.1,9.1,34.6,17.3,82.1,4.1,41.5,21.8,87.2,65.4,24.2,17.9,32.5,33.3,74.2,3.7,0.0,58.5,0.0,63.4,1600.0,16.00,16,18,18,36,74,560,1,48.8,46.8,47.8,36.5,33.8,34.0,38.4,35.1,44.6,33.0,33.9,33.9,33.5,27.8,1.244,0.994,1.262,15.459,4.727,15.453,17.852,38.097,2.151,0.524,1.474,3.041,1.482,5.726,0.663,18.440,4.709,23.149,38.108,1600.0,1600.0,4538.0,4538.0,4650.0,50.1,25.8,19.8,49.3,142.4,No,No,No,0.499,0.215,1.5,48.0,39.0,38.5,35.5,35.0,36.5,38.5,12.192,5.000,1.004,1.352,1.170,0.808,0.832,1.560,3.352,1.834,1267,729,546,543,1.057,1.265,39,39,50,79.0,100.0,No,No,80667,102288,1.3,1.1,2.4,1.151,10.557,17002,11951,41.7,46.0,49.2,45,46,44,44,46,44,44,44,46,83.0,0.662,12.214,12.281,12.192,12.174,12.187,0,0,18.224,5.726,15.638,0.209,8.900,6.513,7.544,15.638,7.551,0.954,4.118,310.000,350.000,210.0,50.6,555.0,89.9,600.0,525.0,210.0,50.5,599.8,4.0,13.0,0.0,0.0,10.0,0.3,1.1,0.0,0.0,0.0,0,0,Yes,No,No,No,No,Yes,No,5.8,8.4,3,0,0,0,0,0,0,0,0,97,0,0,0,0,0,0,0,0,0,0,0,0,0,0,0,0,0,0,0,0,7375,817,648,52,2.5,34.6,83.0,13.0,12.2,12.1,12.1,34.6,60.5,12.8,12.1,12.0,12.0,28.88,77.21,12.05,10.32,82.36,82.36,1.85,27.04,28.88,0.00,11.65,850,26,0.2,0.2,0,0,0.0,0.0,0,
25.8.2026,15:53:6.795,5390,13863,27.9,6215,10094,38.1,0.1,2944,2,1.213,1.212,1.212,1.212,1.212,1.212,1.212,4525.0,4525.0,4525.0,4525.0,4525.0,4525.0,4525.0,100.0,790.0,650.8,331.0,448.5,366.3,424.7,3699.6,233.6,795.3,758.0,1247.1,333.5,191.3,790.0,17.4,10.9,7.6,10.3,8.4,9.5,81.9,5.5,17.9,17.1,27.8,7.7,4.4,81.9,17.4,20.7,12.6,8.8,11.8,9.5,11.3,99.8,6.2,21.4,20.1,33.1,8.7,4.8,20.7,45.2,45.2,45.2,45.2,45.2,45.2,45.2,0.0,32.2,14.9,16.6,88.6,22.3,39.6,11.0,45.8,35.9,76.6,11.4,37.1,60.4,53.0,22.1,49.2,6.7,0.0,40.5,0.0,36.0,1600.0,16.00,16,18,18,36,74,560,1,49.0,47.3,50.8,38.1,36.9,35.2,45.4,36.4,40.0,34.6,34.3,34.3,32.0,28.4,1.212,0.994,1.238,17.864,4.809,17.840,24.895,41.000,2.652,1.318,1.854,6.127,1.969,3.345,1.297,21.312,4.789,26.100,41.125,1600.0,1600.0,4525.8,4525.8,4650.0,54.1,29.7,27.7,49.8,133.6,No,No,No,1.069,0.814,1.9,48.0,39.0,38.5,35.5,35.0,36.5,38.5,12.168,5.010,1.004,1.348,1.182,0.808,0.832,1.560,3.352,1.834,1300,731,548,556,1.057,1.254,39,39,50,79.0,100.0,No,No,80667,102288,1.6,4.2,5.8,1.145,12.583,17004,11975,41.7,46.0,49.2,45,46,44,44,46,44,44,44,46,83.0,0.662,12.208,12.281,12.192,12.174,12.187,0,0,18.224,7.452,15.638,0.209,8.900,6.513,7.544,15.638,7.551,0.954,4.118,310.000,350.000,210.0,50.6,555.0,73.4,600.0,525.0,210.1,50.5,599.8,22.0,14.0,0.0,0.0,8.6,0.8,3.3,0.0,0.0,0.0,0,0,Yes,No,No,No,No,Yes,No,7.5,11.6,3,0,0,0,0,0,0,0,0,97,0,0,0,0,0,0,0,0,0,0,0,0,0,0,0,0,0,0,0,0,7490,702,489,42,2.5,25.3,81.1,2.3,1.8,1.8,1.8,25.3,60.8,2.3,1.8,1.8,1.8,39.60,442.35,12.34,11.59,568.02,568.02,2.67,36.92,39.60,0.00,46.81,850,26,7.5,7.2,0,0,0.0,0.0,0,
25.8.2026,15:53:8.797,5539,13715,28.7,6336,9973,38.8,0.1,2944,2,1.195,1.188,1.194,1.194,1.194,1.200,1.200,3921.7,3620.0,3620.0,4525.0,3620.0,4525.0,3620.0,100.0,954.7,594.5,342.7,798.7,581.5,2392.1,1046.6,433.4,486.7,1219.5,2575.0,554.8,430.5,954.7,20.5,10.3,7.2,17.5,12.5,52.7,22.7,9.2,9.7,26.5,56.7,12.1,9.1,56.7,20.5,25.3,12.6,9.1,21.3,15.3,64.5,27.8,11.6,13.1,32.6,69.4,14.8,11.4,25.3,39.2,36.2,36.2,45.2,36.2,45.2,36.2,0.0,35.1,13.6,23.7,67.5,13.4,75.5,16.7,38.3,41.1,65.5,32.5,20.1,24.5,46.3,26.6,45.3,10.9,0.0,66.4,0.0,37.0,1600.0,16.00,16,18,18,36,74,560,1,49.4,47.4,46.2,38.6,36.9,36.4,43.2,35.3,44.3,35.5,34.7,34.7,32.5,28.0,1.188,0.994,1.200,18.654,5.808,18.677,26.418,44.262,2.884,1.468,2.333,4.980,1.311,5.488,1.722,22.180,5.772,27.951,44.188,1600.0,1600.0,4525.0,4525.0,4649.9,58.1,31.1,29.4,49.9,127.8,No,No,No,1.164,0.479,2.1,49.0,39.0,38.5,35.5,35.0,36.5,38.5,12.168,4.980,1.004,1.348,1.170,0.808,0.832,1.556,3.336,1.834,1283,729,547,543,1.057,1.268,39,39,52,79.0,100.0,No,No,80667,102288,1.3,1.7,3.0,1.370,6.765,17007,11988,45.4,52.0,55.3,51,50,50,50,52,52,50,50,52,83.0,0.963,12.169,12.261,12.156,12.136,12.125,0,0,108.592,34.092,74.170,3.654,35.968,34.526,34.204,74.170,34.227,3.152,12.757,310.000,350.000,1875.0,1187.7,1650.0,1875.0,1785.0,1575.0,1875.1,1186.4,1785.1,0.0,0.0,0.0,0.0,7.5,0.1,0.4,0.0,0.0,0.0,0,0,Yes,No,No,No,No,Yes,No,35.0,45.7,3,0,0,0,0,0,0,0,0,98,0,0,0,0,0,0,0,0,0,0,0,0,0,0,0,0,0,0,0,0,7576,616,446,36,16.0,33.2,62.3,4.6,4.6,4.6,4.6,33.2,60.6,4.6,4.6,4.6,4.6,30.11,217.07,16.04,15.98,217.35,217.35,0.29,29.82,30.11,0.00,26.05,850,26,33.7,8.7,0,0,0.0,0.0,0,
25.8.2026,15:53:10.808,5698,13555,29.5,6497,9812,39.8,0.1,2944,2,1.252,1.262,1.250,1.250,1.250,1.250,1.250,3875.0,3720.0,3720.0,4650.0,3720.0,3720.0,3720.0,100.0,651.7,325.8,190.1,392.9,197.0,3852.7,237.8,344.5,79.6,1228.2,597.1,234.3,140.5,651.7,14.3,4.8,4.6,9.2,4.5,84.9,5.3,4.9,2.6,27.5,14.3,5.5,3.2,84.9,14.3,17.2,5.2,5.0,10.4,5.1,104.1,6.3,9.2,2.0,33.1,15.6,6.2,3.6,17.1,38.8,37.2,37.2,46.5,37.2,37.2,37.2,0.0,27.5,7.8,12.4,88.2,8.8,40.1,7.9,34.2,33.6,46.0,11.8,21.5,59.9,32.5,38.2,58.6,41.6,0.0,69.6,0.0,59.6,1600.0,16.00,16,18,18,36,74,560,1,49.0,46.5,46.2,37.2,36.2,34.4,45.2,33.8,39.9,33.5,34.3,34.3,31.0,26.8,1.244,0.994,1.262,15.679,5.662,15.690,19.302,40.306,2.280,0.929,1.342,6.331,0.885,3.285,0.905,18.674,5.627,24.301,40.234,1600.0,1600.0,4538.7,4538.7,4650.0,52.9,26.1,21.4,48.9,136.2,No,No,No,0.787,0.447,1.7,48.0,39.0,38.5,35.5,35.0,36.5,38.5,12.168,5.000,1.004,1.348,1.174,0.808,0.832,1.562,3.348,1.834,1287,727,547,542,1.056,1.259,39,39,51,79.0,100.0,No,No,80667,102288,0.9,1.6,2.5,1.956,16.332,17010,12019,42.6,48.0,50.2,48,48,48,48,48,48,48,48,48,83.0,0.662,12.216,12.282,12.202,12.181,12.199,0,0,66.536,6.142,13.094,0.197,6.760,6.115,5.831,13.094,5.835,1.089,3.262,310.000,350.000,345.0,101.2,825.0,1365.8,900.0,795.0,345.0,101.0,900.2,0.0,1.0,0.0,0.0,7.5,0.0,0.0,0.0,0.0,0.0,0,0,Yes,No,No,No,No,Yes,No,6.1,12.8,3,0,0,0,0,0,0,0,0,99,0,0,0,0,0,0,0,0,0,0,0,0,0,0,0,0,0,0,0,0,7576,616,446,36,5.0,3.5,60.7,1.9,1.9,1.9,1.9,3.5,60.0,1.9,1.9,1.9,1.9,283.30,533.81,16.47,16.44,533.83,533.83,0.66,282.71,283.30,0.00,123.35,850,26,62.5,18.5,0,0,0.0,0.0,0,
25.8.2026,15:53:12.797,5754,13500,29.8,6569,9740,40.2,0.1,2944,2,1.248,1.244,1.256,1.256,1.244,1.244,1.244,3875.0,3720.0,3720.0,4650.0,3720.0,3720.0,3720.0,100.0,569.5,165.2,77.7,212.2,138.4,3930.3,688.5,494.5,71.3,484.6,360.2,102.4,108.8,569.5,13.4,3.0,2.3,6.0,3.8,84.6,14.1,16.3,2.2,13.3,9.3,3.0,3.2,84.6,13.4,15.0,2.7,2.0,5.7,3.5,106.1,17.3,13.5,1.9,13.1,9.1,2.7,2.9,15.0,38.8,37.2,37.2,46.5,37.2,37.2,37.2,0.0,24.9,4.5,8.5,97.6,14.2,19.8,4.8,34.6,23.7,45.1,2.4,26.2,80.2,30.2,40.5,71.8,46.3,0.0,59.6,0.0,65.0,1600.0,16.00,16,18,18,36,74,560,1,49.2,48.4,47.5,37.4,36.3,34.0,48.4,34.7,37.5,33.4,34.6,34.6,32.8,27.9,1.250,0.994,1.262,16.508,4.995,16.510,18.433,40.644,2.369,0.649,1.163,7.984,1.325,2.350,0.746,20.563,4.969,25.532,40.634,1600.0,1600.0,4642.7,4642.7,4650.0,53.5,27.5,20.5,50.9,143.9,No,No,No,0.689,0.389,1.5,49.0,39.0,38.5,35.5,35.0,36.5,38.5,12.192,5.000,1.004,1.348,1.256,0.808,0.830,1.560,3.348,1.836,1284,728,546,556,1.056,1.260,39,39,50,79.0,100.0,No,No,80667,102288,1.7,2.0,3.6,2.454,19.811,17015,12058,42.0,46.0,49.6,46,46,46,46,46,44,46,44,46,83.0,0.662,12.220,12.285,12.204,12.190,12.200,0,0,16.541,5.160,10.109,0.098,7.481,2.511,5.942,10.109,5.955,0.951,3.281,310.000,350.000,210.0,50.6,555.0,51.1,600.0,525.0,158.4,37.6,452.5,1.0,21.0,0.0,0.0,7.5,0.0,0.0,0.0,0.0,0.0,0,0,Yes,No,No,No,No,Yes,No,5.2,8.4,3,0,0,0,0,0,0,0,0,100,0,0,0,0,0,0,0,0,0,0,0,0,0,0,0,0,0,0,0,0,7576,616,446,36,2.5,3.8,61.6,1.8,1.8,1.8,1.8,3.8,60.0,1.8,1.8,1.8,1.8,263.31,548.77,16.24,16.19,550.11,550.11,1.48,261.85,263.31,0.00,113.25,850,26,6.6,3.2,0,0,0.0,0.0,0,
25.8.2026,15:53:14.799,5788,13465,30.0,6631,9678,40.6,0.1,2944,2,1.169,1.169,1.169,1.169,1.169,1.169,1.169,3770.8,3620.0,3620.0,4525.0,3620.0,3620.0,3620.0,100.0,558.0,176.1,55.7,222.6,175.6,360.6,2434.0,200.6,44.3,456.3,2328.2,137.0,104.7,558.0,11.3,2.9,0.0,4.0,2.9,7.0,54.0,2.7,0.0,9.8,51.1,1.3,0.5,54.0,11.3,14.8,3.5,1.4,5.9,4.5,9.7,66.1,5.3,1.1,12.1,62.0,3.6,2.7,14.8,37.7,36.2,36.2,45.2,36.2,36.2,36.2,0.0,24.2,4.3,8.0,61.4,5.3,60.9,5.3,31.6,20.6,39.5,38.6,21.4,39.1,30.5,44.2,75.0,52.4,0.0,73.3,0.0,64.3,1600.0,16.00,16,18,18,36,74,560,1,48.6,46.3,47.0,36.3,34.7,33.4,41.8,33.0,41.9,32.8,34.1,34.1,33.2,28.1,1.163,0.994,1.175,14.152,4.910,14.162,16.531,36.725,1.980,0.522,0.962,4.651,0.590,4.468,0.688,16.752,4.887,21.638,36.705,1600.0,1600.0,4532.4,4532.4,4650.0,48.3,23.6,18.4,48.8,141.0,No,No,No,0.583,0.335,1.5,48.0,39.0,38.5,35.5,35.0,36.5,38.5,12.168,5.000,1.002,1.348,1.170,0.810,0.832,1.562,3.352,1.836,1282,715,547,557,1.057,1.269,39,39,50,79.0,100.0,No,No,80667,102288,0.2,0.1,0.2,0.243,0.942,17016,12059,41.8,46.0,49.4,45,46,44,46,46,44,46,44,46,83.0,0.662,12.210,12.278,12.196,12.175,12.192,0,0,17.631,6.290,13.435,0.209,6.939,6.258,6.133,13.435,6.140,1.047,3.016,310.000,350.000,855.0,101.2,765.0,80.0,825.0,720.0,631.5,73.2,598.8,0.0,1.0,0.0,0.0,7.5,0.0,0.1,0.0,0.0,0.0,0,0,Yes,No,No,No,No,Yes,No,7.2,11.4,3,0,0,0,0,0,0,0,0,101,0,0,0,0,0,0,0,0,0,0,0,0,0,0,0,0,0,0,0,0,7576,616,446,36,5.0,7.7,61.4,2.2,2.2,2.2,2.2,7.7,60.5,2.2,2.2,2.2,2.2,129.51,448.69,16.28,16.28,450.00,450.00,1.04,128.43,129.51,0.00,168.58,850,26,1.9,0.1,0,0,0.0,0.0,0,
25.8.2026,15:53:16.800,5821,13432,30.2,6644,9665,40.7,0.1,2944,2,1.256,1.256,1.256,1.256,1.256,1.256,1.256,3875.0,3720.0,3720.0,4650.0,3720.0,3720.0,3720.0,100.0,593.6,393.1,75.8,201.7,141.3,46.5,4606.6,453.3,792.2,130.0,194.7,44.0,44.3,593.6,14.2,9.9,1.6,5.6,4.0,0.5,99.8,12.5,26.8,2.8,4.3,1.5,1.5,99.8,14.2,15.6,10.1,1.7,5.0,3.3,0.8,124.5,12.0,21.2,3.0,4.6,0.8,0.8,15.6,38.8,37.2,37.2,46.5,37.2,37.2,37.2,0.0,25.8,10.5,6.9,99.8,28.0,7.7,1.7,30.5,23.4,39.9,0.2,19.9,76.4,22.9,43.7,66.0,53.1,0.0,52.1,15.8,75.4,1600.0,16.00,16,18,18,36,74,560,1,50.1,49.2,49.0,37.4,36.9,33.6,49.2,36.4,35.3,33.0,34.4,34.4,32.2,27.9,1.256,0.994,1.269,16.225,5.246,16.215,18.186,40.381,2.313,0.943,0.999,7.878,2.088,1.478,0.492,20.040,5.214,25.254,40.438,1600.0,1600.0,4618.1,4618.1,4650.0,53.2,27.0,20.2,51.8,144.0,No,No,No,0.690,0.702,1.5,50.0,39.5,39.0,35.5,35.0,36.5,39.0,12.192,5.000,1.004,1.352,1.244,0.810,0.832,1.560,3.352,1.834,1300,715,548,544,1.057,1.260,39,39,53,79.0,100.0,No,No,80667,102288,0.0,0.8,0.8,0.008,21.987,17016,12101,41.6,46.0,49.4,45,46,44,44,46,44,46,44,46,83.0,0.662,12.207,12.276,12.193,12.171,12.189,0,0,19.151,6.045,13.066,0.209,6.755,6.073,5.607,13.066,5.615,1.043,2.968,310.000,350.000,855.0,101.2,765.0,158.0,825.0,720.0,624.6,72.9,601.9,0.0,1.0,0.0,0.0,7.5,0.0,0.0,0.0,0.0,0.0,0,0,Yes,No,No,No,No,Yes,No,6.7,7.8,3,0,0,0,0,0,0,0,0,101,0,0,0,0,0,0,0,0,0,0,0,0,0,0,0,0,0,0,0,0,7576,616,446,36,5.0,1.9,2.0,1.9,1.9,1.9,1.9,1.9,2.0,1.9,1.9,1.9,1.9,516.61,532.91,500.31,500.01,533.24,533.24,0.67,515.81,516.61,0.00,16.64,850,26,2.6,0.1,0,0,0.0,0.0,0,
25.8.2026,15:53:18.798,5806,13447,30.1,6640,9669,40.7,0.1,2944,2,1.259,1.244,1.262,1.262,1.262,1.262,1.262,3875.0,3720.0,3720.0,4650.0,3720.0,3720.0,3720.0,100.0,522.0,70.9,24.0,78.4,123.6,2848.6,1802.8,110.3,792.6,142.3,219.1,30.9,20.0,522.0,11.6,1.3,0.0,2.0,3.1,61.5,37.8,2.2,21.3,3.7,5.7,0.0,0.0,61.5,11.6,14.0,1.4,0.6,2.1,3.2,76.9,48.7,3.0,21.4,3.7,5.7,0.8,0.5,14.0,38.8,37.2,37.2,46.5,37.2,37.2,37.2,0.0,23.0,2.0,4.3,99.4,22.4,8.8,1.3,26.8,8.8,29.1,0.6,22.1,86.6,13.4,50.2,89.2,66.6,0.0,55.5,4.6,85.3,1600.0,16.00,16,18,18,36,74,560,1,50.9,50.4,51.8,37.2,35.9,33.0,50.4,35.7,35.9,32.6,34.4,34.4,31.8,27.0,1.244,0.994,1.256,15.872,5.196,15.870,16.174,40.061,2.106,0.291,0.650,8.045,1.788,1.573,0.289,19.792,5.165,24.957,40.084,1600.0,1600.0,4648.4,4648.4,4650.0,52.7,26.4,18.0,53.0,156.2,No,No,No,0.312,0.155,1.4,50.0,39.0,38.5,35.5,35.0,36.5,38.5,12.192,5.000,1.004,1.352,1.240,0.810,0.832,1.560,3.348,1.836,1327,715,548,556,1.057,1.267,39,39,49,79.0,100.0,No,No,80667,102288,1.5,3.8,5.3,2.180,17.061,17020,12134,41.7,46.0,49.4,44,44,44,44,46,44,46,42,46,83.0,0.662,12.211,12.278,12.197,12.175,12.193,0,0,19.065,6.115,13.142,0.196,6.769,6.149,5.779,13.142,5.788,1.040,3.032,310.000,350.000,855.0,101.2,765.0,158.5,825.0,720.0,855.3,101.0,825.0,0.0,1.0,0.0,0.0,7.5,0.0,0.0,0.0,0.0,0.0,0,0,Yes,No,No,No,No,Yes,No,6.6,10.9,3,0,0,0,0,0,0,0,0,101,0,0,0,0,0,0,0,0,0,0,0,0,0,0,0,0,0,0,0,0,7576,616,446,36,5.0,3.2,42.1,1.9,1.9,1.9,1.9,3.2,41.6,1.9,1.9,1.9,1.9,310.79,530.24,23.73,17.13,533.25,533.25,0.82,309.89,310.79,0.00,172.00,850,26,1.5,0.0,0,0,0.0,0.0,0,
25.8.2026,15:53:20.798,5800,13453,30.1,6620,9689,40.5,0.1,2944,2,1.169,1.169,1.169,1.169,1.169,1.169,1.169,3770.8,3620.0,3620.0,4525.0,3620.0,3620.0,3620.0,100.0,498.2,46.7,8.2,156.7,133.0,2432.5,52.8,24.1,737.7,2258.0,95.3,21.3,11.8,498.2,11.8,1.1,4.7,3.7,2.3,53.7,2.0,1.4,13.7,50.1,2.3,4.3,2.6,53.7,11.8,13.4,1.1,0.2,4.2,3.5,65.7,1.3,0.6,19.9,61.0,2.4,0.5,0.3,13.4,37.7,36.2,36.2,45.2,36.2,36.2,36.2,0.0,21.5,1.3,4.4,54.8,16.5,51.5,0.8,21.9,5.3,21.6,24.3,24.4,46.1,9.7,56.6,93.4,74.0,20.9,59.1,2.5,89.5,1600.0,16.00,16,18,18,36,74,560,1,50.4,48.0,47.2,36.1,33.8,32.8,41.4,34.8,41.3,32.1,33.8,33.8,33.0,27.4,1.169,0.994,1.175,13.159,5.201,13.165,13.596,35.942,1.707,0.162,0.566,4.053,1.411,3.872,0.180,15.593,5.170,20.763,35.894,1600.0,1600.0,4531.3,4531.3,4650.0,47.2,21.9,15.1,50.5,151.6,No,No,No,0.270,0.125,1.3,50.0,39.0,39.0,35.5,35.0,36.5,39.0,12.168,5.000,1.004,1.352,1.168,0.810,0.832,1.562,3.352,1.836,1339,728,547,544,1.056,1.266,39,39,49,79.0,100.0,No,No,80667,102288,0.1,0.5,0.6,0.392,11.987,17021,12157,41.5,46.0,49.3,45,44,44,46,44,44,46,44,46,83.0,0.662,12.208,12.275,12.193,12.172,12.190,0,0,18.964,6.519,14.064,0.233,7.243,6.573,6.095,14.064,6.099,1.043,3.257,310.000,350.000,855.0,101.2,765.0,163.0,825.0,720.0,629.4,73.7,604.5,0.0,6.0,0.0,0.0,7.5,0.0,0.0,0.0,0.0,0.0,0,0,Yes,No,No,No,No,Yes,No,6.5,10.9,3,0,0,0,0,0,0,0,0,101,0,0,0,0,0,0,0,0,0,0,0,0,0,0,0,0,0,0,0,0,7576,616,446,36,5.0,3.7,61.0,1.9,1.9,1.9,1.9,3.7,60.1,1.9,1.9,1.9,1.9,269.85,532.68,16.38,16.37,533.35,533.35,0.89,268.98,269.85,0.00,103.44,850,26,1.4,0.2,0,0,0.0,0.0,0,
25.8.2026,15:53:22.793,6661,12592,34.5,7169,9140,43.9,0.1,2944,2,1.255,1.250,1.256,1.256,1.256,1.256,1.256,3871.7,3700.0,3720.0,4650.0,3720.0,3720.0,3720.0,100.0,1094.0,837.2,634.8,888.1,776.7,3918.7,1239.4,580.6,555.1,1118.0,1137.0,733.5,708.7,1094.0,26.8,16.4,17.6,23.6,21.1,85.2,27.0,16.2,18.0,28.8,28.5,20.2,18.9,85.2,26.8,28.5,16.3,16.8,23.5,20.4,105.4,32.9,15.4,14.7,29.5,28.7,19.5,18.8,28.5,38.7,37.0,37.2,46.5,37.2,37.2,37.2,0.0,39.0,22.4,29.6,95.5,20.1,41.8,24.7,20.3,11.1,25.2,4.5,14.1,55.8,10.9,40.7,66.5,45.2,0.0,65.7,2.4,64.4,1600.0,16.00,16,18,18,36,74,560,1,51.4,48.9,55.0,39.3,38.5,36.6,48.5,35.8,39.9,36.2,34.5,34.5,34.0,28.4,1.263,0.994,1.281,19.824,5.298,19.793,27.607,44.464,3.158,1.896,2.496,7.176,1.731,3.620,2.031,24.253,5.265,29.519,44.724,1600.0,1600.0,4586.6,4586.6,4648.9,58.8,33.0,30.7,51.4,127.8,No,No,No,1.042,0.779,2.3,51.0,39.0,39.0,35.5,35.0,36.5,39.0,12.168,4.990,1.006,1.352,1.250,0.810,0.832,1.558,3.340,1.836,1302,726,546,544,1.057,1.248,39,39,51,79.0,100.0,No,No,80667,102288,12.2,0.2,12.4,5.812,6.050,17032,12169,41.7,46.0,49.4,45,44,44,44,46,44,46,44,46,83.0,0.662,12.206,12.276,12.191,12.170,12.188,0,0,19.394,6.717,14.550,0.270,7.461,6.803,6.216,14.550,6.221,1.040,3.342,310.000,350.000,855.0,101.2,765.0,169.8,825.0,720.0,631.4,74.0,609.2,0.0,1.0,0.0,0.0,7.5,0.0,0.0,0.0,0.0,0.0,0,0,Yes,No,No,No,No,Yes,No,6.7,9.4,3,0,0,0,0,0,0,0,0,101,0,0,0,0,0,0,0,0,0,0,0,0,0,0,0,0,0,0,0,0,7576,616,446,36,5.0,3.3,47.5,1.9,1.9,1.9,1.9,3.3,48.4,1.9,1.9,1.9,1.9,304.28,532.91,21.07,17.50,533.39,533.39,0.94,303.34,304.28,0.00,129.25,850,26,0.0,0.0,0,0,0.0,0.0,0,
25.8.2026,15:53:24.797,10522,8731,54.6,7370,8939,45.1,0.1,2944,2,1.294,1.294,1.294,1.294,1.294,1.294,1.294,3875.0,3720.0,3720.0,3720.0,4650.0,3720.0,3720.0,100.0,1022.6,378.8,270.6,247.2,437.1,655.8,1968.4,1582.4,3522.8,245.3,2597.0,87.2,278.2,1022.6,23.1,2.9,5.9,5.6,8.3,14.1,42.4,40.5,83.9,4.8,61.8,0.0,6.8,83.9,23.1,26.6,3.1,7.0,6.1,11.2,17.3,52.4,42.5,95.1,6.1,69.7,1.9,7.1,26.6,38.8,37.2,37.2,37.2,46.5,37.2,37.2,0.0,42.2,9.8,16.7,56.1,95.0,66.7,8.9,39.6,43.3,64.7,42.1,5.0,33.3,49.5,18.2,46.9,18.6,1.7,0.0,0.0,41.7,1600.0,16.00,16,18,18,36,74,560,1,52.0,50.6,55.2,41.2,36.6,36.8,43.2,49.3,43.8,37.7,35.5,35.5,31.2,27.5,1.300,0.994,1.312,21.426,5.598,21.450,34.762,47.885,3.370,1.176,2.001,4.803,6.634,4.248,1.355,26.451,5.563,32.014,47.737,1600.0,1600.0,4589.3,4589.3,4650.0,62.8,35.8,38.6,53.3,130.5,No,No,No,1.294,1.081,2.5,51.0,39.0,39.0,35.5,35.5,36.5,39.0,12.144,4.970,1.006,1.348,1.214,0.812,0.832,1.554,3.320,1.836,1327,711,546,544,1.056,1.262,39,39,50,79.0,100.0,No,No,80667,102288,12.5,5.4,17.9,17.224,45.116,17065,12255,47.5,60.0,57.4,58,58,58,58,58,58,58,58,60,83.0,0.825,12.124,12.241,12.109,12.087,12.060,0,0,88.637,67.784,142.002,9.830,69.774,62.382,59.382,142.002,59.413,14.196,51.079,310.000,350.000,855.0,1156.5,1305.0,381.9,1410.0,1245.0,855.1,1155.5,1409.9,100.0,100.0,0.0,0.0,47.1,0.0,0.0,0.0,0.0,0.0,0,0,Yes,No,No,No,No,Yes,No,65.0,79.3,4,0,0,0,0,0,0,0,0,102,0,0,0,0,0,0,0,0,0,0,0,0,0,0,0,0,0,0,0,0,4337,3855,3685,112,16.0,4.6,62.9,1.9,1.9,1.9,1.9,4.5,60.1,1.9,1.9,1.9,1.9,219.77,532.15,15.90,15.88,532.78,532.78,0.73,219.05,219.77,0.00,103.58,850,26,0.0,0.0,0,0,0.0,0.0,0,
25.8.2026,15:53:26.803,10998,8255,57.1,7859,8451,48.1,0.1,2944,2,1.280,1.275,1.281,1.281,1.281,1.281,1.281,3875.0,3720.0,3720.0,3720.0,4650.0,3720.0,3720.0,100.0,807.0,121.4,25.4,152.3,93.6,121.7,2920.7,2242.5,2628.9,334.9,916.5,76.8,49.7,807.0,19.3,2.3,0.0,3.1,3.8,2.3,78.4,48.1,56.4,9.4,24.4,3.3,0.0,78.4,19.3,21.7,2.5,0.6,4.0,2.5,3.2,78.9,60.5,71.0,9.0,24.7,2.0,1.3,21.7,38.8,37.2,37.2,37.2,46.5,37.2,37.2,0.0,37.7,3.2,6.1,80.9,99.9,32.6,3.3,27.1,23.9,31.9,19.1,0.1,67.4,20.3,35.2,72.8,62.1,0.0,0.0,0.0,76.4,1600.0,16.00,16,18,18,36,74,560,1,51.9,50.3,51.0,40.1,35.3,34.6,44.7,50.2,39.6,36.0,35.1,35.1,33.2,27.8,1.288,0.994,1.300,19.315,6.005,19.321,28.873,47.329,2.727,0.612,0.883,4.442,7.127,2.726,0.573,24.985,5.967,30.952,47.319,1600.0,1600.0,4649.9,4649.9,4650.0,62.3,32.2,32.1,53.0,152.3,No,No,No,1.020,0.944,2.3,52.0,39.0,39.0,35.5,35.5,36.5,39.0,12.144,4.980,1.006,1.348,1.286,0.810,0.830,1.554,3.320,1.836,1374,722,545,555,1.056,1.245,39,39,52,79.0,100.0,No,No,80667,102288,0.0,0.2,0.2,0.261,5.753,17065,12266,49.0,66.0,58.8,66,66,66,66,66,64,66,66,66,83.0,0.825,12.118,12.236,12.103,12.080,12.054,0,0,200.642,67.338,143.807,10.021,70.550,63.204,60.162,143.807,60.196,2.213,52.083,310.000,350.000,855.0,1156.5,1305.0,855.0,1410.0,1245.0,854.8,1155.6,1410.6,100.0,100.0,0.0,0.0,47.1,25.0,100.0,0.0,0.0,0.0,0,0,Yes,No,No,No,No,Yes,No,65.8,78.8,4,0,0,0,0,0,0,0,0,102,0,0,0,0,0,0,0,0,0,0,0,0,0,0,0,0,0,0,0,0,4337,3855,3685,112,16.0,4.8,60.4,1.9,1.9,1.9,1.9,4.8,60.6,1.9,1.9,1.9,1.9,209.95,529.18,16.56,16.56,533.20,533.20,0.91,209.11,209.95,0.00,113.19,850,26,0.1,0.0,0,0,0.0,0.0,0,
25.8.2026,15:53:28.809,10473,8780,54.3,7410,8899,45.4,0.1,2944,2,1.188,1.188,1.188,1.188,1.188,1.188,1.188,3921.7,3620.0,3620.0,4525.0,3620.0,4525.0,3620.0,100.0,900.3,304.4,189.6,269.6,216.4,1317.3,1895.9,3345.7,760.0,2286.5,98.8,80.3,38.6,900.3,21.1,4.6,8.2,6.3,5.4,31.0,46.7,71.8,15.1,55.3,2.9,3.3,3.0,71.8,21.1,23.9,4.2,5.1,7.2,5.6,35.2,51.2,90.0,20.5,61.6,2.5,2.1,1.0,23.9,39.2,36.2,36.2,45.2,36.2,45.2,36.2,0.0,38.4,7.8,10.9,75.5,76.7,56.5,3.0,30.7,35.1,37.0,24.5,23.3,43.5,20.5,30.9,57.1,52.1,0.0,0.0,0.0,76.4,1600.0,16.00,16,18,18,36,74,560,1,52.0,49.5,47.8,40.0,36.2,35.1,45.0,46.2,42.3,35.2,35.2,35.2,33.5,28.1,1.200,0.994,1.212,19.443,6.028,19.440,29.792,46.854,2.831,0.961,1.212,4.692,6.030,3.569,0.520,24.450,5.990,30.440,46.827,1600.0,1600.0,4603.7,4603.7,4650.0,61.6,32.4,33.1,52.1,143.6,No,No,No,1.092,0.903,2.3,52.0,39.0,39.0,35.5,35.5,36.5,39.0,12.144,4.970,1.006,1.348,1.214,0.812,0.832,1.552,3.320,1.836,1374,716,544,542,1.056,1.264,39,39,50,79.0,100.0,No,No,80667,102288,19.5,1.2,20.7,11.969,8.232,17088,12281,49.8,68.0,59.9,68,68,68,68,68,66,68,66,68,83.0,0.819,12.123,12.241,12.107,12.085,12.058,0,0,201.143,67.390,143.576,9.879,70.501,63.146,60.362,143.576,60.397,3.031,52.038,310.000,350.000,855.0,1156.5,1305.0,855.0,1410.0,1245.0,855.0,1154.9,1409.9,89.0,100.0,0.0,0.0,47.1,25.0,100.0,0.0,0.0,0.0,0,0,Yes,No,No,No,No,Yes,No,65.8,79.5,4,0,0,0,0,0,0,0,0,102,0,0,0,0,0,0,0,0,0,0,0,0,0,0,0,0,0,0,0,0,4337,3855,3685,112,16.0,4.5,60.8,1.9,1.9,1.9,1.9,4.5,60.7,1.9,1.9,1.9,1.9,220.78,526.75,16.46,16.44,533.26,533.26,0.88,219.96,220.78,0.00,133.40,850,26,0.1,0.0,0,0,0.0,0.0,0,
25.8.2026,15:53:30.801,10781,8472,55.9,7703,8606,47.2,0.1,2944,2,1.287,1.288,1.288,1.288,1.288,1.288,1.288,3875.0,3720.0,3720.0,3720.0,4650.0,3720.0,3720.0,100.0,1003.2,433.4,74.0,201.0,265.3,3222.0,109.9,1852.1,3482.8,1686.5,440.0,73.0,198.4,1003.2,23.1,9.9,0.0,5.5,6.5,74.4,2.9,43.9,79.8,38.8,10.8,0.0,4.1,79.8,23.1,26.8,10.7,1.8,5.1,6.8,86.9,2.7,49.9,94.0,45.1,11.4,1.7,5.1,26.8,38.8,37.2,37.2,37.2,46.5,37.2,37.2,0.0,40.5,10.9,9.9,76.0,91.1,49.2,5.8,34.9,41.9,49.8,21.2,7.3,50.8,38.5,24.6,47.1,40.2,2.8,1.6,0.0,55.7,1600.0,16.00,16,18,18,36,74,560,1,52.4,50.2,54.0,40.6,36.6,35.5,44.9,48.6,41.0,36.9,35.3,35.3,32.0,28.2,1.300,0.994,1.312,20.364,6.014,20.360,32.361,47.571,3.105,1.228,1.348,4.258,7.383,3.347,1.068,25.236,5.976,31.212,47.611,1600.0,1600.0,4576.0,4576.0,4650.0,62.6,33.9,36.0,52.9,135.2,No,No,No,1.182,1.023,2.4,52.0,39.0,39.0,35.5,35.5,36.5,39.0,12.144,4.970,1.006,1.348,1.288,0.812,0.832,1.556,3.320,1.834,1339,1437,543,556,1.057,1.261,39,39,50,79.0,100.0,No,No,80667,102288,11.9,3.2,15.2,11.445,23.852,17110,12327,50.2,68.0,60.1,68,68,68,68,68,68,68,68,68,83.0,0.819,12.126,12.243,12.111,12.089,12.060,0,0,200.428,68.525,143.684,9.905,70.558,63.189,60.455,143.684,60.492,13.212,51.546,310.000,350.000,855.0,1156.5,1305.0,855.0,1410.0,1245.0,855.0,1155.6,1410.2,79.0,93.0,0.0,0.0,47.1,24.9,99.7,0.0,0.0,0.0,0,0,Yes,No,No,No,No,Yes,No,65.9,80.1,4,0,0,0,0,0,0,0,0,102,0,0,0,0,0,0,0,0,0,0,0,0,0,0,0,0,0,0,0,0,4337,3855,3685,112,16.0,3.9,61.0,1.8,1.8,1.8,1.8,3.9,60.0,1.8,1.8,1.8,1.8,256.42,548.54,16.39,16.38,549.88,549.88,0.94,255.55,256.42,0.00,116.72,850,26,2.6,0.5,0,0,0.0,0.0,0,
25.8.2026,15:53:32.807,6242,13011,32.4,7141,9168,43.7,0.1,2944,2,1.297,1.294,1.294,1.294,1.294,1.294,1.312,3875.0,3720.0,3720.0,3720.0,4650.0,3720.0,3720.0,100.0,664.9,125.2,26.8,249.6,110.0,1528.9,399.2,4034.5,730.2,620.0,82.2,55.0,16.7,664.9,15.5,2.1,0.2,6.2,1.6,40.7,10.9,86.7,15.2,16.1,1.6,4.7,0.0,86.7,15.5,17.8,2.6,0.7,6.6,2.9,41.2,10.7,109.0,19.7,16.6,2.1,1.4,0.4,17.8,38.8,37.2,37.2,37.2,46.5,37.2,37.2,0.0,30.7,3.3,9.4,51.1,99.8,18.4,1.9,29.0,14.2,36.0,31.7,0.2,80.8,11.3,40.3,82.5,54.6,17.2,0.0,0.9,86.8,1600.0,16.00,16,18,18,36,74,560,1,52.1,49.6,55.8,38.8,34.5,35.1,40.8,49.5,37.5,35.7,35.2,35.2,32.8,27.7,1.306,0.994,1.319,17.819,6.033,17.823,22.748,45.433,2.510,0.460,1.052,3.261,7.627,2.308,0.355,23.011,5.996,29.006,45.433,1600.0,1600.0,4649.8,4649.8,4650.0,59.8,29.7,25.3,52.2,152.3,No,No,No,1.470,1.158,1.8,51.0,39.0,39.0,35.5,35.5,36.5,39.0,12.168,4.980,1.004,1.348,1.276,0.812,0.832,1.560,3.340,1.836,1349,701,545,543,1.056,1.252,39,39,49,79.0,100.0,No,No,80667,102288,1.6,1.2,2.7,2.739,8.951,17115,12344,47.1,58.0,57.1,57,58,58,56,58,56,56,56,58,83.0,0.819,12.179,12.272,12.163,12.141,12.142,0,0,97.883,29.962,63.437,2.062,31.976,29.369,34.386,63.437,34.406,2.094,8.494,310.000,350.000,960.0,1187.7,1305.0,870.6,1410.0,1245.0,959.7,1186.6,1410.1,0.0,0.0,0.0,0.0,7.5,0.0,0.0,0.0,0.0,0.0,0,0,Yes,No,No,No,No,Yes,No,31.6,45.8,4,0,0,0,0,0,0,0,0,102,0,0,0,0,0,0,0,0,0,0,0,0,0,0,0,0,0,0,0,0,7576,616,446,36,16.0,6.1,60.1,1.9,1.9,1.9,1.9,6.1,60.1,1.9,1.9,1.9,1.9,164.22,527.31,16.64,16.63,533.32,533.32,0.38,163.85,164.22,0.00,192.83,850,26,0.1,0.0,0,0,0.0,0.0,0,
25.8.2026,15:53:34.821,5643,13611,29.3,6531,9778,40.0,0.1,2944,2,0.951,0.956,0.950,0.950,0.950,0.950,0.950,3665.8,3675.0,3675.0,3675.0,3675.0,3675.0,3620.0,100.0,394.2,123.6,29.8,176.8,137.4,986.5,288.1,421.8,1892.8,390.0,216.2,43.2,24.0,394.2,8.2,2.6,1.8,4.4,4.4,22.3,6.8,8.7,26.9,9.4,4.8,2.2,3.9,26.9,8.2,10.5,2.3,0.8,4.6,3.6,26.5,7.6,11.4,51.2,10.3,5.7,1.1,0.6,10.5,36.7,36.8,36.8,36.8,36.8,36.8,36.2,0.0,17.3,3.1,7.3,28.4,49.1,14.4,1.7,42.8,41.4,43.9,50.7,20.7,84.9,15.1,39.9,55.4,48.8,20.9,30.2,0.7,83.2,1600.0,16.00,16,18,18,36,74,560,1,52.2,47.3,37.2,36.5,33.7,34.1,37.3,43.9,35.8,34.3,34.2,34.2,33.2,28.1,1.156,0.994,1.163,13.893,5.626,13.914,13.914,38.704,1.777,0.552,0.946,2.361,4.659,1.825,0.319,17.105,5.592,22.697,38.548,1600.0,1600.0,4418.6,4418.6,4650.0,50.7,23.2,15.5,49.8,159.9,No,No,No,0.639,0.602,1.0,52.0,39.0,39.0,35.5,35.5,36.5,39.0,12.192,5.000,1.004,1.348,0.988,0.812,0.832,1.562,3.352,1.836,1396,717,544,543,1.057,1.246,39,39,51,79.0,100.0,No,No,80667,102288,2.8,1.1,3.9,2.143,9.553,17119,12362,44.6,52.0,52.3,51,52,50,50,52,52,50,50,52,83.0,0.662,12.210,12.276,12.196,12.174,12.193,0,0,59.613,6.175,13.196,0.233,6.744,6.197,5.804,13.196,5.814,1.141,3.254,310.000,350.000,960.0,101.2,855.0,871.6,930.0,825.0,960.0,101.0,929.9,0.0,1.0,0.0,0.0,7.5,0.0,0.0,0.0,0.0,0.0,0,0,Yes,No,No,No,No,Yes,No,6.1,12.8,4,0,0,0,0,0,0,0,0,103,0,0,0,0,0,0,0,0,0,0,0,0,0,0,0,0,0,0,0,0,7576,616,446,36,5.0,3.8,60.3,1.9,1.9,1.9,1.9,3.8,58.3,1.9,1.9,1.9,1.9,266.50,531.81,16.58,16.12,533.30,533.30,0.49,266.05,266.50,0.00,133.53,853,26,1422.5,32.9,0,0,0.0,0.0,0,
25.8.2026,15:53:36.826,5666,13587,29.4,6520,9789,39.9,0.1,2944,2,1.037,0.969,0.963,0.963,0.963,1.188,1.181,3958.3,3675.0,3675.0,3675.0,3675.0,4525.0,4525.0,100.0,246.9,177.6,20.9,107.4,111.8,471.1,424.6,15.3,6.9,1314.9,219.3,47.4,45.9,246.9,7.0,3.7,0.0,2.7,3.5,11.0,8.8,0.6,16.0,29.4,5.7,0.4,1.9,29.4,7.0,6.4,3.6,0.5,2.7,2.8,12.4,11.2,0.4,0.2,35.1,5.5,1.1,1.1,6.4,39.6,36.8,36.8,36.8,36.8,45.2,45.2,0.0,11.2,4.7,5.4,20.4,0.6,34.2,2.1,50.6,94.1,46.6,77.4,4.8,65.8,15.0,38.2,1.2,48.0,2.2,94.6,0.0,82.8,1600.0,16.00,16,18,18,36,74,560,1,49.8,38.9,41.5,33.8,33.9,32.5,35.6,31.6,37.5,31.6,33.0,33.0,31.2,27.2,1.194,0.994,1.206,9.809,5.228,9.799,9.799,31.213,1.092,0.988,0.769,1.793,0.112,2.581,0.306,10.940,5.197,16.137,31.260,1600.0,1600.0,4082.5,4082.5,4650.0,41.1,16.3,10.9,41.0,166.2,No,No,No,0.551,0.223,0.7,49.0,39.0,39.0,35.5,35.5,36.5,39.0,12.192,5.000,1.004,1.352,0.992,0.812,0.832,1.562,3.348,1.836,1374,719,546,544,1.057,1.265,39,39,50,79.0,100.0,No,No,80667,102288,8.4,10.7,19.1,7.205,46.166,17133,12451,43.8,48.0,51.3,48,48,48,48,48,48,48,48,48,83.0,0.662,12.217,12.281,12.204,12.182,12.201,0,0,19.173,6.281,13.438,0.270,6.834,6.310,5.954,13.438,5.967,1.128,3.193,310.000,350.000,960.0,101.2,855.0,181.8,930.0,825.0,960.1,101.0,929.8,0.0,1.0,0.0,0.0,7.5,0.0,0.0,0.0,0.0,0.0,0,0,Yes,No,No,No,No,Yes,No,6.3,8.7,4,0,0,0,0,0,0,0,0,103,0,0,0,0,0,0,0,0,0,0,0,0,0,0,0,0,0,0,0,0,7576,616,446,36,5.0,3.9,54.4,1.9,1.9,1.9,1.9,3.9,53.6,1.9,1.9,1.9,1.9,254.01,528.71,18.39,16.58,533.22,533.22,0.73,253.30,254.01,0.00,149.93,875,26,11408.8,114.2,0,0,0.0,0.0,0,
25.8.2026,15:53:38.840,5658,13595,29.3,6502,9807,39.8,0.1,2944,2,1.118,0.956,1.150,1.150,1.150,1.150,1.150,3629.2,3675.0,3620.0,3620.0,3620.0,3620.0,3620.0,100.0,249.5,190.6,9.9,129.2,87.9,550.9,342.9,13.2,4.1,1471.3,116.6,38.6,38.5,249.5,5.3,3.7,0.5,3.3,0.0,12.1,7.9,0.5,0.0,32.9,1.9,0.4,0.3,32.9,5.3,6.5,4.3,0.3,3.3,2.2,14.5,9.1,0.3,0.1,39.5,2.9,1.0,1.0,6.5,36.3,36.8,36.2,36.2,36.2,36.2,36.2,0.0,11.6,5.1,5.4,20.6,0.4,35.9,1.9,57.9,94.3,77.8,77.2,1.8,64.1,32.1,30.5,0.6,16.8,2.2,97.8,0.0,66.0,1600.0,16.00,16,18,18,36,74,560,1,48.1,39.1,38.0,34.0,33.9,32.8,35.7,31.6,38.0,31.9,33.1,33.1,33.0,27.9,1.175,0.994,1.188,10.453,5.221,10.461,10.461,32.050,1.156,1.013,0.946,1.783,0.060,2.693,0.440,11.678,5.190,16.868,32.023,1600.0,1600.0,4105.2,4105.2,4650.0,42.1,17.4,11.6,41.2,167.2,No,No,No,0.608,0.312,0.7,48.0,39.0,38.5,35.5,35.0,36.5,39.0,12.192,5.000,1.004,1.348,1.024,0.812,0.832,1.562,3.348,1.834,1331,724,547,545,1.057,1.254,39,39,51,79.0,100.0,No,No,80668,102288,3.3,4.5,7.8,4.722,63.388,17142,12572,43.5,48.0,51.2,48,48,48,48,48,46,48,46,48,83.0,0.662,12.217,12.282,12.204,12.181,12.200,0,0,19.314,6.266,13.482,0.233,6.895,6.334,5.820,13.482,5.823,1.119,3.209,310.000,350.000,960.0,101.2,855.0,183.1,930.0,825.0,705.0,73.4,695.3,0.0,1.0,0.0,0.0,7.5,0.0,0.0,0.0,0.0,0.0,0,0,Yes,No,No,No,No,Yes,No,6.2,9.5,4,0,0,0,0,0,0,0,0,103,0,0,0,0,0,0,0,0,0,0,0,0,0,0,0,0,0,0,0,0,7576,616,446,36,5.0,4.8,60.8,1.8,1.8,1.8,1.8,4.8,60.0,1.8,1.8,1.8,1.8,208.11,541.05,16.44,16.43,550.08,550.08,0.86,207.26,208.11,0.00,141.59,924,26,25158.9,136.1,0,0,0.0,0.0,0,
25.8.2026,15:53:40.854,6806,12447,35.3,6957,9352,42.6,0.1,2944,2,1.186,1.181,1.188,1.188,1.188,1.188,1.188,3770.8,3620.0,3620.0,4525.0,3620.0,3620.0,3620.0,100.0,451.6,313.0,75.4,415.3,233.5,1317.4,444.5,211.4,46.9,1668.2,351.6,179.1,162.5,451.6,10.2,6.0,1.8,9.6,6.8,29.0,9.8,4.1,1.2,37.4,7.8,4.9,3.8,37.4,10.2,11.8,6.3,1.9,10.9,6.1,35.3,11.7,5.6,1.2,44.7,9.2,4.6,4.2,11.8,37.7,36.2,36.2,45.2,36.2,36.2,36.2,0.0,19.9,7.9,14.7,38.7,5.6,44.6,7.9,58.0,90.7,64.8,61.0,22.5,55.4,53.8,22.1,1.4,20.5,0.4,71.9,0.0,38.3,1600.0,16.00,16,18,18,36,74,560,1,48.0,41.4,47.0,35.4,35.0,34.0,38.3,32.9,39.1,33.2,33.3,33.3,32.8,28.1,1.188,0.994,1.200,13.267,5.312,13.247,13.987,35.629,1.772,1.296,1.532,2.941,0.605,3.199,1.057,15.282,5.280,20.562,35.765,1600.0,1600.0,4216.8,4216.8,4650.0,47.1,22.1,15.5,43.6,143.3,No,No,No,1.261,0.711,1.2,48.0,39.0,38.5,35.5,35.0,36.5,38.5,12.168,5.000,1.004,1.348,1.188,0.812,0.832,1.560,3.348,1.834,1298,726,546,558,1.057,1.246,39,39,52,79.0,100.0,No,No,80668,102288,6.1,7.3,13.4,6.053,63.848,17154,12695,43.6,48.0,51.2,47,48,46,48,48,46,46,46,48,83.0,0.662,12.215,12.280,12.201,12.180,12.198,0,0,19.376,6.291,13.516,0.258,6.857,6.382,5.855,13.516,5.868,1.120,3.249,310.000,350.000,960.0,101.2,855.0,188.7,930.0,825.0,698.5,73.0,678.4,0.0,1.0,0.0,0.0,7.5,0.0,0.0,0.0,0.0,0.0,0,0,Yes,No,No,No,No,Yes,No,6.3,11.5,4,0,0,0,0,0,0,0,0,103,0,0,0,0,0,0,0,0,0,0,0,0,0,0,0,0,0,0,0,0,7576,616,446,36,5.0,4.0,60.4,1.9,1.9,1.9,1.9,4.0,60.1,1.9,1.9,1.9,1.9,249.86,533.37,16.57,16.56,533.38,533.38,0.75,249.13,249.86,0.00,103.28,966,26,20932.5,129.1,0,0,0.0,0.0,0,
25.8.2026,15:53:42.870,10272,8981,53.3,7131,9179,43.7,0.1,2944,2,1.194,1.188,1.200,1.194,1.194,1.194,1.194,4374.2,3620.0,4525.0,4525.0,4525.0,4525.0,4525.0,100.0,662.3,303.1,82.7,369.6,329.1,640.9,1882.8,41.7,22.3,509.8,3447.5,208.2,110.3,662.3,15.1,5.6,2.8,8.7,7.7,15.2,41.7,1.9,1.5,11.3,76.2,4.9,3.5,76.2,15.1,17.5,5.6,2.1,9.5,8.6,16.9,50.6,1.1,0.6,13.5,93.0,5.3,2.8,17.5,43.7,36.2,45.2,45.2,45.2,45.2,45.2,0.0,29.4,7.7,16.6,55.9,1.5,86.7,7.7,55.4,92.3,83.4,44.1,21.2,13.3,78.1,15.3,0.0,0.0,0.0,77.3,0.0,14.2,1600.0,16.00,16,18,18,36,74,560,1,48.8,47.2,43.2,37.6,36.4,35.0,42.2,32.7,45.8,33.8,34.2,34.2,33.0,28.2,1.188,0.994,1.212,16.669,5.656,16.660,24.862,41.263,2.362,1.504,1.903,4.165,0.357,4.937,1.304,19.793,5.621,25.414,41.256,1600.0,1600.0,4520.3,4520.3,4650.0,54.3,27.8,27.6,49.7,139.3,No,No,No,0.944,0.522,1.8,48.0,39.0,39.0,35.5,35.0,36.5,39.0,12.144,4.970,1.004,1.348,1.184,0.812,0.832,1.552,3.320,1.834,1246,726,546,544,1.057,1.255,39,39,51,79.0,100.0,No,No,80668,102288,3.8,11.3,15.2,3.136,41.633,17160,12775,49.9,64.0,59.7,64,64,64,64,64,62,64,62,64,83.0,0.819,12.124,12.242,12.108,12.086,12.058,0,0,143.587,68.382,143.649,10.075,70.384,63.159,59.942,143.649,59.975,12.975,51.631,310.000,350.000,960.0,1156.5,1305.0,650.7,1410.0,1245.0,959.9,1155.7,1410.2,100.0,100.0,0.0,0.0,47.1,0.0,0.0,0.0,0.0,0.0,0,0,Yes,No,No,No,No,Yes,No,65.7,79.6,4,0,0,0,0,0,0,0,0,104,0,0,0,0,0,0,0,0,0,0,0,0,0,0,0,0,0,0,0,0,4337,3855,3685,112,16.0,3.6,55.5,1.9,1.9,1.9,1.9,3.6,55.1,1.9,1.9,1.9,1.9,278.94,516.64,18.02,16.68,516.64,516.64,0.69,278.24,278.94,0.00,133.17,999,27,17106.0,118.4,0,0,0.0,0.0,0,
25.8.2026,15:53:44.897,10271,8983,53.3,7120,9190,43.6,0.1,2944,2,1.252,1.262,1.250,1.250,1.250,1.250,1.250,3875.0,3720.0,3720.0,3720.0,3720.0,4650.0,3720.0,100.0,634.5,265.4,58.4,409.6,145.1,245.8,2684.8,38.4,17.3,194.1,3285.2,174.0,95.3,634.5,14.3,5.2,1.5,9.9,3.5,6.0,59.4,1.1,0.6,4.7,72.5,4.2,2.4,72.5,14.3,16.9,5.2,1.5,10.7,3.7,6.5,72.5,0.9,0.4,5.1,88.8,4.5,2.4,16.9,38.8,37.2,37.2,37.2,37.2,46.5,37.2,0.0,28.2,6.8,13.4,65.0,1.4,76.7,6.1,50.5,93.2,86.1,35.0,12.5,23.3,52.7,21.3,0.0,0.5,0.0,86.1,0.0,41.2,1600.0,16.00,16,18,18,36,74,560,1,49.2,47.7,50.5,37.2,36.2,34.4,42.9,32.3,44.6,33.1,34.0,34.0,33.0,27.9,1.250,0.994,1.269,15.602,5.910,15.601,22.363,40.699,2.067,1.447,1.672,3.833,0.259,4.237,0.956,18.547,5.874,24.420,40.726,1600.0,1600.0,4528.6,4528.6,4650.0,53.6,26.0,24.8,50.2,149.0,No,No,No,0.662,0.418,1.7,49.0,39.0,39.0,35.5,35.0,36.5,39.0,12.120,4.970,1.004,1.348,1.190,0.812,0.832,1.554,3.320,1.836,1253,722,544,555,1.057,1.239,39,39,52,79.0,100.0,No,No,80668,102288,3.3,4.4,7.7,3.941,45.484,17167,12862,51.1,70.0,61.1,68,68,68,68,70,68,68,68,68,83.0,0.819,12.126,12.245,12.111,12.089,12.061,0,0,201.011,69.011,144.387,10.102,70.811,63.418,60.447,144.387,60.485,14.219,52.843,310.000,350.000,960.0,1156.5,1305.0,960.0,1410.0,1245.0,960.9,1155.4,1409.5,100.0,100.0,0.0,0.0,47.1,25.0,100.0,0.0,0.0,0.0,0,0,Yes,No,No,No,No,Yes,No,66.1,79.0,4,0,0,0,0,0,0,0,0,104,0,0,0,0,0,0,0,0,0,0,0,0,0,0,0,0,0,0,0,0,4337,3855,3685,112,16.0,4.7,61.5,1.9,1.9,1.9,1.9,4.7,60.0,1.9,1.9,1.9,1.9,213.27,530.91,16.26,16.25,533.61,533.61,0.94,212.40,213.27,0.00,110.10,1031,27,16285.5,109.2,0,0,0.0,0.0,0,
25.8.2026,15:53:46.910,10206,9047,53.0,7089,9220,43.4,0.1,2944,2,1.172,1.188,1.169,1.169,1.169,1.169,1.169,3770.8,3620.0,3620.0,4525.0,3620.0,3620.0,3620.0,100.0,565.0,219.4,48.2,360.6,147.6,2704.3,724.5,33.7,14.9,284.1,2058.6,121.7,62.5,565.0,12.4,4.4,0.5,8.4,2.9,60.5,18.2,0.2,0.0,5.9,44.5,2.3,0.9,60.5,12.4,15.0,4.3,1.2,9.5,3.8,73.0,19.5,0.8,0.4,7.4,55.5,3.1,1.5,15.0,37.7,36.2,36.2,45.2,36.2,36.2,36.2,0.0,25.5,5.8,11.7,79.5,1.2,50.4,4.6,52.8,94.2,88.3,20.5,10.9,49.6,53.1,21.7,0.0,0.0,0.0,87.9,0.0,42.2,1600.0,16.00,16,18,18,36,74,560,1,49.6,48.0,46.8,37.2,36.6,34.4,44.8,32.4,42.2,33.1,34.2,34.2,33.5,27.2,1.194,0.994,1.175,15.131,5.902,15.147,20.022,40.629,2.030,1.477,1.676,4.423,0.254,3.410,0.939,18.419,5.865,24.284,40.595,1600.0,1600.0,4570.2,4570.2,4650.0,53.4,25.2,22.2,50.5,150.6,No,No,No,0.493,0.337,1.5,49.0,39.0,39.0,35.5,35.0,36.5,39.0,12.144,4.970,1.004,1.348,1.176,0.812,0.832,1.554,3.320,1.836,1315,709,545,555,1.056,1.261,39,39,51,79.0,100.0,No,No,80668,102288,3.0,4.1,7.0,2.890,30.652,17173,12921,51.7,70.0,61.6,70,70,70,70,70,68,70,70,70,83.0,0.819,12.124,12.242,12.109,12.086,12.059,0,0,200.979,69.045,144.739,10.149,70.946,63.622,60.679,144.739,60.721,12.715,53.097,310.000,350.000,960.0,1156.5,1305.0,960.0,1410.0,1245.0,959.9,1155.1,1410.2,100.0,100.0,0.0,0.0,47.1,20.5,82.0,0.0,0.0,0.0,0,0,Yes,No,No,No,No,Yes,No,66.3,81.1,4,0,0,0,0,0,0,0,0,104,0,0,0,0,0,0,0,0,0,0,0,0,0,0,0,0,0,0,0,0,4337,3855,3685,112,16.0,4.8,61.0,1.8,1.8,1.8,1.8,4.8,60.0,1.8,1.8,1.8,1.8,206.42,542.32,16.39,16.38,549.67,549.67,0.76,205.68,206.42,0.00,126.50,1049,27,8871.8,76.0,0,0,0.0,0.0,0,
25.8.2026,15:53:48.907,10225,9028,53.1,7104,9205,43.5,0.1,2944,2,1.188,1.188,1.188,1.188,1.188,1.188,1.188,3770.8,3620.0,3620.0,3620.0,3620.0,4525.0,3620.0,100.0,601.7,166.1,40.8,274.0,117.3,2189.7,811.3,17.0,14.5,2715.3,712.6,99.8,61.7,601.7,13.4,3.1,0.3,7.3,2.7,47.6,18.6,0.0,0.0,60.8,16.6,2.4,1.4,60.8,13.4,16.0,3.2,1.0,7.1,2.9,59.1,21.8,0.4,0.3,73.3,19.1,2.5,1.5,16.0,37.7,36.2,36.2,36.2,36.2,45.2,36.2,0.0,26.9,4.4,9.6,64.2,0.8,78.1,4.0,50.1,95.6,90.4,35.8,12.3,21.9,44.7,23.0,0.0,0.0,0.0,86.9,0.0,51.3,1600.0,16.00,16,18,18,36,74,560,1,49.8,48.5,43.5,37.4,36.3,34.2,44.0,32.2,44.7,32.7,34.2,34.2,33.0,28.2,1.181,0.994,1.194,15.520,5.895,15.521,20.645,40.875,2.056,1.376,1.546,4.087,0.235,4.319,0.772,18.766,5.858,24.624,40.914,1600.0,1600.0,4568.4,4568.4,4650.0,53.8,25.9,22.9,51.0,151.6,No,No,No,0.490,0.341,1.6,49.0,39.0,39.0,35.5,35.0,36.5,39.0,12.144,4.970,1.004,1.348,1.170,0.812,0.832,1.552,3.324,1.836,1291,712,543,543,1.057,1.251,39,39,52,79.0,100.0,No,No,80668,102288,1.8,1.9,3.7,1.700,10.570,17176,12941,52.2,72.0,61.9,71,72,72,72,72,70,70,70,72,83.0,0.819,12.130,12.248,12.115,12.093,12.064,0,0,201.788,69.049,144.907,10.165,71.020,63.681,60.863,144.907,60.893,12.078,52.925,310.000,350.000,960.0,1156.5,1305.0,960.0,1410.0,1245.0,959.9,1155.4,1410.4,100.0,100.0,0.0,0.0,47.1,25.0,100.0,0.0,0.0,0.0,0,0,Yes,No,No,No,No,Yes,No,66.4,81.2,4,0,0,0,0,0,0,0,0,104,0,0,0,0,0,0,0,0,0,0,0,0,0,0,0,0,0,0,0,0,4337,3855,3685,112,16.0,2.9,40.2,1.9,1.9,1.9,1.9,2.9,39.7,1.9,1.9,1.9,1.9,341.42,532.84,24.89,17.25,533.34,533.34,0.58,340.76,341.42,0.00,129.12,1052,27,1626.7,43.8,0,0,0.0,0.0,0,
25.8.2026,15:53:50.925,5619,13634,29.1,6430,9879,39.4,0.1,2944,2,0.956,0.956,0.956,0.956,0.956,0.956,0.956,3675.0,3675.0,3675.0,3675.0,3675.0,3675.0,3675.0,100.0,321.7,298.1,39.3,183.7,86.5,857.5,998.7,22.6,21.0,871.6,375.9,52.8,53.2,321.7,7.1,5.9,2.4,2.6,1.9,18.5,22.1,0.5,0.0,18.8,9.8,1.9,0.4,22.1,7.1,8.5,6.8,1.0,4.7,2.2,23.0,26.9,0.6,0.5,23.3,10.0,1.3,1.3,8.5,36.8,36.8,36.8,36.8,36.8,36.8,36.8,0.0,14.0,7.0,6.2,39.5,1.0,27.7,2.4,50.2,92.5,42.6,60.4,9.7,71.9,23.8,35.8,0.4,51.2,0.0,89.3,0.3,73.8,1600.0,16.00,16,18,18,36,74,560,1,48.1,39.8,37.8,34.4,34.8,32.7,38.9,31.8,36.5,31.9,33.1,33.1,32.8,28.5,1.156,0.994,1.163,10.211,5.930,10.224,10.224,33.873,1.202,1.066,0.756,2.781,0.180,2.009,0.417,11.539,5.893,17.432,33.768,1600.0,1600.0,4093.4,4093.4,4650.0,44.4,17.0,11.4,41.9,159.1,No,No,No,0.682,0.656,0.8,48.0,38.5,39.0,35.5,35.0,36.5,39.0,12.168,4.990,1.004,1.348,1.008,0.812,0.832,1.558,3.340,1.834,1324,725,543,544,1.057,1.254,39,39,50,79.0,100.0,No,No,80668,102288,2.8,2.2,5.1,2.732,14.528,17181,12969,47.7,56.0,56.9,58,56,54,54,56,54,54,52,54,83.0,0.675,12.184,12.289,12.179,12.167,12.169,0,0,68.649,30.027,43.023,0.614,23.421,18.968,25.604,43.023,25.625,1.278,5.192,310.000,350.000,1065.0,625.2,930.0,1063.0,1005.0,885.0,1064.9,624.5,1004.8,0.0,0.0,0.0,0.0,7.5,0.0,0.0,0.0,0.0,0.0,0,0,Yes,No,No,No,No,Yes,No,31.6,45.8,4,0,0,0,0,0,0,0,0,104,0,0,0,0,0,0,0,0,0,0,0,0,0,0,0,0,0,0,0,0,7576,616,446,36,16.0,4.8,50.0,1.9,1.9,1.9,1.9,4.8,49.6,1.9,1.9,1.9,1.9,208.27,521.99,19.98,16.82,533.50,533.50,0.33,207.95,208.27,0.00,258.22,1055,27,1311.7,33.5,0,0,0.0,0.0,0,
25.8.2026,15:53:52.936,5596,13657,29.0,6405,9904,39.2,0.1,2944,2,0.956,0.956,0.956,0.956,0.956,0.956,0.956,3675.0,3675.0,3675.0,3675.0,3675.0,3675.0,3675.0,100.0,108.0,67.4,4.4,39.1,15.9,818.3,111.0,2.0,0.9,125.7,90.4,14.2,7.0,108.0,2.4,1.3,0.0,1.6,0.3,18.2,2.4,0.8,0.0,3.0,1.3,0.0,0.0,18.2,2.4,2.8,1.3,0.1,1.0,0.4,22.0,2.9,0.0,0.0,3.2,2.3,0.4,0.2,2.8,36.8,36.8,36.8,36.8,36.8,36.8,36.8,0.0,4.9,1.8,1.4,20.3,0.1,5.2,0.6,48.8,98.2,19.4,75.3,0.4,94.8,4.5,46.3,0.0,79.2,4.4,99.5,0.0,94.9,1600.0,16.00,16,18,18,36,74,560,1,46.1,35.5,38.2,32.4,33.0,31.5,35.1,31.1,32.6,31.0,32.3,32.3,32.5,27.5,1.156,0.994,1.163,6.517,5.864,6.514,6.514,28.942,0.585,0.697,0.244,1.656,0.027,0.808,0.079,6.897,5.828,12.725,28.963,1600.0,1600.0,3878.8,3878.8,4650.0,38.1,10.9,7.2,37.4,194.2,No,No,No,0.192,0.110,0.3,46.0,39.0,38.5,35.5,35.0,36.5,38.5,12.168,5.000,1.002,1.348,0.974,0.810,0.834,1.560,3.348,1.834,1277,711,546,557,1.056,1.266,39,39,49,79.0,100.0,No,No,80668,102288,0.6,0.7,1.3,1.694,7.601,17185,12984,45.5,50.0,53.2,50,50,50,50,50,50,50,48,50,83.0,0.675,12.212,12.278,12.198,12.177,12.196,0,0,19.573,6.347,13.529,0.282,6.843,6.393,5.866,13.529,5.876,1.235,3.567,310.000,350.000,1065.0,101.2,930.0,213.2,1005.0,885.0,874.2,81.9,821.4,0.0,5.0,0.0,0.0,7.5,0.0,0.0,0.0,0.0,0.0,0,0,Yes,No,No,No,No,Yes,No,6.3,7.8,4,0,0,0,0,0,0,0,0,105,0,0,0,0,0,0,0,0,0,0,0,0,0,0,0,0,0,0,0,0,7576,616,446,36,5.0,3.6,56.7,1.9,1.9,1.9,1.9,3.6,56.6,1.9,1.9,1.9,1.9,279.14,532.69,17.64,16.75,533.18,533.18,0.52,278.64,279.14,0.00,141.47,1057,27,1510.4,38.6,0,0,0.0,0.0,0,
25.8.2026,15:53:54.952,5615,13638,29.1,6409,9900,39.2,0.1,2944,2,0.953,0.956,0.956,0.956,0.950,0.950,0.950,3675.0,3675.0,3675.0,3675.0,3675.0,3675.0,3675.0,100.0,171.8,77.9,5.0,47.5,38.3,1032.4,190.8,3.1,2.4,534.0,99.5,20.1,11.1,171.8,4.5,1.0,1.1,1.3,1.1,23.1,4.5,0.0,0.3,12.3,2.5,2.9,4.2,23.1,4.5,4.5,1.5,0.1,1.2,0.9,27.8,5.0,0.1,0.1,14.2,2.6,0.5,0.3,4.5,36.8,36.8,36.8,36.8,36.8,36.8,36.8,0.0,7.8,2.1,2.1,27.4,0.1,14.6,0.8,49.4,97.9,34.7,72.6,0.6,85.4,4.9,42.8,0.0,63.2,0.0,99.3,0.0,94.3,1600.0,16.00,16,18,18,36,74,560,1,45.4,37.7,37.0,33.0,33.4,31.8,36.3,31.1,34.4,31.0,32.5,32.5,32.5,27.5,1.156,0.994,1.163,8.018,5.257,8.021,8.021,29.243,0.815,0.794,0.430,2.105,0.033,1.427,0.102,8.790,5.225,14.015,29.246,1600.0,1600.0,4007.2,4007.2,4650.0,38.5,13.4,8.9,39.7,178.2,No,No,No,0.308,0.147,0.5,45.0,38.5,38.5,35.5,34.5,36.5,38.5,12.192,5.010,1.004,1.348,0.990,0.810,0.834,1.560,3.348,1.834,1215,729,546,545,1.056,1.247,39,39,50,79.0,100.0,No,No,80668,102288,1.6,1.4,3.0,2.323,12.370,17189,13008,45.5,50.0,53.2,49,50,50,48,50,48,50,48,50,83.0,0.675,12.213,12.278,12.199,12.178,12.197,0,0,19.397,6.412,13.705,0.282,6.880,6.527,5.903,13.705,5.907,1.231,3.564,310.000,350.000,1065.0,101.2,930.0,196.0,1005.0,885.0,777.1,72.8,731.7,0.0,1.0,0.0,0.0,7.5,0.0,0.0,0.0,0.0,0.0,0,0,Yes,No,No,No,No,Yes,No,6.3,7.9,4,0,0,0,0,0,0,0,0,105,0,0,0,0,0,0,0,0,0,0,0,0,0,0,0,0,0,0,0,0,7576,616,446,36,5.0,4.7,61.3,1.8,1.8,1.8,1.8,4.7,60.0,1.8,1.8,1.8,1.8,213.27,546.86,16.31,16.29,550.24,550.24,0.82,212.50,213.27,0.00,113.35,1061,27,2007.4,51.9,0,0,0.0,0.0,0,
25.8.2026,15:53:56.951,5610,13643,29.1,6396,9914,39.2,0.1,2944,2,1.170,1.163,1.181,1.169,1.169,1.169,1.169,3770.8,3620.0,3620.0,4525.0,3620.0,3620.0,3620.0,100.0,162.8,85.6,6.5,49.2,22.9,1257.1,90.9,2.8,2.2,217.8,176.7,22.4,19.9,162.8,4.8,1.8,0.3,1.3,0.7,27.8,2.2,0.2,10.0,5.3,4.2,3.6,0.6,27.8,4.8,4.3,1.7,0.2,1.2,0.5,33.6,2.4,0.1,0.0,5.7,4.7,0.5,0.5,4.3,37.7,36.2,36.2,45.2,36.2,36.2,36.2,0.0,7.4,2.3,1.9,30.0,0.1,9.4,1.0,50.7,97.7,31.0,70.0,0.9,90.6,13.8,41.9,0.0,67.2,0.0,99.0,0.0,85.3,1600.0,16.00,16,18,18,36,74,560,1,45.1,36.9,47.2,32.7,33.2,31.6,36.5,31.0,33.0,31.0,32.3,32.3,32.5,27.4,1.188,0.994,1.200,7.842,5.183,7.825,7.825,28.675,0.784,0.777,0.382,2.323,0.035,1.030,0.159,8.530,5.151,13.682,28.761,1600.0,1600.0,3962.2,3962.2,4650.0,37.8,13.0,8.7,38.8,180.3,No,No,No,0.298,0.152,0.4,44.0,39.0,38.5,35.5,34.5,36.5,38.5,12.192,5.000,1.004,1.352,0.984,0.810,0.832,1.562,3.352,1.836,1224,723,547,546,1.057,1.254,39,39,51,79.0,100.0,No,No,80668,102288,1.4,1.2,2.6,1.640,13.528,17192,13034,45.2,50.0,52.9,49,50,48,50,50,48,50,48,50,83.0,0.675,12.206,12.273,12.192,12.171,12.189,0,0,19.437,6.457,13.902,0.270,7.035,6.597,5.814,13.902,5.824,1.235,3.534,310.000,350.000,1065.0,101.2,930.0,204.3,1005.0,885.0,769.3,72.4,729.7,0.0,5.0,0.0,0.0,7.5,0.0,0.1,0.0,0.0,0.0,0,0,Yes,No,No,No,No,Yes,No,6.5,7.8,4,0,0,0,0,0,0,0,0,105,0,0,0,0,0,0,0,0,0,0,0,0,0,0,0,0,0,0,0,0,7576,616,446,36,5.0,5.0,60.9,1.9,1.9,1.9,1.9,5.0,59.9,1.9,1.9,1.9,1.9,199.83,525.78,16.43,16.42,533.13,533.13,0.79,199.05,199.83,0.00,116.57,1066,27,2269.6,57.4,0,0,0.0,0.0,0,
25.8.2026,15:53:58.968,6812,12441,35.3,6905,9404,42.3,0.1,2944,2,1.172,1.188,1.169,1.169,1.169,1.169,1.169,3770.8,3620.0,3620.0,3620.0,3620.0,4525.0,3620.0,100.0,355.1,131.5,25.9,194.0,240.7,1183.7,613.3,16.3,6.6,955.5,750.7,59.0,84.4,355.1,7.6,2.3,0.5,4.4,5.4,26.4,13.5,0.3,0.0,21.1,16.5,0.5,0.4,26.4,7.6,9.4,2.4,0.7,5.0,6.3,32.1,16.3,0.4,0.2,25.4,20.0,1.5,2.2,9.4,37.7,36.2,36.2,36.2,36.2,45.2,36.2,0.3,15.9,3.4,10.3,40.1,0.6,37.6,3.6,51.3,95.9,44.9,58.3,6.8,61.6,40.4,32.8,0.7,44.8,1.6,92.7,0.9,56.0,1600.0,16.00,16,18,18,36,74,560,1,45.5,39.2,40.0,34.3,34.1,33.0,38.1,31.4,37.5,31.9,32.9,32.9,32.8,27.0,1.181,0.994,1.194,11.296,5.241,11.295,11.295,33.258,1.443,0.997,1.122,2.918,0.129,2.841,0.651,12.909,5.209,18.118,33.277,1600.0,1600.0,4140.6,4140.6,4650.0,43.8,18.8,12.6,41.3,148.3,No,No,No,0.812,0.511,1.0,45.0,39.0,38.5,35.5,34.5,36.5,38.5,12.192,5.000,1.004,1.348,1.182,0.810,0.832,1.562,3.348,1.834,1178,731,546,545,1.057,1.263,39,39,49,79.0,100.0,No,No,80668,102288,0.4,0.6,1.0,0.213,10.372,17193,13053,52.1,68.0,62.0,66,66,66,66,68,66,66,66,68,83.0,0.819,12.120,12.239,12.104,12.082,12.056,0,0,182.344,69.151,145.066,10.244,71.003,63.780,60.327,145.066,60.368,12.891,53.615,310.000,350.000,1065.0,1156.5,1305.0,918.2,1410.0,1245.0,1065.2,1155.4,1409.8,100.0,100.0,0.0,0.0,47.1,0.0,0.0,0.0,0.0,0.0,0,0,Yes,No,No,No,No,Yes,No,66.0,80.6,4,0,0,0,0,0,0,0,0,106,0,0,0,0,0,0,0,0,0,0,0,0,0,0,0,0,0,0,0,0,4337,3855,3685,112,16.0,3.0,42.8,1.9,1.9,1.9,1.9,3.0,42.3,1.9,1.9,1.9,1.9,332.95,533.34,23.38,17.09,533.36,533.36,0.79,332.12,332.95,0.00,129.49,1071,28,2404.7,58.5,0,0,0.0,0.0,0,
25.8.2026,15:54:0.984,10252,9001,53.2,7042,9267,43.1,0.1,2944,2,1.169,1.169,1.169,1.169,1.169,1.169,1.169,3770.8,3620.0,3620.0,3620.0,3620.0,4525.0,3620.0,100.0,619.0,230.3,57.2,474.8,142.2,985.6,1489.4,39.4,24.2,775.1,2970.5,166.6,72.3,619.0,13.4,4.1,0.5,10.8,3.3,22.0,32.9,1.7,0.0,17.1,65.7,2.1,0.1,65.7,13.4,16.4,4.3,1.4,12.5,3.7,26.4,40.1,1.0,0.6,20.8,80.2,4.2,1.8,16.4,37.7,36.2,36.2,36.2,36.2,45.2,36.2,0.0,27.4,5.8,14.2,54.8,1.5,82.2,5.7,50.4,91.7,85.8,45.2,20.6,17.8,41.3,22.2,2.4,0.0,0.0,77.9,0.0,53.1,1600.0,16.00,16,18,18,36,74,560,1,47.4,46.9,43.5,36.7,35.4,34.3,41.2,32.1,44.7,32.6,33.7,33.7,33.0,28.0,1.181,0.994,1.194,15.474,5.732,15.479,20.548,40.026,2.054,1.311,1.648,3.790,0.339,4.447,0.787,18.300,5.697,23.997,40.010,1600.0,1600.0,4525.0,4525.0,4650.0,52.6,25.8,22.8,49.3,148.0,No,No,No,0.677,0.453,1.6,46.0,39.0,38.5,35.5,34.5,36.5,38.5,12.144,4.970,1.004,1.348,1.184,0.810,0.832,1.554,3.320,1.836,1188,744,546,556,1.056,1.253,39,39,49,79.0,100.0,No,No,80668,102288,4.2,1.0,5.2,1.421,9.754,17195,13072,53.0,72.0,62.8,70,70,70,72,72,70,70,70,70,83.0,0.819,12.124,12.243,12.108,12.086,12.058,0,0,202.421,69.443,145.647,10.309,71.307,63.993,60.702,145.647,60.745,12.776,53.866,310.000,350.000,1065.0,1156.5,1305.0,1065.0,1410.0,1245.0,1065.5,1155.7,1410.4,100.0,100.0,0.0,0.0,47.1,19.4,77.5,0.0,0.0,0.0,0,0,Yes,No,No,No,No,Yes,No,66.6,80.9,4,0,0,0,0,0,0,0,0,106,0,0,0,0,0,0,0,0,0,0,0,0,0,0,0,0,0,0,0,0,4337,3855,3685,112,16.0,3.3,49.9,1.9,1.9,1.9,1.9,3.3,49.6,1.9,1.9,1.9,1.9,300.01,532.62,20.05,16.90,533.10,533.10,0.51,299.60,300.01,0.00,141.50,1076,28,2849.6,68.9,0,0,0.0,0.0,0,
25.8.2026,15:54:3.001,10217,9037,53.0,7039,9271,43.1,0.1,2944,2,1.188,1.188,1.188,1.188,1.188,1.188,1.188,3770.8,3620.0,3620.0,3620.0,3620.0,4525.0,3620.0,100.0,526.4,153.0,23.5,177.8,93.8,877.0,1897.7,13.9,17.2,225.7,2728.2,77.1,31.9,526.4,12.1,3.2,0.6,4.3,2.3,19.6,42.0,0.0,2.8,5.2,60.4,4.1,0.8,60.4,12.1,14.1,3.2,0.6,4.6,2.4,23.6,51.2,0.3,0.4,5.9,73.7,2.0,0.8,14.1,37.7,36.2,36.2,36.2,36.2,45.2,36.2,0.0,23.4,4.0,6.6,61.4,0.8,65.1,2.7,50.4,94.6,93.3,38.6,5.7,34.9,34.9,26.2,1.4,0.0,0.0,93.5,0.0,62.3,1600.0,16.00,16,18,18,36,74,560,1,47.6,46.3,43.2,35.9,35.2,33.2,41.7,31.6,41.8,31.9,33.5,33.5,32.2,27.4,1.169,0.994,1.175,13.697,5.870,13.697,16.855,38.236,1.686,1.206,1.273,3.583,0.130,3.384,0.537,16.162,5.833,21.995,38.268,1600.0,1600.0,4520.7,4520.7,4650.0,50.4,22.8,18.7,48.7,159.1,No,No,No,0.394,0.289,1.4,47.0,39.0,38.5,35.5,34.5,36.5,38.5,12.144,4.970,1.004,1.348,1.180,0.810,0.834,1.554,3.324,1.836,1259,739,544,543,1.056,1.263,39,39,48,79.0,100.0,No,No,80668,102288,0.3,0.6,0.9,1.073,10.602,17197,13092,53.5,72.0,63.2,72,72,72,72,72,70,72,70,72,83.0,0.819,12.126,12.239,12.113,12.092,12.062,1398,1367,204.324,70.652,148.773,13.218,71.392,64.121,60.840,148.773,60.871,13.856,54.021,310.000,350.000,1065.0,1156.5,1305.0,1065.0,1410.0,1245.0,1065.6,1155.5,1409.4,100.0,100.0,0.0,0.0,47.1,25.0,100.0,0.0,0.0,0.0,59,66,Yes,No,No,No,No,Yes,No,67.6,81.3,4,0,0,0,0,0,0,0,0,106,0,0,0,0,0,0,0,0,0,0,0,0,0,0,0,0,0,0,0,0,4337,3855,3685,112,16.0,4.5,57.3,1.9,1.9,1.9,1.9,4.5,57.7,1.9,1.9,1.9,1.9,223.30,531.62,17.46,16.89,533.65,533.65,0.60,222.74,223.30,0.00,293.08,1081,28,2300.9,57.8,0,0,0.0,0.0,0,
25.8.2026,15:54:5.008,10216,9038,53.0,7029,9280,43.1,0.1,2944,2,1.262,1.262,1.262,1.262,1.262,1.262,1.262,3875.0,3720.0,3720.0,3720.0,3720.0,4650.0,3720.0,100.0,587.5,163.0,27.1,309.3,122.3,2605.3,173.2,17.1,10.7,3441.4,45.8,104.3,30.4,587.5,13.6,3.2,0.6,7.1,2.8,57.8,3.9,1.1,3.2,76.1,1.0,3.1,3.7,76.1,13.6,15.7,3.3,0.7,8.1,3.2,70.3,4.6,0.4,0.3,92.9,1.2,2.6,0.7,15.7,38.8,37.2,37.2,37.2,37.2,46.5,37.2,0.0,26.1,4.3,10.1,61.4,0.7,77.0,3.3,49.7,95.4,89.9,38.6,7.2,23.0,43.9,24.2,0.4,0.0,0.0,92.1,0.0,52.7,1600.0,16.00,16,18,18,36,74,560,1,48.4,47.0,45.8,36.5,35.4,33.6,42.0,31.7,44.1,32.2,33.6,33.6,33.0,27.8,1.250,0.994,1.262,14.753,5.880,14.752,19.556,39.572,1.879,1.254,1.428,3.644,0.145,4.140,0.660,17.464,5.844,23.308,39.586,1600.0,1600.0,4524.9,4524.9,4650.0,52.1,24.6,21.7,49.5,154.3,No,No,No,0.476,0.312,1.6,48.0,38.5,38.5,35.5,34.5,36.5,38.5,12.120,4.970,1.004,1.348,1.188,0.806,0.832,1.552,3.320,1.834,1235,730,545,542,1.056,1.242,39,39,48,79.0,100.0,No,No,80668,102288,0.2,0.4,0.6,0.287,7.681,17198,13107,53.8,74.0,63.8,72,72,72,72,74,72,72,72,74,83.0,0.819,12.123,12.240,12.108,12.086,12.059,1026,1099,204.032,70.010,146.870,11.371,71.415,64.046,60.860,146.870,60.897,13.729,54.031,310.000,350.000,1065.0,1156.5,1305.0,1065.0,1410.0,1245.0,1065.4,1155.8,1410.1,100.0,100.0,0.0,0.0,47.1,25.0,100.0,0.0,0.0,0.0,60,67,Yes,No,No,No,No,Yes,No,67.0,81.2,4,0,0,0,0,0,0,0,0,106,0,0,0,0,0,0,0,0,0,0,0,0,0,0,0,0,0,0,0,0,4337,3855,3685,112,16.0,3.8,56.1,1.9,1.9,1.9,1.9,3.8,55.1,1.9,1.9,1.9,1.9,266.66,515.37,17.81,16.45,516.88,516.88,0.53,266.12,266.66,0.00,141.72,1085,28,2277.1,57.0,0,0,0.0,0.0,0,
25.8.2026,15:54:7.023,9829,9425,51.0,7011,9298,42.9,0.1,2944,2,1.252,1.262,1.250,1.250,1.250,1.250,1.250,3875.0,3720.0,3720.0,4650.0,3720.0,3720.0,3720.0,100.0,543.4,198.1,49.0,217.5,105.8,4333.0,99.1,31.0,19.4,1174.4,120.0,122.4,50.8,543.4,12.1,3.8,1.4,5.5,2.7,95.5,1.4,0.1,0.0,27.2,3.0,3.1,1.3,95.5,12.1,14.5,3.7,1.3,5.7,2.7,117.1,2.6,0.8,0.5,31.5,3.1,3.2,1.3,14.5,38.8,37.2,37.2,46.5,37.2,37.2,37.2,0.0,24.3,5.3,8.2,96.6,1.3,30.0,4.5,51.4,94.7,91.8,3.4,10.1,70.0,38.6,24.2,0.0,0.0,0.0,88.6,0.0,56.9,1600.0,16.00,16,18,18,36,74,560,1,48.9,46.8,51.2,36.4,36.3,33.6,46.2,32.0,38.2,32.4,33.7,33.7,32.2,28.0,1.263,0.994,1.275,14.419,5.890,14.414,18.083,39.418,1.845,1.379,1.422,4.722,0.229,2.615,0.704,17.309,5.853,23.162,39.451,1600.0,1600.0,4552.6,4552.6,4650.0,51.9,24.0,20.1,49.3,155.8,No,No,No,0.588,0.390,1.5,48.0,39.0,38.5,35.5,34.5,37.0,38.5,12.120,4.970,1.004,1.348,1.252,0.804,0.832,1.554,3.332,1.834,1288,723,545,542,1.056,1.269,39,39,48,79.0,100.0,No,No,80668,102288,0.1,0.5,0.5,0.089,8.541,17198,13124,50.0,60.0,59.9,58,58,58,58,60,58,58,58,60,83.0,0.819,12.178,12.271,12.161,12.139,12.142,1261,1323,99.033,30.346,64.465,2.773,32.068,29.596,34.361,64.465,34.385,2.192,8.804,310.000,350.000,1170.0,1187.7,1305.0,1170.0,1410.0,1245.0,1170.1,1186.6,1410.0,0.0,0.0,0.0,0.0,7.5,0.0,0.0,0.0,0.0,0.0,60,67,Yes,No,No,No,No,Yes,No,31.9,45.9,4,0,0,0,0,0,0,0,0,106,0,0,0,0,0,0,0,0,0,0,0,0,0,0,0,0,0,0,0,0,7576,616,446,36,16.0,4.4,60.9,1.9,1.9,1.9,1.9,4.4,60.0,1.9,1.9,1.9,1.9,228.94,527.71,16.42,16.41,533.23,533.23,0.41,228.43,228.94,0.00,129.06,1090,28,2617.2,73.9,0,0,0.0,0.0,0,
25.8.2026,15:54:9.031,5594,13660,29.0,6352,9958,38.9,0.1,2944,2,0.956,0.956,0.956,0.956,0.956,0.956,0.956,3665.8,3675.0,3675.0,3675.0,3675.0,3675.0,3620.0,100.0,166.2,102.4,18.4,57.1,174.6,953.9,191.3,13.2,4.1,275.9,166.5,20.6,15.9,166.2,3.6,2.0,0.5,0.7,2.9,21.1,5.1,0.3,0.0,6.7,3.9,0.0,0.0,21.1,3.6,4.3,1.9,0.5,1.4,4.7,25.7,5.1,0.3,0.1,7.2,4.4,0.5,0.4,4.3,36.7,36.8,36.8,36.8,36.8,36.8,36.2,0.0,7.7,2.8,5.8,25.6,0.4,10.7,1.0,48.6,93.9,29.7,66.9,0.8,89.3,11.0,43.7,3.4,64.4,7.5,98.8,0.0,88.0,1600.0,16.00,16,18,18,36,74,560,1,46.8,37.1,37.8,33.1,33.6,32.2,36.3,31.3,33.7,31.3,32.7,32.7,33.0,27.4,1.156,0.994,1.163,7.920,5.887,7.944,7.944,31.000,0.776,0.804,0.539,1.964,0.045,1.132,0.175,8.721,5.850,14.571,30.877,1600.0,1600.0,3975.2,3975.2,4650.0,40.6,13.2,8.8,39.0,185.4,No,No,No,0.320,0.455,0.5,47.0,39.0,38.5,35.5,34.5,37.0,38.5,12.168,4.990,1.004,1.348,1.004,0.802,0.834,1.560,3.340,1.834,1257,716,546,543,1.057,1.261,39,39,48,79.0,100.0,No,No,80668,102288,0.1,0.3,0.4,0.090,5.066,17198,13133,46.2,54.0,53.8,52,54,52,52,54,52,52,52,52,83.0,0.694,12.209,12.275,12.196,12.173,12.192,1333,1379,23.760,6.980,15.128,1.228,7.074,6.805,6.120,15.128,6.128,1.389,3.822,310.000,350.000,1170.0,101.2,1035.0,563.5,1125.0,990.0,851.0,72.5,816.3,0.0,1.0,0.0,0.0,7.5,0.0,0.0,0.0,0.0,0.0,60,67,Yes,No,No,No,No,Yes,No,6.9,8.1,4,0,0,0,0,0,0,0,0,107,0,0,0,0,0,0,0,0,0,0,0,0,0,0,0,0,0,0,0,0,7576,616,446,36,5.0,3.8,60.8,1.9,1.9,1.9,1.9,3.7,60.0,1.9,1.9,1.9,1.9,266.46,532.48,16.45,16.44,533.14,533.14,0.37,266.10,266.46,0.00,139.83,1094,28,1983.2,44.6,0,0,0.0,0.0,0,
25.8.2026,15:54:11.047,5612,13641,29.1,6360,9949,38.9,0.1,2944,2,1.184,1.169,1.188,1.188,1.188,1.188,1.188,3921.7,3620.0,3620.0,4525.0,3620.0,4525.0,3620.0,100.0,174.1,89.0,13.8,45.0,20.8,591.6,438.4,3.0,1.0,739.9,118.5,20.6,7.2,174.1,4.8,1.6,0.3,1.8,2.0,12.5,9.7,0.0,8.5,16.6,2.6,2.0,0.1,16.6,4.8,4.6,1.7,0.4,1.1,0.5,15.9,11.8,0.1,0.0,19.8,3.1,0.5,0.2,4.6,39.2,36.2,36.2,45.2,36.2,45.2,36.2,0.0,7.9,2.4,1.7,23.1,0.1,19.4,0.7,48.7,97.6,31.5,76.4,0.3,80.6,6.1,43.3,0.0,66.8,0.5,99.6,0.0,93.2,1600.0,16.00,16,18,18,36,74,560,1,46.1,37.6,42.2,33.0,33.3,31.7,35.7,31.1,35.3,31.0,32.5,32.5,32.0,27.9,1.163,0.994,1.169,7.963,5.295,7.945,7.945,29.177,0.816,0.792,0.398,1.847,0.030,1.713,0.114,8.726,5.263,13.989,29.264,1600.0,1600.0,3984.1,3984.1,4650.0,38.5,13.2,8.8,39.6,176.9,No,No,No,0.306,0.145,0.5,45.0,39.0,38.5,35.5,34.5,37.0,38.5,12.168,5.000,1.004,1.352,1.040,0.800,0.834,1.562,3.344,1.834,1232,714,547,544,1.056,1.249,39,39,48,79.0,100.0,No,No,80668,102288,0.2,0.6,0.8,0.483,9.491,17199,13151,45.4,52.0,53.1,51,52,50,50,50,52,50,50,52,83.0,0.694,12.206,12.274,12.192,12.171,12.189,1346,1385,20.978,6.843,14.832,1.191,6.913,6.706,5.985,14.832,5.987,1.373,3.769,310.000,350.000,1170.0,101.2,1035.0,216.3,1125.0,990.0,1170.1,101.0,1125.2,0.0,1.0,0.0,0.0,7.5,0.0,0.0,0.0,0.0,0.0,60,67,Yes,No,No,No,No,Yes,No,6.7,8.0,4,0,0,0,0,0,0,0,0,107,0,0,0,0,0,0,0,0,0,0,0,0,0,0,0,0,0,0,0,0,7576,616,446,36,5.0,4.1,60.8,1.8,1.8,1.8,1.8,4.1,60.1,1.8,1.8,1.8,1.8,246.45,548.55,16.43,16.43,549.88,549.88,0.71,245.80,246.45,0.00,113.09,1098,28,1966.7,47.7,0,0,0.0,0.0,0,
25.8.2026,15:54:13.053,5598,13656,29.0,6341,9969,38.8,0.1,2944,2,1.166,1.169,1.169,1.169,1.163,1.163,1.163,3770.8,3620.0,3620.0,3620.0,3620.0,4525.0,3620.0,100.0,133.8,93.8,6.7,35.7,26.5,284.6,597.0,2.3,0.9,150.2,389.9,13.8,4.1,133.8,3.1,1.9,0.3,0.2,0.7,7.3,13.4,0.9,0.1,3.8,8.8,0.0,0.0,13.4,3.1,3.5,1.9,0.2,0.9,0.7,7.6,16.0,0.0,0.0,3.8,10.4,0.3,0.1,3.5,37.7,36.2,36.2,36.2,36.2,45.2,36.2,0.0,6.2,2.5,1.6,19.9,0.1,12.6,0.5,49.0,97.5,26.0,80.1,0.4,87.4,2.8,44.8,0.0,72.4,0.0,99.5,0.0,96.7,1600.0,16.00,16,18,18,36,74,560,1,45.1,36.4,44.2,32.8,33.3,31.7,35.3,31.2,34.0,31.0,32.6,32.6,31.8,27.2,1.188,0.994,1.200,7.249,5.186,7.248,7.248,28.002,0.674,0.753,0.317,1.626,0.028,1.257,0.064,7.775,5.154,12.930,28.027,1600.0,1600.0,3928.3,3928.3,4650.0,36.9,12.1,8.1,38.3,190.2,No,No,No,0.258,0.135,0.4,45.0,39.5,38.5,35.5,34.5,37.0,38.5,12.168,5.010,1.004,1.352,0.996,0.798,0.834,1.562,3.352,1.834,1202,1400,546,544,1.056,1.268,39,39,48,79.0,100.0,No,No,80668,102288,0.1,0.4,0.5,0.409,6.259,17200,13163,44.7,50.0,52.2,50,50,50,50,50,50,50,48,50,83.0,0.694,12.208,12.274,12.193,12.172,12.191,1344,1387,21.850,6.787,14.824,1.154,6.975,6.670,5.778,14.824,5.786,1.331,3.741,310.000,350.000,1170.0,101.2,1020.0,283.4,1110.0,975.0,871.1,74.4,823.2,0.0,1.0,0.0,0.0,7.5,0.0,0.0,0.0,0.0,0.0,59,67,Yes,No,No,No,No,Yes,No,6.6,8.0,4,0,0,0,0,0,0,0,0,107,0,0,0,0,0,0,0,0,0,0,0,0,0,0,0,0,0,0,0,0,7576,616,446,36,5.0,4.5,63.4,1.9,1.9,1.9,1.9,4.5,60.0,1.9,1.9,1.9,1.9,223.15,533.41,15.77,15.74,533.41,533.41,0.75,222.40,223.15,0.00,103.59,1103,28,2467.3,62.2,0,0,0.0,0.0,0,
25.8.2026,15:54:15.063,5615,13639,29.1,6352,9957,38.9,0.1,2944,2,1.118,0.956,1.150,1.150,1.150,1.150,1.150,3780.0,3675.0,3620.0,3620.0,3620.0,4525.0,3620.0,100.0,153.7,89.2,2.6,35.9,27.8,125.4,1126.7,2.0,1.3,156.8,258.7,10.3,7.5,153.7,3.7,2.1,0.3,1.8,0.9,3.1,25.2,0.0,0.0,4.0,6.1,1.2,0.0,25.2,3.7,4.0,1.9,0.1,0.9,0.7,3.3,30.4,0.0,0.0,3.9,6.9,0.2,0.2,4.0,37.8,36.8,36.2,36.2,36.2,45.2,36.2,0.0,7.1,2.4,1.7,28.1,0.1,9.8,0.5,47.9,95.7,27.1,70.3,0.4,90.0,3.9,45.0,1.9,71.2,1.6,99.6,0.1,95.6,1600.0,16.00,16,18,18,36,74,560,1,45.0,37.5,39.0,33.0,33.7,31.8,36.8,31.2,33.7,31.1,32.7,32.7,31.8,27.9,1.156,0.994,1.163,7.750,5.193,7.761,7.761,28.803,0.750,0.779,0.344,2.153,0.029,1.117,0.076,8.431,5.162,13.593,28.705,1600.0,1600.0,3970.8,3970.8,4650.0,37.8,12.9,8.6,39.4,185.7,No,No,No,0.261,0.133,0.4,44.0,39.5,38.5,35.5,34.5,37.0,38.5,12.192,5.000,1.004,1.352,1.114,0.798,0.832,1.562,3.352,1.836,1188,715,546,544,1.057,1.253,39,39,47,79.0,100.0,No,No,80668,102288,0.2,0.5,0.6,0.718,8.111,17201,13179,44.6,50.0,52.8,49,50,48,50,50,48,50,48,50,83.0,0.825,12.208,12.276,12.193,12.173,12.191,1347,1380,21.165,7.177,15.629,1.289,7.328,7.000,6.254,15.629,6.261,1.342,3.864,310.000,350.000,1170.0,1156.5,1305.0,237.7,1410.0,1245.0,1169.6,1156.1,1409.9,0.0,4.0,0.0,0.0,9.2,0.0,0.0,0.0,0.0,0.0,59,67,Yes,No,No,No,No,Yes,No,7.1,46.5,4,0,0,0,0,0,0,0,0,108,0,0,0,0,0,0,0,0,0,0,0,0,0,0,0,0,0,0,0,0,7435,757,715,110,16.0,4.7,61.1,1.9,1.9,1.9,1.9,4.7,60.0,1.9,1.9,1.9,1.9,213.23,529.90,16.36,16.34,533.26,533.26,0.71,212.50,213.23,0.00,109.94,1108,29,2625.0,62.9,0,0,0.0,0.0,0,
25.8.2026,15:54:17.077,10240,9013,53.1,7003,9306,42.9,0.1,2944,2,1.193,1.188,1.194,1.194,1.194,1.194,1.194,3770.8,3620.0,3620.0,3620.0,3620.0,4525.0,3620.0,100.0,527.8,202.2,39.4,320.6,641.4,772.9,1567.3,26.5,18.1,887.5,1595.5,182.3,80.3,527.8,12.5,4.0,0.0,7.5,13.8,17.4,34.3,1.5,6.5,18.5,35.5,3.6,7.2,35.5,12.5,14.0,4.1,1.0,8.4,17.0,20.6,42.1,0.6,0.5,23.6,42.9,4.6,2.1,14.0,37.7,36.2,36.2,36.2,36.2,45.2,36.2,0.0,23.6,5.1,22.1,52.1,1.1,55.0,6.3,53.0,94.9,66.3,47.3,14.3,45.0,50.5,23.3,0.0,11.5,0.6,84.6,0.0,43.2,1600.0,16.00,16,18,18,36,74,560,1,46.8,44.5,44.5,36.5,35.7,35.6,40.8,32.4,41.3,33.2,34.0,34.0,33.2,28.6,1.181,0.994,1.194,14.838,5.364,14.828,17.620,38.008,2.031,1.281,2.118,3.755,0.254,3.837,0.944,17.443,5.331,22.774,38.120,1600.0,1600.0,4436.1,4436.1,4650.0,50.2,24.7,19.6,46.8,142.6,No,No,No,1.020,0.721,1.4,46.0,39.5,38.5,35.5,34.5,37.5,38.5,12.168,5.000,1.004,1.348,1.152,0.796,0.832,1.558,3.336,1.834,1220,703,546,544,1.056,1.259,39,39,47,79.0,100.0,No,No,80668,102288,0.2,0.5,0.7,0.402,5.908,17202,13190,50.8,70.0,60.9,69,70,70,70,70,68,68,68,70,83.0,0.819,12.122,12.239,12.106,12.085,12.058,1344,1378,207.155,69.765,146.531,11.590,71.101,63.796,60.253,146.531,60.284,13.529,54.272,310.000,350.000,1170.0,1156.5,1305.0,1170.0,1410.0,1245.0,1170.2,1155.7,1410.0,100.0,100.0,0.0,0.0,47.1,23.7,95.0,0.0,0.0,0.0,59,67,Yes,No,No,No,No,Yes,No,66.7,80.8,4,0,0,0,0,0,0,0,0,108,0,0,0,0,0,0,0,0,0,0,0,0,0,0,0,0,0,0,0,0,4337,3855,3685,112,16.0,2.9,63.8,1.9,1.9,1.9,1.9,2.9,38.2,1.9,1.9,1.9,1.9,349.79,532.82,15.68,6.55,533.32,533.32,0.63,349.12,349.79,0.00,136.22,1112,29,1857.6,45.2,0,0,0.0,0.0,0,
25.8.2026,15:54:19.089,10254,8999,53.2,6995,9314,42.8,0.1,2944,2,1.154,0.956,1.194,1.194,1.194,1.194,1.194,4081.7,3675.0,4525.0,4525.0,3620.0,4525.0,3620.0,100.0,515.5,134.4,22.5,166.3,69.9,145.0,2752.3,12.0,6.7,184.5,2574.4,78.1,39.5,515.5,11.7,2.0,2.1,4.0,1.7,2.7,60.9,0.4,1.0,5.1,57.1,2.6,0.2,60.9,11.7,13.7,2.8,0.6,4.4,1.8,3.8,73.9,0.3,0.2,4.1,70.1,1.9,1.0,13.7,40.8,36.8,45.2,45.2,36.2,45.2,36.2,0.0,22.8,3.5,5.7,63.7,0.5,60.9,2.7,50.2,96.5,92.9,36.3,4.2,39.1,31.9,27.0,0.0,1.4,0.0,95.3,0.0,65.3,1600.0,16.00,16,18,18,36,74,560,1,47.6,47.1,45.2,36.6,36.1,33.9,42.9,32.2,42.2,32.5,34.2,34.2,34.0,28.7,1.188,0.994,1.194,13.439,5.891,13.429,16.142,37.940,1.672,1.215,1.228,3.690,0.115,3.264,0.521,15.854,5.854,21.708,37.962,1600.0,1600.0,4516.5,4516.5,4650.0,50.0,22.4,17.9,49.6,157.9,No,No,No,0.347,0.243,1.4,47.0,39.5,38.5,35.5,34.5,37.5,38.5,12.144,4.970,1.004,1.348,1.172,0.796,0.832,1.554,3.324,1.836,1247,699,545,555,1.056,1.258,39,39,51,79.0,100.0,No,No,80668,102288,0.1,0.3,0.4,0.096,5.360,17202,13200,51.0,72.0,60.9,71,70,72,72,72,70,70,70,72,83.0,0.819,12.126,12.242,12.112,12.090,12.061,1343,1378,207.725,70.186,147.270,11.679,71.413,64.126,60.729,147.270,60.767,14.235,54.179,310.000,350.000,1170.0,1156.5,1305.0,1170.0,1410.0,1245.0,1170.3,1155.8,1410.4,100.0,100.0,0.0,0.0,47.1,25.0,100.0,0.0,0.0,0.0,59,67,Yes,No,No,No,No,Yes,No,66.9,81.0,4,0,0,0,0,0,0,0,0,108,0,0,0,0,0,0,0,0,0,0,0,0,0,0,0,0,0,0,0,0,4337,3855,3685,112,16.0,3.8,61.2,1.8,1.8,1.8,1.8,3.8,60.0,1.8,1.8,1.8,1.8,263.15,548.77,16.34,16.33,550.11,550.11,0.78,262.43,263.15,0.00,116.62,1115,29,1701.6,45.3,0,0,0.0,0.0,0,
25.8.2026,15:54:21.111,10195,9058,52.9,6992,9317,42.8,0.1,2944,2,1.190,1.169,1.194,1.194,1.194,1.194,1.194,3770.8,3620.0,3620.0,4525.0,3620.0,3620.0,3620.0,100.0,516.3,139.5,16.8,148.6,85.5,98.4,3219.0,15.2,11.9,254.1,2120.8,56.2,29.8,516.3,11.5,3.1,0.0,3.1,2.3,1.0,73.0,0.6,0.5,6.0,46.5,0.9,1.0,73.0,11.5,13.9,2.9,0.4,3.9,2.2,2.6,87.3,0.4,0.3,7.5,56.8,1.5,0.7,13.9,37.7,36.2,36.2,45.2,36.2,36.2,36.2,0.0,23.5,3.7,5.9,75.4,0.7,52.7,2.3,51.1,96.3,92.5,24.6,6.7,47.3,39.2,25.4,0.0,1.6,0.0,92.6,0.0,58.5,1600.0,16.00,16,18,18,36,74,560,1,48.5,47.7,41.5,37.0,36.6,34.1,44.4,32.5,41.8,32.8,34.5,34.5,33.8,29.2,1.194,0.994,1.212,14.025,5.883,14.037,17.360,38.843,1.752,1.274,1.282,4.045,0.131,3.214,0.568,16.713,5.847,22.559,38.842,1600.0,1600.0,4535.4,4535.4,4650.0,51.1,23.4,19.3,50.2,157.7,No,No,No,0.330,0.252,1.4,48.0,39.5,38.5,35.5,34.5,37.5,38.5,12.144,4.970,1.004,1.348,1.182,0.794,0.832,1.554,3.320,1.836,1265,697,542,554,1.056,1.243,39,39,50,79.0,100.0,No,No,80668,102288,0.0,0.3,0.3,0.057,5.433,17202,13211,51.0,72.0,60.9,71,72,72,72,72,70,70,70,72,83.0,0.819,12.124,12.240,12.109,12.087,12.060,1338,1379,207.645,70.169,147.282,11.653,71.429,64.159,60.732,147.282,60.769,14.090,54.127,310.000,350.000,1170.0,1156.5,1305.0,1170.0,1410.0,1245.0,1170.0,1155.5,1409.9,100.0,100.0,0.0,0.0,47.1,19.8,79.2,0.0,0.0,0.0,59,67,Yes,No,No,No,No,Yes,No,67.1,80.9,4,0,0,0,0,0,0,0,0,108,0,0,0,0,0,0,0,0,0,0,0,0,0,0,0,0,0,0,0,0,4337,3855,3685,112,16.0,2.5,7.1,1.9,1.9,1.9,1.9,2.5,7.1,1.9,1.9,1.9,1.9,394.28,532.85,140.73,133.83,533.18,533.18,0.51,393.86,394.28,0.00,133.35,1120,29,2392.8,62.7,0,0,0.0,0.0,0,
25.8.2026,15:54:23.123,10213,9040,53.0,7009,9300,42.9,0.1,2944,2,1.190,1.169,1.194,1.194,1.194,1.194,1.194,3770.8,3620.0,3620.0,3620.0,3620.0,4525.0,3620.0,100.0,582.5,158.7,29.7,173.5,102.5,1933.3,845.0,17.7,12.5,1670.7,1908.3,77.0,61.5,582.5,12.9,3.1,0.7,4.2,2.5,43.2,18.8,0.4,0.0,37.3,43.9,0.0,0.7,43.9,12.9,15.6,3.2,0.8,4.5,2.6,52.1,22.8,0.4,0.3,45.1,51.5,2.0,1.6,15.6,37.7,36.2,36.2,36.2,36.2,45.2,36.2,0.0,26.1,4.2,6.9,60.9,0.8,80.7,3.4,50.6,95.8,93.1,39.1,7.6,19.3,48.8,23.2,0.0,0.0,0.0,91.6,0.0,47.8,1600.0,16.00,16,18,18,36,74,560,1,49.8,48.7,44.8,37.9,36.9,34.5,43.9,32.7,45.9,33.3,34.8,34.8,33.5,29.0,1.181,0.994,1.194,15.084,5.889,15.082,20.106,40.227,1.986,1.335,1.391,3.867,0.167,4.400,0.759,18.093,5.852,23.945,40.226,1600.0,1600.0,4540.9,4540.9,4650.0,52.9,25.1,22.3,51.3,151.3,No,No,No,0.445,0.327,1.6,49.0,40.5,39.0,35.5,34.5,37.5,39.0,12.144,4.970,1.004,1.348,1.186,0.794,0.830,1.554,3.324,1.836,1256,709,543,554,1.057,1.273,39,39,48,79.0,100.0,No,No,80668,102288,0.3,0.6,0.9,0.964,6.272,17204,13223,47.8,62.0,58.0,62,64,62,62,62,60,60,60,62,83.0,0.819,12.177,12.270,12.159,12.138,12.141,1345,1382,167.548,30.204,64.127,2.699,31.943,29.459,34.445,64.127,34.470,2.109,8.463,310.000,350.000,1170.0,1187.7,1305.0,1170.0,1410.0,1245.0,1170.0,1186.9,1410.0,0.0,0.0,0.0,0.0,7.5,0.0,0.0,0.0,0.0,0.0,59,67,Yes,No,No,No,No,Yes,No,31.8,46.0,4,0,0,0,0,0,0,0,0,108,0,0,0,0,0,0,0,0,0,0,0,0,0,0,0,0,0,0,0,0,7576,616,446,36,16.0,3.6,58.9,1.9,1.9,1.9,1.9,3.6,58.3,1.9,1.9,1.9,1.9,274.70,532.66,16.98,16.55,533.16,533.16,0.66,274.07,274.70,0.00,129.00,1124,29,2266.0,57.3,0,0,0.0,0.0,0,
25.8.2026,15:54:25.134,5612,13641,29.1,6340,9969,38.8,0.1,2944,2,0.956,0.956,0.956,0.956,0.956,0.956,0.956,3675.0,3675.0,3675.0,3675.0,3675.0,3675.0,3675.0,100.0,489.3,217.3,53.8,137.5,187.3,3035.1,522.3,23.1,8.9,560.2,998.1,74.5,53.9,489.3,11.5,4.1,2.2,3.5,3.0,67.2,11.7,0.7,4.8,12.9,22.3,4.9,0.0,67.2,11.5,13.0,4.2,1.4,3.5,4.9,82.0,14.1,0.6,0.2,14.9,26.9,1.9,1.4,13.0,36.8,36.8,36.8,36.8,36.8,36.8,36.8,0.0,21.8,5.5,7.8,78.5,0.8,35.0,3.3,52.1,94.4,82.1,21.5,6.8,65.0,42.9,26.1,0.0,10.1,0.0,92.4,0.0,53.9,1600.0,16.00,16,18,18,36,74,560,1,49.6,46.3,40.0,37.0,37.0,34.4,45.0,32.8,40.0,33.3,34.7,34.7,34.0,28.8,1.156,0.994,1.163,13.563,5.949,13.570,15.824,38.220,1.707,1.270,1.214,4.170,0.148,2.796,0.644,15.919,5.912,21.831,38.168,1600.0,1600.0,4428.4,4428.4,4650.0,50.2,22.6,17.6,48.8,154.8,No,No,No,0.688,0.719,1.3,49.0,39.5,39.0,35.5,35.0,37.5,39.0,12.168,4.980,1.004,1.348,1.152,0.792,0.830,1.558,3.340,1.834,1276,692,543,555,1.056,1.261,39,39,48,79.0,100.0,No,No,80668,102288,0.4,0.7,1.1,0.838,8.450,17206,13239,45.6,58.0,53.9,56,56,54,56,56,56,56,56,56,83.0,0.725,12.201,12.275,12.185,12.165,12.179,1346,1384,98.620,13.649,29.629,2.087,14.098,13.430,12.374,29.629,12.375,1.759,7.465,310.000,350.000,1275.0,101.2,1140.0,1275.0,1230.0,1080.0,1275.7,101.0,1230.1,0.0,0.0,0.0,0.0,7.5,0.0,0.0,0.0,0.0,0.0,59,67,Yes,No,No,No,No,Yes,No,13.6,12.8,4,0,0,0,0,0,0,0,0,109,0,0,0,0,0,0,0,0,0,0,0,0,0,0,0,0,0,0,0,0,7576,616,446,36,5.0,3.9,60.5,1.9,1.9,1.9,1.9,3.9,60.0,1.9,1.9,1.9,1.9,253.96,530.56,16.53,16.53,533.06,533.06,0.41,253.54,253.96,0.00,133.20,1128,29,2084.5,52.5,0,0,0.0,0.0,0,
25.8.2026,15:54:27.135,5590,13663,29.0,6320,9989,38.7,0.1,2944,2,1.022,0.956,1.163,1.163,0.950,0.950,0.950,3647.5,3675.0,3675.0,3675.0,3620.0,3620.0,3620.0,100.0,114.7,87.6,5.3,28.1,33.8,130.5,502.0,2.1,1.1,116.6,450.1,6.1,12.6,114.7,2.6,1.7,0.0,0.0,1.7,3.2,11.3,0.0,0.0,2.9,10.2,0.0,0.0,11.3,2.6,3.0,1.6,0.1,0.7,0.9,3.4,13.5,0.0,0.0,3.0,12.1,0.1,0.3,3.0,36.5,36.8,36.8,36.8,36.2,36.2,36.2,0.2,5.2,2.0,1.6,13.9,0.1,12.9,0.5,45.5,94.8,15.7,73.1,0.3,85.3,3.9,49.3,3.2,82.7,12.9,99.7,1.7,95.6,1600.0,16.00,16,18,18,36,74,560,1,47.5,36.8,39.5,33.5,34.1,32.5,35.4,32.0,35.1,31.9,33.5,33.5,33.8,28.3,1.156,0.994,1.163,6.619,5.757,6.622,6.622,28.816,0.593,0.716,0.236,1.278,0.025,1.222,0.081,7.038,5.721,12.759,28.789,1600.0,1600.0,3883.1,3883.1,4650.0,37.9,11.0,7.4,38.8,195.4,No,No,No,0.206,0.116,0.3,48.0,39.5,38.5,35.5,35.0,37.5,38.5,12.168,5.000,1.002,1.348,0.972,0.792,0.830,1.562,3.352,1.836,1324,694,545,556,1.057,1.249,39,39,49,79.0,100.0,No,No,80668,102288,0.3,0.5,0.9,1.034,4.210,17208,13247,43.2,52.0,50.8,50,50,50,50,50,50,50,48,50,83.0,0.725,12.206,12.274,12.191,12.170,12.189,1342,1381,21.059,7.229,15.782,1.326,7.278,7.156,6.241,15.782,6.247,1.464,3.784,310.000,350.000,1275.0,101.2,1140.0,250.2,1230.0,1080.0,739.5,57.7,709.7,0.0,2.0,0.0,0.0,7.5,0.0,0.0,0.0,0.0,0.0,59,66,Yes,No,No,No,No,Yes,No,7.1,7.9,4,0,0,0,0,0,0,0,0,109,0,0,0,0,0,0,0,0,0,0,0,0,0,0,0,0,0,0,0,0,7576,616,446,36,5.0,2.8,38.5,1.8,1.8,1.8,1.8,2.8,38.2,1.8,1.8,1.8,1.8,354.05,549.47,25.94,17.40,550.49,550.49,0.53,353.55,354.05,0.00,145.69,1131,29,1448.6,36.9,0,0,0.0,0.0,0,
25.8.2026,15:54:29.148,5608,13645,29.1,6317,9992,38.7,0.1,2944,2,1.054,0.956,1.156,1.156,1.156,0.950,0.950,3656.7,3675.0,3675.0,3675.0,3675.0,3620.0,3620.0,100.0,173.3,64.6,5.0,27.3,22.7,275.1,443.4,2.6,0.5,219.7,1001.9,11.0,5.3,173.3,3.9,1.1,0.0,1.3,1.2,6.2,9.7,0.7,0.0,4.8,22.1,0.1,0.0,22.1,3.9,4.6,1.3,0.1,0.7,0.6,7.3,11.9,0.0,0.0,5.8,27.0,0.3,0.1,4.6,36.6,36.8,36.8,36.8,36.8,36.2,36.2,0.0,7.8,1.8,1.3,16.2,0.1,27.3,0.4,47.7,98.0,30.0,79.1,0.2,72.7,6.0,44.5,0.3,68.7,4.7,99.7,0.0,93.6,1600.0,16.00,16,18,18,36,74,560,1,47.2,39.4,39.8,34.1,34.3,32.6,36.0,32.0,37.7,31.8,33.6,33.6,34.2,28.5,1.181,0.994,1.188,8.073,5.189,8.073,8.073,29.133,0.820,0.791,0.355,1.493,0.028,2.165,0.087,8.882,5.157,14.039,29.142,1600.0,1600.0,4010.8,4010.8,4650.0,38.3,13.5,9.0,41.4,179.0,No,No,No,0.291,0.141,0.5,46.0,39.5,38.5,35.5,35.0,37.5,38.5,12.168,5.000,1.004,1.348,1.164,0.790,0.830,1.560,3.352,1.836,1247,710,547,556,1.056,1.267,39,39,47,79.0,100.0,No,No,80668,102288,0.1,1.1,1.2,0.622,13.541,17209,13273,42.7,50.0,50.3,49,50,48,50,50,48,48,48,50,83.0,0.725,12.207,12.275,12.192,12.172,12.190,1337,1374,20.931,6.885,15.094,1.338,6.901,6.840,5.729,15.094,5.741,1.448,3.782,310.000,350.000,1275.0,101.2,1140.0,236.4,1230.0,1080.0,1275.1,101.0,1230.1,0.0,1.0,0.0,0.0,7.5,0.0,0.0,0.0,0.0,0.0,59,66,Yes,No,No,No,No,Yes,No,6.7,7.8,4,0,0,0,0,0,0,0,0,109,0,0,0,0,0,0,0,0,0,0,0,0,0,0,0,0,0,0,0,0,7576,616,446,36,5.0,2.3,4.5,1.8,1.8,1.8,1.8,2.3,4.5,1.8,1.8,1.8,1.8,427.54,549.49,222.08,216.67,550.17,550.17,0.74,426.77,427.54,0.00,128.16,1134,29,1365.7,34.8,0,0,0.0,0.0,0,
25.8.2026,15:54:31.153,5584,13669,29.0,6294,10015,38.5,0.1,2944,2,0.956,0.956,0.956,0.956,0.956,0.956,0.956,3647.5,3675.0,3675.0,3675.0,3620.0,3620.0,3620.0,100.0,107.4,66.9,2.1,18.5,22.2,194.9,548.2,2.7,0.4,114.0,303.6,13.2,2.6,107.4,2.6,1.6,0.0,0.0,0.0,4.0,11.7,0.0,1.0,3.0,7.1,0.6,1.8,11.7,2.6,2.8,1.4,0.1,0.4,0.6,5.2,14.7,0.1,0.0,2.9,8.1,0.3,0.1,2.8,36.5,36.8,36.8,36.8,36.2,36.2,36.2,0.0,5.0,1.8,1.1,16.7,0.1,9.7,0.4,47.7,98.2,13.7,82.5,0.2,90.3,1.4,47.3,0.0,85.2,0.7,99.7,0.0,98.2,1600.0,16.00,16,18,18,36,74,560,1,45.9,36.7,38.5,33.4,34.1,32.4,35.7,31.9,34.6,31.8,33.5,33.5,33.8,29.6,1.156,0.994,1.163,6.505,5.186,6.513,6.513,27.151,0.586,0.717,0.194,1.444,0.025,1.091,0.047,6.894,5.154,12.048,27.150,1600.0,1600.0,3879.2,3879.2,4650.0,35.7,10.9,7.2,38.7,193.6,No,No,No,0.187,0.105,0.3,46.0,39.5,38.5,35.5,35.0,37.5,38.5,12.168,5.010,1.004,1.352,0.962,0.790,0.830,1.562,3.352,1.834,1229,698,546,543,1.056,1.260,39,39,48,79.0,100.0,No,No,80668,102288,0.1,0.3,0.4,0.254,3.525,17210,13280,42.0,48.0,49.6,48,48,48,48,48,48,48,46,50,83.0,0.725,12.212,12.279,12.197,12.176,12.196,1331,1371,20.927,6.822,15.011,1.326,6.794,6.867,5.671,15.011,5.678,1.445,3.593,310.000,350.000,1275.0,101.2,1140.0,240.2,1230.0,1080.0,924.9,72.3,885.4,0.0,1.0,0.0,0.0,7.5,0.0,0.0,0.0,0.0,0.0,59,66,Yes,No,No,No,No,Yes,No,6.7,7.6,4,0,0,0,0,0,0,0,0,109,0,0,0,0,0,0,0,0,0,0,0,0,0,0,0,0,0,0,0,0,7576,616,446,36,5.0,2.6,8.0,1.9,1.9,1.9,1.9,2.6,8.0,1.9,1.9,1.9,1.9,383.30,516.84,124.62,117.42,516.85,516.85,0.65,382.71,383.30,0.00,144.52,1137,29,1694.0,42.7,0,0,0.0,0.0,0,
25.8.2026,15:54:33.167,5616,13637,29.1,6326,9983,38.7,0.1,2944,2,1.197,1.200,1.181,1.200,1.200,1.200,1.200,4072.5,3620.0,4525.0,4525.0,3620.0,4525.0,3620.0,100.0,182.9,83.7,6.0,56.6,32.5,131.8,853.6,8.6,7.5,214.2,769.7,22.5,8.2,182.9,6.3,1.6,7.9,4.2,2.2,3.7,19.5,1.6,4.5,4.8,17.0,4.8,3.8,19.5,6.3,4.8,1.7,0.1,1.5,0.8,3.4,23.0,0.2,0.2,5.5,20.7,0.6,0.2,4.8,40.7,36.2,45.2,45.2,36.2,45.2,36.2,0.0,8.3,2.2,2.2,22.0,0.4,22.1,0.7,48.6,96.6,35.5,75.0,1.5,77.1,5.7,43.1,1.1,62.4,3.0,98.2,0.7,93.5,1600.0,16.00,16,18,18,36,74,560,1,46.4,39.3,43.5,34.1,34.4,32.8,36.8,32.0,36.8,31.9,33.6,33.6,34.0,28.2,1.188,0.994,1.194,8.273,5.209,8.249,8.249,29.211,0.860,0.819,0.464,1.819,0.061,1.890,0.108,9.122,5.177,14.299,29.375,1600.0,1600.0,4018.2,4018.2,4650.0,38.7,13.7,9.2,41.3,175.7,No,No,No,0.311,0.169,0.5,45.0,39.5,38.5,35.5,35.0,37.5,38.5,12.192,5.000,1.004,1.348,1.138,0.790,0.828,1.562,3.348,1.836,1244,700,546,543,1.057,1.271,39,39,50,79.0,100.0,No,No,80668,102288,0.0,0.3,0.3,0.040,4.351,17210,13288,46.2,56.0,56.2,54,56,54,54,54,54,54,54,56,83.0,0.825,12.120,12.236,12.105,12.083,12.056,1325,1364,21.713,69.864,146.834,11.820,71.116,63.847,59.848,146.834,59.881,13.638,54.962,310.000,350.000,1275.0,1156.5,1305.0,302.4,1410.0,1245.0,1274.9,1155.4,1409.7,70.0,19.0,0.0,0.0,47.1,0.0,0.0,0.0,0.0,0.0,59,66,Yes,No,No,No,No,Yes,No,66.7,80.0,4,0,0,0,0,0,0,0,0,110,0,0,0,0,0,0,0,0,0,0,0,0,0,0,0,0,0,0,0,0,4337,3855,3685,112,16.0,2.8,38.3,1.9,1.9,1.9,1.9,2.8,37.5,1.9,1.9,1.9,1.9,355.29,532.71,26.09,17.08,533.04,533.04,0.68,354.63,355.29,0.00,177.55,1141,29,2183.9,54.3,0,0,0.0,0.0,0,
25.8.2026,15:54:35.174,10224,9029,53.1,6967,9342,42.7,0.1,2944,2,1.172,1.188,1.169,1.169,1.169,1.169,1.169,3770.8,3620.0,3620.0,3620.0,3620.0,4525.0,3620.0,100.0,552.8,167.7,42.5,247.9,412.3,1142.9,1471.5,19.9,19.7,354.9,2528.7,115.6,109.6,552.8,12.0,3.0,0.2,5.6,8.7,25.3,32.6,0.0,0.0,7.8,55.9,2.6,2.6,55.9,12.0,14.6,3.2,1.1,6.3,10.9,30.6,39.5,0.5,0.5,9.3,68.1,2.9,2.8,14.6,37.7,36.2,36.2,36.2,36.2,45.2,36.2,0.0,24.7,4.3,15.7,58.0,1.0,63.8,5.6,51.8,76.8,73.8,42.0,10.0,36.2,72.2,23.4,18.9,10.5,0.0,89.0,0.0,22.2,1600.0,16.00,16,18,18,36,74,560,1,48.1,47.0,44.5,37.8,36.7,35.9,43.1,33.3,43.4,34.4,35.2,35.2,34.5,29.2,1.181,0.994,1.194,15.422,5.445,15.428,19.532,39.219,2.113,1.136,1.792,4.200,0.200,4.214,1.134,18.262,5.412,23.673,39.184,1600.0,1600.0,4518.6,4518.6,4650.0,51.6,25.7,21.7,49.5,143.5,No,No,No,0.979,0.682,1.5,48.0,39.5,38.5,35.5,35.0,37.5,38.5,12.144,4.970,1.004,1.348,1.178,0.788,0.828,1.552,3.320,1.834,1247,714,545,542,1.056,1.257,39,39,49,79.0,100.0,No,No,80668,102288,0.1,0.3,0.3,0.361,3.714,17210,13295,48.2,68.0,58.2,67,68,66,68,68,66,66,66,68,83.0,0.825,12.151,12.253,12.135,12.114,12.100,1314,1359,208.134,51.461,109.025,7.646,53.261,48.188,48.050,109.025,48.025,15.377,24.552,310.000,350.000,1275.0,1156.5,1305.0,1275.0,1410.0,1245.0,1275.6,1155.0,1410.1,100.0,100.0,0.0,0.0,47.1,25.0,100.0,0.0,0.0,0.0,59,66,Yes,No,No,No,No,Yes,No,50.7,80.3,4,0,0,0,0,0,0,0,0,110,0,0,0,0,0,0,0,0,0,0,0,0,0,0,0,0,0,0,0,0,4337,3855,3685,112,16.0,3.2,41.0,1.9,1.9,1.9,1.9,3.2,40.5,1.9,1.9,1.9,1.9,316.32,514.39,24.38,17.19,516.40,516.40,0.69,315.67,316.32,0.00,177.47,1144,29,1641.9,40.0,0,0,0.0,0.0,0,
25.8.2026,15:54:37.182,10248,9006,53.2,6982,9327,42.8,0.1,2944,2,1.194,1.194,1.194,1.194,1.194,1.194,1.194,3770.8,3620.0,3620.0,3620.0,3620.0,4525.0,3620.0,100.0,578.5,151.0,37.9,193.2,156.6,241.6,2506.7,20.5,12.1,163.6,3285.3,87.3,86.5,578.5,12.6,2.4,0.6,4.2,4.0,5.2,55.3,0.9,1.5,3.4,72.6,0.2,1.6,72.6,12.6,15.5,2.8,1.0,5.1,4.1,6.4,67.7,0.5,0.3,4.3,88.8,2.3,2.2,15.5,37.7,36.2,36.2,36.2,36.2,45.2,36.2,0.0,25.7,3.9,8.2,60.8,0.8,76.1,4.2,55.4,96.1,91.5,39.2,9.1,23.9,72.7,18.9,0.0,0.2,0.0,90.1,0.0,23.0,1600.0,16.00,16,18,18,36,74,560,1,49.6,49.3,45.2,38.4,37.3,35.2,44.0,33.5,46.0,34.4,35.4,35.4,34.8,30.1,1.188,0.994,1.200,15.035,5.905,15.037,21.216,40.057,1.977,1.305,1.398,3.710,0.188,4.239,1.020,17.886,5.868,23.754,40.041,1600.0,1600.0,4525.0,4525.0,4650.0,52.7,25.1,23.6,51.9,150.4,No,No,No,0.454,0.328,1.5,49.0,40.5,38.5,35.5,35.0,37.5,38.5,12.144,4.980,1.004,1.348,1.194,0.788,0.828,1.552,3.324,1.836,1297,710,546,555,1.057,1.250,39,39,48,79.0,100.0,No,No,80668,102288,0.6,0.9,1.4,1.804,6.135,17214,13307,47.8,70.0,57.7,68,68,68,68,68,66,66,68,68,83.0,0.825,12.123,12.240,12.108,12.086,12.059,1311,1361,208.608,70.210,147.645,11.824,71.511,64.273,60.558,147.645,60.590,13.906,53.935,310.000,350.000,1275.0,1156.5,1305.0,1275.0,1410.0,1245.0,1275.1,1154.9,1409.5,100.0,100.0,0.0,0.0,47.1,25.0,100.0,0.0,0.0,0.0,59,66,Yes,No,No,No,No,Yes,No,67.2,59.8,4,0,0,0,0,0,0,0,0,110,0,0,0,0,0,0,0,0,0,0,0,0,0,0,0,0,0,0,0,0,4337,3855,3685,112,16.0,2.9,39.4,1.9,1.9,1.9,1.9,2.9,39.0,1.9,1.9,1.9,1.9,345.65,533.13,25.37,17.28,533.64,533.64,0.56,345.15,345.65,0.00,133.03,1148,30,1699.7,43.1,0,0,0.0,0.0,0,
25.8.2026,15:54:39.183,10193,9060,52.9,6959,9350,42.6,0.1,2944,2,1.194,1.194,1.194,1.194,1.194,1.194,1.194,3921.7,3620.0,3620.0,4525.0,3620.0,4525.0,3620.0,100.0,529.9,138.5,25.0,201.4,85.8,285.5,2590.0,17.3,7.7,611.7,2262.4,78.1,54.8,529.9,12.0,3.1,0.3,5.1,2.5,6.9,56.9,0.1,0.0,14.0,49.5,3.8,1.7,56.9,12.0,14.2,2.8,0.7,5.3,2.2,7.6,70.0,0.4,0.2,16.4,61.1,2.0,1.3,14.2,39.2,36.2,36.2,45.2,36.2,45.2,36.2,0.0,23.6,3.6,6.9,63.4,0.6,63.6,3.3,56.6,96.4,93.1,36.6,6.4,36.4,70.9,19.8,0.0,0.0,0.0,93.0,0.0,25.8,1600.0,16.00,16,18,18,36,74,560,1,49.9,48.7,50.5,38.0,37.3,35.2,44.1,33.4,43.9,34.3,35.4,35.4,34.5,29.4,1.194,0.994,1.212,14.235,5.921,14.225,19.244,38.999,1.837,1.282,1.361,3.801,0.150,3.480,0.948,16.922,5.884,22.806,39.069,1600.0,1600.0,4521.1,4521.1,4650.0,51.4,23.7,21.4,51.2,153.1,No,No,No,0.378,0.288,1.4,49.0,40.5,39.0,35.5,35.5,38.0,39.0,12.144,4.970,1.004,1.348,1.158,0.788,0.828,1.554,3.324,1.836,1276,706,545,542,1.056,1.240,39,39,48,79.0,100.0,No,No,80668,102288,0.4,0.5,0.9,1.068,4.406,17216,13315,49.1,72.0,59.0,70,70,70,70,72,68,68,68,70,83.0,0.825,12.123,12.239,12.108,12.086,12.059,1313,1359,208.796,70.739,148.287,11.872,71.791,64.590,60.727,148.287,60.764,14.780,55.551,310.000,350.000,1275.0,1156.5,1305.0,1275.0,1410.0,1245.0,1274.7,1155.5,1410.0,100.0,100.0,0.0,0.0,47.1,19.9,79.5,0.0,0.0,0.0,59,66,Yes,No,No,No,No,Yes,No,67.4,80.6,4,0,0,0,0,0,0,0,0,110,0,0,0,0,0,0,0,0,0,0,0,0,0,0,0,0,0,0,0,0,4337,3855,3685,112,16.0,3.2,45.6,1.9,1.9,1.9,1.9,3.2,45.1,1.9,1.9,1.9,1.9,316.39,532.73,21.93,16.99,533.23,533.23,0.59,315.79,316.39,0.00,129.10,1151,30,1657.6,42.0,0,0,0.0,0.0,0,
25.8.2026,15:54:41.205,10210,9043,53.0,6976,9334,42.7,0.1,2944,2,1.194,1.194,1.194,1.194,1.194,1.194,1.194,3770.8,3620.0,3620.0,3620.0,3620.0,4525.0,3620.0,100.0,556.2,129.2,27.7,160.3,89.4,3842.6,102.2,24.7,6.0,878.4,1300.9,69.6,42.9,556.2,12.2,2.1,1.1,3.5,1.0,84.9,3.4,0.2,0.0,19.3,29.7,0.5,0.6,84.9,12.2,14.9,2.5,0.7,4.2,2.3,103.8,2.7,0.6,0.1,23.6,35.1,1.8,1.0,14.9,37.7,36.2,36.2,36.2,36.2,45.2,36.2,0.0,24.7,3.4,6.1,87.2,0.7,48.2,2.8,53.0,95.4,92.5,12.8,6.3,51.8,59.2,22.3,1.3,1.4,0.0,92.9,0.0,38.0,1600.0,16.00,16,18,18,36,74,560,1,50.8,49.1,45.2,38.4,37.7,35.2,46.9,33.5,42.9,34.1,35.5,35.5,32.8,29.1,1.188,0.994,1.200,14.479,5.892,14.489,19.594,39.388,1.884,1.261,1.309,4.305,0.148,3.481,0.801,17.191,5.855,23.047,39.336,1600.0,1600.0,4517.3,4517.3,4650.0,51.8,24.1,21.8,51.7,151.5,No,No,No,0.409,0.290,1.5,50.0,40.5,39.0,35.5,35.5,38.0,39.0,12.120,4.970,1.004,1.348,1.192,0.788,0.828,1.554,3.320,1.834,1288,708,545,542,1.056,1.263,39,39,48,79.0,100.0,No,No,80668,102288,0.4,0.6,1.0,1.298,4.580,17218,13324,45.8,60.0,56.0,59,60,58,58,60,58,58,58,60,83.0,0.825,12.177,12.271,12.159,12.137,12.140,1313,1362,148.371,30.308,64.535,2.749,32.173,29.589,34.295,64.535,34.318,2.099,8.479,310.000,350.000,1380.0,1187.7,1305.0,1275.0,1410.0,1245.0,1380.2,1186.8,1409.6,0.0,0.0,0.0,0.0,7.5,0.0,0.0,0.0,0.0,0.0,59,66,Yes,No,No,No,No,Yes,No,31.9,45.7,4,0,0,0,0,0,0,0,0,110,0,0,0,0,0,0,0,0,0,0,0,0,0,0,0,0,0,0,0,0,7576,616,446,36,16.0,2.6,10.9,1.9,1.9,1.9,1.9,2.6,10.8,1.9,1.9,1.9,1.9,383.06,533.47,91.49,83.38,533.47,533.47,0.55,382.43,383.06,0.00,155.55,1154,30,1474.4,39.0,0,0,0.0,0.0,0,
25.8.2026,15:54:43.208,5600,13653,29.0,6312,9997,38.7,0.1,2944,2,1.195,1.200,1.194,1.194,1.194,1.194,1.194,3770.8,3620.0,3620.0,4525.0,3620.0,3620.0,3620.0,100.0,434.9,289.9,168.7,175.4,66.0,2085.7,889.6,9.0,12.7,883.1,528.6,51.5,58.2,434.9,9.5,2.8,4.8,4.2,2.2,45.1,19.2,0.0,0.1,22.0,12.4,1.1,0.0,45.1,9.5,11.3,3.1,4.5,4.5,1.7,56.2,24.0,0.2,0.3,23.6,14.2,1.3,1.5,11.3,37.7,36.2,36.2,45.2,36.2,36.2,36.2,0.0,19.4,7.4,6.2,64.8,0.5,34.7,2.9,52.8,92.6,70.5,35.2,7.5,65.3,45.5,27.8,0.0,23.3,0.0,91.9,0.0,51.6,1600.0,16.00,16,18,18,36,74,560,1,51.0,46.4,51.8,37.6,37.8,35.0,45.3,33.5,40.0,34.0,35.4,35.4,35.2,29.5,1.194,0.994,1.206,13.255,5.960,13.249,13.806,38.112,1.698,1.374,1.155,4.167,0.163,2.614,0.714,15.915,5.922,21.838,38.155,1600.0,1600.0,4358.5,4358.5,4650.0,50.2,22.1,15.3,48.9,155.6,No,No,No,0.681,0.685,1.2,51.0,40.5,39.0,35.5,35.5,38.0,39.0,12.168,4.990,1.004,1.348,1.094,0.788,0.828,1.558,3.340,1.834,1351,691,546,543,1.056,1.248,39,39,48,79.0,100.0,No,No,80668,102288,0.2,0.4,0.6,0.612,4.967,17220,13333,44.1,54.0,53.4,54,54,52,54,54,54,54,52,54,83.0,0.756,12.187,12.276,12.166,12.150,12.156,1310,1359,89.813,22.544,47.925,2.271,24.417,21.215,25.357,47.925,25.374,1.656,6.753,310.000,350.000,1380.0,625.2,1215.0,1380.0,1320.0,1170.0,1379.8,624.6,1319.9,0.0,0.0,0.0,0.0,7.5,0.0,0.0,0.0,0.0,0.0,59,66,Yes,No,No,No,No,Yes,No,23.6,33.8,4,0,0,0,0,0,0,0,0,110,0,0,0,0,0,0,0,0,0,0,0,0,0,0,0,0,0,0,0,0,7576,616,446,36,16.0,5.7,60.7,2.0,1.9,1.9,1.9,5.7,60.0,2.0,1.9,1.9,1.9,174.84,504.00,16.46,16.45,516.54,516.54,0.35,174.50,174.84,0.00,152.63,1158,30,2009.6,52.8,0,0,0.0,0.0,0,
25.8.2026,15:54:45.217,5605,13648,29.1,6317,9992,38.7,0.1,2944,2,0.956,0.956,0.956,0.956,0.956,0.956,0.956,3675.0,3675.0,3675.0,3675.0,3675.0,3675.0,3675.0,100.0,133.7,90.0,4.9,42.0,22.6,175.0,646.6,3.0,1.8,204.7,384.2,11.1,18.6,133.7,3.1,1.8,0.0,0.2,0.5,4.8,14.4,0.0,0.8,4.8,8.6,0.3,1.2,14.4,3.1,3.5,1.8,0.1,1.0,0.6,4.6,17.4,0.1,0.0,5.3,10.3,0.3,0.5,3.5,36.8,36.8,36.8,36.8,36.8,36.8,36.8,0.0,6.1,2.4,1.7,18.6,0.1,13.2,0.7,49.8,97.0,26.2,81.4,0.3,86.8,7.0,44.1,0.6,72.1,0.0,99.5,0.0,92.3,1600.0,16.00,16,18,18,36,74,560,1,49.0,38.1,38.8,34.4,34.9,33.2,37.1,32.6,35.8,32.6,34.2,34.2,35.2,29.4,1.156,0.994,1.163,7.130,5.892,7.151,7.151,29.878,0.701,0.775,0.340,1.657,0.029,1.284,0.122,7.653,5.856,13.508,29.786,1600.0,1600.0,3900.4,3900.4,4650.0,39.2,11.9,7.9,40.2,179.9,No,No,No,0.241,0.133,0.4,48.0,40.5,39.0,35.5,35.5,38.0,39.0,12.168,4.990,1.004,1.348,1.168,0.788,0.828,1.562,3.344,1.836,1345,694,544,556,1.056,1.269,39,39,48,79.0,100.0,No,No,80668,102288,0.2,0.4,0.5,0.550,4.839,17221,13343,42.1,52.0,49.7,50,50,48,50,50,50,50,48,50,83.0,0.756,12.209,12.278,12.195,12.173,12.193,1311,1356,72.741,7.607,16.802,1.486,7.488,7.803,6.194,16.802,6.207,1.621,4.057,310.000,350.000,1380.0,101.2,1215.0,1379.0,1320.0,1170.0,1000.9,72.3,952.0,0.0,3.0,0.0,0.0,7.5,0.0,0.0,0.0,0.0,0.0,59,66,Yes,No,No,No,No,Yes,No,7.4,8.5,4,0,0,0,0,0,0,0,0,111,0,0,0,0,0,0,0,0,0,0,0,0,0,0,0,0,0,0,0,0,7576,616,446,36,5.0,2.1,2.6,1.8,1.8,1.8,1.8,2.1,2.6,1.8,1.8,1.8,1.8,483.40,549.27,386.03,383.63,549.93,549.93,0.37,483.06,483.40,0.00,94.20,1163,30,2546.7,65.4,0,0,0.0,0.0,0,
25.8.2026,15:54:47.218,5604,13649,29.1,6313,9996,38.7,0.1,2944,2,0.956,0.956,0.956,0.956,0.956,0.956,0.956,3656.7,3675.0,3675.0,3675.0,3675.0,3620.0,3620.0,100.0,108.0,77.0,2.2,20.6,14.8,137.8,411.4,1.9,0.8,71.1,541.5,4.5,12.9,108.0,2.8,1.7,2.5,1.4,0.0,3.4,9.3,0.2,0.9,1.9,12.3,0.0,0.0,12.3,2.8,2.8,1.6,0.1,0.5,0.4,3.6,11.0,0.0,0.0,1.8,14.5,0.1,0.3,2.8,36.6,36.8,36.8,36.8,36.8,36.2,36.2,0.0,5.0,2.1,1.0,12.3,0.1,13.9,0.4,48.5,97.9,23.0,82.0,0.2,86.1,1.8,46.5,0.0,76.0,5.7,99.7,0.0,97.8,1600.0,16.00,16,18,18,36,74,560,1,47.5,37.3,39.2,33.9,34.4,33.0,35.5,32.5,35.8,32.3,34.0,34.0,34.2,29.0,1.156,0.994,1.163,6.593,5.694,6.591,6.591,28.586,0.603,0.728,0.266,1.176,0.026,1.366,0.055,6.994,5.659,12.653,28.570,1600.0,1600.0,3875.3,3875.3,4650.0,37.6,11.0,7.3,39.3,191.1,No,No,No,0.194,0.097,0.3,47.0,40.5,38.5,35.5,35.5,38.0,38.5,12.168,5.000,1.004,1.348,1.098,0.788,0.826,1.562,3.352,1.836,1301,695,547,555,1.057,1.264,39,39,47,79.0,100.0,No,No,80668,102288,0.1,0.3,0.3,0.138,4.491,17221,13351,41.2,48.0,48.7,47,48,46,48,48,46,48,46,48,83.0,0.756,12.212,12.280,12.198,12.176,12.196,1289,1334,21.736,7.255,15.993,1.289,7.197,7.501,5.744,15.993,5.750,1.597,4.232,310.000,350.000,1380.0,101.2,1215.0,250.0,1320.0,1170.0,1043.4,75.7,964.2,0.0,7.0,0.0,0.0,7.5,0.0,0.0,0.0,0.0,0.0,47,51,Yes,No,No,No,No,Yes,No,7.4,7.6,4,0,0,0,0,0,0,0,0,111,0,0,0,0,0,0,0,0,0,0,0,0,0,0,0,0,0,0,0,0,7576,616,446,36,5.0,2.2,3.5,1.9,1.9,1.9,1.9,2.2,3.5,1.9,1.9,1.9,1.9,450.05,533.89,288.04,283.54,533.90,533.90,0.53,449.59,450.05,0.00,83.64,1167,30,1925.1,48.8,0,0,0.0,0.0,0,
25.8.2026,15:54:49.216,5603,13650,29.1,6309,10000,38.6,0.1,2944,2,0.956,0.956,0.956,0.956,0.956,0.956,0.956,3675.0,3675.0,3675.0,3675.0,3675.0,3675.0,3675.0,100.0,168.9,83.6,6.3,31.3,31.3,206.5,115.3,2.6,0.6,142.4,1381.3,17.4,8.5,168.9,4.0,1.9,0.0,0.0,1.7,5.1,2.9,1.0,0.0,3.4,30.9,0.6,0.4,30.9,4.0,4.5,1.7,0.2,0.8,0.8,5.4,3.0,0.1,0.0,3.7,37.2,0.4,0.2,4.5,36.8,36.8,36.8,36.8,36.8,36.8,36.8,0.0,7.7,2.3,1.7,7.7,0.1,34.0,0.6,48.3,97.7,29.0,92.3,0.2,66.0,4.3,44.0,0.0,69.4,0.0,99.7,0.0,95.1,1600.0,16.00,16,18,18,36,74,560,1,47.6,39.6,40.8,34.5,34.5,33.1,35.2,32.5,39.2,32.4,34.1,34.1,33.2,29.0,1.181,0.994,1.188,7.942,5.220,7.942,7.942,28.991,0.816,0.805,0.379,1.025,0.028,2.563,0.093,8.711,5.188,13.898,29.005,1600.0,1600.0,3982.4,3982.4,4650.0,38.2,13.2,8.8,41.7,176.5,No,No,No,0.302,0.153,0.5,46.0,40.5,38.5,35.5,35.5,38.0,38.5,12.168,5.000,1.004,1.348,1.172,0.786,0.826,1.560,3.352,1.834,1247,697,546,555,1.056,1.252,39,39,47,79.0,100.0,No,No,80668,102288,0.1,0.3,0.3,0.089,4.517,17221,13360,40.6,48.0,48.1,47,48,46,48,46,46,48,46,48,83.0,0.756,12.206,12.276,12.191,12.170,12.188,657,615,21.109,6.883,14.982,0.491,7.156,7.314,5.668,14.982,5.679,1.586,4.087,310.000,350.000,1380.0,101.2,1215.0,255.4,1320.0,1170.0,1002.2,72.4,951.7,0.0,2.0,0.0,0.0,7.5,0.0,0.0,0.0,0.0,0.0,0,0,Yes,No,No,No,No,Yes,No,7.2,7.6,4,0,0,0,0,0,0,0,0,111,0,0,0,0,0,0,0,0,0,0,0,0,0,0,0,0,0,0,0,0,7576,616,446,36,5.0,2.5,5.8,1.9,1.9,1.9,1.9,2.5,5.8,1.9,1.9,1.9,1.9,399.89,516.83,173.43,167.13,516.84,516.84,0.70,399.25,399.89,0.00,128.09,1171,30,2239.5,58.8,0,0,0.0,0.0,0,
25.8.2026,15:54:51.221,6270,12983,32.5,6597,9712,40.4,0.1,2944,2,1.191,1.206,1.188,1.188,1.188,1.188,1.188,3770.8,3620.0,3620.0,3620.0,3620.0,4525.0,3620.0,100.0,185.0,130.3,22.9,268.9,58.4,492.0,128.6,16.0,13.2,189.1,733.1,118.8,48.6,185.0,4.6,2.4,0.6,8.2,1.4,11.1,2.9,0.4,1.1,4.3,15.7,4.2,2.7,15.7,4.6,4.8,2.5,0.6,7.1,1.5,13.1,3.4,0.4,0.3,5.0,19.7,3.1,1.3,4.8,37.7,36.2,36.2,36.2,36.2,45.2,36.2,0.0,8.3,3.3,7.4,14.0,0.7,20.5,3.9,46.5,90.8,14.2,73.5,9.4,79.5,11.3,45.2,5.9,78.3,12.5,89.8,0.0,84.9,1600.0,16.00,16,18,18,36,74,560,1,47.0,37.1,45.0,34.3,34.4,33.7,35.2,32.8,36.6,33.0,33.9,33.9,33.2,29.3,1.188,0.994,1.194,7.361,5.226,7.349,7.349,28.190,0.805,0.786,0.603,1.171,0.175,1.702,0.392,7.957,5.194,13.151,28.270,1600.0,1600.0,3859.2,3859.2,4650.0,37.2,12.2,8.2,39.1,163.4,No,No,No,0.512,0.335,0.5,45.0,39.5,38.5,35.5,35.5,38.0,38.5,12.192,4.990,1.004,1.348,1.170,0.788,0.826,1.562,3.348,1.834,1269,718,546,542,1.057,1.269,39,39,47,79.0,100.0,No,No,80668,102288,0.1,0.2,0.4,0.105,4.188,17221,13368,46.4,58.0,56.6,59,58,58,60,58,60,58,58,60,83.0,0.825,12.119,12.238,12.102,12.081,12.055,0,0,31.591,69.929,146.834,10.855,71.682,64.271,60.022,146.834,60.057,13.150,55.660,310.000,350.000,1380.0,1156.5,1305.0,272.8,1410.0,1245.0,1380.0,1155.6,1409.8,100.0,100.0,0.0,0.0,47.1,0.0,0.0,0.0,0.0,0.0,0,0,Yes,No,No,No,No,Yes,No,66.7,80.1,4,0,0,0,0,0,0,0,0,112,0,0,0,0,0,0,0,0,0,0,0,0,0,0,0,0,0,0,0,0,4337,3855,3685,112,16.0,3.6,58.8,1.9,1.9,1.9,1.9,3.6,58.2,1.9,1.9,1.9,1.9,279.03,533.64,17.02,16.58,533.66,533.66,0.63,278.32,279.03,0.00,133.30,1174,30,1717.5,43.9,0,0,0.0,0.0,0,
25.8.2026,15:54:53.217,10224,9029,53.1,6952,9357,42.6,0.1,2944,2,1.193,1.188,1.194,1.194,1.194,1.194,1.194,3770.8,3620.0,3620.0,3620.0,3620.0,4525.0,3620.0,100.0,559.4,170.9,42.8,261.9,259.2,871.7,1077.4,45.8,11.6,583.0,3193.9,132.9,61.9,559.4,12.5,3.3,0.0,6.2,6.3,19.6,24.0,1.3,0.0,13.0,70.8,3.3,1.7,70.8,12.5,14.8,3.2,1.1,6.8,6.8,23.3,28.8,1.1,0.3,15.5,86.1,3.4,1.6,14.8,37.7,36.2,36.2,36.2,36.2,45.2,36.2,0.0,24.9,4.4,12.4,43.2,1.5,83.3,4.7,53.8,95.6,82.2,56.8,25.0,16.7,46.4,21.3,0.1,5.4,0.0,73.5,0.0,48.8,1600.0,16.00,16,18,18,36,74,560,1,48.9,48.1,45.8,38.3,37.1,36.0,41.6,33.9,46.9,34.4,35.6,35.6,34.8,29.8,1.188,0.994,1.200,15.748,5.511,15.748,19.408,39.717,2.129,1.328,1.629,3.428,0.395,5.180,0.817,18.654,5.477,24.131,39.750,1600.0,1600.0,4520.7,4520.7,4650.0,52.3,26.2,21.6,50.6,145.6,No,No,No,0.765,0.514,1.5,48.0,40.5,38.5,35.5,35.5,38.0,38.5,12.144,4.970,1.004,1.348,1.176,0.788,0.826,1.552,3.320,1.834,1225,712,544,541,1.056,1.249,39,39,48,79.0,100.0,No,No,80668,102288,0.1,0.2,0.2,0.040,2.594,17221,13373,48.1,68.0,58.0,67,68,68,68,68,66,66,66,68,83.0,0.825,12.123,12.241,12.107,12.086,12.058,0,0,207.703,70.398,147.560,10.907,72.001,64.625,60.435,147.560,60.475,13.926,56.096,310.000,350.000,1380.0,1156.5,1305.0,1380.0,1410.0,1245.0,1380.7,1155.4,1410.3,100.0,100.0,0.0,0.0,47.1,25.0,100.0,0.0,0.0,0.0,0,0,Yes,No,No,No,No,Yes,No,67.1,80.5,4,0,0,0,0,0,0,0,0,112,0,0,0,0,0,0,0,0,0,0,0,0,0,0,0,0,0,0,0,0,4337,3855,3685,112,16.0,3.0,40.4,1.8,1.8,1.8,1.8,3.0,39.5,1.8,1.8,1.8,1.8,338.83,547.93,24.77,16.95,549.92,549.92,0.66,338.25,338.83,0.00,183.46,1178,30,1717.6,44.2,0,0,0.0,0.0,0,
25.8.2026,15:54:55.238,10240,9013,53.1,6969,9340,42.7,0.1,2944,2,1.190,1.169,1.194,1.194,1.194,1.194,1.194,3770.8,3620.0,3620.0,4525.0,3620.0,3620.0,3620.0,100.0,570.3,119.8,18.2,275.0,116.0,255.4,3578.6,27.7,7.4,257.3,2087.5,70.6,30.0,570.3,12.5,2.0,3.0,5.9,2.2,4.5,79.0,0.0,0.0,5.4,46.0,1.9,0.2,79.0,12.5,15.3,2.5,0.5,7.3,3.0,6.9,96.7,0.7,0.2,6.8,56.4,1.8,0.8,15.3,37.7,36.2,36.2,45.2,36.2,36.2,36.2,0.0,25.4,3.2,9.1,84.6,0.9,52.1,2.5,49.9,96.8,90.9,15.4,10.3,47.9,37.8,24.8,0.0,0.0,0.0,88.8,0.0,59.7,1600.0,16.00,16,18,18,36,74,560,1,50.1,49.0,44.5,38.3,37.6,35.5,46.3,33.4,43.4,33.7,35.4,35.4,34.5,29.3,1.188,0.994,1.200,14.801,5.913,14.799,19.223,39.699,1.895,1.265,1.438,4.188,0.198,3.709,0.573,17.541,5.876,23.417,39.695,1600.0,1600.0,4522.0,4522.0,4650.0,52.2,24.7,21.4,51.6,153.7,No,No,No,0.419,0.296,1.5,49.0,40.5,38.5,35.5,35.5,38.0,38.5,12.144,4.970,1.004,1.348,1.190,0.788,0.826,1.552,3.324,1.834,1257,712,543,553,1.056,1.241,39,39,48,79.0,100.0,No,No,80668,102288,0.1,0.4,0.5,0.089,4.387,17221,13381,48.8,70.0,58.7,68,68,68,68,70,68,68,68,68,83.0,0.825,12.120,12.239,12.104,12.081,12.055,0,0,208.109,70.381,147.403,10.819,71.922,64.612,60.373,147.403,60.406,14.464,56.023,310.000,350.000,1380.0,1156.5,1305.0,1380.0,1410.0,1245.0,1380.0,1155.3,1410.0,100.0,100.0,0.0,0.0,47.1,25.0,100.0,0.0,0.0,0.0,0,0,Yes,No,No,No,No,Yes,No,66.9,80.5,4,0,0,0,0,0,0,0,0,112,0,0,0,0,0,0,0,0,0,0,0,0,0,0,0,0,0,0,0,0,4337,3855,3685,112,16.0,2.2,3.0,1.9,1.9,1.9,1.9,2.2,3.0,1.9,1.9,1.9,1.9,461.18,533.12,337.24,333.95,533.46,533.46,0.46,460.73,461.18,0.00,77.52,1181,30,1757.2,44.7,0,0,0.0,0.0,0,
25.8.2026,15:54:57.250,10155,9099,52.7,6923,9386,42.4,0.1,2944,2,1.261,1.256,1.262,1.262,1.262,1.262,1.262,3875.0,3720.0,3720.0,3720.0,3720.0,4650.0,3720.0,100.0,572.4,205.0,75.5,215.7,145.6,1097.5,393.3,49.4,29.6,2357.6,2086.8,109.8,103.5,572.4,13.1,4.2,1.8,5.3,3.5,25.8,9.6,2.6,2.1,51.2,46.1,2.6,2.4,51.2,13.1,15.2,4.3,1.9,5.6,3.7,29.5,10.3,1.2,0.6,63.5,56.3,2.7,2.6,15.2,38.8,37.2,37.2,37.2,37.2,46.5,37.2,0.0,24.7,5.4,7.8,32.3,1.5,96.9,4.2,52.3,94.6,91.8,67.7,13.5,3.1,43.0,23.0,0.0,0.4,0.0,84.9,0.0,52.8,1600.0,16.00,16,18,18,36,74,560,1,50.9,49.4,48.0,38.3,37.1,35.5,40.4,33.7,49.2,34.2,35.5,35.5,34.0,29.4,1.212,0.994,1.225,14.726,5.895,14.707,18.675,39.737,1.961,1.432,1.479,2.675,0.305,5.080,0.793,17.756,5.858,23.614,39.878,1600.0,1600.0,4553.9,4553.9,4650.0,52.5,24.5,20.7,52.1,150.4,No,No,No,0.499,0.357,1.5,50.0,40.5,39.0,36.0,35.5,37.5,39.0,12.120,4.970,1.004,1.348,1.256,0.790,0.824,1.554,3.324,1.834,1284,724,542,553,1.056,1.271,39,39,47,79.0,100.0,No,No,80668,102288,0.2,0.3,0.4,0.294,4.584,17222,13390,49.6,70.0,59.5,69,68,70,70,70,68,68,68,70,83.0,0.825,12.122,12.240,12.105,12.084,12.056,0,0,208.139,70.487,147.887,10.894,72.111,64.832,60.631,147.887,60.670,13.256,56.216,310.000,350.000,1380.0,1156.5,1305.0,1380.0,1410.0,1245.0,1380.3,1155.1,1410.3,83.0,97.0,0.0,0.0,47.1,19.8,79.3,0.0,0.0,0.0,0,0,Yes,No,No,No,No,Yes,No,67.3,81.0,4,0,0,0,0,0,0,0,0,112,0,0,0,0,0,0,0,0,0,0,0,0,0,0,0,0,0,0,0,0,4337,3855,3685,112,16.0,2.3,4.2,1.9,1.9,1.9,1.9,2.3,4.2,1.9,1.9,1.9,1.9,433.36,533.43,239.32,233.92,533.43,533.43,0.65,432.70,433.36,0.00,105.62,1185,30,2039.1,53.8,0,0,0.0,0.0,0,
25.8.2026,15:54:59.262,10156,9097,52.7,6932,9377,42.5,0.1,2944,2,1.194,1.194,1.194,1.194,1.194,1.194,1.194,3770.8,3620.0,3620.0,4525.0,3620.0,3620.0,3620.0,100.0,537.2,265.1,29.7,183.3,74.8,2855.2,31.2,33.5,13.4,2074.3,754.3,71.9,59.1,537.2,11.9,5.8,0.1,4.5,2.0,63.5,0.1,1.0,0.0,46.1,17.0,1.8,0.8,63.5,11.9,14.3,6.2,0.7,4.8,1.8,77.1,0.8,0.8,0.3,55.9,20.3,1.8,1.5,14.3,37.7,36.2,36.2,45.2,36.2,36.2,36.2,0.0,23.9,6.5,6.3,63.9,1.1,62.6,3.1,50.8,91.3,93.7,36.1,8.7,37.4,37.8,25.2,2.2,0.0,0.0,90.2,0.0,59.1,1600.0,16.00,16,18,18,36,74,560,1,50.8,48.5,48.5,37.9,37.3,35.0,43.7,33.4,44.0,33.8,35.3,35.3,34.5,29.3,1.188,0.994,1.200,13.992,5.895,14.010,17.632,38.801,1.793,1.382,1.332,3.456,0.213,3.762,0.610,16.570,5.858,22.429,38.735,1600.0,1600.0,4521.2,4521.2,4650.0,51.0,23.3,19.6,51.0,153.5,No,No,No,0.398,0.339,1.4,50.0,40.5,39.0,35.5,35.5,37.5,39.0,12.144,4.970,1.004,1.348,1.182,0.790,0.826,1.554,3.324,1.834,1308,707,542,554,1.056,1.257,39,39,47,79.0,100.0,No,No,80668,102288,0.1,0.4,0.5,0.251,5.618,17223,13401,46.2,58.0,56.3,58,58,56,58,58,58,58,56,58,83.0,0.819,12.177,12.272,12.157,12.137,12.141,0,0,129.244,30.091,63.934,2.160,32.167,29.578,34.347,63.934,34.375,2.040,8.282,310.000,350.000,1485.0,1187.7,1305.0,1394.8,1410.0,1245.0,1485.9,1186.5,1410.0,0.0,0.0,0.0,0.0,7.5,0.0,0.0,0.0,0.0,0.0,0,0,Yes,No,No,No,No,Yes,No,31.7,45.9,4,0,0,0,0,0,0,0,0,112,0,0,0,0,0,0,0,0,0,0,0,0,0,0,0,0,0,0,0,0,7576,616,446,36,16.0,3.4,51.8,1.9,1.9,1.9,1.9,3.4,50.8,1.9,1.9,1.9,1.9,295.52,532.70,19.30,16.62,533.20,533.20,0.57,294.95,295.52,0.00,133.23,1190,31,2518.4,64.9,0,0,0.0,0.0,0,
25.8.2026,15:55:1.276,5570,13683,28.9,6295,10014,38.5,0.1,2944,2,1.148,0.956,1.181,1.188,1.188,1.188,1.188,4383.3,3675.0,4525.0,4525.0,4525.0,4525.0,4525.0,100.0,390.6,285.7,164.4,149.7,75.7,1936.6,106.8,5.9,14.1,325.8,1541.1,45.5,35.9,390.6,8.7,3.0,4.6,3.7,1.9,43.1,3.4,0.3,0.0,7.6,34.2,1.2,1.8,43.1,8.7,10.1,3.0,4.4,3.9,1.9,52.2,2.8,0.1,0.4,8.5,41.5,1.1,0.9,10.1,43.8,36.8,45.2,45.2,45.2,45.2,45.2,0.0,17.0,6.9,5.5,45.5,0.5,41.5,2.0,50.6,93.1,66.0,54.5,3.6,58.5,28.0,32.4,0.0,28.5,0.0,95.9,0.0,70.1,1600.0,16.00,16,18,18,36,74,560,1,49.9,43.7,41.5,36.3,36.3,34.3,40.5,32.9,40.9,33.1,34.7,34.7,35.2,29.9,1.181,0.994,1.194,11.489,5.934,11.493,11.493,35.606,1.407,1.185,0.969,2.658,0.091,3.106,0.433,13.260,5.897,19.157,35.479,1600.0,1600.0,4243.0,4243.0,4650.0,46.7,19.2,12.8,46.0,156.4,No,No,No,0.635,0.629,1.0,50.0,39.5,39.0,36.0,35.5,37.5,39.0,12.168,4.990,1.004,1.348,0.996,0.790,0.826,1.558,3.336,1.834,1351,723,542,556,1.056,1.247,39,39,48,79.0,100.0,No,No,80668,102288,0.4,0.6,1.0,0.936,7.489,17224,13415,43.4,52.0,51.2,51,52,50,52,52,50,52,50,50,83.0,0.787,12.213,12.283,12.198,12.176,12.196,0,0,74.164,7.366,15.869,0.553,7.258,8.036,5.940,15.869,5.947,1.838,4.983,310.000,350.000,1485.0,101.2,1305.0,1484.9,1410.0,1245.0,1065.3,71.4,1008.4,0.0,1.0,0.0,0.0,7.5,0.0,0.0,0.0,0.0,0.0,0,0,Yes,No,No,No,No,Yes,No,7.0,9.1,4,0,0,0,0,0,0,0,0,113,0,0,0,0,0,0,0,0,0,0,0,0,0,0,0,0,0,0,0,0,7576,616,446,36,5.0,3.0,40.3,1.8,1.8,1.8,1.8,3.0,40.0,1.8,1.8,1.8,1.8,333.21,547.11,24.79,17.28,549.42,549.42,0.41,332.82,333.21,0.00,355.17,1196,31,2936.8,73.2,0,0,0.0,0.0,0,
25.8.2026,15:55:3.290,5572,13682,28.9,6290,10019,38.5,0.1,2944,2,0.956,0.956,0.956,0.956,0.956,0.956,0.956,3665.8,3675.0,3675.0,3675.0,3675.0,3675.0,3620.0,100.0,176.7,89.5,4.2,46.7,26.2,339.1,132.6,3.2,2.5,111.9,1335.3,12.8,15.9,176.7,3.7,1.7,0.0,0.0,0.0,7.6,2.9,0.0,0.0,2.5,29.5,0.0,0.0,29.5,3.7,4.7,1.9,0.1,1.2,0.6,9.1,3.5,0.1,0.1,2.9,36.0,0.3,0.4,4.7,36.7,36.8,36.8,36.8,36.8,36.8,36.2,0.0,8.0,2.4,1.9,10.8,0.2,32.0,0.8,48.3,97.3,35.0,85.1,0.5,68.0,3.9,43.7,0.3,63.0,4.1,99.4,0.0,95.3,1600.0,16.00,16,18,18,36,74,560,1,48.6,39.4,39.0,34.2,34.2,32.9,35.2,32.2,38.4,32.1,33.7,33.7,34.2,28.8,1.156,0.994,1.163,8.018,5.529,8.031,8.031,30.004,0.833,0.804,0.440,1.207,0.033,2.419,0.096,8.821,5.495,14.316,29.991,1600.0,1600.0,3992.8,3992.8,4650.0,39.5,13.4,8.9,41.5,174.7,No,No,No,0.325,0.164,0.5,48.0,39.5,39.0,35.5,35.5,37.5,39.0,12.168,5.000,1.004,1.348,1.078,0.790,0.824,1.560,3.352,1.834,1328,710,545,557,1.056,1.267,39,39,47,79.0,100.0,No,No,80668,102288,0.4,0.5,0.9,0.703,5.082,17226,13425,42.9,50.0,50.6,48,50,48,48,48,48,50,46,48,83.0,0.787,12.213,12.282,12.197,12.175,12.195,0,0,21.713,7.247,15.698,0.516,7.245,7.926,5.781,15.698,5.790,1.830,4.741,310.000,350.000,1485.0,101.2,1305.0,281.6,1410.0,1245.0,1069.0,71.8,1013.0,0.0,1.0,0.0,0.0,7.5,0.0,0.0,0.0,0.0,0.0,0,0,Yes,No,No,No,No,Yes,No,6.9,7.8,4,0,0,0,0,0,0,0,0,113,0,0,0,0,0,0,0,0,0,0,0,0,0,0,0,0,0,0,0,0,7576,616,446,36,5.0,3.1,17.6,2.1,2.1,2.1,2.1,3.1,17.3,2.1,2.1,2.1,2.1,322.26,483.07,56.93,50.01,484.08,484.08,0.54,321.88,322.26,0.00,322.79,1201,31,2423.6,59.6,0,0,0.0,0.0,0,
25.8.2026,15:55:5.304,5551,13703,28.8,6269,10040,38.4,0.1,2944,2,0.956,0.956,0.956,0.956,0.956,0.956,0.956,3647.5,3675.0,3675.0,3675.0,3620.0,3620.0,3620.0,100.0,113.8,80.1,5.3,29.8,22.8,160.3,149.5,2.6,1.7,184.7,708.7,13.6,6.1,113.8,4.7,1.6,0.0,1.5,0.5,3.8,3.4,0.0,25.6,4.3,15.9,0.3,0.0,25.6,4.7,3.0,1.6,0.1,0.7,0.6,4.2,4.0,0.1,0.0,4.8,19.0,0.3,0.1,3.0,36.5,36.8,36.8,36.8,36.2,36.2,36.2,0.0,5.2,2.2,1.4,7.2,0.1,20.1,0.5,48.6,95.4,22.8,90.1,0.9,79.1,3.1,46.2,2.5,75.8,2.6,99.0,0.8,96.4,1600.0,16.00,16,18,18,36,74,560,1,46.9,36.7,38.0,33.3,33.6,32.5,34.1,31.9,36.0,31.8,33.4,33.4,32.0,28.6,1.156,0.994,1.163,6.601,5.189,6.600,6.600,27.235,0.611,0.703,0.279,0.902,0.034,1.677,0.068,7.012,5.157,12.169,27.262,1600.0,1600.0,3879.5,3879.5,4650.0,35.9,11.0,7.3,38.7,189.2,No,No,No,0.206,0.109,0.3,47.0,39.5,38.5,36.0,35.5,37.5,38.5,12.168,5.000,1.004,1.348,0.990,0.790,0.824,1.562,3.352,1.834,1293,729,545,555,1.057,1.255,39,39,47,79.0,100.0,No,No,80668,102288,0.2,0.3,0.4,0.278,4.569,17226,13434,42.7,48.0,50.4,48,48,48,48,48,48,48,46,48,83.0,0.787,12.208,12.279,12.192,12.172,12.190,0,0,21.347,7.524,16.406,0.589,7.535,8.265,5.876,16.406,5.877,1.831,4.930,310.000,350.000,1485.0,1187.7,1305.0,278.9,1410.0,1245.0,1485.0,1186.2,1409.7,0.0,1.0,0.0,0.0,7.5,0.0,0.0,0.0,0.0,0.0,0,0,Yes,No,No,No,No,Yes,No,7.2,31.7,4,0,0,0,0,0,0,0,0,113,0,0,0,0,0,0,0,0,0,0,0,0,0,0,0,0,0,0,0,0,7574,618,454,37,16.0,2.8,38.7,1.9,1.9,1.9,1.9,2.8,38.2,1.9,1.9,1.9,1.9,353.93,533.40,25.84,17.29,533.41,533.41,0.65,353.27,353.93,0.00,132.99,1205,31,2410.2,61.9,0,0,0.0,0.0,0,
25.8.2026,15:55:7.320,5575,13678,28.9,6301,10008,38.6,0.1,2944,2,0.969,0.969,0.969,0.969,0.969,0.969,0.969,3675.0,3675.0,3675.0,3675.0,3675.0,3675.0,3675.0,100.0,263.8,161.3,26.6,200.4,53.8,854.5,359.3,21.4,13.1,697.1,634.0,90.9,53.0,263.8,6.5,3.3,0.8,4.7,1.4,19.4,7.5,0.0,8.3,15.0,14.3,2.3,1.4,19.4,6.5,6.9,3.2,0.7,5.2,1.3,22.9,9.6,0.5,0.3,18.6,16.9,2.3,1.3,6.9,36.8,36.8,36.8,36.8,36.8,36.8,36.8,0.0,11.6,4.1,5.9,26.2,0.7,29.5,3.3,51.3,95.9,40.6,73.8,6.3,70.5,20.7,37.1,0.0,53.5,0.0,92.9,0.0,76.0,1600.0,16.00,16,18,18,36,74,560,1,47.0,39.2,39.8,34.5,34.6,33.2,37.4,32.2,37.4,32.4,33.5,33.5,34.2,28.4,1.181,0.994,1.188,9.344,5.294,9.343,9.343,30.910,1.093,0.928,0.724,2.157,0.137,2.192,0.421,10.423,5.261,15.685,30.937,1600.0,1600.0,4011.7,4011.7,4650.0,40.7,15.6,10.4,41.3,158.0,No,No,No,0.454,0.257,0.7,46.0,40.5,38.5,36.0,35.5,37.5,38.5,12.168,4.990,1.004,1.348,1.188,0.790,0.824,1.562,3.356,1.834,1265,719,545,543,1.056,1.245,39,39,48,79.0,100.0,No,No,80668,102288,0.2,0.5,0.7,0.473,7.075,17227,13447,46.1,54.0,56.1,54,54,54,54,54,54,54,52,54,83.0,0.825,12.176,12.272,12.156,12.135,12.139,0,0,98.269,30.136,64.170,2.172,32.226,29.732,34.075,64.170,34.094,2.119,8.462,310.000,350.000,1485.0,1187.7,1305.0,1485.0,1410.0,1245.0,1485.8,1186.3,1409.8,0.0,0.0,0.0,0.0,7.5,0.0,0.0,0.0,0.0,0.0,0,0,Yes,No,No,No,No,Yes,No,31.7,45.3,4,0,0,0,0,0,0,0,0,114,0,0,0,0,0,0,0,0,0,0,0,0,0,0,0,0,0,0,0,0,7576,616,446,36,16.0,2.3,4.2,1.9,1.9,1.9,1.9,2.3,4.2,1.9,1.9,1.9,1.9,433.10,533.52,238.73,233.32,533.53,533.53,0.65,432.39,433.10,0.00,105.55,1211,31,2832.3,71.0,0,0,0.0,0.0,0,
25.8.2026,15:55:9.333,6750,12503,35.0,6793,9516,41.6,0.1,2944,2,1.167,1.188,1.163,1.163,1.163,1.163,1.163,3770.8,3620.0,3620.0,4525.0,3620.0,3620.0,3620.0,100.0,344.7,110.1,25.7,174.0,371.3,540.9,869.4,11.9,9.5,1043.4,829.8,53.4,97.1,344.7,7.6,1.9,0.6,4.7,8.3,10.8,19.8,1.0,0.2,23.8,17.7,0.4,1.5,23.8,7.6,9.1,2.0,0.7,4.5,9.9,14.5,23.2,0.3,0.2,28.0,22.1,1.3,2.5,9.1,37.7,36.2,36.2,45.2,36.2,36.2,36.2,0.0,15.4,2.8,12.6,31.2,0.5,41.7,3.7,51.4,94.5,44.8,64.9,9.3,57.6,37.4,33.2,2.7,42.6,3.9,90.1,0.7,58.9,1600.0,16.00,16,18,18,36,74,560,1,47.1,40.5,42.2,35.3,34.9,34.4,37.9,32.5,39.3,33.0,33.9,33.9,33.8,29.0,1.181,0.994,1.194,11.195,5.940,11.180,11.180,34.926,1.436,0.980,1.288,2.489,0.147,3.066,0.644,12.809,5.903,18.712,35.022,1600.0,1600.0,4161.6,4161.6,4650.0,46.1,18.6,12.4,42.6,148.0,No,No,No,0.776,0.512,0.9,48.0,39.5,39.0,36.0,35.5,37.5,38.5,12.168,4.990,1.004,1.348,1.178,0.790,0.826,1.558,3.340,1.834,1218,733,546,555,1.056,1.251,39,39,47,79.0,100.0,No,No,80668,102288,0.1,0.3,0.3,0.077,3.413,17227,13454,50.3,68.0,60.1,67,66,68,68,68,66,66,66,68,83.0,0.819,12.119,12.238,12.102,12.081,12.055,0,0,170.525,70.119,146.979,10.647,71.779,64.515,60.345,146.979,60.377,13.461,55.991,310.000,350.000,1485.0,1156.5,1305.0,1485.0,1410.0,1245.0,1485.5,1155.1,1409.7,100.0,100.0,0.0,0.0,47.1,0.0,0.0,0.0,0.0,0.0,0,0,Yes,No,No,No,No,Yes,No,66.9,80.6,4,0,0,0,0,0,0,0,0,114,0,0,0,0,0,0,0,0,0,0,0,0,0,0,0,0,0,0,0,0,4337,3855,3685,112,16.0,2.5,8.0,1.8,1.8,1.8,1.8,2.5,8.0,1.8,1.8,1.8,1.8,394.38,549.23,124.42,117.21,549.89,549.89,0.33,394.05,394.38,0.00,166.69,1214,31,1373.8,34.2,0,0,0.0,0.0,0,
25.8.2026,15:55:11.349,10191,9062,52.9,6926,9383,42.4,0.1,2944,2,1.173,1.194,1.169,1.169,1.169,1.169,1.169,3770.8,3620.0,3620.0,4525.0,3620.0,3620.0,3620.0,100.0,541.1,168.9,30.1,200.1,107.8,223.5,3392.8,16.5,12.5,296.5,1887.8,99.1,57.6,541.1,12.1,3.5,0.9,4.0,2.6,5.2,75.0,0.0,0.0,6.7,42.4,2.4,2.9,75.0,12.1,14.4,3.4,0.7,5.1,2.7,5.9,91.6,0.4,0.3,7.8,50.9,2.5,1.4,14.4,37.7,36.2,36.2,45.2,36.2,36.2,36.2,0.0,24.0,4.4,7.3,79.9,0.7,48.3,3.7,51.8,95.6,92.7,20.1,10.8,51.7,39.9,24.1,0.0,0.0,0.0,88.5,0.0,56.3,1600.0,16.00,16,18,18,36,74,560,1,48.2,47.3,46.5,37.2,36.6,34.4,44.7,32.7,41.4,33.1,34.5,34.5,34.0,29.1,1.169,0.994,1.175,14.184,5.902,14.186,17.714,38.932,1.853,1.276,1.356,4.201,0.194,3.436,0.657,16.760,5.865,22.625,38.926,1600.0,1600.0,4518.1,4518.1,4650.0,51.2,23.6,19.7,49.8,150.1,No,No,No,0.520,0.388,1.4,49.0,39.5,39.0,35.5,35.5,37.5,39.0,12.144,4.970,1.004,1.348,1.176,0.792,0.826,1.554,3.328,1.834,1295,706,543,552,1.056,1.246,39,39,47,79.0,100.0,No,No,80668,102288,0.1,0.3,0.4,0.187,3.456,17228,13460,51.0,70.0,60.9,69,70,70,70,70,68,68,68,70,83.0,0.819,12.124,12.242,12.108,12.087,12.059,0,0,204.250,70.376,147.645,10.748,72.101,64.738,60.690,147.645,60.723,12.967,56.123,310.000,350.000,1485.0,1156.5,1305.0,1485.0,1410.0,1245.0,1484.8,1155.7,1410.7,100.0,100.0,0.0,0.0,47.1,25.0,100.0,0.0,0.0,0.0,0,0,Yes,No,No,No,No,Yes,No,67.2,81.0,4,0,0,0,0,0,0,0,0,114,0,0,0,0,0,0,0,0,0,0,0,0,0,0,0,0,0,0,0,0,4337,3855,3685,112,16.0,2.7,23.7,1.8,1.8,1.8,1.8,2.7,23.3,1.8,1.8,1.8,1.8,366.33,549.18,42.20,33.49,549.84,549.84,0.76,365.75,366.33,0.00,183.17,1217,31,1754.5,46.9,0,0,0.0,0.0,0,
25.8.2026,15:55:13.358,10152,9101,52.7,6927,9383,42.4,0.1,2944,2,1.169,1.169,1.169,1.169,1.169,1.169,1.169,3770.8,3620.0,3620.0,3620.0,3620.0,4525.0,3620.0,100.0,509.8,112.4,21.5,126.6,55.7,288.5,2390.3,20.7,5.2,155.9,2855.5,61.4,23.6,509.8,11.4,2.2,0.6,3.9,1.4,8.0,51.7,0.5,0.2,3.1,64.9,0.7,0.0,64.9,11.4,13.6,2.2,0.6,3.3,1.4,7.7,64.6,0.5,0.1,4.1,77.1,1.6,0.6,13.6,37.7,36.2,36.2,36.2,36.2,45.2,36.2,0.0,22.9,3.0,4.7,58.2,0.6,68.6,2.1,49.5,97.0,92.1,41.8,5.4,31.4,29.2,27.7,0.0,3.3,0.0,94.0,0.0,68.7,1600.0,16.00,16,18,18,36,74,560,1,49.5,48.4,44.2,37.1,36.5,34.0,43.6,32.4,43.3,32.7,34.5,34.5,32.2,28.1,1.163,0.994,1.175,13.930,5.881,13.930,16.554,38.909,1.765,1.282,1.245,3.862,0.128,3.590,0.483,16.797,5.845,22.641,38.910,1600.0,1600.0,4562.4,4562.4,4650.0,51.2,23.2,18.4,51.0,158.0,No,No,No,0.320,0.272,1.4,49.0,39.5,39.0,35.5,35.5,37.5,39.0,12.144,4.970,1.004,1.348,1.246,0.792,0.826,1.554,3.324,1.834,1317,708,543,553,1.056,1.266,39,39,47,79.0,100.0,No,No,80668,102288,0.1,0.1,0.2,0.073,2.218,17228,13465,51.8,72.0,61.7,71,72,70,72,72,70,70,70,70,83.0,0.819,12.125,12.243,12.110,12.089,12.060,0,0,205.009,70.573,147.706,10.786,72.053,64.819,60.660,147.706,60.692,14.487,56.249,310.000,350.000,1485.0,1156.5,1305.0,1485.0,1410.0,1245.0,1484.8,1155.1,1409.9,100.0,100.0,0.0,0.0,47.1,25.0,100.0,0.0,0.0,0.0,0,0,Yes,No,No,No,No,Yes,No,67.2,81.2,4,0,0,0,0,0,0,0,0,114,0,0,0,0,0,0,0,0,0,0,0,0,0,0,0,0,0,0,0,0,4337,3855,3685,112,16.0,3.1,40.5,1.9,1.9,1.9,1.9,3.1,40.0,1.9,1.9,1.9,1.9,327.43,531.10,24.71,17.22,533.11,533.11,0.57,326.88,327.43,0.00,177.62,1220,31,1455.5,38.8,0,0,0.0,0.0,0,
25.8.2026,15:55:15.379,10159,9094,52.7,6931,9379,42.4,0.1,2944,2,1.261,1.262,1.262,1.262,1.262,1.262,1.256,3875.0,3720.0,3720.0,4650.0,3720.0,3720.0,3720.0,100.0,543.6,147.6,23.1,223.3,124.7,4486.1,12.1,21.8,10.6,481.1,856.2,116.0,20.9,543.6,12.5,2.4,1.5,4.9,3.2,98.5,0.0,1.4,1.2,11.2,19.5,4.5,2.2,98.5,12.5,14.5,3.0,0.6,5.9,3.3,121.2,0.3,0.6,0.3,12.8,22.6,3.0,0.5,14.5,38.8,37.2,37.2,46.5,37.2,37.2,37.2,0.0,24.4,3.9,8.6,98.6,0.8,31.0,3.5,49.4,96.1,91.4,1.4,9.1,69.0,29.4,26.2,0.0,0.0,0.0,90.1,0.0,67.1,1600.0,16.00,16,18,18,36,74,560,1,49.8,47.9,51.2,37.2,37.0,34.5,47.3,32.5,39.1,32.8,34.4,34.4,34.0,29.2,1.256,0.994,1.269,14.277,5.895,14.262,17.814,39.146,1.837,1.319,1.463,4.778,0.186,2.717,0.558,17.128,5.858,22.986,39.241,1600.0,1600.0,4551.7,4551.7,4650.0,51.6,23.8,19.8,50.5,155.0,No,No,No,0.384,0.305,1.5,50.0,39.5,39.0,35.5,35.5,37.5,39.0,12.168,4.980,1.004,1.348,1.180,0.792,0.826,1.552,3.324,1.834,1288,719,542,554,1.056,1.246,39,39,47,79.0,100.0,No,No,80668,102288,0.2,0.4,0.6,0.315,5.736,17228,13476,52.2,72.0,62.2,72,72,72,72,72,70,72,70,72,83.0,0.819,12.124,12.243,12.108,12.088,12.058,0,0,204.735,70.512,147.839,10.810,72.213,64.767,60.725,147.839,60.759,13.331,56.324,310.000,350.000,1485.0,1156.5,1305.0,1485.0,1410.0,1245.0,1484.7,1155.5,1410.2,100.0,100.0,0.0,0.0,47.1,20.0,79.8,0.0,0.0,0.0,0,0,Yes,No,No,No,No,Yes,No,67.3,81.0,4,0,0,0,0,0,0,0,0,114,0,0,0,0,0,0,0,0,0,0,0,0,0,0,0,0,0,0,0,0,4337,3855,3685,112,16.0,2.1,3.0,1.9,1.9,1.9,1.9,2.1,3.0,1.9,1.9,1.9,1.9,466.55,533.37,337.02,333.42,533.37,533.37,0.47,466.10,466.55,0.00,77.46,1224,31,1854.6,49.6,0,0,0.0,0.0,0,
25.8.2026,15:55:17.389,5559,13694,28.8,6282,10027,38.5,0.1,2944,2,1.234,1.256,1.250,1.250,1.238,1.206,1.206,3861.7,3720.0,3720.0,4650.0,3720.0,3680.0,3680.0,100.0,565.8,161.7,34.5,176.2,134.2,4283.3,26.5,11.9,16.7,654.4,1163.7,87.4,38.6,565.8,13.0,3.1,0.9,4.5,3.5,92.2,1.4,0.0,1.2,14.1,32.2,2.2,0.9,92.2,13.0,15.0,3.1,0.9,4.6,3.5,115.7,0.7,0.3,0.4,15.4,32.4,2.2,0.9,15.0,38.6,37.2,37.2,46.5,37.2,36.8,36.8,0.0,25.9,4.4,8.1,92.7,0.8,46.2,3.2,49.8,95.6,91.1,7.3,7.8,53.8,43.0,24.3,0.0,0.7,0.0,91.4,0.0,53.7,1600.0,16.00,16,18,18,36,74,560,1,50.6,50.0,49.5,38.4,37.9,34.9,49.4,32.8,42.0,33.3,35.1,35.1,33.2,29.1,1.225,0.994,1.244,15.985,5.912,15.992,20.553,42.164,2.187,1.533,1.603,5.369,0.182,3.654,0.778,19.970,5.875,25.845,42.156,1600.0,1600.0,4635.5,4635.5,4650.0,55.5,26.7,22.8,52.6,152.3,No,No,No,0.625,0.429,1.6,49.0,39.5,39.0,35.5,35.5,37.5,39.0,12.168,4.990,1.002,1.348,1.000,0.792,0.826,1.558,3.344,1.834,1328,719,543,555,1.056,1.269,39,39,46,79.0,100.0,No,No,80668,102288,0.1,0.3,0.4,0.088,4.355,17229,13484,48.8,58.0,59.0,58,58,58,58,58,58,58,56,58,83.0,0.838,12.186,12.277,12.169,12.148,12.150,0,0,100.141,30.826,65.707,2.296,33.002,30.383,34.299,65.707,34.325,2.316,9.399,310.000,350.000,1605.0,1187.7,1410.0,1594.0,1530.0,1350.0,1605.4,1186.9,1529.6,0.0,0.0,0.0,0.0,7.5,0.0,0.0,0.0,0.0,0.0,0,0,Yes,No,No,No,No,Yes,No,32.3,45.7,4,0,0,0,0,0,0,0,0,114,0,0,0,0,0,0,0,0,0,0,0,0,0,0,0,0,0,0,0,0,7576,616,446,36,16.0,2.3,4.2,1.8,1.8,1.8,1.8,2.3,4.2,1.8,1.8,1.8,1.8,433.30,549.47,238.60,233.49,550.13,550.13,0.38,432.88,433.30,0.00,116.70,1228,32,1992.7,51.7,0,0,0.0,0.0,0,
25.8.2026,15:55:19.398,5566,13687,28.9,6286,10023,38.5,0.1,2944,2,1.037,0.956,1.200,1.200,0.956,0.956,0.956,3647.5,3675.0,3675.0,3675.0,3620.0,3620.0,3620.0,100.0,204.8,124.6,32.2,47.8,167.5,280.6,362.0,8.8,13.3,170.7,1181.7,39.1,28.8,204.8,4.5,2.2,0.1,0.4,3.5,6.5,8.0,0.2,0.0,6.2,26.1,0.0,0.8,26.1,4.5,5.5,2.2,0.9,1.2,4.5,7.3,9.6,0.2,0.3,6.8,31.1,1.1,0.8,5.5,36.5,36.8,36.8,36.8,36.2,36.2,36.2,0.0,9.6,3.3,5.4,14.3,0.6,32.1,2.0,47.9,93.2,33.6,79.0,3.5,67.9,10.4,42.4,3.4,61.1,6.7,95.9,0.0,87.6,1600.0,16.00,16,18,18,36,74,560,1,48.8,39.4,39.0,34.1,34.1,32.8,35.5,32.0,38.1,32.0,33.5,33.5,33.5,28.7,1.156,0.994,1.163,8.568,5.899,8.589,8.589,31.861,0.918,0.854,0.574,1.418,0.095,2.352,0.213,9.567,5.862,15.430,31.738,1600.0,1600.0,4027.8,4027.8,4650.0,41.8,14.3,9.5,41.4,169.6,No,No,No,0.358,0.447,0.6,47.0,39.5,38.5,35.5,35.5,37.5,39.0,12.192,5.010,1.002,1.348,0.972,0.792,0.826,1.562,3.356,1.836,1275,708,545,556,1.057,1.260,39,39,47,79.0,100.0,No,No,80668,102288,0.1,0.2,0.3,0.083,3.382,17229,13491,45.7,52.0,53.2,51,52,50,52,52,52,52,50,50,83.0,0.838,12.226,12.293,12.211,12.190,12.209,0,0,36.466,7.952,17.679,0.762,7.595,9.301,5.677,17.679,5.685,2.211,4.981,310.000,350.000,1605.0,101.2,1410.0,1111.5,1530.0,1350.0,1155.5,72.1,1106.3,0.0,1.0,0.0,0.0,7.5,0.0,0.0,0.0,0.0,0.0,0,0,Yes,No,No,No,No,Yes,No,7.5,7.7,4,0,0,0,0,0,0,0,0,115,0,0,0,0,0,0,0,0,0,0,0,0,0,0,0,0,0,0,0,0,7576,616,446,36,5.0,2.5,8.0,1.9,1.9,1.9,1.9,2.5,8.0,1.9,1.9,1.9,1.9,394.22,533.41,124.27,116.76,533.41,533.41,0.37,393.86,394.22,0.00,138.94,1232,32,2091.6,52.7,0,0,0.0,0.0,0,
25.8.2026,15:55:21.397,5543,13710,28.7,6266,10044,38.4,0.1,2944,2,0.997,1.200,0.956,0.956,0.956,0.956,0.956,3675.0,3675.0,3675.0,3675.0,3675.0,3675.0,3675.0,100.0,110.1,77.4,4.0,29.1,13.3,108.6,358.8,2.5,0.7,182.0,517.5,23.1,4.0,110.1,2.9,2.1,0.0,1.3,0.9,3.2,7.8,0.6,0.6,4.0,12.1,1.9,0.0,12.1,2.9,2.9,1.6,0.1,0.7,0.3,2.8,9.6,0.0,0.0,4.7,13.9,0.6,0.1,2.9,36.8,36.8,36.8,36.8,36.8,36.8,36.8,0.0,5.1,2.1,1.1,10.7,0.1,16.0,0.7,47.6,93.2,17.2,88.8,0.3,83.4,2.5,47.3,4.7,81.7,0.5,99.6,0.5,96.8,1600.0,16.00,16,18,18,36,74,560,1,46.6,36.0,39.0,32.9,33.2,31.9,34.3,31.5,34.8,31.5,32.8,32.8,33.2,28.7,1.156,0.994,1.163,6.518,5.264,6.518,6.518,27.390,0.586,0.684,0.212,1.124,0.026,1.400,0.071,6.912,5.232,12.143,27.386,1600.0,1600.0,3889.0,3889.0,4650.0,36.0,10.9,7.2,37.9,194.2,No,No,No,0.194,0.108,0.3,45.0,39.5,38.5,35.5,35.0,37.5,38.5,12.168,5.000,1.002,1.348,0.966,0.792,0.826,1.560,3.356,1.834,1256,726,544,543,1.056,1.249,39,39,47,79.0,100.0,No,No,80668,102288,0.1,0.2,0.3,0.335,3.626,17229,13497,45.2,50.0,52.9,50,50,50,50,50,50,50,48,50,83.0,0.838,12.219,12.287,12.204,12.182,12.202,0,0,23.376,8.193,18.375,0.774,7.981,9.599,5.698,18.375,5.706,2.203,5.022,310.000,350.000,1605.0,101.2,1410.0,302.2,1530.0,1350.0,1157.2,72.0,1104.0,0.0,1.0,0.0,0.0,7.5,0.0,0.0,0.0,0.0,0.0,0,0,Yes,No,No,No,No,Yes,No,7.8,7.5,4,0,0,0,0,0,0,0,0,115,0,0,0,0,0,0,0,0,0,0,0,0,0,0,0,0,0,0,0,0,7576,616,446,36,5.0,1.9,1.9,1.9,1.9,1.9,1.9,1.9,1.9,1.9,1.9,1.9,1.9,533.00,533.30,532.70,532.70,533.31,533.31,0.95,532.17,533.00,0.00,0.14,1235,32,1942.7,45.4,0,0,0.0,0.0,0,
25.8.2026,15:55:23.392,5552,13701,28.8,6266,10043,38.4,0.1,2944,2,1.185,1.194,1.188,1.188,1.188,1.188,1.169,3921.7,3620.0,3620.0,4525.0,3620.0,4525.0,3620.0,100.0,128.2,61.5,6.3,41.9,15.3,154.7,549.7,3.1,0.6,65.3,625.0,9.8,5.2,128.2,2.8,0.5,1.0,1.1,0.4,2.9,12.3,0.0,0.0,1.6,13.2,0.3,1.0,13.2,2.8,3.3,1.2,0.2,1.1,0.4,4.1,14.8,0.1,0.0,1.6,15.6,0.2,0.1,3.3,39.2,36.2,36.2,45.2,36.2,45.2,36.2,0.0,5.7,1.7,1.5,15.8,0.1,14.6,0.4,45.1,94.9,21.8,62.7,0.2,85.3,5.8,49.2,3.5,76.8,21.5,99.7,0.0,93.8,1600.0,16.00,16,18,18,36,74,560,1,45.2,36.2,44.5,32.8,33.1,31.8,34.7,31.4,34.6,31.3,32.6,32.6,31.8,27.7,1.163,0.994,1.175,6.633,5.180,6.611,6.611,27.232,0.630,0.689,0.282,1.329,0.026,1.363,0.093,7.127,5.148,12.275,27.339,1600.0,1600.0,3904.9,3904.9,4650.0,36.0,11.0,7.3,38.1,186.9,No,No,No,0.217,0.113,0.3,45.0,39.5,38.5,35.5,35.0,37.5,38.5,12.168,5.000,1.002,1.348,0.974,0.792,0.826,1.560,3.352,1.834,1223,730,546,543,1.056,1.268,39,39,46,79.0,100.0,No,No,80668,102288,0.2,0.3,0.5,0.752,5.154,17231,13507,45.2,50.0,52.9,49,50,48,50,50,48,50,48,50,83.0,0.838,12.220,12.288,12.205,12.183,12.203,0,0,23.484,8.086,17.916,0.848,7.665,9.381,5.735,17.916,5.748,2.207,5.356,310.000,350.000,1605.0,101.2,1410.0,302.5,1530.0,1350.0,1159.1,72.1,1105.3,0.0,1.0,0.0,0.0,7.5,0.0,0.0,0.0,0.0,0.0,0,0,Yes,No,No,No,No,Yes,No,7.6,7.6,4,0,0,0,0,0,0,0,0,115,0,0,0,0,0,0,0,0,0,0,0,0,0,0,0,0,0,0,0,0,7576,616,446,36,5.0,3.2,40.9,1.9,1.9,1.9,1.9,3.2,40.5,1.9,1.9,1.9,1.9,316.42,514.69,24.42,17.23,516.71,516.71,0.65,315.64,316.42,0.00,177.52,1238,32,1261.2,32.9,0,0,0.0,0.0,0,
25.8.2026,15:55:25.409,5567,13686,28.9,6282,10027,38.5,0.1,2944,2,0.956,0.956,0.956,0.956,0.956,0.956,0.956,3675.0,3675.0,3675.0,3675.0,3675.0,3675.0,3675.0,100.0,144.6,66.8,3.6,31.2,46.1,109.9,330.2,3.4,1.2,194.7,917.6,14.6,15.6,144.6,3.4,1.5,0.0,0.1,0.4,2.7,7.5,0.2,2.4,4.6,20.8,0.0,0.0,20.8,3.4,3.9,1.3,0.1,0.8,1.2,2.9,8.9,0.1,0.0,5.1,25.7,0.3,0.4,3.9,36.8,36.8,36.8,36.8,36.8,36.8,36.8,0.0,6.8,1.8,1.9,10.0,0.1,25.8,0.8,46.6,93.4,19.8,85.6,1.8,74.2,4.9,46.6,4.8,78.3,4.3,98.1,0.0,94.3,1600.0,16.00,16,18,18,36,74,560,1,45.1,37.4,37.8,33.0,33.0,31.8,34.1,31.3,36.4,31.3,32.7,32.7,33.0,27.7,1.156,0.994,1.163,7.266,5.179,7.289,7.289,28.268,0.712,0.696,0.303,1.104,0.046,2.019,0.102,7.880,5.148,13.028,28.156,1600.0,1600.0,3952.5,3952.5,4650.0,37.0,12.1,8.1,39.4,182.4,No,No,No,0.265,0.129,0.4,46.0,39.5,38.5,35.5,35.0,37.5,38.5,12.168,4.970,1.004,1.348,1.186,0.792,0.826,1.560,3.348,1.834,1192,1465,546,543,1.057,1.259,39,39,46,79.0,100.0,No,No,80668,102288,0.0,0.1,0.1,0.024,2.203,17231,13512,46.5,50.0,55.5,50,50,50,50,50,50,50,48,50,83.0,0.831,12.210,12.281,12.195,12.174,12.192,0,0,24.198,10.322,22.706,1.216,10.159,11.309,7.291,22.706,7.298,2.161,8.053,310.000,350.000,1605.0,1156.5,1395.0,392.5,1515.0,1335.0,1604.6,1155.4,1514.9,2.0,1.0,0.0,0.0,18.6,0.0,0.0,0.0,0.0,0.0,0,0,Yes,No,No,No,No,Yes,No,9.7,47.0,4,0,0,0,0,0,0,0,0,116,0,0,0,0,0,0,0,0,0,0,0,0,0,0,0,0,0,0,0,0,6667,1525,1611,110,16.0,1.9,1.9,1.9,1.9,1.9,1.9,1.9,1.9,1.9,1.9,1.9,1.9,524.99,533.39,516.59,516.43,533.56,533.56,0.63,524.32,524.99,0.00,17.14,1241,32,1454.3,37.7,0,0,0.0,0.0,0,
25.8.2026,15:55:27.424,10210,9044,53.0,6943,9367,42.5,0.1,2944,2,1.182,1.188,1.181,1.181,1.181,1.181,1.181,3921.7,3620.0,4525.0,4525.0,3620.0,3620.0,3620.0,100.0,557.4,194.3,36.2,258.4,291.1,493.5,2000.6,151.5,23.8,1215.9,1810.5,126.7,86.9,557.4,12.6,3.9,0.9,6.7,7.5,10.5,44.2,4.2,0.0,26.9,40.0,2.9,3.5,44.2,12.6,14.7,4.1,0.8,6.6,7.5,13.1,53.6,4.0,0.5,32.6,48.5,3.2,2.1,14.7,39.2,36.2,45.2,45.2,36.2,36.2,36.2,0.0,24.8,4.8,13.0,55.2,3.8,66.8,5.1,52.5,94.9,79.2,44.8,18.4,33.2,44.7,22.7,0.3,7.8,0.0,77.8,0.0,50.2,1600.0,16.00,16,18,18,36,74,560,1,46.9,45.0,42.5,36.5,35.5,34.3,41.2,32.6,42.3,32.8,33.9,33.9,33.2,28.1,1.181,0.994,1.194,15.229,5.386,15.214,18.676,38.613,2.089,1.292,1.588,3.761,0.447,4.631,0.815,17.958,5.354,23.312,38.724,1600.0,1600.0,4489.4,4489.4,4650.0,51.0,25.4,20.8,47.4,142.8,No,No,No,1.043,0.806,1.5,47.0,39.5,39.0,35.5,35.0,37.5,39.0,12.120,4.970,1.004,1.348,1.138,0.792,0.826,1.552,3.324,1.836,1237,1470,542,554,1.056,1.242,39,39,50,79.0,100.0,No,No,80668,102288,0.3,0.2,0.5,0.064,2.274,17231,13516,52.5,70.0,62.1,69,68,70,70,70,68,68,68,70,83.0,0.825,12.127,12.245,12.111,12.091,12.061,0,0,210.498,71.897,150.820,11.486,73.076,66.211,60.641,150.820,60.673,14.433,58.916,310.000,350.000,1605.0,1156.5,1410.0,1603.2,1530.0,1350.0,1605.4,1155.2,1531.0,100.0,100.0,0.0,0.0,47.1,21.7,86.8,0.0,0.0,0.0,0,0,Yes,No,No,No,No,Yes,No,68.2,80.9,4,0,0,0,0,0,0,0,0,116,0,0,0,0,0,0,0,0,0,0,0,0,0,0,0,0,0,0,0,0,4337,3855,3685,112,16.0,1.9,1.9,1.9,1.9,1.9,1.9,1.9,1.9,1.9,1.9,1.9,1.9,524.89,533.18,516.60,516.45,533.35,533.35,0.48,524.25,524.89,0.00,8.36,1243,32,926.9,24.8,0,0,0.0,0.0,0,
25.8.2026,15:55:29.433,10212,9041,53.0,6944,9365,42.5,0.1,2944,2,1.169,1.169,1.169,1.169,1.169,1.169,1.169,3770.8,3620.0,3620.0,3620.0,3620.0,4525.0,3620.0,100.0,552.9,117.8,20.2,244.3,415.7,255.8,2622.8,13.7,7.2,595.9,2195.5,106.7,39.7,552.9,12.1,2.4,0.0,5.7,8.7,6.6,58.1,0.0,0.0,11.9,48.6,3.3,0.0,58.1,12.1,14.8,2.4,0.5,6.5,11.2,6.8,70.8,0.3,0.2,16.0,59.2,2.8,1.0,14.8,37.7,36.2,36.2,36.2,36.2,45.2,36.2,0.0,24.5,3.1,15.0,63.7,0.5,61.4,3.4,45.8,96.9,68.8,36.3,7.7,38.6,26.7,29.6,0.0,16.2,0.0,91.8,0.0,69.9,1600.0,16.00,16,18,18,36,74,560,1,47.4,46.4,43.5,36.4,35.4,34.9,41.9,32.0,41.9,32.3,33.9,33.9,33.0,28.9,1.163,0.994,1.175,13.614,5.881,13.614,16.915,38.186,1.713,1.168,1.611,3.330,0.147,3.528,0.496,16.043,5.844,21.887,38.167,1600.0,1600.0,4519.5,4519.5,4650.0,50.2,22.7,18.8,48.9,155.4,No,No,No,0.391,0.323,1.5,47.0,39.5,39.0,35.5,35.0,37.5,39.0,12.120,4.970,1.004,1.348,1.166,0.792,0.826,1.552,3.324,1.834,1260,717,542,541,1.056,1.263,39,39,47,79.0,100.0,No,No,80668,102288,0.1,0.1,0.2,0.065,2.199,17231,13520,53.5,72.0,63.2,71,72,72,72,72,70,70,70,72,83.0,0.825,12.127,12.245,12.112,12.091,12.061,0,0,211.447,72.076,151.171,11.523,73.288,66.321,60.787,151.171,60.818,14.571,59.032,310.000,350.000,1605.0,1156.5,1410.0,1603.8,1530.0,1350.0,1605.4,1155.2,1530.2,100.0,100.0,0.0,0.0,47.1,25.0,100.0,0.0,0.0,0.0,0,0,Yes,No,No,No,No,Yes,No,68.4,81.0,4,0,0,0,0,0,0,0,0,116,0,0,0,0,0,0,0,0,0,0,0,0,0,0,0,0,0,0,0,0,4337,3855,3685,112,16.0,1.9,1.9,1.9,1.9,1.9,1.9,1.9,1.9,1.9,1.9,1.9,1.9,525.00,533.02,516.98,516.83,533.19,533.19,0.56,524.56,525.00,0.00,8.26,1244,32,929.5,24.3,0,0,0.0,0.0,0,
25.8.2026,15:55:31.437,10159,9094,52.7,6928,9381,42.4,0.1,2944,2,1.188,1.188,1.188,1.188,1.188,1.188,1.188,4374.2,3620.0,4525.0,4525.0,4525.0,4525.0,4525.0,100.0,457.5,105.5,18.9,144.2,35.4,1395.7,634.4,11.9,22.0,223.1,2811.0,61.7,26.8,457.5,11.5,2.2,4.2,3.4,1.6,31.0,14.2,1.1,6.4,6.5,62.1,1.3,4.4,62.1,11.5,12.2,2.2,0.5,3.7,0.9,37.6,17.1,0.3,0.6,5.9,75.8,1.4,0.7,12.2,43.7,36.2,45.2,45.2,45.2,45.2,45.2,0.0,20.2,2.8,4.3,44.9,0.7,66.9,1.9,41.6,97.2,45.6,55.1,4.6,33.1,13.8,38.2,0.0,50.1,0.0,94.8,0.0,84.4,1600.0,16.00,16,18,18,36,74,560,1,47.2,45.8,47.5,35.3,34.8,32.6,39.2,31.6,42.0,31.7,33.5,33.5,33.0,28.3,1.200,0.994,1.219,12.116,5.870,12.098,13.087,36.197,1.372,1.117,0.698,2.588,0.119,3.425,0.285,14.220,5.834,20.054,36.283,1600.0,1600.0,4520.3,4520.3,4650.0,47.7,20.2,14.5,48.2,172.3,No,No,No,0.230,0.193,1.2,47.0,39.5,39.0,35.5,35.0,38.0,39.0,12.120,4.970,1.004,1.348,1.170,0.788,0.828,1.554,3.324,1.834,1263,713,542,540,1.056,1.248,39,39,47,79.0,100.0,No,No,80668,102288,0.0,0.1,0.1,0.016,1.112,17231,13522,53.8,74.0,63.4,72,72,72,74,72,72,72,70,72,83.0,0.825,12.125,12.242,12.110,12.089,12.060,1039,950,213.706,71.936,151.219,11.911,73.107,66.164,60.599,151.219,60.632,13.447,59.128,310.000,350.000,1605.0,1156.5,1410.0,1603.8,1530.0,1350.0,1604.9,1155.0,1530.0,100.0,100.0,0.0,0.0,47.1,25.0,100.0,0.0,0.0,0.0,59,67,Yes,No,No,No,No,Yes,No,68.3,81.0,4,0,0,0,0,0,0,0,0,116,0,0,0,0,0,0,0,0,0,0,0,0,0,0,0,0,0,0,0,0,4337,3855,3685,112,16.0,1.9,2.0,1.9,1.9,1.9,1.9,1.9,2.0,1.9,1.9,1.9,1.9,516.30,532.79,499.81,499.50,533.13,533.13,0.78,515.66,516.30,0.00,24.94,1246,32,830.8,21.8,0,0,0.0,0.0,0,
25.8.2026,15:55:33.451,10171,9082,52.8,6944,9365,42.5,0.1,2944,2,1.260,1.256,1.256,1.262,1.262,1.262,1.262,3875.0,3720.0,3720.0,4650.0,3720.0,3720.0,3720.0,100.0,562.6,155.2,39.9,225.7,141.7,4528.4,15.1,21.4,9.8,192.6,1286.6,64.0,70.4,562.6,12.7,2.7,1.0,5.7,3.5,99.5,0.3,0.5,0.0,4.5,31.9,1.7,1.7,99.5,12.7,15.1,2.8,1.0,6.0,3.7,122.4,0.4,0.5,0.3,5.1,35.0,1.8,1.9,15.1,38.8,37.2,37.2,46.5,37.2,37.2,37.2,0.0,25.6,4.0,9.2,99.6,0.9,36.1,3.6,46.8,96.0,75.6,0.4,10.5,63.9,34.6,27.6,0.0,15.2,0.0,88.5,0.0,61.8,1600.0,16.00,16,18,18,36,74,560,1,48.6,47.4,50.5,36.8,36.4,33.6,46.8,32.0,39.6,32.4,33.9,33.9,31.8,27.4,1.250,0.994,1.269,14.324,5.884,14.335,18.378,39.309,1.862,1.293,1.259,4.782,0.204,3.023,0.609,17.189,5.847,23.036,39.324,1600.0,1600.0,4550.0,4550.0,4650.0,51.7,23.9,20.4,49.9,153.0,No,No,No,0.412,0.321,1.5,48.0,39.5,39.0,35.5,35.0,38.0,39.0,12.168,4.990,1.004,1.348,1.038,0.788,0.828,1.558,3.340,1.834,1290,703,543,542,1.056,1.266,39,39,47,79.0,100.0,No,No,80668,102288,0.0,0.2,0.2,0.032,2.188,17231,13526,50.3,64.0,60.2,63,64,62,64,64,62,62,60,64,83.0,0.825,12.185,12.276,12.168,12.148,12.149,1183,1221,185.766,31.038,66.253,2.934,33.060,30.223,34.442,66.253,34.462,2.321,9.393,310.000,350.000,1605.0,1187.7,1410.0,1603.9,1530.0,1350.0,1604.7,1186.8,1529.7,0.0,0.0,0.0,0.0,7.5,0.0,0.0,0.0,0.0,0.0,60,67,Yes,No,No,No,No,Yes,No,32.5,45.9,4,0,0,0,0,0,0,0,0,116,0,0,0,0,0,0,0,0,0,0,0,0,0,0,0,0,0,0,0,0,7576,616,446,36,16.0,2.1,2.6,1.8,1.8,1.8,1.8,2.1,2.6,1.8,1.8,1.8,1.8,483.15,549.35,385.87,383.48,550.03,550.03,0.51,482.61,483.15,0.00,94.00,1248,32,1107.3,28.0,0,0,0.0,0.0,0,
25.8.2026,15:55:35.454,5519,13734,28.6,5928,10382,36.3,0.1,2944,2,1.034,0.956,0.963,0.963,0.963,1.181,1.181,3930.8,3675.0,4525.0,4525.0,3620.0,3620.0,3620.0,100.0,432.4,329.1,131.8,185.2,71.8,2358.3,300.5,24.9,10.8,1254.3,416.8,59.9,45.7,432.4,10.0,5.2,3.4,4.9,1.9,51.1,6.8,0.8,2.0,29.7,10.9,1.6,1.3,51.1,10.0,11.3,5.1,3.5,4.9,1.8,63.7,8.1,0.6,0.3,33.7,11.2,1.5,1.2,11.3,39.3,36.8,45.2,45.2,36.2,36.2,36.2,0.0,19.4,8.5,6.6,57.6,0.9,40.2,2.7,48.6,90.5,70.1,36.1,8.6,59.5,26.8,32.0,1.0,23.2,6.3,90.6,0.3,70.5,1600.0,16.00,16,18,18,36,74,560,1,48.4,44.0,38.2,35.9,36.1,33.4,42.3,32.0,39.2,32.2,33.9,33.9,33.0,28.3,1.156,0.994,1.163,12.352,5.930,12.373,12.768,37.164,1.559,1.328,1.079,3.538,0.182,2.731,0.492,14.778,5.893,20.671,37.024,1600.0,1600.0,4347.2,4347.2,4650.0,48.7,20.6,14.2,46.4,157.4,No,No,No,0.608,0.828,1.2,46.0,40.5,39.0,35.5,35.0,38.0,39.0,12.168,4.990,1.004,1.348,0.960,0.786,0.828,1.558,3.340,1.834,1271,698,544,542,1.056,1.265,39,39,47,79.0,100.0,No,No,80668,102288,0.1,0.3,0.3,0.108,2.415,17231,13531,49.1,60.0,57.8,58,58,58,58,58,58,58,58,58,83.0,0.869,12.178,12.271,12.161,12.139,12.143,1310,1360,103.752,32.161,69.184,3.595,33.856,31.707,34.351,69.184,34.372,2.625,10.570,310.000,350.000,1710.0,101.2,1515.0,1710.0,1635.0,1455.0,1709.7,101.0,1634.8,0.0,0.0,0.0,0.0,7.5,0.0,0.0,0.0,0.0,0.0,60,67,Yes,No,No,No,No,Yes,No,33.4,14.1,4,0,0,0,0,0,0,0,0,117,0,0,0,0,0,0,0,0,0,0,0,0,0,0,0,0,0,0,0,0,7576,616,446,36,5.0,3.8,68.3,1.8,1.8,1.8,1.8,3.7,53.6,1.8,1.8,1.8,1.8,266.59,548.77,14.64,12.54,550.12,550.12,0.30,266.28,266.59,0.00,151.76,1250,32,856.1,21.3,0,0,0.0,0.0,0,
25.8.2026,15:55:37.449,5538,13716,28.7,5943,10367,36.4,0.1,2944,2,0.958,0.969,0.956,0.956,0.956,0.956,0.956,3675.0,3675.0,3675.0,3675.0,3675.0,3675.0,3675.0,100.0,165.0,71.4,4.3,35.8,29.8,129.1,833.6,1.9,1.6,143.0,693.7,26.9,9.2,165.0,3.5,1.3,0.0,0.7,0.5,2.8,18.3,0.0,0.0,3.1,15.4,0.0,0.0,18.3,3.5,4.4,1.4,0.1,0.9,0.8,3.4,22.5,0.0,0.0,3.7,18.6,0.7,0.2,4.4,36.8,36.8,36.8,36.8,36.8,36.8,36.8,0.0,7.5,1.9,1.7,21.6,0.1,18.8,0.9,48.7,98.0,30.3,75.9,0.6,80.8,6.7,43.8,0.1,68.0,2.5,99.3,0.4,92.4,1600.0,16.00,16,18,18,36,74,560,1,47.2,38.0,38.8,33.3,33.6,32.0,36.2,31.4,35.3,31.3,32.8,32.8,33.5,28.1,1.156,0.994,1.188,7.736,5.732,7.734,7.734,30.162,0.789,0.765,0.371,1.857,0.031,1.598,0.115,8.462,5.696,14.158,30.176,1600.0,1600.0,3975.8,3975.8,4650.0,39.7,12.9,8.6,40.0,176.9,No,No,No,0.273,0.138,0.5,46.0,39.5,38.5,35.5,35.0,38.0,38.5,12.192,5.000,1.004,1.348,1.132,0.784,0.826,1.560,3.344,1.834,1268,711,546,542,1.057,1.249,39,39,47,79.0,100.0,No,No,80668,102288,0.2,0.3,0.5,0.576,3.432,17232,13538,45.7,52.0,53.3,52,52,52,52,52,52,52,50,52,83.0,0.869,12.215,12.282,12.201,12.179,12.200,1347,1388,26.682,8.753,19.649,1.855,7.760,10.011,5.746,19.649,5.759,2.470,5.880,310.000,350.000,1710.0,101.2,1515.0,738.7,1635.0,1455.0,1229.2,71.4,1167.1,0.0,1.0,0.0,0.0,7.5,0.0,0.0,0.0,0.0,0.0,60,67,Yes,No,No,No,No,Yes,No,8.2,8.2,4,0,0,0,0,0,0,0,0,117,0,0,0,0,0,0,0,0,0,0,0,0,0,0,0,0,0,0,0,0,7576,616,446,36,5.0,2.5,6.4,1.9,1.9,1.9,1.9,2.5,6.3,1.9,1.9,1.9,1.9,405.39,533.62,156.86,149.94,533.62,533.62,0.51,404.92,405.39,0.00,127.97,1253,32,1561.3,37.8,0,0,0.0,0.0,0,
25.8.2026,15:55:39.466,5536,13717,28.7,5939,10370,36.4,0.1,2944,2,1.123,0.956,1.156,1.156,1.156,1.156,1.156,3930.8,3675.0,3620.0,4525.0,3620.0,4525.0,3620.0,100.0,107.7,68.3,4.5,31.9,12.4,102.0,201.4,2.3,0.5,151.7,705.1,6.1,5.8,107.7,2.4,1.2,0.8,0.7,0.0,2.4,4.4,0.0,0.0,3.3,15.8,0.0,0.8,15.8,2.4,2.8,1.3,0.1,0.8,0.3,2.6,5.4,0.0,0.0,4.0,18.9,0.1,0.1,2.8,39.3,36.8,36.2,45.2,36.2,45.2,36.2,0.0,5.0,1.9,1.2,7.1,0.1,19.4,0.3,47.5,94.1,17.5,90.8,0.2,80.6,2.0,47.5,4.0,81.3,2.1,99.7,0.0,97.7,1600.0,16.00,16,18,18,36,74,560,1,45.9,36.0,40.0,32.8,33.1,31.8,33.7,31.4,35.3,31.3,32.8,32.8,31.8,28.0,1.156,0.994,1.163,6.451,5.175,6.449,6.449,27.069,0.578,0.672,0.224,0.902,0.024,1.600,0.047,6.829,5.144,11.972,27.061,1600.0,1600.0,3882.6,3882.6,4650.0,35.6,10.7,7.2,37.9,194.7,No,No,No,0.194,0.101,0.3,45.0,40.5,38.5,35.5,34.5,38.0,38.5,12.168,5.000,1.004,1.352,0.974,0.782,0.826,1.562,3.348,1.834,1237,697,547,542,1.057,1.271,39,39,47,79.0,100.0,No,No,80668,102288,0.5,0.5,1.0,0.834,5.268,17234,13548,45.2,52.0,52.9,50,50,50,52,50,50,50,50,50,83.0,0.875,12.212,12.280,12.199,12.176,12.196,1357,1387,25.942,9.155,20.717,2.014,8.283,10.410,5.939,20.717,5.941,2.506,5.866,310.000,350.000,1710.0,101.2,1500.0,349.2,1620.0,1440.0,1709.3,101.0,1620.1,0.0,1.0,0.0,0.0,7.5,0.0,0.0,0.0,0.0,0.0,60,67,Yes,No,No,No,No,Yes,No,8.6,8.7,4,0,0,0,0,0,0,0,0,117,0,0,0,0,0,0,0,0,0,0,0,0,0,0,0,0,0,0,0,0,7576,616,446,36,5.0,1.9,1.9,1.9,1.9,1.9,1.9,1.9,1.9,1.9,1.9,1.9,1.9,525.04,533.20,516.87,516.72,533.37,533.37,0.55,524.41,525.04,0.00,16.57,1257,32,1918.9,44.2,0,0,0.0,0.0,0,
25.8.2026,15:55:41.467,5526,13727,28.7,5924,10385,36.3,0.1,2944,2,1.181,1.194,1.194,1.194,1.169,1.169,1.169,3770.8,3620.0,3620.0,3620.0,3620.0,4525.0,3620.0,100.0,136.1,86.1,3.2,20.6,34.4,124.3,267.7,2.6,1.1,118.2,953.5,17.0,4.9,136.1,4.5,1.8,0.2,0.6,2.4,3.0,5.4,0.1,15.2,2.9,21.3,1.3,0.0,21.3,4.5,3.6,1.7,0.1,0.5,0.9,3.2,7.1,0.1,0.0,3.0,25.6,0.4,0.1,3.6,37.7,36.2,36.2,36.2,36.2,45.2,36.2,0.0,6.2,2.3,1.4,8.8,0.1,24.2,0.6,48.5,97.7,21.5,90.4,0.2,75.8,5.7,45.2,0.0,77.1,0.8,99.7,0.0,93.8,1600.0,16.00,16,18,18,36,74,560,1,45.4,36.7,44.8,33.0,33.3,31.9,34.0,31.4,36.0,31.3,32.8,32.8,31.8,27.9,1.181,0.994,1.194,7.030,5.175,7.017,7.017,27.669,0.679,0.742,0.285,1.033,0.027,1.904,0.085,7.545,5.144,12.688,27.767,1600.0,1600.0,3916.1,3916.1,4650.0,36.5,11.7,7.8,38.7,183.2,No,No,No,0.239,0.124,0.4,44.0,39.5,38.5,35.5,34.5,38.0,38.5,12.168,4.990,1.002,1.348,0.956,0.784,0.828,1.562,3.352,1.834,1195,698,545,555,1.056,1.260,39,39,47,79.0,100.0,No,No,80668,102288,0.2,0.3,0.4,0.366,4.049,17235,13555,44.3,50.0,52.0,49,50,48,50,50,48,50,48,50,83.0,0.875,12.216,12.283,12.202,12.178,12.200,1348,1389,25.752,8.830,19.867,1.855,7.943,10.047,5.771,19.867,5.772,2.471,5.876,310.000,350.000,1710.0,101.2,1500.0,334.8,1620.0,1440.0,357.7,21.1,345.9,0.0,1.0,0.0,0.0,7.5,0.0,0.0,0.0,0.0,0.0,60,67,Yes,No,No,No,No,Yes,No,8.3,8.3,4,0,0,0,0,0,0,0,0,117,0,0,0,0,0,0,0,0,0,0,0,0,0,0,0,0,0,0,0,0,7576,616,446,36,5.0,2.0,2.1,1.9,1.9,1.9,1.9,2.0,2.1,1.9,1.9,1.9,1.9,499.94,532.62,467.26,466.66,533.29,533.29,0.58,499.43,499.94,0.00,41.55,1262,32,2501.9,58.4,0,0,0.0,0.0,0,
25.8.2026,15:55:43.485,5790,13464,30.0,6090,10220,37.3,0.1,2944,2,1.193,1.188,1.194,1.194,1.194,1.194,1.194,3921.7,3620.0,3620.0,4525.0,3620.0,4525.0,3620.0,100.0,158.8,102.1,12.0,186.3,58.6,307.7,352.2,8.3,3.7,280.2,513.1,50.8,30.4,158.8,3.9,1.7,0.0,4.1,1.1,6.8,8.4,0.8,2.2,6.2,11.3,1.8,2.1,11.3,3.9,4.2,1.9,0.3,4.9,1.5,8.2,9.5,0.2,0.1,7.4,13.7,1.3,0.8,4.2,39.2,36.2,36.2,45.2,36.2,45.2,36.2,1.1,7.1,2.6,5.5,14.7,0.3,17.7,2.0,43.9,94.0,13.9,61.3,2.5,79.9,11.5,49.0,3.4,80.6,24.0,97.2,2.3,86.5,1600.0,16.00,16,18,18,36,74,560,1,44.6,36.0,46.8,33.1,33.4,32.5,34.5,31.6,34.9,31.7,32.8,32.8,33.5,28.2,1.188,0.994,1.200,6.893,5.153,6.888,6.888,27.526,0.711,0.735,0.494,1.234,0.063,1.486,0.252,7.440,5.122,12.562,27.600,1600.0,1600.0,3862.2,3862.2,4650.0,36.3,11.5,7.7,37.9,173.0,No,No,No,0.408,0.244,0.4,46.0,40.5,38.5,35.5,34.5,38.0,38.5,12.120,4.970,1.004,1.348,1.182,0.782,0.826,1.552,3.316,1.834,1200,701,545,556,1.057,1.247,39,39,47,79.0,100.0,No,No,80668,102288,0.1,0.3,0.4,0.408,4.273,17236,13564,49.0,58.0,58.9,57,58,56,58,58,58,56,56,58,83.0,0.875,12.121,12.233,12.106,12.084,12.061,1348,1382,25.921,71.564,149.037,12.919,71.145,64.978,56.770,149.037,56.781,15.751,67.655,310.000,350.000,1710.0,1156.5,1500.0,356.5,1620.0,1440.0,1709.9,1155.2,1620.5,89.0,59.0,0.0,0.0,47.1,0.0,0.0,0.0,0.0,0.0,59,67,Yes,No,No,No,No,Yes,No,66.4,80.3,4,0,0,0,0,0,0,0,0,118,0,0,0,0,0,0,0,0,0,0,0,0,0,0,0,0,0,0,0,0,4337,3855,3685,112,16.0,1.9,1.9,1.9,1.9,1.9,1.9,1.9,1.9,1.9,1.9,1.9,1.9,525.02,533.20,516.83,516.68,533.37,533.37,0.55,524.39,525.02,0.00,33.09,1265,32,1562.2,35.8,0,0,0.0,0.0,0,
25.8.2026,15:55:45.499,10182,9071,52.8,6612,9697,40.5,0.1,2944,2,1.192,1.188,1.188,1.188,1.188,1.200,1.200,3921.7,3620.0,3620.0,4525.0,3620.0,4525.0,3620.0,100.0,525.7,155.4,40.0,191.5,213.2,498.8,2391.5,20.9,17.6,1126.4,1471.0,107.0,74.6,525.7,11.7,2.7,1.7,4.4,4.9,10.9,52.9,0.4,1.1,24.8,32.5,2.4,1.7,52.9,11.7,13.9,2.9,1.0,4.9,5.5,13.3,64.3,0.5,0.4,30.0,39.4,2.7,1.9,13.9,39.2,36.2,36.2,45.2,36.2,45.2,36.2,0.0,23.4,4.0,9.7,64.0,0.9,57.3,4.4,48.0,89.4,80.7,36.0,9.9,42.7,29.3,28.6,6.7,9.6,0.0,89.1,0.0,66.3,1600.0,16.00,16,18,18,36,74,560,1,46.6,46.2,47.0,36.8,36.2,34.4,42.8,32.5,42.2,32.9,34.5,34.5,33.8,28.5,1.188,0.994,1.200,14.443,5.486,14.440,16.679,37.991,1.910,1.195,1.382,3.991,0.193,4.105,0.597,17.024,5.452,22.476,38.038,1600.0,1600.0,4522.4,4522.4,4650.0,50.1,24.1,18.5,48.6,148.0,No,No,No,0.761,0.548,1.4,47.0,40.5,39.0,35.5,35.0,38.0,39.0,12.120,4.970,1.004,1.348,1.168,0.782,0.826,1.552,3.332,1.834,1218,696,545,541,1.056,1.263,39,39,47,79.0,100.0,No,No,80668,102288,0.1,0.0,0.1,0.008,0.057,17236,13564,51.2,70.0,61.0,68,68,68,68,70,66,68,68,68,83.0,0.869,12.140,12.246,12.125,12.103,12.084,1343,1377,221.038,56.775,131.153,10.728,62.963,57.536,51.987,131.153,51.964,2.672,10.822,310.000,350.000,1710.0,1156.5,1515.0,1707.6,1635.0,1455.0,1709.2,1155.0,1634.6,82.0,96.0,0.0,0.0,47.1,24.6,98.4,0.0,0.0,0.0,59,67,Yes,No,No,No,No,Yes,No,59.1,80.5,4,0,0,0,0,0,0,0,0,118,0,0,0,0,0,0,0,0,0,0,0,0,0,0,0,0,0,0,0,0,4337,3855,3685,112,16.0,1.9,1.9,1.9,1.9,1.9,1.9,1.9,1.9,1.9,1.9,1.9,1.9,533.15,533.15,533.15,533.15,533.15,533.15,0.59,532.55,533.15,0.00,16.47,1267,33,956.8,25.0,0,0,0.0,0.0,0,
25.8.2026,15:55:47.514,10182,9072,52.8,6614,9695,40.5,0.1,2944,2,1.208,1.188,1.212,1.212,1.212,1.212,1.212,3805.8,3620.0,3660.0,4575.0,3660.0,3660.0,3660.0,100.0,565.8,139.3,35.1,210.4,102.8,690.0,3054.1,7.1,4.7,378.9,2062.2,76.6,27.9,565.8,12.6,2.7,0.2,5.1,2.6,14.8,67.6,0.4,0.3,8.6,46.0,2.0,0.8,67.6,12.6,15.1,2.5,0.9,5.6,2.7,18.6,82.5,0.2,0.1,10.2,55.6,2.0,0.7,15.1,38.1,36.2,36.6,45.8,36.6,36.6,36.6,0.0,25.2,3.6,7.4,82.8,0.3,54.2,2.6,49.6,96.4,90.4,17.2,6.6,45.8,41.0,25.3,0.0,2.2,0.0,93.1,0.0,56.4,1600.0,16.00,16,18,18,36,74,560,1,48.6,47.9,46.0,37.4,36.8,34.4,45.6,32.5,42.2,32.8,34.6,34.6,33.8,28.5,1.231,0.994,1.238,14.086,5.891,14.090,18.322,38.793,1.826,1.223,1.328,4.346,0.122,3.356,0.582,16.652,5.854,22.506,38.786,1600.0,1600.0,4518.9,4518.9,4650.0,51.0,23.5,20.4,50.5,151.3,No,No,No,0.404,0.303,1.5,49.0,40.5,39.0,35.5,35.0,38.0,39.0,12.120,4.970,1.004,1.348,1.172,0.782,0.826,1.552,3.320,1.834,1248,709,544,555,1.056,1.256,39,39,47,79.0,100.0,No,No,80668,102288,0.2,0.3,0.5,0.228,4.427,17236,13572,50.7,72.0,60.4,71,72,70,72,72,70,70,70,72,83.0,0.869,12.116,12.233,12.101,12.078,12.050,1345,1380,221.312,76.731,160.816,14.178,76.729,69.861,60.648,160.816,60.688,19.351,67.487,310.000,350.000,1710.0,1156.5,1515.0,1708.1,1635.0,1455.0,1710.0,1155.7,1635.1,100.0,100.0,0.0,0.0,47.1,25.0,100.0,0.0,0.0,0.0,59,67,Yes,No,No,No,No,Yes,No,71.5,81.0,4,0,0,0,0,0,0,0,0,118,0,0,0,0,0,0,0,0,0,0,0,0,0,0,0,0,0,0,0,0,4337,3855,3685,112,16.0,1.9,1.9,1.9,1.9,1.9,1.9,1.9,1.9,1.9,1.9,1.9,1.9,524.99,533.22,516.75,516.60,533.39,533.39,0.40,524.59,524.99,0.00,25.03,1269,33,1272.4,33.7,0,0,0.0,0.0,0,
25.8.2026,15:55:49.522,10129,9124,52.6,6579,9731,40.3,0.1,2944,2,1.207,1.206,1.206,1.206,1.206,1.206,1.212,4072.5,4525.0,3620.0,4525.0,3620.0,4525.0,3620.0,100.0,559.3,200.5,34.9,192.3,103.7,962.6,2229.8,14.1,36.6,314.9,2470.8,93.2,58.4,559.3,12.7,4.4,1.8,4.7,2.7,22.1,49.5,0.6,1.1,7.3,54.5,2.3,1.5,54.5,12.7,14.9,4.6,0.9,5.0,2.6,25.9,60.2,0.3,0.9,8.3,66.2,2.3,1.4,14.9,40.7,45.2,36.2,45.2,36.2,45.2,36.2,0.0,24.6,5.0,7.1,69.8,1.2,61.1,3.5,50.6,95.0,92.9,30.2,9.0,38.9,37.7,24.8,0.0,0.0,0.0,89.8,0.0,58.8,1600.0,16.00,16,18,18,36,74,560,1,49.4,48.0,49.5,37.4,36.8,34.5,43.8,32.8,43.3,33.1,34.7,34.7,33.5,28.8,1.206,0.994,1.225,14.172,5.902,14.154,18.111,38.822,1.814,1.329,1.356,3.624,0.199,3.736,0.641,16.765,5.865,22.630,38.890,1600.0,1600.0,4522.1,4522.1,4650.0,51.2,23.6,20.1,50.5,153.7,No,No,No,0.407,0.339,1.5,50.0,40.5,39.0,35.5,35.0,38.0,39.0,12.120,4.970,1.004,1.348,1.252,0.782,0.826,1.552,3.320,1.834,1282,1415,544,554,1.056,1.242,39,39,47,79.0,100.0,No,No,80668,102288,0.0,0.2,0.2,0.113,3.415,17236,13579,52.0,74.0,61.7,71,72,72,72,72,70,70,70,72,83.0,0.869,12.115,12.233,12.101,12.079,12.050,1342,1381,221.660,76.471,160.938,14.178,76.767,69.937,60.755,160.938,60.796,16.381,67.550,310.000,350.000,1710.0,1156.5,1515.0,1708.2,1635.0,1455.0,1710.1,1155.2,1634.5,100.0,100.0,0.0,0.0,47.1,25.0,100.0,0.0,0.0,0.0,59,67,Yes,No,No,No,No,Yes,No,69.9,69.5,4,0,0,0,0,0,0,0,0,118,0,0,0,0,0,0,0,0,0,0,0,0,0,0,0,0,0,0,0,0,4337,3855,3685,112,16.0,2.7,23.6,1.9,1.9,1.9,1.9,2.7,23.1,1.9,1.9,1.9,1.9,366.42,533.60,42.46,33.45,533.61,533.61,0.67,365.83,366.42,0.00,172.41,1273,33,1930.6,50.0,0,0,0.0,0.0,0,
25.8.2026,15:55:51.556,10143,9110,52.6,6606,9703,40.5,0.1,2944,2,1.262,1.262,1.262,1.262,1.262,1.262,1.262,3875.0,3720.0,3720.0,4650.0,3720.0,3720.0,3720.0,100.0,595.9,439.9,57.4,213.3,124.1,4571.1,35.0,24.8,31.0,444.6,1049.4,91.3,69.5,595.9,13.3,9.0,0.7,5.6,3.2,98.6,0.0,0.0,0.0,11.6,27.3,2.4,1.7,98.6,13.3,15.9,10.3,1.4,5.5,3.1,123.5,0.8,0.5,0.7,11.8,29.0,2.3,1.7,15.9,38.8,37.2,37.2,46.5,37.2,37.2,37.2,0.0,26.9,10.4,8.7,98.9,1.3,38.1,4.0,49.5,89.6,91.3,1.1,16.0,61.9,36.9,23.6,0.0,0.0,0.0,82.7,0.0,59.1,1600.0,16.00,16,18,18,36,74,560,1,50.9,50.9,52.2,38.9,38.9,35.3,50.4,33.3,41.6,33.7,35.5,35.5,34.5,30.1,1.263,0.994,1.275,16.352,5.916,16.367,20.828,42.650,2.232,1.771,1.646,5.528,0.348,3.357,0.741,20.371,5.879,26.250,42.578,1600.0,1600.0,4637.5,4637.5,4650.0,56.0,27.3,23.1,53.6,151.5,No,No,No,0.601,0.585,1.6,49.0,40.5,39.0,36.0,35.0,38.0,39.0,12.168,4.980,1.004,1.348,0.962,0.780,0.824,1.558,3.336,1.834,1334,690,545,555,1.056,1.263,39,39,47,79.0,100.0,No,No,80668,102288,0.0,0.3,0.3,0.131,4.383,17236,13587,48.1,62.0,58.2,60,62,60,60,62,60,58,60,60,83.0,0.919,12.181,12.269,12.165,12.144,12.144,1350,1386,159.149,33.410,72.807,4.355,35.121,33.299,34.258,72.807,34.281,2.795,10.966,310.000,350.000,1815.0,1187.7,1590.0,1708.6,1725.0,1530.0,1815.3,1186.5,1725.2,1.0,0.0,0.0,0.0,7.5,0.0,0.0,0.0,0.0,0.0,59,67,Yes,No,No,No,No,Yes,No,34.5,45.9,4,0,0,0,0,0,0,0,0,118,0,0,0,0,0,0,0,0,0,0,0,0,0,0,0,0,0,0,0,0,7576,616,446,24,16.0,1.8,1.8,1.8,1.8,1.8,1.8,1.8,1.8,1.8,1.8,1.8,1.8,549.82,549.82,549.82,549.82,549.82,549.82,0.41,549.10,549.82,0.00,33.57,1277,33,1883.2,45.1,0,0,0.0,0.0,0,
25.8.2026,15:55:53.564,5540,13713,28.7,5947,10362,36.4,0.1,2944,2,1.170,1.169,1.175,1.175,1.175,1.163,1.163,3770.8,3620.0,3620.0,3620.0,3620.0,4525.0,3620.0,100.0,330.4,154.3,39.9,203.7,63.4,1932.3,369.7,7.6,4.2,341.6,780.7,44.1,23.2,330.4,7.2,2.8,1.1,3.6,0.8,41.3,8.8,0.2,2.4,8.3,17.0,0.0,0.0,41.3,7.2,8.7,2.8,1.1,5.4,1.6,52.1,9.9,0.2,0.1,9.0,21.0,1.1,0.6,8.7,37.7,36.2,36.2,36.2,36.2,45.2,36.2,0.0,14.8,4.1,6.8,49.8,0.3,25.9,1.8,45.1,93.2,43.3,42.2,3.6,74.1,13.9,40.2,2.7,49.9,8.0,96.1,0.0,84.3,1600.0,16.00,16,18,18,36,74,560,1,50.0,44.5,46.5,35.9,36.3,33.8,41.9,32.6,38.4,32.6,34.7,34.7,34.5,29.1,1.169,0.994,1.181,11.333,5.931,11.339,11.339,35.742,1.299,1.167,0.782,3.143,0.097,2.310,0.293,13.497,5.894,19.392,35.703,1600.0,1600.0,4328.9,4328.9,4650.0,47.0,18.9,12.6,46.9,172.3,No,No,No,0.513,0.585,0.9,48.0,40.5,39.0,36.0,35.0,38.0,39.0,12.168,4.990,1.002,1.348,0.958,0.778,0.824,1.560,3.344,1.834,1293,707,545,556,1.056,1.241,39,39,47,79.0,100.0,No,No,80668,102288,0.1,1.0,1.0,0.172,2.193,17237,13591,46.5,56.0,55.7,56,56,56,56,56,54,56,56,56,83.0,0.919,12.190,12.273,12.174,12.153,12.160,1346,1386,100.752,26.181,56.760,3.252,27.709,25.777,25.427,56.760,25.441,2.899,11.607,310.000,350.000,1815.0,625.2,1590.0,1815.0,1725.0,1530.0,1814.4,624.7,1725.2,0.0,0.0,0.0,0.0,7.5,0.0,0.0,0.0,0.0,0.0,59,67,Yes,No,No,No,No,Yes,No,26.5,33.9,4,0,0,0,0,0,0,0,0,118,0,0,0,0,0,0,0,0,0,0,0,0,0,0,0,0,0,0,0,0,7576,616,446,24,16.0,4.3,112.0,1.9,1.9,1.9,1.9,4.3,60.0,1.9,1.9,1.9,1.9,233.19,528.24,8.93,8.71,533.00,533.00,0.29,232.89,233.19,0.00,141.10,1279,33,1096.4,25.4,0,0,0.0,0.0,0,
25.8.2026,15:55:55.582,5522,13731,28.6,5927,10382,36.3,0.1,2944,2,1.134,0.956,1.169,1.169,1.169,1.163,1.181,3930.8,3675.0,3620.0,4525.0,3620.0,4525.0,3620.0,100.0,108.5,66.9,2.0,17.6,18.8,168.4,116.9,4.8,2.2,95.4,795.4,10.9,3.1,108.5,2.4,0.7,0.0,1.3,0.6,4.1,2.8,0.0,0.0,1.6,17.4,0.0,0.0,17.4,2.4,2.8,1.4,0.0,0.4,0.5,4.4,3.1,0.1,0.0,2.4,20.8,0.3,0.1,2.8,39.3,36.8,36.2,45.2,36.2,45.2,36.2,0.0,4.9,1.8,0.9,6.7,0.2,19.6,0.4,49.0,93.8,19.6,86.0,7.0,80.4,7.0,46.1,4.4,79.4,7.3,92.8,0.0,92.6,1600.0,16.00,16,18,18,36,74,560,1,47.9,37.1,46.5,33.6,33.9,32.6,34.3,32.2,36.4,32.1,33.6,33.6,33.2,29.1,1.188,0.994,1.194,6.917,5.885,6.919,6.919,29.411,0.599,0.680,0.238,0.857,0.072,1.660,0.089,7.310,5.848,13.158,29.405,1600.0,1600.0,3878.9,3878.9,4650.0,38.7,11.5,7.7,39.1,200.7,No,No,No,0.188,0.107,0.3,46.0,40.5,39.0,36.0,35.0,38.0,39.0,12.168,5.000,1.002,1.348,0.968,0.780,0.824,1.562,3.352,1.834,1291,694,544,556,1.057,1.246,39,39,47,79.0,100.0,No,No,80668,102288,0.1,0.1,0.2,0.048,2.378,17237,13596,43.7,52.0,51.7,51,52,50,50,52,50,50,50,52,83.0,0.931,12.212,12.276,12.199,12.175,12.196,1345,1379,59.193,9.488,21.667,2.136,8.332,11.176,5.769,21.667,5.776,2.860,6.008,310.000,350.000,1815.0,101.2,1590.0,1683.7,1725.0,1530.0,1290.6,71.0,1227.4,0.0,1.0,0.0,0.0,7.5,0.0,0.0,0.0,0.0,0.0,59,67,Yes,No,No,No,No,Yes,No,8.9,9.0,4,0,0,0,0,0,0,0,0,119,0,0,0,0,0,0,0,0,0,0,0,0,0,0,0,0,0,0,0,0,7576,616,446,24,5.0,1.9,1.9,1.9,1.9,1.9,1.9,1.9,1.9,1.9,1.9,1.9,1.9,533.40,533.40,533.40,533.40,533.40,533.40,0.28,533.12,533.40,0.00,16.14,1281,33,1416.2,33.0,0,0,0.0,0.0,0,
25.8.2026,15:55:57.582,5530,13723,28.7,5932,10378,36.3,0.1,2944,2,1.184,1.169,1.188,1.188,1.181,1.181,1.200,3921.7,3620.0,3620.0,4525.0,3620.0,4525.0,3620.0,100.0,139.8,75.5,2.5,29.3,20.8,274.3,125.8,2.4,0.9,218.2,911.1,13.2,3.7,139.8,4.3,1.5,0.1,0.7,0.5,5.7,2.7,0.0,0.0,5.0,19.5,10.1,5.2,19.5,4.3,3.5,1.6,0.1,0.7,0.5,6.6,3.1,0.0,0.0,5.8,23.5,0.3,0.1,3.5,39.2,36.2,36.2,45.2,36.2,45.2,36.2,0.0,6.1,2.0,1.3,8.5,0.1,24.4,0.4,47.3,98.0,19.9,88.2,0.2,75.6,2.1,46.6,0.0,78.8,3.3,99.7,0.0,97.6,1600.0,16.00,16,18,18,36,74,560,1,47.0,37.9,49.5,33.8,34.0,32.6,34.9,32.0,37.0,31.9,33.6,33.6,33.2,28.8,1.194,0.994,1.212,7.651,5.443,7.644,7.644,29.120,0.697,0.753,0.266,1.072,0.025,2.000,0.063,8.223,5.410,13.633,29.138,1600.0,1600.0,3940.0,3940.0,4650.0,38.3,12.7,8.5,39.9,198.7,No,No,No,0.229,0.115,0.4,46.0,40.5,39.0,36.0,35.0,38.0,39.0,12.168,5.000,1.004,1.348,1.168,0.778,0.824,1.562,3.356,1.834,1228,712,546,556,1.057,1.266,39,39,48,79.0,100.0,No,No,80669,102288,0.1,0.3,0.5,0.325,4.611,17238,13605,43.0,50.0,50.7,49,50,48,50,50,48,48,48,50,83.0,0.931,12.214,12.279,12.201,12.178,12.198,1337,1381,27.501,9.332,21.390,2.161,8.224,10.996,5.489,21.390,5.496,2.830,6.011,310.000,350.000,1815.0,101.2,1590.0,370.7,1725.0,1530.0,1306.2,71.3,1242.1,0.0,7.0,0.0,0.0,7.5,0.0,0.0,0.0,0.0,0.0,59,66,Yes,No,No,No,No,Yes,No,8.7,8.8,4,0,0,0,0,0,0,0,0,119,0,0,0,0,0,0,0,0,0,0,0,0,0,0,0,0,0,0,0,0,7576,616,446,24,5.0,1.9,1.9,1.9,1.9,1.9,1.9,1.9,1.9,1.9,1.9,1.9,1.9,516.43,516.43,516.43,516.43,516.43,516.43,0.72,515.91,516.43,0.00,33.68,1285,33,1829.0,40.9,0,0,0.0,0.0,0,
25.8.2026,15:55:59.588,5539,13714,28.7,5939,10370,36.4,0.1,2944,2,1.133,0.956,1.169,1.169,1.169,1.169,1.169,3780.0,3675.0,3620.0,3620.0,3620.0,4525.0,3620.0,100.0,127.0,75.6,1.8,22.4,30.8,611.7,113.5,1.9,0.4,115.6,530.2,14.7,5.4,127.0,6.7,1.6,0.1,0.6,0.8,13.5,2.8,0.1,41.1,2.7,13.4,0.0,3.9,41.1,6.7,3.6,1.5,0.0,0.6,0.8,17.1,3.2,0.0,0.0,3.0,15.9,0.4,0.2,3.6,37.8,36.8,36.2,36.2,36.2,45.2,36.2,0.3,6.2,2.0,1.4,17.1,0.1,16.2,0.6,45.4,96.3,16.7,72.8,0.3,83.3,2.8,48.4,1.8,81.9,10.1,99.6,0.6,96.6,1600.0,16.00,16,18,18,36,74,560,1,46.4,37.9,44.2,33.8,34.3,32.6,36.0,32.1,35.9,32.0,33.7,33.7,34.5,28.5,1.169,0.994,1.175,7.506,5.193,7.513,7.513,28.344,0.661,0.744,0.241,1.444,0.027,1.444,0.063,8.062,5.161,13.223,28.312,1600.0,1600.0,3914.5,3914.5,4650.0,37.3,12.5,8.3,39.9,197.1,No,No,No,0.240,0.120,0.4,46.0,41.0,39.0,36.0,35.0,38.0,39.0,12.168,5.000,1.002,1.348,0.960,0.778,0.824,1.562,3.344,1.834,1247,713,547,543,1.057,1.263,39,39,47,79.0,100.0,No,No,80669,102288,0.5,0.5,1.0,0.931,4.256,17239,13613,42.4,50.0,50.1,48,50,48,48,48,48,48,48,48,83.0,0.931,12.211,12.277,12.198,12.174,12.195,1336,1374,28.473,10.281,23.364,2.357,9.197,11.785,6.000,23.364,6.011,2.819,7.631,310.000,350.000,1815.0,101.2,1590.0,453.0,1725.0,1530.0,1285.9,70.8,1227.3,0.0,5.0,0.0,0.0,7.5,0.0,0.0,0.0,0.0,0.0,59,66,Yes,No,No,No,No,Yes,No,9.5,11.2,4,0,0,0,0,0,0,0,0,119,0,0,0,0,0,0,0,0,0,0,0,0,0,0,0,0,0,0,0,0,7576,616,446,24,5.0,1.8,1.8,1.8,1.8,1.8,1.8,1.8,1.8,1.8,1.8,1.8,1.8,549.94,549.94,549.94,549.94,549.94,549.94,0.67,549.43,549.94,0.00,33.12,1289,33,1858.0,39.3,0,0,0.0,0.0,0,
25.8.2026,15:56:1.603,6295,12958,32.6,6346,9964,38.9,0.1,2944,2,1.182,1.175,1.169,1.188,1.188,1.188,1.188,3921.7,3620.0,3620.0,4525.0,3620.0,4525.0,3620.0,100.0,216.5,98.1,17.6,109.3,60.6,458.9,97.5,6.3,5.1,949.2,722.7,43.9,28.3,216.5,5.8,2.3,0.9,3.0,0.4,11.5,2.0,0.6,0.0,21.5,15.2,11.8,0.4,21.5,5.8,5.7,1.8,0.5,2.9,1.6,12.2,2.5,0.1,0.1,25.5,19.4,1.1,0.7,5.7,39.2,36.2,36.2,45.2,36.2,45.2,36.2,0.0,9.7,2.6,4.1,12.7,0.3,36.7,1.7,48.7,94.9,34.5,85.0,3.1,63.3,11.6,41.6,2.5,61.4,2.4,96.6,0.0,86.7,1600.0,16.00,16,18,18,36,74,560,1,46.6,39.5,48.2,34.4,34.4,33.2,35.3,32.3,38.7,32.3,33.8,33.8,34.5,29.4,1.181,0.994,1.200,9.360,5.245,9.348,9.348,30.651,0.951,0.843,0.590,1.312,0.076,2.632,0.251,10.382,5.213,15.595,30.723,1600.0,1600.0,4046.9,4046.9,4650.0,40.4,15.6,10.4,41.5,180.7,No,No,No,0.566,0.400,0.6,49.0,40.5,39.0,36.0,35.0,38.5,39.0,12.120,4.960,1.004,1.348,1.176,0.778,0.824,1.552,3.316,1.834,1217,699,545,555,1.057,1.262,39,39,50,79.0,100.0,No,No,80669,102288,0.1,0.2,0.3,0.320,3.132,17240,13619,49.4,62.0,59.7,61,60,60,62,62,60,60,60,62,83.0,0.931,12.104,12.220,12.088,12.069,12.041,1328,1364,39.711,82.305,173.092,16.644,81.917,74.487,60.012,173.092,60.042,20.910,80.546,310.000,350.000,1815.0,1156.5,1590.0,411.1,1725.0,1530.0,1814.6,1155.3,1725.0,100.0,100.0,0.0,0.0,47.1,0.0,0.0,0.0,0.0,0.0,59,66,Yes,No,No,No,No,Yes,No,75.2,80.1,4,0,0,0,0,0,0,0,0,120,0,0,0,0,0,0,0,0,0,0,0,0,0,0,0,0,0,0,0,0,4337,3855,3685,101,16.0,1.9,1.9,1.9,1.9,1.9,1.9,1.9,1.9,1.9,1.9,1.9,1.9,533.41,533.41,533.41,533.41,533.41,533.41,0.57,532.77,533.41,0.00,182.61,1292,33,1670.5,36.3,0,0,0.0,0.0,0,
25.8.2026,15:56:3.628,10181,9072,52.8,6608,9701,40.5,0.1,2944,2,1.172,1.188,1.169,1.169,1.169,1.169,1.169,3921.7,3620.0,3620.0,4525.0,3620.0,4525.0,3620.0,100.0,618.3,212.7,64.4,222.1,640.9,661.6,1818.4,15.4,24.1,275.1,3228.4,95.3,161.4,618.3,14.2,3.5,2.2,5.1,15.6,14.7,40.7,0.0,2.1,6.0,71.8,2.1,6.6,71.8,14.2,16.4,3.8,1.7,5.7,17.0,17.6,48.9,0.4,0.6,7.3,87.1,2.4,4.1,16.4,39.2,36.2,36.2,45.2,36.2,45.2,36.2,0.0,27.2,5.3,19.7,54.9,1.0,76.2,6.2,50.5,94.4,76.8,45.1,12.6,23.8,50.1,22.3,0.3,3.5,0.0,86.4,0.0,43.7,1600.0,16.00,16,18,18,36,74,560,1,49.0,48.3,49.0,38.4,37.2,36.4,43.0,33.5,46.0,34.4,35.4,35.4,33.0,28.8,1.188,0.994,1.200,16.296,5.595,16.299,21.008,40.581,2.208,1.358,2.061,3.990,0.237,4.648,0.956,19.294,5.560,24.855,40.590,1600.0,1600.0,4520.3,4520.3,4650.0,53.4,27.2,23.3,50.9,145.2,No,No,No,0.780,0.490,1.6,49.0,41.0,39.0,36.0,35.5,38.5,39.0,12.120,4.970,1.004,1.348,1.174,0.778,0.824,1.552,3.320,1.834,1275,710,545,554,1.056,1.258,39,39,48,79.0,100.0,No,No,80669,102288,0.1,0.4,0.6,0.534,3.773,17241,13626,50.7,70.0,60.8,68,68,68,68,70,66,66,68,70,83.0,0.919,12.107,12.223,12.091,12.070,12.043,1323,1366,231.458,81.431,171.523,16.330,81.322,73.832,60.358,171.523,60.400,19.324,78.266,310.000,350.000,1815.0,1156.5,1590.0,1813.4,1725.0,1530.0,1815.4,1154.9,1724.6,100.0,100.0,0.0,0.0,47.1,25.0,100.0,0.0,0.0,0.0,59,66,Yes,No,No,No,No,Yes,No,74.8,80.5,4,0,0,0,0,0,0,0,0,120,0,0,0,0,0,0,0,0,0,0,0,0,0,0,0,0,0,0,0,0,4337,3855,3685,101,16.0,2.9,2.9,2.9,2.9,2.9,2.9,2.9,2.9,2.9,2.9,2.9,2.9,350.56,350.56,350.56,350.56,350.56,350.56,0.34,350.03,350.56,0.00,167.89,1295,33,1382.0,32.1,0,0,0.0,0.0,0,
25.8.2026,15:56:5.647,10164,9089,52.7,6590,9719,40.4,0.1,2944,2,1.168,1.188,1.163,1.163,1.163,1.163,1.169,3921.7,3620.0,3620.0,4525.0,3620.0,4525.0,3620.0,100.0,550.0,212.8,61.8,175.5,185.6,314.1,3010.0,27.1,21.8,289.5,2153.5,80.7,67.5,550.0,11.5,3.0,0.1,3.5,3.8,5.8,66.4,0.9,0.8,5.5,47.7,0.6,0.3,66.4,11.5,14.6,3.8,1.6,4.6,4.9,8.4,81.3,0.7,0.6,7.0,58.3,2.1,1.8,14.6,39.2,36.2,36.2,45.2,36.2,45.2,36.2,0.0,24.1,5.3,7.8,73.3,1.2,53.4,3.5,51.5,94.7,92.2,26.7,7.6,46.6,41.2,24.4,0.0,0.0,0.0,91.2,0.0,55.3,1600.0,16.00,16,18,18,36,74,560,1,49.5,48.3,47.2,37.9,37.4,35.2,44.8,33.3,42.7,33.8,35.3,35.3,34.5,30.0,1.188,0.994,1.200,14.529,5.922,14.533,17.667,39.366,1.793,1.339,1.406,3.810,0.194,3.336,0.674,17.172,5.885,23.057,39.341,1600.0,1600.0,4520.3,4520.3,4650.0,51.8,24.2,19.6,50.9,159.1,No,No,No,0.388,0.298,1.4,50.0,41.0,39.0,36.0,35.5,38.5,39.0,12.120,4.960,1.004,1.348,1.238,0.778,0.824,1.552,3.316,1.834,1321,693,544,552,1.056,1.255,39,39,47,79.0,100.0,No,No,80669,102288,0.3,0.5,0.7,0.626,4.184,17242,13634,51.0,70.0,60.9,70,70,70,70,70,68,68,70,70,83.0,0.919,12.101,12.216,12.086,12.064,12.038,1325,1362,231.718,81.404,170.898,16.235,81.034,73.569,60.517,170.898,60.550,20.581,78.351,310.000,350.000,1815.0,1156.5,1590.0,1813.0,1725.0,1530.0,1814.6,1155.5,1724.4,82.0,96.0,0.0,0.0,47.1,25.0,100.0,0.0,0.0,0.0,59,66,Yes,No,No,No,No,Yes,No,74.7,80.7,4,0,0,0,0,0,0,0,0,120,0,0,0,0,0,0,0,0,0,0,0,0,0,0,0,0,0,0,0,0,4337,3855,3685,101,16.0,1.9,1.9,1.9,1.9,1.9,1.9,1.9,1.9,1.9,1.9,1.9,1.9,517.09,517.09,517.09,517.09,517.09,517.09,0.33,516.76,517.09,0.00,33.63,1298,33,1727.8,41.5,0,0,0.0,0.0,0,
25.8.2026,15:56:7.644,10148,9106,52.7,6603,9707,40.4,0.1,2944,2,1.257,1.262,1.256,1.256,1.256,1.256,1.256,3875.0,3720.0,3720.0,4650.0,3720.0,3720.0,3720.0,100.0,578.5,156.5,26.3,201.8,152.0,3207.5,1349.0,20.6,19.1,265.3,1433.8,76.2,34.5,578.5,13.6,3.3,1.5,5.0,3.9,69.4,29.9,1.4,1.4,7.3,35.2,2.7,1.7,69.4,13.6,15.5,3.3,0.6,5.3,4.0,86.6,36.5,0.5,0.5,7.7,38.6,1.9,0.9,15.5,38.8,37.2,37.2,46.5,37.2,37.2,37.2,0.0,26.3,4.2,8.7,98.8,1.0,42.2,2.8,50.0,95.8,91.3,1.2,8.6,57.8,45.6,23.7,0.0,0.0,0.0,90.4,0.0,51.6,1600.0,16.00,16,18,18,36,74,560,1,51.2,50.7,51.5,39.0,38.5,35.8,50.0,33.5,42.5,34.0,35.7,35.7,34.5,29.7,1.263,0.994,1.275,16.791,5.928,16.779,20.337,42.692,2.133,1.483,1.610,5.240,0.204,3.505,0.757,20.620,5.891,26.512,42.776,1600.0,1600.0,4598.1,4598.1,4650.0,56.3,28.0,22.6,53.3,160.6,No,No,No,0.438,0.312,1.6,51.0,41.0,39.0,36.0,35.5,38.5,39.0,12.120,4.980,1.004,1.348,1.228,0.778,0.824,1.550,3.308,1.834,1320,691,545,553,1.056,1.261,39,39,47,79.0,100.0,No,No,80669,102288,0.0,0.3,0.3,0.049,4.449,17242,13643,51.4,72.0,61.3,69,70,70,70,70,68,68,68,70,83.0,0.919,12.102,12.218,12.087,12.065,12.039,1322,1366,231.929,81.127,170.765,16.140,81.056,73.527,60.402,170.765,60.430,18.806,78.251,310.000,350.000,1815.0,1156.5,1590.0,1812.9,1725.0,1530.0,1814.6,1156.1,1725.2,80.0,94.0,0.0,0.0,47.1,25.0,100.0,0.0,0.0,0.0,59,66,Yes,No,No,No,No,Yes,No,74.6,80.9,4,0,0,0,0,0,0,0,0,120,0,0,0,0,0,0,0,0,0,0,0,0,0,0,0,0,0,0,0,0,4337,3855,3685,101,16.0,1.8,1.8,1.8,1.8,1.8,1.8,1.8,1.8,1.8,1.8,1.8,1.8,550.08,550.08,550.08,550.08,550.08,550.08,0.36,549.70,550.08,0.00,33.31,1302,33,2068.1,48.2,0,0,0.0,0.0,0,
25.8.2026,15:56:9.643,10142,9111,52.6,6607,9702,40.5,0.1,2944,2,1.248,1.250,1.244,1.244,1.244,1.262,1.244,3875.0,3720.0,3720.0,4650.0,3720.0,3720.0,3720.0,100.0,520.4,138.2,16.4,165.6,100.0,4576.8,17.1,17.8,10.3,324.6,788.8,61.3,28.3,520.4,11.5,2.8,0.4,4.2,2.5,98.4,0.0,0.3,0.1,7.9,20.7,0.0,0.0,98.4,11.5,13.9,3.0,0.5,4.3,2.6,123.7,0.4,0.4,0.3,8.1,20.9,1.6,0.7,13.9,38.8,37.2,37.2,46.5,37.2,37.2,37.2,0.0,23.4,3.7,7.0,98.6,0.7,27.9,2.5,46.8,96.3,76.5,1.4,6.3,72.1,28.4,29.8,0.0,16.5,0.0,92.9,0.0,69.2,1600.0,16.00,16,18,18,36,74,560,1,51.8,51.3,51.5,38.9,39.0,35.4,51.2,33.5,40.7,33.8,36.0,36.0,34.8,30.0,1.263,0.994,1.275,16.083,5.917,16.091,17.574,42.343,2.008,1.549,1.350,5.602,0.171,2.831,0.544,20.145,5.880,26.025,42.307,1600.0,1600.0,4643.5,4643.5,4650.0,55.7,26.8,19.5,54.0,166.7,No,No,No,0.338,0.252,1.4,50.0,41.0,39.0,36.0,35.5,38.5,39.0,12.144,4.990,1.004,1.348,1.172,0.778,0.822,1.556,3.340,1.834,1363,692,544,542,1.057,1.271,39,39,47,79.0,100.0,No,No,80669,102288,0.0,0.3,0.3,0.056,3.312,17242,13649,46.8,58.0,56.9,58,58,58,58,58,58,58,58,58,83.0,0.975,12.173,12.264,12.160,12.134,12.134,1328,1373,139.853,34.785,75.927,4.869,36.248,34.789,34.265,75.927,34.283,3.324,13.435,310.000,350.000,1920.0,1187.7,1680.0,1823.2,1815.0,1605.0,1920.5,1186.7,1814.8,0.0,0.0,0.0,0.0,7.5,0.0,0.0,0.0,0.0,0.0,59,66,Yes,No,No,No,No,Yes,No,35.6,45.6,4,0,0,0,0,0,0,0,0,120,0,0,0,0,0,0,0,0,0,0,0,0,0,0,0,0,0,0,0,0,7576,616,446,25,16.0,1.8,1.8,1.8,1.8,1.8,1.8,1.8,1.8,1.8,1.8,1.8,1.8,550.08,550.08,550.08,550.08,550.08,550.08,0.36,549.70,550.08,0.00,33.31,1305,33,1379.2,30.8,0,0,0.0,0.0,0,
25.8.2026,15:56:11.641,5537,13716,28.7,5941,10369,36.4,0.1,2944,2,1.132,0.956,1.163,1.169,1.169,1.169,1.169,3780.0,3675.0,3620.0,4525.0,3620.0,3620.0,3620.0,100.0,265.0,138.4,19.4,236.1,41.0,1121.4,380.1,10.2,4.2,384.1,788.4,35.3,21.0,265.0,5.8,3.0,0.0,5.8,0.4,24.0,8.2,0.0,0.0,10.0,18.3,0.0,0.0,24.0,5.8,7.0,2.9,0.5,6.3,1.0,29.6,10.0,0.2,0.1,10.8,21.6,0.9,0.5,7.0,37.8,36.8,36.2,45.2,36.2,36.2,36.2,0.0,12.0,3.7,6.8,32.1,0.4,27.5,1.5,49.1,95.7,50.9,58.5,2.6,72.2,14.9,38.9,0.6,42.3,9.4,97.0,0.3,83.6,1600.0,16.00,16,18,18,36,74,560,1,50.2,42.4,48.0,35.8,36.1,34.4,39.5,33.0,38.9,33.1,34.9,34.9,34.8,29.8,1.169,0.994,1.175,10.467,5.952,10.484,10.484,34.502,1.136,1.050,0.855,2.285,0.084,2.258,0.288,12.144,5.915,18.059,34.384,1600.0,1600.0,4168.5,4168.5,4650.0,45.2,17.5,11.6,44.6,176.8,No,No,No,0.509,0.569,0.7,48.0,41.0,39.0,36.0,35.5,38.5,39.0,12.168,5.000,1.002,1.348,0.964,0.778,0.822,1.562,3.352,1.834,1307,694,544,542,1.057,1.247,39,39,47,79.0,100.0,No,No,80669,102288,0.3,0.4,0.7,0.731,3.994,17244,13657,43.8,54.0,51.4,51,52,50,52,52,50,50,50,52,83.0,0.994,12.203,12.272,12.190,12.166,12.184,1327,1368,94.333,13.147,30.673,3.227,12.750,14.672,7.542,30.673,7.552,3.343,7.890,310.000,350.000,1920.0,101.2,1680.0,1920.0,1815.0,1605.0,1379.5,71.9,1305.1,0.0,1.0,0.0,0.0,7.5,0.0,0.0,0.0,0.0,0.0,59,66,Yes,No,No,No,No,Yes,No,12.3,10.8,4,0,0,0,0,0,0,0,0,121,0,0,0,0,0,0,0,0,0,0,0,0,0,0,0,0,0,0,0,0,7576,616,446,25,5.0,2.7,2.7,2.7,2.7,2.7,2.7,2.7,2.7,2.7,2.7,2.7,2.7,366.47,366.47,366.47,366.47,366.47,366.47,0.23,366.28,366.47,0.00,349.66,1307,34,1331.9,37.1,0,0,0.0,0.0,0,
25.8.2026,15:56:13.657,5537,13716,28.7,5937,10372,36.4,0.1,2944,2,0.956,0.956,0.956,0.956,0.956,0.956,0.956,3675.0,3675.0,3675.0,3675.0,3675.0,3675.0,3675.0,100.0,159.8,61.4,1.3,22.1,20.4,80.1,148.3,3.3,0.4,117.9,1450.2,6.7,5.5,159.8,4.5,1.2,0.0,0.0,0.0,1.0,3.3,0.0,0.0,3.2,32.0,0.0,13.5,32.0,4.5,4.3,1.3,0.0,0.5,0.5,2.1,3.9,0.1,0.0,3.8,39.0,0.2,0.1,4.3,36.8,36.8,36.8,36.8,36.8,36.8,36.8,0.0,7.2,1.7,1.1,5.3,0.1,34.9,0.3,41.1,91.7,19.9,66.7,0.4,65.1,3.0,51.6,6.7,79.0,28.0,99.5,0.0,96.7,1600.0,16.00,16,18,18,36,74,560,1,48.0,39.8,39.0,34.3,34.2,32.9,34.5,32.4,39.4,32.3,34.0,34.0,34.8,29.6,1.156,0.994,1.163,7.811,5.216,7.818,7.818,28.834,0.735,0.714,0.261,0.740,0.030,2.599,0.064,8.537,5.184,13.720,28.831,1600.0,1600.0,3985.5,3985.5,4650.0,37.9,13.0,8.7,41.9,190.7,No,No,No,0.262,0.143,0.4,48.0,41.0,39.0,36.0,35.5,38.5,39.0,12.192,5.010,1.004,1.352,0.976,0.778,0.822,1.562,3.352,1.836,1317,1392,547,543,1.056,1.265,39,39,47,79.0,100.0,No,No,80669,102288,0.0,0.1,0.1,0.008,2.232,17244,13665,42.3,50.0,50.0,48,50,48,48,50,48,48,48,48,83.0,0.994,12.213,12.277,12.201,12.177,12.197,1321,1364,31.066,10.549,24.624,2.603,9.614,12.384,5.806,24.624,5.813,3.280,6.189,310.000,350.000,1920.0,101.2,1680.0,508.0,1815.0,1605.0,1382.4,72.0,1307.8,0.0,1.0,0.0,0.0,7.5,0.0,0.0,0.0,0.0,0.0,59,66,Yes,No,No,No,No,Yes,No,9.8,10.5,4,0,0,0,0,0,0,0,0,121,0,0,0,0,0,0,0,0,0,0,0,0,0,0,0,0,0,0,0,0,7576,616,446,25,5.0,1.9,1.9,1.9,1.9,1.9,1.9,1.9,1.9,1.9,1.9,1.9,1.9,516.44,516.44,516.44,516.44,516.44,516.44,0.72,515.99,516.44,0.00,16.81,1312,34,1175.9,28.5,0,0,0.0,0.0,0,
25.8.2026,15:56:15.654,5539,13715,28.7,5936,10373,36.3,0.1,2944,2,0.956,0.956,0.956,0.956,0.956,0.956,0.956,3665.8,3675.0,3675.0,3675.0,3675.0,3675.0,3620.0,100.0,105.9,69.8,2.0,13.1,16.0,115.7,275.9,1.6,0.3,149.2,607.2,8.8,10.8,105.9,5.8,1.5,0.0,4.9,7.7,3.6,6.3,0.1,21.1,3.6,13.6,6.9,0.0,21.1,5.8,2.8,1.4,0.0,0.3,0.4,3.0,7.4,0.0,0.0,3.9,16.3,0.2,0.3,2.8,36.7,36.8,36.8,36.8,36.8,36.8,36.2,0.0,4.9,1.9,0.8,9.0,0.0,17.2,0.5,48.0,98.1,14.8,90.1,0.2,82.8,1.9,47.1,0.0,84.4,0.8,99.7,0.0,97.6,1600.0,16.00,16,18,18,36,74,560,1,46.9,37.2,39.0,33.8,34.3,32.8,35.0,32.4,36.1,32.3,33.9,33.9,34.2,28.8,1.156,0.994,1.163,6.804,5.192,6.800,6.800,27.443,0.593,0.724,0.192,1.020,0.025,1.534,0.065,7.204,5.160,12.364,27.452,1600.0,1600.0,3885.5,3885.5,4650.0,36.1,11.3,7.6,39.2,200.0,No,No,No,0.185,0.094,0.3,47.0,41.0,39.0,36.0,35.5,38.5,39.0,12.168,5.000,1.004,1.348,1.166,0.778,0.822,1.560,3.352,1.834,1286,714,547,543,1.057,1.257,39,39,47,79.0,100.0,No,No,80669,102288,0.0,0.2,0.2,0.032,3.277,17244,13671,41.6,48.0,49.3,48,48,48,48,48,46,48,46,48,83.0,0.994,12.210,12.275,12.197,12.173,12.194,1319,1362,31.070,10.484,24.469,2.614,9.538,12.295,5.804,24.469,5.814,3.271,6.086,310.000,350.000,1920.0,101.2,1680.0,519.3,1815.0,1605.0,1383.1,71.3,1306.9,0.0,1.0,0.0,0.0,7.5,0.0,0.0,0.0,0.0,0.0,59,66,Yes,No,No,No,No,Yes,No,9.8,9.9,4,0,0,0,0,0,0,0,0,121,0,0,0,0,0,0,0,0,0,0,0,0,0,0,0,0,0,0,0,0,7576,616,446,25,5.0,1.9,1.9,1.9,1.9,1.9,1.9,1.9,1.9,1.9,1.9,1.9,1.9,516.93,516.93,516.93,516.93,516.93,516.93,0.63,516.24,516.93,0.00,16.62,1316,34,1737.8,39.8,0,0,0.0,0.0,0,
25.8.2026,15:56:17.673,6749,12505,35.0,6463,9846,39.6,0.1,2944,2,1.169,1.169,1.169,1.169,1.169,1.169,1.169,3770.8,3620.0,3620.0,3620.0,3620.0,4525.0,3620.0,100.0,461.3,185.9,42.7,209.1,362.8,802.0,1216.5,17.8,22.2,610.6,1854.0,81.8,130.6,461.3,12.2,3.3,1.9,6.3,8.3,17.9,27.0,1.2,5.7,13.0,41.1,2.7,18.4,41.1,12.2,12.2,3.5,1.1,5.5,9.6,21.5,32.5,0.4,0.6,16.4,49.8,2.1,3.4,12.2,37.7,36.2,36.2,36.2,36.2,45.2,36.2,0.0,20.6,4.7,13.4,44.8,1.0,54.6,5.1,50.4,94.9,68.2,55.2,8.9,45.4,29.6,29.0,0.5,18.4,0.0,90.1,0.0,65.3,1600.0,16.00,16,18,18,36,74,560,1,48.8,45.3,46.0,37.1,36.6,35.6,40.9,33.2,42.6,33.7,35.0,35.0,34.2,29.1,1.188,0.994,1.200,14.141,5.278,14.124,14.124,36.828,1.849,1.231,1.586,3.420,0.191,3.991,0.674,16.512,5.246,21.758,36.942,1600.0,1600.0,4375.4,4375.4,4650.0,48.6,23.5,15.7,47.7,148.3,No,No,No,0.911,0.602,1.2,48.0,41.0,39.0,36.0,35.5,38.5,39.0,12.168,5.000,1.004,1.348,1.176,0.776,0.822,1.560,3.348,1.836,1261,701,547,543,1.056,1.271,39,39,47,79.0,100.0,No,No,80669,102288,0.0,0.3,0.3,0.024,4.396,17244,13680,41.4,48.0,49.2,47,48,46,48,48,46,48,46,48,83.0,0.994,12.207,12.273,12.194,12.171,12.191,1311,1357,30.695,10.460,24.469,2.688,9.463,12.293,5.742,24.469,5.753,3.246,6.022,310.000,350.000,1920.0,101.2,1680.0,476.7,1815.0,1605.0,1381.8,71.9,1297.0,0.0,1.0,0.0,0.0,7.5,0.0,0.0,0.0,0.0,0.0,58,66,Yes,No,No,No,No,Yes,No,9.7,9.9,4,0,0,0,0,0,0,0,0,121,0,0,0,0,0,0,0,0,0,0,0,0,0,0,0,0,0,0,0,0,7576,616,446,25,5.0,1.9,1.9,1.9,1.9,1.9,1.9,1.9,1.9,1.9,1.9,1.9,1.9,533.73,533.73,533.73,533.73,533.73,533.73,0.65,533.05,533.73,0.00,199.28,1319,34,1814.7,40.3,0,0,0.0,0.0,0,
25.8.2026,15:56:19.679,10159,9094,52.7,6578,9731,40.3,0.1,2944,2,1.188,1.188,1.188,1.188,1.188,1.188,1.188,4223.3,3620.0,4525.0,4525.0,3620.0,4525.0,4525.0,100.0,540.0,176.1,30.7,206.3,114.9,372.6,1621.4,11.1,9.1,204.7,3594.5,90.2,48.3,540.0,12.3,3.5,1.6,4.9,3.5,8.5,36.0,0.4,0.0,5.4,79.5,2.9,1.9,79.5,12.3,14.4,3.6,0.8,5.3,2.9,9.8,43.7,0.3,0.2,5.4,97.1,2.3,1.2,14.4,42.2,36.2,45.2,45.2,36.2,45.2,45.2,0.0,24.0,4.6,7.7,44.2,0.5,83.9,3.3,50.5,95.4,91.1,55.8,9.0,16.1,35.6,25.4,0.0,1.1,0.0,90.5,0.0,61.1,1600.0,16.00,16,18,18,36,74,560,1,49.5,48.5,47.0,38.0,37.1,35.4,41.8,33.4,46.7,33.9,35.5,35.5,34.5,28.9,1.194,0.994,1.200,14.400,5.816,14.398,17.416,38.905,1.816,1.300,1.391,3.163,0.169,4.264,0.609,17.013,5.780,22.793,38.928,1600.0,1600.0,4519.9,4519.9,4650.0,51.2,24.0,19.4,51.1,155.6,No,No,No,0.488,0.369,1.4,49.0,41.0,39.0,36.0,35.5,38.5,39.0,12.096,4.970,1.004,1.348,1.180,0.778,0.822,1.550,3.316,1.836,1261,713,546,542,1.056,1.258,39,39,47,79.0,100.0,No,No,80669,102288,0.1,0.3,0.4,0.252,4.727,17245,13689,50.8,66.0,61.4,65,64,66,66,66,64,64,64,66,83.0,1.000,12.096,12.212,12.077,12.061,12.032,813,776,193.049,90.096,189.681,19.490,88.876,81.267,60.341,189.681,60.376,23.979,97.172,310.000,350.000,1920.0,1156.5,1695.0,1318.1,1830.0,1620.0,1919.8,1155.3,1829.9,100.0,100.0,0.0,0.0,47.1,0.0,0.0,0.0,0.0,0.0,0,0,Yes,No,No,No,No,Yes,No,80.7,80.7,4,0,0,0,0,0,0,0,0,122,0,0,0,0,0,0,0,0,0,0,0,0,0,0,0,0,0,0,0,0,4337,3855,3685,101,16.0,1.9,1.9,1.9,1.9,1.9,1.9,1.9,1.9,1.9,1.9,1.9,1.9,516.58,516.58,516.58,516.58,516.58,516.58,0.36,516.25,516.58,0.00,65.65,1323,34,2054.7,45.5,0,0,0.0,0.0,0,
25.8.2026,15:56:21.685,10121,9132,52.5,6587,9722,40.3,0.1,2944,2,1.244,1.244,1.244,1.244,1.244,1.244,1.244,3875.0,3720.0,3720.0,3720.0,3720.0,4650.0,3720.0,100.0,510.5,128.4,17.0,138.8,118.3,189.5,1646.9,8.0,12.4,243.1,3532.9,63.5,26.6,510.5,11.3,2.7,0.5,2.7,3.0,4.6,36.8,0.3,0.0,5.5,77.5,1.7,0.0,77.5,11.3,13.7,2.7,0.4,3.6,3.1,5.1,44.4,0.2,0.3,6.5,95.5,1.6,0.7,13.7,38.8,37.2,37.2,37.2,37.2,46.5,37.2,0.0,22.7,3.4,6.3,41.2,0.5,82.6,2.3,49.6,96.6,92.6,58.8,4.5,17.4,27.9,27.6,0.0,1.1,0.0,95.0,0.0,69.8,1600.0,16.00,16,18,18,36,74,560,1,50.5,49.4,47.5,38.0,36.9,35.3,41.3,33.3,47.3,33.6,35.5,35.5,34.8,29.3,1.237,0.994,1.250,13.935,5.860,13.938,16.026,38.775,1.748,1.288,1.348,2.768,0.121,4.497,0.467,16.696,5.824,22.520,38.791,1600.0,1600.0,4554.8,4554.8,4650.0,51.0,23.2,17.8,52.0,158.5,No,No,No,0.327,0.248,1.4,50.0,41.0,39.0,36.0,35.5,38.5,39.0,12.096,4.960,1.004,1.348,1.170,0.778,0.822,1.550,3.308,1.834,1291,718,542,542,1.056,1.237,39,39,47,79.0,100.0,No,No,80669,102288,0.0,0.2,0.2,0.008,3.240,17245,13695,51.9,70.0,62.3,68,68,68,70,68,68,68,68,68,83.0,1.000,12.095,12.212,12.077,12.061,12.032,0,0,244.801,90.236,189.605,19.088,89.101,81.373,60.533,189.605,60.563,24.867,97.385,310.000,350.000,1920.0,1156.5,1695.0,1918.1,1830.0,1620.0,1919.6,1155.6,1830.7,100.0,100.0,0.0,0.0,47.1,25.0,100.0,0.0,0.0,0.0,0,0,Yes,No,No,No,No,Yes,No,80.7,80.9,4,0,0,0,0,0,0,0,0,122,0,0,0,0,0,0,0,0,0,0,0,0,0,0,0,0,0,0,0,0,4337,3855,3685,100,16.0,1.8,1.8,1.8,1.8,1.8,1.8,1.8,1.8,1.8,1.8,1.8,1.8,550.09,550.09,550.09,550.09,550.09,550.09,0.72,549.74,550.09,0.00,32.91,1326,34,1566.0,37.2,0,0,0.0,0.0,0,
25.8.2026,15:56:23.700,10143,9110,52.6,6611,9698,40.5,0.1,2944,2,1.250,1.250,1.250,1.250,1.250,1.250,1.250,3875.0,3720.0,3720.0,4650.0,3720.0,3720.0,3720.0,100.0,571.0,163.3,33.5,195.6,153.2,4393.7,20.7,26.5,8.9,282.8,1461.8,66.8,44.8,571.0,13.5,3.3,0.0,4.9,3.8,98.4,0.0,0.1,12.6,6.6,32.1,0.3,0.0,98.4,13.5,15.3,3.2,0.9,5.2,4.0,118.7,0.5,0.7,0.2,7.5,39.4,1.7,1.1,15.3,38.8,37.2,37.2,46.5,37.2,37.2,37.2,0.0,25.6,4.2,8.3,98.5,0.9,38.8,2.8,48.4,95.8,87.8,1.5,7.1,61.2,37.0,26.0,0.0,3.9,0.0,92.1,0.0,60.2,1600.0,16.00,16,18,18,36,74,560,1,51.5,49.8,51.2,38.5,38.1,35.3,48.2,33.4,42.3,33.8,35.6,35.6,33.8,29.5,1.244,0.994,1.256,14.908,5.880,14.905,18.727,39.969,1.932,1.355,1.381,4.691,0.169,3.389,0.609,17.855,5.843,23.698,39.978,1600.0,1600.0,4545.4,4545.4,4650.0,52.6,24.8,20.8,52.4,153.5,No,No,No,0.445,0.322,1.5,51.0,41.0,39.0,36.0,36.0,38.0,39.0,12.096,4.960,1.004,1.348,1.172,0.780,0.822,1.552,3.312,1.836,1310,720,541,541,1.056,1.263,39,39,47,79.0,100.0,No,No,80669,102288,0.0,0.2,0.2,0.008,3.240,17245,13695,52.9,70.0,63.3,70,70,70,70,70,68,70,68,70,83.0,1.000,12.096,12.213,12.077,12.062,12.031,0,0,243.534,90.428,189.959,19.174,89.261,81.478,60.518,189.959,60.561,25.352,97.586,310.000,350.000,1920.0,1156.5,1695.0,1918.0,1830.0,1620.0,1919.3,1155.2,1829.6,100.0,100.0,0.0,0.0,47.1,25.0,100.0,0.0,0.0,0.0,41,42,Yes,No,No,No,No,Yes,No,80.8,81.1,4,0,0,0,0,0,0,0,0,122,0,0,0,0,0,0,0,0,0,0,0,0,0,0,0,0,0,0,0,0,4337,3855,3685,100,16.0,1.8,1.8,1.8,1.8,1.8,1.8,1.8,1.8,1.8,1.8,1.8,1.8,550.09,550.09,550.09,550.09,550.09,550.09,0.72,549.74,550.09,0.00,32.91,1326,34,1566.0,37.2,0,0,0.0,0.0,0,
25.8.2026,15:56:25.699,10143,9110,52.6,6611,9698,40.5,0.1,2944,2,1.250,1.250,1.250,1.250,1.250,1.250,1.250,3875.0,3720.0,3720.0,4650.0,3720.0,3720.0,3720.0,100.0,571.0,163.3,33.5,195.6,153.2,4393.7,20.7,26.5,8.9,282.8,1461.8,66.8,44.8,571.0,13.5,3.3,0.0,4.9,3.8,98.4,0.0,0.1,12.6,6.6,32.1,0.3,0.0,98.4,13.5,15.3,3.2,0.9,5.2,4.0,118.7,0.5,0.7,0.2,7.5,39.4,1.7,1.1,15.3,38.8,37.2,37.2,46.5,37.2,37.2,37.2,0.0,25.6,4.2,8.3,98.5,0.9,38.8,2.8,48.4,95.8,87.8,1.5,7.1,61.2,37.0,26.0,0.0,3.9,0.0,92.1,0.0,60.2,1600.0,16.00,16,18,18,36,74,560,1,51.5,49.8,51.2,38.5,38.1,35.3,48.2,33.4,42.3,33.8,35.6,35.6,33.8,29.5,1.244,0.994,1.256,14.908,5.880,14.905,18.727,39.969,1.932,1.355,1.381,4.691,0.169,3.389,0.609,17.855,5.843,23.698,39.978,1600.0,1600.0,4545.4,4545.4,4650.0,52.6,24.8,20.8,52.4,153.5,No,No,No,0.445,0.322,1.5,51.0,41.0,39.0,36.0,36.0,38.5,39.0,12.168,4.980,1.004,1.348,1.260,0.778,0.822,1.558,3.332,1.834,1317,698,542,553,1.056,1.257,39,39,47,79.0,100.0,No,No,80669,102288,0.2,0.4,0.6,0.520,4.786,17246,13704,52.2,72.0,61.5,70,70,70,70,72,68,68,68,70,83.0,1.000,12.093,12.209,12.075,12.059,12.030,948,941,246.327,90.462,190.444,19.827,89.138,81.450,60.593,190.444,60.625,23.977,97.663,310.000,350.000,1920.0,1156.5,1695.0,1917.9,1830.0,1620.0,1919.8,1155.2,1830.1,100.0,100.0,0.0,0.0,47.1,25.0,100.0,0.0,0.0,0.0,59,66,Yes,No,No,No,No,Yes,No,81.0,45.3,4,0,0,0,0,0,0,0,0,122,0,0,0,0,0,0,0,0,0,0,0,0,0,0,0,0,0,0,0,0,4337,3855,3685,100,16.0,1.9,1.9,1.9,1.9,1.9,1.9,1.9,1.9,1.9,1.9,1.9,1.9,533.52,533.52,533.52,533.52,533.52,533.52,0.58,532.83,533.52,0.00,0.11,1330,34,1756.4,40.4,0,0,0.0,0.0,0,
25.8.2026,15:56:27.719,5521,13732,28.6,5927,10383,36.3,0.1,2944,2,1.123,0.956,1.156,1.156,1.156,1.156,1.156,3675.0,3675.0,3675.0,3675.0,3675.0,3675.0,3675.0,100.0,121.6,93.2,3.0,17.0,36.4,119.3,119.9,1.9,0.7,285.5,768.0,11.9,2.2,121.6,2.9,1.7,0.0,0.0,0.9,2.8,2.8,0.8,0.0,6.5,17.2,1.1,0.8,17.2,2.9,3.2,1.7,0.2,0.4,0.9,3.1,3.1,0.0,0.0,7.6,20.6,0.3,0.0,3.2,36.8,36.8,36.8,36.8,36.8,36.8,36.8,0.2,5.4,2.2,1.4,5.6,0.1,23.0,0.4,45.8,95.4,17.8,84.8,0.2,76.1,0.3,48.8,2.4,80.8,9.6,99.7,0.8,99.3,1600.0,16.00,16,18,18,36,74,560,1,49.1,37.8,38.5,33.9,34.3,32.9,34.5,32.4,37.2,32.2,33.9,33.9,33.8,29.1,1.156,0.994,1.163,6.862,5.866,6.859,6.859,29.380,0.619,0.739,0.239,0.825,0.025,1.850,0.035,7.324,5.830,13.154,29.380,1600.0,1600.0,3901.8,3901.8,4650.0,38.7,11.4,7.6,39.8,194.8,No,No,No,0.208,0.126,0.3,49.0,41.0,39.0,36.0,36.0,38.5,39.0,12.168,4.990,1.004,1.348,0.986,0.776,0.820,1.558,3.336,1.834,1359,713,544,542,1.056,1.256,39,39,47,79.0,100.0,No,No,80669,102288,0.1,0.3,0.4,0.229,3.457,17247,13720,47.9,58.0,57.8,56,56,56,56,58,56,56,56,56,83.0,1.081,12.165,12.259,12.153,12.125,12.124,1120,1166,118.657,38.003,84.172,6.338,39.339,38.461,34.201,84.172,34.227,4.186,16.932,310.000,350.000,1995.0,1187.7,1770.0,1982.1,1905.0,1695.0,1994.9,1187.0,1904.9,0.0,0.0,0.0,0.0,7.5,0.0,0.0,0.0,0.0,0.0,59,66,Yes,No,No,Yes,No,No,No,38.2,45.5,4,0,0,0,0,0,0,0,0,122,0,0,0,0,0,0,0,0,0,0,0,0,0,0,0,0,0,0,0,0,7576,616,446,24,16.0,1.9,1.9,1.9,1.9,1.9,1.9,1.9,1.9,1.9,1.9,1.9,1.9,533.29,533.29,533.29,533.29,533.29,533.29,0.26,533.03,533.29,0.00,165.87,1337,34,1619.2,38.8,0,0,0.0,0.0,0,
25.8.2026,15:56:29.728,5521,13733,28.6,5925,10385,36.3,0.1,2944,2,0.956,0.956,0.956,0.956,0.956,0.956,0.956,3675.0,3675.0,3675.0,3675.0,3675.0,3675.0,3675.0,100.0,104.7,64.8,4.9,20.9,10.6,91.6,51.4,1.8,0.2,223.5,778.7,5.2,3.0,104.7,2.9,1.9,0.7,0.0,0.0,2.1,1.0,0.0,6.4,4.9,17.2,0.0,0.0,17.2,2.9,2.7,1.3,0.1,0.5,0.3,2.3,1.3,0.0,0.0,5.9,21.0,0.1,0.1,2.7,36.8,36.8,36.8,36.8,36.8,36.8,36.8,0.0,4.8,1.7,0.8,3.7,0.1,22.4,0.2,43.2,97.4,10.7,72.4,0.2,76.9,1.8,52.0,0.9,88.5,24.0,99.7,0.8,97.9,1600.0,16.00,16,18,18,36,74,560,1,47.5,37.1,38.5,33.5,33.9,32.6,33.9,32.2,36.6,32.0,33.6,33.6,33.8,27.9,1.156,0.994,1.163,6.351,5.237,6.355,6.355,27.160,0.559,0.704,0.149,0.661,0.023,1.773,0.044,6.737,5.205,11.942,27.140,1600.0,1600.0,3889.1,3889.1,4650.0,35.7,10.6,7.1,39.1,198.3,No,No,No,0.178,0.088,0.3,47.0,41.0,39.0,36.0,35.5,38.5,39.0,12.168,5.000,1.004,1.348,0.966,0.776,0.822,1.560,3.352,1.834,1323,698,546,541,1.056,1.267,39,39,47,79.0,100.0,No,No,80669,102288,0.2,0.3,0.5,0.573,2.853,17248,13725,44.0,50.0,51.8,50,50,50,50,50,50,50,50,50,83.0,1.075,12.211,12.276,12.199,12.175,12.195,1269,1326,55.587,11.965,28.026,3.032,11.016,13.965,5.707,28.026,5.719,4.032,8.161,310.000,350.000,2010.0,101.2,1770.0,1827.0,1905.0,1695.0,703.3,34.9,670.9,0.0,5.0,0.0,0.0,7.5,0.0,0.0,0.0,0.0,0.0,59,66,Yes,No,No,Yes,No,No,No,11.4,12.9,4,0,0,0,0,0,0,0,0,123,0,0,0,0,0,0,0,0,0,0,0,0,0,0,0,0,0,0,0,0,7576,616,446,24,5.0,1.9,1.9,1.9,1.9,1.9,1.9,1.9,1.9,1.9,1.9,1.9,1.9,516.80,516.80,516.80,516.80,516.80,516.80,0.44,516.45,516.80,0.00,49.21,1340,34,1258.3,29.5,0,0,0.0,0.0,0,
25.8.2026,15:56:31.745,5526,13727,28.7,5926,10383,36.3,0.1,2944,2,1.175,1.175,1.175,1.175,1.175,1.175,1.175,3770.8,3620.0,3620.0,4525.0,3620.0,3620.0,3620.0,100.0,119.4,51.6,2.0,23.6,15.8,788.9,296.0,1.7,1.0,100.5,131.7,16.3,3.1,119.4,4.4,0.8,0.5,8.8,10.5,18.0,7.0,0.0,0.0,2.8,3.5,0.8,0.0,18.0,4.4,3.2,1.1,0.0,0.6,0.4,21.2,8.0,0.0,0.0,2.6,3.5,0.4,0.1,3.2,37.7,36.2,36.2,45.2,36.2,36.2,36.2,0.0,5.4,1.4,1.0,24.1,0.1,5.5,0.5,39.5,85.9,11.5,38.0,0.2,91.3,10.0,55.1,12.7,87.5,37.9,99.7,3.3,89.5,1600.0,16.00,16,18,18,36,74,560,1,46.2,37.5,50.5,33.6,34.2,32.5,36.6,32.1,33.9,32.1,33.6,33.6,33.2,29.3,1.188,0.994,1.200,6.491,5.168,6.472,6.472,27.069,0.589,0.651,0.174,1.745,0.025,0.840,0.101,6.986,5.137,12.123,27.181,1600.0,1600.0,3913.9,3913.9,4650.0,35.8,10.8,7.2,39.5,195.4,No,No,No,0.202,0.102,0.3,46.0,41.0,39.0,36.0,35.5,38.5,39.0,12.168,5.000,1.002,1.348,0.958,0.776,0.822,1.560,3.348,1.834,1284,712,547,542,1.057,1.260,39,39,47,79.0,100.0,No,No,80669,102288,0.1,0.1,0.2,0.081,2.264,17248,13729,42.9,50.0,50.7,48,50,48,48,50,48,48,48,48,83.0,1.075,12.209,12.273,12.197,12.172,12.193,1305,1354,33.885,11.608,27.289,2.958,10.697,13.621,5.292,27.289,5.296,4.001,8.027,310.000,350.000,2010.0,101.2,1770.0,387.6,1905.0,1695.0,1411.3,70.6,1345.7,0.0,1.0,0.0,0.0,7.5,0.0,0.0,0.0,0.0,0.0,59,66,Yes,No,No,Yes,No,No,No,11.1,10.8,4,0,0,0,0,0,0,0,0,123,0,0,0,0,0,0,0,0,0,0,0,0,0,0,0,0,0,0,0,0,7576,616,446,24,5.0,1.9,1.9,1.9,1.9,1.9,1.9,1.9,1.9,1.9,1.9,1.9,1.9,516.33,516.33,516.33,516.33,516.33,516.33,0.71,515.94,516.33,0.00,17.12,1341,34,772.6,19.0,0,0,0.0,0.0,0,
25.8.2026,15:56:33.756,5552,13701,28.8,5954,10355,36.5,0.1,2944,2,1.186,1.194,1.188,1.188,1.188,1.181,1.181,3921.7,3620.0,3620.0,4525.0,3620.0,4525.0,3620.0,100.0,181.0,131.3,17.8,171.1,55.3,286.6,143.6,27.4,4.7,323.5,914.4,70.9,25.2,181.0,7.5,1.2,0.0,3.5,0.9,6.1,2.9,1.0,22.7,6.8,20.0,2.0,23.0,23.0,7.5,4.7,1.7,0.5,4.5,1.4,7.6,3.8,0.7,0.1,8.6,24.6,1.8,0.6,4.7,39.2,36.2,36.2,45.2,36.2,45.2,36.2,8.5,7.9,2.2,5.1,9.5,0.7,27.4,2.2,34.5,69.4,19.8,51.9,3.2,57.2,5.7,57.7,28.5,75.1,38.6,96.2,15.5,92.1,1600.0,16.00,16,18,18,36,74,560,1,46.5,38.1,42.8,33.8,33.8,33.1,34.5,32.2,37.3,32.3,33.5,33.5,32.8,28.9,1.194,0.994,1.206,7.205,5.036,7.198,7.198,27.589,0.764,0.662,0.522,0.939,0.120,2.109,0.230,7.956,5.007,12.964,27.646,1600.0,1600.0,3681.1,3681.1,4650.0,36.4,12.0,8.0,40.2,172.0,No,No,No,0.365,0.178,0.5,45.0,41.0,39.0,36.0,35.5,38.5,39.0,12.168,5.000,1.002,1.348,0.968,0.778,0.822,1.560,3.352,1.834,1263,714,547,543,1.056,1.255,39,39,47,79.0,100.0,No,No,80669,102288,0.1,0.2,0.3,0.211,2.421,17248,13734,42.5,48.0,50.3,48,48,46,48,48,48,48,46,48,83.0,1.075,12.211,12.274,12.199,12.175,12.195,1310,1357,34.180,11.826,27.815,3.044,10.771,13.977,5.549,27.815,5.560,3.962,7.945,310.000,350.000,2010.0,101.2,1770.0,435.0,1905.0,1695.0,1715.7,84.8,1587.3,0.0,1.0,0.0,0.0,7.5,0.0,0.0,0.0,0.0,0.0,59,66,Yes,No,No,Yes,No,No,No,10.8,10.7,4,0,0,0,0,0,0,0,0,123,0,0,0,0,0,0,0,0,0,0,0,0,0,0,0,0,0,0,0,0,7576,616,446,24,5.0,1.9,1.9,1.9,1.9,1.9,1.9,1.9,1.9,1.9,1.9,1.9,1.9,516.12,516.12,516.12,516.12,516.12,516.12,0.52,515.62,516.12,0.00,17.61,1343,34,769.7,19.5,0,0,0.0,0.0,0,
25.8.2026,15:56:35.741,10170,9083,52.8,6598,9711,40.4,0.1,2944,2,1.188,1.188,1.188,1.188,1.188,1.188,1.188,3770.8,3620.0,3620.0,3620.0,3620.0,4525.0,3620.0,100.0,556.7,164.8,37.3,230.6,252.9,1169.3,1078.5,17.1,27.3,943.9,2556.0,110.3,92.1,556.7,12.5,3.6,0.7,5.9,5.7,26.4,24.3,0.2,0.5,20.8,56.6,2.4,2.7,56.6,12.5,14.8,3.2,1.0,5.8,6.6,31.5,28.8,0.4,0.7,25.3,68.7,2.8,2.3,14.8,37.7,36.2,36.2,36.2,36.2,45.2,36.2,0.0,24.8,4.2,11.7,49.7,1.1,77.2,5.0,55.2,95.8,88.3,50.3,12.4,22.8,61.4,20.0,0.0,0.0,0.0,86.5,0.0,33.7,1600.0,16.00,16,18,18,36,74,560,1,48.4,47.2,44.2,38.0,37.0,35.6,42.0,33.5,45.7,34.3,35.4,35.4,34.0,28.7,1.181,0.994,1.194,15.812,5.462,15.820,19.899,39.744,2.147,1.326,1.647,3.777,0.237,4.928,0.969,18.748,5.428,24.176,39.719,1600.0,1600.0,4525.0,4525.0,4650.0,52.3,26.4,22.1,49.7,145.1,No,No,No,0.958,0.662,1.5,48.0,41.0,39.0,36.0,35.5,38.5,39.0,12.072,4.950,1.004,1.348,1.192,0.776,0.820,1.550,3.308,1.834,1255,716,547,542,1.056,1.268,39,39,47,79.0,100.0,No,No,80669,102288,0.0,0.1,0.2,0.040,2.252,17248,13738,45.2,48.0,54.6,48,48,48,48,48,46,48,48,48,83.0,1.075,12.138,12.235,12.126,12.101,12.088,1311,1355,34.222,49.088,104.820,9.959,48.857,46.312,37.039,104.820,37.016,29.494,23.476,310.000,350.000,2010.0,1156.5,1770.0,445.0,1905.0,1695.0,2008.0,1155.4,1905.1,50.0,11.0,0.0,0.0,47.1,0.0,0.0,0.0,0.0,0.0,58,66,Yes,No,No,Yes,No,No,No,45.8,87.1,4,0,0,0,0,0,0,0,0,124,0,0,0,0,0,0,0,0,0,0,0,0,0,0,0,0,0,0,0,0,4337,3855,3685,100,16.0,1.9,1.9,1.9,1.9,1.9,1.9,1.9,1.9,1.9,1.9,1.9,1.9,516.12,516.12,516.12,516.12,516.12,516.12,0.52,515.62,516.12,0.00,17.61,1346,34,1606.8,39.8,0,0,0.0,0.0,0,
25.8.2026,15:56:37.752,10171,9082,52.8,6600,9710,40.4,0.1,2944,2,1.169,1.169,1.169,1.169,1.169,1.169,1.169,3770.8,3620.0,3620.0,4525.0,3620.0,3620.0,3620.0,100.0,518.7,137.7,19.9,192.8,70.6,778.2,2194.9,16.5,17.5,300.6,2382.7,70.6,42.9,518.7,11.0,2.4,0.9,4.1,2.0,11.4,48.4,0.8,0.0,7.1,52.6,2.0,0.6,52.6,11.0,13.9,2.9,0.5,5.1,1.8,21.0,59.3,0.4,0.5,8.0,64.3,1.8,1.0,13.9,37.7,36.2,36.2,45.2,36.2,36.2,36.2,0.0,23.2,3.6,6.4,65.8,0.8,59.5,2.8,55.3,89.2,87.7,34.2,7.1,40.5,73.0,21.6,7.2,5.9,0.0,92.1,0.0,24.2,1600.0,16.00,16,18,18,36,74,560,1,49.0,48.4,48.0,37.8,37.1,34.9,44.3,33.4,43.2,34.2,35.3,35.3,34.2,29.5,1.188,0.994,1.200,13.925,5.883,13.927,18.719,38.643,1.788,1.203,1.266,3.825,0.166,3.326,0.939,16.538,5.846,22.383,38.660,1600.0,1600.0,4517.7,4517.7,4650.0,50.9,23.2,20.8,51.0,153.7,No,No,No,0.358,0.284,1.4,49.0,41.0,39.0,36.0,35.5,38.5,39.0,12.072,4.960,1.004,1.348,1.190,0.776,0.822,1.552,3.336,1.834,1280,695,544,553,1.056,1.251,39,39,47,79.0,100.0,No,No,80669,102288,0.5,0.8,1.4,1.678,6.006,17251,13750,53.4,68.0,64.3,67,68,68,68,68,66,66,66,68,83.0,1.069,12.079,12.191,12.061,12.049,12.016,1304,1345,270.577,99.802,211.259,24.626,98.306,88.273,60.453,211.259,60.488,27.541,116.014,310.000,350.000,2025.0,1156.5,1785.0,2021.0,1920.0,1695.0,2024.4,1155.2,1920.8,100.0,100.0,0.0,0.0,47.1,19.8,79.2,0.0,0.0,0.0,58,66,Yes,No,No,Yes,No,No,No,87.7,87.8,4,0,0,0,0,0,0,0,0,124,0,0,0,0,0,0,0,0,0,0,0,0,0,0,0,0,0,0,0,0,4337,3855,3685,100,16.0,1.8,1.8,1.8,1.8,1.8,1.8,1.8,1.8,1.8,1.8,1.8,1.8,549.92,549.92,549.92,549.92,549.92,549.92,0.37,549.52,549.92,0.00,166.05,1350,35,1894.7,45.4,0,0,0.0,0.0,0,
25.8.2026,15:56:39.746,10171,9082,52.8,6600,9710,40.4,0.1,2944,2,1.169,1.169,1.169,1.169,1.169,1.169,1.169,3770.8,3620.0,3620.0,4525.0,3620.0,3620.0,3620.0,100.0,518.7,137.7,19.9,192.8,70.6,778.2,2194.9,16.5,17.5,300.6,2382.7,70.6,42.9,518.7,11.0,2.4,0.9,4.1,2.0,11.4,48.4,0.8,0.0,7.1,52.6,2.0,0.6,52.6,11.0,13.9,2.9,0.5,5.1,1.8,21.0,59.3,0.4,0.5,8.0,64.3,1.8,1.0,13.9,37.7,36.2,36.2,45.2,36.2,36.2,36.2,0.0,23.2,3.6,6.4,65.8,0.8,59.5,2.8,55.3,89.2,87.7,34.2,7.1,40.5,73.0,21.6,7.2,5.9,0.0,92.1,0.0,24.2,1600.0,16.00,16,18,18,36,74,560,1,49.0,48.4,48.0,37.8,37.1,34.9,44.3,33.4,43.2,34.2,35.3,35.3,34.2,29.5,1.188,0.994,1.200,13.925,5.883,13.927,18.719,38.643,1.788,1.203,1.266,3.825,0.166,3.326,0.939,16.538,5.846,22.383,38.660,1600.0,1600.0,4517.7,4517.7,4650.0,50.9,23.2,20.8,51.0,153.7,No,No,No,0.358,0.284,1.4,49.0,41.0,39.0,36.0,35.5,38.5,39.0,12.120,4.960,1.004,1.348,1.186,0.776,0.820,1.548,3.312,1.834,1307,1380,542,538,1.056,1.238,39,39,48,79.0,100.0,No,No,80669,102288,0.5,0.8,1.4,1.678,6.006,17251,13750,54.2,70.0,65.0,69,70,70,70,70,68,68,68,70,83.0,1.069,12.082,12.194,12.063,12.052,12.018,1301,1352,272.667,100.150,211.825,24.742,98.605,88.434,60.873,211.825,60.912,27.928,116.203,310.000,350.000,2025.0,1156.5,1785.0,2021.7,1920.0,1695.0,2024.3,1155.8,1921.1,100.0,100.0,0.0,0.0,47.1,25.0,100.0,0.0,0.0,0.0,59,66,Yes,No,No,Yes,No,No,No,88.0,88.3,4,0,0,0,0,0,0,0,0,124,0,0,0,0,0,0,0,0,0,0,0,0,0,0,0,0,0,0,0,0,4337,3855,3685,100,16.0,1.8,1.8,1.8,1.8,1.8,1.8,1.8,1.8,1.8,1.8,1.8,1.8,549.92,549.92,549.92,549.92,549.92,549.92,0.37,549.52,549.92,0.00,166.05,1350,35,1894.7,45.4,0,0,0.0,0.0,0,
25.8.2026,15:56:41.760,10116,9137,52.5,6573,9736,40.3,0.1,2944,2,1.254,1.244,1.256,1.256,1.256,1.256,1.256,3875.0,3720.0,3720.0,3720.0,3720.0,4650.0,3720.0,100.0,525.7,125.5,10.1,217.9,80.5,538.5,1414.0,9.0,3.0,995.9,2807.8,70.8,36.1,525.7,12.7,3.1,0.6,5.0,1.8,16.9,31.9,0.5,5.5,21.4,62.8,1.9,1.1,62.8,12.7,14.0,2.9,0.3,5.2,1.6,13.6,38.5,0.2,0.1,25.8,76.6,1.8,0.9,14.0,38.8,37.2,37.2,37.2,37.2,46.5,37.2,0.0,23.2,3.3,6.3,43.1,0.3,83.3,2.6,54.0,95.1,92.8,56.9,4.0,16.7,58.4,22.9,1.6,0.9,0.0,95.7,0.0,39.0,1600.0,16.00,16,18,18,36,74,560,1,49.6,48.8,50.5,37.8,36.7,35.0,41.4,33.3,46.6,33.9,35.3,35.3,34.5,30.0,1.250,0.994,1.269,14.054,5.868,14.035,18.016,38.711,1.795,1.236,1.344,2.887,0.103,4.408,0.789,16.702,5.832,22.533,38.780,1600.0,1600.0,4525.8,4525.8,4650.0,51.0,23.4,20.0,51.3,155.9,No,No,No,0.352,0.279,1.4,51.0,41.0,39.5,36.0,36.0,38.5,39.5,12.120,4.960,1.004,1.348,1.192,0.776,0.820,1.550,3.312,1.834,1323,691,542,551,1.056,1.255,39,39,48,79.0,100.0,No,No,80669,102288,0.1,0.3,0.4,0.177,4.494,17252,13759,54.7,72.0,65.2,70,70,70,70,72,68,70,70,70,83.0,1.069,12.082,12.194,12.063,12.052,12.018,1331,1374,273.066,100.419,212.127,24.766,98.715,88.609,60.893,212.127,60.926,29.420,116.190,310.000,350.000,2025.0,1156.5,1785.0,2021.5,1920.0,1695.0,2024.6,1155.4,1919.6,100.0,100.0,0.0,0.0,47.1,25.0,100.0,0.0,0.0,0.0,60,67,Yes,No,No,Yes,No,No,No,88.1,88.1,4,0,0,0,0,0,0,0,0,124,0,0,0,0,0,0,0,0,0,0,0,0,0,0,0,0,0,0,0,0,4337,3855,3685,100,16.0,1.8,1.8,1.8,1.8,1.8,1.8,1.8,1.8,1.8,1.8,1.8,1.8,550.32,550.32,550.32,550.32,550.32,550.32,0.70,549.98,550.32,0.00,65.92,1353,35,1760.7,38.2,0,0,0.0,0.0,0,
25.8.2026,15:56:43.769,10135,9118,52.6,6598,9711,40.4,0.1,2944,2,1.173,1.169,1.169,1.169,1.169,1.169,1.194,4072.5,3620.0,3620.0,4525.0,3620.0,4525.0,4525.0,100.0,566.5,154.5,22.2,185.1,67.8,3827.6,58.0,18.7,9.8,1533.9,760.9,108.3,50.7,566.5,12.3,3.2,0.0,4.5,1.5,87.9,0.0,0.0,0.0,33.7,16.0,0.3,0.6,87.9,12.3,15.2,3.2,0.6,5.4,2.2,103.4,1.5,0.5,0.2,41.7,20.1,2.7,1.3,15.2,40.7,36.2,36.2,45.2,36.2,45.2,45.2,0.0,25.7,4.0,7.4,88.6,0.7,50.1,3.5,48.6,96.0,86.4,11.4,6.6,49.9,41.2,25.7,0.0,6.2,0.0,92.7,0.0,55.3,1600.0,16.00,16,18,18,36,74,560,1,50.9,49.6,48.5,38.7,38.1,35.4,47.5,33.5,43.8,34.1,35.7,35.7,34.8,29.9,1.200,0.994,1.219,15.000,5.877,15.014,19.127,40.327,1.979,1.373,1.372,4.705,0.158,3.544,0.724,18.129,5.841,23.970,40.271,1600.0,1600.0,4557.7,4557.7,4650.0,53.0,25.0,21.3,52.2,151.3,No,No,No,0.415,0.297,1.5,50.0,41.0,39.5,36.0,36.0,38.5,39.5,12.144,4.980,1.002,1.348,0.968,0.776,0.820,1.556,3.340,1.834,1346,690,542,540,1.056,1.248,39,39,47,79.0,100.0,No,No,80669,102288,0.2,0.2,0.5,0.244,3.487,17252,13765,48.3,60.0,58.2,59,60,60,58,60,58,58,58,60,83.0,1.081,12.164,12.258,12.152,12.123,12.122,1374,1408,158.710,38.217,84.651,6.644,39.324,38.650,34.257,84.651,34.279,4.248,17.248,310.000,350.000,2025.0,1187.7,1785.0,2021.6,1935.0,1710.0,2025.4,1186.5,1934.5,0.0,0.0,0.0,0.0,7.5,0.0,0.0,0.0,0.0,0.0,60,67,Yes,No,No,Yes,No,No,No,38.4,45.8,4,0,0,0,0,0,0,0,0,124,0,0,0,0,0,0,0,0,0,0,0,0,0,0,0,0,0,0,0,0,7576,616,446,24,16.0,1.9,1.9,1.9,1.9,1.9,1.9,1.9,1.9,1.9,1.9,1.9,1.9,533.31,533.31,533.31,533.31,533.31,533.31,0.31,532.93,533.31,0.00,0.10,1357,35,1924.7,40.0,0,0,0.0,0.0,0,
25.8.2026,15:56:45.767,5508,13745,28.6,5916,10394,36.2,0.1,2944,2,1.135,0.956,1.150,1.181,1.181,1.181,1.163,3780.0,3675.0,3620.0,3620.0,3620.0,4525.0,3620.0,100.0,353.5,158.6,35.9,280.5,78.1,2113.5,55.6,14.2,5.9,570.7,791.4,87.7,49.2,353.5,9.5,2.3,1.8,6.6,2.1,46.0,2.2,0.5,17.6,12.6,17.9,3.1,1.3,46.0,9.5,9.4,3.0,1.0,7.5,2.0,57.0,1.4,0.4,0.1,15.2,21.4,2.5,1.3,9.4,37.8,36.8,36.2,36.2,36.2,45.2,36.2,0.0,15.7,4.1,8.4,47.6,0.5,30.8,2.7,49.9,95.9,54.1,50.8,4.2,69.2,25.5,34.4,0.0,37.5,1.6,95.3,0.0,71.8,1600.0,16.00,16,18,18,36,74,560,1,49.8,43.1,47.8,36.3,36.4,34.7,41.2,33.1,39.3,33.4,34.9,34.9,34.5,29.4,1.169,0.994,1.175,11.068,5.914,11.081,11.081,35.112,1.301,1.092,0.991,2.776,0.108,2.394,0.443,12.830,5.877,18.707,35.034,1600.0,1600.0,4202.0,4202.0,4650.0,46.1,18.5,12.3,45.4,163.4,No,No,No,0.579,0.628,0.9,48.0,41.0,39.0,36.0,36.0,38.5,39.0,12.168,4.990,1.002,1.348,0.972,0.774,0.820,1.556,3.340,1.834,1302,692,544,542,1.056,1.273,39,39,48,79.0,100.0,No,No,80669,102288,0.1,0.2,0.3,0.146,3.402,17253,13772,46.6,56.0,55.5,54,56,54,54,54,54,54,54,54,83.0,1.081,12.176,12.261,12.163,12.136,12.142,1389,1414,105.007,30.449,67.352,5.640,31.175,30.511,25.461,67.352,25.472,4.179,16.902,310.000,350.000,2025.0,625.2,1785.0,2025.0,1935.0,1710.0,2026.0,624.6,1934.4,0.0,0.0,0.0,0.0,7.5,0.0,0.0,0.0,0.0,0.0,60,67,Yes,No,No,Yes,No,No,No,29.9,34.0,4,0,0,0,0,0,0,0,0,124,0,0,0,0,0,0,0,0,0,0,0,0,0,0,0,0,0,0,0,0,7576,616,446,24,16.0,5.6,56.3,3.5,3.5,3.5,3.5,5.6,47.6,3.5,3.5,3.5,3.5,177.76,282.72,17.75,13.74,283.67,283.67,0.24,177.53,177.76,0.00,257.71,1360,35,1597.2,37.2,0,0,0.0,0.0,0,
25.8.2026,15:56:47.770,5510,13744,28.6,5913,10396,36.2,0.1,2944,2,1.130,0.956,1.156,1.163,1.169,1.169,1.169,3930.8,3675.0,3620.0,4525.0,3620.0,4525.0,3620.0,100.0,114.1,76.6,5.7,26.8,23.0,289.1,231.4,1.8,0.5,156.2,549.0,6.3,3.1,114.1,2.4,1.6,0.0,0.0,0.0,6.1,5.1,0.0,0.0,4.4,12.1,0.0,0.0,12.1,2.4,2.9,1.5,0.2,0.7,0.6,7.1,5.9,0.0,0.0,4.7,14.3,0.1,0.1,2.9,39.3,36.8,36.2,45.2,36.2,45.2,36.2,0.0,5.1,2.1,1.3,11.0,0.1,15.8,0.3,48.6,96.9,20.9,87.2,0.2,84.2,2.1,46.3,1.1,77.8,1.8,99.7,0.0,97.6,1600.0,16.00,16,18,18,36,74,560,1,47.8,37.6,47.2,33.9,34.4,33.0,35.5,32.4,36.0,32.3,33.9,33.9,34.0,29.9,1.163,0.994,1.175,6.678,5.864,6.679,6.679,29.171,0.619,0.724,0.273,1.192,0.026,1.446,0.052,7.084,5.827,12.911,29.155,1600.0,1600.0,3880.4,3880.4,4650.0,38.4,11.1,7.4,39.5,190.1,No,No,No,0.192,0.100,0.3,47.0,41.0,39.0,36.0,35.5,38.5,39.0,12.168,5.000,1.004,1.348,1.156,0.776,0.820,1.560,3.344,1.834,1287,1387,546,542,1.056,1.262,39,39,47,79.0,100.0,No,No,80669,102288,0.2,0.4,0.5,0.368,4.762,17253,13781,44.2,52.0,51.7,51,50,50,50,52,52,50,50,52,83.0,1.069,12.201,12.269,12.189,12.165,12.182,1384,1410,82.961,15.166,35.488,4.159,14.395,16.922,7.711,35.488,7.720,4.101,10.509,310.000,350.000,2010.0,101.2,1770.0,2025.0,1905.0,1695.0,1434.1,71.5,1360.9,0.0,1.0,0.0,0.0,7.5,0.0,0.0,0.0,0.0,0.0,60,67,Yes,No,No,Yes,No,No,No,13.9,12.3,4,0,0,0,0,0,0,0,0,125,0,0,0,0,0,0,0,0,0,0,0,0,0,0,0,0,0,0,0,0,7576,616,446,24,5.0,5.6,56.3,3.5,3.5,3.5,3.5,5.6,47.6,3.5,3.5,3.5,3.5,177.76,282.72,17.75,13.74,283.67,283.67,0.24,177.53,177.76,0.00,257.71,1364,35,2084.0,48.6,0,0,0.0,0.0,0,
25.8.2026,15:56:49.774,5525,13728,28.6,5924,10385,36.3,0.1,2944,2,1.144,0.956,1.163,1.163,1.194,1.194,1.194,3780.0,3675.0,3620.0,4525.0,3620.0,3620.0,3620.0,100.0,165.1,84.1,4.1,35.2,23.2,770.1,155.9,3.4,0.3,118.0,778.4,5.6,2.7,165.1,7.6,1.6,7.9,6.5,7.0,17.0,3.5,0.7,23.2,2.7,17.8,0.0,2.9,23.2,7.6,4.4,1.8,0.1,0.9,0.6,20.6,4.3,0.1,0.0,3.0,21.6,0.1,0.1,4.4,37.8,36.8,36.2,45.2,36.2,36.2,36.2,0.0,7.5,2.2,1.5,20.1,0.1,20.8,0.2,47.3,92.2,37.9,70.8,0.3,79.2,3.6,45.2,5.5,60.6,9.1,99.6,0.0,96.2,1600.0,16.00,16,18,18,36,74,560,1,47.4,39.4,47.0,34.5,34.8,33.3,37.1,32.5,37.1,32.4,34.1,34.1,34.5,29.2,1.169,0.994,1.175,7.840,5.651,7.838,7.838,30.043,0.794,0.758,0.430,1.721,0.028,1.760,0.064,8.575,5.616,14.191,30.055,1600.0,1600.0,3975.5,3975.5,4650.0,39.5,13.1,8.7,41.5,177.4,No,No,No,0.295,0.146,0.5,46.0,41.0,39.0,36.0,35.5,38.5,39.0,12.168,5.000,1.002,1.348,0.962,0.776,0.820,1.560,3.352,1.834,1263,696,546,555,1.056,1.253,39,39,50,79.0,100.0,No,No,80669,102288,0.6,0.5,1.2,0.696,5.111,17255,13791,42.4,48.0,50.2,48,48,48,48,48,48,48,48,48,83.0,1.069,12.209,12.274,12.197,12.172,12.193,1384,1408,33.266,11.490,27.039,2.995,10.514,13.523,5.646,27.039,5.655,3.930,7.069,310.000,350.000,2010.0,101.2,1770.0,406.7,1905.0,1695.0,1435.3,71.2,1362.6,0.0,1.0,0.0,0.0,7.5,0.0,0.0,0.0,0.0,0.0,60,67,Yes,No,No,Yes,No,No,No,10.5,10.8,4,0,0,0,0,0,0,0,0,125,0,0,0,0,0,0,0,0,0,0,0,0,0,0,0,0,0,0,0,0,7576,616,446,24,5.0,1.8,1.8,1.8,1.8,1.8,1.8,1.8,1.8,1.8,1.8,1.8,1.8,549.85,549.85,549.85,549.85,549.85,549.85,0.37,549.49,549.85,0.00,132.58,1368,35,1943.6,46.1,0,0,0.0,0.0,0,
25.8.2026,15:56:51.771,5501,13752,28.5,5901,10408,36.1,0.1,2944,2,1.130,0.956,1.156,1.156,1.156,1.169,1.188,3780.0,3675.0,3620.0,3620.0,3620.0,4525.0,3620.0,100.0,111.3,75.3,4.7,36.2,12.4,233.1,104.2,2.0,0.4,156.8,693.1,13.3,3.5,111.3,4.6,2.2,1.6,0.8,0.0,5.9,1.7,0.0,0.0,3.9,15.2,10.1,13.5,15.2,4.6,2.9,1.5,0.1,0.9,0.3,6.9,2.9,0.0,0.0,3.4,18.4,0.3,0.1,2.9,37.8,36.8,36.2,36.2,36.2,45.2,36.2,0.0,5.0,2.0,1.3,7.9,0.1,18.5,0.4,48.6,98.0,18.5,91.5,0.2,81.5,1.9,46.4,0.0,80.2,0.5,99.7,0.0,97.7,1600.0,16.00,16,18,18,36,74,560,1,46.4,37.4,43.2,33.9,34.3,32.9,35.0,32.4,36.4,32.3,33.9,33.9,34.8,28.7,1.200,0.994,1.212,6.649,5.183,6.649,6.649,27.292,0.606,0.728,0.247,0.948,0.026,1.631,0.055,7.049,5.152,12.200,27.295,1600.0,1600.0,3881.9,3881.9,4650.0,35.9,11.1,7.4,39.4,191.4,No,No,No,0.196,0.108,0.3,47.0,41.0,39.0,36.0,35.5,38.5,39.0,12.168,4.990,1.004,1.348,1.174,0.776,0.820,1.560,3.348,1.834,1223,715,548,543,1.057,1.267,39,39,48,79.0,100.0,No,No,80669,102288,0.0,0.2,0.2,0.032,3.241,17255,13797,42.1,48.0,49.8,48,48,48,48,48,48,48,46,48,83.0,1.069,12.205,12.271,12.193,12.168,12.188,1379,1403,32.943,11.396,26.883,2.994,10.425,13.458,5.448,26.883,5.450,4.026,6.992,310.000,350.000,2010.0,101.2,1770.0,426.7,1905.0,1695.0,1436.2,71.2,1356.8,0.0,5.0,0.0,0.0,7.5,0.0,0.0,0.0,0.0,0.0,60,67,Yes,No,No,Yes,No,No,No,10.4,10.6,4,0,0,0,0,0,0,0,0,125,0,0,0,0,0,0,0,0,0,0,0,0,0,0,0,0,0,0,0,0,7576,616,446,24,5.0,1.9,1.9,1.9,1.9,1.9,1.9,1.9,1.9,1.9,1.9,1.9,1.9,533.45,533.45,533.45,533.45,533.45,533.45,0.45,532.72,533.45,0.00,0.38,1372,35,1854.1,45.7,0,0,0.0,0.0,0,
25.8.2026,15:56:53.774,6687,12567,34.7,6407,9903,39.2,0.1,2944,2,1.184,1.169,1.188,1.188,1.188,1.188,1.188,4072.5,3620.0,4525.0,4525.0,3620.0,4525.0,3620.0,100.0,309.9,121.4,11.0,143.5,139.6,840.1,676.8,9.5,6.8,994.3,606.1,97.0,72.3,309.9,9.3,1.8,0.4,3.4,10.4,18.9,15.7,0.0,13.7,22.1,13.6,9.4,2.5,22.1,9.3,8.2,2.6,0.3,3.7,3.6,22.5,18.0,0.2,0.2,27.2,16.2,2.5,1.9,8.2,40.7,36.2,45.2,45.2,36.2,45.2,36.2,0.0,14.0,3.2,6.9,33.9,0.4,36.3,3.3,51.0,95.0,52.7,66.1,4.5,63.7,24.1,35.0,1.8,40.4,0.0,95.1,0.0,72.6,1600.0,16.00,16,18,18,36,74,560,1,47.0,42.0,50.5,35.8,35.8,34.4,39.2,32.9,39.2,33.3,34.6,34.6,35.5,29.1,1.194,1.000,1.206,11.056,5.240,11.032,11.032,32.850,1.343,1.022,0.986,2.681,0.107,2.780,0.485,12.656,5.208,17.864,33.006,1600.0,1600.0,4207.1,4207.1,4650.0,43.4,18.4,12.3,44.2,156.0,No,No,No,0.711,0.476,0.8,49.0,41.0,39.0,36.0,36.0,38.5,39.0,12.096,4.960,1.004,1.348,1.190,0.776,0.820,1.548,3.308,1.834,1280,697,544,553,1.056,1.253,39,39,48,79.0,100.0,No,No,80669,102288,0.1,0.3,0.3,0.114,4.458,17255,13805,52.1,64.0,63.0,63,62,62,64,64,62,62,62,64,83.0,1.081,12.078,12.188,12.060,12.049,12.015,1361,1383,199.661,100.369,212.098,24.925,98.617,88.514,60.088,212.098,60.117,29.640,117.225,310.000,350.000,2025.0,1156.5,1785.0,486.3,1935.0,1710.0,2024.5,1155.4,1933.8,100.0,100.0,0.0,0.0,47.1,0.0,0.0,0.0,0.0,0.0,60,67,Yes,No,No,Yes,No,No,No,87.8,88.2,4,0,0,0,0,0,0,0,0,126,0,0,0,0,0,0,0,0,0,0,0,0,0,0,0,0,0,0,0,0,4337,3855,3685,100,16.0,1.9,1.9,1.9,1.9,1.9,1.9,1.9,1.9,1.9,1.9,1.9,1.9,533.40,533.40,533.40,533.40,533.40,533.40,0.42,532.91,533.40,0.00,0.59,1376,35,2051.1,48.1,0,0,0.0,0.0,0,
25.8.2026,15:56:55.773,10163,9090,52.7,6577,9733,40.3,0.1,2944,2,1.247,1.262,1.262,1.244,1.238,1.238,1.238,3875.0,3720.0,3720.0,3720.0,3720.0,4650.0,3720.0,100.0,602.2,198.0,47.5,201.6,363.9,508.1,1513.7,19.9,11.2,117.3,4039.2,97.2,108.9,602.2,13.5,4.2,1.0,4.5,8.0,12.0,33.6,1.1,4.6,2.4,89.1,1.3,0.0,89.1,13.5,16.0,3.8,1.2,5.2,9.6,13.3,40.8,0.5,0.3,3.1,109.0,2.4,2.8,16.0,38.8,37.2,37.2,37.2,37.2,46.5,37.2,0.0,26.6,5.0,12.9,45.0,0.8,90.7,5.0,49.7,91.8,85.4,55.0,9.7,9.3,47.3,23.7,3.2,1.7,0.0,89.6,0.0,47.8,1600.0,16.00,16,18,18,36,74,560,1,49.6,49.4,52.0,38.7,37.3,36.0,42.3,33.7,48.2,34.4,35.6,35.6,34.5,29.8,1.263,0.994,1.275,15.502,5.671,15.505,20.094,39.946,2.100,1.316,1.689,3.609,0.193,4.951,0.840,18.418,5.636,24.054,39.989,1600.0,1600.0,4526.6,4526.6,4650.0,52.6,25.8,22.3,52.0,145.8,No,No,No,0.643,0.434,1.6,50.0,41.0,39.5,36.0,36.0,38.5,39.5,12.096,4.960,1.004,1.348,1.180,0.774,0.820,1.548,3.312,1.834,1312,693,543,552,1.056,1.239,39,39,47,79.0,100.0,No,No,80669,102288,0.1,0.2,0.3,0.057,3.304,17255,13812,53.4,70.0,64.2,68,68,68,68,70,68,68,68,68,83.0,1.081,12.077,12.188,12.058,12.048,12.013,1350,1381,267.752,100.474,213.131,25.009,99.072,88.996,60.595,213.131,60.634,26.656,117.043,310.000,350.000,2025.0,1156.5,1785.0,2024.1,1935.0,1710.0,2025.1,1155.2,1935.5,100.0,100.0,0.0,0.0,47.1,25.0,100.0,0.0,0.0,0.0,60,67,Yes,No,No,Yes,No,No,No,88.3,87.6,4,0,0,0,0,0,0,0,0,126,0,0,0,0,0,0,0,0,0,0,0,0,0,0,0,0,0,0,0,0,4337,3855,3685,100,16.0,1.9,1.9,1.9,1.9,1.9,1.9,1.9,1.9,1.9,1.9,1.9,1.9,516.58,516.58,516.58,516.58,516.58,516.58,0.70,516.17,516.58,0.00,16.57,1378,35,1283.9,32.3,0,0,0.0,0.0,0,
25.8.2026,15:56:57.783,10125,9129,52.5,6579,9730,40.3,0.1,2944,2,1.254,1.244,1.256,1.256,1.256,1.256,1.256,3875.0,3720.0,3720.0,3720.0,3720.0,4650.0,3720.0,100.0,511.8,132.6,18.9,146.4,79.8,243.9,2063.3,17.8,5.9,129.8,3210.3,56.3,36.6,511.8,12.3,2.6,1.9,4.1,1.9,5.7,45.9,0.4,0.9,3.6,70.9,2.8,6.7,70.9,12.3,13.7,2.8,0.5,3.7,2.0,6.5,55.7,0.4,0.1,3.4,86.7,1.5,0.9,13.7,38.8,37.2,37.2,37.2,37.2,46.5,37.2,0.0,22.7,3.5,5.4,51.6,0.6,73.1,2.2,48.4,96.5,87.3,48.4,5.1,26.9,26.4,28.8,0.0,7.2,0.0,94.3,0.0,71.4,1600.0,16.00,16,18,18,36,74,560,1,50.0,48.6,48.2,37.8,37.1,35.0,42.8,33.3,45.2,33.5,35.4,35.4,35.2,30.1,1.206,0.994,1.219,13.470,5.872,13.460,15.864,37.963,1.683,1.241,1.205,3.295,0.130,3.781,0.445,15.941,5.835,21.776,38.031,1600.0,1600.0,4524.3,4524.3,4650.0,50.0,22.4,17.6,51.2,157.4,No,No,No,0.309,0.257,1.4,51.0,41.0,39.5,36.0,36.0,38.5,39.5,12.096,4.960,1.004,1.348,1.188,0.774,0.820,1.550,3.304,1.834,1298,690,542,552,1.056,1.265,39,39,47,79.0,100.0,No,No,80669,102288,0.1,0.1,0.3,0.114,1.193,17255,13814,54.2,70.0,64.8,69,70,70,70,70,68,68,68,70,83.0,1.081,12.076,12.186,12.058,12.047,12.013,1355,1386,268.395,100.914,213.482,25.055,99.162,89.232,60.737,213.482,60.773,28.597,117.709,310.000,350.000,2025.0,1156.5,1785.0,2024.0,1935.0,1710.0,2024.0,1155.2,1934.2,100.0,100.0,0.0,0.0,47.1,20.0,80.0,0.0,0.0,0.0,60,67,Yes,No,No,Yes,No,No,No,88.5,88.8,4,0,0,0,0,0,0,0,0,126,0,0,0,0,0,0,0,0,0,0,0,0,0,0,0,0,0,0,0,0,4337,3855,3685,100,16.0,1.9,1.9,1.9,1.9,1.9,1.9,1.9,1.9,1.9,1.9,1.9,1.9,516.58,516.58,516.58,516.58,516.58,516.58,0.70,516.17,516.58,0.00,16.57,1380,35,1204.3,30.1,0,0,0.0,0.0,0,
25.8.2026,15:56:59.797,10128,9126,52.6,6587,9722,40.3,0.1,2944,2,1.184,1.169,1.188,1.188,1.188,1.188,1.188,3921.7,3620.0,3620.0,4525.0,3620.0,4525.0,3620.0,100.0,565.6,148.9,34.8,164.6,166.4,3689.2,19.7,9.0,13.8,1094.0,1303.1,69.3,74.7,565.6,12.3,2.2,0.0,3.6,4.1,83.7,0.0,0.0,0.0,23.4,28.6,1.1,1.2,83.7,12.3,15.1,2.8,0.9,4.5,4.4,99.7,0.5,0.2,0.4,28.7,35.6,1.8,1.9,15.1,39.2,36.2,36.2,45.2,36.2,45.2,36.2,0.0,25.4,3.9,8.0,84.1,0.6,52.7,3.0,50.4,96.1,92.0,15.9,5.9,47.3,45.1,24.2,0.0,0.0,0.0,93.6,0.0,51.9,1600.0,16.00,16,18,18,36,74,560,1,51.4,49.8,48.2,38.7,37.9,35.6,46.6,33.6,44.4,34.2,35.7,35.7,34.0,29.9,1.188,0.994,1.200,14.894,5.885,14.905,19.019,40.038,1.940,1.322,1.400,4.144,0.134,3.921,0.717,17.814,5.848,23.662,39.962,1600.0,1600.0,4533.2,4533.2,4650.0,52.6,24.8,21.1,52.4,152.5,No,No,No,0.424,0.315,1.5,51.0,41.0,39.5,36.0,36.0,38.5,39.5,12.096,4.950,1.004,1.348,1.250,0.774,0.820,1.548,3.304,1.834,1320,689,543,553,1.056,1.246,39,39,49,79.0,100.0,No,No,80669,102288,0.1,0.3,0.4,0.268,4.512,17256,13823,54.5,72.0,65.2,70,70,70,70,72,68,70,70,70,83.0,1.081,12.076,12.187,12.059,12.047,12.013,1358,1390,269.113,101.008,213.910,25.226,99.400,89.246,60.687,213.910,60.730,27.999,117.964,310.000,350.000,2025.0,1156.5,1785.0,2024.0,1935.0,1710.0,2025.2,1155.5,1934.7,100.0,100.0,0.0,0.0,47.1,25.0,100.0,0.0,0.0,0.0,60,67,Yes,No,No,Yes,No,No,No,88.6,88.8,4,0,0,0,0,0,0,0,0,126,0,0,0,0,0,0,0,0,0,0,0,0,0,0,0,0,0,0,0,0,4337,3855,3685,100,16.0,1.9,1.9,1.9,1.9,1.9,1.9,1.9,1.9,1.9,1.9,1.9,1.9,533.10,533.10,533.10,533.10,533.10,533.10,0.36,532.82,533.10,0.00,32.45,1384,35,1701.7,43.5,0,0,0.0,0.0,0,
25.8.2026,15:57:1.811,10107,9147,52.4,6560,9749,40.2,0.1,2944,2,1.241,1.231,1.238,1.244,1.244,1.244,1.244,3858.3,3720.0,3720.0,4650.0,3720.0,3720.0,3620.0,100.0,521.9,143.0,26.2,133.0,103.3,4506.3,13.5,11.4,6.2,429.6,783.7,58.9,48.3,521.9,12.4,3.0,0.9,3.6,2.8,97.4,0.5,1.3,3.4,11.9,20.7,1.7,1.5,97.4,12.4,14.0,2.8,0.7,3.4,2.7,121.8,0.3,0.3,0.2,12.2,20.7,1.5,1.2,14.0,38.6,37.2,37.2,46.5,37.2,37.2,36.2,0.0,23.8,3.8,6.1,97.6,0.5,31.9,2.9,50.0,96.2,93.7,2.4,6.5,68.1,32.8,26.3,0.0,0.3,0.0,93.0,0.0,64.3,1600.0,16.00,16,18,18,36,74,560,1,51.9,51.0,48.2,39.0,39.0,35.7,50.6,33.7,41.1,34.1,36.1,36.1,33.5,29.4,1.237,0.994,1.256,15.487,5.869,15.488,18.027,41.359,2.033,1.537,1.528,5.435,0.158,2.909,0.631,19.264,5.832,25.096,41.377,1600.0,1600.0,4620.0,4620.0,4650.0,54.4,25.8,20.0,53.7,157.1,No,No,No,0.428,0.325,1.4,50.0,41.0,39.5,36.0,36.0,38.5,39.5,12.168,4.980,1.002,1.348,1.068,0.774,0.820,1.556,3.336,1.836,1362,690,545,554,1.056,1.244,40,40,48,79.0,100.0,No,No,80669,102288,0.2,0.4,0.6,0.367,4.764,17256,13832,47.7,58.0,57.8,57,58,56,58,58,56,56,56,58,83.0,1.081,12.160,12.255,12.147,12.118,12.119,1384,1410,118.503,37.976,84.101,6.557,39.248,38.256,34.114,84.101,34.138,4.222,17.053,310.000,350.000,2025.0,1187.7,1785.0,2024.7,1935.0,1710.0,2025.3,1186.5,1934.5,0.0,0.0,0.0,0.0,7.5,0.0,0.0,0.0,0.0,0.0,60,67,Yes,No,No,Yes,No,No,No,38.1,45.7,4,0,0,0,0,0,0,0,0,126,0,0,0,0,0,0,0,0,0,0,0,0,0,0,0,0,0,0,0,0,7576,616,446,25,16.0,1.9,1.9,1.9,1.9,1.9,1.9,1.9,1.9,1.9,1.9,1.9,1.9,533.08,533.08,533.08,533.08,533.08,533.08,0.36,532.73,533.08,0.00,0.36,1388,35,2121.7,53.1,0,0,0.0,0.0,0,
25.8.2026,15:57:3.821,5517,13736,28.6,5913,10396,36.2,0.1,2944,2,1.191,1.175,1.194,1.194,1.194,1.194,1.194,3770.8,3620.0,3620.0,4525.0,3620.0,3620.0,3620.0,100.0,155.0,94.0,10.7,28.8,17.2,99.3,478.3,3.4,1.1,127.1,918.9,41.9,39.0,155.0,4.4,1.9,0.0,0.8,0.5,2.3,10.8,0.1,0.0,3.1,20.4,0.0,12.5,20.4,4.4,4.1,1.8,0.3,0.7,0.4,3.3,12.9,0.1,0.0,3.3,24.5,1.1,1.0,4.1,37.7,36.2,36.2,45.2,36.2,36.2,36.2,0.0,7.1,2.5,1.2,13.8,0.1,23.5,1.2,49.5,97.5,30.4,84.4,1.3,76.5,6.7,43.5,0.0,68.3,1.7,98.6,0.0,92.1,1600.0,16.00,16,18,18,36,74,560,1,49.0,39.3,50.5,34.6,34.9,33.3,36.3,32.7,37.7,32.8,34.3,34.3,34.5,29.3,1.194,0.994,1.206,7.902,5.505,7.890,7.890,29.569,0.777,0.807,0.366,1.338,0.037,1.969,0.143,8.604,5.471,14.075,29.668,1600.0,1600.0,3977.9,3977.9,4650.0,39.0,13.2,8.8,41.3,182.0,No,No,No,0.265,0.135,0.4,48.0,41.5,39.5,36.0,36.0,38.5,39.5,12.168,5.000,1.002,1.348,0.996,0.774,0.818,1.562,3.352,1.834,1354,1387,546,542,1.056,1.265,40,40,49,79.0,100.0,No,No,80669,102288,0.1,0.3,0.3,0.066,4.425,17258,13850,42.5,52.0,50.0,50,52,50,50,52,50,50,50,50,83.0,0.662,12.204,12.269,12.190,12.169,12.188,1391,1415,44.918,6.342,13.670,0.932,6.595,6.121,5.887,13.670,5.896,1.101,3.202,310.000,350.000,255.0,101.2,825.0,556.3,900.0,795.0,212.5,84.2,757.7,0.0,1.0,0.0,0.0,7.5,0.0,0.0,0.0,0.0,0.0,60,67,Yes,No,No,No,No,Yes,No,7.0,8.1,4,0,0,0,0,0,0,0,0,127,0,0,0,0,0,0,0,0,0,0,0,0,0,0,0,0,0,0,0,0,7576,616,446,25,5.0,9.4,129.4,4.0,4.0,4.0,4.0,9.4,60.0,4.0,4.0,4.0,4.0,106.59,248.65,7.73,7.39,249.98,249.98,0.25,106.34,106.59,0.00,96.89,1396,36,2051.7,49.1,0,0,0.0,0.0,0,
25.8.2026,15:57:5.831,5508,13746,28.6,5902,10407,36.1,0.1,2944,2,1.169,1.169,1.169,1.169,1.169,1.169,1.169,3770.8,3620.0,3620.0,3620.0,3620.0,4525.0,3620.0,100.0,141.0,80.4,10.0,34.8,22.9,160.2,445.6,2.3,1.1,247.8,670.9,13.1,3.5,141.0,4.6,1.4,0.9,0.7,0.4,4.4,9.8,0.0,12.2,5.6,14.9,5.4,0.0,14.9,4.6,3.7,1.5,0.3,0.9,0.6,4.2,12.0,0.0,0.0,6.5,18.0,0.3,0.1,3.7,37.7,36.2,36.2,36.2,36.2,45.2,36.2,0.0,6.4,2.2,1.5,13.8,0.1,20.7,0.4,47.4,97.1,19.0,83.4,0.2,79.3,5.0,46.2,0.7,79.4,2.8,99.7,0.0,94.5,1600.0,16.00,16,18,18,36,74,560,1,47.8,38.5,46.5,34.4,34.9,33.2,36.4,32.7,36.9,32.6,34.2,34.2,34.8,29.1,1.188,0.994,1.200,7.374,4.874,7.375,7.375,27.800,0.709,0.771,0.266,1.397,0.026,1.708,0.088,7.965,4.852,12.818,27.795,1600.0,1600.0,3934.2,3934.2,4650.0,36.6,12.3,8.2,40.5,185.4,No,No,No,0.251,0.136,0.4,47.0,41.0,39.0,36.0,36.0,38.5,39.5,12.192,5.010,1.002,1.348,1.032,0.774,0.820,1.562,3.356,1.834,1282,712,546,544,1.056,1.255,40,40,48,79.0,100.0,No,No,80669,102288,0.2,0.3,0.5,0.449,3.765,17259,13857,41.3,48.0,48.8,48,50,48,48,48,48,48,48,48,83.0,0.662,12.201,12.267,12.185,12.171,12.182,1384,1408,16.562,4.681,9.179,0.245,6.762,2.142,5.275,9.179,5.285,0.962,3.098,310.000,350.000,210.0,50.6,555.0,58.3,600.0,525.0,210.0,50.5,599.9,0.0,9.0,0.0,0.0,7.5,0.0,0.0,0.0,0.0,0.0,60,67,Yes,No,No,No,No,Yes,No,4.8,7.4,4,0,0,0,0,0,0,0,0,128,0,0,0,0,0,0,0,0,0,0,0,0,0,0,0,0,0,0,0,0,7576,616,446,25,2.5,1.9,1.9,1.9,1.9,1.9,1.9,1.9,1.9,1.9,1.9,1.9,1.9,516.84,516.84,516.84,516.84,516.84,516.84,1.04,515.82,516.84,0.00,115.58,1399,36,1737.7,45.0,0,0,0.0,0.0,0,
25.8.2026,15:57:7.838,5560,13693,28.8,6011,10298,36.8,0.1,2944,2,1.199,1.188,1.194,1.194,1.206,1.206,1.206,4223.3,3620.0,4525.0,4525.0,4525.0,4525.0,3620.0,100.0,744.0,655.8,353.1,716.7,974.4,604.2,2034.2,175.0,156.7,1071.5,1279.8,332.1,575.0,744.0,17.2,7.4,8.1,15.8,21.5,13.3,44.8,3.8,4.5,23.8,28.4,7.0,28.2,44.8,17.2,18.9,8.2,9.3,19.0,25.9,15.9,54.7,4.2,4.1,28.7,34.3,8.1,14.9,18.9,42.2,36.2,45.2,45.2,45.2,45.2,36.2,0.0,30.2,15.4,35.8,55.1,7.6,47.5,19.7,41.4,80.5,23.2,27.5,36.0,52.5,28.8,28.4,4.1,41.0,17.4,56.3,0.0,51.5,1600.0,16.00,16,18,18,36,74,560,1,49.4,43.7,53.0,34.4,38.3,38.4,42.4,35.5,41.6,36.5,34.2,35.4,34.0,29.4,1.200,0.994,1.219,16.142,4.795,16.125,20.160,38.533,0.709,1.892,2.784,3.997,1.071,3.694,1.815,18.878,4.775,23.653,38.659,1600.0,1600.0,3934.2,4181.4,4650.0,36.6,12.3,8.2,40.5,185.4,No,No,No,0.251,0.136,0.4,49.0,41.0,39.0,36.0,36.0,38.5,39.5,12.168,5.000,1.004,1.348,1.204,0.774,0.820,1.558,3.344,1.834,1255,711,546,543,1.056,1.272,40,40,48,79.0,100.0,No,No,80669,102288,0.2,0.3,0.5,0.449,3.765,17259,13857,40.9,48.0,48.3,47,48,46,48,48,46,46,46,48,83.0,0.662,12.198,12.266,12.181,12.167,12.178,1369,1397,14.332,4.531,8.823,0.209,6.675,1.922,5.224,8.823,5.238,0.926,2.939,310.000,350.000,210.0,50.6,555.0,48.3,600.0,525.0,210.0,50.5,600.3,0.0,15.0,0.0,0.0,7.5,0.0,0.1,0.0,0.0,0.0,59,67,Yes,No,No,No,No,Yes,No,4.9,7.0,4,0,0,0,0,0,0,0,0,128,0,0,0,0,0,0,0,0,0,0,0,0,0,0,0,0,0,0,0,0,7576,616,446,25,2.5,1.9,1.9,1.9,1.9,1.9,1.9,1.9,1.9,1.9,1.9,1.9,1.9,516.84,516.84,516.84,516.84,516.84,516.84,1.04,515.82,516.84,0.00,115.58,1399,36,1737.7,45.0,0,0,0.0,0.0,0,
25.8.2026,15:57:9.853,5560,13693,28.8,6011,10298,36.8,0.1,2944,2,1.199,1.188,1.194,1.194,1.206,1.206,1.206,4223.3,3620.0,4525.0,4525.0,4525.0,4525.0,3620.0,100.0,744.0,655.8,353.1,716.7,974.4,604.2,2034.2,175.0,156.7,1071.5,1279.8,332.1,575.0,744.0,17.2,7.4,8.1,15.8,21.5,13.3,44.8,3.8,4.5,23.8,28.4,7.0,28.2,44.8,17.2,18.9,8.2,9.3,19.0,25.9,15.9,54.7,4.2,4.1,28.7,34.3,8.1,14.9,18.9,42.2,36.2,45.2,45.2,45.2,45.2,36.2,0.0,30.2,15.4,35.8,55.1,7.6,47.5,19.7,41.4,80.5,23.2,27.5,36.0,52.5,28.8,28.4,4.1,41.0,17.4,56.3,0.0,51.5,1600.0,16.00,16,18,18,36,74,560,1,49.4,43.7,53.0,38.8,38.3,38.4,42.4,35.5,41.6,36.5,35.4,35.4,34.0,29.4,1.200,0.994,1.219,16.142,4.795,16.125,20.160,38.533,2.542,1.892,2.784,3.997,1.071,3.694,1.815,18.878,4.775,23.653,38.659,1600.0,1600.0,4181.4,4181.4,4650.0,50.9,26.9,22.4,46.0,123.5,No,No,No,0.897,0.293,1.8,51.0,41.0,39.5,36.0,36.0,38.5,39.5,12.168,5.000,1.004,1.352,1.260,0.774,0.820,1.560,3.348,1.834,1321,698,547,555,1.057,1.261,40,40,51,79.0,100.0,No,No,80669,102288,4.4,2.4,6.8,2.253,10.412,17263,13877,40.3,48.0,47.8,47,48,46,46,48,46,46,46,48,83.0,0.662,12.198,12.265,12.182,12.168,12.179,1341,1375,14.286,4.559,9.011,0.258,6.639,2.105,5.078,9.011,5.090,0.922,2.915,310.000,350.000,210.0,50.6,555.0,50.1,600.0,525.0,158.6,37.5,452.1,1.0,11.0,0.0,0.0,7.5,0.0,0.1,0.0,0.0,0.0,59,66,Yes,No,No,No,No,Yes,No,4.5,7.1,4,0,0,0,0,0,0,0,0,128,0,0,0,0,0,0,0,0,0,0,0,0,0,0,0,0,0,0,0,0,7576,616,446,25,2.5,1.9,1.9,1.9,1.9,1.9,1.9,1.9,1.9,1.9,1.9,1.9,1.9,533.30,533.30,533.30,533.30,533.30,533.30,1.25,532.19,533.30,0.00,32.47,1402,36,1530.8,35.4,0,0,0.0,0.0,0,
25.8.2026,15:57:11.858,5572,13682,28.9,6024,10285,36.9,0.1,2944,2,1.257,1.256,1.256,1.256,1.256,1.256,1.262,3875.0,3720.0,3720.0,3720.0,3720.0,4650.0,3720.0,100.0,979.6,425.7,189.3,647.5,1216.1,2324.7,982.2,111.5,213.0,470.1,4225.1,459.7,489.7,979.6,21.5,5.1,3.9,14.7,27.1,56.1,22.1,2.8,4.5,9.2,92.0,10.1,10.7,92.0,21.5,25.8,6.1,4.9,17.2,32.6,62.5,26.3,2.7,5.7,12.6,114.0,12.0,13.1,25.8,38.8,37.2,37.2,37.2,37.2,46.5,37.2,0.0,41.7,10.4,41.3,70.3,7.7,99.2,21.5,49.2,89.6,58.7,29.7,47.0,0.8,69.3,9.1,0.0,0.0,0.0,45.3,0.0,9.1,1600.0,16.00,16,18,18,36,74,560,1,51.9,51.8,52.2,42.6,40.0,41.2,47.0,36.9,51.3,39.0,37.0,37.0,35.5,30.6,1.256,0.994,1.275,22.254,4.801,22.251,36.443,46.946,3.422,1.941,3.473,5.422,1.152,6.184,2.363,27.162,4.780,31.943,46.962,1600.0,1600.0,4576.2,4576.2,4650.0,61.8,37.1,40.5,54.5,132.0,No,No,No,0.920,0.358,2.5,52.0,41.0,39.5,36.0,36.5,38.5,39.5,12.168,5.000,1.004,1.348,1.208,0.774,0.818,1.562,3.348,1.834,1369,714,546,544,1.057,1.253,40,40,50,79.0,100.0,No,No,80669,102288,0.8,1.1,1.9,1.564,7.479,17266,13891,39.8,46.0,47.2,46,46,46,46,46,44,46,46,48,83.0,0.662,12.200,12.267,12.184,12.170,12.181,711,657,14.014,4.598,9.041,0.098,6.799,2.130,5.238,9.041,5.242,0.918,2.875,310.000,350.000,210.0,50.6,555.0,51.6,600.0,525.0,157.9,37.4,450.1,1.0,27.0,0.0,0.0,7.5,0.0,0.1,0.0,0.0,0.0,0,0,Yes,No,No,No,No,Yes,No,4.6,7.0,4,0,0,0,0,0,0,0,0,128,0,0,0,0,0,0,0,0,0,0,0,0,0,0,0,0,0,0,0,0,7576,616,446,25,2.5,1.9,1.9,1.9,1.9,1.9,1.9,1.9,1.9,1.9,1.9,1.9,1.9,516.70,516.70,516.70,516.70,516.70,516.70,1.19,515.53,516.70,0.00,16.66,1405,36,1467.0,62.8,0,0,0.0,0.0,0,
25.8.2026,15:57:13.849,5530,13724,28.7,5975,10334,36.6,0.1,2944,2,1.195,1.188,1.200,1.200,1.194,1.194,1.194,4223.3,3620.0,4525.0,4525.0,3620.0,4525.0,4525.0,100.0,969.6,301.3,108.9,538.6,381.3,1253.5,2100.3,2616.8,102.2,3334.7,316.4,298.9,282.7,969.6,21.6,5.0,2.0,12.5,9.0,26.7,46.4,60.5,0.1,76.6,6.8,6.8,6.7,76.6,21.6,25.8,5.2,2.8,14.2,9.9,33.7,57.4,70.9,2.6,88.9,9.1,7.3,7.2,25.8,42.2,36.2,45.2,45.2,36.2,45.2,45.2,0.0,42.5,7.5,20.0,71.7,61.3,82.1,12.2,53.4,92.5,80.0,28.3,34.3,17.9,67.2,4.2,0.0,0.0,0.0,4.5,0.0,20.6,1600.0,16.00,16,18,18,36,74,560,1,53.5,52.8,48.8,44.0,40.0,39.3,48.3,47.5,49.1,39.6,37.3,37.3,35.2,29.6,1.188,1.000,1.206,23.560,4.800,23.560,38.189,48.870,3.643,1.803,2.399,5.416,5.040,5.368,1.832,29.050,4.780,33.830,48.853,1600.0,1600.0,4570.3,4570.3,4650.0,64.3,39.3,42.4,55.5,133.0,No,No,No,1.007,0.417,2.5,53.0,41.0,40.0,36.0,36.5,38.5,40.0,12.168,4.990,1.004,1.348,1.218,0.776,0.818,1.560,3.344,1.834,1384,718,546,544,1.056,1.266,40,40,50,79.0,100.0,No,No,80669,102288,0.5,1.2,1.7,0.945,8.662,17269,13915,39.8,46.0,47.3,46,46,46,46,46,46,46,44,46,83.0,0.662,12.199,12.267,12.182,12.168,12.180,0,0,14.252,4.710,9.168,0.074,6.810,2.275,5.530,9.168,5.537,0.910,2.918,310.000,350.000,210.0,50.6,555.0,46.6,600.0,525.0,157.2,37.4,450.0,0.0,26.0,0.0,0.0,7.5,0.0,0.1,0.0,0.0,0.0,0,0,Yes,No,No,No,No,Yes,No,4.7,9.0,4,0,0,0,0,0,0,0,0,128,0,0,0,0,0,0,0,0,0,0,0,0,0,0,0,0,0,0,0,0,7576,616,446,25,2.5,11.5,66.4,1.9,1.9,1.9,1.9,11.5,60.0,1.9,1.9,1.9,1.9,87.19,533.29,15.05,14.82,533.29,533.29,1.30,85.88,87.19,0.00,56.10,1416,36,2754.3,55.5,0,0,0.0,0.0,0,
Date,Time,"Virtual Memory Committed [MB]","Virtual Memory Available [MB]","Virtual Memory Load [%]","Physical Memory Used [MB]","Physical Memory Available [MB]","Physical Memory Load [%]","Page File Usage [%]","Page File Total [MB]","Page File Used [MB]","Core VIDs (avg) [V]","Core 0 VID [V]","Core 1 VID [V]","Core 2 VID [V]","Core 3 VID [V]","Core 4 VID [V]","Core 5 VID [V]","Core Clocks (avg) [MHz]","Core 0 Clock (perf #4/5) [MHz]","Core 1 Clock (perf #2/3) [MHz]","Core 2 Clock (perf #1/2) [MHz]","Core 3 Clock (perf #5/6) [MHz]","Core 4 Clock (perf #1/1) [MHz]","Core 5 Clock (perf #3/4) [MHz]","Bus Clock [MHz]","Core Effective Clocks (avg) [MHz]","Core 0 T0 Effective Clock [MHz]","Core 0 T1 Effective Clock [MHz]","Core 1 T0 Effective Clock [MHz]","Core 1 T1 Effective Clock [MHz]","Core 2 T0 Effective Clock [MHz]","Core 2 T1 Effective Clock [MHz]","Core 3 T0 Effective Clock [MHz]","Core 3 T1 Effective Clock [MHz]","Core 4 T0 Effective Clock [MHz]","Core 4 T1 Effective Clock [MHz]","Core 5 T0 Effective Clock [MHz]","Core 5 T1 Effective Clock [MHz]","Average Effective Clock [MHz]","Core Usage (avg) [%]","Core 0 T0 Usage [%]","Core 0 T1 Usage [%]","Core 1 T0 Usage [%]","Core 1 T1 Usage [%]","Core 2 T0 Usage [%]","Core 2 T1 Usage [%]","Core 3 T0 Usage [%]","Core 3 T1 Usage [%]","Core 4 T0 Usage [%]","Core 4 T1 Usage [%]","Core 5 T0 Usage [%]","Core 5 T1 Usage [%]","Max CPU/Thread Usage [%]","Total CPU Usage [%]","Core Utility (avg) [%]","Core 0 T0 Utility [%]","Core 0 T1 Utility [%]","Core 1 T0 Utility [%]","Core 1 T1 Utility [%]","Core 2 T0 Utility [%]","Core 2 T1 Utility [%]","Core 3 T0 Utility [%]","Core 3 T1 Utility [%]","Core 4 T0 Utility [%]","Core 4 T1 Utility [%]","Core 5 T0 Utility [%]","Core 5 T1 Utility [%]","Total CPU Utility [%]","Core Ratios (avg) [x]","Core 0 Ratio [x]","Core 1 Ratio [x]","Core 2 Ratio [x]","Core 3 Ratio [x]","Core 4 Ratio [x]","Core 5 Ratio [x]","Package C6 Residency [%]","Core C0 Residency (avg) [%]","Core 0 C0 Residency [%]","Core 1 C0 Residency [%]","Core 2 C0 Residency [%]","Core 3 C0 Residency [%]","Core 4 C0 Residency [%]","Core 5 C0 Residency [%]","Core C1 Residency (avg) [%]","Core 0 C1 Residency [%]","Core 1 C1 Residency [%]","Core 2 C1 Residency [%]","Core 3 C1 Residency [%]","Core 4 C1 Residency [%]","Core 5 C1 Residency [%]","Core C6 Residency (avg) [%]","Core 0 C6 Residency [%]","Core 1 C6 Residency [%]","Core 2 C6 Residency [%]","Core 3 C6 Residency [%]","Core 4 C6 Residency [%]","Core 5 C6 Residency [%]","Memory Clock [MHz]","Memory Clock Ratio [x]","Tcas [T]","Trcd [T]","Trp [T]","Tras [T]","Trc [T]","Trfc [T]","Command Rate [T]","CPU (Tctl/Tdie) [°C]","CPU Die (average) [°C]","CPU CCD1 (Tdie) [°C]","Core Temperatures (avg) [°C]","Core0 (CCD1) [°C]","Core1 (CCD1) [°C]","Core2 (CCD1) [°C]","Core3 (CCD1) [°C]","Core4 (CCD1) [°C]","Core5 (CCD1) [°C]","L3 Temperatures (avg) [°C]","L3 Cache (CCD1) [°C]","CPU IOD Hotspot [°C]","CPU IOD Average [°C]","CPU Core Voltage (SVI2 TFN) [V]","SoC Voltage (SVI2 TFN) [V]","CPU Core VID (Effective) [V]","CPU Core Current (SVI2 TFN) [A]","SoC Current (SVI2 TFN) [A]","CPU TDC [A]","CPU EDC [A]","CPU Package Power [W]","Core Powers (avg) [W]","Core 0 Power [W]","Core 1 Power [W]","Core 2 Power [W]","Core 3 Power [W]","Core 4 Power [W]","Core 5 Power [W]","CPU Core Power (SVI2 TFN) [W]","CPU SoC Power (SVI2 TFN) [W]","Core+SoC Power (SVI2 TFN) [W]","CPU PPT [W]","Infinity Fabric Clock (FCLK) [MHz]","Memory Controller Clock (UCLK) [MHz]","L3 Clocks (avg) [MHz]","L3 Cache (CCD1) [MHz]","Frequency Limit - Global [MHz]","CPU PPT Limit [%]","CPU TDC Limit [%]","CPU EDC Limit [%]","Thermal Limit [%]","Power Reporting Deviation (Accuracy) [%]","Thermal Throttling (HTC) [Yes/No]","Thermal Throttling (PROCHOT CPU) [Yes/No]","Thermal Throttling (PROCHOT EXT) [Yes/No]","DRAM Read Bandwidth [GB/s]","DRAM Write Bandwidth [GB/s]","Average Active Core Count []","CPU [°C]","System [°C]","MOS [°C]","Chipset [°C]","CPU Socket [°C]","PCIE_1 [°C]","T15 [°C]","+12V [V]","+5V [V]","CPU NB/SoC [V]","DRAM [V]","Vcore [V]","VIN5 [V]","VIN6 [V]","VIN7 [V]","+3.3V [V]","VTT [V]","CPU [RPM]","System 1 [RPM]","System 2 [RPM]","System 3 [RPM]","V1 [V]","V2 [V]","Drive Temperature [°C]","Drive Temperature 2 [°C]","Drive Temperature 3 [°C]","Drive Remaining Life [%]","Drive Available Spare [%]","Drive Failure [Yes/No]","Drive Warning [Yes/No]","Total Host Writes [GB]","Total Host Reads [GB]","Read Activity [%]","Write Activity [%]","Total Activity [%]","Read Rate [MB/s]","Write Rate [MB/s]","Read Total [MB]","Write Total [MB]","GPU Temperature [°C]","GPU Memory Junction Temperature [°C]","GPU Hot Spot Temperature [°C]","GPU Memory Chip Temperatures (avg) [°C]","GPU Memory A0 Temperature [°C]","GPU Memory A1 Temperature [°C]","GPU Memory B0 Temperature [°C]","GPU Memory B1 Temperature [°C]","GPU Memory C0 Temperature [°C]","GPU Memory C1 Temperature [°C]","GPU Memory D0 Temperature [°C]","GPU Memory D1 Temperature [°C]","GPU Thermal Limit [°C]","GPU Core Voltage [V]","GPU Rail Voltages (avg) [V]","GPU PCIe +12V Input Voltage [V]","GPU 8-pin #1 Input Voltage [V]","GPU 8-pin #2 Input Voltage [V]","GPU 6-pin #1 Input Voltage [V]","GPU Fan1 [RPM]","GPU Fan2 [RPM]","GPU Power [W]","GPU Rail Powers (avg) [W]","GPU Core (NVVDD) Input Power (sum) [W]","GPU PCIe +12V Input Power [W]","GPU 8-pin #1 Input Power [W]","GPU 8-pin #2 Input Power [W]","GPU 6-pin #1 Input Power [W]","GPU Core (NVVDD) Input Power (sum) [W]","GPU Input PP Source Power (sum) [W]","GPU Core (NVVDD) Output Power [W]","GPU Core (NVVDD) Output Power [W]","GPU Power Limit (rated) [W]","GPU Power Limit (max) [W]","GPU Clock [MHz]","GPU Memory Clock [MHz]","GPU Video Clock [MHz]","GPU Effective Clock [MHz]","GPU Crossbar Clock [MHz]","GPU System Domain Clock [MHz]","GPU Clock (measured) [MHz]","GPU Memory Clock (measured) [MHz]","GPU Crossbar Clock (measured) [MHz]","GPU Core Load [%]","GPU Memory Controller Load [%]","GPU Video Engine Load [%]","GPU Bus Load [%]","GPU Memory Usage [%]","GPU D3D Usages (avg) [%]","GPU D3D Usage [%]","GPU Video Decode 0 Usage [%]","GPU Video Encode 0 Usage [%]","GPU VR Usage [%]","GPU Fan1 [%]","GPU Fan2 [%]","GPU Performance Limiters (avg) [Yes/No]","Performance Limit - Power [Yes/No]","Performance Limit - Thermal [Yes/No]","Performance Limit - Reliability Voltage [Yes/No]","Performance Limit - Max Operating Voltage [Yes/No]","Performance Limit - Utilization [Yes/No]","Performance Limit - SLI GPUBoost Sync [Yes/No]","Total GPU Power [% of TDP] [%]","Total GPU Power (normalized) [% of TDP] [%]","PCI Express Error Counters (avg) []","Receiver Errors []","Replay Count []","Replay Rollover Count []","Bad DLLP Count []","Bad TLP Count []","LCRC Error Count []","NAKs Sent Count []","NAKs Received Count []","Recovery Count []","Correctable Error Count []","Non-Fatal Error Count []","Fatal Error Count []","Unsupported Request Count []","PCIe Lane 0 Errors []","PCIe Lane 1 Errors []","PCIe Lane 2 Errors []","PCIe Lane 3 Errors []","PCIe Lane 4 Errors []","PCIe Lane 5 Errors []","PCIe Lane 6 Errors []","PCIe Lane 7 Errors []","PCIe Lane 8 Errors []","PCIe Lane 9 Errors []","PCIe Lane 10 Errors []","PCIe Lane 11 Errors []","PCIe Lane 12 Errors []","PCIe Lane 13 Errors []","PCIe Lane 14 Errors []","PCIe Lane 15 Errors []","GPU Memory Available [MB]","GPU Memory Allocated [MB]","GPU D3D Memory Dedicated [MB]","GPU D3D Memory Dynamic [MB]","PCIe Link Speed [GT/s]","Framerate Presented (avg) [FPS]","Framerate Presented (99%) [FPS]","Framerate Presented (1%) [FPS]","Framerate Presented (0.1%) [FPS]","Framerate Presented (1% low) [FPS]","Framerate Presented (0.1% low) [FPS]","Framerate Displayed (avg) [FPS]","Framerate Displayed (99%) [FPS]","Framerate Displayed (1%) [FPS]","Framerate Displayed (0.1%) [FPS]","Framerate Displayed (1% low) [FPS]","Framerate Displayed (0.1% low) [FPS]","Frame Time Presented (avg) [ms]","Frame Time Presented (99%) [ms]","Frame Time Presented (1%) [ms]","Frame Time Presented (0.1%) [ms]","Frame Time Displayed (1% high) [ms]","Frame Time Displayed (0.1% high) [ms]","GPU Busy (avg) [ms]","GPU Wait (avg) [ms]","CPU Busy (avg) [ms]","CPU Wait (avg) [ms]","Animation Error (avg) [ms]","Total DL [MB]","Total UP [MB]","Current DL rate [KB/s]","Current UP rate [KB/s]","Total DL [MB]","Total UP [MB]","Current DL rate [KB/s]","Current UP rate [KB/s]","Total Errors []",
,,System: MSI MS-7C91,System: MSI MS-7C91,System: MSI MS-7C91,System: MSI MS-7C91,System: MSI MS-7C91,System: MSI MS-7C91,System: MSI MS-7C91,System: MSI MS-7C91,System: MSI MS-7C91,CPU [#0]: AMD Ryzen 5 5600X,CPU [#0]: AMD Ryzen 5 5600X,CPU [#0]: AMD Ryzen 5 5600X,CPU [#0]: AMD Ryzen 5 5600X,CPU [#0]: AMD Ryzen 5 5600X,CPU [#0]: AMD Ryzen 5 5600X,CPU [#0]: AMD Ryzen 5 5600X,CPU [#0]: AMD Ryzen 5 5600X,CPU [#0]: AMD Ryzen 5 5600X,CPU [#0]: AMD Ryzen 5 5600X,CPU [#0]: AMD Ryzen 5 5600X,CPU [#0]: AMD Ryzen 5 5600X,CPU [#0]: AMD Ryzen 5 5600X,CPU [#0]: AMD Ryzen 5 5600X,CPU [#0]: AMD Ryzen 5 5600X,CPU [#0]: AMD Ryzen 5 5600X,CPU [#0]: AMD Ryzen 5 5600X,CPU [#0]: AMD Ryzen 5 5600X,CPU [#0]: AMD Ryzen 5 5600X,CPU [#0]: AMD Ryzen 5 5600X,CPU [#0]: AMD Ryzen 5 5600X,CPU [#0]: AMD Ryzen 5 5600X,CPU [#0]: AMD Ryzen 5 5600X,CPU [#0]: AMD Ryzen 5 5600X,CPU [#0]: AMD Ryzen 5 5600X,CPU [#0]: AMD Ryzen 5 5600X,CPU [#0]: AMD Ryzen 5 5600X,CPU [#0]: AMD Ryzen 5 5600X,CPU [#0]: AMD Ryzen 5 5600X,CPU [#0]: AMD Ryzen 5 5600X,CPU [#0]: AMD Ryzen 5 5600X,CPU [#0]: AMD Ryzen 5 5600X,CPU [#0]: AMD Ryzen 5 5600X,CPU [#0]: AMD Ryzen 5 5600X,CPU [#0]: AMD Ryzen 5 5600X,CPU [#0]: AMD Ryzen 5 5600X,CPU [#0]: AMD Ryzen 5 5600X,CPU [#0]: AMD Ryzen 5 5600X,CPU [#0]: AMD Ryzen 5 5600X,CPU [#0]: AMD Ryzen 5 5600X,CPU [#0]: AMD Ryzen 5 5600X,CPU [#0]: AMD Ryzen 5 5600X,CPU [#0]: AMD Ryzen 5 5600X,CPU [#0]: AMD Ryzen 5 5600X,CPU [#0]: AMD Ryzen 5 5600X,CPU [#0]: AMD Ryzen 5 5600X,CPU [#0]: AMD Ryzen 5 5600X,CPU [#0]: AMD Ryzen 5 5600X,CPU [#0]: AMD Ryzen 5 5600X,CPU [#0]: AMD Ryzen 5 5600X,CPU [#0]: AMD Ryzen 5 5600X,CPU [#0]: AMD Ryzen 5 5600X,CPU [#0]: AMD Ryzen 5 5600X,CPU [#0]: AMD Ryzen 5 5600X,CPU [#0]: AMD Ryzen 5 5600X,CPU [#0]: AMD Ryzen 5 5600X,CPU [#0]: AMD Ryzen 5 5600X,CPU [#0]: AMD Ryzen 5 5600X,CPU [#0]: AMD Ryzen 5 5600X,CPU [#0]: AMD Ryzen 5 5600X,CPU [#0]: AMD Ryzen 5 5600X,CPU [#0]: AMD Ryzen 5 5600X,CPU [#0]: AMD Ryzen 5 5600X,CPU [#0]: AMD Ryzen 5 5600X,CPU [#0]: AMD Ryzen 5 5600X,CPU [#0]: AMD Ryzen 5 5600X: C-State Residency,CPU [#0]: AMD Ryzen 5 5600X: C-State Residency,CPU [#0]: AMD Ryzen 5 5600X: C-State Residency,CPU [#0]: AMD Ryzen 5 5600X: C-State Residency,CPU [#0]: AMD Ryzen 5 5600X: C-State Residency,CPU [#0]: AMD Ryzen 5 5600X: C-State Residency,CPU [#0]: AMD Ryzen 5 5600X: C-State Residency,CPU [#0]: AMD Ryzen 5 5600X: C-State Residency,CPU [#0]: AMD Ryzen 5 5600X: C-State Residency,CPU [#0]: AMD Ryzen 5 5600X: C-State Residency,CPU [#0]: AMD Ryzen 5 5600X: C-State Residency,CPU [#0]: AMD Ryzen 5 5600X: C-State Residency,CPU [#0]: AMD Ryzen 5 5600X: C-State Residency,CPU [#0]: AMD Ryzen 5 5600X: C-State Residency,CPU [#0]: AMD Ryzen 5 5600X: C-State Residency,CPU [#0]: AMD Ryzen 5 5600X: C-State Residency,CPU [#0]: AMD Ryzen 5 5600X: C-State Residency,CPU [#0]: AMD Ryzen 5 5600X: C-State Residency,CPU [#0]: AMD Ryzen 5 5600X: C-State Residency,CPU [#0]: AMD Ryzen 5 5600X: C-State Residency,CPU [#0]: AMD Ryzen 5 5600X: C-State Residency,CPU [#0]: AMD Ryzen 5 5600X: C-State Residency,Memory Timings,Memory Timings,Memory Timings,Memory Timings,Memory Timings,Memory Timings,Memory Timings,Memory Timings,Memory Timings,CPU [#0]: AMD Ryzen 5 5600X: Enhanced,CPU [#0]: AMD Ryzen 5 5600X: Enhanced,CPU [#0]: AMD Ryzen 5 5600X: Enhanced,CPU [#0]: AMD Ryzen 5 5600X: Enhanced,CPU [#0]: AMD Ryzen 5 5600X: Enhanced,CPU [#0]: AMD Ryzen 5 5600X: Enhanced,CPU [#0]: AMD Ryzen 5 5600X: Enhanced,CPU [#0]: AMD Ryzen 5 5600X: Enhanced,CPU [#0]: AMD Ryzen 5 5600X: Enhanced,CPU [#0]: AMD Ryzen 5 5600X: Enhanced,CPU [#0]: AMD Ryzen 5 5600X: Enhanced,CPU [#0]: AMD Ryzen 5 5600X: Enhanced,CPU [#0]: AMD Ryzen 5 5600X: Enhanced,CPU [#0]: AMD Ryzen 5 5600X: Enhanced,CPU [#0]: AMD Ryzen 5 5600X: Enhanced,CPU [#0]: AMD Ryzen 5 5600X: Enhanced,CPU [#0]: AMD Ryzen 5 5600X: Enhanced,CPU [#0]: AMD Ryzen 5 5600X: Enhanced,CPU [#0]: AMD Ryzen 5 5600X: Enhanced,CPU [#0]: AMD Ryzen 5 5600X: Enhanced,CPU [#0]: AMD Ryzen 5 5600X: Enhanced,CPU [#0]: AMD Ryzen 5 5600X: Enhanced,CPU [#0]: AMD Ryzen 5 5600X: Enhanced,CPU [#0]: AMD Ryzen 5 5600X: Enhanced,CPU [#0]: AMD Ryzen 5 5600X: Enhanced,CPU [#0]: AMD Ryzen 5 5600X: Enhanced,CPU [#0]: AMD Ryzen 5 5600X: Enhanced,CPU [#0]: AMD Ryzen 5 5600X: Enhanced,CPU [#0]: AMD Ryzen 5 5600X: Enhanced,CPU [#0]: AMD Ryzen 5 5600X: Enhanced,CPU [#0]: AMD Ryzen 5 5600X: Enhanced,CPU [#0]: AMD Ryzen 5 5600X: Enhanced,CPU [#0]: AMD Ryzen 5 5600X: Enhanced,CPU [#0]: AMD Ryzen 5 5600X: Enhanced,CPU [#0]: AMD Ryzen 5 5600X: Enhanced,CPU [#0]: AMD Ryzen 5 5600X: Enhanced,CPU [#0]: AMD Ryzen 5 5600X: Enhanced,CPU [#0]: AMD Ryzen 5 5600X: Enhanced,CPU [#0]: AMD Ryzen 5 5600X: Enhanced,CPU [#0]: AMD Ryzen 5 5600X: Enhanced,CPU [#0]: AMD Ryzen 5 5600X: Enhanced,CPU [#0]: AMD Ryzen 5 5600X: Enhanced,CPU [#0]: AMD Ryzen 5 5600X: Enhanced,CPU [#0]: AMD Ryzen 5 5600X: Enhanced,CPU [#0]: AMD Ryzen 5 5600X: Enhanced,CPU [#0]: AMD Ryzen 5 5600X: Enhanced,CPU [#0]: AMD Ryzen 5 5600X: Enhanced,CPU [#0]: AMD Ryzen 5 5600X: Enhanced,CPU [#0]: AMD Ryzen 5 5600X: Enhanced,MSI MPG B550 GAMING EDGE WIFI (MS-7C91) (Nuvoton NCT6687D),MSI MPG B550 GAMING EDGE WIFI (MS-7C91) (Nuvoton NCT6687D),MSI MPG B550 GAMING EDGE WIFI (MS-7C91) (Nuvoton NCT6687D),MSI MPG B550 GAMING EDGE WIFI (MS-7C91) (Nuvoton NCT6687D),MSI MPG B550 GAMING EDGE WIFI (MS-7C91) (Nuvoton NCT6687D),MSI MPG B550 GAMING EDGE WIFI (MS-7C91) (Nuvoton NCT6687D),MSI MPG B550 GAMING EDGE WIFI (MS-7C91) (Nuvoton NCT6687D),MSI MPG B550 GAMING EDGE WIFI (MS-7C91) (Nuvoton NCT6687D),MSI MPG B550 GAMING EDGE WIFI (MS-7C91) (Nuvoton NCT6687D),MSI MPG B550 GAMING EDGE WIFI (MS-7C91) (Nuvoton NCT6687D),MSI MPG B550 GAMING EDGE WIFI (MS-7C91) (Nuvoton NCT6687D),MSI MPG B550 GAMING EDGE WIFI (MS-7C91) (Nuvoton NCT6687D),MSI MPG B550 GAMING EDGE WIFI (MS-7C91) (Nuvoton NCT6687D),MSI MPG B550 GAMING EDGE WIFI (MS-7C91) (Nuvoton NCT6687D),MSI MPG B550 GAMING EDGE WIFI (MS-7C91) (Nuvoton NCT6687D),MSI MPG B550 GAMING EDGE WIFI (MS-7C91) (Nuvoton NCT6687D),MSI MPG B550 GAMING EDGE WIFI (MS-7C91) (Nuvoton NCT6687D),MSI MPG B550 GAMING EDGE WIFI (MS-7C91) (Nuvoton NCT6687D),MSI MPG B550 GAMING EDGE WIFI (MS-7C91) (Nuvoton NCT6687D),MSI MPG B550 GAMING EDGE WIFI (MS-7C91) (Nuvoton NCT6687D),MSI MPG B550 GAMING EDGE WIFI (MS-7C91) (Nuvoton NCT6687D),NUC126,NUC126,S.M.A.R.T.: Samsung SSD 980 500GB (S64ENG0R600254D) [C:],S.M.A.R.T.: Samsung SSD 980 500GB (S64ENG0R600254D) [C:],S.M.A.R.T.: Samsung SSD 980 500GB (S64ENG0R600254D) [C:],S.M.A.R.T.: Samsung SSD 980 500GB (S64ENG0R600254D) [C:],S.M.A.R.T.: Samsung SSD 980 500GB (S64ENG0R600254D) [C:],S.M.A.R.T.: Samsung SSD 980 500GB (S64ENG0R600254D) [C:],S.M.A.R.T.: Samsung SSD 980 500GB (S64ENG0R600254D) [C:],S.M.A.R.T.: Samsung SSD 980 500GB (S64ENG0R600254D) [C:],S.M.A.R.T.: Samsung SSD 980 500GB (S64ENG0R600254D) [C:],Drive: Samsung SSD 980 500GB (S64ENG0R600254D) [C:],Drive: Samsung SSD 980 500GB (S64ENG0R600254D) [C:],Drive: Samsung SSD 980 500GB (S64ENG0R600254D) [C:],Drive: Samsung SSD 980 500GB (S64ENG0R600254D) [C:],Drive: Samsung SSD 980 500GB (S64ENG0R600254D) [C:],Drive: Samsung SSD 980 500GB (S64ENG0R600254D) [C:],Drive: Samsung SSD 980 500GB (S64ENG0R600254D) [C:],dGPU [#0]: NVIDIA GeForce RTX 3070 Ti: GIGABYTE AORUS GeForce RTX 3070 Ti MASTER 8G (GV-N307TAORUS M-8GD),dGPU [#0]: NVIDIA GeForce RTX 3070 Ti: GIGABYTE AORUS GeForce RTX 3070 Ti MASTER 8G (GV-N307TAORUS M-8GD),dGPU [#0]: NVIDIA GeForce RTX 3070 Ti: GIGABYTE AORUS GeForce RTX 3070 Ti MASTER 8G (GV-N307TAORUS M-8GD),dGPU [#0]: NVIDIA GeForce RTX 3070 Ti: GIGABYTE AORUS GeForce RTX 3070 Ti MASTER 8G (GV-N307TAORUS M-8GD),dGPU [#0]: NVIDIA GeForce RTX 3070 Ti: GIGABYTE AORUS GeForce RTX 3070 Ti MASTER 8G (GV-N307TAORUS M-8GD),dGPU [#0]: NVIDIA GeForce RTX 3070 Ti: GIGABYTE AORUS GeForce RTX 3070 Ti MASTER 8G (GV-N307TAORUS M-8GD),dGPU [#0]: NVIDIA GeForce RTX 3070 Ti: GIGABYTE AORUS GeForce RTX 3070 Ti MASTER 8G (GV-N307TAORUS M-8GD),dGPU [#0]: NVIDIA GeForce RTX 3070 Ti: GIGABYTE AORUS GeForce RTX 3070 Ti MASTER 8G (GV-N307TAORUS M-8GD),dGPU [#0]: NVIDIA GeForce RTX 3070 Ti: GIGABYTE AORUS GeForce RTX 3070 Ti MASTER 8G (GV-N307TAORUS M-8GD),dGPU [#0]: NVIDIA GeForce RTX 3070 Ti: GIGABYTE AORUS GeForce RTX 3070 Ti MASTER 8G (GV-N307TAORUS M-8GD),dGPU [#0]: NVIDIA GeForce RTX 3070 Ti: GIGABYTE AORUS GeForce RTX 3070 Ti MASTER 8G (GV-N307TAORUS M-8GD),dGPU [#0]: NVIDIA GeForce RTX 3070 Ti: GIGABYTE AORUS GeForce RTX 3070 Ti MASTER 8G (GV-N307TAORUS M-8GD),dGPU [#0]: NVIDIA GeForce RTX 3070 Ti: GIGABYTE AORUS GeForce RTX 3070 Ti MASTER 8G (GV-N307TAORUS M-8GD),dGPU [#0]: NVIDIA GeForce RTX 3070 Ti: GIGABYTE AORUS GeForce RTX 3070 Ti MASTER 8G (GV-N307TAORUS M-8GD),dGPU [#0]: NVIDIA GeForce RTX 3070 Ti: GIGABYTE AORUS GeForce RTX 3070 Ti MASTER 8G (GV-N307TAORUS M-8GD),dGPU [#0]: NVIDIA GeForce RTX 3070 Ti: GIGABYTE AORUS GeForce RTX 3070 Ti MASTER 8G (GV-N307TAORUS M-8GD),dGPU [#0]: NVIDIA GeForce RTX 3070 Ti: GIGABYTE AORUS GeForce RTX 3070 Ti MASTER 8G (GV-N307TAORUS M-8GD),dGPU [#0]: NVIDIA GeForce RTX 3070 Ti: GIGABYTE AORUS GeForce RTX 3070 Ti MASTER 8G (GV-N307TAORUS M-8GD),dGPU [#0]: NVIDIA GeForce RTX 3070 Ti: GIGABYTE AORUS GeForce RTX 3070 Ti MASTER 8G (GV-N307TAORUS M-8GD),dGPU [#0]: NVIDIA GeForce RTX 3070 Ti: GIGABYTE AORUS GeForce RTX 3070 Ti MASTER 8G (GV-N307TAORUS M-8GD),dGPU [#0]: NVIDIA GeForce RTX 3070 Ti: GIGABYTE AORUS GeForce RTX 3070 Ti MASTER 8G (GV-N307TAORUS M-8GD),dGPU [#0]: NVIDIA GeForce RTX 3070 Ti: GIGABYTE AORUS GeForce RTX 3070 Ti MASTER 8G (GV-N307TAORUS M-8GD),dGPU [#0]: NVIDIA GeForce RTX 3070 Ti: GIGABYTE AORUS GeForce RTX 3070 Ti MASTER 8G (GV-N307TAORUS M-8GD),dGPU [#0]: NVIDIA GeForce RTX 3070 Ti: GIGABYTE AORUS GeForce RTX 3070 Ti MASTER 8G (GV-N307TAORUS M-8GD),dGPU [#0]: NVIDIA GeForce RTX 3070 Ti: GIGABYTE AORUS GeForce RTX 3070 Ti MASTER 8G (GV-N307TAORUS M-8GD),dGPU [#0]: NVIDIA GeForce RTX 3070 Ti: GIGABYTE AORUS GeForce RTX 3070 Ti MASTER 8G (GV-N307TAORUS M-8GD),dGPU [#0]: NVIDIA GeForce RTX 3070 Ti: GIGABYTE AORUS GeForce RTX 3070 Ti MASTER 8G (GV-N307TAORUS M-8GD),dGPU [#0]: NVIDIA GeForce RTX 3070 Ti: GIGABYTE AORUS GeForce RTX 3070 Ti MASTER 8G (GV-N307TAORUS M-8GD),dGPU [#0]: NVIDIA GeForce RTX 3070 Ti: GIGABYTE AORUS GeForce RTX 3070 Ti MASTER 8G (GV-N307TAORUS M-8GD),dGPU [#0]: NVIDIA GeForce RTX 3070 Ti: GIGABYTE AORUS GeForce RTX 3070 Ti MASTER 8G (GV-N307TAORUS M-8GD),dGPU [#0]: NVIDIA GeForce RTX 3070 Ti: GIGABYTE AORUS GeForce RTX 3070 Ti MASTER 8G (GV-N307TAORUS M-8GD),dGPU [#0]: NVIDIA GeForce RTX 3070 Ti: GIGABYTE AORUS GeForce RTX 3070 Ti MASTER 8G (GV-N307TAORUS M-8GD),dGPU [#0]: NVIDIA GeForce RTX 3070 Ti: GIGABYTE AORUS GeForce RTX 3070 Ti MASTER 8G (GV-N307TAORUS M-8GD),dGPU [#0]: NVIDIA GeForce RTX 3070 Ti: GIGABYTE AORUS GeForce RTX 3070 Ti MASTER 8G (GV-N307TAORUS M-8GD),dGPU [#0]: NVIDIA GeForce RTX 3070 Ti: GIGABYTE AORUS GeForce RTX 3070 Ti MASTER 8G (GV-N307TAORUS M-8GD),dGPU [#0]: NVIDIA GeForce RTX 3070 Ti: GIGABYTE AORUS GeForce RTX 3070 Ti MASTER 8G (GV-N307TAORUS M-8GD),dGPU [#0]: NVIDIA GeForce RTX 3070 Ti: GIGABYTE AORUS GeForce RTX 3070 Ti MASTER 8G (GV-N307TAORUS M-8GD),dGPU [#0]: NVIDIA GeForce RTX 3070 Ti: GIGABYTE AORUS GeForce RTX 3070 Ti MASTER 8G (GV-N307TAORUS M-8GD),dGPU [#0]: NVIDIA GeForce RTX 3070 Ti: GIGABYTE AORUS GeForce RTX 3070 Ti MASTER 8G (GV-N307TAORUS M-8GD),dGPU [#0]: NVIDIA GeForce RTX 3070 Ti: GIGABYTE AORUS GeForce RTX 3070 Ti MASTER 8G (GV-N307TAORUS M-8GD),dGPU [#0]: NVIDIA GeForce RTX 3070 Ti: GIGABYTE AORUS GeForce RTX 3070 Ti MASTER 8G (GV-N307TAORUS M-8GD),dGPU [#0]: NVIDIA GeForce RTX 3070 Ti: GIGABYTE AORUS GeForce RTX 3070 Ti MASTER 8G (GV-N307TAORUS M-8GD),dGPU [#0]: NVIDIA GeForce RTX 3070 Ti: GIGABYTE AORUS GeForce RTX 3070 Ti MASTER 8G (GV-N307TAORUS M-8GD),dGPU [#0]: NVIDIA GeForce RTX 3070 Ti: GIGABYTE AORUS GeForce RTX 3070 Ti MASTER 8G (GV-N307TAORUS M-8GD),dGPU [#0]: NVIDIA GeForce RTX 3070 Ti: GIGABYTE AORUS GeForce RTX 3070 Ti MASTER 8G (GV-N307TAORUS M-8GD),dGPU [#0]: NVIDIA GeForce RTX 3070 Ti: GIGABYTE AORUS GeForce RTX 3070 Ti MASTER 8G (GV-N307TAORUS M-8GD),dGPU [#0]: NVIDIA GeForce RTX 3070 Ti: GIGABYTE AORUS GeForce RTX 3070 Ti MASTER 8G (GV-N307TAORUS M-8GD),dGPU [#0]: NVIDIA GeForce RTX 3070 Ti: GIGABYTE AORUS GeForce RTX 3070 Ti MASTER 8G (GV-N307TAORUS M-8GD),dGPU [#0]: NVIDIA GeForce RTX 3070 Ti: GIGABYTE AORUS GeForce RTX 3070 Ti MASTER 8G (GV-N307TAORUS M-8GD),dGPU [#0]: NVIDIA GeForce RTX 3070 Ti: GIGABYTE AORUS GeForce RTX 3070 Ti MASTER 8G (GV-N307TAORUS M-8GD),dGPU [#0]: NVIDIA GeForce RTX 3070 Ti: GIGABYTE AORUS GeForce RTX 3070 Ti MASTER 8G (GV-N307TAORUS M-8GD),dGPU [#0]: NVIDIA GeForce RTX 3070 Ti: GIGABYTE AORUS GeForce RTX 3070 Ti MASTER 8G (GV-N307TAORUS M-8GD),dGPU [#0]: NVIDIA GeForce RTX 3070 Ti: GIGABYTE AORUS GeForce RTX 3070 Ti MASTER 8G (GV-N307TAORUS M-8GD),dGPU [#0]: NVIDIA GeForce RTX 3070 Ti: GIGABYTE AORUS GeForce RTX 3070 Ti MASTER 8G (GV-N307TAORUS M-8GD),dGPU [#0]: NVIDIA GeForce RTX 3070 Ti: GIGABYTE AORUS GeForce RTX 3070 Ti MASTER 8G (GV-N307TAORUS M-8GD),dGPU [#0]: NVIDIA GeForce RTX 3070 Ti: GIGABYTE AORUS GeForce RTX 3070 Ti MASTER 8G (GV-N307TAORUS M-8GD),dGPU [#0]: NVIDIA GeForce RTX 3070 Ti: GIGABYTE AORUS GeForce RTX 3070 Ti MASTER 8G (GV-N307TAORUS M-8GD),dGPU [#0]: NVIDIA GeForce RTX 3070 Ti: GIGABYTE AORUS GeForce RTX 3070 Ti MASTER 8G (GV-N307TAORUS M-8GD),dGPU [#0]: NVIDIA GeForce RTX 3070 Ti: GIGABYTE AORUS GeForce RTX 3070 Ti MASTER 8G (GV-N307TAORUS M-8GD),dGPU [#0]: NVIDIA GeForce RTX 3070 Ti: GIGABYTE AORUS GeForce RTX 3070 Ti MASTER 8G (GV-N307TAORUS M-8GD),dGPU [#0]: NVIDIA GeForce RTX 3070 Ti: GIGABYTE AORUS GeForce RTX 3070 Ti MASTER 8G (GV-N307TAORUS M-8GD),dGPU [#0]: NVIDIA GeForce RTX 3070 Ti: GIGABYTE AORUS GeForce RTX 3070 Ti MASTER 8G (GV-N307TAORUS M-8GD),dGPU [#0]: NVIDIA GeForce RTX 3070 Ti: GIGABYTE AORUS GeForce RTX 3070 Ti MASTER 8G (GV-N307TAORUS M-8GD),dGPU [#0]: NVIDIA GeForce RTX 3070 Ti: GIGABYTE AORUS GeForce RTX 3070 Ti MASTER 8G (GV-N307TAORUS M-8GD),dGPU [#0]: NVIDIA GeForce RTX 3070 Ti: GIGABYTE AORUS GeForce RTX 3070 Ti MASTER 8G (GV-N307TAORUS M-8GD),dGPU [#0]: NVIDIA GeForce RTX 3070 Ti: GIGABYTE AORUS GeForce RTX 3070 Ti MASTER 8G (GV-N307TAORUS M-8GD),dGPU [#0]: NVIDIA GeForce RTX 3070 Ti: GIGABYTE AORUS GeForce RTX 3070 Ti MASTER 8G (GV-N307TAORUS M-8GD),dGPU [#0]: NVIDIA GeForce RTX 3070 Ti: GIGABYTE AORUS GeForce RTX 3070 Ti MASTER 8G (GV-N307TAORUS M-8GD),dGPU [#0]: NVIDIA GeForce RTX 3070 Ti: GIGABYTE AORUS GeForce RTX 3070 Ti MASTER 8G (GV-N307TAORUS M-8GD),dGPU [#0]: NVIDIA GeForce RTX 3070 Ti: GIGABYTE AORUS GeForce RTX 3070 Ti MASTER 8G (GV-N307TAORUS M-8GD),dGPU [#0]: NVIDIA GeForce RTX 3070 Ti: GIGABYTE AORUS GeForce RTX 3070 Ti MASTER 8G (GV-N307TAORUS M-8GD),dGPU [#0]: NVIDIA GeForce RTX 3070 Ti: GIGABYTE AORUS GeForce RTX 3070 Ti MASTER 8G (GV-N307TAORUS M-8GD),dGPU [#0]: NVIDIA GeForce RTX 3070 Ti: GIGABYTE AORUS GeForce RTX 3070 Ti MASTER 8G (GV-N307TAORUS M-8GD),dGPU [#0]: NVIDIA GeForce RTX 3070 Ti: GIGABYTE AORUS GeForce RTX 3070 Ti MASTER 8G (GV-N307TAORUS M-8GD),dGPU [#0]: NVIDIA GeForce RTX 3070 Ti: GIGABYTE AORUS GeForce RTX 3070 Ti MASTER 8G (GV-N307TAORUS M-8GD),dGPU [#0]: NVIDIA GeForce RTX 3070 Ti: GIGABYTE AORUS GeForce RTX 3070 Ti MASTER 8G (GV-N307TAORUS M-8GD),dGPU [#0]: NVIDIA GeForce RTX 3070 Ti: GIGABYTE AORUS GeForce RTX 3070 Ti MASTER 8G (GV-N307TAORUS M-8GD),dGPU [#0]: NVIDIA GeForce RTX 3070 Ti: GIGABYTE AORUS GeForce RTX 3070 Ti MASTER 8G (GV-N307TAORUS M-8GD),dGPU [#0]: NVIDIA GeForce RTX 3070 Ti: GIGABYTE AORUS GeForce RTX 3070 Ti MASTER 8G (GV-N307TAORUS M-8GD),dGPU [#0]: NVIDIA GeForce RTX 3070 Ti: GIGABYTE AORUS GeForce RTX 3070 Ti MASTER 8G (GV-N307TAORUS M-8GD),dGPU [#0]: NVIDIA GeForce RTX 3070 Ti: GIGABYTE AORUS GeForce RTX 3070 Ti MASTER 8G (GV-N307TAORUS M-8GD),dGPU [#0]: NVIDIA GeForce RTX 3070 Ti: GIGABYTE AORUS GeForce RTX 3070 Ti MASTER 8G (GV-N307TAORUS M-8GD),dGPU [#0]: NVIDIA GeForce RTX 3070 Ti: GIGABYTE AORUS GeForce RTX 3070 Ti MASTER 8G (GV-N307TAORUS M-8GD),dGPU [#0]: NVIDIA GeForce RTX 3070 Ti: GIGABYTE AORUS GeForce RTX 3070 Ti MASTER 8G (GV-N307TAORUS M-8GD),dGPU [#0]: NVIDIA GeForce RTX 3070 Ti: GIGABYTE AORUS GeForce RTX 3070 Ti MASTER 8G (GV-N307TAORUS M-8GD),dGPU [#0]: NVIDIA GeForce RTX 3070 Ti: GIGABYTE AORUS GeForce RTX 3070 Ti MASTER 8G (GV-N307TAORUS M-8GD),dGPU [#0]: NVIDIA GeForce RTX 3070 Ti: GIGABYTE AORUS GeForce RTX 3070 Ti MASTER 8G (GV-N307TAORUS M-8GD),dGPU [#0]: NVIDIA GeForce RTX 3070 Ti: GIGABYTE AORUS GeForce RTX 3070 Ti MASTER 8G (GV-N307TAORUS M-8GD),dGPU [#0]: NVIDIA GeForce RTX 3070 Ti: GIGABYTE AORUS GeForce RTX 3070 Ti MASTER 8G (GV-N307TAORUS M-8GD),dGPU [#0]: NVIDIA GeForce RTX 3070 Ti: GIGABYTE AORUS GeForce RTX 3070 Ti MASTER 8G (GV-N307TAORUS M-8GD),dGPU [#0]: NVIDIA GeForce RTX 3070 Ti: GIGABYTE AORUS GeForce RTX 3070 Ti MASTER 8G (GV-N307TAORUS M-8GD),dGPU [#0]: NVIDIA GeForce RTX 3070 Ti: GIGABYTE AORUS GeForce RTX 3070 Ti MASTER 8G (GV-N307TAORUS M-8GD),dGPU [#0]: NVIDIA GeForce RTX 3070 Ti: GIGABYTE AORUS GeForce RTX 3070 Ti MASTER 8G (GV-N307TAORUS M-8GD),dGPU [#0]: NVIDIA GeForce RTX 3070 Ti: GIGABYTE AORUS GeForce RTX 3070 Ti MASTER 8G (GV-N307TAORUS M-8GD),dGPU [#0]: NVIDIA GeForce RTX 3070 Ti: GIGABYTE AORUS GeForce RTX 3070 Ti MASTER 8G (GV-N307TAORUS M-8GD),dGPU [#0]: NVIDIA GeForce RTX 3070 Ti: GIGABYTE AORUS GeForce RTX 3070 Ti MASTER 8G (GV-N307TAORUS M-8GD),dGPU [#0]: NVIDIA GeForce RTX 3070 Ti: GIGABYTE AORUS GeForce RTX 3070 Ti MASTER 8G (GV-N307TAORUS M-8GD),dGPU [#0]: NVIDIA GeForce RTX 3070 Ti: GIGABYTE AORUS GeForce RTX 3070 Ti MASTER 8G (GV-N307TAORUS M-8GD),dGPU [#0]: NVIDIA GeForce RTX 3070 Ti: GIGABYTE AORUS GeForce RTX 3070 Ti MASTER 8G (GV-N307TAORUS M-8GD),PresentMon [dwm.exe],PresentMon [dwm.exe],PresentMon [dwm.exe],PresentMon [dwm.exe],PresentMon [dwm.exe],PresentMon [dwm.exe],PresentMon [dwm.exe],PresentMon [dwm.exe],PresentMon [dwm.exe],PresentMon [dwm.exe],PresentMon [dwm.exe],PresentMon [dwm.exe],PresentMon [dwm.exe],PresentMon [dwm.exe],PresentMon [dwm.exe],PresentMon [dwm.exe],PresentMon [dwm.exe],PresentMon [dwm.exe],PresentMon [dwm.exe],PresentMon [dwm.exe],PresentMon [dwm.exe],PresentMon [dwm.exe],PresentMon [dwm.exe],Network: Intel Wi-Fi 6 AX200 160MHz - Wi-Fi,Network: Intel Wi-Fi 6 AX200 160MHz - Wi-Fi,Network: Intel Wi-Fi 6 AX200 160MHz - Wi-Fi,Network: Intel Wi-Fi 6 AX200 160MHz - Wi-Fi,Network: RealTek Semiconductor RTL8125 Gaming 2.5GbE Family Ethernet Controller - Ethernet,Network: RealTek Semiconductor RTL8125 Gaming 2.5GbE Family Ethernet Controller - Ethernet,Network: RealTek Semiconductor RTL8125 Gaming 2.5GbE Family Ethernet Controller - Ethernet,Network: RealTek Semiconductor RTL8125 Gaming 2.5GbE Family Ethernet Controller - Ethernet,Windows Hardware Errors (WHEA),
