Date,Time,"Virtual Memory Committed [MB]","Virtual Memory Available [MB]","Virtual Memory Load [%]","Physical Memory Used [MB]","Physical Memory Available [MB]","Physical Memory Load [%]","Page File Usage [%]","Page File Total [MB]","Page File Used [MB]","Core VIDs (avg) [V]","Core 0 VID [V]","Core 1 VID [V]","Core 2 VID [V]","Core 3 VID [V]","Core 4 VID [V]","Core 5 VID [V]","Core Clocks (avg) [MHz]","Core 0 Clock (perf #4/5) [MHz]","Core 1 Clock (perf #2/3) [MHz]","Core 2 Clock (perf #1/2) [MHz]","Core 3 Clock (perf #5/6) [MHz]","Core 4 Clock (perf #1/1) [MHz]","Core 5 Clock (perf #3/4) [MHz]","Bus Clock [MHz]","Core Effective Clocks (avg) [MHz]","Core 0 T0 Effective Clock [MHz]","Core 0 T1 Effective Clock [MHz]","Core 1 T0 Effective Clock [MHz]","Core 1 T1 Effective Clock [MHz]","Core 2 T0 Effective Clock [MHz]","Core 2 T1 Effective Clock [MHz]","Core 3 T0 Effective Clock [MHz]","Core 3 T1 Effective Clock [MHz]","Core 4 T0 Effective Clock [MHz]","Core 4 T1 Effective Clock [MHz]","Core 5 T0 Effective Clock [MHz]","Core 5 T1 Effective Clock [MHz]","Average Effective Clock [MHz]","Core Usage (avg) [%]","Core 0 T0 Usage [%]","Core 0 T1 Usage [%]","Core 1 T0 Usage [%]","Core 1 T1 Usage [%]","Core 2 T0 Usage [%]","Core 2 T1 Usage [%]","Core 3 T0 Usage [%]","Core 3 T1 Usage [%]","Core 4 T0 Usage [%]","Core 4 T1 Usage [%]","Core 5 T0 Usage [%]","Core 5 T1 Usage [%]","Max CPU/Thread Usage [%]","Total CPU Usage [%]","Core Utility (avg) [%]","Core 0 T0 Utility [%]","Core 0 T1 Utility [%]","Core 1 T0 Utility [%]","Core 1 T1 Utility [%]","Core 2 T0 Utility [%]","Core 2 T1 Utility [%]","Core 3 T0 Utility [%]","Core 3 T1 Utility [%]","Core 4 T0 Utility [%]","Core 4 T1 Utility [%]","Core 5 T0 Utility [%]","Core 5 T1 Utility [%]","Total CPU Utility [%]","Core Ratios (avg) [x]","Core 0 Ratio [x]","Core 1 Ratio [x]","Core 2 Ratio [x]","Core 3 Ratio [x]","Core 4 Ratio [x]","Core 5 Ratio [x]","Package C6 Residency [%]","Core C0 Residency (avg) [%]","Core 0 C0 Residency [%]","Core 1 C0 Residency [%]","Core 2 C0 Residency [%]","Core 3 C0 Residency [%]","Core 4 C0 Residency [%]","Core 5 C0 Residency [%]","Core C1 Residency (avg) [%]","Core 0 C1 Residency [%]","Core 1 C1 Residency [%]","Core 2 C1 Residency [%]","Core 3 C1 Residency [%]","Core 4 C1 Residency [%]","Core 5 C1 Residency [%]","Core C6 Residency (avg) [%]","Core 0 C6 Residency [%]","Core 1 C6 Residency [%]","Core 2 C6 Residency [%]","Core 3 C6 Residency [%]","Core 4 C6 Residency [%]","Core 5 C6 Residency [%]","Memory Clock [MHz]","Memory Clock Ratio [x]","Tcas [T]","Trcd [T]","Trp [T]","Tras [T]","Trc [T]","Trfc [T]","Command Rate [T]","CPU (Tctl/Tdie) [°C]","CPU Die (average) [°C]","CPU CCD1 (Tdie) [°C]","Core Temperatures (avg) [°C]","Core0 (CCD1) [°C]","Core1 (CCD1) [°C]","Core2 (CCD1) [°C]","Core3 (CCD1) [°C]","Core4 (CCD1) [°C]","Core5 (CCD1) [°C]","L3 Temperatures (avg) [°C]","L3 Cache (CCD1) [°C]","CPU IOD Hotspot [°C]","CPU IOD Average [°C]","CPU Core Voltage (SVI2 TFN) [V]","SoC Voltage (SVI2 TFN) [V]","CPU Core VID (Effective) [V]","CPU Core Current (SVI2 TFN) [A]","SoC Current (SVI2 TFN) [A]","CPU TDC [A]","CPU EDC [A]","CPU Package Power [W]","Core Powers (avg) [W]","Core 0 Power [W]","Core 1 Power [W]","Core 2 Power [W]","Core 3 Power [W]","Core 4 Power [W]","Core 5 Power [W]","CPU Core Power (SVI2 TFN) [W]","CPU SoC Power (SVI2 TFN) [W]","Core+SoC Power (SVI2 TFN) [W]","CPU PPT [W]","Infinity Fabric Clock (FCLK) [MHz]","Memory Controller Clock (UCLK) [MHz]","L3 Clocks (avg) [MHz]","L3 Cache (CCD1) [MHz]","Frequency Limit - Global [MHz]","CPU PPT Limit [%]","CPU TDC Limit [%]","CPU EDC Limit [%]","Thermal Limit [%]","Power Reporting Deviation (Accuracy) [%]","Thermal Throttling (HTC) [Yes/No]","Thermal Throttling (PROCHOT CPU) [Yes/No]","Thermal Throttling (PROCHOT EXT) [Yes/No]","DRAM Read Bandwidth [GB/s]","DRAM Write Bandwidth [GB/s]","Average Active Core Count []","CPU [°C]","System [°C]","MOS [°C]","Chipset [°C]","CPU Socket [°C]","PCIE_1 [°C]","T15 [°C]","+12V [V]","+5V [V]","CPU NB/SoC [V]","DRAM [V]","Vcore [V]","VIN5 [V]","VIN6 [V]","VIN7 [V]","+3.3V [V]","VTT [V]","CPU [RPM]","System 1 [RPM]","System 2 [RPM]","System 3 [RPM]","V1 [V]","V2 [V]","Drive Temperature [°C]","Drive Temperature 2 [°C]","Drive Temperature 3 [°C]","Drive Remaining Life [%]","Drive Available Spare [%]","Drive Failure [Yes/No]","Drive Warning [Yes/No]","Total Host Writes [GB]","Total Host Reads [GB]","Read Activity [%]","Write Activity [%]","Total Activity [%]","Read Rate [MB/s]","Write Rate [MB/s]","Read Total [MB]","Write Total [MB]","GPU Temperature [°C]","GPU Memory Junction Temperature [°C]","GPU Hot Spot Temperature [°C]","GPU Memory Chip Temperatures (avg) [°C]","GPU Memory A0 Temperature [°C]","GPU Memory A1 Temperature [°C]","GPU Memory B0 Temperature [°C]","GPU Memory B1 Temperature [°C]","GPU Memory C0 Temperature [°C]","GPU Memory C1 Temperature [°C]","GPU Memory D0 Temperature [°C]","GPU Memory D1 Temperature [°C]","GPU Thermal Limit [°C]","GPU Core Voltage [V]","GPU Rail Voltages (avg) [V]","GPU PCIe +12V Input Voltage [V]","GPU 8-pin #1 Input Voltage [V]","GPU 8-pin #2 Input Voltage [V]","GPU 6-pin #1 Input Voltage [V]","GPU Fan1 [RPM]","GPU Fan2 [RPM]","GPU Power [W]","GPU Rail Powers (avg) [W]","GPU Core (NVVDD) Input Power (sum) [W]","GPU PCIe +12V Input Power [W]","GPU 8-pin #1 Input Power [W]","GPU 8-pin #2 Input Power [W]","GPU 6-pin #1 Input Power [W]","GPU Core (NVVDD) Input Power (sum) [W]","GPU Input PP Source Power (sum) [W]","GPU Core (NVVDD) Output Power [W]","GPU Core (NVVDD) Output Power [W]","GPU Power Limit (rated) [W]","GPU Power Limit (max) [W]","GPU Clock [MHz]","GPU Memory Clock [MHz]","GPU Video Clock [MHz]","GPU Effective Clock [MHz]","GPU Crossbar Clock [MHz]","GPU System Domain Clock [MHz]","GPU Clock (measured) [MHz]","GPU Memory Clock (measured) [MHz]","GPU Crossbar Clock (measured) [MHz]","GPU Core Load [%]","GPU Memory Controller Load [%]","GPU Video Engine Load [%]","GPU Bus Load [%]","GPU Memory Usage [%]","GPU D3D Usages (avg) [%]","GPU D3D Usage [%]","GPU Video Decode 0 Usage [%]","GPU Video Encode 0 Usage [%]","GPU VR Usage [%]","GPU Fan1 [%]","GPU Fan2 [%]","GPU Performance Limiters (avg) [Yes/No]","Performance Limit - Power [Yes/No]","Performance Limit - Thermal [Yes/No]","Performance Limit - Reliability Voltage [Yes/No]","Performance Limit - Max Operating Voltage [Yes/No]","Performance Limit - Utilization [Yes/No]","Performance Limit - SLI GPUBoost Sync [Yes/No]","Total GPU Power [% of TDP] [%]","Total GPU Power (normalized) [% of TDP] [%]","PCI Express Error Counters (avg) []","Receiver Errors []","Replay Count []","Replay Rollover Count []","Bad DLLP Count []","Bad TLP Count []","LCRC Error Count []","NAKs Sent Count []","NAKs Received Count []","Recovery Count []","Correctable Error Count []","Non-Fatal Error Count []","Fatal Error Count []","Unsupported Request Count []","PCIe Lane 0 Errors []","PCIe Lane 1 Errors []","PCIe Lane 2 Errors []","PCIe Lane 3 Errors []","PCIe Lane 4 Errors []","PCIe Lane 5 Errors []","PCIe Lane 6 Errors []","PCIe Lane 7 Errors []","PCIe Lane 8 Errors []","PCIe Lane 9 Errors []","PCIe Lane 10 Errors []","PCIe Lane 11 Errors []","PCIe Lane 12 Errors []","PCIe Lane 13 Errors []","PCIe Lane 14 Errors []","PCIe Lane 15 Errors []","GPU Memory Available [MB]","GPU Memory Allocated [MB]","GPU D3D Memory Dedicated [MB]","GPU D3D Memory Dynamic [MB]","PCIe Link Speed [GT/s]","Framerate Presented (avg) [FPS]","Framerate Presented (99%) [FPS]","Framerate Presented (1%) [FPS]","Framerate Presented (0.1%) [FPS]","Framerate Presented (1% low) [FPS]","Framerate Presented (0.1% low) [FPS]","Framerate Displayed (avg) [FPS]","Framerate Displayed (99%) [FPS]","Framerate Displayed (1%) [FPS]","Framerate Displayed (0.1%) [FPS]","Framerate Displayed (1% low) [FPS]","Framerate Displayed (0.1% low) [FPS]","Frame Time Presented (avg) [ms]","Frame Time Presented (99%) [ms]","Frame Time Presented (1%) [ms]","Frame Time Presented (0.1%) [ms]","Frame Time Displayed (1% high) [ms]","Frame Time Displayed (0.1% high) [ms]","GPU Busy (avg) [ms]","GPU Wait (avg) [ms]","CPU Busy (avg) [ms]","CPU Wait (avg) [ms]","Animation Error (avg) [ms]","Total DL [MB]","Total UP [MB]","Current DL rate [KB/s]","Current UP rate [KB/s]","Total DL [MB]","Total UP [MB]","Current DL rate [KB/s]","Current UP rate [KB/s]","Total Errors []",
25.8.2026,15:45:15.486,6229,13024,32.3,6257,10053,38.3,0.0,2944,0,0.950,0.950,0.950,0.950,0.950,0.950,0.950,3675.0,3675.0,3675.0,3675.0,3675.0,3675.0,3675.0,100.0,61.3,151.8,4.9,25.3,24.5,45.7,196.4,1.6,0.8,76.0,165.3,28.2,14.6,61.3,2.0,1.7,0.0,0.0,0.8,1.3,4.8,1.1,6.1,2.0,4.0,0.2,2.1,6.1,2.0,1.4,1.5,0.1,0.6,0.6,1.2,5.0,0.0,0.0,1.9,4.2,0.7,0.4,1.4,36.8,36.8,36.8,36.8,36.8,36.8,36.8,13.6,2.6,1.7,1.2,5.8,0.1,5.7,1.1,37.0,56.0,8.7,70.0,1.6,77.3,8.4,60.5,42.4,90.1,24.3,98.3,17.0,90.6,1600.0,16.00,16,18,18,36,74,560,1,32.5,30.1,35.2,28.9,29.3,28.7,29.6,28.3,29.5,28.3,29.5,29.5,30.2,24.9,1.150,0.994,1.181,4.647,4.526,4.647,4.647,23.474,0.343,0.429,0.127,0.643,0.033,0.703,0.120,4.723,4.509,9.232,23.498,1600.0,1600.0,3375.7,3375.7,4650.0,30.9,7.7,5.2,31.7,226.2,No,No,No,0.140,0.042,0.2,32.0,35.0,33.5,32.0,31.0,31.5,33.5,12.192,5.010,1.002,1.348,0.970,0.904,0.892,1.564,3.360,1.836,912,767,548,559,1.056,1.263,33,33,40,79.0,100.0,No,No,80665,102282,0.0,0.0,0.0,0.000,0.036,10937,8828,33.9,38.0,41.8,38,38,36,38,38,38,38,36,38,83.0,0.669,12.213,12.282,12.198,12.180,12.191,0,0,16.106,4.995,9.913,0.086,6.965,2.850,5.876,9.913,5.886,0.834,2.630,310.000,350.000,210.0,50.6,555.0,75.0,600.0,525.0,100.2,24.0,341.8,4.0,3.0,0.0,0.0,10.0,0.4,1.6,0.0,0.0,0.0,0,0,Yes,No,No,No,No,Yes,No,5.5,7.8,1,0,0,0,0,0,0,0,0,42,0,0,0,0,0,0,0,0,0,0,0,0,0,0,0,0,0,0,0,0,7376,816,647,46,2.5,10.9,60.7,2.0,1.9,1.9,1.9,10.9,60.0,2.0,1.9,1.9,1.9,91.64,492.58,16.48,16.47,533.13,533.13,1.81,89.66,91.64,0.00,116.58,304,15,1.3,0.2,0,0,0.0,0.0,0,
25.8.2026,15:45:17.495,6225,13028,32.3,6256,10053,38.3,0.0,2944,0,0.988,1.175,0.950,0.950,0.950,0.950,0.950,3665.8,3620.0,3675.0,3675.0,3675.0,3675.0,3675.0,100.0,116.7,311.6,28.8,70.3,68.4,97.8,271.1,3.3,5.2,83.6,373.6,33.7,52.8,116.7,2.1,1.7,1.2,1.3,1.3,2.0,6.0,0.0,0.0,1.7,8.2,1.4,0.9,8.2,2.1,2.5,1.9,0.7,1.7,1.7,2.5,7.0,0.1,0.1,2.1,9.8,0.9,1.3,2.5,36.7,36.2,36.8,36.8,36.8,36.8,36.8,23.8,4.3,2.6,3.1,8.1,0.2,10.2,2.0,29.2,31.4,17.5,51.4,3.3,58.0,13.4,66.6,66.2,79.5,40.8,96.4,32.0,84.9,1600.0,16.00,16,18,18,36,74,560,1,33.0,30.6,35.5,29.2,29.2,29.0,29.8,28.5,30.0,28.6,29.6,29.6,28.2,23.8,1.156,0.994,1.163,5.013,4.337,5.009,5.009,23.281,0.464,0.430,0.346,0.766,0.069,0.930,0.242,5.292,4.322,9.614,23.328,1600.0,1600.0,3267.6,3267.6,4650.0,30.7,8.3,5.6,32.2,187.9,No,No,No,0.269,0.066,0.3,32.0,34.5,33.5,32.0,30.5,31.5,33.5,12.192,5.010,1.002,1.352,0.716,0.904,0.892,1.564,3.364,1.836,893,754,548,559,1.056,1.259,33,33,40,79.0,100.0,No,No,80665,102282,0.0,0.0,0.0,0.008,0.071,10937,8828,34.0,38.0,41.5,37,38,36,38,38,38,36,36,38,83.0,0.669,12.208,12.280,12.192,12.174,12.186,0,0,16.502,5.018,10.001,0.098,6.913,2.971,5.910,10.001,5.917,0.839,2.514,310.000,350.000,210.0,50.6,555.0,84.1,600.0,525.0,185.3,44.4,545.2,3.0,3.0,0.0,0.0,9.9,0.4,1.8,0.0,0.0,0.0,0,0,Yes,No,No,No,No,Yes,No,5.1,10.9,1,0,0,0,0,0,0,0,0,42,0,0,0,0,0,0,0,0,0,0,0,0,0,0,0,0,0,0,0,0,7378,814,645,46,2.5,20.0,60.5,12.4,12.2,12.2,12.2,20.0,60.0,12.0,12.0,12.0,12.0,50.01,80.36,16.52,16.50,81.84,81.84,1.39,48.65,50.01,0.00,9.65,304,15,1.6,0.3,0,0,0.0,0.0,0,
25.8.2026,15:45:19.493,6248,13006,32.4,6255,10054,38.3,0.0,2944,0,1.182,1.181,1.175,1.175,1.188,1.188,1.188,3921.7,3620.0,3620.0,4525.0,3620.0,4525.0,3620.0,100.0,103.2,173.1,28.7,57.8,74.3,219.8,211.8,9.9,8.4,70.9,318.8,43.4,21.2,103.2,2.3,1.1,1.1,1.7,2.1,4.5,4.4,0.7,2.1,1.3,7.0,0.7,0.9,7.0,2.3,2.4,1.5,0.8,1.4,1.9,5.7,5.4,0.3,0.2,1.8,8.4,1.1,0.5,2.4,39.2,36.2,36.2,45.2,36.2,45.2,36.2,36.5,3.8,2.0,3.0,7.4,0.4,8.6,1.4,24.3,22.2,17.8,40.0,5.1,49.9,10.9,72.0,75.9,79.2,52.9,94.5,41.6,87.8,1600.0,16.00,16,18,18,36,74,560,1,33.5,30.3,37.8,28.9,28.9,28.8,29.5,28.3,29.6,28.3,29.2,29.2,29.0,24.9,1.181,0.994,1.188,4.253,4.171,4.246,4.246,21.841,0.412,0.324,0.298,0.663,0.096,0.900,0.192,4.500,4.158,8.659,21.882,1600.0,1600.0,2729.0,2729.0,4650.0,28.8,7.1,4.7,31.9,180.3,No,No,No,0.311,0.074,0.2,32.0,34.5,33.5,32.0,30.5,31.5,33.5,12.192,5.020,1.002,1.352,0.710,0.904,0.892,1.562,3.356,1.836,921,769,549,547,1.056,1.267,33,33,40,79.0,100.0,No,No,80665,102282,0.0,0.1,0.1,0.024,0.120,10937,8828,34.0,38.0,41.5,38,38,36,38,38,38,38,36,38,83.0,0.669,12.204,12.277,12.188,12.170,12.180,0,0,15.604,5.896,12.053,0.123,7.703,4.211,6.650,12.053,6.664,0.832,2.774,310.000,350.000,210.0,50.6,555.0,42.4,600.0,525.0,210.0,50.5,600.0,7.0,5.0,0.0,0.0,10.0,0.2,0.9,0.0,0.0,0.0,0,0,Yes,No,No,No,No,Yes,No,6.0,11.6,1,0,0,0,0,0,0,0,0,42,0,0,0,0,0,0,0,0,0,0,0,0,0,0,0,0,0,0,0,0,7371,821,652,48,2.5,12.6,62.2,1.2,1.0,1.0,1.0,12.6,60.2,1.2,1.0,1.0,1.0,79.54,847.93,16.09,16.03,966.72,966.72,1.81,77.74,79.54,0.00,123.56,304,15,2.5,4.1,0,0,0.0,0.0,0,
25.8.2026,15:45:21.491,6236,13018,32.3,6257,10052,38.3,0.0,2944,0,1.004,1.181,0.969,0.969,0.969,0.969,0.969,3665.8,3620.0,3675.0,3675.0,3675.0,3675.0,3675.0,100.0,166.7,190.2,54.0,141.4,94.8,239.8,392.9,44.3,105.1,218.4,334.9,112.9,71.2,166.7,4.1,4.1,1.5,3.6,2.5,5.8,9.4,1.3,2.6,5.1,8.1,2.8,2.0,9.4,4.1,4.3,4.3,1.4,3.7,2.4,6.4,10.5,1.2,2.8,5.6,8.9,3.0,1.8,4.3,36.7,36.2,36.8,36.8,36.8,36.8,36.8,0.0,6.4,4.6,4.9,11.9,2.8,10.4,3.7,55.9,61.7,56.1,81.8,11.4,89.6,34.9,37.7,33.6,39.0,6.4,85.8,0.0,61.5,1600.0,16.00,16,18,18,36,74,560,1,34.1,31.5,36.2,30.0,30.2,29.8,31.0,29.2,30.7,29.3,30.0,30.0,30.5,24.5,1.175,0.994,1.181,7.177,4.782,7.179,7.179,27.286,0.661,0.603,0.608,1.047,0.254,1.021,0.431,7.599,4.762,12.362,27.286,1600.0,1600.0,3870.5,3870.5,4650.0,35.9,12.0,8.0,33.1,189.6,No,No,No,0.495,0.133,0.4,33.0,34.5,33.5,32.0,31.0,31.5,33.5,12.192,5.010,1.002,1.348,0.978,0.904,0.892,1.564,3.356,1.836,938,754,549,546,1.056,1.258,33,33,40,79.0,100.0,No,No,80665,102282,0.1,0.0,0.1,0.071,0.043,10937,8828,34.1,38.0,41.6,37,38,36,38,38,38,36,36,38,83.0,0.669,12.214,12.285,12.198,12.181,12.192,0,0,15.272,4.854,9.621,0.086,6.977,2.546,5.730,9.621,5.739,0.832,2.536,310.000,350.000,210.0,50.6,555.0,52.7,600.0,525.0,171.7,40.5,486.6,1.0,3.0,0.0,0.0,9.8,0.1,0.6,0.0,0.0,0.0,0,0,Yes,No,No,No,No,Yes,No,5.0,8.3,1,0,0,0,0,0,0,0,0,42,0,0,0,0,0,0,0,0,0,0,0,0,0,0,0,0,0,0,0,0,7386,806,637,43,2.5,18.6,72.2,2.1,1.8,1.8,1.8,18.7,60.0,2.1,1.8,1.8,1.8,53.63,481.43,13.85,13.79,554.12,554.12,1.03,52.57,53.63,0.00,41.62,304,15,1.7,1.4,0,0,0.0,0.0,0,
25.8.2026,15:45:23.480,5475,13778,28.4,5669,10640,34.7,0.0,2944,0,1.200,1.206,1.206,1.206,1.194,1.194,1.194,4374.2,4525.0,4525.0,4525.0,3620.0,4525.0,4525.0,100.0,306.3,243.1,106.3,302.4,210.7,362.2,583.6,138.2,310.9,487.8,636.2,161.7,132.6,306.3,6.5,3.8,2.1,6.6,4.4,7.9,12.7,3.6,6.7,10.5,13.9,3.4,2.7,13.9,6.5,7.8,4.4,2.7,7.9,5.4,9.5,15.3,3.7,8.3,12.8,16.7,4.1,3.3,7.8,43.7,45.2,45.2,45.2,36.2,45.2,45.2,0.0,12.5,5.9,11.0,19.8,8.8,23.2,6.2,55.2,57.8,50.1,75.3,24.0,76.6,47.5,32.3,36.3,38.9,4.9,67.2,0.2,46.3,1600.0,16.00,16,18,18,36,74,560,1,36.6,33.7,41.5,31.1,30.8,30.7,32.2,30.5,32.6,30.1,30.4,30.4,30.2,25.1,1.200,0.994,1.212,9.623,4.819,9.599,9.599,30.336,1.137,0.779,1.061,1.597,0.745,1.850,0.791,10.744,4.798,15.542,30.477,1600.0,1600.0,4028.9,4028.9,4650.0,40.1,16.0,10.7,35.5,157.0,No,No,No,0.700,0.515,0.7,35.0,34.5,33.5,32.0,31.0,31.5,33.5,12.192,5.000,1.004,1.348,1.098,0.904,0.892,1.562,3.356,1.836,953,767,549,559,1.057,1.243,33,33,41,79.0,100.0,No,No,80665,102282,0.7,2.8,3.5,1.078,0.915,10940,8830,34.1,38.0,41.5,37,38,36,36,38,38,36,36,38,83.0,0.669,12.205,12.278,12.189,12.170,12.182,0,0,16.147,6.523,13.551,0.184,8.020,5.330,7.029,13.551,7.035,0.834,3.175,310.000,350.000,210.0,50.6,555.0,65.1,600.0,525.0,161.9,38.4,461.0,9.0,6.0,0.0,0.0,9.1,0.3,1.1,0.0,0.0,0.0,0,0,Yes,No,No,No,No,Yes,No,6.6,11.5,1,0,0,0,0,0,0,0,0,42,0,0,0,0,0,0,0,0,0,0,0,0,0,0,0,0,0,0,0,0,7450,742,573,44,2.5,16.0,80.5,2.1,2.1,2.1,2.1,15.9,60.2,2.1,2.1,2.1,2.1,62.59,468.01,12.42,12.32,484.03,484.03,2.15,60.51,62.59,0.00,81.47,304,15,10.3,5.8,0,0,0.0,0.0,0,
25.8.2026,15:45:25.491,5119,14134,26.5,5537,10772,33.9,0.0,2944,0,0.984,1.156,0.950,0.950,0.950,0.950,0.950,3665.8,3620.0,3675.0,3675.0,3675.0,3675.0,3675.0,100.0,598.3,914.7,387.9,644.0,470.8,774.2,775.9,331.8,296.8,938.7,747.6,503.1,394.2,598.3,11.7,11.1,7.9,14.2,9.7,17.0,17.3,6.6,0.0,19.3,16.7,11.1,8.8,19.3,11.7,15.0,13.2,10.3,17.1,12.4,20.6,20.8,8.8,7.9,24.9,19.9,13.3,10.5,15.0,36.7,36.2,36.8,36.8,36.8,36.8,36.8,17.4,19.5,15.2,18.7,27.1,10.1,30.7,15.2,32.7,36.1,29.6,35.4,21.3,46.2,27.7,47.9,48.8,51.8,37.7,68.5,23.2,57.3,1600.0,16.00,16,18,18,36,74,560,1,38.9,35.2,34.8,32.5,32.4,32.1,33.7,31.4,33.9,31.8,30.9,30.9,30.5,25.1,1.175,0.994,1.181,10.729,5.492,10.763,12.347,33.240,1.587,1.425,1.521,1.996,0.964,2.286,1.333,12.316,5.462,17.777,33.070,1600.0,1600.0,3530.8,3530.8,4647.7,43.5,17.9,13.7,37.0,128.6,No,No,No,1.032,0.476,1.2,39.0,34.5,33.5,32.0,31.0,31.5,33.5,12.168,5.000,1.002,1.352,0.678,0.904,0.892,1.560,3.344,1.836,990,764,548,558,1.056,1.261,33,33,41,79.0,100.0,No,No,80665,102282,5.0,2.1,7.0,4.968,1.247,10949,8832,37.4,44.0,47.2,43,44,42,42,44,44,44,42,44,83.0,0.956,12.176,12.265,12.164,12.144,12.132,0,0,106.544,33.290,72.479,3.164,35.593,33.700,33.982,72.479,34.007,2.838,11.372,310.000,350.000,1875.0,1187.7,1650.0,1264.5,1785.0,1575.0,1874.4,1186.4,1785.3,0.0,0.0,0.0,0.0,7.5,0.3,1.3,0.0,0.0,0.0,0,0,Yes,No,No,No,No,Yes,No,34.4,45.4,1,0,0,0,0,0,0,0,0,43,0,0,0,0,0,0,0,0,0,0,0,0,0,0,0,0,0,0,0,0,7574,618,448,31,16.0,16.3,53.6,10.3,10.1,10.1,10.1,16.3,52.2,10.3,10.1,10.0,10.0,61.48,97.05,18.66,16.36,99.33,99.33,0.29,61.19,61.48,0.00,19.95,304,15,25.2,6.6,0,0,0.0,0.0,0,
25.8.2026,15:45:27.491,5308,13945,27.5,5708,10602,34.9,0.0,2944,0,1.175,1.175,1.175,1.175,1.175,1.175,1.175,3770.8,3620.0,3620.0,4525.0,3620.0,3620.0,3620.0,100.0,376.5,272.2,81.7,246.6,241.8,426.1,498.0,758.4,204.6,920.0,558.1,153.2,157.8,376.5,9.9,3.5,2.6,5.5,6.1,9.5,10.7,17.6,22.1,21.8,12.4,3.5,3.5,22.1,9.9,9.7,3.9,2.1,6.5,6.3,11.4,12.8,20.5,5.4,24.8,14.8,4.0,4.1,9.7,37.7,36.2,36.2,45.2,36.2,36.2,36.2,11.0,14.9,4.9,9.7,18.2,19.6,30.8,6.4,41.4,35.9,41.2,53.3,33.3,53.5,31.2,43.7,59.2,49.2,28.6,47.1,15.8,62.5,1600.0,16.00,16,18,18,36,74,560,1,40.5,35.9,37.0,32.0,30.7,31.1,32.6,32.8,34.3,30.7,30.6,30.6,29.8,23.9,1.175,0.994,1.181,10.188,5.356,10.175,10.175,31.925,1.325,0.675,1.021,1.560,1.620,2.343,0.733,11.685,5.325,17.010,31.979,1600.0,1600.0,3769.6,3769.6,4650.0,42.1,17.0,11.3,37.8,146.1,No,No,No,0.945,0.373,0.9,39.0,34.5,33.5,32.0,31.0,31.5,33.5,12.192,5.000,1.004,1.348,1.188,0.904,0.892,1.564,3.360,1.836,1082,760,548,558,1.056,1.252,33,33,41,79.0,100.0,No,No,80665,102282,0.5,0.5,1.0,1.468,1.338,10952,8835,34.6,40.0,42.1,38,38,38,38,38,40,38,36,38,83.0,0.669,12.210,12.281,12.196,12.173,12.190,0,0,71.134,5.767,12.419,0.221,6.439,5.745,5.510,12.419,5.514,1.006,2.630,310.000,350.000,240.0,101.2,900.0,1080.0,975.0,855.0,179.5,74.4,726.3,0.0,1.0,0.0,0.0,7.5,0.0,0.0,0.0,0.0,0.0,0,0,Yes,No,No,No,No,Yes,No,5.8,11.6,2,0,0,0,0,0,0,0,0,44,0,0,0,0,0,0,0,0,0,0,0,0,0,0,0,0,0,0,0,0,7574,618,448,31,5.0,0.5,0.5,0.5,0.5,0.5,0.5,0.5,0.5,0.5,0.5,0.5,0.5,1900.33,1900.33,1900.33,1900.33,1900.33,1900.33,1.40,1899.24,1900.33,0.00,1800.12,304,15,161.4,27.4,0,0,0.0,0.0,0,
25.8.2026,15:45:29.479,5362,13891,27.8,5744,10565,35.2,0.0,2944,0,1.177,1.163,1.188,1.188,1.175,1.175,1.175,3921.7,4525.0,3620.0,4525.0,3620.0,3620.0,3620.0,100.0,560.3,638.5,259.1,513.8,509.1,652.9,1038.3,434.2,244.2,714.6,897.6,486.8,334.7,560.3,12.3,8.3,6.1,11.5,11.6,14.8,23.0,9.4,7.3,16.0,20.3,11.1,7.7,23.0,12.3,14.0,9.1,6.8,13.3,13.1,17.2,27.0,11.5,6.4,18.7,23.7,12.7,8.7,14.0,39.2,45.2,36.2,45.2,36.2,36.2,36.2,11.3,21.2,12.6,20.5,32.4,13.7,31.0,16.7,53.2,59.0,55.2,53.0,44.4,53.6,54.3,25.7,28.5,24.3,14.7,41.9,15.4,29.2,1600.0,16.00,16,18,18,36,74,560,1,40.5,35.9,37.2,33.1,32.5,32.6,34.6,32.2,34.3,32.4,31.1,31.1,31.0,25.8,1.175,1.000,1.181,12.787,4.752,12.782,15.225,33.985,1.904,1.431,1.862,2.571,1.352,2.551,1.658,14.754,4.731,19.486,34.007,1600.0,1600.0,3758.7,3758.7,4650.0,44.7,21.3,16.9,37.7,128.6,No,No,No,1.595,0.346,1.3,40.0,34.5,34.0,32.0,31.0,31.5,34.0,12.192,5.000,1.002,1.348,1.026,0.904,0.892,1.562,3.356,1.836,1102,758,549,559,1.057,1.271,33,33,42,79.0,100.0,No,No,80665,102282,1.4,0.4,1.8,2.075,0.948,10956,8837,34.4,38.0,41.8,38,38,36,38,38,38,38,36,38,83.0,0.669,12.215,12.286,12.199,12.182,12.194,0,0,17.121,4.996,9.787,0.098,7.063,2.607,5.780,9.787,5.787,0.881,3.170,310.000,350.000,210.0,50.6,555.0,88.1,600.0,525.0,157.9,37.3,449.1,2.0,13.0,0.0,0.0,7.4,0.6,2.3,0.0,0.0,0.0,0,0,Yes,No,No,No,No,Yes,No,5.0,11.5,2,0,0,0,0,0,0,0,0,45,0,0,0,0,0,0,0,0,0,0,0,0,0,0,0,0,0,0,0,0,7589,603,434,37,2.5,27.4,74.2,4.7,4.0,4.0,4.0,27.4,60.1,4.8,4.1,4.0,4.0,36.52,211.49,13.47,12.75,252.50,252.50,2.10,34.42,36.52,0.00,36.34,304,15,148.4,16.6,0,0,0.0,0.0,0,
25.8.2026,15:45:31.488,5407,13846,28.0,5780,10529,35.4,0.0,2944,0,1.004,1.181,0.969,0.969,0.969,0.969,0.969,3665.8,3620.0,3675.0,3675.0,3675.0,3675.0,3675.0,100.0,333.7,280.9,104.9,281.0,318.3,453.4,646.6,89.8,74.9,608.6,759.8,224.6,162.0,333.7,6.7,4.7,1.0,5.6,6.7,9.5,14.5,1.4,0.3,13.5,16.3,4.4,3.0,16.3,6.7,8.5,5.0,2.7,7.2,8.3,11.8,17.7,2.3,1.9,15.8,20.0,5.7,4.1,8.5,36.7,36.2,36.8,36.8,36.8,36.8,36.8,0.2,13.8,6.7,12.8,23.3,3.4,27.9,8.3,60.9,70.1,59.6,71.6,24.2,71.6,68.2,25.4,23.2,27.5,5.1,72.4,0.5,23.5,1600.0,16.00,16,18,18,36,74,560,1,40.1,34.4,36.8,31.7,31.4,31.2,33.0,30.2,33.8,30.8,30.8,30.8,30.5,25.0,1.175,0.994,1.181,10.652,5.243,10.662,10.662,32.634,1.289,0.954,1.251,1.826,0.486,2.169,1.049,11.939,5.216,17.155,32.632,1600.0,1600.0,4076.5,4076.5,4650.0,42.9,17.8,11.8,36.2,153.8,No,No,No,0.793,0.280,0.8,40.0,35.0,34.0,32.0,31.0,31.5,34.0,12.168,4.990,1.004,1.348,1.126,0.904,0.892,1.558,3.344,1.836,1098,740,547,559,1.056,1.264,33,33,42,79.0,100.0,No,No,80665,102282,0.4,0.9,1.3,0.498,1.800,10957,8840,37.3,44.0,47.1,42,44,42,42,44,42,42,40,44,83.0,0.956,12.167,12.261,12.155,12.133,12.122,0,0,48.900,33.614,73.270,3.249,35.880,34.106,34.001,73.270,34.019,2.849,11.885,310.000,350.000,1875.0,1187.7,1650.0,66.1,1785.0,1575.0,1875.4,1186.3,1785.4,3.0,0.0,0.0,0.0,7.4,0.4,1.5,0.0,0.0,0.0,0,0,Yes,No,No,No,No,Yes,No,34.6,45.6,2,0,0,0,0,0,0,0,0,46,0,0,0,0,0,0,0,0,0,0,0,0,0,0,0,0,0,0,0,0,7587,605,436,37,16.0,38.3,73.4,5.4,4.4,4.3,4.3,38.3,60.5,5.4,4.4,4.3,4.3,26.10,185.33,13.62,13.27,233.36,233.36,1.28,24.77,26.10,0.00,15.10,304,15,1.0,0.1,0,0,0.0,0.0,0,
25.8.2026,15:45:33.503,5356,13897,27.8,5753,10556,35.2,0.0,2944,0,1.156,1.156,1.156,1.156,1.156,1.156,1.156,3665.8,3620.0,3675.0,3675.0,3675.0,3675.0,3675.0,100.0,72.2,166.4,3.6,26.2,33.0,71.8,250.0,1.1,4.5,134.0,142.4,13.3,19.7,72.2,1.6,1.5,0.0,0.6,0.8,1.6,6.5,0.0,0.8,2.3,4.1,0.3,0.4,6.5,1.6,1.6,1.6,0.1,0.7,0.8,1.9,6.6,0.0,0.1,3.5,3.6,0.3,0.5,1.6,36.7,36.2,36.8,36.8,36.8,36.8,36.8,31.2,2.9,1.6,1.4,7.1,0.1,6.1,0.8,22.9,21.1,13.7,37.2,0.2,57.0,8.0,74.4,77.4,84.9,55.8,99.7,37.1,91.4,1600.0,16.00,16,18,18,36,74,560,1,38.4,30.8,34.2,29.2,29.3,29.1,29.8,28.7,29.8,28.7,29.7,29.7,29.2,24.9,1.150,0.994,1.156,4.125,5.222,4.124,4.124,24.025,0.323,0.243,0.203,0.577,0.030,0.767,0.120,4.274,5.197,9.471,24.001,1600.0,1600.0,3051.3,3051.3,4650.0,31.6,6.9,4.6,32.4,216.6,No,No,No,0.213,0.068,0.2,38.0,34.5,33.5,32.0,31.5,31.5,34.0,12.192,5.010,1.002,1.352,0.746,0.904,0.890,1.560,3.348,1.836,1067,739,547,558,1.056,1.245,33,33,41,79.0,100.0,No,No,80665,102282,0.0,0.1,0.1,0.006,0.176,10957,8840,35.6,42.0,43.2,41,42,40,42,42,42,40,40,42,83.0,0.669,12.220,12.289,12.206,12.183,12.200,0,0,103.493,6.860,14.879,0.246,7.702,6.920,6.674,14.879,6.679,1.028,2.737,310.000,350.000,390.0,101.2,900.0,1874.3,975.0,855.0,390.1,101.1,974.8,0.0,1.0,0.0,0.0,7.4,0.0,0.2,0.0,0.0,0.0,0,0,Yes,No,No,No,No,Yes,No,7.0,12.8,2,0,0,0,0,0,0,0,0,47,0,0,0,0,0,0,0,0,0,0,0,0,0,0,0,0,0,0,0,0,7587,605,435,37,5.0,4.1,60.6,1.8,1.8,1.8,1.8,4.1,56.6,1.8,1.8,1.8,1.8,241.34,543.70,16.50,15.60,549.65,549.65,0.53,240.82,241.34,0.00,291.54,304,15,0.2,0.8,0,0,0.0,0.0,0,
25.8.2026,15:45:35.505,5327,13926,27.6,5732,10578,35.1,0.0,2944,0,1.150,1.150,1.150,1.150,1.150,1.150,1.150,3770.8,3620.0,3620.0,4525.0,3620.0,3620.0,3620.0,100.0,88.0,200.3,19.3,33.4,41.2,144.1,242.1,1.7,2.3,131.0,205.6,19.7,15.8,88.0,3.4,0.8,2.2,1.0,1.3,3.5,4.6,19.1,0.0,3.2,4.2,0.8,0.0,19.1,3.4,1.9,1.3,0.5,0.8,1.1,3.7,5.8,0.0,0.1,3.3,5.3,0.5,0.4,1.9,37.7,36.2,36.2,45.2,36.2,36.2,36.2,24.8,3.3,1.7,1.8,7.8,0.1,7.5,0.9,26.8,28.6,18.5,37.4,0.4,62.6,13.3,70.0,69.7,79.8,54.9,99.6,30.0,86.0,1600.0,16.00,16,18,18,36,74,560,1,37.1,30.7,39.2,29.2,29.2,29.0,29.8,28.6,30.0,28.6,29.6,29.6,29.5,24.7,1.175,1.000,1.181,4.463,4.519,4.460,4.460,22.956,0.385,0.345,0.260,0.638,0.035,0.856,0.177,4.669,4.500,9.169,22.962,1600.0,1600.0,3265.3,3265.3,4650.0,30.2,7.4,5.0,32.3,199.4,No,No,No,0.237,0.074,0.2,37.0,34.5,33.5,32.0,31.0,31.5,33.5,12.192,5.010,1.002,1.352,0.956,0.902,0.890,1.564,3.364,1.836,1039,743,547,559,1.056,1.264,33,33,41,79.0,100.0,No,No,80665,102282,0.0,0.2,0.2,0.032,0.395,10957,8841,34.7,40.0,42.2,39,40,38,38,38,40,38,38,40,83.0,0.669,12.218,12.289,12.202,12.185,12.197,0,0,16.438,5.313,10.552,0.111,7.199,3.241,6.147,10.552,6.156,0.848,3.012,310.000,350.000,210.0,50.6,555.0,132.3,600.0,525.0,210.0,50.5,600.0,2.0,3.0,0.0,0.0,7.4,0.1,0.3,0.0,0.0,0.0,0,0,Yes,No,No,No,No,Yes,No,5.4,11.2,2,0,0,0,0,0,0,0,0,48,0,0,0,0,0,0,0,0,0,0,0,0,0,0,0,0,0,0,0,0,7587,605,435,37,2.5,8.9,60.6,2.6,2.6,2.6,2.6,8.9,60.1,2.6,2.6,2.6,2.6,112.87,379.02,16.49,16.40,383.13,383.13,1.39,111.49,112.87,0.00,149.90,304,15,0.3,0.1,0,0,0.0,0.0,0,
25.8.2026,15:45:37.501,5308,13945,27.5,5715,10594,35.0,0.0,2944,0,1.150,1.150,1.150,1.150,1.150,1.150,1.150,3770.8,3620.0,3620.0,4525.0,3620.0,3620.0,3620.0,100.0,90.2,127.3,9.0,19.6,72.8,100.8,304.5,2.1,2.9,138.9,260.7,29.3,14.7,90.2,2.2,1.9,0.9,0.0,1.6,2.2,7.4,0.0,1.5,3.0,5.7,0.7,1.8,7.4,2.2,2.2,2.0,0.2,0.5,1.9,2.5,8.5,0.0,0.1,3.3,6.6,0.7,0.3,2.2,37.7,36.2,36.2,45.2,36.2,36.2,36.2,5.8,4.0,2.3,2.2,9.6,0.1,8.4,1.1,38.6,52.3,14.2,70.2,3.3,83.1,8.3,57.5,45.4,83.6,20.3,96.6,8.5,90.7,1600.0,16.00,16,18,18,36,74,560,1,36.2,31.0,35.8,29.5,29.8,29.2,30.3,28.7,30.4,28.7,30.0,30.0,30.5,24.3,1.175,0.994,1.181,5.911,4.653,5.913,5.913,25.368,0.438,0.444,0.231,0.834,0.053,0.937,0.129,6.135,4.634,10.769,25.359,1600.0,1600.0,3778.5,3778.5,4650.0,33.4,9.9,6.6,32.6,230.5,No,No,No,0.156,0.058,0.2,36.0,34.5,33.5,32.0,31.0,31.5,33.5,12.192,5.010,1.002,1.352,1.020,0.902,0.890,1.564,3.360,1.836,1003,759,547,546,1.056,1.261,33,33,41,79.0,100.0,No,No,80665,102282,0.1,0.1,0.2,0.126,0.124,10957,8841,34.5,38.0,42.4,38,38,36,38,38,40,38,38,38,83.0,0.669,12.208,12.280,12.191,12.173,12.186,0,0,16.734,6.116,12.418,0.147,7.571,4.675,6.946,12.418,6.957,0.848,3.063,310.000,350.000,210.0,50.6,555.0,92.0,600.0,525.0,210.1,50.5,599.9,4.0,6.0,0.0,0.0,7.4,0.2,1.0,0.0,0.0,0.0,0,0,Yes,No,No,No,No,Yes,No,6.2,10.7,2,0,0,0,0,0,0,0,0,48,0,0,0,0,0,0,0,0,0,0,0,0,0,0,0,0,0,0,0,0,7587,605,435,37,2.5,28.4,60.5,2.8,2.3,2.2,2.2,28.4,60.1,2.8,2.3,2.2,2.2,35.20,354.88,16.52,16.51,450.36,450.36,1.18,33.99,35.20,0.00,32.16,304,15,0.3,0.0,0,0,0.0,0.0,0,
25.8.2026,15:45:39.516,5291,13962,27.4,5704,10605,34.9,0.0,2944,0,1.170,1.156,1.169,1.169,1.175,1.175,1.175,3770.8,3620.0,3620.0,4525.0,3620.0,3620.0,3620.0,100.0,87.4,164.4,9.5,25.6,45.0,125.6,259.7,3.2,7.3,84.5,277.7,28.8,17.6,87.4,1.8,1.7,0.0,1.5,0.5,3.0,6.1,0.2,0.0,2.0,6.5,0.0,0.0,6.5,1.8,2.0,1.5,0.2,0.6,1.1,3.3,6.9,0.1,0.2,2.1,7.3,0.7,0.4,2.0,37.7,36.2,36.2,45.2,36.2,36.2,36.2,30.8,3.3,1.8,1.5,7.5,0.3,7.6,1.0,21.1,20.6,11.4,27.3,2.9,56.4,7.7,75.7,77.7,87.2,65.3,96.8,36.1,91.4,1600.0,16.00,16,18,18,36,74,560,1,35.5,30.6,35.5,29.1,29.1,29.0,29.6,28.6,29.8,28.6,29.6,29.6,29.8,24.3,1.156,0.994,1.163,4.044,4.242,4.048,4.048,21.951,0.350,0.279,0.207,0.579,0.056,0.847,0.135,4.248,4.229,8.477,21.946,1600.0,1600.0,2987.1,2987.1,4650.0,28.9,6.7,4.5,32.2,198.9,No,No,No,0.247,0.069,0.2,35.0,35.0,33.5,32.0,31.0,31.5,33.5,12.192,5.010,1.002,1.352,0.894,0.902,0.890,1.564,3.360,1.836,986,761,549,559,1.056,1.249,33,33,40,79.0,100.0,No,No,80665,102282,0.1,0.0,0.2,0.211,0.087,10957,8842,34.6,38.0,42.0,38,38,36,38,38,40,38,36,38,83.0,0.669,12.216,12.286,12.201,12.184,12.194,0,0,15.454,4.574,8.737,0.074,6.747,1.901,5.731,8.737,5.736,0.887,2.619,310.000,350.000,210.0,50.6,555.0,76.0,600.0,525.0,170.8,40.5,486.9,0.0,14.0,0.0,0.0,7.2,0.1,0.6,0.0,0.0,0.0,0,0,Yes,No,No,No,No,Yes,No,4.7,9.8,2,0,0,0,0,0,0,0,0,48,0,0,0,0,0,0,0,0,0,0,0,0,0,0,0,0,0,0,0,0,7601,591,421,35,2.5,4.9,50.6,2.5,2.5,2.5,2.5,4.9,50.0,2.5,2.5,2.5,2.5,205.56,397.24,19.77,16.76,401.53,401.53,1.72,203.96,205.56,0.00,163.73,304,15,1.1,0.1,0,0,0.0,0.0,0,
25.8.2026,15:45:41.522,5289,13964,27.4,5703,10606,34.9,0.0,2944,0,1.161,1.150,1.156,1.156,1.156,1.156,1.194,3770.8,3620.0,3620.0,3620.0,3620.0,4525.0,3620.0,100.0,53.2,165.3,2.4,13.1,15.3,44.5,125.5,0.5,0.6,48.4,204.0,9.4,9.5,53.2,3.7,1.0,0.0,0.0,1.1,1.0,2.8,0.0,31.1,1.1,4.5,0.9,0.9,31.1,3.7,1.1,1.0,0.1,0.3,0.4,1.1,3.3,0.0,0.0,1.2,5.2,0.2,0.2,1.1,37.7,36.2,36.2,36.2,36.2,45.2,36.2,43.3,1.9,1.2,0.6,3.9,0.0,5.5,0.4,13.7,5.2,7.6,22.3,0.1,43.8,3.2,84.5,93.8,91.9,74.1,99.9,50.8,96.6,1600.0,16.00,16,18,18,36,74,560,1,34.6,29.7,36.0,28.6,28.5,28.6,28.8,28.3,29.0,28.2,29.2,29.2,30.2,24.8,1.156,0.994,1.163,2.913,4.030,2.911,2.911,19.828,0.232,0.157,0.127,0.399,0.013,0.634,0.061,2.989,4.019,7.008,19.851,1600.0,1600.0,2613.8,2613.8,4650.0,26.1,4.9,3.2,31.2,210.0,No,No,No,0.217,0.044,0.1,34.0,34.5,33.5,32.0,31.0,31.5,33.5,12.192,5.020,1.002,1.352,0.892,0.902,0.890,1.564,3.360,1.836,952,750,549,558,1.056,1.266,33,33,41,79.0,100.0,No,No,80665,102282,0.1,0.1,0.2,0.114,0.353,10958,8842,34.4,38.0,41.9,38,38,36,38,38,38,38,38,38,83.0,0.669,12.215,12.285,12.199,12.183,12.194,0,0,15.255,4.511,8.725,0.061,6.734,1.913,5.500,8.725,5.509,0.837,2.600,310.000,350.000,210.0,50.6,555.0,57.1,600.0,525.0,210.0,50.5,600.0,1.0,18.0,0.0,0.0,7.2,0.0,0.2,0.0,0.0,0.0,0,0,Yes,No,No,No,No,Yes,No,4.6,10.6,2,0,0,0,0,0,0,0,0,48,0,0,0,0,0,0,0,0,0,0,0,0,0,0,0,0,0,0,0,0,7601,591,421,35,2.5,3.1,4.6,2.0,1.9,1.9,1.9,3.1,4.6,2.0,1.9,1.9,1.9,327.54,511.68,215.69,215.05,517.01,517.01,1.76,326.04,327.54,0.00,266.73,304,15,0.1,0.1,0,0,0.0,0.0,0,
25.8.2026,15:45:43.538,5289,13965,27.4,5703,10606,34.9,0.0,2944,0,1.179,1.156,1.169,1.169,1.194,1.194,1.194,3770.8,3620.0,3620.0,4525.0,3620.0,3620.0,3620.0,100.0,52.6,126.6,1.9,17.7,10.2,121.6,172.6,0.3,0.8,58.7,107.6,9.9,3.6,52.6,1.6,1.5,1.9,1.5,0.6,2.3,4.3,0.0,0.0,1.7,3.0,1.3,1.2,4.3,1.6,1.2,1.2,0.0,0.4,0.2,3.2,4.4,0.0,0.0,1.4,2.9,0.2,0.1,1.2,37.7,36.2,36.2,45.2,36.2,36.2,36.2,28.0,2.1,1.4,0.7,6.4,0.0,4.0,0.3,22.3,21.8,4.7,37.4,0.0,64.2,5.8,75.7,77.0,94.8,56.4,99.9,31.9,94.1,1600.0,16.00,16,18,18,36,74,560,1,34.0,30.0,35.5,28.8,28.9,28.6,29.3,28.4,29.2,28.3,29.4,29.4,30.0,25.2,1.150,1.000,1.156,3.887,4.285,3.881,3.881,21.779,0.266,0.240,0.096,0.523,0.015,0.634,0.089,3.955,4.271,8.226,21.800,1600.0,1600.0,2960.1,2960.1,4650.0,28.7,6.5,4.3,31.6,243.4,No,No,No,0.135,0.037,0.1,33.0,35.0,33.5,32.0,31.0,31.5,33.5,12.192,5.000,1.002,1.352,0.610,0.902,0.890,1.564,3.364,1.836,944,751,549,558,1.056,1.261,33,33,40,79.0,100.0,No,No,80665,102282,0.0,0.0,0.0,0.024,0.081,10958,8842,34.4,38.0,42.2,38,38,36,38,38,38,38,38,38,83.0,0.669,12.219,12.289,12.204,12.187,12.198,0,0,15.726,4.886,9.490,0.086,6.859,2.523,5.818,9.490,5.821,0.839,3.047,310.000,350.000,210.0,50.6,555.0,75.2,600.0,525.0,159.5,37.7,460.4,1.0,17.0,0.0,0.0,7.2,0.1,0.2,0.0,0.0,0.0,0,0,Yes,No,No,No,No,Yes,No,5.4,8.4,2,0,0,0,0,0,0,0,0,48,0,0,0,0,0,0,0,0,0,0,0,0,0,0,0,0,0,0,0,0,7601,591,421,35,2.5,7.2,60.0,1.9,1.9,1.9,1.9,7.2,60.0,1.9,1.9,1.9,1.9,138.07,517.46,16.66,16.66,533.37,533.37,1.40,136.82,138.07,0.00,135.51,304,15,2.9,0.0,0,0,0.0,0.0,0,
25.8.2026,15:45:45.545,5262,13991,27.3,5694,10615,34.9,0.0,2944,0,1.175,1.175,1.175,1.175,1.175,1.175,1.175,3770.8,3620.0,3620.0,4525.0,3620.0,3620.0,3620.0,100.0,169.9,184.9,55.3,98.9,166.6,314.2,373.8,21.9,24.0,243.9,440.3,52.7,62.8,169.9,3.7,2.7,1.4,1.6,3.3,6.4,8.8,1.4,0.7,5.6,10.3,1.3,0.8,10.3,3.7,4.3,2.6,1.4,2.6,4.3,8.4,9.9,0.5,0.6,6.4,11.6,1.3,1.5,4.3,37.7,36.2,36.2,45.2,36.2,36.2,36.2,7.0,7.2,3.8,6.1,14.9,1.0,14.6,2.6,42.8,47.7,33.1,66.5,9.5,77.1,23.1,50.0,48.5,60.8,18.6,89.5,8.4,74.5,1600.0,16.00,16,18,18,36,74,560,1,35.5,32.3,38.0,30.0,30.0,29.7,31.2,28.9,31.4,29.0,30.0,30.0,30.5,24.2,1.181,0.994,1.188,7.219,4.666,7.220,7.220,27.021,0.698,0.545,0.602,1.216,0.165,1.313,0.348,7.800,4.647,12.447,27.035,1600.0,1600.0,3778.2,3778.2,4650.0,35.6,12.0,8.0,34.0,184.8,No,No,No,0.347,0.091,0.4,35.0,34.5,33.5,32.0,31.0,31.5,33.5,12.168,5.000,1.002,1.352,1.068,0.902,0.890,1.564,3.356,1.836,925,754,548,559,1.057,1.240,33,33,41,79.0,100.0,No,No,80665,102282,0.1,0.1,0.2,0.162,0.290,10958,8843,34.6,38.0,42.1,38,38,38,38,40,38,38,38,38,83.0,0.669,12.206,12.278,12.190,12.172,12.184,0,0,18.876,5.841,11.958,0.110,7.558,4.260,6.409,11.958,6.417,0.841,3.060,310.000,350.000,210.0,50.6,555.0,93.5,600.0,525.0,210.0,50.5,600.1,3.0,9.0,0.0,0.0,7.2,0.8,3.2,0.0,0.0,0.0,0,0,Yes,No,No,No,No,Yes,No,5.9,9.8,2,0,0,0,0,0,0,0,0,48,0,0,0,0,0,0,0,0,0,0,0,0,0,0,0,0,0,0,0,0,7605,587,418,35,2.5,43.5,71.8,6.1,5.4,5.3,5.3,43.5,60.7,6.2,5.5,5.5,5.5,22.97,163.45,13.93,13.31,186.93,186.93,2.27,20.71,22.97,0.00,13.16,304,15,7.7,0.0,0,0,0.0,0.0,0,
25.8.2026,15:45:47.537,5259,13994,27.3,5691,10618,34.8,0.0,2944,0,1.153,1.156,1.156,1.156,1.150,1.150,1.150,3770.8,3620.0,3620.0,4525.0,3620.0,3620.0,3620.0,100.0,99.4,175.4,9.3,24.8,96.1,91.4,255.0,1.4,2.7,180.5,308.7,30.3,16.9,99.4,2.3,1.7,0.8,1.1,2.9,3.5,5.8,0.0,0.0,4.0,6.9,0.5,0.9,6.9,2.3,2.4,1.9,0.2,0.6,2.5,2.4,6.6,0.0,0.1,4.7,8.0,0.8,0.4,2.4,37.7,36.2,36.2,45.2,36.2,36.2,36.2,15.7,4.1,2.2,3.0,8.0,0.1,10.2,1.2,34.3,42.9,19.6,55.9,1.0,69.9,16.4,61.7,55.0,77.5,36.3,98.8,19.9,82.6,1600.0,16.00,16,18,18,36,74,560,1,35.0,31.1,38.0,29.4,29.5,29.2,30.0,28.7,30.5,28.7,29.9,29.9,28.2,24.0,1.163,0.994,1.175,5.442,4.482,5.443,5.443,24.288,0.437,0.398,0.294,0.726,0.030,0.980,0.195,5.688,4.466,10.154,24.293,1600.0,1600.0,3486.3,3486.3,4650.0,32.0,9.1,6.0,32.7,214.0,No,No,No,0.216,0.059,0.2,34.0,34.5,33.5,32.0,31.0,31.5,33.5,12.192,5.020,1.002,1.352,0.932,0.902,0.890,1.564,3.360,1.836,950,768,549,559,1.056,1.251,33,33,40,79.0,100.0,No,No,80665,102282,0.1,0.1,0.2,0.244,0.571,10958,8844,34.5,38.0,42.0,38,38,36,38,38,38,38,38,38,83.0,0.669,12.210,12.280,12.194,12.177,12.188,0,0,17.894,5.281,10.394,0.098,7.158,3.117,6.179,10.394,6.193,0.844,3.151,310.000,350.000,210.0,50.6,555.0,103.2,600.0,525.0,156.4,37.2,446.5,1.0,10.0,0.0,0.0,7.2,0.2,0.7,0.0,0.0,0.0,0,0,Yes,No,No,No,No,Yes,No,5.4,10.0,2,0,0,0,0,0,0,0,0,48,0,0,0,0,0,0,0,0,0,0,0,0,0,0,0,0,0,0,0,0,7605,587,418,35,2.5,16.8,62.6,2.2,2.0,1.9,1.9,16.8,60.1,2.2,2.0,1.9,1.9,59.35,464.92,15.97,15.91,517.82,517.82,1.33,58.08,59.35,0.00,62.64,304,15,2.4,0.2,0,0,0.0,0.0,0,
25.8.2026,15:45:49.550,5261,13993,27.3,5691,10618,34.8,0.0,2944,0,1.133,0.950,1.175,1.169,1.169,1.169,1.169,3780.0,3675.0,3620.0,4525.0,3620.0,3620.0,3620.0,100.0,53.9,83.7,8.1,24.5,40.1,108.9,150.7,0.3,1.0,105.0,109.9,5.9,8.2,53.9,1.9,1.4,0.0,0.7,0.4,2.4,3.5,0.0,8.1,2.5,2.6,1.0,0.3,8.1,1.9,1.3,1.2,0.2,0.6,1.0,2.6,3.7,0.0,0.0,2.6,2.7,0.1,0.2,1.3,37.8,36.8,36.2,45.2,36.2,36.2,36.2,19.3,2.3,1.5,1.6,5.6,0.0,4.7,0.3,23.7,21.8,9.3,35.4,0.1,73.6,2.0,74.1,76.7,89.1,59.1,99.9,21.7,97.8,1600.0,16.00,16,18,18,36,74,560,1,34.2,30.2,37.8,28.9,29.0,28.9,29.4,28.4,29.6,28.3,29.6,29.6,28.2,24.2,1.181,0.994,1.188,4.078,4.418,4.078,4.078,22.572,0.265,0.219,0.156,0.464,0.018,0.687,0.048,4.168,4.403,8.571,22.555,1600.0,1600.0,3316.1,3316.1,4650.0,29.7,6.8,4.5,31.8,257.4,No,No,No,0.131,0.038,0.1,34.0,34.5,33.5,32.0,31.0,31.5,33.5,12.192,5.000,1.002,1.352,1.046,0.902,0.890,1.564,3.356,1.836,966,753,549,546,1.056,1.252,33,33,40,79.0,100.0,No,No,80665,102282,0.0,0.0,0.1,0.032,0.109,10959,8844,34.5,38.0,42.3,38,38,36,38,38,38,38,38,38,83.0,0.669,12.211,12.281,12.195,12.177,12.190,0,0,15.999,5.934,12.061,0.123,7.598,4.323,6.692,12.061,6.696,0.843,3.012,310.000,350.000,210.0,50.6,555.0,51.5,600.0,525.0,157.6,37.5,452.1,2.0,10.0,0.0,0.0,7.2,0.1,0.3,0.0,0.0,0.0,0,0,Yes,No,No,No,No,Yes,No,6.1,10.0,2,0,0,0,0,0,0,0,0,48,0,0,0,0,0,0,0,0,0,0,0,0,0,0,0,0,0,0,0,0,7605,587,418,35,2.5,26.0,62.1,3.0,2.4,2.3,2.3,26.0,60.1,3.0,2.4,2.3,2.3,38.46,329.97,16.10,16.06,432.36,432.36,1.30,37.18,38.46,0.00,24.79,304,15,1.9,0.7,0,0,0.0,0.0,0,
25.8.2026,15:45:51.549,5560,13694,28.8,5828,10481,35.7,0.0,2944,0,1.163,0.969,1.194,1.206,1.206,1.200,1.200,3930.8,3675.0,4525.0,3620.0,4525.0,3620.0,3620.0,100.0,512.2,508.5,209.4,452.8,449.3,755.1,929.3,125.6,222.0,1079.1,785.4,359.1,271.5,512.2,15.2,8.1,5.9,10.0,10.5,16.7,20.6,50.3,5.8,23.9,17.2,7.9,5.9,50.3,15.2,13.2,9.5,5.5,11.9,11.8,20.3,25.0,3.3,5.3,28.9,21.0,9.5,7.1,13.2,39.3,36.8,45.2,36.2,45.2,36.2,36.2,0.0,20.7,12.1,18.9,34.4,7.1,38.3,13.3,53.0,67.6,48.5,56.2,38.0,61.7,46.4,26.3,20.3,32.6,9.4,54.9,0.0,40.3,1600.0,16.00,16,18,18,36,74,560,1,39.2,37.2,37.5,33.3,32.6,32.6,35.5,31.1,36.2,31.7,31.1,31.1,30.8,25.7,1.175,0.994,1.181,13.019,5.532,13.009,13.943,36.174,1.741,1.287,1.614,2.568,0.849,2.865,1.262,14.934,5.501,20.435,36.253,1600.0,1600.0,4155.4,4155.4,4650.0,47.7,21.7,15.5,39.1,142.5,No,No,No,1.487,0.499,1.2,39.0,35.0,34.0,32.0,31.0,31.5,34.0,12.168,4.990,1.004,1.348,1.084,0.902,0.890,1.560,3.340,1.836,966,751,547,558,1.056,1.263,33,33,41,79.0,100.0,No,No,80665,102282,0.2,0.8,1.0,0.060,1.968,10959,8848,38.0,44.0,47.8,44,44,44,44,44,44,44,42,44,83.0,0.956,12.172,12.263,12.160,12.139,12.127,0,0,80.329,33.739,73.446,3.409,35.871,34.134,34.137,73.446,34.157,2.830,12.220,310.000,350.000,1875.0,1187.7,1650.0,497.1,1785.0,1575.0,1875.0,1187.0,1784.5,0.0,0.0,0.0,0.0,8.7,0.6,2.2,0.0,0.0,0.0,0,0,Yes,No,No,No,No,Yes,No,34.7,45.4,2,0,0,0,0,0,0,0,0,49,0,0,0,0,0,0,0,0,0,0,0,0,0,0,0,0,0,0,0,0,7480,712,542,43,16.0,9.4,95.4,1.5,1.4,1.4,1.4,9.5,60.1,1.5,1.4,1.4,1.4,106.94,686.30,10.45,10.33,740.41,740.41,0.48,104.31,106.87,0.07,168.89,305,15,456.0,101.0,0,0,0.0,0.0,0,
25.8.2026,15:45:53.561,6036,13217,31.3,6109,10201,37.4,0.0,2944,0,1.192,1.200,1.200,1.188,1.188,1.188,1.188,4223.3,4525.0,4525.0,4525.0,3620.0,4525.0,3620.0,100.0,723.2,825.2,382.0,706.3,728.2,1110.6,1021.0,302.8,299.1,1290.3,987.2,537.6,488.0,723.2,15.6,13.0,8.5,15.5,16.1,24.7,22.4,7.6,7.2,28.2,21.6,12.0,10.7,28.2,15.6,18.4,15.1,9.9,18.5,18.9,29.5,26.9,7.9,8.3,33.9,25.9,14.0,12.6,18.4,42.2,45.2,45.2,45.2,36.2,45.2,36.2,0.0,27.6,19.2,28.8,41.1,13.2,42.2,21.0,65.2,79.1,71.2,58.9,49.3,57.8,75.1,7.2,1.7,0.0,0.0,37.5,0.0,3.9,1600.0,16.00,16,18,18,36,74,560,1,41.9,37.9,46.8,34.6,34.1,34.1,36.7,32.5,36.7,33.4,31.5,31.5,31.2,26.0,1.206,0.994,1.219,15.558,6.084,15.535,21.222,40.329,2.314,1.876,2.382,3.055,1.325,3.270,1.976,17.968,6.046,24.014,40.457,1600.0,1600.0,4205.3,4205.3,4650.0,53.2,25.9,23.6,39.9,129.4,No,No,No,2.172,0.914,1.7,40.0,35.0,34.0,32.0,31.0,31.5,34.0,12.144,4.980,1.006,1.348,1.196,0.902,0.890,1.556,3.340,1.836,1057,762,547,544,1.056,1.264,33,33,43,79.0,100.0,No,No,80665,102282,1.1,1.2,2.2,1.326,5.093,10961,8858,38.4,46.0,48.2,44,44,44,46,44,44,44,42,44,83.0,0.956,12.162,12.257,12.150,12.126,12.116,0,0,107.030,33.897,74.000,3.493,36.193,34.281,34.203,74.000,34.220,2.871,11.808,310.000,350.000,1875.0,1187.7,1635.0,1874.7,1770.0,1575.0,1875.7,1186.6,1770.3,1.0,0.0,0.0,0.0,10.1,0.1,0.5,0.0,0.0,0.0,0,0,Yes,No,No,No,No,Yes,No,34.9,45.8,2,0,0,0,0,0,0,0,0,49,0,0,0,0,0,0,0,0,0,0,0,0,0,0,0,0,0,0,0,0,7366,826,659,54,16.0,46.3,105.9,10.8,10.1,10.1,10.1,46.9,60.7,12.0,12.0,12.0,12.0,21.58,92.76,9.46,8.13,99.45,99.45,0.34,19.83,21.51,0.07,5.00,306,15,484.7,82.7,0,0,0.0,0.0,0,
25.8.2026,15:45:55.560,6541,12712,33.9,6500,9810,39.8,0.0,2944,0,1.191,1.175,1.200,1.200,1.200,1.188,1.181,4223.3,4525.0,3620.0,3620.0,4525.0,4525.0,4525.0,100.0,1196.1,1150.6,626.0,1124.2,1139.8,2632.9,1102.5,566.8,730.4,1819.6,1787.5,805.8,867.6,1196.1,25.6,18.1,13.4,24.8,25.1,57.8,23.9,12.5,15.5,39.6,39.2,17.8,18.9,57.8,25.6,30.7,21.2,16.0,29.7,30.0,70.4,28.8,14.7,18.5,48.0,47.5,21.2,22.5,30.7,42.2,45.2,36.2,36.2,45.2,45.2,45.2,0.0,42.9,26.5,41.1,69.7,24.1,64.8,31.0,56.4,73.5,58.9,30.3,71.5,35.2,68.9,0.7,0.0,0.0,0.0,4.4,0.0,0.1,1600.0,16.00,16,18,18,36,74,560,1,45.0,43.9,43.8,38.2,36.9,37.0,42.1,35.5,41.3,36.4,32.9,32.9,31.2,25.9,1.181,0.994,1.194,21.184,6.174,21.198,36.464,47.853,3.458,2.538,3.336,5.003,2.292,4.790,2.791,25.054,6.135,31.189,47.822,1600.0,1600.0,4418.7,4418.7,4649.2,62.9,35.3,40.5,46.2,120.5,No,No,No,3.212,1.617,2.6,44.0,34.5,34.5,32.0,31.5,31.5,34.0,12.144,4.980,1.004,1.348,1.192,0.902,0.890,1.558,3.336,1.836,1117,743,547,556,1.056,1.243,33,33,45,79.0,100.0,No,No,80665,102282,0.9,1.9,2.7,1.643,10.467,10964,8878,38.6,46.0,48.5,46,46,46,44,46,46,46,44,46,83.0,0.956,12.171,12.261,12.158,12.137,12.125,0,0,107.300,33.500,72.954,3.262,35.697,33.960,34.060,72.954,34.079,2.880,11.658,310.000,350.000,1875.0,1187.7,1635.0,1874.8,1770.0,1575.0,1875.1,1186.4,1769.8,0.0,0.0,0.0,0.0,10.2,0.5,0.4,1.6,0.0,0.0,0,0,Yes,No,No,No,No,Yes,No,34.5,45.5,2,0,0,0,0,0,0,0,0,49,0,0,0,0,0,0,0,0,0,0,0,0,0,0,0,0,0,0,0,0,7357,835,666,55,16.0,50.6,1520.0,10.2,7.3,7.1,7.1,49.7,60.2,10.6,7.7,7.5,7.5,19.78,98.59,0.58,0.42,141.55,141.55,0.24,19.87,19.70,0.08,8.90,307,15,455.9,60.5,0,0,0.0,0.0,0,
25.8.2026,15:45:57.568,6687,12566,34.7,6658,9651,40.8,0.0,2944,0,1.192,1.175,1.188,1.188,1.188,1.206,1.206,3921.7,3620.0,3620.0,4525.0,3620.0,4525.0,3620.0,100.0,930.5,873.9,440.8,825.5,814.1,1583.5,1386.1,404.8,297.1,2340.8,1007.0,601.3,591.4,930.5,19.8,12.0,9.5,18.2,17.8,34.9,30.6,8.2,6.9,52.1,21.8,13.1,12.8,52.1,19.8,24.0,14.2,11.5,21.9,21.3,42.4,36.9,10.7,8.3,63.5,26.5,15.9,15.3,24.0,39.2,36.2,36.2,45.2,36.2,45.2,36.2,0.0,35.7,20.2,32.7,56.6,15.0,65.5,23.9,61.1,79.6,67.3,43.4,67.5,34.5,74.2,3.3,0.2,0.0,0.0,17.5,0.0,1.9,1600.0,16.00,16,18,18,36,74,560,1,45.6,43.3,39.2,37.0,35.7,35.6,40.3,34.0,41.6,34.9,32.7,32.7,31.0,24.7,1.181,0.994,1.188,19.142,5.957,19.146,29.871,44.824,2.991,2.100,2.800,4.322,1.658,4.757,2.311,22.561,5.920,28.482,44.760,1600.0,1600.0,4397.5,4397.5,4650.0,58.9,31.9,33.2,45.6,125.3,No,No,No,2.873,1.013,2.1,45.0,34.5,34.5,32.0,32.0,31.5,34.5,12.192,5.000,1.004,1.348,1.168,0.902,0.890,1.560,3.344,1.836,1214,751,547,556,1.056,1.259,33,33,45,79.0,100.0,No,No,80665,102282,0.4,2.1,2.5,0.376,5.107,10965,8888,36.5,42.0,44.3,42,44,42,42,42,42,44,40,42,83.0,0.662,12.206,12.280,12.191,12.170,12.184,0,0,104.704,9.707,21.043,0.356,10.838,9.821,9.601,21.043,9.606,0.997,4.060,310.000,350.000,405.0,101.2,855.0,1874.1,930.0,825.0,405.1,101.0,930.1,6.0,3.0,0.0,0.0,10.7,0.3,1.1,0.0,0.0,0.0,0,0,Yes,No,No,No,No,Yes,No,9.9,12.8,2,0,0,0,0,0,0,0,0,50,0,0,0,0,0,0,0,0,0,0,0,0,0,0,0,0,0,0,0,0,7316,876,707,51,5.0,22.7,882.6,7.8,7.6,7.5,7.5,22.9,60.2,7.9,7.5,7.5,7.5,44.02,127.54,1.11,0.64,132.68,132.68,1.11,22.95,43.95,0.08,48.01,307,15,44.0,38.4,0,0,0.0,0.0,0,
25.8.2026,15:45:59.567,6648,12605,34.5,6639,9670,40.7,0.0,2944,0,1.186,1.150,1.194,1.194,1.194,1.194,1.194,3620.0,3620.0,3620.0,3620.0,3620.0,3620.0,3620.0,100.0,231.3,214.8,46.4,228.0,182.3,472.0,371.8,106.7,54.5,593.9,301.2,114.6,88.8,231.3,5.4,4.5,1.1,5.4,4.3,10.8,8.6,3.3,1.3,13.7,7.1,2.0,2.1,13.7,5.4,6.0,4.6,1.1,6.0,4.7,12.5,9.7,2.9,1.4,15.7,7.9,2.9,2.2,6.0,36.2,36.2,36.2,36.2,36.2,36.2,36.2,0.0,10.3,5.5,9.2,19.1,3.5,20.2,4.5,71.0,94.4,84.4,80.9,19.5,79.8,67.0,18.7,0.0,6.4,0.0,77.0,0.0,28.5,1600.0,16.00,16,18,18,36,74,560,1,43.6,34.6,37.2,32.0,32.0,31.7,33.4,30.6,33.5,30.9,31.3,31.3,31.2,25.0,1.175,1.000,1.181,10.062,4.962,10.074,10.074,31.221,1.121,1.010,1.153,1.634,0.380,1.743,0.807,11.201,4.938,16.140,31.182,1600.0,1600.0,4109.5,4109.5,4650.0,41.0,16.8,11.2,36.4,165.4,No,No,No,0.804,0.327,0.6,43.0,34.5,34.5,32.0,32.0,31.5,34.5,12.192,5.000,1.004,1.352,1.028,0.900,0.890,1.564,3.356,1.836,1214,728,548,557,1.056,1.252,33,33,43,79.0,100.0,No,No,80665,102282,0.1,0.1,0.2,0.019,1.158,10965,8890,35.4,40.0,42.9,40,40,38,40,40,40,40,38,40,83.0,0.662,12.214,12.283,12.199,12.182,12.193,0,0,17.384,4.753,9.221,0.074,6.807,2.314,5.853,9.221,5.862,0.849,2.576,310.000,350.000,210.0,50.6,555.0,147.2,600.0,525.0,161.2,38.2,453.0,1.0,27.0,0.0,0.0,10.7,0.1,0.4,0.0,0.0,0.0,0,0,Yes,No,No,No,No,Yes,No,4.9,9.4,2,0,0,0,0,0,0,0,0,51,0,0,0,0,0,0,0,0,0,0,0,0,0,0,0,0,0,0,0,0,7318,874,704,46,2.5,19.1,68.5,3.7,3.4,3.4,3.4,19.0,60.1,3.6,3.4,3.3,3.3,52.22,270.51,14.59,14.35,293.78,293.78,0.91,51.30,52.16,0.07,38.73,310,16,1239.9,47.8,0,0,0.0,0.0,0,
25.8.2026,15:46:1.569,4973,14281,25.8,5471,10838,33.5,0.0,2944,0,1.199,1.194,1.200,1.200,1.200,1.200,1.200,4525.0,4525.0,4525.0,4525.0,4525.0,4525.0,4525.0,100.0,509.7,650.8,301.2,498.9,469.6,735.5,787.9,262.1,182.0,785.0,772.2,366.5,305.4,509.7,11.1,11.6,6.8,11.1,10.5,16.2,17.4,5.8,4.0,17.3,17.1,8.7,6.6,17.4,11.1,13.1,13.6,8.0,13.1,12.3,19.4,20.7,6.9,4.8,20.6,20.4,9.5,7.9,13.1,45.2,45.2,45.2,45.2,45.2,45.2,45.2,0.0,18.2,15.1,17.5,28.9,8.0,28.0,12.0,60.6,84.9,56.4,70.7,27.6,72.0,52.2,21.1,0.0,26.1,0.5,64.4,0.0,35.8,1600.0,16.00,16,18,18,36,74,560,1,42.8,35.6,45.8,32.9,33.1,32.5,34.7,31.3,34.2,31.6,31.3,31.3,31.5,26.3,1.194,0.994,1.225,11.906,4.876,11.861,12.102,33.094,1.555,1.464,1.536,2.229,0.790,2.119,1.194,13.468,4.853,18.321,33.316,1600.0,1600.0,4086.0,4086.0,4650.0,43.8,19.8,13.4,37.5,143.9,No,No,No,1.245,1.034,1.1,42.0,34.5,34.5,32.5,32.0,31.5,34.5,12.168,4.990,1.004,1.352,1.012,0.900,0.890,1.562,3.348,1.834,1141,743,547,545,1.056,1.269,33,33,47,79.0,100.0,No,No,80665,102282,2.0,9.0,11.0,1.728,11.928,10968,8913,35.6,40.0,43.1,40,40,38,40,40,40,40,38,40,83.0,0.662,12.203,12.277,12.186,12.167,12.181,0,0,19.699,7.972,16.897,0.246,8.945,7.677,8.295,16.897,8.306,0.845,3.641,310.000,350.000,210.0,50.6,555.0,126.6,600.0,525.0,186.8,44.6,537.9,19.0,14.0,0.0,0.0,7.1,0.5,1.8,0.0,0.0,0.0,0,0,Yes,No,No,No,No,Yes,No,8.1,9.1,2,0,0,0,0,0,0,0,0,51,0,0,0,0,0,0,0,0,0,0,0,0,0,0,0,0,0,0,0,0,7609,583,414,34,2.5,45.3,80.2,6.9,5.1,5.0,5.0,44.2,60.2,6.9,5.1,5.0,5.0,22.10,144.52,12.47,11.32,200.60,200.60,2.15,19.39,22.10,0.00,9.41,310,16,16.0,13.1,0,0,0.0,0.0,0,
25.8.2026,15:46:3.585,5116,14137,26.5,5549,10760,34.0,0.0,2944,0,0.991,1.163,0.956,0.956,0.956,0.956,0.956,3665.8,3620.0,3675.0,3675.0,3675.0,3675.0,3675.0,100.0,475.3,444.8,227.8,466.7,291.5,826.2,741.3,224.8,214.1,1079.2,587.2,353.0,247.0,475.3,9.4,8.2,1.6,10.0,5.3,17.8,16.8,3.8,2.0,24.1,13.4,6.0,4.3,24.1,9.4,12.4,9.3,6.1,12.4,7.7,22.0,19.8,6.0,5.7,28.8,15.7,9.4,6.5,12.5,36.7,36.2,36.8,36.8,36.8,36.8,36.8,7.1,16.7,9.7,12.8,29.7,6.4,31.9,9.9,36.7,26.0,40.9,53.5,14.5,59.7,25.7,46.6,64.3,46.3,16.8,79.1,8.4,64.5,1600.0,16.00,16,18,18,36,74,560,1,42.5,36.6,40.8,32.8,32.3,31.9,35.0,31.1,35.0,31.4,31.4,31.4,30.5,25.8,1.181,0.994,1.163,10.621,5.708,10.675,10.675,33.895,1.374,0.884,1.208,2.196,0.636,2.387,0.931,12.070,5.675,17.745,33.677,1600.0,1600.0,3888.0,3888.0,4650.0,44.3,17.8,11.9,38.5,145.7,No,No,No,0.780,0.402,1.0,42.0,34.5,34.5,32.0,32.0,31.5,34.5,12.168,4.990,1.004,1.348,0.962,0.900,0.888,1.558,3.340,1.836,1136,728,548,544,1.056,1.260,33,33,47,79.0,100.0,No,No,80665,102282,2.1,0.4,2.5,4.987,1.917,10978,8917,38.9,46.0,48.8,45,44,46,46,46,44,44,44,46,83.0,0.956,12.167,12.260,12.154,12.132,12.122,0,0,106.995,33.561,73.112,3.298,35.758,34.029,34.062,73.112,34.088,2.904,11.685,310.000,350.000,1875.0,1187.7,1635.0,1874.5,1770.0,1575.0,1875.3,1186.4,1770.3,0.0,0.0,0.0,0.0,7.2,0.0,0.1,0.0,0.0,0.0,0,0,Yes,No,No,No,No,Yes,No,34.6,45.5,2,0,0,0,0,0,0,0,0,52,0,0,0,0,0,0,0,0,0,0,0,0,0,0,0,0,0,0,0,0,7600,592,422,35,16.0,9.4,61.4,2.8,2.7,2.7,2.7,9.4,60.6,2.8,2.7,2.7,2.7,106.25,351.93,16.27,16.26,367.04,367.04,0.27,105.98,106.25,0.00,110.69,310,16,23.0,8.5,0,0,0.0,0.0,0,
25.8.2026,15:46:5.587,5112,14141,26.5,5554,10755,34.0,0.0,2944,0,1.162,1.150,1.150,1.150,1.175,1.175,1.175,3770.8,3620.0,3620.0,4525.0,3620.0,3620.0,3620.0,100.0,85.3,134.5,15.3,53.0,48.4,183.5,185.5,3.0,2.7,216.1,141.8,32.7,7.4,85.3,1.5,1.2,0.0,1.4,0.0,4.3,3.5,0.3,0.0,4.3,2.6,0.0,0.0,4.3,1.5,2.1,1.9,0.4,1.3,1.3,4.8,4.7,0.1,0.1,5.6,3.6,0.8,0.2,2.1,37.7,36.2,36.2,45.2,36.2,36.2,36.2,5.5,3.6,2.3,2.4,7.8,0.1,7.9,1.0,30.1,27.6,13.4,46.5,0.6,83.1,9.6,66.4,70.2,84.3,45.7,99.3,9.1,89.6,1600.0,16.00,16,18,18,36,74,560,1,40.5,31.6,39.0,29.8,29.9,29.6,30.4,29.1,30.9,29.1,30.4,30.4,29.8,24.8,1.156,1.000,1.163,5.149,5.095,5.146,5.146,25.409,0.368,0.296,0.244,0.641,0.030,0.859,0.138,5.349,5.068,10.417,25.393,1600.0,1600.0,3771.1,3771.1,4650.0,33.4,8.6,5.7,33.3,238.5,No,No,No,0.192,0.153,0.2,40.0,35.0,34.5,32.0,32.0,31.5,34.5,12.192,5.000,1.004,1.352,0.968,0.900,0.888,1.562,3.356,1.836,1122,732,548,544,1.056,1.269,33,33,43,79.0,100.0,No,No,80665,102282,0.0,0.1,0.1,0.008,0.533,10978,8918,35.7,40.0,43.2,40,40,38,40,40,40,40,38,40,83.0,0.662,12.212,12.280,12.196,12.179,12.191,0,0,25.952,5.195,10.352,0.098,7.183,3.057,6.108,10.352,6.121,0.849,2.631,310.000,350.000,255.0,50.6,555.0,152.1,600.0,525.0,193.1,38.1,462.5,1.0,8.0,0.0,0.0,7.2,0.1,0.3,0.0,0.0,0.0,0,0,Yes,No,No,No,No,Yes,No,5.3,9.1,2,0,0,0,0,0,0,0,0,54,0,0,0,0,0,0,0,0,0,0,0,0,0,0,0,0,0,0,0,0,7599,593,423,35,2.5,14.2,49.2,5.5,5.1,5.0,5.0,14.2,48.4,5.4,5.0,5.0,5.0,70.48,183.02,20.32,16.72,198.75,198.75,1.02,69.53,70.48,0.00,26.98,310,16,1.3,0.0,0,0,0.0,0.0,0,
25.8.2026,15:46:7.586,5298,13955,27.5,5717,10593,35.0,0.0,2944,0,1.089,1.150,1.156,1.156,1.156,0.956,0.956,3665.8,3620.0,3675.0,3675.0,3675.0,3675.0,3675.0,100.0,360.9,232.3,89.0,229.4,224.1,647.8,421.5,843.3,134.9,739.2,453.7,179.5,135.8,360.9,9.2,4.2,5.6,5.1,7.2,14.4,9.5,19.3,2.8,17.0,10.7,6.9,7.4,19.3,9.2,9.4,4.0,2.3,6.0,5.9,17.3,11.3,22.7,3.5,19.6,11.9,4.7,3.5,9.4,36.7,36.2,36.8,36.8,36.8,36.8,36.8,5.1,14.5,5.3,9.2,21.7,20.0,24.2,6.5,48.9,39.1,47.7,58.5,41.7,67.7,38.5,36.7,55.7,43.2,19.8,38.3,8.1,55.0,1600.0,16.00,16,18,18,36,74,560,1,41.0,36.6,36.0,32.5,31.4,31.5,33.5,33.3,33.9,31.3,31.1,31.1,29.8,25.0,1.156,0.994,1.163,10.501,4.750,10.499,10.499,31.466,1.321,0.692,1.035,1.736,1.727,1.970,0.766,12.002,4.730,16.732,31.480,1600.0,1600.0,3988.6,3988.6,4650.0,41.4,17.5,11.7,38.5,150.8,No,No,No,0.849,0.507,0.9,40.0,35.0,34.5,32.5,32.0,31.5,34.5,12.192,5.000,1.002,1.352,0.792,0.900,0.888,1.564,3.356,1.836,1091,736,549,545,1.056,1.269,33,33,43,79.0,100.0,No,No,80665,102282,0.2,0.5,0.7,0.393,1.437,10979,8920,35.7,40.0,43.2,40,40,38,40,40,40,40,38,40,83.0,0.662,12.216,12.285,12.200,12.184,12.196,0,0,15.327,4.753,9.294,0.061,6.857,2.364,5.683,9.294,5.690,0.861,2.671,310.000,350.000,210.0,50.6,555.0,56.7,600.0,525.0,187.5,44.6,530.9,0.0,10.0,0.0,0.0,7.2,0.0,0.1,0.0,0.0,0.0,0,0,Yes,No,No,No,No,Yes,No,4.8,8.8,2,0,0,0,0,0,0,0,0,54,0,0,0,0,0,0,0,0,0,0,0,0,0,0,0,0,0,0,0,0,7599,593,423,35,2.5,3.2,41.4,1.9,1.9,1.9,1.9,3.2,41.4,1.9,1.9,1.9,1.9,316.35,530.52,24.18,17.29,533.19,533.19,1.80,314.80,316.35,0.00,171.97,310,16,132.8,25.2,0,0,0.0,0.0,0,
25.8.2026,15:46:9.613,5302,13951,27.5,5725,10584,35.1,0.0,2944,0,0.983,1.150,0.950,0.950,0.950,0.950,0.950,3665.8,3620.0,3675.0,3675.0,3675.0,3675.0,3675.0,100.0,182.6,134.3,44.8,124.9,90.6,338.7,336.2,221.8,39.4,553.8,197.4,62.4,46.7,182.6,4.3,1.5,2.3,3.4,2.5,8.1,7.9,3.9,5.7,12.1,4.1,0.0,0.0,12.1,4.3,4.7,1.9,1.2,3.3,2.4,9.0,8.9,6.0,1.0,14.6,5.1,1.6,1.2,4.7,36.7,36.2,36.8,36.8,36.8,36.8,36.8,25.7,7.6,2.8,4.7,14.3,5.4,15.9,2.4,31.6,22.7,31.7,45.5,14.1,54.8,20.7,60.9,74.6,63.7,40.2,80.5,29.3,76.9,1600.0,16.00,16,18,18,36,74,560,1,39.8,33.2,40.2,30.7,30.2,30.3,31.7,30.2,31.9,29.8,30.4,30.4,30.2,24.5,1.181,0.994,1.188,6.565,4.590,6.568,6.568,25.726,0.717,0.360,0.570,1.164,0.473,1.384,0.354,7.300,4.571,11.871,25.733,1600.0,1600.0,3290.6,3290.6,4650.0,33.9,10.9,7.3,35.0,168.3,No,No,No,0.489,0.273,0.5,40.0,35.0,34.0,32.5,32.0,31.5,34.5,12.168,5.000,1.002,1.352,0.646,0.900,0.888,1.564,3.360,1.836,1112,738,549,545,1.056,1.264,33,33,43,79.0,100.0,No,No,80665,102282,5.2,0.5,5.7,6.300,1.467,10991,8923,35.6,40.0,43.1,40,40,38,40,40,40,40,38,40,83.0,0.662,12.219,12.288,12.205,12.183,12.201,0,0,17.065,6.148,13.295,0.270,6.871,6.140,5.906,13.295,5.916,0.938,2.700,310.000,350.000,855.0,101.2,765.0,187.1,825.0,720.0,629.0,73.4,609.5,1.0,1.0,0.0,0.0,7.2,0.0,0.1,0.0,0.0,0.0,0,0,Yes,No,No,No,No,Yes,No,7.4,9.0,2,0,0,0,0,0,0,0,0,55,0,0,0,0,0,0,0,0,0,0,0,0,0,0,0,0,0,0,0,0,7599,593,423,35,5.0,4.8,61.1,2.0,1.9,1.9,1.9,4.8,60.2,2.0,1.9,1.9,1.9,206.41,507.71,16.37,16.36,516.39,516.39,1.28,205.07,206.41,0.00,266.44,310,16,220.8,6.2,0,0,0.0,0.0,0,
25.8.2026,15:46:11.618,5298,13955,27.5,5721,10588,35.0,0.0,2944,0,1.177,1.156,1.181,1.181,1.181,1.181,1.181,3665.8,3620.0,3675.0,3675.0,3675.0,3675.0,3675.0,100.0,53.2,149.0,6.7,18.9,10.0,34.8,84.3,1.4,3.0,137.6,172.2,8.3,12.2,53.2,1.1,0.5,0.0,0.2,0.0,0.6,1.7,0.6,0.0,2.8,3.5,2.3,1.6,3.5,1.1,1.1,0.8,0.2,0.5,0.2,0.9,2.2,0.0,0.1,3.5,4.3,0.2,0.3,1.1,36.7,36.2,36.8,36.8,36.8,36.8,36.8,51.2,1.8,0.9,0.7,2.5,0.1,6.3,0.5,11.2,5.6,5.9,18.0,0.3,34.8,2.4,87.2,93.8,93.6,79.7,99.6,59.1,97.2,1600.0,16.00,16,18,18,36,74,560,1,38.1,30.1,38.8,28.9,28.8,28.9,28.9,28.6,29.5,28.6,29.4,29.4,29.5,24.6,1.181,0.994,1.188,2.553,4.388,2.546,2.546,19.683,0.231,0.167,0.113,0.294,0.020,0.709,0.087,2.628,4.373,7.001,19.754,1600.0,1600.0,2424.9,2424.9,4650.0,26.0,4.2,2.8,31.7,185.2,No,No,No,0.188,0.043,0.1,38.0,35.0,34.0,32.5,31.5,32.0,34.0,12.192,5.010,1.002,1.352,0.760,0.900,0.888,1.564,3.360,1.836,1086,743,550,546,1.056,1.250,33,33,42,79.0,100.0,No,No,80665,102282,0.0,0.1,0.2,0.040,0.294,10991,8924,35.4,40.0,43.0,39,40,38,40,40,40,38,38,40,83.0,0.662,12.219,12.287,12.205,12.182,12.200,0,0,19.272,6.272,13.532,0.270,6.993,6.249,6.100,13.532,6.114,0.935,2.724,310.000,350.000,855.0,101.2,765.0,199.0,825.0,720.0,854.9,101.0,825.2,1.0,1.0,0.0,0.0,7.2,0.0,0.1,0.0,0.0,0.0,0,0,Yes,No,No,No,No,Yes,No,6.7,8.3,2,0,0,0,0,0,0,0,0,55,0,0,0,0,0,0,0,0,0,0,0,0,0,0,0,0,0,0,0,0,7599,593,423,35,5.0,2.4,4.9,1.9,1.9,1.9,1.9,2.4,4.8,1.9,1.9,1.9,1.9,422.18,533.63,206.03,200.01,533.63,533.63,0.90,421.35,422.18,0.00,116.89,310,16,1.2,0.1,0,0,0.0,0.0,0,
25.8.2026,15:46:13.634,5284,13970,27.4,5714,10595,35.0,0.0,2944,0,1.153,1.150,1.150,1.150,1.156,1.156,1.156,3770.8,3620.0,3620.0,4525.0,3620.0,3620.0,3620.0,100.0,56.9,155.4,5.1,18.0,13.4,48.2,134.2,1.2,1.3,139.6,150.2,6.6,10.2,56.9,1.3,0.8,1.1,0.6,0.5,1.2,3.1,0.2,0.2,3.2,3.5,0.3,1.2,3.5,1.3,1.2,0.6,0.1,0.4,0.3,1.2,3.4,0.0,0.0,3.5,3.8,0.2,0.2,1.2,37.7,36.2,36.2,45.2,36.2,36.2,36.2,47.7,1.9,0.6,0.8,3.6,0.1,5.9,0.4,12.9,7.6,7.2,15.6,0.2,41.2,5.6,85.3,91.9,92.1,80.9,99.7,53.0,94.2,1600.0,16.00,16,18,18,36,74,560,1,36.9,30.2,37.8,28.8,28.7,28.8,28.9,28.5,29.5,28.5,29.3,29.3,29.2,24.5,1.156,0.994,1.163,2.765,4.450,2.768,2.768,20.260,0.252,0.198,0.132,0.328,0.015,0.746,0.096,2.867,4.433,7.301,20.218,1600.0,1600.0,2594.2,2594.2,4650.0,26.6,4.6,3.1,31.8,185.8,No,No,No,0.183,0.048,0.1,36.0,35.0,33.5,32.5,31.5,32.0,33.5,12.192,5.000,1.002,1.352,0.588,0.900,0.888,1.564,3.356,1.836,1050,747,548,545,1.056,1.269,33,33,42,79.0,100.0,No,No,80665,102282,0.0,0.1,0.1,0.000,0.211,10991,8924,35.6,40.0,43.1,39,38,38,40,40,40,38,38,40,83.0,0.662,12.214,12.284,12.199,12.177,12.194,0,0,19.388,6.701,14.478,0.258,7.502,6.697,6.499,14.478,6.503,0.975,2.918,310.000,350.000,855.0,101.2,765.0,203.6,825.0,720.0,621.7,73.3,605.6,2.0,3.0,0.0,0.0,7.2,0.0,0.1,0.0,0.0,0.0,0,0,Yes,No,No,No,No,Yes,No,6.8,10.8,2,0,0,0,0,0,0,0,0,55,0,0,0,0,0,0,0,0,0,0,0,0,0,0,0,0,0,0,0,0,7599,593,423,35,5.0,3.4,53.2,1.9,1.9,1.9,1.9,3.4,52.2,1.9,1.9,1.9,1.9,291.27,532.42,18.81,16.57,532.91,532.91,0.99,290.34,291.27,0.00,137.11,310,16,0.2,0.0,0,0,0.0,0.0,0,
25.8.2026,15:46:15.626,5283,13970,27.4,5712,10597,35.0,0.0,2944,0,1.150,1.150,1.150,1.150,1.150,1.150,1.150,3770.8,3620.0,3620.0,3620.0,3620.0,4525.0,3620.0,100.0,47.7,122.7,3.2,7.7,8.6,58.7,84.9,0.3,0.4,65.1,213.7,2.5,4.3,47.7,0.9,0.8,0.0,0.0,0.0,0.9,2.3,0.0,0.0,1.8,5.0,0.0,0.0,5.0,0.9,1.0,0.5,0.1,0.2,0.2,1.5,2.2,0.0,0.0,1.6,5.5,0.1,0.1,1.0,37.7,36.2,36.2,36.2,36.2,45.2,36.2,55.1,1.6,0.5,0.4,2.9,0.0,5.9,0.2,8.7,2.8,4.6,11.6,0.0,32.1,1.1,89.7,96.9,95.1,85.6,99.9,62.1,98.9,1600.0,16.00,16,18,18,36,74,560,1,35.8,29.9,36.2,28.6,28.5,28.7,28.8,28.4,29.1,28.4,29.2,29.2,29.8,25.3,1.156,0.994,1.163,2.295,4.378,2.296,2.296,19.300,0.195,0.103,0.074,0.281,0.010,0.661,0.040,2.350,4.362,6.712,19.297,1600.0,1600.0,2222.9,2222.9,4650.0,25.4,3.8,2.6,31.5,196.3,No,No,No,0.170,0.036,0.1,35.0,35.0,33.5,32.5,31.5,32.0,33.5,12.192,5.000,1.002,1.352,0.908,0.898,0.888,1.564,3.360,1.838,1020,766,548,546,1.057,1.262,33,33,42,79.0,100.0,No,No,80665,102282,0.0,0.0,0.0,0.000,0.101,10991,8924,35.5,40.0,43.0,39,40,38,40,40,40,38,38,40,83.0,0.662,12.209,12.281,12.194,12.172,12.190,0,0,19.379,6.561,14.228,0.270,7.365,6.573,6.217,14.228,6.220,0.940,3.010,310.000,350.000,855.0,101.2,765.0,188.6,825.0,720.0,612.0,73.8,610.2,1.0,1.0,0.0,0.0,7.2,0.0,0.1,0.0,0.0,0.0,0,0,Yes,No,No,No,No,Yes,No,6.6,11.4,2,0,0,0,0,0,0,0,0,55,0,0,0,0,0,0,0,0,0,0,0,0,0,0,0,0,0,0,0,0,7599,593,423,35,5.0,3.8,61.2,1.9,1.9,1.9,1.9,3.8,60.0,1.9,1.9,1.9,1.9,266.28,532.05,16.35,16.33,533.08,533.08,0.91,265.34,266.28,0.00,128.92,310,16,0.0,0.0,0,0,0.0,0.0,0,
25.8.2026,15:46:17.628,5343,13910,27.7,5780,10529,35.4,0.0,2944,0,0.988,1.175,0.950,0.950,0.950,0.950,0.950,3638.3,3620.0,3675.0,3675.0,3620.0,3620.0,3620.0,100.0,251.0,222.1,73.6,146.0,144.7,303.7,873.6,70.1,58.2,468.6,472.9,89.1,89.9,251.0,5.1,1.4,0.8,2.4,3.3,6.7,18.6,2.2,1.2,9.7,9.8,1.1,4.2,18.6,5.1,6.1,2.2,1.6,3.5,3.7,7.8,23.0,1.5,1.2,12.1,12.3,2.0,2.1,6.1,36.4,36.2,36.8,36.8,36.2,36.2,36.2,28.6,9.7,3.0,5.6,25.1,1.8,19.8,3.0,26.5,18.0,35.8,22.9,9.3,48.3,24.5,63.9,79.1,58.6,52.0,88.9,31.9,72.6,1600.0,16.00,16,18,18,36,74,560,1,38.0,33.9,36.5,30.5,29.9,29.9,32.5,29.2,32.1,29.3,30.0,30.0,29.8,25.1,1.156,0.994,1.163,6.925,4.915,6.928,6.928,26.565,0.839,0.409,0.661,1.644,0.245,1.626,0.449,7.842,4.889,12.732,26.568,1600.0,1600.0,3231.4,3231.4,4650.0,35.0,11.5,7.7,35.7,154.7,No,No,No,0.545,0.425,0.6,37.0,35.0,33.5,32.5,31.5,32.0,33.5,12.192,5.000,1.004,1.352,1.156,0.898,0.888,1.562,3.352,1.836,961,1505,549,558,1.056,1.255,33,33,45,79.0,100.0,No,No,80665,102282,100.0,0.0,100.0,110.733,0.043,11202,8924,35.4,40.0,43.0,39,38,38,40,40,40,38,38,40,83.0,0.662,12.211,12.283,12.196,12.174,12.191,0,0,19.365,6.663,14.366,0.283,7.452,6.611,6.473,14.366,6.486,0.938,2.992,310.000,350.000,855.0,101.2,765.0,200.6,825.0,720.0,627.7,73.3,614.4,1.0,1.0,0.0,0.0,7.2,0.0,0.0,0.0,0.0,0.0,0,0,Yes,No,No,No,No,Yes,No,6.7,9.8,2,0,0,0,0,0,0,0,0,55,0,0,0,0,0,0,0,0,0,0,0,0,0,0,0,0,0,0,0,0,7599,593,423,35,5.0,3.2,42.2,1.9,1.9,1.9,1.9,3.2,41.7,1.9,1.9,1.9,1.9,310.65,529.94,23.67,17.08,532.95,532.95,1.15,309.63,310.65,0.00,177.61,310,16,2.0,3.4,0,0,0.0,0.0,0,
25.8.2026,15:46:19.639,5435,13818,28.2,6055,10255,37.1,0.0,2944,0,1.159,1.175,1.156,1.156,1.156,1.156,1.156,3770.8,3620.0,3620.0,3620.0,3620.0,4525.0,3620.0,100.0,315.8,100.0,35.7,104.8,72.9,1080.6,772.1,7.2,35.7,1052.6,453.5,38.7,36.1,315.8,7.3,1.7,1.5,3.0,1.6,24.0,17.1,0.0,1.5,23.9,10.5,1.6,1.5,24.0,7.3,8.3,1.1,0.9,2.7,1.9,29.1,20.7,0.2,0.9,28.3,11.8,1.0,0.9,8.3,37.7,36.2,36.2,36.2,36.2,45.2,36.2,2.0,13.9,2.0,4.2,41.1,1.0,33.4,1.8,30.4,19.4,26.6,47.0,7.2,63.9,18.4,55.7,78.7,69.2,12.0,91.8,2.7,79.8,1600.0,16.00,16,18,18,36,74,560,1,40.8,37.9,38.5,31.6,30.8,30.0,35.7,29.3,34.3,29.3,30.9,30.9,30.0,25.6,1.156,0.994,1.163,9.191,5.302,9.184,9.184,30.790,0.989,0.311,0.489,2.514,0.149,2.170,0.302,10.486,5.270,15.756,30.819,1600.0,1600.0,4251.6,4251.6,4650.0,40.6,15.3,10.2,39.9,175.6,No,No,No,0.834,0.502,0.8,40.0,34.5,34.0,32.5,31.5,32.0,34.0,12.168,5.000,1.004,1.352,1.150,0.898,0.888,1.564,3.356,1.836,992,753,549,558,1.056,1.265,33,33,43,79.0,100.0,No,No,80665,102283,100.0,1.0,100.0,160.647,2.009,11510,8928,35.6,40.0,43.0,39,38,38,38,40,40,38,38,40,83.0,0.662,12.208,12.279,12.192,12.171,12.189,0,0,19.254,6.609,14.236,0.270,7.413,6.536,6.411,14.236,6.425,0.936,3.013,310.000,350.000,855.0,101.2,765.0,198.2,825.0,720.0,632.1,73.8,608.2,1.0,1.0,0.0,0.0,7.2,0.0,0.0,0.0,0.0,0.0,0,0,Yes,No,No,No,No,Yes,No,6.7,10.1,2,0,0,0,0,0,0,0,0,55,0,0,0,0,0,0,0,0,0,0,0,0,0,0,0,0,0,0,0,0,7599,593,423,35,5.0,3.0,41.9,1.9,1.9,1.9,1.9,3.0,41.6,1.9,1.9,1.9,1.9,337.21,533.37,23.85,17.10,533.39,533.39,0.92,336.36,337.21,0.00,133.16,310,16,3.1,5.4,0,0,0.0,0.0,0,
25.8.2026,15:46:21.648,6255,12999,32.4,7195,9114,44.1,0.0,2944,0,1.172,1.188,1.169,1.169,1.169,1.169,1.169,3770.8,3620.0,3620.0,4525.0,3620.0,3620.0,3620.0,100.0,458.1,103.7,22.0,155.9,87.8,3274.1,709.3,16.7,9.4,821.6,220.8,42.9,32.9,458.1,10.3,1.6,0.2,4.0,2.5,71.8,16.0,1.6,0.6,18.4,4.7,1.4,1.2,71.8,10.3,12.1,2.2,0.5,4.1,2.2,87.4,19.0,0.3,0.2,22.0,5.8,1.0,0.8,12.1,37.7,36.2,36.2,45.2,36.2,36.2,36.2,0.0,20.3,2.5,5.9,87.8,0.5,23.4,1.7,24.6,12.8,33.4,12.2,9.2,60.1,19.8,55.1,84.7,60.8,0.0,90.2,16.5,78.5,1600.0,16.00,16,18,18,36,74,560,1,43.4,41.8,44.5,32.8,32.1,30.5,41.6,29.5,33.7,29.6,31.5,31.5,30.2,25.8,1.163,1.000,1.194,11.844,5.427,11.837,12.512,34.367,1.342,0.292,0.629,4.957,0.151,1.710,0.315,13.784,5.394,19.177,34.441,1600.0,1600.0,4478.0,4478.0,4650.0,45.3,19.7,13.9,44.0,170.3,No,No,No,1.258,1.743,1.2,43.0,35.0,34.0,32.5,31.5,32.0,34.0,12.192,5.010,1.004,1.348,1.170,0.898,0.888,1.562,3.352,1.836,1112,764,549,558,1.056,1.254,34,34,43,79.0,100.0,No,No,80665,102283,100.0,8.3,100.0,373.204,0.236,12224,8929,35.4,40.0,43.0,38,38,38,38,40,40,38,38,38,83.0,0.662,12.211,12.282,12.196,12.173,12.192,0,0,19.318,6.331,13.622,0.209,7.086,6.306,6.047,13.622,6.052,0.939,3.093,310.000,350.000,855.0,101.2,765.0,197.6,825.0,720.0,855.2,101.0,825.0,1.0,3.0,0.0,0.0,7.2,0.0,0.0,0.0,0.0,0.0,0,0,Yes,No,No,No,No,Yes,No,6.3,8.8,2,0,0,0,0,0,0,0,0,55,0,0,0,0,0,0,0,0,0,0,0,0,0,0,0,0,0,0,0,0,7599,593,423,34,5.0,2.4,5.8,1.8,1.8,1.8,1.8,2.4,5.8,1.8,1.8,1.8,1.8,410.87,549.31,172.87,166.55,549.97,549.97,0.84,409.95,410.87,0.00,138.85,310,16,0.4,0.0,0,0,0.0,0.0,0,
25.8.2026,15:46:23.652,6258,12995,32.5,7429,8880,45.5,0.0,2944,0,1.195,1.200,1.194,1.194,1.194,1.194,1.194,3830.0,3660.0,3680.0,4600.0,3680.0,3680.0,3680.0,100.0,414.6,56.3,27.8,74.4,59.0,2303.6,1667.2,5.1,10.0,255.1,448.2,39.3,29.4,414.6,8.8,1.1,0.3,1.4,1.1,50.1,34.3,0.0,0.0,6.1,10.4,0.6,0.0,50.1,8.8,10.9,0.8,0.7,2.0,1.5,62.2,42.8,0.1,0.3,6.8,12.0,1.0,0.8,10.9,38.3,36.6,36.8,46.0,36.8,36.8,36.8,0.0,18.3,1.5,3.3,85.7,0.4,17.1,1.8,19.2,8.4,18.1,14.3,4.9,58.2,11.2,62.5,90.2,78.6,0.0,94.7,24.7,87.1,1600.0,16.00,16,18,18,36,74,560,1,45.0,42.7,37.8,32.9,32.3,30.2,42.2,29.5,33.5,29.5,31.8,31.8,30.0,25.7,1.194,0.994,1.200,11.971,5.337,11.975,12.006,35.134,1.386,0.222,0.412,5.756,0.116,1.551,0.261,14.605,5.304,19.910,35.102,1600.0,1600.0,4627.8,4627.8,4650.0,46.2,20.0,13.3,44.9,174.8,No,No,No,0.985,0.498,1.1,45.0,35.0,34.5,32.5,31.5,32.0,34.5,12.192,5.000,1.004,1.348,1.220,0.898,0.888,1.562,3.348,1.836,1170,756,548,558,1.056,1.244,34,34,47,79.0,100.0,No,No,80665,102284,19.0,0.0,19.0,304.918,0.095,12809,8929,35.4,40.0,43.2,39,38,38,38,40,40,38,38,40,83.0,0.662,12.214,12.285,12.200,12.178,12.195,0,0,19.453,6.611,14.298,0.209,7.466,6.600,6.390,14.298,6.395,0.942,2.904,310.000,350.000,855.0,101.2,765.0,200.4,825.0,720.0,634.3,74.2,613.9,1.0,1.0,0.0,0.0,7.2,0.0,0.0,0.0,0.0,0.0,0,0,Yes,No,No,No,No,Yes,No,6.7,8.7,2,0,0,0,0,0,0,0,0,55,0,0,0,0,0,0,0,0,0,0,0,0,0,0,0,0,0,0,0,0,7599,593,423,34,5.0,2.7,23.3,1.9,1.9,1.9,1.9,2.7,23.1,1.9,1.9,1.9,1.9,366.49,533.30,42.90,33.89,533.30,533.30,0.70,365.81,366.49,0.00,166.69,310,16,0.8,0.0,0,0,0.0,0.0,0,
25.8.2026,15:46:25.671,5548,13705,28.8,5904,10405,36.2,0.0,2944,0,1.181,1.181,1.181,1.181,1.181,1.181,1.181,3770.8,3620.0,3620.0,4525.0,3620.0,3620.0,3620.0,100.0,486.5,323.8,43.3,159.7,177.2,1759.4,1299.2,284.7,21.3,991.9,682.0,62.3,33.6,486.5,10.8,6.9,1.3,3.2,4.3,37.6,28.3,6.5,0.7,22.5,15.5,1.7,1.0,37.6,10.8,12.9,7.7,1.0,4.1,4.6,47.4,34.9,7.5,0.4,26.6,18.3,1.5,0.7,12.9,37.7,36.2,36.2,45.2,36.2,36.2,36.2,0.0,21.5,8.3,7.7,66.7,6.7,37.3,2.1,32.2,29.6,30.1,32.8,19.5,60.5,20.9,46.3,62.1,62.1,0.5,73.8,2.3,77.0,1600.0,16.00,16,18,18,36,74,560,1,44.2,39.3,38.8,32.7,32.6,30.8,37.5,30.4,35.2,29.9,31.6,31.6,30.2,25.5,1.181,0.994,1.188,11.602,5.422,11.602,13.965,34.372,1.362,0.729,0.704,3.532,0.522,2.324,0.360,13.711,5.389,19.100,34.401,1600.0,1600.0,4515.6,4515.6,4650.0,45.3,19.3,15.5,41.3,167.0,No,No,No,1.691,1.727,1.3,44.0,34.5,34.5,32.5,31.5,32.0,34.5,12.168,5.000,1.004,1.352,1.158,0.898,0.888,1.562,3.356,1.836,1212,746,547,558,1.056,1.263,34,34,45,79.0,100.0,No,No,80665,102284,100.0,0.1,100.0,268.272,0.183,13322,8929,35.6,40.0,43.0,39,40,38,40,40,40,38,38,40,83.0,0.662,12.213,12.284,12.198,12.177,12.194,0,0,19.345,6.236,13.502,0.209,7.026,6.247,5.975,13.502,5.984,0.936,2.745,310.000,350.000,855.0,101.2,765.0,201.1,825.0,720.0,630.7,73.8,609.4,0.0,3.0,0.0,0.0,7.2,0.0,0.0,0.0,0.0,0.0,0,0,Yes,No,No,No,No,Yes,No,6.3,9.4,2,0,0,0,0,0,0,0,0,55,0,0,0,0,0,0,0,0,0,0,0,0,0,0,0,0,0,0,0,0,7599,593,423,34,5.0,2.0,2.1,1.9,1.9,1.9,1.9,2.0,2.1,1.9,1.9,1.9,1.9,499.99,532.64,467.34,466.74,533.30,533.30,0.79,499.26,499.99,0.00,41.84,310,16,0.7,0.0,0,0,0.0,0.0,0,
25.8.2026,15:46:27.680,6010,13243,31.2,6913,9396,42.3,0.0,2944,0,1.189,1.188,1.169,1.194,1.194,1.194,1.194,4072.5,3620.0,4525.0,4525.0,3620.0,4525.0,3620.0,100.0,503.8,125.4,78.1,166.5,117.9,858.2,1788.8,138.4,9.1,1683.4,993.2,57.5,28.7,503.8,11.4,1.2,2.6,4.6,2.8,19.6,39.8,3.8,0.2,37.5,22.0,1.4,1.5,39.8,11.4,13.4,1.3,2.1,4.4,3.1,22.9,48.3,3.7,0.2,45.4,26.7,1.5,0.7,13.4,40.7,36.2,45.2,45.2,36.2,45.2,36.2,0.0,22.1,3.0,6.6,58.5,3.3,59.3,2.1,28.2,15.6,42.5,41.5,13.9,38.8,16.7,49.7,81.4,50.9,0.0,82.9,1.9,81.3,1600.0,16.00,16,18,18,36,74,560,1,43.5,39.2,40.2,32.6,31.6,30.9,36.9,30.0,36.4,29.8,31.5,31.5,30.0,24.9,1.175,0.994,1.188,11.693,5.409,11.690,13.695,34.197,1.307,0.333,0.736,3.248,0.301,2.931,0.292,13.562,5.376,18.938,34.212,1600.0,1600.0,4458.9,4458.9,4650.0,45.0,19.5,15.2,41.3,172.2,No,No,No,1.712,1.255,1.3,43.0,35.0,34.5,32.5,32.0,32.0,34.5,12.192,5.000,1.004,1.348,1.116,0.898,0.888,1.562,3.352,1.836,1159,739,549,558,1.057,1.254,34,34,45,79.0,100.0,No,No,80665,102285,100.0,1.2,100.0,292.938,0.597,13885,8930,35.5,40.0,42.9,39,40,38,40,40,40,38,38,40,83.0,0.662,12.212,12.282,12.197,12.176,12.193,0,0,19.356,6.101,13.234,0.233,6.855,6.136,5.792,13.234,5.797,0.946,2.682,310.000,350.000,855.0,101.2,765.0,206.0,825.0,720.0,627.1,73.3,603.6,0.0,1.0,0.0,0.0,7.2,0.0,0.0,0.0,0.0,0.0,0,0,Yes,No,No,No,No,Yes,No,6.1,9.5,2,0,0,0,0,0,0,0,0,55,0,0,0,0,0,0,0,0,0,0,0,0,0,0,0,0,0,0,0,0,7599,593,423,34,5.0,2.1,2.8,1.9,1.9,1.9,1.9,2.1,2.8,1.9,1.9,1.9,1.9,466.64,533.10,353.09,350.09,533.44,533.44,0.75,465.91,466.64,0.00,72.01,310,16,1.0,0.2,0,0,0.0,0.0,0,
25.8.2026,15:46:29.679,6089,13164,31.6,6456,9854,39.5,0.0,2944,0,1.173,1.194,1.169,1.169,1.169,1.169,1.169,3770.8,3620.0,3620.0,3620.0,3620.0,4525.0,3620.0,100.0,466.0,327.2,65.5,95.1,155.0,365.2,1583.9,10.4,7.4,2683.5,227.2,45.4,26.3,466.0,9.9,6.4,0.3,1.0,3.1,7.9,35.3,0.0,0.0,59.6,4.8,0.0,0.0,59.6,9.9,12.3,7.1,1.7,2.4,4.1,9.8,42.6,0.2,0.1,72.4,6.1,1.1,0.6,12.3,37.7,36.2,36.2,36.2,36.2,45.2,36.2,0.0,20.4,7.4,5.7,43.1,0.3,64.3,1.6,29.1,20.9,35.8,53.8,10.8,35.7,17.4,50.5,71.6,58.5,3.0,88.8,0.0,80.9,1600.0,16.00,16,18,18,36,74,560,1,44.1,41.1,42.2,32.7,32.1,30.7,35.9,29.7,38.3,29.7,31.6,31.6,31.2,25.3,1.156,0.994,1.169,11.412,5.398,11.414,12.810,33.956,1.268,0.600,0.627,2.619,0.158,3.324,0.281,13.328,5.365,18.693,33.944,1600.0,1600.0,4513.3,4513.3,4650.0,44.7,19.0,14.2,43.2,174.1,No,No,No,1.428,1.188,1.2,43.0,35.0,34.5,32.5,32.0,32.0,34.5,12.192,5.000,1.004,1.348,1.168,0.896,0.888,1.562,3.352,1.836,1143,723,549,545,1.056,1.267,34,34,45,79.0,100.0,No,No,80665,102285,100.0,0.0,100.0,179.447,0.106,14228,8931,35.4,40.0,43.2,39,38,38,40,40,40,38,38,38,83.0,0.662,12.207,12.278,12.192,12.170,12.188,0,0,19.356,6.137,13.246,0.209,6.876,6.146,5.948,13.246,5.955,0.948,2.663,310.000,350.000,855.0,101.2,765.0,201.7,825.0,720.0,632.2,73.8,606.9,0.0,1.0,0.0,0.0,7.2,0.0,0.0,0.0,0.0,0.0,0,0,Yes,No,No,No,No,Yes,No,6.2,9.8,2,0,0,0,0,0,0,0,0,55,0,0,0,0,0,0,0,0,0,0,0,0,0,0,0,0,0,0,0,0,7599,593,423,34,5.0,3.0,43.0,1.9,1.9,1.9,1.9,3.0,42.2,1.9,1.9,1.9,1.9,333.09,533.39,23.26,16.97,533.39,533.39,0.97,332.19,333.09,0.00,133.19,310,16,0.2,0.0,0,0,0.0,0.0,0,
25.8.2026,15:46:31.674,6076,13177,31.5,6364,9945,39.0,0.0,2944,0,1.186,1.181,1.188,1.188,1.188,1.188,1.188,3921.7,4525.0,3620.0,3620.0,3620.0,4525.0,3620.0,100.0,480.8,155.3,87.5,253.0,70.0,1352.7,1262.7,30.5,20.6,2057.7,328.9,95.7,55.0,480.8,11.3,1.7,2.8,6.5,2.4,30.5,27.5,2.2,3.5,45.2,8.0,3.7,2.0,45.2,11.3,12.7,1.9,2.3,6.7,1.8,36.4,34.0,0.8,0.5,55.5,8.8,2.5,1.4,12.7,39.2,45.2,36.2,36.2,36.2,45.2,36.2,0.0,21.0,3.7,7.3,57.7,1.2,52.6,3.2,28.3,18.7,34.0,42.3,11.6,43.7,19.5,50.7,77.6,58.7,0.0,87.2,3.7,77.3,1600.0,16.00,16,18,18,36,74,560,1,45.6,43.1,42.2,33.3,32.1,30.8,39.2,29.8,37.7,30.0,31.6,31.6,31.5,25.3,1.181,0.994,1.194,12.084,5.377,12.081,13.315,34.658,1.387,0.420,0.709,3.637,0.210,2.943,0.401,14.134,5.344,19.478,34.693,1600.0,1600.0,4503.6,4503.6,4650.0,45.6,20.1,14.8,45.4,169.1,No,No,No,1.241,0.953,1.3,45.0,35.0,34.5,32.5,32.0,32.0,34.5,12.192,5.000,1.004,1.352,1.114,0.896,0.888,1.564,3.352,1.836,1158,739,549,545,1.056,1.261,34,34,45,79.0,100.0,No,No,80665,102286,100.0,0.3,100.0,150.506,0.182,14517,8931,35.6,40.0,43.0,39,40,38,40,40,40,38,38,40,83.0,0.662,12.209,12.280,12.194,12.172,12.190,0,0,19.593,6.477,13.995,0.209,7.280,6.488,6.351,13.995,6.360,1.013,2.605,310.000,350.000,855.0,101.2,765.0,211.4,825.0,720.0,625.3,73.0,601.6,0.0,1.0,0.0,0.0,7.2,0.0,0.0,0.0,0.0,0.0,0,0,Yes,No,No,No,No,Yes,No,6.6,9.8,2,0,0,0,0,0,0,0,0,55,0,0,0,0,0,0,0,0,0,0,0,0,0,0,0,0,0,0,0,0,7599,593,423,34,5.0,3.3,49.8,1.9,1.9,1.9,1.9,3.3,49.6,1.9,1.9,1.9,1.9,299.83,532.77,20.08,16.94,533.27,533.27,0.84,298.94,299.83,0.00,129.04,310,16,21.9,9.3,0,0,0.0,0.0,0,
25.8.2026,15:46:33.686,6213,13040,32.2,6655,9654,40.8,0.0,2944,0,1.169,1.169,1.169,1.169,1.169,1.169,1.169,3770.8,3620.0,3620.0,4525.0,3620.0,3620.0,3620.0,100.0,470.4,221.1,123.3,122.8,76.9,2615.9,920.1,11.7,27.9,1090.8,346.9,55.1,31.9,470.4,9.9,1.7,2.1,2.9,1.2,57.5,20.5,0.0,0.0,24.4,7.3,0.6,0.8,57.5,9.9,12.4,2.7,3.3,3.2,2.0,70.6,24.8,0.3,0.7,29.4,9.2,1.4,0.8,12.4,37.7,36.2,36.2,45.2,36.2,36.2,36.2,0.0,20.5,5.1,4.6,78.0,0.9,32.1,2.0,27.1,23.8,31.3,22.0,7.7,64.1,13.6,52.5,71.1,64.0,0.0,91.4,3.9,84.4,1600.0,16.00,16,18,18,36,74,560,1,45.9,43.3,40.8,33.3,32.8,30.5,41.9,29.7,35.1,29.7,31.6,31.6,31.0,25.4,1.188,0.994,1.194,11.921,5.405,11.925,12.786,34.554,1.325,0.511,0.519,4.434,0.151,2.071,0.264,13.931,5.372,19.303,34.532,1600.0,1600.0,4501.1,4501.1,4650.0,45.4,19.9,14.2,45.5,174.4,No,No,No,1.240,1.081,1.2,45.0,35.0,34.5,32.5,32.0,32.0,34.5,12.192,5.000,1.004,1.352,1.168,0.896,0.888,1.562,3.356,1.836,1220,726,548,545,1.056,1.248,34,34,43,79.0,100.0,No,No,80665,102286,100.0,0.1,100.0,188.351,0.196,14880,8931,35.4,40.0,43.0,39,40,38,38,40,40,38,38,40,83.0,0.662,12.209,12.280,12.194,12.172,12.190,0,0,18.893,5.997,12.990,0.233,6.731,6.001,5.742,12.990,5.746,0.937,2.602,310.000,350.000,855.0,101.2,765.0,168.5,825.0,720.0,725.9,86.4,712.5,0.0,4.0,0.0,0.0,7.2,0.0,0.0,0.0,0.0,0.0,0,0,Yes,No,No,No,No,Yes,No,7.0,9.7,2,0,0,0,0,0,0,0,0,55,0,0,0,0,0,0,0,0,0,0,0,0,0,0,0,0,0,0,0,0,7599,593,423,34,5.0,3.7,62.3,1.9,1.9,1.9,1.9,3.7,60.1,1.9,1.9,1.9,1.9,270.55,532.66,16.06,16.06,533.15,533.15,0.74,269.81,270.55,0.00,129.32,310,16,1.9,0.1,0,0,0.0,0.0,0,
25.8.2026,15:46:35.692,6006,13248,31.1,6296,10013,38.6,0.0,2944,0,1.160,1.181,1.156,1.156,1.156,1.156,1.156,3770.8,3620.0,3620.0,4525.0,3620.0,3620.0,3620.0,100.0,454.6,157.4,25.2,96.8,93.0,904.5,1369.2,215.4,9.9,1781.2,734.3,45.6,22.3,454.6,10.5,3.3,1.6,2.5,2.4,20.3,30.6,7.2,0.0,39.6,16.5,1.3,0.8,39.6,10.5,12.1,3.6,0.6,2.5,2.4,24.3,36.9,5.8,0.2,48.0,19.8,1.1,0.5,12.1,37.7,36.2,36.2,45.2,36.2,36.2,36.2,0.0,20.1,3.7,4.5,50.3,4.9,55.6,1.6,28.6,20.4,27.3,48.7,13.4,44.4,17.5,51.3,75.9,68.2,1.0,81.6,0.0,80.9,1600.0,16.00,16,18,18,36,74,560,1,45.9,42.4,37.0,33.0,32.0,30.4,38.4,30.2,37.0,29.8,31.6,31.6,31.0,25.6,1.156,0.994,1.163,11.630,5.367,11.632,12.667,34.180,1.312,0.421,0.503,3.277,0.408,2.980,0.283,13.615,5.334,18.949,34.169,1600.0,1600.0,4514.7,4514.7,4650.0,45.0,19.4,14.1,44.7,172.0,No,No,No,1.299,0.887,1.2,46.0,35.0,34.5,32.5,32.0,32.0,34.5,12.192,5.000,1.006,1.348,1.182,0.896,0.888,1.564,3.356,1.836,1200,737,547,545,1.056,1.273,34,34,44,79.0,100.0,No,No,80665,102286,100.0,0.1,100.0,116.741,0.197,15103,8932,35.4,40.0,43.2,39,40,38,38,38,40,38,38,40,83.0,0.662,12.215,12.285,12.201,12.179,12.196,0,0,18.782,6.755,14.720,0.332,7.455,6.905,6.501,14.720,6.510,0.936,2.719,310.000,350.000,855.0,101.2,765.0,162.1,825.0,720.0,629.0,73.3,607.5,0.0,1.0,0.0,0.0,7.2,0.0,0.0,0.0,0.0,0.0,0,0,Yes,No,No,No,No,Yes,No,6.8,9.9,2,0,0,0,0,0,0,0,0,55,0,0,0,0,0,0,0,0,0,0,0,0,0,0,0,0,0,0,0,0,7599,593,423,34,5.0,3.2,40.8,1.9,1.9,1.9,1.9,3.2,40.7,1.9,1.9,1.9,1.9,316.38,514.55,24.50,17.31,516.56,516.56,1.03,315.45,316.38,0.00,171.97,310,16,0.1,0.0,0,0,0.0,0.0,0,
25.8.2026,15:46:37.689,6984,12269,36.2,7008,9301,42.9,0.0,2944,0,1.192,1.181,1.194,1.194,1.194,1.194,1.194,4072.5,3620.0,4525.0,4525.0,3620.0,4525.0,3620.0,100.0,562.8,222.9,54.3,621.3,230.5,1732.3,961.2,118.0,27.4,1386.0,1101.2,234.0,64.7,562.8,12.7,4.4,1.5,14.1,4.6,38.5,20.2,2.1,5.2,31.0,24.0,5.5,1.7,38.5,12.7,15.0,4.9,1.4,16.6,6.1,46.7,25.9,3.1,0.7,37.3,29.7,6.2,1.7,15.0,40.7,36.2,45.2,45.2,36.2,45.2,36.2,0.0,24.6,5.2,18.9,59.5,3.0,54.6,6.6,36.2,29.5,48.6,39.2,21.0,45.4,33.4,39.2,65.3,32.6,1.3,76.0,0.0,60.1,1600.0,16.00,16,18,18,36,74,560,1,45.1,40.9,40.5,33.7,32.5,32.3,38.3,30.5,38.1,30.8,31.6,31.6,31.0,25.9,1.188,0.994,1.200,13.014,5.524,13.000,16.009,35.805,1.621,0.606,1.330,3.594,0.394,3.137,0.668,15.120,5.490,20.610,35.909,1600.0,1600.0,4395.3,4395.3,4650.0,47.2,21.7,17.8,43.0,154.9,No,No,No,1.534,2.170,1.5,45.0,35.0,34.5,32.5,32.0,32.0,34.5,12.192,5.000,1.004,1.352,1.158,0.896,0.888,1.564,3.344,1.836,1194,1447,548,545,1.056,1.259,34,34,46,79.0,100.0,No,No,80665,102287,100.0,2.1,100.0,592.391,0.258,16240,8932,35.6,40.0,43.0,39,38,38,40,40,40,38,38,40,83.0,0.662,12.207,12.278,12.192,12.170,12.187,0,0,18.786,6.812,14.773,0.258,7.620,6.876,6.496,14.773,6.508,0.932,3.069,310.000,350.000,855.0,101.2,765.0,162.4,825.0,720.0,645.9,75.6,623.2,0.0,1.0,0.0,0.0,7.2,0.0,0.0,0.0,0.0,0.0,0,0,Yes,No,No,No,No,Yes,No,6.9,9.2,2,0,0,0,0,0,0,0,0,55,0,0,0,0,0,0,0,0,0,0,0,0,0,0,0,0,0,0,0,0,7599,593,423,34,5.0,2.9,40.5,1.9,1.9,1.9,1.9,2.9,39.7,1.9,1.9,1.9,1.9,345.61,533.50,24.71,17.06,533.51,533.51,0.90,344.73,345.61,0.00,133.04,310,16,0.5,2.6,0,0,0.0,0.0,0,
25.8.2026,15:46:39.693,6986,12267,36.2,8256,8054,50.6,0.0,2944,1,1.262,1.262,1.262,1.262,1.262,1.262,1.262,4030.0,3720.0,3720.0,4650.0,3720.0,4650.0,3720.0,100.0,923.6,93.9,21.0,686.5,228.2,4569.5,25.0,93.1,677.2,4410.2,30.2,157.2,90.8,923.6,20.4,1.4,0.1,16.2,5.8,99.6,0.9,2.4,14.5,99.9,0.2,2.6,1.8,99.9,20.4,24.8,1.8,0.5,18.4,6.0,123.5,0.6,2.2,18.3,119.2,0.8,4.1,2.4,24.8,40.3,37.2,37.2,46.5,37.2,46.5,37.2,0.0,40.8,2.4,20.6,99.7,16.2,99.9,6.0,22.5,19.2,55.5,0.3,19.9,0.1,40.3,36.7,78.4,23.9,0.0,63.9,0.0,53.7,1600.0,16.00,16,18,18,36,74,560,1,49.1,48.8,50.5,37.5,33.8,33.6,47.5,32.2,46.4,31.5,32.6,32.6,30.5,26.3,1.256,0.994,1.269,18.694,5.423,18.691,30.304,43.400,2.627,0.409,1.675,5.963,0.972,5.963,0.781,22.739,5.390,28.129,43.444,1600.0,1600.0,4589.4,4589.4,4650.0,57.2,31.2,33.7,51.4,143.9,No,No,No,2.438,1.119,2.4,48.0,35.0,35.0,32.5,32.0,32.0,35.0,12.192,5.000,1.004,1.348,1.246,0.896,0.886,1.562,3.352,1.836,1224,726,549,545,1.057,1.246,34,34,43,79.0,100.0,No,No,80665,102287,0.0,0.1,0.1,0.081,0.712,16240,8934,35.4,40.0,42.9,39,38,38,40,40,40,38,38,40,83.0,0.662,12.208,12.280,12.193,12.171,12.188,0,0,18.818,6.861,14.997,0.332,7.706,6.949,6.338,14.997,6.342,0.936,3.151,310.000,350.000,855.0,101.2,765.0,166.4,825.0,720.0,697.7,80.4,662.9,0.0,1.0,0.0,0.0,7.2,0.0,0.0,0.0,0.0,0.0,0,0,Yes,No,No,No,No,Yes,No,6.9,8.9,2,0,0,0,0,0,0,0,0,55,0,0,0,0,0,0,0,0,0,0,0,0,0,0,0,0,0,0,0,0,7599,593,423,34,5.0,3.9,61.0,1.9,1.9,1.9,1.9,3.9,60.0,1.9,1.9,1.9,1.9,256.52,533.49,16.38,16.37,533.50,533.50,0.80,255.73,256.52,0.00,103.35,310,16,1.0,0.1,0,0,0.0,0.0,0,
25.8.2026,15:46:41.696,6990,12263,36.3,9040,7269,55.4,0.0,2944,1,1.270,1.262,1.256,1.256,1.281,1.281,1.281,4030.0,3720.0,3720.0,4650.0,3720.0,4650.0,3720.0,100.0,831.4,69.8,23.0,240.4,167.9,2297.3,2391.5,12.2,9.0,23.9,4637.3,75.0,28.9,831.4,18.0,1.8,0.3,6.1,4.2,48.9,51.4,0.0,0.0,1.0,99.7,2.4,0.4,99.7,18.0,22.3,1.2,0.6,6.4,4.5,62.1,63.9,0.3,0.2,0.6,125.3,1.9,0.7,22.3,40.3,37.2,37.2,46.5,37.2,46.5,37.2,0.0,35.9,1.9,10.6,100.0,0.5,99.8,2.6,13.5,13.1,40.1,0.0,7.2,0.2,20.4,50.6,85.0,49.3,0.0,92.3,0.0,77.0,1600.0,16.00,16,18,18,36,74,560,1,55.9,56.1,53.0,38.7,34.8,32.1,51.3,30.6,52.7,30.7,33.1,33.1,30.8,26.3,1.269,0.994,1.288,19.851,5.265,19.850,26.248,45.409,2.905,0.340,1.033,7.575,0.174,7.873,0.437,25.002,5.233,30.235,45.407,1600.0,1600.0,4650.0,4650.0,4650.0,59.7,33.1,29.2,59.0,143.5,No,No,No,1.200,0.161,2.2,55.0,35.0,35.0,32.5,32.5,32.0,35.0,12.192,5.000,1.004,1.352,1.262,0.894,0.886,1.562,3.352,1.836,1308,722,548,545,1.056,1.265,34,34,42,79.0,100.0,No,No,80665,102287,0.0,0.0,0.1,0.048,0.264,16240,8934,35.4,40.0,43.2,39,38,38,38,40,40,38,38,40,83.0,0.662,12.211,12.282,12.196,12.174,12.192,0,0,19.101,6.806,14.750,0.282,7.525,6.927,6.510,14.750,6.523,0.935,3.050,310.000,350.000,855.0,101.2,765.0,171.9,825.0,720.0,773.6,90.0,745.2,0.0,1.0,0.0,0.0,7.2,0.0,0.0,0.0,0.0,0.0,0,0,Yes,No,No,No,No,Yes,No,6.9,9.2,2,0,0,0,0,0,0,0,0,55,0,0,0,0,0,0,0,0,0,0,0,0,0,0,0,0,0,0,0,0,7599,593,423,34,5.0,4.3,60.8,1.9,1.9,1.9,1.9,4.3,60.0,1.9,1.9,1.9,1.9,233.14,533.36,16.44,16.43,533.37,533.37,0.93,232.22,233.14,0.00,103.22,310,16,0.1,0.0,0,0,0.0,0.0,0,
25.8.2026,15:46:43.694,6997,12256,36.3,9038,7271,55.4,0.0,2944,1,1.261,1.262,1.256,1.262,1.262,1.262,1.262,4030.0,3720.0,3720.0,4650.0,3720.0,4650.0,3720.0,100.0,807.1,86.1,30.3,309.2,107.0,2375.7,2259.3,22.2,13.0,2123.6,2232.2,77.9,48.8,807.1,18.0,1.3,1.5,8.8,3.5,51.4,48.8,0.5,2.5,45.4,48.7,2.8,1.2,51.4,18.0,21.8,1.4,0.8,8.2,2.8,63.7,62.3,0.6,0.3,57.1,60.6,2.1,1.3,21.8,40.3,37.2,37.2,46.5,37.2,46.5,37.2,0.0,35.3,2.3,10.8,100.0,1.0,93.9,3.5,15.6,12.9,44.0,0.0,9.1,6.1,21.8,49.1,84.8,45.1,0.0,90.0,0.0,74.7,1600.0,16.00,16,18,18,36,74,560,1,56.6,55.6,52.8,38.7,35.0,32.2,52.2,30.8,50.9,30.9,33.3,33.3,30.5,25.0,1.269,0.994,1.281,19.608,5.235,19.605,25.769,45.053,2.865,0.377,1.068,7.912,0.214,7.116,0.501,24.690,5.204,29.894,45.067,1600.0,1600.0,4650.0,4650.0,4650.0,59.3,32.7,28.6,58.6,143.1,No,No,No,1.174,0.192,2.1,56.0,35.5,35.0,32.5,32.5,32.0,35.0,12.192,5.000,1.004,1.352,1.260,0.896,0.886,1.560,3.352,1.836,1380,710,549,545,1.057,1.256,34,34,42,79.0,100.0,No,No,80665,102287,0.0,0.1,0.1,0.084,0.112,16241,8934,35.5,40.0,43.0,38,38,38,40,38,38,38,38,40,83.0,0.662,12.210,12.279,12.195,12.173,12.190,0,0,18.965,6.507,14.130,0.233,7.269,6.610,6.278,14.130,6.285,0.937,2.690,310.000,350.000,855.0,101.2,765.0,175.1,825.0,720.0,530.9,62.0,514.1,0.0,1.0,0.0,0.0,7.2,0.0,0.0,0.0,0.0,0.0,0,0,Yes,No,No,No,No,Yes,No,6.6,9.1,2,0,0,0,0,0,0,0,0,55,0,0,0,0,0,0,0,0,0,0,0,0,0,0,0,0,0,0,0,0,7599,593,423,34,5.0,3.8,59.1,1.9,1.9,1.9,1.9,3.7,58.2,1.9,1.9,1.9,1.9,266.56,531.81,16.91,16.45,533.31,533.31,0.88,265.68,266.56,0.00,133.48,310,16,0.7,2.6,0,0,0.0,0.0,0,
25.8.2026,15:46:45.688,6738,12516,34.9,8281,8028,50.7,0.0,2944,1,1.173,1.169,1.175,1.175,1.175,1.175,1.169,3770.8,3620.0,3620.0,4525.0,3620.0,3620.0,3620.0,100.0,514.8,92.2,49.7,151.1,133.7,2558.9,546.5,8.8,8.2,146.7,2401.6,53.6,27.1,514.8,10.8,0.5,0.0,2.4,2.9,56.7,12.1,0.4,0.0,2.6,51.7,0.7,0.1,56.7,10.8,13.8,1.1,1.3,4.0,3.5,69.0,14.8,0.2,0.2,3.8,65.1,1.4,0.7,13.8,37.7,36.2,36.2,45.2,36.2,36.2,36.2,0.0,22.5,2.4,7.2,68.4,0.4,54.9,2.1,22.3,11.3,34.2,24.1,6.4,43.9,14.1,55.1,86.3,58.6,7.5,93.2,1.3,83.8,1600.0,16.00,16,18,18,36,74,560,1,56.1,52.9,44.2,35.9,33.3,31.6,44.3,30.3,45.3,30.4,32.5,32.5,30.8,26.5,1.163,0.994,1.175,14.938,5.248,14.958,14.977,38.742,1.973,0.310,0.792,5.158,0.139,5.131,0.305,18.278,5.216,23.494,38.636,1600.0,1600.0,4586.7,4586.7,4650.0,50.8,24.9,16.6,55.6,152.8,No,No,No,0.353,0.312,1.4,56.0,35.0,35.0,32.5,32.5,32.0,35.0,12.192,5.000,1.002,1.348,1.170,0.896,0.886,1.562,3.356,1.836,1425,702,549,546,1.057,1.270,34,34,43,79.0,100.0,No,No,80665,102287,0.1,0.0,0.1,0.309,0.159,16241,8935,35.4,40.0,42.9,39,38,38,40,40,40,38,38,40,83.0,0.662,12.209,12.279,12.194,12.172,12.190,0,0,19.118,6.544,14.225,0.258,7.353,6.597,6.314,14.225,6.319,0.936,2.669,310.000,350.000,855.0,101.2,765.0,173.9,825.0,720.0,534.8,62.6,517.1,0.0,4.0,0.0,0.0,7.2,0.0,0.0,0.0,0.0,0.0,0,0,Yes,No,No,No,No,Yes,No,6.6,8.6,2,0,0,0,0,0,0,0,0,55,0,0,0,0,0,0,0,0,0,0,0,0,0,0,0,0,0,0,0,0,7599,593,423,34,5.0,4.1,55.1,1.9,1.9,1.9,1.9,4.1,53.6,1.9,1.9,1.9,1.9,245.58,527.69,18.15,16.36,533.18,533.18,0.73,244.87,245.58,0.00,146.06,310,16,2.8,0.0,0,0,0.0,0.0,0,
25.8.2026,15:46:47.702,6753,12500,35.0,8301,8008,50.8,0.0,2944,1,1.243,1.244,1.238,1.244,1.244,1.244,1.244,3875.0,3720.0,3720.0,4650.0,3720.0,3720.0,3720.0,100.0,439.2,64.9,30.5,65.1,34.0,4552.3,3.6,20.9,7.7,209.9,220.9,41.8,19.2,439.2,10.9,1.1,2.6,2.7,1.1,98.4,1.1,1.6,7.0,4.8,7.5,1.2,1.4,98.4,10.9,11.8,0.9,0.8,1.7,0.8,123.0,0.1,0.5,0.2,4.7,7.7,1.0,0.4,11.8,38.8,37.2,37.2,46.5,37.2,37.2,37.2,0.0,19.4,1.6,2.4,98.4,0.7,11.6,1.3,18.7,3.6,15.9,1.6,2.7,80.5,8.1,61.9,94.7,81.6,0.0,96.6,8.0,90.5,1600.0,16.00,16,18,18,36,74,560,1,54.9,49.2,44.0,34.5,33.5,30.5,49.1,30.0,34.0,29.9,32.3,32.3,30.2,26.1,1.244,0.994,1.256,12.960,5.219,12.950,12.950,36.192,1.614,0.178,0.336,7.298,0.117,1.521,0.236,15.955,5.187,21.143,36.227,1600.0,1600.0,4623.9,4623.9,4650.0,47.7,21.6,14.4,51.8,165.3,No,No,No,0.292,0.143,1.2,55.0,35.0,35.0,32.5,32.5,32.0,35.0,12.192,5.000,1.004,1.352,1.232,0.896,0.886,1.562,3.356,1.836,1420,697,549,546,1.056,1.252,34,34,42,79.0,100.0,No,No,80665,102287,0.0,0.0,0.0,0.000,0.033,16241,8935,35.5,40.0,43.2,38,38,38,38,38,40,38,38,40,83.0,0.662,12.209,12.279,12.194,12.172,12.190,0,0,18.714,6.561,14.279,0.270,7.329,6.670,6.278,14.279,6.282,0.933,2.724,310.000,350.000,855.0,101.2,765.0,167.4,825.0,720.0,590.7,69.3,570.6,0.0,1.0,0.0,0.0,7.2,0.0,0.1,0.0,0.0,0.0,0,0,Yes,No,No,No,No,Yes,No,6.6,8.1,2,0,0,0,0,0,0,0,0,55,0,0,0,0,0,0,0,0,0,0,0,0,0,0,0,0,0,0,0,0,7599,593,423,34,5.0,3.0,43.1,1.9,1.9,1.9,1.9,3.0,43.2,1.9,1.9,1.9,1.9,329.15,533.38,23.20,17.36,533.38,533.38,0.87,328.35,329.15,0.00,129.24,310,16,1.0,0.0,0,0,0.0,0.0,0,
25.8.2026,15:46:49.705,6733,12520,34.9,8282,8027,50.7,0.0,2944,1,1.253,1.256,1.238,1.256,1.256,1.256,1.256,3875.0,3720.0,3720.0,4650.0,3720.0,3720.0,3720.0,100.0,679.5,85.8,30.1,239.7,152.4,2369.5,2278.2,10.0,8.8,75.0,2813.2,45.1,46.8,679.5,16.0,1.5,0.1,6.4,4.0,51.3,48.3,0.0,0.3,2.7,74.8,1.2,1.3,74.8,16.0,18.3,1.5,0.8,6.4,4.0,64.5,61.1,0.3,0.2,2.7,75.2,1.2,1.2,18.3,38.8,37.2,37.2,46.5,37.2,37.2,37.2,0.0,32.1,2.3,10.0,99.8,0.5,77.2,2.6,14.7,8.7,33.0,0.2,6.9,22.8,16.8,53.2,89.0,57.0,0.0,92.6,0.0,80.7,1600.0,16.00,16,18,18,36,74,560,1,53.4,46.5,49.5,35.8,33.4,31.7,46.3,30.3,43.0,30.4,32.5,32.5,30.0,25.7,1.256,0.994,1.269,15.251,5.349,15.245,21.950,39.283,1.988,0.282,0.887,5.928,0.145,4.322,0.361,18.879,5.316,24.195,39.358,1600.0,1600.0,4649.9,4649.9,4650.0,51.8,25.4,24.4,49.0,157.6,No,No,No,1.215,0.176,1.9,53.0,35.0,35.0,32.5,32.5,32.0,35.0,12.192,5.000,1.004,1.352,1.238,0.894,0.886,1.562,3.352,1.836,1387,710,549,547,1.056,1.254,34,34,41,79.0,100.0,No,No,80665,102287,0.0,0.0,0.0,0.065,0.183,16241,8935,35.5,40.0,43.0,39,38,38,40,40,40,38,38,40,83.0,0.662,12.209,12.280,12.194,12.173,12.190,0,0,19.051,6.811,14.727,0.258,7.633,6.817,6.534,14.727,6.541,0.935,3.127,310.000,350.000,855.0,101.2,765.0,171.7,825.0,720.0,634.2,73.6,603.4,0.0,1.0,0.0,0.0,7.2,0.0,0.0,0.0,0.0,0.0,0,0,Yes,No,No,No,No,Yes,No,6.9,8.5,2,0,0,0,0,0,0,0,0,55,0,0,0,0,0,0,0,0,0,0,0,0,0,0,0,0,0,0,0,0,7599,593,423,34,5.0,3.3,49.1,1.9,1.9,1.9,1.9,3.3,50.0,1.9,1.9,1.9,1.9,304.10,533.29,20.38,17.25,533.29,533.29,0.87,303.19,304.10,0.00,129.08,310,16,2.0,2.8,0,0,0.0,0.0,0,
25.8.2026,15:46:51.702,6716,12538,34.8,8088,8221,49.5,0.0,2944,1,1.223,1.244,1.219,1.219,1.219,1.219,1.219,3875.0,3720.0,3720.0,4650.0,3720.0,3720.0,3720.0,100.0,531.5,92.8,33.4,145.1,74.0,4594.3,11.0,10.5,8.6,286.8,1028.3,61.5,31.9,531.5,12.0,2.0,1.3,3.4,1.6,98.8,0.0,0.0,0.0,7.7,27.9,1.2,0.0,98.8,12.0,14.2,1.6,0.8,3.8,1.9,124.2,0.2,0.2,0.2,7.5,27.8,1.6,0.8,14.2,38.8,37.2,37.2,46.5,37.2,37.2,37.2,0.0,24.1,2.5,5.7,98.8,0.4,34.4,2.4,22.4,12.7,32.9,1.2,6.2,63.5,18.0,53.5,84.8,61.3,0.0,93.4,2.1,79.6,1600.0,16.00,16,18,18,36,74,560,1,52.2,47.1,38.2,35.1,33.8,31.3,47.0,30.4,37.7,30.5,32.6,32.6,30.5,25.6,1.219,0.994,1.225,13.789,5.323,13.809,16.485,37.658,1.708,0.342,0.695,6.097,0.148,2.584,0.381,17.109,5.290,22.399,37.603,1600.0,1600.0,4648.8,4648.8,4650.0,49.5,23.0,18.3,49.6,166.3,No,No,No,1.288,0.222,1.4,52.0,35.0,35.0,32.5,32.5,32.0,35.0,12.168,5.000,1.004,1.352,1.230,0.894,0.886,1.562,3.356,1.836,1371,1430,547,559,1.056,1.259,34,34,41,79.0,100.0,No,No,80665,102287,0.0,0.0,0.1,0.032,0.071,16241,8935,35.4,40.0,43.0,39,40,38,40,40,40,38,38,40,83.0,0.662,12.213,12.283,12.199,12.176,12.194,0,0,19.347,6.741,14.592,0.270,7.539,6.770,6.475,14.592,6.480,0.936,3.010,310.000,350.000,855.0,101.2,765.0,180.4,825.0,720.0,629.3,73.5,608.3,0.0,1.0,0.0,0.0,7.2,0.0,0.0,0.0,0.0,0.0,0,0,Yes,No,No,No,No,Yes,No,6.8,8.6,2,0,0,0,0,0,0,0,0,55,0,0,0,0,0,0,0,0,0,0,0,0,0,0,0,0,0,0,0,0,7599,593,423,34,5.0,3.6,63.1,1.9,1.9,1.9,1.9,3.6,60.0,1.9,1.9,1.9,1.9,274.76,533.51,15.84,15.82,533.52,533.52,0.88,273.86,274.76,0.00,129.49,310,16,1.0,0.2,0,0,0.0,0.0,0,
25.8.2026,15:46:53.718,6040,13213,31.3,6054,10255,37.1,0.0,2944,1,1.183,1.181,1.181,1.181,1.181,1.181,1.194,3921.7,4525.0,3620.0,3620.0,3620.0,4525.0,3620.0,100.0,330.4,355.6,14.7,90.0,82.0,1966.3,612.9,23.2,9.6,371.2,370.9,39.5,28.7,330.4,8.1,8.8,0.0,1.6,2.2,42.9,14.2,5.3,4.2,8.1,8.1,0.4,1.7,42.9,8.1,8.8,9.3,0.3,2.2,2.1,53.1,16.4,0.5,0.1,9.8,10.0,0.9,0.6,8.8,39.2,45.2,36.2,36.2,36.2,45.2,36.2,0.0,14.8,9.4,4.0,56.3,0.7,16.9,1.5,32.4,20.0,32.0,43.7,4.8,79.0,14.6,52.8,70.6,64.0,0.0,94.5,4.1,83.9,1600.0,16.00,16,18,18,36,74,560,1,50.1,40.7,38.8,32.8,32.9,30.6,39.6,29.9,33.8,29.9,31.7,31.7,29.8,25.5,1.181,1.000,1.188,10.352,5.296,10.354,10.354,32.470,1.151,0.642,0.507,3.811,0.123,1.563,0.258,12.037,5.264,17.300,32.458,1600.0,1600.0,4286.9,4286.9,4650.0,42.7,17.3,11.5,42.8,173.4,No,No,No,0.558,0.708,0.9,50.0,35.0,35.0,32.5,32.5,32.0,35.0,12.192,5.000,1.002,1.348,1.034,0.894,0.884,1.564,3.352,1.836,1340,715,547,546,1.056,1.275,34,34,42,79.0,100.0,No,No,80665,102287,4.6,0.0,4.6,15.063,0.046,16270,8935,35.5,40.0,43.1,38,38,38,38,38,40,38,38,40,83.0,0.662,12.211,12.280,12.196,12.175,12.192,0,0,19.174,6.430,14.083,0.270,7.257,6.538,6.023,14.083,6.033,0.935,2.650,310.000,350.000,855.0,101.2,765.0,180.1,825.0,720.0,628.4,73.6,609.1,0.0,1.0,0.0,0.0,7.2,0.0,0.0,0.0,0.0,0.0,0,0,Yes,No,No,No,No,Yes,No,6.5,10.3,2,0,0,0,0,0,0,0,0,55,0,0,0,0,0,0,0,0,0,0,0,0,0,0,0,0,0,0,0,0,7599,593,423,33,5.0,3.8,51.8,1.9,1.9,1.9,1.9,3.8,52.6,1.9,1.9,1.9,1.9,262.30,513.57,19.29,17.07,516.57,516.57,0.86,261.46,262.30,0.00,149.92,310,16,1.5,11.4,0,0,0.0,0.0,0,
25.8.2026,15:46:55.719,6385,12868,33.1,6039,10270,37.0,0.0,2944,1,1.165,1.175,1.163,1.163,1.163,1.163,1.163,3816.7,4525.0,3675.0,3675.0,3675.0,3675.0,3675.0,100.0,326.1,58.2,18.8,78.5,41.2,2966.6,78.1,5.4,3.5,420.9,189.2,30.0,23.3,326.1,7.2,0.9,0.4,2.5,0.2,65.6,1.8,0.0,0.1,9.4,4.4,0.6,0.5,65.6,7.2,8.7,1.0,0.5,2.0,1.1,80.1,2.1,0.1,0.1,11.2,5.1,0.7,0.6,8.7,38.2,45.2,36.8,36.8,36.8,36.8,36.8,0.0,14.5,1.5,2.9,67.3,0.2,13.6,1.3,23.5,9.4,23.7,30.0,2.6,65.8,9.7,62.0,89.1,73.4,2.7,97.2,20.6,89.0,1600.0,16.00,16,18,18,36,74,560,1,48.8,42.4,35.5,32.7,32.1,30.4,41.6,29.7,33.0,29.7,31.6,31.6,31.5,25.1,1.156,0.994,1.163,10.048,5.256,10.052,10.052,31.890,1.077,0.188,0.365,4.431,0.068,1.220,0.187,11.522,5.224,16.746,31.861,1600.0,1600.0,4334.9,4334.9,4650.0,41.9,16.8,11.2,44.6,177.2,No,No,No,0.355,0.235,0.9,49.0,35.0,35.0,32.5,32.5,32.0,35.0,12.192,5.010,1.004,1.348,1.022,0.894,0.886,1.562,3.352,1.836,1297,721,547,546,1.056,1.268,34,34,42,79.0,100.0,No,No,80665,102287,6.4,0.0,6.4,22.401,0.143,16313,8935,35.4,40.0,43.0,38,40,38,40,38,38,38,38,38,83.0,0.662,12.208,12.279,12.193,12.171,12.188,0,0,18.939,6.569,14.230,0.282,7.316,6.609,6.204,14.230,6.216,0.951,3.079,310.000,350.000,855.0,101.2,765.0,175.2,825.0,720.0,855.3,101.0,825.2,0.0,5.0,0.0,0.0,7.2,0.0,0.0,0.0,0.0,0.0,0,0,Yes,No,No,No,No,Yes,No,6.6,8.1,2,0,0,0,0,0,0,0,0,55,0,0,0,0,0,0,0,0,0,0,0,0,0,0,0,0,0,0,0,0,7599,593,423,33,5.0,3.6,61.2,1.9,1.9,1.9,1.9,3.6,60.0,1.9,1.9,1.9,1.9,279.81,532.61,16.33,16.31,533.27,533.27,0.86,278.97,279.81,0.00,106.56,310,16,0.9,4.6,0,0,0.0,0.0,0,
25.8.2026,15:46:57.709,6422,12832,33.3,6090,10219,37.3,0.0,2944,1,1.181,1.181,1.181,1.181,1.181,1.181,1.181,3770.8,3620.0,3620.0,3620.0,3620.0,4525.0,3620.0,100.0,273.0,84.1,34.7,118.0,68.0,1398.2,183.6,5.0,18.4,1099.8,198.5,38.5,29.7,273.0,5.9,0.6,0.6,2.5,2.3,30.8,3.9,0.7,0.0,24.3,3.5,1.5,0.0,30.8,5.9,7.1,0.7,0.9,3.0,1.7,37.4,4.8,0.1,0.5,29.3,5.2,0.9,0.8,7.1,37.7,36.2,36.2,36.2,36.2,45.2,36.2,14.7,12.0,1.5,4.5,35.1,0.6,28.6,1.7,28.9,9.6,49.7,35.8,3.6,54.2,20.8,59.1,88.9,45.8,29.1,95.9,17.2,77.6,1600.0,16.00,16,18,18,36,74,560,1,46.5,36.2,40.5,31.6,30.7,30.6,34.9,29.6,33.9,29.7,31.0,31.0,30.8,26.1,1.175,0.994,1.188,8.627,5.034,8.617,8.617,29.185,0.986,0.189,0.744,2.376,0.083,2.227,0.297,9.801,5.007,14.808,29.248,1600.0,1600.0,3804.2,3804.2,4650.0,38.5,14.4,9.6,38.1,164.7,No,No,No,0.508,0.267,0.7,46.0,35.0,35.0,32.5,32.5,32.0,35.0,12.192,5.000,1.004,1.348,1.160,0.894,0.886,1.562,3.352,1.836,1305,723,548,545,1.056,1.279,34,34,45,79.0,100.0,No,No,80665,102287,3.9,0.0,3.9,11.756,0.136,16335,8936,35.4,40.0,43.0,39,40,38,40,40,38,38,38,40,83.0,0.662,12.209,12.279,12.194,12.172,12.190,0,0,19.099,6.575,14.091,0.282,7.268,6.524,6.448,14.091,6.452,0.947,3.071,310.000,350.000,855.0,101.2,765.0,169.2,825.0,720.0,662.5,73.9,611.4,0.0,1.0,0.0,0.0,7.2,0.0,0.0,0.0,0.0,0.0,0,0,Yes,No,No,No,No,Yes,No,7.1,8.4,2,0,0,0,0,0,0,0,0,55,0,0,0,0,0,0,0,0,0,0,0,0,0,0,0,0,0,0,0,0,7599,593,423,33,5.0,3.2,45.6,1.9,1.9,1.9,1.9,3.2,45.1,1.9,1.9,1.9,1.9,316.40,532.74,21.94,16.99,533.25,533.25,0.93,315.50,316.40,0.00,137.58,310,16,1.1,0.1,0,0,0.0,0.0,0,
25.8.2026,15:46:59.715,7593,11660,39.4,6317,9992,38.7,0.0,2944,1,1.166,1.181,1.163,1.163,1.163,1.163,1.163,3770.8,3620.0,3620.0,3620.0,3620.0,4525.0,3620.0,100.0,523.7,141.4,51.6,153.6,235.0,1420.1,206.1,498.2,29.1,3338.1,81.1,74.0,55.5,523.7,12.0,2.6,1.5,3.0,5.5,31.6,4.8,11.2,5.9,74.0,2.0,1.1,1.4,74.0,12.0,13.8,2.5,1.2,3.9,6.1,38.2,5.4,13.3,0.6,90.1,2.0,1.8,1.3,13.8,37.7,36.2,36.2,36.2,36.2,45.2,36.2,0.0,22.9,3.6,8.8,35.6,11.4,75.5,2.7,32.3,24.9,32.9,63.4,21.4,24.5,26.8,44.8,71.5,58.4,0.9,67.2,0.0,70.4,1600.0,16.00,16,18,18,36,74,560,1,46.0,43.5,42.2,33.8,31.9,31.3,36.3,31.2,41.3,30.6,31.9,31.9,30.2,26.2,1.188,0.994,1.194,12.051,5.789,12.053,15.296,35.919,1.514,0.527,0.831,2.463,0.765,3.997,0.499,14.176,5.753,19.929,35.954,1600.0,1600.0,4522.8,4522.8,4650.0,47.3,20.1,17.0,45.8,155.3,No,No,No,0.820,1.172,1.4,46.0,35.0,35.0,32.5,32.5,32.0,35.0,12.120,4.980,1.004,1.348,1.164,0.892,0.884,1.556,3.332,1.836,1220,725,547,557,1.056,1.253,34,34,42,79.0,100.0,No,No,80665,102287,1.6,0.0,1.6,7.384,0.234,16349,8936,44.0,46.0,54.0,46,46,46,46,46,46,46,46,46,83.0,0.825,12.123,12.225,12.107,12.090,12.068,0,0,165.124,61.018,129.967,15.490,61.322,53.124,35.830,129.967,35.851,17.997,69.612,310.000,350.000,855.0,1156.5,1305.0,855.0,1410.0,1245.0,855.0,1155.7,1410.1,100.0,7.0,0.0,0.0,18.7,0.0,0.0,0.0,0.0,0.0,0,0,Yes,No,No,No,No,Yes,No,53.5,53.8,2,0,0,0,0,0,0,0,0,56,0,0,0,0,0,0,0,0,0,0,0,0,0,0,0,0,0,0,0,0,6658,1534,1364,107,16.0,4.4,60.9,1.9,1.9,1.9,1.9,4.3,60.0,1.9,1.9,1.9,1.9,229.77,532.50,16.41,16.40,533.17,533.17,0.60,229.14,229.77,0.00,113.30,310,16,0.4,0.0,0,0,0.0,0.0,0,
25.8.2026,15:47:1.717,7595,11658,39.4,6321,9989,38.7,0.0,2944,1,1.166,1.181,1.163,1.163,1.163,1.163,1.163,3770.8,3620.0,3620.0,3620.0,3620.0,4525.0,3620.0,100.0,446.9,56.7,27.2,94.8,69.9,2377.3,1001.5,13.0,5.0,173.2,1451.9,63.6,28.2,446.9,10.0,0.6,1.3,2.8,1.5,52.5,22.1,0.0,0.7,3.7,32.6,2.1,0.5,52.5,10.0,12.0,0.8,0.7,2.5,1.8,64.2,27.0,0.3,0.1,4.6,39.2,1.6,0.7,12.0,37.7,36.2,36.2,36.2,36.2,45.2,36.2,0.0,19.7,1.5,3.9,74.0,0.4,35.9,2.2,21.5,11.6,22.9,25.7,6.1,38.4,24.4,58.8,86.9,73.2,0.3,93.5,25.7,73.4,1600.0,16.00,16,18,18,36,74,560,1,45.4,42.9,41.2,33.0,31.8,30.5,40.0,29.8,35.6,30.1,31.6,31.6,30.5,26.0,1.188,0.994,1.194,9.821,5.854,9.820,12.185,33.554,1.104,0.235,0.439,3.505,0.117,1.951,0.378,11.480,5.818,17.297,33.537,1600.0,1600.0,4518.6,4518.6,4650.0,44.1,16.4,13.5,45.2,172.2,No,No,No,0.158,0.170,1.2,45.0,35.0,35.0,32.5,32.5,32.0,35.0,12.144,4.970,1.004,1.348,1.168,0.894,0.884,1.556,3.328,1.836,1194,712,545,556,1.056,1.266,34,34,42,79.0,100.0,No,No,80665,102287,0.0,0.0,0.0,0.000,0.063,16349,8936,44.9,48.0,55.0,47,48,46,48,48,46,48,46,48,83.0,0.825,12.124,12.227,12.109,12.092,12.069,0,0,164.058,61.087,130.087,15.418,61.431,53.217,35.798,130.087,35.814,18.563,69.369,310.000,350.000,855.0,1156.5,1305.0,855.0,1410.0,1245.0,855.2,1155.2,1409.9,100.0,7.0,0.0,0.0,18.7,25.0,100.0,0.0,0.0,0.0,0,0,Yes,No,No,No,No,Yes,No,53.4,53.6,2,0,0,0,0,0,0,0,0,56,0,0,0,0,0,0,0,0,0,0,0,0,0,0,0,0,0,0,0,0,6658,1534,1364,107,16.0,4.8,61.1,1.9,1.9,1.9,1.9,4.8,60.0,1.9,1.9,1.9,1.9,209.84,515.18,16.36,16.35,516.54,516.54,0.74,209.12,209.84,0.00,103.32,310,16,6.5,11.1,0,0,0.0,0.0,0,
25.8.2026,15:47:3.743,7599,11654,39.4,6323,9986,38.7,0.0,2944,1,1.173,1.169,1.163,1.163,1.181,1.181,1.181,3770.8,3620.0,3620.0,4525.0,3620.0,3620.0,3620.0,100.0,472.4,73.9,24.7,115.7,60.2,80.0,3508.4,87.0,100.4,310.2,1196.6,84.3,27.4,472.4,9.9,1.1,0.0,1.0,1.3,1.0,77.5,1.1,0.6,6.8,26.5,1.8,0.6,77.5,9.9,12.6,1.3,0.6,3.0,1.5,2.1,94.8,2.3,2.7,8.3,32.3,2.1,0.7,12.6,37.7,36.2,36.2,45.2,36.2,36.2,36.2,0.0,20.8,1.8,3.8,79.0,4.1,33.2,2.7,26.0,8.8,23.0,21.0,12.4,58.4,32.4,53.2,89.4,73.1,0.0,83.4,8.4,64.9,1600.0,16.00,16,18,18,36,74,560,1,45.0,43.1,43.5,33.3,31.9,30.6,40.8,30.6,35.6,30.4,31.7,31.7,31.2,26.2,1.169,0.994,1.175,10.579,5.880,10.579,13.145,34.487,1.221,0.227,0.472,3.658,0.407,2.081,0.479,12.394,5.843,18.237,34.484,1600.0,1600.0,4520.7,4520.7,4650.0,45.4,17.6,14.6,45.4,168.4,No,No,No,0.204,0.205,1.2,45.0,35.0,35.0,32.5,32.5,32.0,35.0,12.120,4.980,1.004,1.348,1.164,0.894,0.884,1.556,3.328,1.836,1188,719,546,543,1.056,1.273,34,34,42,79.0,100.0,No,No,80665,102287,0.2,0.1,0.3,0.466,0.238,16350,8937,45.6,48.0,56.2,48,48,48,48,48,48,48,46,50,83.0,0.825,12.125,12.230,12.109,12.092,12.069,0,0,164.898,61.660,131.709,15.752,62.117,53.809,35.868,131.709,35.890,19.002,69.084,310.000,350.000,855.0,1156.5,1305.0,855.0,1410.0,1245.0,855.0,1155.3,1410.1,100.0,7.0,0.0,0.0,18.7,24.9,99.6,0.0,0.0,0.0,0,0,Yes,No,No,No,No,Yes,No,54.1,53.5,2,0,0,0,0,0,0,0,0,56,0,0,0,0,0,0,0,0,0,0,0,0,0,0,0,0,0,0,0,0,6658,1534,1364,107,16.0,3.3,43.0,1.9,1.9,1.9,1.9,3.3,42.9,1.9,1.9,1.9,1.9,299.94,529.79,23.26,17.27,533.46,533.46,0.49,299.48,299.94,0.00,183.03,311,16,1.5,0.0,0,0,0.0,0.0,0,
25.8.2026,15:47:5.736,7598,11655,39.4,6324,9986,38.7,0.0,2944,1,1.236,1.231,1.238,1.238,1.238,1.238,1.238,3875.0,3720.0,3720.0,4650.0,3720.0,3720.0,3720.0,100.0,444.1,44.8,15.4,79.8,41.6,10.1,4530.4,6.3,10.3,299.1,204.2,57.7,28.9,444.1,9.9,1.2,1.6,3.2,0.7,0.0,98.4,0.0,0.0,7.9,5.0,0.3,0.4,98.4,9.9,11.9,0.7,0.4,2.1,1.0,0.3,122.4,0.2,0.3,7.9,5.4,1.4,0.7,11.9,38.8,37.2,37.2,46.5,37.2,37.2,37.2,0.0,19.6,1.2,3.1,98.4,0.4,12.3,2.2,18.6,8.0,18.3,1.6,3.9,57.7,22.2,61.8,90.9,78.6,0.0,95.7,30.0,75.6,1600.0,16.00,16,18,18,36,74,560,1,45.6,44.8,46.5,33.4,32.5,30.5,44.7,29.9,32.9,30.1,31.9,31.9,31.2,26.2,1.256,0.994,1.262,11.243,5.861,11.242,12.737,35.733,1.203,0.204,0.401,4.872,0.111,1.239,0.390,13.682,5.824,19.507,35.745,1600.0,1600.0,4602.0,4602.0,4650.0,47.0,18.7,14.2,47.1,188.8,No,No,No,0.148,0.191,1.2,45.0,35.0,35.0,32.5,32.5,32.0,35.0,12.120,4.980,1.004,1.348,1.230,0.892,0.884,1.554,3.328,1.836,1182,722,547,543,1.056,1.252,34,34,42,79.0,100.0,No,No,80665,102287,0.0,0.0,0.1,0.085,0.159,16351,8937,46.4,50.0,56.6,48,48,48,48,48,48,50,48,48,83.0,0.825,12.123,12.227,12.108,12.090,12.069,0,0,165.042,60.861,129.834,15.357,61.328,53.123,35.833,129.834,35.860,16.976,69.609,310.000,350.000,855.0,1156.5,1305.0,855.0,1410.0,1245.0,855.4,1155.2,1409.7,100.0,7.0,0.0,0.0,18.7,25.0,99.8,0.0,0.0,0.0,0,0,Yes,No,No,No,No,Yes,No,53.5,54.2,2,0,0,0,0,0,0,0,0,56,0,0,0,0,0,0,0,0,0,0,0,0,0,0,0,0,0,0,0,0,6658,1534,1364,107,16.0,3.0,40.1,1.9,1.9,1.9,1.9,3.0,40.5,1.9,1.9,1.9,1.9,337.42,532.58,24.94,17.76,533.07,533.07,0.58,336.90,337.42,0.00,129.16,311,16,0.5,0.0,0,0,0.0,0.0,0,
25.8.2026,15:47:7.733,7597,11656,39.4,6334,9976,38.8,0.0,2944,1,1.161,1.156,1.163,1.163,1.163,1.163,1.163,3770.8,3620.0,3620.0,4525.0,3620.0,3620.0,3620.0,100.0,437.4,55.7,22.8,77.0,40.9,3421.7,23.3,14.2,6.4,1373.2,155.8,34.7,22.7,437.4,9.5,0.3,0.0,1.3,1.1,74.5,0.0,0.0,0.0,30.6,3.8,1.0,1.5,74.5,9.5,11.7,0.9,0.6,2.0,1.0,92.4,0.6,0.4,0.2,37.0,4.1,0.9,0.6,11.7,37.7,36.2,36.2,45.2,36.2,36.2,36.2,0.0,19.2,1.4,2.7,74.7,0.5,34.5,1.4,18.9,5.4,16.1,16.0,3.2,65.0,8.0,61.9,93.2,81.2,9.3,96.3,0.5,90.6,1600.0,16.00,16,18,18,36,74,560,1,45.6,44.6,43.0,33.4,32.1,30.4,41.6,29.9,36.2,29.9,31.9,31.9,31.8,26.2,1.169,0.994,1.175,10.609,5.860,10.610,12.125,34.853,1.154,0.176,0.347,3.854,0.097,2.246,0.203,12.793,5.824,18.617,34.858,1600.0,1600.0,4582.1,4582.1,4650.0,45.9,17.7,13.5,46.9,183.9,No,No,No,0.134,0.167,1.2,45.0,35.0,35.0,32.5,32.5,32.0,35.0,12.120,4.980,1.004,1.348,1.160,0.892,0.884,1.556,3.332,1.836,1188,736,545,543,1.056,1.265,34,34,41,79.0,100.0,No,No,80665,102287,0.0,0.0,0.0,0.008,0.138,16351,8937,46.8,50.0,56.9,49,50,50,50,50,48,48,48,50,83.0,0.825,12.127,12.232,12.111,12.094,12.071,0,0,164.685,61.516,130.689,15.510,61.660,53.492,35.838,130.689,35.863,18.094,71.807,310.000,350.000,855.0,1156.5,1305.0,855.0,1410.0,1245.0,855.4,1154.9,1410.0,100.0,7.0,0.0,0.0,18.7,24.9,99.7,0.0,0.0,0.0,0,0,Yes,No,No,No,No,Yes,No,53.7,54.0,2,0,0,0,0,0,0,0,0,56,0,0,0,0,0,0,0,0,0,0,0,0,0,0,0,0,0,0,0,0,6658,1534,1364,107,16.0,3.3,50.2,1.9,1.9,1.9,1.9,3.3,49.6,1.9,1.9,1.9,1.9,304.06,533.48,19.91,16.76,533.48,533.48,0.45,303.62,304.06,0.00,133.25,311,16,0.4,0.1,0,0,0.0,0.0,0,
25.8.2026,15:47:9.739,7595,11658,39.4,6324,9986,38.7,0.0,2944,1,1.238,1.238,1.238,1.238,1.238,1.238,1.238,3875.0,3720.0,3720.0,4650.0,3720.0,3720.0,3720.0,100.0,445.1,64.8,19.9,106.4,48.1,4541.4,5.1,6.4,2.3,343.7,126.9,54.7,21.7,445.1,10.4,1.5,0.0,2.3,1.6,98.6,0.0,5.0,3.5,8.9,3.6,0.2,0.0,98.6,10.4,11.9,1.1,0.5,2.8,1.2,122.7,0.1,0.2,0.1,9.1,3.4,1.4,0.6,11.9,38.8,37.2,37.2,46.5,37.2,37.2,37.2,0.0,19.7,1.7,3.8,98.7,0.2,11.6,1.9,21.8,8.9,18.3,1.3,4.5,87.0,10.8,58.5,89.4,77.9,0.0,95.2,1.4,87.2,1600.0,16.00,16,18,18,36,74,560,1,45.9,44.9,46.0,33.6,32.6,30.6,44.9,29.9,33.4,29.9,31.9,31.9,31.0,26.1,1.237,0.994,1.244,11.132,5.863,11.134,12.788,35.593,1.234,0.238,0.432,4.887,0.104,1.478,0.265,13.533,5.827,19.360,35.602,1600.0,1600.0,4601.5,4601.5,4650.0,46.8,18.6,14.2,47.3,182.0,No,No,No,0.157,0.187,1.2,45.0,35.0,35.0,32.5,32.5,32.0,35.0,12.120,4.980,1.004,1.348,1.224,0.892,0.884,1.556,3.332,1.836,1221,734,546,556,1.056,1.249,34,34,41,79.0,100.0,No,No,80665,102287,0.0,0.0,0.0,0.000,0.099,16351,8938,47.3,50.0,57.8,50,50,50,50,50,50,50,48,50,83.0,0.825,12.128,12.233,12.112,12.096,12.072,0,0,165.414,61.659,131.463,15.683,61.928,53.828,36.035,131.463,36.056,17.087,71.388,310.000,350.000,855.0,1156.5,1305.0,855.0,1410.0,1245.0,854.9,1155.0,1410.4,100.0,7.0,0.0,0.0,18.7,25.0,99.9,0.0,0.0,0.0,0,0,Yes,No,No,No,No,Yes,No,54.0,54.3,2,0,0,0,0,0,0,0,0,56,0,0,0,0,0,0,0,0,0,0,0,0,0,0,0,0,0,0,0,0,6658,1534,1364,107,16.0,4.5,62.6,1.9,1.9,1.9,1.9,4.5,60.6,1.9,1.9,1.9,1.9,223.15,533.58,15.98,15.98,533.60,533.60,0.80,222.35,223.15,0.00,107.05,311,16,27.6,3.8,0,0,0.0,0.0,0,
25.8.2026,15:47:11.733,7599,11654,39.4,6325,9984,38.7,0.0,2944,1,1.241,1.256,1.238,1.238,1.238,1.238,1.238,3875.0,3720.0,3720.0,4650.0,3720.0,3720.0,3720.0,100.0,447.8,69.5,16.5,95.2,52.4,2312.7,2299.9,8.2,4.8,326.6,119.6,42.7,26.2,447.8,10.0,1.0,0.8,3.6,0.9,49.2,50.0,0.0,0.0,8.2,2.6,2.2,1.0,50.0,10.0,12.0,1.4,0.4,2.5,1.3,62.5,62.1,0.2,0.1,8.6,3.0,1.1,0.7,12.0,38.8,37.2,37.2,46.5,37.2,37.2,37.2,0.0,19.6,1.8,3.7,99.1,0.3,11.1,1.8,21.6,7.9,18.7,0.9,4.6,85.4,12.1,58.7,90.2,77.6,0.0,95.0,3.5,86.0,1600.0,16.00,16,18,18,36,74,560,1,46.2,46.1,47.2,33.9,33.0,30.7,46.1,30.0,33.6,30.1,32.2,32.2,30.8,26.2,1.237,0.994,1.244,11.659,5.845,11.655,13.175,36.467,1.320,0.252,0.468,5.248,0.122,1.538,0.289,14.444,5.809,20.252,36.489,1600.0,1600.0,4647.5,4647.5,4650.0,48.0,19.4,14.6,48.5,181.9,No,No,No,0.144,0.189,1.2,46.0,34.5,35.0,32.5,32.5,32.0,35.0,12.120,4.970,1.004,1.348,1.226,0.892,0.884,1.556,3.332,1.836,1196,730,546,556,1.056,1.249,34,34,41,79.0,100.0,No,No,80665,102287,0.0,0.0,0.1,0.008,0.097,16351,8938,48.0,52.0,58.2,50,50,50,50,50,50,52,48,50,83.0,0.825,12.126,12.230,12.110,12.092,12.070,0,0,165.713,61.720,131.079,15.618,61.821,53.617,36.041,131.079,36.065,17.608,72.548,310.000,350.000,855.0,1156.5,1305.0,855.0,1410.0,1245.0,855.3,1155.3,1409.9,100.0,7.0,0.0,0.0,18.7,24.8,99.3,0.0,0.0,0.0,0,0,Yes,No,No,No,No,Yes,No,53.9,53.8,2,0,0,0,0,0,0,0,0,56,0,0,0,0,0,0,0,0,0,0,0,0,0,0,0,0,0,0,0,0,6658,1534,1364,107,16.0,3.8,54.5,1.9,1.9,1.9,1.9,3.8,53.6,1.9,1.9,1.9,1.9,266.60,514.72,18.36,16.55,516.73,516.73,0.61,266.04,266.60,0.00,145.93,311,16,0.1,0.0,0,0,0.0,0.0,0,
25.8.2026,15:47:13.739,7596,11657,39.4,6325,9984,38.7,0.0,2944,1,1.181,1.163,1.188,1.188,1.188,1.181,1.181,4374.2,3620.0,4525.0,4525.0,4525.0,4525.0,4525.0,100.0,438.7,49.2,16.1,81.8,41.6,57.6,3148.6,5.5,3.6,326.2,1449.4,58.8,25.7,438.7,10.6,1.0,2.1,2.2,1.2,2.3,68.3,1.1,4.0,7.5,32.4,2.4,3.1,68.3,10.6,11.7,0.8,0.4,2.1,1.0,1.5,85.1,0.1,0.1,8.3,39.1,1.5,0.6,11.7,43.7,36.2,45.2,45.2,45.2,45.2,45.2,0.0,19.2,1.3,3.0,69.5,0.2,39.0,2.1,19.2,6.3,16.7,20.5,3.7,58.9,9.5,61.6,92.4,80.3,10.0,96.1,2.2,88.4,1600.0,16.00,16,18,18,36,74,560,1,46.0,44.7,44.2,33.4,32.0,30.5,41.1,29.9,36.7,30.0,31.9,31.9,30.5,26.1,1.194,0.994,1.206,10.358,5.883,10.349,12.149,34.543,1.165,0.188,0.372,3.679,0.094,2.403,0.255,12.482,5.846,18.328,34.555,1600.0,1600.0,4581.6,4581.6,4650.0,45.5,17.2,13.5,47.1,178.1,No,No,No,0.128,0.155,1.1,46.0,35.0,35.0,32.5,32.5,32.0,35.0,12.120,4.980,1.004,1.348,1.148,0.892,0.884,1.556,3.328,1.836,1237,729,546,556,1.056,1.262,34,34,41,79.0,100.0,No,No,80665,102287,0.0,0.0,0.0,0.000,0.103,16351,8938,48.2,52.0,58.3,50,50,50,50,52,50,52,48,50,83.0,0.825,12.125,12.230,12.109,12.090,12.069,0,0,165.775,61.697,130.850,15.568,61.853,53.404,35.797,130.850,35.826,18.584,72.545,310.000,350.000,855.0,1156.5,1305.0,855.0,1410.0,1245.0,854.8,1155.4,1409.8,100.0,7.0,0.0,0.0,18.7,24.6,98.2,0.0,0.0,0.0,0,0,Yes,No,No,No,No,Yes,No,53.8,54.4,2,0,0,0,0,0,0,0,0,56,0,0,0,0,0,0,0,0,0,0,0,0,0,0,0,0,0,0,0,0,6658,1534,1364,107,16.0,4.6,61.0,1.9,1.9,1.9,1.9,4.6,60.0,1.9,1.9,1.9,1.9,216.44,526.09,16.40,16.38,533.10,533.10,0.86,215.58,216.44,0.00,129.07,311,16,0.1,0.0,0,0,0.0,0.0,0,
25.8.2026,15:47:15.724,5234,14019,27.1,5602,10707,34.3,0.0,2944,1,0.998,1.206,0.956,0.956,0.956,0.956,0.956,3816.7,4525.0,3675.0,3675.0,3675.0,3675.0,3675.0,100.0,452.6,247.4,83.1,124.6,57.2,765.2,2216.6,9.1,16.3,256.4,1583.1,35.1,37.6,452.6,9.7,5.1,1.4,3.2,0.1,15.9,48.7,0.0,0.0,6.2,35.2,0.0,0.0,48.7,9.7,12.1,5.7,2.2,3.3,1.5,20.6,59.9,0.2,0.4,7.0,42.6,0.9,1.0,12.1,38.2,45.2,36.8,36.8,36.8,36.8,36.8,0.0,19.8,5.7,4.3,65.8,0.6,40.6,1.8,21.3,9.4,22.4,19.2,6.3,57.0,13.2,59.0,85.0,73.3,15.0,93.0,2.5,85.0,1600.0,16.00,16,18,18,36,74,560,1,45.5,43.0,38.0,33.0,32.2,30.6,39.1,29.9,36.6,29.9,31.7,31.7,30.5,25.9,1.156,0.994,1.163,10.082,5.905,10.096,12.251,33.982,1.121,0.402,0.449,3.157,0.126,2.342,0.252,11.812,5.868,17.680,33.982,1600.0,1600.0,4521.5,4521.5,4650.0,44.7,16.8,13.6,45.2,174.1,No,No,No,0.384,0.617,1.2,45.0,35.0,35.0,32.5,32.5,32.0,35.0,12.168,4.990,1.004,1.348,1.138,0.890,0.884,1.560,3.344,1.836,1202,715,546,543,1.056,1.266,34,34,42,79.0,100.0,No,No,80665,102287,0.0,0.0,0.1,0.064,0.133,16351,8938,43.7,50.0,53.5,49,50,50,50,48,48,50,48,50,83.0,0.681,12.187,12.277,12.166,12.149,12.155,0,0,160.479,20.760,42.950,0.835,23.323,18.770,25.586,42.950,25.603,1.249,5.573,310.000,350.000,855.0,625.2,975.0,855.0,1050.0,930.0,855.0,624.8,1049.6,1.0,0.0,0.0,0.0,7.2,0.0,0.0,0.0,0.0,0.0,0,0,Yes,No,No,No,No,Yes,No,22.1,33.8,2,0,0,0,0,0,0,0,0,56,0,0,0,0,0,0,0,0,0,0,0,0,0,0,0,0,0,0,0,0,7599,593,423,33,16.0,3.9,62.2,1.9,1.9,1.9,1.9,3.9,60.1,1.9,1.9,1.9,1.9,256.49,532.44,16.08,16.06,533.10,533.10,0.49,255.99,256.49,0.00,113.43,311,16,0.8,0.0,0,0,0.0,0.0,0,
25.8.2026,15:47:17.741,5230,14023,27.1,5597,10713,34.3,0.0,2944,1,1.156,1.156,1.156,1.156,1.156,1.156,1.156,3770.8,3620.0,3620.0,4525.0,3620.0,3620.0,3620.0,100.0,86.7,234.0,8.1,29.6,32.6,81.5,160.0,0.8,1.4,339.9,133.1,12.1,6.9,86.7,1.4,0.4,0.5,0.0,0.0,2.9,3.9,0.0,0.4,6.4,1.8,0.0,0.0,6.4,1.4,1.8,0.9,0.2,0.8,0.9,2.1,4.2,0.0,0.0,9.0,3.4,0.3,0.1,1.8,37.7,36.2,36.2,45.2,36.2,36.2,36.2,40.8,3.1,1.0,1.4,5.1,0.1,10.5,0.4,15.5,15.1,5.0,26.8,0.7,41.7,3.8,81.5,84.1,93.7,68.3,99.2,47.9,96.0,1600.0,16.00,16,18,18,36,74,560,1,43.0,31.9,35.5,29.8,29.7,29.5,30.2,29.2,31.0,29.2,30.2,30.2,30.8,26.1,1.156,0.994,1.163,3.770,5.075,3.774,3.774,23.164,0.331,0.250,0.152,0.498,0.023,0.994,0.071,3.972,5.053,9.025,23.099,1600.0,1600.0,2844.9,2844.9,4650.0,30.4,6.3,4.2,33.6,196.6,No,No,No,0.218,0.119,0.2,43.0,35.0,34.5,32.5,32.5,32.0,34.5,12.192,5.020,1.002,1.352,0.548,0.890,0.884,1.564,3.356,1.836,1217,1435,547,544,1.056,1.249,34,34,41,79.0,100.0,No,No,80665,102287,1.0,0.0,1.0,2.055,0.022,16355,8938,40.5,46.0,48.1,45,46,44,44,46,44,46,44,46,83.0,0.662,12.211,12.280,12.196,12.174,12.192,0,0,59.360,6.105,13.121,0.233,6.732,6.136,5.767,13.121,5.770,1.078,2.987,310.000,350.000,960.0,101.2,855.0,859.5,930.0,825.0,699.1,73.7,686.1,1.0,1.0,0.0,0.0,7.2,0.0,0.0,0.0,0.0,0.0,0,0,Yes,No,No,No,No,Yes,No,6.1,8.0,2,0,0,0,0,0,0,0,0,57,0,0,0,0,0,0,0,0,0,0,0,0,0,0,0,0,0,0,0,0,7599,593,423,33,5.0,3.5,54.4,1.8,1.8,1.8,1.8,3.5,55.0,1.8,1.8,1.8,1.8,287.41,549.23,18.40,17.08,550.23,550.23,0.70,286.79,287.41,0.00,183.28,311,16,0.2,0.1,0,0,0.0,0.0,0,
25.8.2026,15:47:19.754,5225,14028,27.1,5591,10719,34.2,0.0,2944,1,1.122,0.950,1.156,1.156,1.156,1.156,1.156,3930.8,3675.0,4525.0,4525.0,3620.0,3620.0,3620.0,100.0,44.3,88.1,5.5,6.0,14.9,54.0,116.4,0.3,0.3,124.1,106.8,6.5,9.3,44.3,1.9,0.6,0.0,0.9,3.4,1.3,2.0,1.6,0.0,3.5,3.2,0.2,6.1,6.1,1.9,0.9,0.6,0.1,0.1,0.4,1.4,2.3,0.0,0.0,3.2,2.7,0.2,0.2,0.9,39.3,36.8,45.2,45.2,36.2,36.2,36.2,49.4,1.6,0.7,0.5,3.2,0.0,5.0,0.3,10.7,3.2,2.5,17.5,0.1,38.2,2.7,87.8,96.2,97.1,79.4,99.9,56.8,97.1,1600.0,16.00,16,18,18,36,74,560,1,40.8,30.5,36.0,29.2,29.1,29.1,29.3,28.9,29.7,28.9,29.7,29.7,30.0,24.9,1.156,0.994,1.163,2.488,4.407,2.486,2.486,19.730,0.187,0.091,0.052,0.273,0.011,0.633,0.060,2.540,4.391,6.932,19.735,1600.0,1600.0,2375.1,2375.1,4650.0,26.0,4.1,2.8,32.1,221.5,No,No,No,0.159,0.041,0.1,40.0,35.0,34.5,32.5,32.0,32.5,34.5,12.168,5.010,1.002,1.352,0.580,0.890,0.884,1.564,3.360,1.836,1140,741,548,559,1.056,1.269,34,34,41,79.0,100.0,No,No,80665,102287,0.1,0.0,0.1,0.105,0.268,16355,8939,39.7,44.0,47.2,44,44,44,44,44,44,44,42,44,83.0,0.662,12.210,12.280,12.194,12.174,12.191,0,0,18.846,6.672,14.508,0.270,7.414,6.805,6.303,14.508,6.305,1.062,2.873,310.000,350.000,960.0,101.2,855.0,187.8,930.0,825.0,691.4,72.5,676.5,1.0,1.0,0.0,0.0,7.2,0.0,0.0,0.0,0.0,0.0,0,0,Yes,No,No,No,No,Yes,No,6.7,9.4,2,0,0,0,0,0,0,0,0,57,0,0,0,0,0,0,0,0,0,0,0,0,0,0,0,0,0,0,0,0,7599,593,423,33,5.0,3.8,58.8,1.9,1.9,1.9,1.9,3.7,58.3,1.9,1.9,1.9,1.9,266.52,532.27,17.01,16.56,533.80,533.80,0.77,265.75,266.52,0.00,133.32,311,16,0.1,0.0,0,0,0.0,0.0,0,
25.8.2026,15:47:21.771,5227,14026,27.1,5592,10717,34.2,0.0,2944,1,1.166,1.156,1.156,1.156,1.175,1.175,1.175,3770.8,3620.0,3620.0,4525.0,3620.0,3620.0,3620.0,100.0,41.1,91.8,2.2,6.9,3.1,42.4,145.7,0.2,0.2,98.0,93.8,4.4,4.5,41.1,1.1,0.5,0.0,0.0,0.0,1.1,3.9,0.1,0.1,1.5,2.2,3.9,0.0,3.9,1.1,0.9,0.5,0.1,0.2,0.1,1.1,4.5,0.0,0.0,2.4,2.3,0.1,0.1,0.9,37.7,36.2,36.2,45.2,36.2,36.2,36.2,61.8,1.6,0.4,0.2,4.4,0.0,4.0,0.2,7.1,1.7,1.6,11.7,0.1,26.6,1.2,91.4,98.0,98.3,84.1,99.9,69.4,98.7,1600.0,16.00,16,18,18,36,74,560,1,38.9,30.1,35.8,28.9,28.8,28.9,29.2,28.7,29.2,28.7,29.4,29.4,30.5,25.1,1.156,0.994,1.163,2.110,4.199,2.113,2.113,18.622,0.198,0.096,0.058,0.363,0.009,0.620,0.044,2.173,4.187,6.360,18.641,1600.0,1600.0,2025.1,2025.1,4650.0,24.5,3.5,2.3,31.7,178.1,No,No,No,0.171,0.039,0.1,38.0,35.0,34.5,32.5,32.0,32.5,34.5,12.192,5.000,1.002,1.352,0.550,0.888,0.882,1.564,3.360,1.836,1116,735,549,546,1.056,1.255,34,34,41,79.0,100.0,No,No,80665,102287,0.0,0.0,0.0,0.008,0.030,16355,8939,39.5,44.0,47.3,43,44,42,44,44,42,44,42,44,83.0,0.662,12.212,12.281,12.197,12.175,12.193,0,0,18.724,6.455,14.008,0.258,7.172,6.563,6.060,14.008,6.072,1.067,2.889,310.000,350.000,960.0,101.2,855.0,189.1,930.0,825.0,867.8,90.6,854.2,1.0,1.0,0.0,0.0,7.2,0.0,0.1,0.0,0.0,0.0,0,0,Yes,No,No,No,No,Yes,No,7.1,9.4,2,0,0,0,0,0,0,0,0,57,0,0,0,0,0,0,0,0,0,0,0,0,0,0,0,0,0,0,0,0,7599,593,423,33,5.0,3.9,52.7,1.9,1.9,1.9,1.9,3.9,51.8,1.9,1.9,1.9,1.9,258.04,513.15,18.99,16.75,516.66,516.66,0.81,257.21,258.04,0.00,149.82,311,16,0.2,0.0,0,0,0.0,0.0,0,
25.8.2026,15:47:23.780,5224,14029,27.1,5590,10720,34.2,0.0,2944,1,1.175,1.156,1.156,1.156,1.194,1.194,1.194,3770.8,3620.0,3620.0,4525.0,3620.0,3620.0,3620.0,100.0,40.5,92.2,2.6,8.2,7.1,47.2,110.0,0.4,1.6,53.8,151.8,4.0,7.4,40.5,1.5,0.7,1.8,2.6,0.0,1.2,2.7,0.0,0.0,1.4,3.6,1.8,1.9,3.6,1.5,0.9,0.5,0.1,0.2,0.2,1.2,2.9,0.0,0.0,1.3,3.9,0.1,0.2,0.9,37.7,36.2,36.2,45.2,36.2,36.2,36.2,56.6,1.5,0.5,0.3,3.3,0.0,4.5,0.2,8.4,3.3,1.4,9.7,0.0,31.9,3.9,90.3,96.3,98.3,87.2,99.9,63.7,96.1,1600.0,16.00,16,18,18,36,74,560,1,37.4,30.1,35.5,28.9,28.7,28.9,28.9,28.7,29.3,28.6,29.4,29.4,30.0,25.4,1.150,0.994,1.156,2.177,4.272,2.176,2.176,18.970,0.185,0.107,0.056,0.225,0.014,0.630,0.078,2.221,4.259,6.480,18.980,1600.0,1600.0,2145.3,2145.3,4650.0,25.0,3.6,2.4,31.7,195.2,No,No,No,0.162,0.034,0.1,37.0,35.0,34.0,32.5,32.0,32.5,34.0,12.192,5.000,1.002,1.352,0.702,0.888,0.882,1.564,3.360,1.836,1047,1518,548,546,1.056,1.273,34,34,41,79.0,100.0,No,No,80665,102287,0.0,0.0,0.0,0.000,0.000,16355,8939,39.4,44.0,47.0,43,42,42,44,44,42,44,42,42,83.0,0.662,12.211,12.282,12.195,12.174,12.191,0,0,18.902,6.716,14.567,0.282,7.488,6.769,6.400,14.567,6.403,1.097,2.870,310.000,350.000,960.0,101.2,855.0,194.0,930.0,825.0,706.9,73.4,683.0,1.0,1.0,0.0,0.0,7.2,0.0,0.1,0.0,0.0,0.0,0,0,Yes,No,No,No,No,Yes,No,6.5,7.8,2,0,0,0,0,0,0,0,0,57,0,0,0,0,0,0,0,0,0,0,0,0,0,0,0,0,0,0,0,0,7599,593,423,33,5.0,3.6,46.0,1.9,1.9,1.9,1.9,3.6,45.5,1.9,1.9,1.9,1.9,277.29,528.13,21.72,16.93,533.15,533.15,0.89,276.38,277.29,0.00,172.08,311,16,0.8,0.0,0,0,0.0,0.0,0,
25.8.2026,15:47:25.782,6567,12686,34.1,6211,10098,38.0,0.0,2944,1,1.191,1.188,1.181,1.194,1.200,1.200,1.181,3921.7,3620.0,4525.0,3620.0,3620.0,4525.0,3620.0,100.0,423.2,120.0,24.4,162.4,161.2,808.5,1131.6,18.3,16.8,1084.0,1387.7,108.7,55.0,423.2,11.9,1.9,1.9,4.3,7.3,17.8,25.1,23.6,1.8,24.5,30.3,3.2,1.2,30.3,11.9,11.2,2.2,0.5,4.1,4.1,21.7,30.3,0.4,0.4,29.1,36.8,2.8,1.4,11.2,39.2,36.2,45.2,36.2,36.2,45.2,36.2,7.5,18.7,2.4,7.5,43.1,0.8,54.5,3.8,32.6,12.3,50.2,48.5,9.3,34.4,41.3,48.7,85.3,42.4,8.5,89.9,11.2,55.0,1600.0,16.00,16,18,18,36,74,560,1,41.0,39.6,40.2,32.6,31.2,30.9,36.0,29.8,37.7,30.3,31.3,31.3,30.8,26.1,1.181,0.994,1.188,11.514,5.195,11.500,11.770,33.324,1.447,0.297,0.925,2.977,0.172,3.678,0.633,13.392,5.164,18.556,33.392,1600.0,1600.0,4156.7,4156.7,4650.0,43.9,19.2,13.1,41.7,153.9,No,No,No,0.814,0.573,1.1,41.0,35.5,34.5,32.5,32.0,32.5,34.5,12.192,5.000,1.004,1.352,1.162,0.888,0.884,1.560,3.356,1.836,1038,1528,549,558,1.057,1.264,33,33,41,79.0,100.0,No,No,80665,102287,0.0,0.1,0.1,0.000,0.236,16355,8939,39.3,44.0,46.8,42,44,42,42,42,42,44,42,42,83.0,0.662,12.207,12.278,12.192,12.171,12.188,0,0,19.007,7.816,16.782,0.356,8.571,7.838,7.435,16.782,7.443,1.043,4.094,310.000,350.000,960.0,1187.7,1305.0,189.2,1410.0,1245.0,960.1,1186.1,1409.9,1.0,1.0,0.0,0.0,7.3,0.0,0.0,0.0,0.0,0.0,0,0,Yes,No,No,No,No,Yes,No,7.8,25.4,2,0,0,0,0,0,0,0,0,57,0,0,0,0,0,0,0,0,0,0,0,0,0,0,0,0,0,0,0,0,7590,602,442,103,16.0,4.0,60.6,1.8,1.8,1.8,1.8,3.9,59.9,1.8,1.8,1.8,1.8,253.13,548.62,16.49,16.48,549.96,549.96,0.71,252.42,253.13,0.00,113.19,311,16,4.9,0.0,0,0,0.0,0.0,0,
25.8.2026,15:47:27.784,7594,11659,39.4,6329,9980,38.8,0.0,2944,1,1.164,1.169,1.163,1.163,1.163,1.163,1.163,3770.8,3620.0,3620.0,4525.0,3620.0,3620.0,3620.0,100.0,476.6,64.6,20.0,148.3,41.5,111.0,2404.6,8.0,3.8,585.0,2262.1,49.7,20.8,476.6,10.1,0.7,0.0,2.3,0.7,1.3,53.0,0.0,0.0,12.6,50.1,0.8,0.0,53.0,10.1,12.8,1.1,0.6,4.0,1.1,2.9,64.9,0.2,0.1,15.7,61.3,1.2,0.5,12.8,37.7,36.2,36.2,45.2,36.2,36.2,36.2,0.0,21.0,1.7,4.5,55.1,0.3,63.0,1.8,19.3,8.9,22.6,27.2,5.0,26.6,25.5,59.7,89.4,72.9,17.8,94.7,10.4,72.7,1600.0,16.00,16,18,18,36,74,560,1,43.1,43.5,43.2,33.1,31.4,30.6,37.7,29.8,39.3,30.0,31.6,31.6,31.5,26.4,1.169,0.994,1.175,10.391,5.880,10.397,12.979,34.270,1.172,0.209,0.479,2.651,0.093,3.250,0.350,12.148,5.843,17.991,34.257,1600.0,1600.0,4525.0,4525.0,4650.0,45.1,17.3,14.4,45.7,171.2,No,No,No,0.245,0.266,1.3,43.0,35.5,34.5,32.5,32.0,32.5,34.5,12.120,4.980,1.004,1.348,1.166,0.886,0.882,1.554,3.328,1.836,1077,744,547,556,1.056,1.242,33,33,41,79.0,100.0,No,No,80665,102287,0.0,0.0,0.0,0.000,0.004,16355,8939,49.1,52.0,59.4,50,50,50,50,50,52,50,50,52,83.0,0.819,12.114,12.217,12.098,12.079,12.061,0,0,176.025,65.187,138.770,16.676,64.967,57.085,36.158,138.770,36.180,19.668,78.408,310.000,350.000,960.0,1156.5,1305.0,960.0,1410.0,1245.0,960.5,1155.0,1410.1,100.0,8.0,0.0,0.0,18.7,24.5,98.1,0.0,0.0,0.0,0,0,Yes,No,No,No,No,Yes,No,56.4,56.9,2,0,0,0,0,0,0,0,0,58,0,0,0,0,0,0,0,0,0,0,0,0,0,0,0,0,0,0,0,0,6658,1534,1364,107,16.0,3.6,55.6,1.9,1.9,1.9,1.9,3.6,56.3,1.9,1.9,1.9,1.9,279.19,532.96,17.97,17.09,533.46,533.46,0.58,278.66,279.19,0.00,129.07,311,16,0.6,0.0,0,0,0.0,0.0,0,
25.8.2026,15:47:29.793,7596,11657,39.4,6303,10006,38.6,0.0,2944,1,1.238,1.238,1.238,1.238,1.238,1.238,1.238,3875.0,3720.0,3720.0,4650.0,3720.0,3720.0,3720.0,100.0,454.8,50.4,12.2,81.2,49.1,23.0,4519.1,5.9,2.4,366.6,266.2,60.4,20.7,454.8,11.1,1.1,0.4,2.2,0.5,0.6,98.3,5.4,8.0,9.2,6.4,0.8,0.0,98.3,11.1,12.2,1.0,0.3,2.1,1.3,0.6,122.1,0.1,0.1,9.7,7.0,1.5,0.5,12.2,38.8,37.2,37.2,46.5,37.2,37.2,37.2,0.0,20.1,1.3,3.3,98.8,0.2,14.9,2.1,21.1,7.5,22.8,1.2,4.1,72.5,18.7,58.8,91.2,73.9,0.0,95.7,12.6,79.3,1600.0,16.00,16,18,18,36,74,560,1,45.0,44.6,46.2,33.5,32.5,30.6,44.6,29.8,33.5,30.0,31.9,31.9,30.5,25.5,1.237,0.994,1.244,11.219,5.851,11.219,12.935,35.621,1.233,0.198,0.449,4.800,0.095,1.516,0.338,13.580,5.815,19.395,35.633,1600.0,1600.0,4593.5,4593.5,4650.0,46.9,18.7,14.4,46.9,182.9,No,No,No,0.146,0.179,1.2,44.0,35.0,34.5,32.5,32.0,32.5,34.5,12.120,4.970,1.004,1.348,1.234,0.886,0.882,1.554,3.328,1.836,1136,738,546,556,1.056,1.264,33,33,41,79.0,100.0,No,No,80665,102287,0.0,0.0,0.0,0.002,0.085,16355,8939,50.0,52.0,60.2,51,52,50,52,50,52,52,50,52,83.0,0.819,12.119,12.223,12.103,12.085,12.064,0,0,173.353,64.561,138.428,16.599,64.846,56.955,36.289,138.428,36.316,18.221,74.969,310.000,350.000,960.0,1156.5,1305.0,960.0,1410.0,1245.0,960.3,1155.6,1410.0,100.0,8.0,0.0,0.0,18.7,25.0,100.0,0.0,0.0,0.0,0,0,Yes,No,No,No,No,Yes,No,56.4,57.2,2,0,0,0,0,0,0,0,0,58,0,0,0,0,0,0,0,0,0,0,0,0,0,0,0,0,0,0,0,0,6658,1534,1364,107,16.0,3.8,55.5,1.9,1.9,1.9,1.9,3.8,54.9,1.9,1.9,1.9,1.9,266.52,530.51,18.02,16.67,533.00,533.00,0.48,266.06,266.52,0.00,145.70,311,16,0.1,0.0,0,0,0.0,0.0,0,
25.8.2026,15:47:31.811,7596,11657,39.4,6292,10018,38.5,0.0,2944,1,1.162,1.163,1.163,1.163,1.163,1.163,1.163,3770.8,3620.0,3620.0,3620.0,3620.0,4525.0,3620.0,100.0,442.9,57.4,24.9,71.5,50.5,3547.2,106.2,4.6,2.9,1318.3,61.3,52.8,17.1,442.9,10.1,0.9,2.3,2.6,1.4,76.6,2.5,0.2,0.2,30.0,0.9,2.1,2.0,76.6,10.1,11.9,0.8,0.7,1.9,1.3,95.8,2.8,0.1,0.1,35.5,1.6,1.4,0.4,11.9,37.7,36.2,36.2,36.2,36.2,45.2,36.2,0.0,19.4,1.4,3.1,78.7,0.2,31.4,1.8,20.4,7.4,18.6,19.3,4.1,62.0,11.0,60.2,91.2,78.3,2.1,95.7,6.6,87.2,1600.0,16.00,16,18,18,36,74,560,1,45.6,45.3,41.5,33.5,32.3,30.5,42.9,29.8,35.7,29.9,31.9,31.9,31.5,26.8,1.163,0.994,1.169,11.402,5.824,11.405,12.686,35.971,1.224,0.215,0.393,4.281,0.100,2.095,0.261,13.926,5.788,19.715,35.960,1600.0,1600.0,4613.6,4613.6,4650.0,47.3,19.0,14.1,47.6,188.9,No,No,No,0.148,0.187,1.2,45.0,35.0,35.0,32.5,32.0,32.5,35.0,12.120,4.980,1.004,1.348,1.166,0.886,0.882,1.554,3.324,1.836,1202,747,546,555,1.056,1.257,33,33,41,79.0,100.0,No,No,80665,102287,0.0,0.0,0.0,0.000,0.061,16355,8940,50.5,52.0,60.5,52,52,52,52,52,52,52,52,52,83.0,0.819,12.119,12.222,12.103,12.085,12.065,0,0,173.371,65.120,138.851,16.646,65.041,57.128,36.387,138.851,36.406,18.048,78.725,310.000,350.000,960.0,1156.5,1305.0,960.0,1410.0,1245.0,960.4,1154.8,1410.2,100.0,8.0,0.0,0.0,18.7,24.9,99.6,0.0,0.0,0.0,0,0,Yes,No,No,No,No,Yes,No,56.5,57.1,2,0,0,0,0,0,0,0,0,58,0,0,0,0,0,0,0,0,0,0,0,0,0,0,0,0,0,0,0,0,6658,1534,1364,107,16.0,4.4,61.1,1.9,1.9,1.9,1.9,4.4,60.0,1.9,1.9,1.9,1.9,228.97,528.01,16.37,16.36,533.54,533.54,0.71,228.25,228.97,0.00,129.15,311,16,0.1,0.0,0,0,0.0,0.0,0,
25.8.2026,15:47:33.822,7597,11656,39.4,6291,10018,38.5,0.0,2944,1,1.162,1.163,1.163,1.163,1.163,1.163,1.163,3770.8,3620.0,3620.0,3620.0,3620.0,4525.0,3620.0,100.0,427.9,44.1,10.4,74.4,28.5,2386.9,87.6,5.7,3.5,2392.5,46.8,40.7,13.4,427.9,9.3,0.8,0.0,1.8,0.7,52.8,2.0,0.0,0.0,53.1,0.3,0.0,0.3,53.1,9.3,11.5,0.9,0.3,2.0,0.7,64.4,2.3,0.1,0.1,64.6,1.2,1.1,0.3,11.5,37.7,36.2,36.2,36.2,36.2,45.2,36.2,0.0,19.0,1.1,2.5,54.5,0.2,54.1,1.3,18.1,7.2,16.3,27.5,2.6,44.8,10.5,62.9,91.7,81.2,18.1,97.1,1.1,88.2,1600.0,16.00,16,18,18,36,74,560,1,45.1,43.1,40.8,32.8,31.3,30.2,37.6,29.7,38.0,29.7,31.5,31.5,30.5,26.4,1.163,0.994,1.169,9.456,5.868,9.456,11.467,33.110,1.021,0.166,0.307,2.634,0.068,2.748,0.200,11.037,5.831,16.868,33.104,1600.0,1600.0,4523.5,4523.5,4650.0,43.6,15.8,12.7,45.4,179.0,No,No,No,0.127,0.157,1.1,45.0,35.0,35.0,32.5,32.0,32.5,35.0,12.120,4.990,1.004,1.348,1.164,0.884,0.882,1.554,3.328,1.836,1208,743,545,555,1.056,1.258,33,33,41,79.0,100.0,No,No,80665,102287,0.0,0.0,0.0,0.000,0.034,16355,8940,50.1,54.0,60.2,52,52,52,52,52,54,54,52,52,83.0,0.819,12.142,12.238,12.126,12.109,12.093,0,0,176.481,52.441,113.708,11.834,54.034,47.890,35.578,113.708,35.595,20.017,39.607,310.000,350.000,960.0,1156.5,1305.0,960.0,1410.0,1245.0,960.1,1155.1,1410.3,100.0,8.0,0.0,0.0,18.7,25.0,100.0,0.0,0.0,0.0,0,0,Yes,No,No,No,No,Yes,No,48.2,57.2,2,0,0,0,0,0,0,0,0,58,0,0,0,0,0,0,0,0,0,0,0,0,0,0,0,0,0,0,0,0,6658,1534,1364,107,16.0,3.8,60.7,1.9,1.9,1.9,1.9,3.8,60.6,1.9,1.9,1.9,1.9,266.53,532.95,16.46,16.45,533.63,533.63,0.67,265.90,266.53,0.00,109.87,311,16,0.0,0.0,0,0,0.0,0.0,0,
25.8.2026,15:47:35.813,7598,11655,39.4,6294,10016,38.5,0.0,2944,1,1.238,1.238,1.238,1.238,1.238,1.238,1.238,3875.0,3720.0,3720.0,4650.0,3720.0,3720.0,3720.0,100.0,440.3,61.8,22.3,94.1,36.8,2.5,4552.0,5.0,4.1,312.9,123.0,47.4,21.3,440.3,10.4,1.3,0.0,1.8,1.2,0.0,100.0,1.3,3.5,8.0,4.1,3.0,0.1,100.0,10.4,11.8,1.0,0.6,2.4,0.9,0.1,123.0,0.1,0.1,8.3,3.2,1.2,0.5,11.8,38.8,37.2,37.2,46.5,37.2,37.2,37.2,0.0,19.5,1.5,3.0,99.9,0.2,10.4,1.7,20.9,8.7,17.4,0.1,4.1,85.2,9.9,59.6,89.8,79.5,0.0,95.7,4.4,88.4,1600.0,16.00,16,18,18,36,74,560,1,45.2,43.6,46.5,33.1,32.3,30.3,43.6,29.7,33.0,29.8,31.7,31.7,29.8,25.9,1.237,0.994,1.244,10.109,5.862,10.104,12.073,34.003,1.125,0.214,0.383,4.501,0.090,1.332,0.228,11.999,5.826,17.825,34.053,1600.0,1600.0,4552.5,4552.5,4650.0,44.8,16.8,13.4,45.9,176.8,No,No,No,0.128,0.155,1.2,45.0,35.5,35.0,32.5,32.0,32.5,35.0,12.120,4.980,1.004,1.348,1.230,0.884,0.882,1.556,3.328,1.836,1210,1476,545,555,1.056,1.258,33,33,41,79.0,100.0,No,No,80665,102287,0.0,0.0,0.0,0.000,0.032,16355,8940,51.8,54.0,61.9,53,52,52,52,54,54,54,52,54,83.0,0.819,12.122,12.227,12.107,12.090,12.067,0,0,176.870,65.380,139.709,16.714,65.375,57.583,36.442,139.709,36.470,18.898,77.520,310.000,350.000,960.0,1156.5,1305.0,960.0,1410.0,1245.0,960.2,1155.6,1410.2,100.0,8.0,0.0,0.0,18.7,24.9,99.7,0.0,0.0,0.0,0,0,Yes,No,No,No,No,Yes,No,56.8,57.5,2,0,0,0,0,0,0,0,0,58,0,0,0,0,0,0,0,0,0,0,0,0,0,0,0,0,0,0,0,0,6658,1534,1364,107,16.0,3.2,47.7,1.9,1.9,1.9,1.9,3.2,47.3,1.9,1.9,1.9,1.9,308.07,533.04,20.95,16.92,533.56,533.56,0.66,307.40,308.07,0.00,137.55,311,16,1.0,0.1,0,0,0.0,0.0,0,
25.8.2026,15:47:37.813,7600,11654,39.4,6294,10015,38.5,0.0,2944,1,1.162,1.163,1.163,1.163,1.163,1.163,1.163,3770.8,3620.0,3620.0,4525.0,3620.0,3620.0,3620.0,100.0,437.4,62.5,27.1,63.1,35.4,103.0,3090.3,5.5,3.3,279.7,1517.9,41.6,19.6,437.4,9.5,0.3,1.6,1.0,0.3,1.8,67.8,0.0,0.0,6.0,33.9,1.2,0.0,67.8,9.5,11.7,0.9,0.7,1.6,0.9,2.7,83.5,0.1,0.1,7.4,41.0,1.1,0.5,11.7,37.7,36.2,36.2,45.2,36.2,36.2,36.2,0.0,19.3,1.6,2.5,70.2,0.2,39.9,1.5,20.4,8.2,17.6,21.2,4.5,59.0,11.8,60.3,90.3,80.0,8.6,95.3,1.1,86.7,1600.0,16.00,16,18,18,36,74,560,1,45.1,43.6,43.2,33.1,31.9,30.3,40.1,29.8,36.5,29.8,31.7,31.7,31.2,26.7,1.169,0.994,1.175,9.806,5.839,9.812,11.888,33.674,1.100,0.209,0.339,3.382,0.095,2.335,0.239,11.580,5.802,17.383,33.632,1600.0,1600.0,4540.8,4540.8,4650.0,44.3,16.4,13.2,45.9,174.4,No,No,No,0.143,0.187,1.2,45.0,35.0,35.0,32.5,32.0,32.5,35.0,12.120,4.980,1.004,1.348,1.164,0.884,0.882,1.556,3.328,1.836,1178,739,545,555,1.056,1.251,33,33,40,79.0,100.0,No,No,80665,102287,0.0,0.0,0.0,0.016,0.112,16355,8940,52.3,54.0,62.3,54,52,54,54,54,54,54,52,54,83.0,0.819,12.126,12.229,12.111,12.093,12.071,0,0,177.009,65.446,139.259,16.607,65.276,57.346,36.586,139.259,36.605,20.135,77.943,310.000,350.000,960.0,1156.5,1305.0,960.0,1410.0,1245.0,960.5,1155.5,1410.0,100.0,8.0,0.0,0.0,18.7,24.7,98.9,0.0,0.0,0.0,0,0,Yes,No,No,No,No,Yes,No,56.7,57.3,2,0,0,0,0,0,0,0,0,58,0,0,0,0,0,0,0,0,0,0,0,0,0,0,0,0,0,0,0,0,6658,1534,1364,107,16.0,3.6,60.6,1.9,1.9,1.9,1.9,3.6,60.1,1.9,1.9,1.9,1.9,274.77,533.17,16.49,16.48,533.18,533.18,0.87,273.93,274.77,0.00,129.09,311,16,2.4,0.3,0,0,0.0,0.0,0,
25.8.2026,15:47:39.820,7597,11656,39.4,6302,10007,38.6,0.0,2944,1,1.244,1.238,1.250,1.244,1.244,1.244,1.244,3875.0,3720.0,3720.0,4650.0,3720.0,3720.0,3720.0,100.0,438.0,59.4,21.5,67.8,36.9,2959.4,1630.7,3.7,3.2,298.4,120.4,31.8,22.4,438.0,10.3,1.1,1.5,2.7,1.8,64.0,35.6,1.0,1.0,7.9,3.2,1.7,2.3,64.0,10.3,11.7,1.0,0.6,1.8,0.9,80.0,44.1,0.1,0.1,7.9,3.2,0.8,0.6,11.7,38.8,37.2,37.2,46.5,37.2,37.2,37.2,0.0,19.2,1.6,2.7,99.1,0.2,10.5,1.4,20.4,7.7,15.1,0.9,3.6,85.9,9.0,60.4,90.8,82.2,0.0,96.2,3.5,89.6,1600.0,16.00,16,18,18,36,74,560,1,45.9,45.5,47.0,33.6,32.7,30.4,45.5,29.8,33.3,29.8,32.0,32.0,31.5,26.3,1.244,0.994,1.262,11.286,5.831,11.269,12.649,35.822,1.242,0.227,0.364,5.078,0.096,1.458,0.228,13.882,5.795,19.677,35.889,1600.0,1600.0,4629.8,4629.8,4650.0,47.2,18.8,14.1,47.9,185.9,No,No,No,0.124,0.166,1.2,45.0,35.5,35.0,32.5,32.5,32.5,35.0,12.120,4.980,1.004,1.348,1.236,0.882,0.882,1.556,3.328,1.836,1209,724,545,555,1.056,1.264,33,33,41,79.0,100.0,No,No,80665,102287,0.0,0.0,0.0,0.000,0.032,16355,8940,52.9,54.0,62.9,54,54,54,54,54,54,54,52,54,83.0,0.819,12.124,12.229,12.109,12.092,12.068,0,0,174.828,65.543,140.157,16.791,65.726,57.616,36.664,140.157,36.687,20.203,75.887,310.000,350.000,960.0,1156.5,1305.0,960.0,1410.0,1245.0,960.6,1155.4,1409.9,100.0,8.0,0.0,0.0,18.7,25.0,99.9,0.0,0.0,0.0,42,45,Yes,No,No,No,No,Yes,No,57.0,57.6,2,0,0,0,0,0,0,0,0,58,0,0,0,0,0,0,0,0,0,0,0,0,0,0,0,0,0,0,0,0,6658,1534,1364,107,16.0,3.8,53.9,1.9,1.9,1.9,1.9,3.8,53.6,1.9,1.9,1.9,1.9,262.23,529.71,18.55,16.76,533.21,533.21,0.48,261.76,262.23,0.00,145.89,311,16,2.3,0.1,0,0,0.0,0.0,0,
25.8.2026,15:47:41.839,5231,14023,27.1,5562,10748,34.1,0.0,2944,1,0.986,1.163,0.950,0.950,0.950,0.950,0.956,3656.7,3620.0,3675.0,3675.0,3675.0,3675.0,3620.0,100.0,363.9,88.8,27.8,91.2,193.0,2474.8,131.9,12.1,3.8,1197.1,68.7,49.4,27.6,363.9,7.4,1.3,0.0,0.0,2.7,53.3,2.9,0.0,0.0,26.6,1.6,0.0,0.0,53.3,7.4,9.7,1.5,0.7,2.4,5.2,66.8,3.5,0.3,0.1,32.2,1.8,1.3,0.7,9.7,36.6,36.2,36.8,36.8,36.8,36.8,36.2,0.0,16.0,2.2,6.5,56.2,0.4,28.7,2.0,26.5,13.8,27.0,37.6,3.4,63.6,13.5,57.5,84.0,66.4,6.3,96.2,7.7,84.6,1600.0,16.00,16,18,18,36,74,560,1,45.4,41.9,36.2,32.9,32.0,30.9,39.5,30.0,35.0,30.0,31.8,31.8,31.0,26.5,1.150,0.994,1.156,10.064,5.914,10.090,10.090,34.211,1.060,0.271,0.553,3.223,0.095,1.940,0.277,11.951,5.877,17.828,34.146,1600.0,1600.0,4426.0,4426.0,4650.0,44.9,16.8,11.2,44.2,186.7,No,No,No,0.372,0.599,1.0,45.0,35.0,35.0,32.5,32.5,33.0,35.0,12.168,4.990,1.004,1.348,1.010,0.878,0.882,1.560,3.348,1.836,1201,722,545,556,1.056,1.255,33,33,41,79.0,100.0,No,No,80665,102287,0.0,0.0,0.0,0.065,0.053,16355,8940,46.5,52.0,55.7,52,52,50,52,52,52,52,50,52,83.0,0.713,12.196,12.283,12.176,12.160,12.166,981,889,134.471,21.549,45.196,1.609,23.829,19.736,25.463,45.196,25.486,1.476,5.951,310.000,350.000,1065.0,625.2,1095.0,960.0,1185.0,1050.0,1065.2,624.4,1184.7,1.0,0.0,0.0,0.0,7.2,0.0,0.0,0.0,0.0,0.0,59,66,Yes,No,No,No,No,Yes,No,22.8,34.0,2,0,0,0,0,0,0,0,0,58,0,0,0,0,0,0,0,0,0,0,0,0,0,0,0,0,0,0,0,0,7599,593,423,33,16.0,8.1,717.1,2.0,1.9,1.9,1.9,8.1,60.0,2.0,1.9,1.9,1.9,123.67,510.16,1.39,0.52,533.15,533.15,0.43,123.24,123.67,0.00,118.80,311,16,0.9,0.0,0,0,0.0,0.0,0,
25.8.2026,15:47:43.860,5229,14024,27.1,5563,10746,34.1,0.0,2944,1,1.122,0.950,1.156,1.156,1.156,1.156,1.156,3780.0,3675.0,3620.0,4525.0,3620.0,3620.0,3620.0,100.0,47.7,147.5,11.4,8.6,17.3,77.3,124.9,0.4,0.3,75.0,96.3,6.0,7.6,47.7,3.2,0.8,11.4,2.6,2.1,1.7,2.2,0.0,5.3,2.6,2.3,0.0,6.8,11.4,3.2,0.9,0.7,0.3,0.2,0.4,1.9,2.4,0.0,0.0,2.0,2.4,0.1,0.2,0.9,37.8,36.8,36.2,45.2,36.2,36.2,36.2,59.1,1.5,1.0,0.5,3.5,0.0,3.8,0.3,8.6,5.7,2.0,13.7,0.1,28.9,1.1,90.1,93.6,97.5,83.0,99.9,67.4,98.8,1600.0,16.00,16,18,18,36,74,560,1,42.6,30.8,35.2,29.3,29.2,29.3,29.5,29.0,29.7,29.0,29.8,29.8,31.2,25.8,1.150,1.000,1.156,2.318,4.655,2.309,2.309,20.079,0.205,0.127,0.114,0.310,0.017,0.598,0.065,2.369,4.641,7.010,20.088,1600.0,1600.0,2160.3,2160.3,4650.0,26.4,3.8,2.6,32.4,188.8,No,No,No,0.181,0.048,0.1,42.0,35.5,34.5,32.5,32.5,33.0,34.5,12.192,5.000,1.002,1.352,0.766,0.876,0.882,1.562,3.356,1.834,1182,713,548,557,1.056,1.251,33,33,41,79.0,100.0,No,No,80665,102287,0.0,0.0,0.0,0.000,0.006,16355,8940,43.4,48.0,51.0,48,48,46,48,48,48,48,46,48,83.0,0.675,12.215,12.282,12.201,12.180,12.197,1096,1173,52.706,7.087,15.424,1.130,7.381,6.894,6.464,15.424,6.473,1.189,3.407,310.000,350.000,1065.0,101.2,930.0,810.3,1005.0,885.0,779.4,73.2,735.9,0.0,1.0,0.0,0.0,7.2,0.0,0.0,0.0,0.0,0.0,59,66,Yes,No,No,No,No,Yes,No,7.1,11.7,2,0,0,0,0,0,0,0,0,59,0,0,0,0,0,0,0,0,0,0,0,0,0,0,0,0,0,0,0,0,7599,593,423,33,5.0,3.1,44.7,1.9,1.9,1.9,1.9,3.1,44.1,1.9,1.9,1.9,1.9,320.47,533.22,22.39,17.02,533.75,533.75,0.67,319.84,320.47,0.00,137.80,311,16,0.6,0.1,0,0,0.0,0.0,0,
25.8.2026,15:47:45.879,5227,14026,27.1,5563,10747,34.1,0.0,2944,1,1.134,0.969,1.156,1.156,1.175,1.175,1.175,3780.0,3675.0,3620.0,4525.0,3620.0,3620.0,3620.0,100.0,41.2,112.3,2.5,10.5,11.5,89.5,99.7,0.6,0.7,67.7,81.3,9.2,8.5,41.2,1.0,0.6,1.6,1.0,0.0,2.0,2.7,1.6,0.0,0.8,1.9,0.2,0.0,2.7,1.0,0.9,0.6,0.1,0.3,0.3,2.4,3.2,0.0,0.0,1.7,2.0,0.2,0.2,0.9,37.8,36.8,36.2,45.2,36.2,36.2,36.2,51.1,1.6,0.7,0.5,4.5,0.1,3.4,0.5,10.7,6.8,1.8,15.2,0.7,38.1,1.6,87.8,92.6,97.8,80.5,99.2,58.7,98.1,1600.0,16.00,16,18,18,36,74,560,1,40.5,30.5,38.5,29.2,29.2,29.2,29.5,29.0,29.6,29.0,29.8,29.8,30.0,26.6,1.156,0.994,1.163,2.476,4.371,2.478,2.478,19.609,0.203,0.162,0.062,0.348,0.020,0.583,0.045,2.526,4.356,6.882,19.608,1600.0,1600.0,2477.7,2477.7,4650.0,25.8,4.1,2.8,32.1,202.3,No,No,No,0.170,0.040,0.1,40.0,35.5,34.5,32.5,32.0,33.0,34.5,12.168,5.000,1.002,1.352,0.644,0.872,0.882,1.562,3.356,1.836,1161,707,548,557,1.056,1.269,34,34,40,79.0,100.0,No,No,80665,102287,0.5,0.5,1.0,0.197,1.633,16355,8943,42.6,48.0,50.1,46,46,46,46,46,46,46,46,46,83.0,0.675,12.215,12.282,12.201,12.180,12.199,1255,1327,20.146,6.848,15.009,1.118,7.235,6.638,6.075,15.009,6.084,1.171,3.297,310.000,350.000,1065.0,101.2,930.0,215.6,1005.0,885.0,1065.2,101.0,1004.7,0.0,1.0,0.0,0.0,7.2,0.0,0.0,0.0,0.0,0.0,59,66,Yes,No,No,No,No,Yes,No,6.8,8.2,2,0,0,0,0,0,0,0,0,59,0,0,0,0,0,0,0,0,0,0,0,0,0,0,0,0,0,0,0,0,7599,593,423,33,5.0,3.4,51.3,1.9,1.9,1.9,1.9,3.4,50.8,1.9,1.9,1.9,1.9,295.67,532.82,19.49,16.79,533.32,533.32,0.69,294.95,295.67,0.00,137.68,311,16,4.5,0.0,0,0,0.0,0.0,0,
25.8.2026,15:47:47.883,5224,14029,27.1,5560,10749,34.0,0.0,2944,1,1.128,0.969,1.156,1.194,1.150,1.150,1.150,3780.0,3675.0,3620.0,4525.0,3620.0,3620.0,3620.0,100.0,43.6,162.9,1.4,9.0,11.1,54.8,100.7,0.4,0.2,79.1,96.6,2.7,4.2,43.6,2.6,0.3,0.0,0.0,1.6,1.1,2.1,0.0,12.2,2.4,2.1,5.1,4.4,12.2,2.6,0.8,0.5,0.0,0.2,0.3,1.4,2.6,0.0,0.0,2.1,2.4,0.1,0.1,0.8,37.8,36.8,36.2,45.2,36.2,36.2,36.2,58.6,1.4,0.6,0.4,3.2,0.0,3.9,0.2,7.4,3.3,2.9,11.3,0.0,24.7,2.3,91.3,96.3,96.7,85.7,100.0,71.5,97.7,1600.0,16.00,16,18,18,36,74,560,1,38.8,30.4,36.8,29.1,29.1,29.2,29.2,28.9,29.5,28.9,29.7,29.7,30.5,25.3,1.156,0.994,1.163,2.141,4.213,2.144,2.144,18.713,0.188,0.115,0.072,0.249,0.009,0.588,0.093,2.192,4.200,6.393,18.728,1600.0,1600.0,2303.7,2303.7,4650.0,24.6,3.6,2.4,32.1,190.5,No,No,No,0.168,0.034,0.1,38.0,35.5,34.5,32.5,32.0,33.5,34.0,12.192,5.010,1.002,1.352,0.544,0.870,0.880,1.562,3.352,1.836,1082,709,550,557,1.056,1.263,34,34,40,79.0,100.0,No,No,80665,102287,0.0,0.0,0.0,0.000,0.083,16355,8943,41.7,46.0,49.2,46,46,46,46,46,46,46,44,46,83.0,0.675,12.215,12.283,12.201,12.180,12.198,1294,1352,20.079,7.218,15.703,1.118,7.540,7.028,6.489,15.703,6.502,1.170,3.704,310.000,350.000,1065.0,101.2,930.0,215.5,1005.0,885.0,779.7,73.0,736.5,0.0,1.0,0.0,0.0,7.2,0.0,0.1,0.0,0.0,0.0,59,66,Yes,No,No,No,No,Yes,No,7.2,8.0,2,0,0,0,0,0,0,0,0,59,0,0,0,0,0,0,0,0,0,0,0,0,0,0,0,0,0,0,0,0,7599,593,423,33,5.0,3.6,61.1,1.9,1.9,1.9,1.9,3.6,60.0,1.9,1.9,1.9,1.9,274.67,533.30,16.36,16.35,533.33,533.33,0.85,273.80,274.67,0.00,133.32,311,16,1.0,0.0,0,0,0.0,0.0,0,
25.8.2026,15:47:49.878,5888,13365,30.5,5872,10438,36.0,0.0,2944,1,1.182,1.181,1.181,1.188,1.181,1.181,1.181,4072.5,3620.0,4525.0,4525.0,3620.0,4525.0,3620.0,100.0,132.1,156.7,10.0,139.8,43.8,296.7,139.6,9.0,3.2,589.2,127.7,52.1,17.5,132.1,4.5,1.6,0.8,4.4,0.8,7.2,3.4,17.4,0.6,13.0,1.9,1.7,1.7,17.4,4.5,3.1,1.1,0.3,3.7,1.1,7.9,3.4,0.2,0.1,15.1,3.2,1.3,0.4,3.1,40.7,36.2,45.2,45.2,36.2,45.2,36.2,56.8,5.2,1.2,4.2,9.3,0.3,15.0,1.5,13.4,12.7,12.3,16.0,2.6,22.3,14.4,81.5,86.3,83.5,74.9,97.1,62.8,84.3,1600.0,16.00,16,18,18,36,74,560,1,38.2,31.8,41.8,29.9,29.6,29.8,30.3,29.2,30.9,29.3,29.9,29.9,30.8,25.3,1.188,0.994,1.200,3.871,4.326,3.850,3.850,21.034,0.478,0.271,0.384,0.686,0.054,1.195,0.281,4.307,4.312,8.619,21.152,1600.0,1600.0,2417.0,2417.0,4650.0,27.8,6.4,4.3,33.4,149.9,No,No,No,0.513,0.311,0.3,37.0,36.0,34.0,32.5,32.0,33.5,34.0,12.192,5.000,1.002,1.348,1.026,0.868,0.880,1.562,3.352,1.836,1048,713,550,556,1.056,1.249,34,34,42,79.0,100.0,No,No,80665,102287,0.0,0.1,0.1,0.040,0.238,16355,8944,41.1,46.0,48.9,46,46,46,46,46,44,46,46,46,83.0,0.675,12.214,12.283,12.199,12.178,12.195,1024,1052,20.037,7.007,15.110,0.602,7.576,6.917,6.488,15.110,6.497,1.164,3.596,310.000,350.000,1065.0,101.2,930.0,206.7,1005.0,885.0,780.8,73.1,731.5,0.0,1.0,0.0,0.0,7.2,0.0,0.1,0.0,0.0,0.0,0,0,Yes,No,No,No,No,Yes,No,7.0,10.9,2,0,0,0,0,0,0,0,0,59,0,0,0,0,0,0,0,0,0,0,0,0,0,0,0,0,0,0,0,0,7599,593,423,33,5.0,4.1,61.4,1.9,1.9,1.9,1.9,4.1,60.0,1.9,1.9,1.9,1.9,245.66,530.33,16.29,16.27,533.88,533.88,0.81,244.86,245.66,0.00,129.41,311,16,1.4,0.4,0,0,0.0,0.0,0,
25.8.2026,15:47:51.889,7585,11668,39.3,6284,10025,38.5,0.0,2944,1,1.177,1.188,1.175,1.175,1.175,1.175,1.175,3770.8,3620.0,3620.0,3620.0,3620.0,4525.0,3620.0,100.0,471.6,96.1,37.0,220.7,125.5,374.2,1250.2,14.4,8.5,755.5,2673.7,58.2,45.3,471.6,10.2,1.1,1.0,4.5,3.9,8.0,27.9,0.0,0.5,16.7,59.1,0.1,0.0,59.1,10.2,12.6,1.7,0.9,5.7,3.2,10.1,34.1,0.4,0.2,20.9,71.5,1.6,1.1,12.6,37.7,36.2,36.2,36.2,36.2,45.2,36.2,0.0,21.1,2.5,8.2,36.6,0.5,75.9,2.6,30.9,22.2,56.7,56.5,6.6,24.1,19.1,48.1,75.3,35.1,6.9,92.8,0.0,78.3,1600.0,16.00,16,18,18,36,74,560,1,43.0,43.3,41.5,33.8,32.1,31.7,36.6,30.3,41.5,30.4,32.2,32.2,31.8,26.5,1.163,0.994,1.169,12.152,5.487,12.165,13.635,35.292,1.508,0.389,0.991,2.781,0.133,4.395,0.361,14.225,5.453,19.678,35.237,1600.0,1600.0,4521.1,4521.1,4650.0,46.4,20.3,15.2,45.6,156.2,No,No,No,0.553,0.422,1.3,42.0,35.5,34.5,32.5,32.0,33.0,34.5,12.120,4.970,1.004,1.348,1.164,0.872,0.880,1.554,3.324,1.836,1068,739,549,556,1.056,1.261,34,34,41,79.0,100.0,No,No,80665,102287,0.0,0.0,0.0,0.000,0.061,16355,8944,49.8,52.0,59.6,50,50,50,50,50,50,50,50,52,83.0,0.819,12.119,12.222,12.103,12.087,12.064,0,0,54.056,68.888,147.621,18.296,69.799,59.502,36.748,147.621,36.768,20.934,82.705,310.000,350.000,1065.0,1156.5,1305.0,445.1,1410.0,1245.0,1065.2,1155.0,1410.0,100.0,9.0,0.0,0.0,18.7,0.0,0.0,0.0,0.0,0.0,0,0,Yes,No,No,No,No,Yes,No,59.5,59.2,2,0,0,0,0,0,0,0,0,60,0,0,0,0,0,0,0,0,0,0,0,0,0,0,0,0,0,0,0,0,6658,1534,1364,107,16.0,3.6,60.2,1.9,1.9,1.9,1.9,3.6,60.0,1.9,1.9,1.9,1.9,276.51,532.74,16.61,16.61,533.41,533.41,0.82,275.70,276.51,0.00,106.40,311,16,0.8,0.0,0,0,0.0,0.0,0,
25.8.2026,15:47:53.901,7585,11668,39.3,6287,10023,38.5,0.0,2944,1,1.247,1.231,1.250,1.250,1.250,1.250,1.250,3875.0,3720.0,3720.0,4650.0,3720.0,3720.0,3720.0,100.0,438.0,71.4,26.1,62.8,40.5,4.0,4537.7,29.5,3.1,284.2,150.1,29.5,16.9,438.0,10.0,1.2,0.0,1.7,1.1,0.0,99.8,1.7,0.0,6.8,4.0,1.7,1.4,99.8,10.0,11.7,1.0,0.8,1.6,0.9,0.1,122.5,0.8,0.1,7.5,3.9,0.8,0.5,11.7,38.8,37.2,37.2,46.5,37.2,37.2,37.2,0.0,19.3,1.7,2.3,99.8,0.8,10.1,1.1,19.6,7.0,13.8,0.2,3.4,86.9,6.3,61.1,91.3,83.9,0.0,95.8,3.0,92.6,1600.0,16.00,16,18,18,36,74,560,1,44.1,43.9,43.2,33.5,32.7,30.7,43.8,30.2,33.4,30.1,32.1,32.1,31.8,26.4,1.244,0.994,1.256,9.779,5.858,9.776,11.697,33.539,1.087,0.197,0.295,4.446,0.116,1.312,0.155,11.529,5.821,17.350,33.579,1600.0,1600.0,4542.2,4542.2,4650.0,44.2,16.3,13.0,46.2,175.8,No,No,No,0.120,0.133,1.2,43.0,35.5,34.5,32.5,32.0,33.0,34.5,12.120,4.970,1.004,1.348,1.194,0.872,0.880,1.554,3.324,1.834,1111,730,547,556,1.056,1.251,34,34,41,79.0,100.0,No,No,80665,102287,0.0,0.0,0.0,0.000,0.032,16355,8944,51.7,54.0,61.6,53,54,52,52,54,52,52,52,54,83.0,0.819,12.121,12.224,12.105,12.089,12.065,0,0,186.256,68.591,148.712,18.470,70.304,59.902,36.906,148.712,36.931,15.377,82.005,310.000,350.000,1065.0,1156.5,1305.0,1065.0,1410.0,1245.0,1065.3,1155.2,1410.0,100.0,9.0,0.0,0.0,18.7,24.8,99.3,0.0,0.0,0.0,0,0,Yes,No,No,No,No,Yes,No,60.3,60.4,2,0,0,0,0,0,0,0,0,60,0,0,0,0,0,0,0,0,0,0,0,0,0,0,0,0,0,0,0,0,6658,1534,1364,107,16.0,3.2,45.8,1.8,1.8,1.8,1.8,3.2,46.2,1.8,1.8,1.8,1.8,316.61,548.70,21.82,17.33,549.69,549.69,0.51,316.18,316.61,0.00,145.72,311,16,0.8,0.0,0,0,0.0,0.0,0,
25.8.2026,15:47:55.914,7588,11666,39.4,6284,10025,38.5,0.0,2944,1,1.238,1.238,1.238,1.238,1.238,1.238,1.238,3875.0,3720.0,3720.0,4650.0,3720.0,3720.0,3720.0,100.0,443.6,75.7,29.3,56.7,42.5,2484.7,1955.9,7.5,3.5,313.2,289.8,39.3,25.2,443.6,9.9,1.4,0.9,0.8,0.5,53.8,41.4,0.0,4.6,8.2,7.3,0.0,0.0,53.8,9.9,11.9,1.2,0.8,1.5,1.2,67.0,52.9,0.2,0.1,8.3,7.9,1.0,0.6,11.9,38.8,37.2,37.2,46.5,37.2,37.2,37.2,0.0,19.5,2.0,2.7,95.5,0.3,15.0,1.7,21.3,7.4,18.1,4.5,4.3,83.1,10.2,59.2,90.6,79.2,0.0,95.4,1.9,88.1,1600.0,16.00,16,18,18,36,74,560,1,46.2,46.3,46.5,34.2,33.3,30.9,45.9,30.4,34.5,30.3,32.5,32.5,32.0,26.6,1.237,0.994,1.244,11.087,5.847,11.093,12.923,35.754,1.285,0.247,0.387,5.058,0.116,1.649,0.255,13.675,5.811,19.486,35.734,1600.0,1600.0,4636.5,4636.5,4650.0,47.0,18.5,14.4,48.7,176.6,No,No,No,0.138,0.176,1.2,45.0,36.0,35.0,32.5,32.0,33.5,35.0,12.120,4.970,1.004,1.348,1.238,0.870,0.880,1.554,3.324,1.836,1200,731,546,555,1.056,1.266,34,34,41,79.0,100.0,No,No,80665,102287,0.0,0.0,0.0,0.000,0.079,16355,8944,52.8,54.0,62.7,54,54,54,54,54,54,54,52,54,83.0,0.819,12.113,12.216,12.098,12.080,12.059,0,0,186.645,69.260,148.613,18.580,70.179,59.830,36.878,148.613,36.898,20.742,83.008,310.000,350.000,1065.0,1156.5,1305.0,1065.0,1410.0,1245.0,1065.0,1155.1,1410.1,100.0,9.0,0.0,0.0,18.7,24.4,97.4,0.0,0.0,0.0,0,0,Yes,No,No,No,No,Yes,No,59.8,58.8,2,0,0,0,0,0,0,0,0,60,0,0,0,0,0,0,0,0,0,0,0,0,0,0,0,0,0,0,0,0,6658,1534,1364,107,16.0,3.4,29.2,1.9,1.9,1.9,1.9,3.4,29.1,1.9,1.9,1.9,1.9,291.57,533.62,34.25,33.36,533.63,533.63,0.45,291.13,291.57,0.00,125.06,311,16,0.4,0.0,0,0,0.0,0.0,0,
25.8.2026,15:47:57.912,7585,11668,39.3,6283,10026,38.5,0.0,2944,1,1.238,1.238,1.238,1.238,1.238,1.238,1.238,3875.0,3720.0,3720.0,4650.0,3720.0,3720.0,3720.0,100.0,443.7,74.0,29.9,65.4,39.8,4573.9,4.6,5.6,2.8,335.5,129.3,46.3,17.4,443.7,9.8,1.3,1.8,1.2,1.2,98.4,0.3,0.4,0.0,8.9,2.9,0.7,0.0,98.4,9.8,11.9,1.1,0.8,1.7,1.0,123.6,0.1,0.1,0.1,8.9,3.4,1.2,0.4,11.9,38.8,37.2,37.2,46.5,37.2,37.2,37.2,0.0,19.5,1.9,2.8,98.5,0.2,12.0,1.7,20.9,9.2,16.9,1.5,4.3,82.4,10.7,59.6,88.9,80.3,0.0,95.5,5.6,87.6,1600.0,16.00,16,18,18,36,74,560,1,46.8,46.6,46.5,34.3,33.4,31.0,46.5,30.4,34.1,30.4,32.6,32.6,31.5,26.9,1.237,0.994,1.244,11.071,5.827,11.071,13.083,35.746,1.299,0.267,0.399,5.222,0.112,1.526,0.271,13.720,5.791,19.511,35.752,1600.0,1600.0,4644.4,4644.4,4650.0,47.0,18.5,14.5,49.0,175.4,No,No,No,0.137,0.186,1.2,46.0,35.5,35.0,33.0,32.5,33.0,35.0,12.120,4.970,1.004,1.348,1.238,0.870,0.878,1.554,3.328,1.836,1232,738,546,542,1.056,1.258,34,34,41,79.0,100.0,No,No,80665,102287,0.0,0.0,0.0,0.000,0.036,16355,8944,53.2,54.0,63.3,54,54,54,54,54,54,54,52,54,83.0,0.819,12.113,12.216,12.098,12.080,12.059,0,0,186.753,69.380,148.965,18.679,70.349,59.894,36.756,148.965,36.780,20.175,83.856,310.000,350.000,1065.0,1156.5,1305.0,1065.0,1410.0,1245.0,1065.0,1155.0,1409.8,100.0,9.0,0.0,0.0,18.7,25.0,100.0,0.0,0.0,0.0,59,66,Yes,No,No,No,No,Yes,No,59.9,62.6,2,0,0,0,0,0,0,0,0,60,0,0,0,0,0,0,0,0,0,0,0,0,0,0,0,0,0,0,0,0,6658,1534,1364,107,16.0,4.6,60.5,1.9,1.9,1.9,1.9,4.6,60.0,1.9,1.9,1.9,1.9,216.46,531.86,16.54,16.54,533.22,533.22,0.93,215.60,216.46,0.00,106.55,311,16,0.1,0.0,0,0,0.0,0.0,0,
25.8.2026,15:47:59.915,7587,11666,39.4,6282,10027,38.5,0.0,2944,1,1.184,1.194,1.188,1.181,1.181,1.181,1.181,4072.5,3620.0,3620.0,4525.0,3620.0,4525.0,4525.0,100.0,440.8,67.8,27.9,76.4,49.1,2378.7,124.5,8.6,4.1,2435.6,46.7,45.4,24.5,440.8,11.3,0.9,2.2,3.4,2.0,51.3,3.6,5.4,5.3,54.3,1.9,3.3,2.1,54.3,11.3,11.8,1.0,0.7,2.0,1.3,64.2,3.3,0.2,0.1,65.7,1.2,1.2,0.6,11.8,40.7,36.2,36.2,45.2,36.2,45.2,45.2,0.0,19.3,1.7,3.1,53.7,0.3,55.3,1.7,18.2,10.7,12.3,27.3,5.0,43.3,10.5,62.5,87.6,84.6,19.0,94.6,1.4,87.7,1600.0,16.00,16,18,18,36,74,560,1,46.6,45.4,44.0,33.8,32.4,30.9,39.8,30.4,39.1,30.4,32.4,32.4,31.8,27.1,1.181,0.994,1.194,10.172,5.852,10.164,12.297,34.278,1.160,0.250,0.334,3.084,0.113,2.927,0.251,12.261,5.815,18.077,34.307,1600.0,1600.0,4581.9,4581.9,4650.0,45.1,16.9,13.7,47.8,175.4,No,No,No,0.133,0.188,1.2,46.0,36.0,35.0,32.5,32.5,33.5,35.0,12.120,4.970,1.004,1.348,1.164,0.866,0.878,1.554,3.324,1.834,1238,707,545,554,1.056,1.234,34,34,41,79.0,100.0,No,No,80665,102287,0.0,0.0,0.0,0.000,0.065,16355,8944,53.6,54.0,63.6,54,54,54,54,54,54,54,54,56,83.0,0.819,12.116,12.218,12.101,12.084,12.062,980,1001,185.928,70.215,150.649,19.866,70.657,60.095,36.994,150.649,37.019,22.490,83.516,310.000,350.000,1065.0,1156.5,1305.0,1065.0,1410.0,1245.0,1065.1,1155.4,1410.1,100.0,9.0,0.0,0.0,18.7,24.4,97.6,0.0,0.0,0.0,59,66,Yes,No,No,No,No,Yes,No,60.5,61.0,2,0,0,0,0,0,0,0,0,60,0,0,0,0,0,0,0,0,0,0,0,0,0,0,0,0,0,0,0,0,6658,1534,1364,107,16.0,4.3,60.9,2.0,1.9,1.9,1.9,4.3,60.1,2.0,1.9,1.9,1.9,233.08,512.70,16.42,16.41,516.73,516.73,0.65,232.44,233.08,0.00,129.05,311,16,0.2,0.0,0,0,0.0,0.0,0,
25.8.2026,15:48:1.913,7597,11657,39.4,6297,10012,38.6,0.0,2944,1,1.169,1.188,1.169,1.169,1.163,1.163,1.163,3770.8,3620.0,3620.0,3620.0,3620.0,4525.0,3620.0,100.0,516.9,153.8,41.9,241.3,136.9,483.3,2528.2,19.1,20.4,413.7,2025.7,74.4,64.0,516.9,11.0,2.6,0.9,4.6,2.3,10.0,56.2,0.0,1.2,9.1,44.7,0.1,0.6,56.2,11.0,13.8,3.0,1.1,6.4,3.6,13.0,68.2,0.5,0.5,11.1,54.6,1.9,1.6,13.8,37.7,36.2,36.2,36.2,36.2,45.2,36.2,0.0,22.7,3.7,8.5,66.1,0.9,53.5,3.3,24.3,24.0,24.1,19.3,10.4,44.7,23.5,53.0,72.3,67.4,14.6,88.8,1.8,73.2,1600.0,16.00,16,18,18,36,74,560,1,46.2,44.2,42.2,34.2,32.9,31.8,40.0,30.7,39.0,30.8,32.3,32.3,31.5,26.6,1.188,0.994,1.194,11.001,5.878,11.007,14.841,35.036,1.324,0.475,0.732,3.201,0.187,2.894,0.455,12.911,5.841,18.751,35.016,1600.0,1600.0,4518.6,4518.6,4650.0,46.1,18.3,16.5,46.5,161.6,No,No,No,0.265,0.266,1.4,46.0,35.5,35.0,33.0,32.5,33.5,35.0,12.120,4.970,1.004,1.348,1.184,0.862,0.878,1.552,3.320,1.836,1237,699,545,554,1.056,1.262,34,34,41,79.0,100.0,No,No,80665,102287,0.0,0.1,0.1,0.008,0.210,16355,8945,53.8,56.0,63.8,55,56,54,56,54,56,56,54,56,83.0,0.819,12.121,12.219,12.107,12.089,12.071,1218,1277,184.977,67.096,141.408,18.292,66.406,56.758,36.876,141.408,36.898,22.228,83.592,310.000,350.000,1065.0,1156.5,1305.0,1065.0,1410.0,1245.0,1065.2,1155.4,1409.9,100.0,9.0,0.0,0.0,18.7,24.9,99.8,0.0,0.0,0.0,60,67,Yes,No,No,No,No,Yes,No,60.2,61.1,2,0,0,0,0,0,0,0,0,60,0,0,0,0,0,0,0,0,0,0,0,0,0,0,0,0,0,0,0,0,6658,1534,1364,107,16.0,3.0,41.8,1.9,1.9,1.9,1.9,3.0,41.4,1.9,1.9,1.9,1.9,333.15,533.02,23.91,17.17,533.53,533.53,0.75,332.39,333.15,0.00,129.05,311,16,0.5,0.1,0,0,0.0,0.0,0,
25.8.2026,15:48:3.897,7593,11660,39.4,6289,10021,38.5,0.0,2944,1,1.162,1.163,1.163,1.163,1.163,1.163,1.163,3770.8,3620.0,3620.0,3620.0,3620.0,4525.0,3620.0,100.0,436.4,51.4,13.0,82.6,38.6,213.3,2214.5,14.2,2.8,743.8,1796.1,45.4,21.3,436.4,9.6,1.0,0.0,1.2,1.0,4.8,48.7,0.0,0.0,16.5,39.3,1.8,0.5,48.7,9.6,11.7,1.1,0.3,2.2,1.0,5.7,59.8,0.4,0.1,20.0,48.5,1.2,0.5,11.7,37.7,36.2,36.2,36.2,36.2,45.2,36.2,0.0,19.3,1.3,2.9,53.5,0.4,56.1,1.6,21.3,8.7,25.0,32.7,3.8,43.7,14.1,59.3,90.0,72.1,13.8,95.8,0.2,84.3,1600.0,16.00,16,18,18,36,74,560,1,45.9,44.1,41.8,33.7,32.3,31.2,38.5,30.6,39.3,30.6,32.4,32.4,32.8,27.3,1.163,0.994,1.169,10.090,5.877,10.096,11.805,33.898,1.083,0.196,0.409,2.669,0.091,2.874,0.257,11.781,5.840,17.621,33.870,1600.0,1600.0,4519.5,4519.5,4650.0,44.6,16.8,13.1,46.5,180.2,No,No,No,0.152,0.191,1.2,45.0,36.0,35.0,33.0,32.5,34.0,35.0,12.120,4.970,1.004,1.348,1.172,0.860,0.878,1.554,3.324,1.834,1237,695,546,554,1.056,1.247,34,34,41,79.0,100.0,No,No,80665,102287,0.0,0.1,0.1,0.089,0.274,16356,8945,53.8,56.0,63.8,56,56,56,54,56,54,56,56,56,83.0,0.819,12.115,12.217,12.100,12.083,12.061,1320,1371,185.582,69.995,151.218,20.341,70.615,60.235,37.089,151.218,37.118,21.701,80.424,310.000,350.000,1065.0,1156.5,1305.0,1065.0,1410.0,1245.0,1065.2,1155.2,1410.2,100.0,9.0,0.0,0.0,18.7,24.9,99.7,0.0,0.0,0.0,60,67,Yes,No,No,No,No,Yes,No,60.7,59.7,2,0,0,0,0,0,0,0,0,60,0,0,0,0,0,0,0,0,0,0,0,0,0,0,0,0,0,0,0,0,6658,1534,1364,107,16.0,4.1,61.6,1.9,1.9,1.9,1.9,4.1,60.0,1.9,1.9,1.9,1.9,243.18,532.95,16.23,16.21,533.63,533.63,0.66,242.53,243.18,0.00,133.22,311,16,0.0,0.0,0,0,0.0,0.0,0,
25.8.2026,15:48:5.918,5228,14025,27.1,5559,10750,34.0,0.0,2944,1,0.956,0.956,0.956,0.956,0.956,0.956,0.956,3656.7,3675.0,3675.0,3675.0,3675.0,3620.0,3620.0,100.0,335.3,86.3,27.1,94.8,196.6,190.7,2260.2,19.8,2.7,1013.6,66.1,36.4,28.7,335.3,7.8,1.0,1.8,3.3,4.7,4.6,50.2,3.1,0.0,22.2,1.9,0.0,1.0,50.2,7.8,8.9,1.5,0.7,2.5,5.2,5.1,61.0,0.5,0.1,27.3,1.7,0.9,0.7,8.9,36.6,36.8,36.8,36.8,36.8,36.2,36.2,5.4,14.8,2.0,6.5,54.0,0.5,24.1,1.6,25.3,10.1,22.7,30.5,3.0,68.7,16.7,59.9,87.8,70.8,15.5,96.5,7.2,81.7,1600.0,16.00,16,18,18,36,74,560,1,44.9,40.5,36.2,33.0,32.2,31.5,38.2,30.6,35.0,30.6,32.2,32.2,31.5,26.8,1.150,0.994,1.163,8.842,5.867,8.847,8.847,32.065,0.905,0.220,0.511,2.621,0.081,1.740,0.257,10.157,5.832,15.989,32.043,1600.0,1600.0,4173.1,4173.1,4650.0,42.2,14.7,9.8,42.6,185.5,No,No,No,0.372,0.592,0.9,45.0,36.5,35.0,33.0,32.5,34.0,35.0,12.168,5.010,1.002,1.352,0.636,0.858,0.878,1.560,3.344,1.836,1198,709,546,554,1.056,1.261,34,34,41,79.0,100.0,No,No,80665,102287,0.0,0.0,0.0,0.000,0.136,16356,8945,47.4,54.0,57.7,54,54,54,54,54,54,54,52,54,83.0,0.819,12.180,12.269,12.165,12.144,12.142,1361,1405,145.766,30.349,64.627,2.883,32.262,29.462,34.375,64.627,34.397,2.077,8.433,310.000,350.000,1170.0,1187.7,1305.0,1071.5,1410.0,1245.0,1169.8,1187.0,1410.3,1.0,0.0,0.0,0.0,7.2,0.0,0.0,0.0,0.0,0.0,60,67,Yes,No,No,No,No,Yes,No,31.9,45.9,2,0,0,0,0,0,0,0,0,60,0,0,0,0,0,0,0,0,0,0,0,0,0,0,0,0,0,0,0,0,7599,593,423,33,16.0,6.4,655.1,1.9,1.9,1.9,1.9,6.4,60.1,1.9,1.9,1.9,1.9,157.01,525.68,1.53,0.66,533.70,533.70,0.38,156.62,157.01,0.00,187.80,311,16,0.2,0.1,0,0,0.0,0.0,0,
25.8.2026,15:48:7.946,5222,14031,27.1,5554,10756,34.0,0.0,2944,1,1.167,1.150,1.163,1.163,1.175,1.175,1.175,3770.8,3620.0,3620.0,4525.0,3620.0,3620.0,3620.0,100.0,54.6,189.7,3.6,8.5,7.4,87.5,134.7,1.0,1.2,131.1,79.5,4.5,7.1,54.6,2.6,0.5,0.0,0.0,0.0,1.8,2.5,0.0,21.8,2.8,1.7,0.0,0.0,21.8,2.6,1.0,0.7,0.1,0.2,0.2,2.3,3.1,0.0,0.0,3.5,1.9,0.1,0.2,1.0,37.7,36.2,36.2,45.2,36.2,36.2,36.2,57.2,1.7,0.6,0.3,4.3,0.1,4.7,0.2,8.2,7.9,1.3,11.4,0.3,26.2,1.9,90.3,91.6,98.5,84.6,99.7,69.2,98.1,1600.0,16.00,16,18,18,36,74,560,1,42.5,31.7,36.2,30.1,30.1,30.1,30.4,29.8,30.4,29.8,30.6,30.6,31.2,26.7,1.175,0.994,1.175,2.458,4.958,2.453,2.453,20.828,0.223,0.201,0.069,0.318,0.023,0.634,0.093,2.523,4.942,7.465,20.877,1600.0,1600.0,2313.8,2313.8,4650.0,27.5,4.1,2.7,33.3,184.7,No,No,No,0.179,0.038,0.1,43.0,36.5,34.5,33.0,32.5,34.0,34.5,12.168,5.000,1.002,1.352,0.574,0.856,0.876,1.562,3.356,1.836,1213,712,547,555,1.056,1.268,34,34,41,79.0,100.0,No,No,80665,102287,0.0,0.0,0.0,0.000,0.000,16356,8945,44.1,50.0,51.7,50,50,50,50,50,48,50,48,50,83.0,0.694,12.212,12.280,12.197,12.176,12.193,1373,1403,79.361,8.097,17.562,1.572,8.209,7.756,7.096,17.562,7.104,1.329,4.682,310.000,350.000,1170.0,101.2,1020.0,1170.0,1110.0,975.0,929.8,79.3,881.6,1.0,1.0,0.0,0.0,7.2,0.0,0.0,0.0,0.0,0.0,60,67,Yes,No,No,No,No,Yes,No,8.0,12.2,2,0,0,0,0,0,0,0,0,61,0,0,0,0,0,0,0,0,0,0,0,0,0,0,0,0,0,0,0,0,7599,593,423,33,5.0,3.8,55.7,1.9,1.9,1.9,1.9,3.8,55.1,1.9,1.9,1.9,1.9,266.60,531.44,17.94,16.58,533.97,533.97,0.70,266.00,266.60,0.00,141.91,311,16,1.0,0.2,0,0,0.0,0.0,0,
25.8.2026,15:48:9.933,5223,14030,27.1,5554,10755,34.0,0.0,2944,1,0.955,0.950,0.956,0.956,0.956,0.956,0.956,3675.0,3675.0,3675.0,3675.0,3675.0,3675.0,3675.0,100.0,50.8,196.2,3.7,8.2,15.2,78.1,79.8,0.7,0.3,82.5,132.4,5.2,7.8,50.8,1.2,1.2,0.0,0.0,0.0,2.2,2.6,0.0,0.0,2.3,3.4,2.1,0.0,3.4,1.2,1.0,0.8,0.1,0.2,0.4,2.1,2.6,0.0,0.0,2.1,3.4,0.1,0.2,1.0,36.8,36.8,36.8,36.8,36.8,36.8,36.8,52.1,1.7,0.7,0.5,4.0,0.0,4.6,0.3,11.6,9.2,3.2,18.4,0.5,36.8,1.6,86.8,90.3,96.4,77.7,99.5,58.7,98.2,1600.0,16.00,16,18,18,36,74,560,1,40.5,31.4,36.8,30.2,30.2,30.2,30.5,29.9,30.6,29.8,30.7,30.7,30.8,27.1,1.156,1.000,1.163,2.744,4.359,2.752,2.752,19.917,0.224,0.206,0.087,0.329,0.017,0.633,0.072,2.812,4.344,7.155,19.866,1600.0,1600.0,2359.1,2359.1,4650.0,26.1,4.6,3.1,33.1,204.1,No,No,No,0.176,0.037,0.1,40.0,36.5,34.5,33.0,32.5,34.0,34.5,12.192,5.010,1.002,1.352,0.522,0.854,0.876,1.562,3.356,1.836,1122,714,549,543,1.056,1.254,34,34,41,79.0,100.0,No,No,80665,102287,0.0,0.0,0.0,0.000,0.000,16356,8945,42.4,48.0,49.9,47,48,46,48,48,46,48,46,48,83.0,0.694,12.211,12.281,12.197,12.175,12.193,1371,1402,21.643,7.512,16.608,1.523,7.769,7.305,6.560,16.608,6.572,1.289,3.371,310.000,350.000,1170.0,101.2,1020.0,265.5,1110.0,975.0,1029.0,88.6,984.9,1.0,1.0,0.0,0.0,7.2,0.0,0.0,0.0,0.0,0.0,60,67,Yes,No,No,No,No,Yes,No,7.5,10.2,2,0,0,0,0,0,0,0,0,61,0,0,0,0,0,0,0,0,0,0,0,0,0,0,0,0,0,0,0,0,7599,593,423,33,5.0,3.4,44.3,1.9,1.9,1.9,1.9,3.4,43.5,1.9,1.9,1.9,1.9,294.12,529.67,22.59,16.90,533.70,533.70,0.91,293.20,294.12,0.00,172.14,311,16,24.5,0.9,0,0,0.0,0.0,0,
25.8.2026,15:48:11.944,5222,14031,27.1,5554,10755,34.0,0.0,2944,1,0.956,0.956,0.956,0.956,0.956,0.956,0.956,3675.0,3675.0,3675.0,3675.0,3675.0,3675.0,3675.0,100.0,49.9,217.7,2.4,12.3,10.8,101.2,83.9,1.6,1.1,34.2,104.4,14.6,14.3,49.9,0.9,1.0,0.3,1.3,0.5,1.0,1.4,0.2,0.2,0.2,2.6,0.0,2.8,2.8,0.9,0.9,0.8,0.1,0.3,0.3,2.7,2.2,0.0,0.0,0.8,2.6,0.4,0.3,0.9,36.8,36.8,36.8,36.8,36.8,36.8,36.8,57.6,1.5,0.7,0.5,4.1,0.1,3.1,0.5,9.1,7.5,2.9,11.2,0.1,30.9,2.3,89.5,92.0,96.7,84.9,99.9,66.2,97.5,1600.0,16.00,16,18,18,36,74,560,1,38.9,31.3,36.0,30.1,30.0,30.1,30.3,29.8,30.3,29.8,30.5,30.5,32.8,26.8,1.156,0.994,1.163,2.466,4.286,2.468,2.468,19.240,0.206,0.197,0.075,0.347,0.012,0.532,0.073,2.518,4.273,6.791,19.242,1600.0,1600.0,2232.5,2232.5,4650.0,25.3,4.1,2.7,32.9,198.9,No,No,No,0.176,0.037,0.1,39.0,36.5,34.5,33.0,32.5,34.5,34.5,12.192,5.010,1.002,1.352,0.734,0.852,0.876,1.564,3.356,1.836,1110,707,550,545,1.056,1.248,34,34,41,79.0,100.0,No,No,80665,102287,0.0,0.0,0.0,0.000,0.002,16356,8945,41.6,48.0,49.4,46,48,46,46,46,46,46,46,46,83.0,0.694,12.216,12.285,12.203,12.180,12.198,1368,1397,21.519,7.437,16.424,1.437,7.700,7.271,6.514,16.424,6.522,1.279,3.366,310.000,350.000,1170.0,101.2,1020.0,275.3,1110.0,975.0,843.8,72.4,804.4,1.0,1.0,0.0,0.0,7.2,0.0,0.1,0.0,0.0,0.0,60,67,Yes,No,No,No,No,Yes,No,7.4,8.3,2,0,0,0,0,0,0,0,0,61,0,0,0,0,0,0,0,0,0,0,0,0,0,0,0,0,0,0,0,0,7599,593,423,33,5.0,3.1,43.6,1.9,1.9,1.9,1.9,3.1,43.1,1.9,1.9,1.9,1.9,324.70,532.71,22.94,17.11,533.20,533.20,0.77,323.91,324.70,0.00,129.20,311,16,1.2,0.0,0,0,0.0,0.0,0,
25.8.2026,15:48:13.958,5983,13270,31.0,5957,10352,36.5,0.0,2944,1,1.188,1.188,1.188,1.188,1.188,1.188,1.188,4072.5,3620.0,4525.0,4525.0,3620.0,4525.0,3620.0,100.0,196.3,224.1,10.5,96.7,54.1,437.7,147.9,14.9,5.0,1192.7,88.3,46.2,37.7,196.3,4.9,1.0,1.6,3.5,2.6,10.9,3.9,1.7,0.0,26.8,1.8,2.4,2.9,26.8,4.9,4.8,1.3,0.3,2.5,1.4,11.7,3.9,0.4,0.1,32.1,2.2,1.2,1.0,4.8,40.7,36.2,45.2,45.2,36.2,45.2,36.2,43.0,8.1,1.5,3.5,12.7,0.5,28.4,1.9,16.4,18.3,19.5,22.1,2.2,22.9,13.5,75.6,80.5,77.0,65.3,97.3,48.9,84.8,1600.0,16.00,16,18,18,36,74,560,1,40.5,34.6,45.0,31.3,30.8,30.7,31.9,30.2,33.9,30.3,31.1,31.1,32.0,27.1,1.181,0.994,1.194,5.593,4.518,5.564,5.564,23.759,0.654,0.363,0.405,0.906,0.069,1.892,0.288,6.311,4.501,10.811,23.916,1600.0,1600.0,2789.3,2789.3,4650.0,31.5,9.3,6.2,36.4,159.7,No,No,No,0.562,0.370,0.5,38.0,36.5,34.5,33.0,32.5,34.5,34.5,12.168,5.000,1.004,1.352,1.164,0.852,0.874,1.560,3.352,1.836,1075,727,550,543,1.056,1.265,34,34,41,79.0,100.0,No,No,80665,102287,0.0,0.0,0.0,0.000,0.081,16356,8946,41.2,46.0,48.8,46,46,46,46,46,46,46,46,46,83.0,0.694,12.212,12.282,12.198,12.176,12.193,1353,1385,21.544,7.609,16.837,1.474,7.868,7.488,6.657,16.837,6.661,1.258,3.402,310.000,350.000,1170.0,101.2,1020.0,285.8,1110.0,975.0,853.1,73.0,809.4,1.0,1.0,0.0,0.0,7.2,0.0,0.1,0.0,0.0,0.0,59,66,Yes,No,No,No,No,Yes,No,7.6,12.6,2,0,0,0,0,0,0,0,0,61,0,0,0,0,0,0,0,0,0,0,0,0,0,0,0,0,0,0,0,0,7599,593,423,33,5.0,4.2,61.4,1.9,1.9,1.9,1.9,4.2,60.1,1.9,1.9,1.9,1.9,239.71,533.30,16.29,16.27,533.31,533.31,0.74,238.98,239.71,0.00,106.55,311,16,1.1,0.0,0,0,0.0,0.0,0,
25.8.2026,15:48:15.954,7583,11670,39.3,6281,10028,38.5,0.0,2944,1,1.162,1.169,1.163,1.163,1.163,1.163,1.156,3770.8,3620.0,3620.0,4525.0,3620.0,3620.0,3620.0,100.0,459.6,85.4,33.5,115.2,149.7,149.7,3182.1,16.2,27.0,364.7,1290.4,60.0,41.7,459.6,9.5,1.0,0.0,0.8,3.2,1.5,70.2,0.1,0.4,7.9,28.4,0.0,0.0,70.2,9.5,12.2,1.3,0.9,2.9,3.9,4.0,85.7,0.4,0.7,9.7,34.6,1.5,1.0,12.2,37.7,36.2,36.2,45.2,36.2,36.2,36.2,0.0,20.4,2.2,6.3,73.8,1.0,36.7,2.4,30.4,17.7,46.5,26.2,11.9,58.2,22.0,49.2,80.1,47.2,0.0,87.0,5.1,75.6,1600.0,16.00,16,18,18,36,74,560,1,43.8,43.8,43.8,34.6,33.4,32.3,41.7,31.3,37.7,31.3,33.1,33.1,32.5,28.1,1.169,0.994,1.175,12.325,5.553,12.340,13.101,35.719,1.462,0.334,0.832,4.193,0.205,2.825,0.381,14.442,5.519,19.960,35.664,1600.0,1600.0,4522.8,4522.8,4650.0,46.9,20.6,14.6,46.1,163.8,No,No,No,0.473,0.353,1.2,43.0,36.5,34.5,33.0,32.5,34.5,34.5,12.120,4.970,1.004,1.348,1.166,0.852,0.874,1.554,3.324,1.836,1099,713,549,542,1.056,1.263,34,34,41,79.0,100.0,No,No,80665,102287,0.0,0.0,0.0,0.000,0.092,16356,8946,50.5,52.0,60.3,52,52,52,52,52,52,50,50,52,83.0,0.819,12.108,12.207,12.091,12.077,12.055,1330,1362,83.633,73.933,158.477,21.558,73.899,62.994,37.130,158.477,37.154,22.889,92.816,310.000,350.000,1170.0,1156.5,1305.0,694.8,1410.0,1245.0,1170.3,1155.8,1410.0,100.0,10.0,0.0,0.0,18.7,0.0,0.0,0.0,0.0,0.0,59,66,Yes,No,No,No,No,Yes,No,63.1,62.2,2,0,0,0,0,0,0,0,0,62,0,0,0,0,0,0,0,0,0,0,0,0,0,0,0,0,0,0,0,0,6658,1534,1364,107,16.0,2.8,38.0,1.8,1.8,1.8,1.8,2.8,37.5,1.8,1.8,1.8,1.8,361.01,549.55,26.35,17.34,550.22,550.22,0.40,360.52,361.01,0.00,183.42,311,16,1.0,0.0,0,0,0.0,0.0,0,
25.8.2026,15:48:17.960,7584,11669,39.3,6281,10029,38.5,0.0,2944,1,1.238,1.238,1.238,1.238,1.238,1.238,1.238,3875.0,3720.0,3720.0,4650.0,3720.0,3720.0,3720.0,100.0,445.4,74.2,33.7,78.5,27.3,3.0,4607.9,17.0,4.2,286.0,153.8,42.8,16.1,445.4,10.3,0.9,2.9,2.6,0.5,0.7,100.0,0.2,0.7,7.3,3.8,2.5,1.0,100.0,10.3,11.9,1.1,0.9,2.1,0.7,0.1,124.5,0.3,0.1,7.6,4.1,1.1,0.4,11.9,38.8,37.2,37.2,46.5,37.2,37.2,37.2,0.0,19.6,1.9,2.8,100.0,0.6,10.9,1.5,15.8,8.6,17.2,0.0,13.5,45.3,10.4,64.5,89.5,80.1,0.0,85.9,43.8,88.1,1600.0,16.00,16,18,18,36,74,560,1,46.9,46.7,48.0,34.8,34.0,31.7,46.7,31.3,33.8,31.2,33.3,33.3,32.8,27.9,1.237,0.994,1.244,11.092,5.848,11.088,12.994,35.538,1.210,0.254,0.393,5.052,0.233,1.072,0.253,13.537,5.812,19.349,35.583,1600.0,1600.0,4608.0,4608.0,4650.0,46.8,18.5,14.4,49.2,185.7,No,No,No,0.135,0.157,1.2,46.0,37.0,35.0,33.0,32.5,34.5,35.0,12.120,4.970,1.004,1.348,1.248,0.850,0.872,1.554,3.324,1.836,1173,722,546,554,1.056,1.239,34,34,41,79.0,100.0,No,No,80665,102287,0.0,0.1,0.1,0.000,0.167,16356,8946,51.9,54.0,61.8,54,54,54,52,54,54,54,52,54,83.0,0.819,12.110,12.210,12.095,12.078,12.057,1319,1360,196.912,73.535,157.922,21.453,73.741,62.711,37.016,157.922,37.040,23.389,90.625,310.000,350.000,1170.0,1156.5,1305.0,1170.0,1410.0,1245.0,1170.0,1154.9,1409.9,100.0,10.0,0.0,0.0,18.7,24.2,96.7,0.0,0.0,0.0,59,66,Yes,No,No,No,No,Yes,No,62.9,63.8,2,0,0,0,0,0,0,0,0,62,0,0,0,0,0,0,0,0,0,0,0,0,0,0,0,0,0,0,0,0,6658,1534,1364,107,16.0,4.8,61.8,2.0,1.9,1.9,1.9,4.8,60.0,2.0,1.9,1.9,1.9,209.81,512.73,16.19,16.17,516.76,516.76,0.70,209.15,209.81,0.00,116.63,311,16,2.6,0.0,0,0,0.0,0.0,0,
25.8.2026,15:48:19.959,7587,11667,39.4,6281,10028,38.5,0.0,2944,1,1.262,1.262,1.262,1.262,1.262,1.262,1.262,3875.0,3720.0,3720.0,4650.0,3720.0,3720.0,3720.0,100.0,447.8,73.5,39.7,80.0,47.2,2439.8,2165.3,31.9,3.8,307.8,123.2,41.8,19.8,447.8,9.8,0.7,0.2,2.8,1.1,52.8,46.1,0.6,0.0,7.9,3.1,1.7,0.4,52.8,9.8,12.0,0.8,1.1,2.1,1.2,65.9,58.5,0.7,0.1,8.2,3.3,1.1,0.5,12.0,38.8,37.2,37.2,46.5,37.2,37.2,37.2,0.0,19.6,1.9,3.4,98.6,1.0,10.8,1.6,16.6,9.4,15.8,1.4,12.5,48.6,11.9,63.8,88.7,80.8,0.0,86.5,40.6,86.5,1600.0,16.00,16,18,18,36,74,560,1,47.9,47.8,50.0,35.2,34.4,32.0,47.8,31.6,34.3,31.4,33.6,33.6,32.2,28.4,1.256,0.994,1.269,11.285,5.859,11.283,13.366,36.048,1.290,0.282,0.426,5.339,0.253,1.152,0.290,14.013,5.822,19.835,36.077,1600.0,1600.0,4645.9,4645.9,4650.0,47.5,18.8,14.9,50.3,180.2,No,No,No,0.140,0.189,1.2,47.0,37.0,35.0,33.0,33.0,34.5,35.0,12.096,4.970,1.004,1.348,1.238,0.848,0.872,1.554,3.324,1.836,1203,716,545,554,1.056,1.255,34,34,41,79.0,100.0,No,No,80665,102287,0.0,0.0,0.0,0.000,0.032,16356,8946,52.2,56.0,62.2,54,56,54,54,54,54,54,54,54,83.0,0.819,12.105,12.203,12.090,12.073,12.054,1315,1360,196.754,72.579,157.736,21.477,73.554,62.684,37.102,157.736,37.127,16.522,89.278,310.000,350.000,1170.0,1156.5,1305.0,1170.0,1410.0,1245.0,1170.6,1155.4,1409.9,100.0,10.0,0.0,0.0,18.7,25.0,100.0,0.0,0.0,0.0,59,66,Yes,No,No,No,No,Yes,No,62.9,63.1,2,0,0,0,0,0,0,0,0,62,0,0,0,0,0,0,0,0,0,0,0,0,0,0,0,0,0,0,0,0,6658,1534,1364,107,16.0,3.6,60.9,1.9,1.9,1.9,1.9,3.6,60.1,1.9,1.9,1.9,1.9,276.49,533.32,16.43,16.41,533.32,533.32,0.72,275.78,276.49,0.00,106.51,311,16,1.2,0.0,0,0,0.0,0.0,0,
25.8.2026,15:48:21.974,7585,11668,39.3,6283,10026,38.5,0.0,2944,1,1.232,1.238,1.231,1.231,1.231,1.231,1.231,3875.0,3720.0,3720.0,4650.0,3720.0,3720.0,3720.0,100.0,445.3,63.8,24.7,61.3,62.7,4577.4,14.7,19.2,3.7,298.4,156.2,30.4,30.5,445.3,9.6,1.6,0.0,1.4,0.6,98.5,0.1,1.0,0.0,7.6,3.9,0.0,0.6,98.5,9.6,11.9,1.0,0.6,1.6,1.6,123.7,0.4,0.4,0.1,8.0,4.1,0.8,0.8,11.9,38.8,37.2,37.2,46.5,37.2,37.2,37.2,0.0,19.6,1.7,3.3,98.6,0.6,11.6,1.6,18.1,10.0,18.3,1.4,13.3,52.8,12.6,62.4,88.3,78.4,0.0,86.1,35.6,85.8,1600.0,16.00,16,18,18,36,74,560,1,48.2,48.0,48.2,35.4,34.6,32.1,48.0,31.7,34.6,31.6,33.8,33.8,33.2,27.2,1.263,0.994,1.269,11.789,5.850,11.790,13.425,36.724,1.309,0.274,0.444,5.355,0.244,1.240,0.295,14.646,5.813,20.459,36.704,1600.0,1600.0,4644.7,4644.7,4650.0,48.3,19.6,14.9,50.5,185.8,No,No,No,0.146,0.173,1.2,48.0,37.0,35.0,33.0,33.0,34.5,35.0,12.120,4.970,1.004,1.348,1.238,0.846,0.872,1.552,3.320,1.836,1264,697,547,554,1.056,1.262,34,34,41,79.0,100.0,No,No,80665,102287,0.0,0.0,0.0,0.000,0.067,16356,8946,52.4,54.0,62.5,54,56,54,54,54,54,54,54,56,83.0,0.819,12.107,12.206,12.092,12.076,12.055,1315,1361,193.781,73.220,158.186,21.532,73.667,62.963,37.081,158.186,37.103,22.617,87.648,310.000,350.000,1170.0,1156.5,1305.0,1170.0,1410.0,1245.0,1170.2,1155.2,1409.9,100.0,10.0,0.0,0.0,18.7,24.1,96.5,0.0,0.0,0.0,59,66,Yes,No,No,No,No,Yes,No,63.0,63.7,2,0,0,0,0,0,0,0,0,62,0,0,0,0,0,0,0,0,0,0,0,0,0,0,0,0,0,0,0,0,6658,1534,1364,107,16.0,4.0,60.8,1.9,1.9,1.9,1.9,3.9,60.0,1.9,1.9,1.9,1.9,253.16,533.28,16.45,16.44,533.28,533.28,0.61,252.64,253.16,0.00,106.69,311,16,0.7,0.0,0,0,0.0,0.0,0,
25.8.2026,15:48:23.970,7586,11667,39.4,6279,10030,38.5,0.0,2944,1,1.244,1.244,1.244,1.244,1.244,1.244,1.244,3875.0,3720.0,3720.0,4650.0,3720.0,3720.0,3720.0,100.0,442.3,74.5,22.7,78.2,32.8,2227.4,2110.0,20.1,4.4,569.3,107.7,41.9,18.8,442.3,10.2,1.4,4.4,2.2,1.7,47.2,46.3,0.5,0.2,14.1,2.9,1.9,0.0,47.2,10.2,11.8,1.3,0.6,2.1,0.8,60.2,57.0,0.4,0.1,15.3,2.8,1.1,0.5,11.8,38.8,37.2,37.2,46.5,37.2,37.2,37.2,0.0,19.5,2.0,2.9,93.3,0.7,16.6,1.6,17.3,10.3,18.1,6.7,12.9,43.9,12.1,63.2,87.8,79.0,0.0,86.4,39.5,86.3,1600.0,16.00,16,18,18,36,74,560,1,48.5,47.9,48.5,35.5,34.6,32.2,47.4,31.8,35.2,31.7,33.8,33.8,33.2,28.1,1.244,0.994,1.250,11.875,5.862,11.876,13.285,36.759,1.282,0.289,0.418,5.102,0.239,1.359,0.283,14.698,5.825,20.523,36.768,1600.0,1600.0,4631.2,4631.2,4650.0,48.4,19.8,14.8,50.4,190.3,No,No,No,0.141,0.179,1.2,48.0,37.0,35.0,33.5,33.0,34.5,35.0,12.096,4.960,1.004,1.348,1.244,0.844,0.872,1.554,3.324,1.834,1259,707,546,542,1.056,1.263,34,34,41,79.0,100.0,No,No,80665,102287,0.0,0.0,0.0,0.000,0.051,16356,8946,52.7,56.0,62.8,54,56,54,54,54,54,54,54,56,83.0,0.819,12.107,12.207,12.092,12.075,12.055,1319,1361,192.858,72.673,158.198,21.593,73.713,62.865,37.069,158.198,37.094,15.887,89.443,310.000,350.000,1170.0,1156.5,1305.0,1170.0,1410.0,1245.0,1170.2,1155.5,1410.0,100.0,10.0,0.0,0.0,18.7,25.0,99.9,0.0,0.0,0.0,59,66,Yes,No,No,No,No,Yes,No,63.0,64.1,2,0,0,0,0,0,0,0,0,62,0,0,0,0,0,0,0,0,0,0,0,0,0,0,0,0,0,0,0,0,6658,1534,1364,101,16.0,3.5,55.9,1.8,1.8,1.8,1.8,3.5,55.0,1.8,1.8,1.8,1.8,287.34,548.99,17.88,16.53,549.98,549.98,0.43,286.90,287.34,0.00,141.55,311,16,0.1,0.0,0,0,0.0,0.0,0,
25.8.2026,15:48:25.975,7588,11665,39.4,6282,10027,38.5,0.0,2944,1,1.169,1.169,1.169,1.169,1.169,1.169,1.169,3770.8,3620.0,3620.0,4525.0,3620.0,3620.0,3620.0,100.0,444.4,67.8,28.0,94.1,54.5,63.4,3185.8,20.5,3.8,282.0,1461.6,54.3,17.2,444.4,10.2,1.0,1.5,2.3,1.3,2.2,69.1,0.4,0.9,6.7,32.5,2.1,2.7,69.1,10.2,11.9,1.0,0.7,2.5,1.4,1.7,86.1,0.4,0.1,7.5,39.4,1.4,0.4,11.9,37.7,36.2,36.2,45.2,36.2,36.2,36.2,0.0,19.5,1.8,3.5,70.4,0.7,38.9,1.7,18.8,11.1,17.7,21.8,12.5,38.9,10.9,61.7,87.1,78.7,7.7,86.8,22.2,87.3,1600.0,16.00,16,18,18,36,74,560,1,48.2,47.0,46.2,35.3,34.1,32.3,43.4,31.8,38.3,31.8,33.8,33.8,33.0,28.2,1.169,0.994,1.175,11.358,5.868,11.360,12.759,35.815,1.205,0.267,0.410,3.832,0.217,2.245,0.261,13.724,5.831,19.555,35.802,1600.0,1600.0,4581.9,4581.9,4650.0,47.1,18.9,14.2,49.5,188.7,No,No,No,0.140,0.190,1.2,48.0,37.0,35.0,33.5,33.0,34.5,35.0,12.120,4.970,1.004,1.348,1.172,0.844,0.870,1.552,3.324,1.836,1261,705,546,542,1.056,1.254,34,34,42,79.0,100.0,No,No,80665,102287,0.0,0.0,0.0,0.000,0.134,16356,8947,52.7,56.0,62.7,54,56,54,54,54,54,54,54,56,83.0,0.819,12.109,12.208,12.092,12.077,12.056,1318,1364,196.751,73.305,158.186,21.596,73.680,62.899,37.036,158.186,37.064,23.628,87.473,310.000,350.000,1170.0,1156.5,1305.0,1170.0,1410.0,1245.0,1170.6,1155.2,1409.4,100.0,10.0,0.0,0.0,18.7,25.0,100.0,0.0,0.0,0.0,59,66,Yes,No,No,No,No,Yes,No,63.0,63.9,2,0,0,0,0,0,0,0,0,62,0,0,0,0,0,0,0,0,0,0,0,0,0,0,0,0,0,0,0,0,6658,1534,1364,101,16.0,4.8,61.6,1.9,1.9,1.9,1.9,4.8,60.0,1.9,1.9,1.9,1.9,209.91,515.08,16.23,16.21,516.42,516.42,0.76,209.17,209.91,0.00,103.29,311,16,0.1,0.0,0,0,0.0,0.0,0,
25.8.2026,15:48:27.971,5223,14031,27.1,5555,10754,34.0,0.0,2944,1,0.996,0.956,0.956,0.956,0.956,0.956,1.194,3629.2,3675.0,3620.0,3620.0,3620.0,3620.0,3620.0,100.0,469.8,108.9,48.9,204.7,67.1,305.0,2811.1,19.7,4.2,569.9,1408.6,67.6,22.0,469.8,10.3,1.4,0.4,3.8,1.5,6.8,62.0,0.0,0.0,13.3,31.8,0.8,1.2,62.0,10.3,12.5,1.6,1.3,5.5,1.7,8.2,75.9,0.4,0.1,15.3,38.0,1.8,0.5,12.5,36.3,36.8,36.2,36.2,36.2,36.2,36.2,0.0,20.3,2.6,6.1,66.5,0.6,43.8,2.1,18.7,13.0,22.5,20.9,15.1,27.5,13.4,61.0,84.3,71.3,12.6,84.3,28.7,84.5,1600.0,16.00,16,18,18,36,74,560,1,47.8,45.1,38.8,35.1,33.9,32.7,41.4,31.9,38.7,31.9,33.7,33.7,32.2,27.6,1.156,0.994,1.163,10.673,5.918,10.685,12.723,34.773,1.182,0.294,0.549,3.309,0.214,2.442,0.285,12.513,5.881,18.394,34.708,1600.0,1600.0,4495.1,4495.1,4650.0,45.7,17.8,14.1,47.5,175.3,No,No,No,0.416,0.607,1.2,47.0,37.0,35.0,33.5,33.5,34.5,35.5,12.168,4.990,1.004,1.348,1.182,0.842,0.870,1.558,3.324,1.836,1261,704,546,542,1.056,1.237,34,34,41,79.0,100.0,No,No,80665,102287,0.0,0.2,0.2,0.008,0.104,16356,8947,47.2,54.0,57.6,54,54,54,54,54,54,54,52,54,83.0,0.819,12.172,12.266,12.155,12.132,12.134,1330,1373,196.963,30.224,64.385,2.919,31.968,29.470,34.097,64.385,34.116,2.077,8.600,310.000,350.000,1170.0,1187.7,1305.0,1170.0,1410.0,1245.0,1170.0,1186.3,1410.0,1.0,0.0,0.0,0.0,7.2,0.0,0.0,0.0,0.0,0.0,59,66,Yes,No,No,No,No,Yes,No,31.8,45.8,2,0,0,0,0,0,0,0,0,62,0,0,0,0,0,0,0,0,0,0,0,0,0,0,0,0,0,0,0,0,7599,593,423,27,16.0,3.3,42.7,1.9,1.9,1.9,1.9,3.3,42.9,1.9,1.9,1.9,1.9,299.96,529.68,23.39,17.40,533.35,533.35,0.37,299.54,299.96,0.00,172.16,311,16,0.0,0.0,0,0,0.0,0.0,0,
25.8.2026,15:48:29.969,5218,14036,27.1,5547,10762,34.0,0.0,2944,1,0.956,0.956,0.956,0.956,0.956,0.956,0.956,3675.0,3675.0,3675.0,3675.0,3675.0,3675.0,3675.0,100.0,60.2,186.3,8.3,15.1,23.5,89.1,153.2,1.5,1.8,110.7,112.4,6.0,14.9,60.2,0.8,0.4,0.0,0.8,0.0,1.7,2.3,0.0,0.0,2.2,2.2,0.0,0.0,2.3,0.8,1.2,0.8,0.2,0.4,0.6,2.3,4.0,0.0,0.0,2.9,2.8,0.1,0.4,1.2,36.8,36.8,36.8,36.8,36.8,36.8,36.8,49.0,2.1,0.9,0.9,5.1,0.1,5.2,0.5,11.3,2.3,5.3,18.3,0.1,37.5,4.1,86.7,96.9,93.8,76.8,99.8,57.4,95.7,1600.0,16.00,16,18,18,36,74,560,1,45.1,33.0,37.5,31.5,31.4,31.4,31.9,31.2,31.8,31.1,31.9,31.9,32.0,27.9,1.175,0.994,1.181,2.815,5.087,2.819,2.819,22.001,0.261,0.138,0.145,0.474,0.015,0.688,0.104,2.934,5.068,8.001,21.997,1600.0,1600.0,2581.5,2581.5,4650.0,28.9,4.7,3.1,34.7,183.5,No,No,No,0.216,0.077,0.1,45.0,37.5,35.0,33.5,33.5,35.0,35.0,12.192,5.000,1.004,1.352,0.912,0.842,0.868,1.562,3.356,1.836,1261,709,547,543,1.056,1.269,34,34,41,79.0,100.0,No,No,80665,102287,0.0,0.0,0.0,0.051,0.040,16356,8947,44.4,52.0,53.7,52,52,50,52,52,52,52,50,52,83.0,0.725,12.189,12.278,12.170,12.152,12.158,1335,1376,93.907,21.789,45.958,2.222,23.877,19.844,25.338,45.958,25.360,1.487,6.055,310.000,350.000,1275.0,625.2,1140.0,1275.0,1230.0,1080.0,1275.5,624.5,1229.6,1.0,0.0,0.0,0.0,7.2,0.0,0.0,0.0,0.0,0.0,59,66,Yes,No,No,No,No,Yes,No,23.0,33.6,2,0,0,0,0,0,0,0,0,62,0,0,0,0,0,0,0,0,0,0,0,0,0,0,0,0,0,0,0,0,7599,593,423,27,16.0,3.1,43.9,1.9,1.9,1.9,1.9,3.1,43.2,1.9,1.9,1.9,1.9,324.79,533.26,22.80,16.95,533.78,533.78,0.36,324.44,324.79,0.00,141.55,311,16,0.1,0.0,0,0,0.0,0.0,0,
25.8.2026,15:48:31.984,5215,14038,27.0,5545,10764,34.0,0.0,2944,1,0.956,0.956,0.956,0.956,0.956,0.956,0.956,3675.0,3675.0,3675.0,3675.0,3675.0,3675.0,3675.0,100.0,48.3,195.0,0.5,8.3,8.3,111.0,101.3,0.3,0.3,65.7,78.1,3.2,8.0,48.3,3.6,0.9,1.8,0.5,0.5,1.2,2.6,25.8,5.4,1.8,1.3,0.0,2.0,25.8,3.6,0.9,0.7,0.0,0.2,0.2,3.0,2.7,0.0,0.0,1.7,1.9,0.1,0.2,0.9,36.8,36.8,36.8,36.8,36.8,36.8,36.8,63.3,1.5,0.5,0.3,4.5,0.0,3.2,0.2,7.4,4.5,1.6,12.4,0.0,24.4,1.4,91.3,95.1,98.2,83.3,100.0,72.6,98.7,1600.0,16.00,16,18,18,36,74,560,1,42.8,32.1,37.2,31.0,31.0,31.1,31.3,30.9,31.2,30.8,31.4,31.4,32.5,27.8,1.156,0.994,1.163,2.148,4.318,2.146,2.146,19.007,0.221,0.168,0.085,0.387,0.009,0.587,0.089,2.217,4.306,6.523,19.000,1600.0,1600.0,2210.0,2210.0,4650.0,25.0,3.6,2.4,33.8,163.3,No,No,No,0.211,0.038,0.1,43.0,37.0,34.5,33.5,33.0,35.0,34.5,12.192,5.010,1.002,1.348,0.988,0.840,0.868,1.564,3.360,1.836,1207,698,549,557,1.057,1.264,34,34,41,79.0,100.0,No,No,80665,102287,0.0,0.0,0.0,0.000,0.045,16356,8947,41.4,48.0,49.0,47,48,46,48,48,46,46,46,48,83.0,0.725,12.211,12.280,12.197,12.175,12.193,1327,1373,26.771,7.386,16.273,1.437,7.513,7.317,5.999,16.273,6.008,1.428,4.222,310.000,350.000,1275.0,101.2,1140.0,349.1,1230.0,1080.0,912.3,71.8,880.0,1.0,1.0,0.0,0.0,7.2,0.0,0.1,0.0,0.0,0.0,59,66,Yes,No,No,No,No,Yes,No,7.2,8.2,2,0,0,0,0,0,0,0,0,63,0,0,0,0,0,0,0,0,0,0,0,0,0,0,0,0,0,0,0,0,7599,593,423,27,5.0,4.1,60.8,1.9,1.9,1.9,1.9,4.1,60.0,1.9,1.9,1.9,1.9,243.05,533.57,16.44,16.43,533.59,533.59,0.69,242.38,243.05,0.00,106.53,311,16,0.6,0.0,0,0,0.0,0.0,0,
25.8.2026,15:48:33.985,5217,14036,27.0,5546,10763,34.0,0.0,2944,1,0.956,0.956,0.956,0.956,0.956,0.956,0.956,3675.0,3675.0,3675.0,3675.0,3675.0,3675.0,3675.0,100.0,39.7,118.0,1.5,5.5,11.4,80.4,87.7,0.5,0.5,57.4,102.9,3.6,6.5,39.7,1.0,0.0,0.0,0.0,0.5,2.8,2.3,0.2,0.2,0.8,2.6,2.6,0.0,2.8,1.0,0.8,0.5,0.0,0.1,0.3,2.1,2.3,0.0,0.0,1.5,2.6,0.1,0.1,0.8,36.8,36.8,36.8,36.8,36.8,36.8,36.8,58.5,1.4,0.4,0.3,3.6,0.0,3.9,0.2,7.7,1.6,1.4,11.4,0.1,30.2,1.5,91.0,98.2,98.4,85.1,99.9,66.0,98.5,1600.0,16.00,16,18,18,36,74,560,1,40.9,32.0,35.8,31.0,30.9,31.1,31.3,30.9,31.3,30.8,31.5,31.5,31.5,28.1,1.175,0.994,1.181,2.152,4.243,2.153,2.153,18.813,0.182,0.102,0.065,0.302,0.011,0.554,0.058,2.199,4.230,6.429,18.830,1600.0,1600.0,2095.2,2095.2,4650.0,24.8,3.6,2.4,33.7,195.7,No,No,No,0.172,0.036,0.1,41.0,37.0,34.5,33.5,33.0,35.0,34.5,12.192,5.010,1.002,1.352,0.882,0.838,0.868,1.564,3.360,1.836,1160,706,548,544,1.057,1.237,34,34,41,79.0,100.0,No,No,80665,102287,0.0,0.0,0.0,0.000,0.055,16356,8947,40.9,48.0,48.3,46,46,46,46,46,44,46,46,46,83.0,0.725,12.211,12.280,12.196,12.174,12.193,1326,1370,20.887,7.416,16.326,1.375,7.549,7.378,6.145,16.326,6.150,1.413,4.077,310.000,350.000,1275.0,101.2,1140.0,241.4,1230.0,1080.0,669.7,52.7,650.4,1.0,1.0,0.0,0.0,7.2,0.0,0.0,0.0,0.0,0.0,59,66,Yes,No,No,No,No,Yes,No,7.2,8.9,2,0,0,0,0,0,0,0,0,63,0,0,0,0,0,0,0,0,0,0,0,0,0,0,0,0,0,0,0,0,7599,593,423,27,5.0,3.7,61.2,1.9,1.9,1.9,1.9,3.7,60.0,1.9,1.9,1.9,1.9,270.47,532.60,16.35,16.34,533.12,533.12,0.77,269.74,270.47,0.00,128.94,311,16,0.1,0.0,0,0,0.0,0.0,0,
25.8.2026,15:48:35.993,5214,14039,27.0,5544,10765,33.9,0.0,2944,1,0.956,0.956,0.956,0.956,0.956,0.956,0.956,3675.0,3675.0,3675.0,3675.0,3675.0,3675.0,3675.0,100.0,42.0,118.9,2.7,8.0,10.1,110.2,70.6,0.4,1.2,78.6,90.6,5.9,7.1,42.0,1.0,0.8,0.0,0.0,0.0,2.9,1.2,0.0,0.4,2.1,2.4,1.3,0.5,2.9,1.0,0.9,0.5,0.1,0.2,0.3,2.9,1.9,0.0,0.0,2.0,2.2,0.1,0.2,0.9,36.8,36.8,36.8,36.8,36.8,36.8,36.8,59.5,1.5,0.5,0.4,4.1,0.0,3.7,0.3,8.2,1.4,3.2,12.1,0.1,29.7,3.1,90.4,98.3,96.4,84.0,99.9,66.7,96.8,1600.0,16.00,16,18,18,36,74,560,1,39.4,32.0,36.2,31.0,30.9,31.0,31.2,30.8,31.1,30.7,31.4,31.4,31.8,27.9,1.156,0.994,1.163,2.174,4.224,2.176,2.176,18.825,0.181,0.098,0.068,0.311,0.009,0.542,0.056,2.226,4.212,6.438,18.825,1600.0,1600.0,2277.9,2277.9,4650.0,24.8,3.6,2.4,33.7,199.4,No,No,No,0.187,0.038,0.1,39.0,37.0,34.5,33.5,33.0,35.0,34.5,12.192,5.000,1.002,1.352,0.920,0.840,0.866,1.564,3.360,1.836,1092,711,549,557,1.056,1.268,34,34,41,79.0,100.0,No,No,80665,102287,0.0,0.0,0.0,0.000,0.032,16356,8947,40.2,46.0,47.8,45,44,44,44,46,44,46,46,46,83.0,0.725,12.212,12.283,12.198,12.176,12.194,1108,1110,21.143,7.332,15.847,0.774,7.575,7.476,6.121,15.847,6.128,1.402,4.814,310.000,350.000,1275.0,101.2,1140.0,253.8,1230.0,1080.0,902.9,70.9,872.5,0.0,1.0,0.0,0.0,7.2,0.0,0.0,0.0,0.0,0.0,0,0,Yes,No,No,No,No,Yes,No,7.1,11.1,2,0,0,0,0,0,0,0,0,63,0,0,0,0,0,0,0,0,0,0,0,0,0,0,0,0,0,0,0,0,7599,593,423,27,5.0,4.8,61.0,1.9,1.9,1.9,1.9,4.8,60.0,1.9,1.9,1.9,1.9,206.48,528.71,16.39,16.38,533.41,533.41,0.76,205.69,206.48,0.00,113.35,311,16,0.2,0.0,0,0,0.0,0.0,0,
25.8.2026,15:48:37.987,7585,11668,39.3,6304,10006,38.6,0.0,2944,1,1.169,1.169,1.169,1.169,1.169,1.169,1.169,3770.8,3620.0,3620.0,4525.0,3620.0,3620.0,3620.0,100.0,459.0,106.4,32.2,186.9,145.5,620.8,1839.6,22.0,5.3,881.7,1548.1,72.1,47.2,459.0,10.5,1.9,0.0,7.3,5.0,13.2,41.3,0.0,0.0,19.0,34.3,2.5,2.0,41.3,10.5,12.2,1.9,0.8,4.8,3.7,16.6,49.4,0.5,0.1,23.5,41.5,1.8,1.2,12.2,37.7,36.2,36.2,45.2,36.2,36.2,36.2,0.0,20.3,2.6,8.0,54.6,0.7,53.0,2.9,36.1,20.4,58.6,43.7,9.9,47.0,37.3,43.6,77.1,33.4,1.6,89.4,0.0,59.8,1600.0,16.00,16,18,18,36,74,560,1,44.1,43.7,45.2,35.3,33.9,33.3,40.0,31.9,40.5,32.2,33.7,33.7,33.5,28.8,1.169,0.994,1.175,12.634,5.409,12.621,13.332,35.454,1.598,0.389,1.066,3.730,0.177,3.651,0.572,14.790,5.376,20.166,35.559,1600.0,1600.0,4484.2,4484.2,4650.0,46.8,21.0,14.8,46.1,153.6,No,No,No,0.821,0.644,1.2,43.0,37.0,35.0,33.5,33.0,35.0,35.0,12.120,4.970,1.004,1.348,1.172,0.840,0.866,1.562,3.352,1.836,1100,724,547,544,1.056,1.256,34,34,41,79.0,100.0,No,No,80665,102287,0.0,0.0,0.0,0.014,0.063,16356,8947,47.3,50.0,56.9,48,48,48,48,50,48,48,48,50,83.0,0.825,12.101,12.201,12.086,12.070,12.049,0,0,20.573,77.242,166.927,22.742,77.303,66.854,36.833,166.927,36.855,25.534,95.201,310.000,350.000,1275.0,1156.5,1305.0,270.3,1410.0,1245.0,1275.2,1155.7,1409.7,79.0,9.0,0.0,0.0,18.7,0.0,0.0,0.0,0.0,0.0,0,0,Yes,No,No,No,No,Yes,No,65.7,65.8,2,0,0,0,0,0,0,0,0,64,0,0,0,0,0,0,0,0,0,0,0,0,0,0,0,0,0,0,0,0,6658,1534,1364,101,16.0,3.6,60.5,1.8,1.8,1.8,1.8,3.6,60.6,1.8,1.8,1.8,1.8,279.84,548.59,16.54,16.53,549.91,549.91,0.85,278.98,279.84,0.00,109.71,311,16,1.5,0.3,0,0,0.0,0.0,0,
25.8.2026,15:48:39.978,7584,11670,39.3,6276,10033,38.4,0.0,2944,1,1.169,1.169,1.169,1.169,1.169,1.169,1.169,3770.8,3620.0,3620.0,3620.0,3620.0,4525.0,3620.0,100.0,441.5,64.7,30.6,92.0,57.6,163.2,2235.9,7.1,3.7,126.1,2429.0,41.9,45.5,441.5,10.4,0.6,1.8,0.1,1.6,4.7,49.3,4.2,4.8,2.4,53.5,0.5,0.6,53.5,10.4,11.8,1.1,0.8,2.4,1.5,4.4,60.4,0.2,0.1,3.4,65.6,1.1,1.1,11.8,37.7,36.2,36.2,36.2,36.2,45.2,36.2,0.0,19.4,1.5,3.4,53.0,0.3,56.4,2.1,18.6,7.0,15.5,30.8,4.0,29.9,24.7,61.9,91.4,81.1,16.3,95.7,13.8,73.2,1600.0,16.00,16,18,18,36,74,560,1,45.5,45.6,43.2,34.9,33.4,32.3,39.7,31.7,40.4,31.9,33.6,33.6,31.5,28.1,1.163,0.994,1.169,10.483,5.871,10.486,11.906,34.367,1.091,0.199,0.363,2.692,0.087,2.826,0.379,12.287,5.835,18.121,34.366,1600.0,1600.0,4525.0,4525.0,4650.0,45.2,17.5,13.2,48.0,186.3,No,No,No,0.149,0.149,1.2,45.0,37.0,35.0,33.5,33.5,35.0,35.0,12.096,4.970,1.004,1.348,1.174,0.842,0.866,1.552,3.324,1.834,1138,728,546,542,1.056,1.243,34,34,42,79.0,100.0,No,No,80665,102287,0.0,0.0,0.0,0.000,0.065,16356,8947,52.1,54.0,62.1,53,54,52,54,54,52,52,52,54,83.0,0.819,12.103,12.203,12.088,12.072,12.051,0,0,204.353,76.868,166.384,22.636,77.217,66.517,37.105,166.384,37.133,23.595,94.842,310.000,350.000,1275.0,1156.5,1305.0,1275.0,1410.0,1245.0,1275.2,1155.1,1410.4,100.0,11.0,0.0,0.0,18.7,24.1,96.6,0.0,0.0,0.0,0,0,Yes,No,No,No,No,Yes,No,65.7,66.0,2,0,0,0,0,0,0,0,0,64,0,0,0,0,0,0,0,0,0,0,0,0,0,0,0,0,0,0,0,0,6658,1534,1364,101,16.0,3.2,46.4,1.8,1.8,1.8,1.8,3.2,45.8,1.8,1.8,1.8,1.8,316.45,548.96,21.54,17.06,549.96,549.96,0.64,315.87,316.45,0.00,141.37,311,16,2.1,0.1,0,0,0.0,0.0,0,
25.8.2026,15:48:41.996,7588,11665,39.4,6283,10027,38.5,0.0,2944,1,1.169,1.169,1.169,1.169,1.169,1.169,1.169,3770.8,3620.0,3620.0,4525.0,3620.0,3620.0,3620.0,100.0,434.1,67.8,39.6,58.1,48.8,2461.2,950.2,2.9,13.4,264.4,1238.2,25.6,38.7,434.1,9.8,0.9,3.3,2.2,0.5,54.5,20.5,1.0,0.5,6.0,27.6,0.0,1.0,54.5,9.8,11.6,0.8,1.0,1.5,1.2,66.5,25.7,0.1,0.4,7.1,33.4,0.7,0.9,11.6,37.7,36.2,36.2,45.2,36.2,36.2,36.2,0.0,19.1,1.7,2.6,75.4,0.4,33.1,1.6,19.5,8.8,14.4,16.2,4.0,47.0,26.9,61.3,89.6,83.0,8.4,95.6,19.8,71.5,1600.0,16.00,16,18,18,36,74,560,1,45.8,45.4,45.5,34.9,33.8,32.2,42.3,31.8,37.5,31.9,33.6,33.6,33.2,27.8,1.169,0.994,1.175,10.077,5.856,10.077,11.715,33.894,1.085,0.219,0.309,3.528,0.093,1.987,0.372,11.818,5.819,17.638,33.879,1600.0,1600.0,4525.0,4525.0,4650.0,44.6,16.8,13.0,47.7,180.3,No,No,No,0.131,0.167,1.1,45.0,37.0,35.0,33.5,33.5,35.0,35.0,12.096,4.970,1.004,1.348,1.174,0.842,0.864,1.552,3.320,1.836,1210,722,545,542,1.056,1.258,34,34,41,79.0,100.0,No,No,80665,102287,0.0,0.0,0.0,0.001,0.038,16356,8948,52.9,54.0,62.9,54,54,54,54,54,54,54,52,54,83.0,0.819,12.104,12.202,12.088,12.072,12.051,0,0,204.307,76.810,165.514,22.379,76.798,66.314,37.191,165.514,37.217,24.817,95.542,310.000,350.000,1275.0,1156.5,1305.0,1275.0,1410.0,1245.0,1275.5,1155.4,1410.1,100.0,11.0,0.0,0.0,18.7,25.0,100.0,0.0,0.0,0.0,0,0,Yes,No,No,No,No,Yes,No,65.4,66.2,2,0,0,0,0,0,0,0,0,64,0,0,0,0,0,0,0,0,0,0,0,0,0,0,0,0,0,0,0,0,6658,1534,1364,101,16.0,4.4,60.7,1.9,1.9,1.9,1.9,4.4,60.0,1.9,1.9,1.9,1.9,226.48,532.68,16.47,16.46,533.34,533.34,0.66,225.86,226.48,0.00,109.89,311,16,1.9,0.0,0,0,0.0,0.0,0,
25.8.2026,15:48:43.991,7587,11667,39.4,6284,10025,38.5,0.0,2944,1,1.244,1.244,1.244,1.244,1.244,1.244,1.244,3875.0,3720.0,3720.0,4650.0,3720.0,3720.0,3720.0,100.0,449.2,68.6,37.5,58.9,50.9,4540.9,5.3,12.2,11.3,336.4,197.4,42.1,29.4,449.2,10.2,1.1,0.0,2.5,1.5,98.4,0.4,0.6,0.0,9.5,5.3,2.8,0.0,98.4,10.2,12.0,0.8,1.0,1.5,1.3,122.7,0.1,0.3,0.3,9.0,5.3,1.1,0.7,12.0,38.8,37.2,37.2,46.5,37.2,37.2,37.2,0.0,19.8,1.9,2.8,98.5,0.6,13.3,1.9,19.3,6.3,16.0,1.5,4.0,70.9,16.9,60.9,91.9,81.2,0.0,95.4,15.7,81.3,1600.0,16.00,16,18,18,36,74,560,1,47.6,47.3,48.2,35.5,34.6,32.3,47.3,31.8,35.4,31.9,33.9,33.9,33.0,28.6,1.237,0.994,1.250,11.643,5.851,11.638,12.936,36.266,1.266,0.227,0.379,5.075,0.117,1.471,0.329,14.263,5.814,20.077,36.313,1600.0,1600.0,4610.2,4610.2,4650.0,47.8,19.4,14.4,49.8,186.8,No,No,No,0.139,0.185,1.2,47.0,37.0,35.5,33.5,33.5,35.0,35.0,12.096,4.970,1.004,1.348,1.244,0.840,0.864,1.552,3.324,1.836,1188,1433,545,542,1.056,1.248,34,34,41,79.0,100.0,No,No,80665,102287,0.0,0.0,0.0,0.000,0.034,16356,8948,53.7,54.0,64.1,54,56,54,54,54,54,54,52,54,83.0,0.819,12.098,12.189,12.085,12.071,12.049,1257,1307,202.811,78.763,171.076,25.925,77.802,67.317,37.315,171.076,37.341,24.347,96.667,310.000,350.000,1275.0,1156.5,1305.0,1275.0,1410.0,1245.0,1275.2,1155.2,1410.0,100.0,11.0,0.0,0.0,18.7,25.0,100.0,0.0,0.0,0.0,59,66,Yes,No,No,No,No,Yes,No,66.4,66.4,2,0,0,0,0,0,0,0,0,64,0,0,0,0,0,0,0,0,0,0,0,0,0,0,0,0,0,0,0,0,6658,1534,1364,101,16.0,3.8,60.2,1.9,1.9,1.9,1.9,3.8,58.2,1.9,1.9,1.9,1.9,262.38,531.34,16.61,16.15,533.33,533.33,0.47,261.92,262.38,0.00,137.69,311,16,6.2,0.3,0,0,0.0,0.0,0,
25.8.2026,15:48:45.989,7588,11665,39.4,6281,10028,38.5,0.0,2944,1,1.246,1.256,1.244,1.244,1.244,1.244,1.244,3875.0,3720.0,3720.0,4650.0,3720.0,3720.0,3720.0,100.0,445.6,60.2,26.4,71.1,51.9,4590.8,5.2,4.8,12.0,367.3,86.5,39.5,31.9,445.6,10.1,1.2,2.4,1.3,1.5,98.7,0.0,0.0,1.3,9.8,2.4,0.0,3.2,98.7,10.1,11.9,1.0,0.7,1.9,1.3,124.1,0.1,0.1,0.3,9.8,2.2,1.0,0.8,11.9,38.8,37.2,37.2,46.5,37.2,37.2,37.2,0.0,19.6,1.7,3.2,98.8,0.4,11.6,1.9,21.0,7.2,17.4,1.2,4.8,83.0,12.5,59.4,91.1,79.3,0.0,94.8,5.4,85.6,1600.0,16.00,16,18,18,36,74,560,1,48.5,48.4,48.8,35.9,34.9,32.4,48.4,31.8,35.8,31.9,34.1,34.1,32.2,27.9,1.244,0.994,1.250,12.520,5.858,12.519,13.221,37.619,1.345,0.240,0.427,5.377,0.130,1.590,0.308,15.558,5.821,21.380,37.622,1600.0,1600.0,4646.1,4646.1,4650.0,49.5,20.9,14.7,50.9,192.0,No,No,No,0.146,0.177,1.2,48.0,37.5,35.5,33.5,33.5,35.0,35.5,12.120,4.960,1.004,1.348,1.246,0.838,0.864,1.554,3.324,1.834,1272,1445,544,554,1.056,1.247,34,34,42,79.0,100.0,No,No,80665,102287,0.0,0.0,0.0,0.016,0.077,16356,8948,54.3,56.0,64.4,55,56,54,54,54,56,54,54,56,83.0,0.819,12.103,12.200,12.088,12.072,12.050,1054,1059,203.500,77.982,170.013,23.754,78.475,67.774,37.355,170.013,37.383,25.247,91.823,310.000,350.000,1275.0,1156.5,1305.0,1275.0,1410.0,1245.0,1275.5,1155.6,1410.3,100.0,11.0,0.0,0.0,18.7,24.3,97.0,0.0,0.0,0.0,60,67,Yes,No,No,No,No,Yes,No,66.9,66.9,2,0,0,0,0,0,0,0,0,64,0,0,0,0,0,0,0,0,0,0,0,0,0,0,0,0,0,0,0,0,6658,1534,1364,101,16.0,5.0,60.8,1.9,1.9,1.9,1.9,5.0,60.0,1.9,1.9,1.9,1.9,199.86,525.98,16.44,16.43,533.35,533.35,0.62,199.26,199.86,0.00,119.84,311,16,4.3,0.0,0,0,0.0,0.0,0,
25.8.2026,15:48:47.991,7589,11665,39.4,6286,10023,38.5,0.0,2944,1,1.191,1.169,1.200,1.200,1.200,1.188,1.188,3921.7,3620.0,3620.0,4525.0,3620.0,4525.0,3620.0,100.0,436.0,64.9,28.0,52.9,39.5,44.6,3817.2,11.1,22.0,255.9,834.5,34.3,26.9,436.0,10.6,0.7,1.4,2.0,2.4,0.9,83.3,1.7,4.8,5.9,18.7,3.7,1.3,83.3,10.6,11.7,0.8,0.7,1.4,1.0,1.2,103.1,0.3,0.6,6.8,22.5,0.9,0.7,11.7,39.2,36.2,36.2,45.2,36.2,45.2,36.2,0.0,19.1,1.5,2.4,83.9,0.8,24.5,1.5,19.9,6.6,14.7,13.5,3.5,73.1,7.9,61.0,91.9,82.9,2.6,95.7,2.4,90.6,1600.0,16.00,16,18,18,36,74,560,1,48.2,46.9,45.8,35.4,34.3,32.2,45.1,31.8,37.1,31.7,33.9,33.9,32.0,28.0,1.200,0.994,1.212,11.044,5.880,11.030,12.150,35.411,1.192,0.212,0.323,4.332,0.117,1.949,0.217,13.347,5.844,19.191,35.417,1600.0,1600.0,4579.0,4579.0,4650.0,46.6,18.4,13.5,49.4,185.8,No,No,No,0.129,0.166,1.1,48.0,37.5,35.5,33.5,33.5,35.0,35.5,12.120,4.970,1.004,1.352,1.172,0.836,0.864,1.554,3.324,1.836,1283,712,545,553,1.056,1.255,34,34,42,79.0,100.0,No,No,80665,102287,0.0,0.0,0.0,0.000,0.067,16356,8948,54.3,56.0,64.4,55,56,54,56,56,56,54,54,56,83.0,0.819,12.102,12.200,12.088,12.072,12.050,1271,1324,203.412,77.699,168.309,23.631,77.542,67.108,37.259,168.309,37.283,24.320,95.525,310.000,350.000,1275.0,1156.5,1305.0,1275.0,1410.0,1245.0,1275.1,1155.7,1409.6,100.0,11.0,0.0,0.0,18.7,25.0,100.0,0.0,0.0,0.0,60,67,Yes,No,No,No,No,Yes,No,66.3,67.0,2,0,0,0,0,0,0,0,0,64,0,0,0,0,0,0,0,0,0,0,0,0,0,0,0,0,0,0,0,0,6658,1534,1364,101,16.0,3.0,43.5,1.9,1.9,1.9,1.9,3.0,43.2,1.9,1.9,1.9,1.9,328.91,533.40,22.97,17.14,533.40,533.40,0.58,328.41,328.91,0.00,132.98,311,16,1.2,0.0,0,0,0.0,0.0,0,
25.8.2026,15:48:49.990,5211,14042,27.0,5546,10763,34.0,0.0,2944,1,0.956,0.956,0.956,0.956,0.956,0.956,0.956,3675.0,3675.0,3675.0,3675.0,3675.0,3675.0,3675.0,100.0,344.6,94.3,38.1,75.3,209.1,124.1,2853.9,20.5,3.1,245.8,405.4,33.0,32.5,344.6,7.3,1.2,0.1,1.6,4.3,2.6,61.5,0.0,0.0,5.6,9.0,0.7,0.6,61.5,7.3,9.2,1.5,1.0,2.0,5.6,3.3,77.1,0.5,0.1,6.5,10.9,0.8,0.8,9.2,36.8,36.8,36.8,36.8,36.8,36.8,36.8,0.0,15.2,2.4,6.8,64.6,0.6,14.8,1.6,27.8,11.6,24.0,33.1,3.8,81.1,13.3,57.1,86.0,69.2,2.3,95.6,4.2,85.1,1600.0,16.00,16,18,18,36,74,560,1,47.5,43.6,36.8,34.8,34.1,32.8,42.5,31.8,35.6,31.8,33.8,33.8,33.2,28.5,1.175,0.994,1.181,10.373,5.922,10.399,10.399,34.634,1.059,0.280,0.547,3.675,0.104,1.492,0.255,12.384,5.885,18.270,34.589,1600.0,1600.0,4391.7,4391.7,4650.0,45.5,17.3,11.6,45.9,193.6,No,No,No,0.373,0.583,0.9,48.0,37.5,35.5,33.5,33.5,35.5,35.5,12.168,4.990,1.004,1.348,1.048,0.834,0.864,1.558,3.344,1.834,1253,706,546,554,1.056,1.251,34,34,41,79.0,100.0,No,No,80665,102287,0.0,0.0,0.0,0.000,0.079,16356,8948,47.4,54.0,57.5,54,54,54,54,54,54,54,54,54,83.0,0.819,12.174,12.267,12.157,12.135,12.137,1368,1408,164.067,30.128,64.189,2.748,32.010,29.402,34.033,64.189,34.057,2.071,8.456,310.000,350.000,1380.0,1187.7,1305.0,1275.0,1410.0,1245.0,1380.6,1186.0,1410.4,1.0,0.0,0.0,0.0,7.2,0.0,0.0,0.0,0.0,0.0,61,68,Yes,No,No,No,No,Yes,No,31.7,45.6,2,0,0,0,0,0,0,0,0,64,0,0,0,0,0,0,0,0,0,0,0,0,0,0,0,0,0,0,0,0,7599,593,423,27,16.0,4.3,74.9,1.9,1.9,1.9,1.9,4.3,57.7,1.9,1.9,1.9,1.9,233.26,530.72,13.35,12.61,533.23,533.23,0.34,232.90,233.26,0.00,124.92,311,16,0.7,0.0,0,0,0.0,0.0,0,
25.8.2026,15:48:51.997,5212,14042,27.0,5543,10766,33.9,0.0,2944,1,0.956,0.956,0.956,0.956,0.956,0.956,0.956,3665.8,3675.0,3675.0,3675.0,3675.0,3675.0,3620.0,100.0,41.1,93.8,2.7,9.7,9.7,77.3,130.5,0.9,0.3,51.6,106.5,2.9,6.8,41.1,0.6,0.8,0.0,0.0,0.0,1.1,3.1,0.0,0.0,0.6,1.8,0.0,0.0,3.1,0.6,0.9,0.7,0.1,0.2,0.2,2.0,3.5,0.0,0.0,1.3,2.7,0.1,0.2,0.9,36.7,36.8,36.8,36.8,36.8,36.8,36.2,51.4,1.6,0.7,0.5,4.7,0.0,3.6,0.2,9.9,4.4,2.1,12.6,0.1,38.6,1.7,88.5,94.9,97.5,82.7,99.9,57.9,98.3,1600.0,16.00,16,18,18,36,74,560,1,44.9,32.9,38.0,31.3,31.2,31.3,31.6,31.1,31.6,31.0,31.7,31.7,31.5,27.7,1.156,0.994,1.163,2.531,5.067,2.531,2.531,21.575,0.193,0.119,0.057,0.373,0.011,0.571,0.028,2.600,5.048,7.648,21.568,1600.0,1600.0,2252.4,2252.4,4650.0,28.4,4.2,2.8,34.6,218.2,No,No,No,0.160,0.041,0.1,45.0,37.5,35.0,33.5,33.5,35.5,35.0,12.168,5.000,1.004,1.348,1.028,0.832,0.864,1.560,3.352,1.836,1269,708,548,555,1.056,1.263,35,35,42,79.0,100.0,No,No,80665,102287,0.0,0.0,0.0,0.000,0.036,16356,8948,44.9,52.0,54.1,52,52,50,52,52,52,52,50,52,83.0,0.756,12.189,12.277,12.170,12.151,12.159,1391,1419,82.484,22.352,47.366,2.222,24.339,20.790,25.230,47.366,25.244,1.712,6.896,310.000,350.000,1380.0,625.2,1215.0,1379.6,1320.0,1170.0,1380.1,624.6,1319.9,0.0,0.0,0.0,0.0,7.2,0.0,0.0,0.0,0.0,0.0,60,67,Yes,No,No,No,No,Yes,No,23.4,33.7,2,0,0,0,0,0,0,0,0,64,0,0,0,0,0,0,0,0,0,0,0,0,0,0,0,0,0,0,0,0,7599,593,423,27,16.0,3.7,60.8,1.9,1.9,1.9,1.9,3.7,60.0,1.9,1.9,1.9,1.9,270.45,532.22,16.46,16.45,532.72,532.72,0.50,270.00,270.45,0.00,133.43,311,16,1.8,0.0,0,0,0.0,0.0,0,
25.8.2026,15:48:54.005,5212,14042,27.0,5543,10766,33.9,0.0,2944,1,0.956,0.956,0.956,0.956,0.956,0.956,0.956,3675.0,3675.0,3675.0,3675.0,3675.0,3675.0,3675.0,100.0,45.4,162.4,3.6,6.7,8.5,71.0,97.2,0.8,0.9,102.4,81.3,5.8,3.9,45.4,4.4,0.1,0.3,2.6,0.0,0.3,1.7,0.0,36.6,2.5,2.1,6.8,0.0,36.6,4.4,0.9,0.7,0.1,0.2,0.2,1.9,2.6,0.0,0.0,2.7,2.0,0.1,0.1,0.9,36.8,36.8,36.8,36.8,36.8,36.8,36.8,65.3,1.5,0.7,0.3,3.7,0.0,4.2,0.2,6.4,1.5,0.9,12.8,0.0,21.8,1.3,92.3,98.1,98.9,83.7,99.9,74.1,98.8,1600.0,16.00,16,18,18,36,74,560,1,42.5,32.2,37.5,31.1,31.1,31.2,31.4,31.0,31.3,30.9,31.5,31.5,33.2,27.6,1.156,0.994,1.163,2.013,4.128,2.018,2.018,18.301,0.198,0.128,0.060,0.325,0.011,0.573,0.094,2.080,4.117,6.197,18.297,1600.0,1600.0,2104.7,2104.7,4650.0,24.1,3.4,2.2,33.9,170.2,No,No,No,0.183,0.037,0.1,42.0,37.5,35.0,33.5,33.5,35.5,35.0,12.168,5.000,1.002,1.348,0.994,0.832,0.864,1.564,3.356,1.836,1221,713,547,544,1.056,1.261,35,35,42,79.0,100.0,No,No,80665,102287,0.0,0.0,0.0,0.000,0.065,16356,8948,41.9,48.0,49.6,47,48,46,46,48,46,48,46,48,83.0,0.756,12.213,12.281,12.198,12.177,12.194,1391,1415,21.587,7.819,17.358,1.511,7.819,8.012,6.134,17.358,6.135,1.599,4.447,310.000,350.000,1380.0,101.2,1215.0,253.9,1320.0,1170.0,988.5,71.9,951.0,0.0,1.0,0.0,0.0,7.2,0.0,0.1,0.0,0.0,0.0,60,67,Yes,No,No,No,No,Yes,No,7.6,12.5,2,0,0,0,0,0,0,0,0,65,0,0,0,0,0,0,0,0,0,0,0,0,0,0,0,0,0,0,0,0,7599,593,423,27,5.0,3.8,52.6,1.9,1.9,1.9,1.9,3.8,52.2,1.9,1.9,1.9,1.9,262.21,529.26,19.03,16.79,533.27,533.27,0.59,261.59,262.21,0.00,154.02,311,16,3.0,0.0,0,0,0.0,0.0,0,
25.8.2026,15:48:56.026,5209,14044,27.0,5541,10768,33.9,0.0,2944,1,1.066,0.956,0.956,0.956,1.175,1.175,1.175,3647.5,3675.0,3675.0,3675.0,3620.0,3620.0,3620.0,100.0,39.3,107.0,2.3,5.9,8.8,68.3,123.3,1.7,0.4,25.5,119.0,4.2,4.8,39.3,2.8,0.5,0.9,0.2,1.8,2.4,2.8,3.2,17.0,0.7,2.8,0.0,1.0,17.0,2.8,0.8,0.5,0.0,0.1,0.2,1.8,3.2,0.0,0.0,0.6,3.0,0.1,0.1,0.8,36.5,36.8,36.8,36.8,36.2,36.2,36.2,62.7,1.4,0.4,0.3,4.3,0.0,3.4,0.2,7.1,2.2,2.0,12.7,0.2,25.0,0.7,91.6,97.5,97.8,83.3,99.8,71.8,99.3,1600.0,16.00,16,18,18,36,74,560,1,40.8,32.1,37.2,31.1,31.0,31.2,31.4,31.0,31.3,30.9,31.5,31.5,32.2,27.4,1.156,0.994,1.163,2.098,4.237,2.097,2.097,18.570,0.181,0.096,0.053,0.301,0.010,0.594,0.034,2.151,4.223,6.374,18.576,1600.0,1600.0,2007.9,2007.9,4650.0,24.4,3.5,2.3,33.8,192.4,No,No,No,0.170,0.034,0.1,40.0,37.5,34.5,33.5,33.5,35.5,34.5,12.192,5.000,1.002,1.348,0.992,0.830,0.862,1.564,3.360,1.836,1137,702,550,557,1.056,1.255,35,35,42,79.0,100.0,No,No,80665,102287,0.0,0.0,0.0,0.000,0.000,16356,8948,41.4,48.0,49.0,46,48,46,46,46,46,46,46,46,83.0,0.756,12.216,12.284,12.201,12.180,12.198,1387,1408,21.557,7.123,15.786,1.364,7.101,7.308,5.648,15.786,5.652,1.596,3.863,310.000,350.000,1380.0,101.2,1215.0,268.3,1320.0,1170.0,1101.9,79.9,1053.9,0.0,5.0,0.0,0.0,7.2,0.0,0.0,0.0,0.0,0.0,60,67,Yes,No,No,No,No,Yes,No,7.9,9.1,2,0,0,0,0,0,0,0,0,65,0,0,0,0,0,0,0,0,0,0,0,0,0,0,0,0,0,0,0,0,7599,593,423,27,5.0,4.6,60.5,1.8,1.8,1.8,1.8,4.6,60.0,1.8,1.8,1.8,1.8,216.30,541.89,16.53,16.53,549.92,549.92,0.62,215.72,216.30,0.00,137.19,311,16,0.5,0.0,0,0,0.0,0.0,0,
25.8.2026,15:48:58.036,5896,13357,30.6,5859,10450,35.9,0.0,2944,1,1.174,1.169,1.175,1.175,1.175,1.175,1.175,3921.7,3620.0,3620.0,4525.0,3620.0,4525.0,3620.0,100.0,131.7,110.9,12.1,78.5,46.0,347.0,136.7,10.1,1.9,678.3,97.2,38.3,22.8,131.7,3.1,1.3,0.6,1.4,1.5,8.8,2.9,0.0,0.0,15.3,1.0,5.0,0.0,15.3,3.1,3.3,0.9,0.2,2.1,1.2,9.2,3.7,0.3,0.0,18.1,2.4,1.0,0.6,3.3,39.2,36.2,36.2,45.2,36.2,45.2,36.2,55.7,5.6,1.0,2.9,10.5,0.3,17.1,1.5,11.9,9.0,15.3,12.1,2.1,20.8,12.4,82.6,90.1,82.0,77.6,97.6,62.2,86.3,1600.0,16.00,16,18,18,36,74,560,1,40.4,33.7,44.2,31.8,31.5,31.7,32.4,31.2,33.0,31.3,31.8,31.8,31.5,27.7,1.181,0.994,1.194,4.013,4.514,3.992,3.992,21.426,0.486,0.204,0.363,0.734,0.054,1.321,0.241,4.474,4.496,8.971,21.536,1600.0,1600.0,2314.2,2314.2,4650.0,28.3,6.7,4.4,35.5,152.1,No,No,No,0.491,0.303,0.3,39.0,38.0,34.5,33.5,33.5,35.5,34.5,12.168,5.000,1.004,1.348,1.166,0.830,0.862,1.564,3.360,1.836,1084,722,549,557,1.056,1.271,35,35,42,79.0,100.0,No,No,80665,102287,0.0,0.0,0.0,0.000,0.114,16356,8948,40.7,46.0,48.3,46,48,46,46,46,44,46,46,46,83.0,0.756,12.206,12.275,12.191,12.170,12.188,1365,1392,21.367,7.481,16.619,1.399,7.534,7.667,6.082,16.619,6.089,1.580,3.742,310.000,350.000,1380.0,101.2,1215.0,262.8,1320.0,1170.0,997.8,72.3,951.0,0.0,1.0,0.0,0.0,7.2,0.0,0.0,0.0,0.0,0.0,59,66,Yes,No,No,No,No,Yes,No,7.3,8.9,2,0,0,0,0,0,0,0,0,65,0,0,0,0,0,0,0,0,0,0,0,0,0,0,0,0,0,0,0,0,7599,593,423,27,5.0,3.2,46.4,1.9,1.9,1.9,1.9,3.2,46.1,1.9,1.9,1.9,1.9,316.53,533.42,21.53,17.04,533.42,533.42,0.58,315.90,316.53,0.00,129.29,311,16,3.4,0.0,0,0,0.0,0.0,0,
25.8.2026,15:49:0.037,7579,11674,39.3,6279,10030,38.5,0.0,2944,1,1.174,1.169,1.175,1.175,1.175,1.175,1.175,3770.8,3620.0,3620.0,3620.0,3620.0,4525.0,3620.0,100.0,462.1,98.6,30.6,112.8,134.9,438.8,1459.2,18.2,4.3,578.7,2580.2,60.5,28.5,462.1,10.3,1.6,0.7,2.6,2.3,9.8,33.4,1.9,0.0,12.1,57.6,1.3,0.7,57.6,10.3,12.3,1.7,0.8,2.8,3.4,11.8,39.2,0.5,0.1,15.6,69.3,1.5,0.7,12.3,37.7,36.2,36.2,36.2,36.2,45.2,36.2,0.0,20.5,2.5,6.0,42.3,0.6,69.7,2.2,29.2,20.6,47.9,49.0,7.0,30.3,20.6,50.2,77.0,46.1,8.7,92.5,0.0,77.3,1600.0,16.00,16,18,18,36,74,560,1,45.2,45.4,43.2,35.6,34.0,33.2,39.0,32.0,43.3,32.1,34.0,34.0,33.8,29.3,1.169,0.994,1.175,12.135,5.500,12.146,13.298,35.299,1.512,0.380,0.842,3.114,0.139,4.226,0.369,14.233,5.466,19.699,35.273,1600.0,1600.0,4520.7,4520.7,4650.0,46.4,20.2,14.8,47.8,156.1,No,No,No,0.552,0.428,1.2,44.0,38.0,35.0,33.5,33.5,35.5,35.0,12.096,4.960,1.004,1.348,1.174,0.828,0.862,1.552,3.320,1.836,1112,715,549,556,1.056,1.255,35,35,42,79.0,100.0,No,No,80665,102287,0.0,0.0,0.0,0.000,0.016,16356,8948,50.4,52.0,60.2,50,50,50,50,50,52,50,50,52,83.0,0.819,12.092,12.182,12.079,12.064,12.043,1324,1359,40.789,81.977,176.533,24.901,81.788,69.837,37.311,176.533,37.334,26.229,107.324,310.000,350.000,1380.0,1156.5,1305.0,348.3,1410.0,1245.0,1380.1,1155.4,1410.1,100.0,12.0,0.0,0.0,18.7,0.0,0.0,0.0,0.0,0.0,59,66,Yes,No,No,No,No,Yes,No,69.0,69.6,2,0,0,0,0,0,0,0,0,66,0,0,0,0,0,0,0,0,0,0,0,0,0,0,0,0,0,0,0,0,6658,1534,1364,101,16.0,4.3,61.1,1.9,1.9,1.9,1.9,4.3,60.0,1.9,1.9,1.9,1.9,233.18,532.72,16.36,16.34,533.38,533.38,0.81,232.43,233.18,0.00,103.29,311,16,1.1,0.0,0,0,0.0,0.0,0,
25.8.2026,15:49:2.038,7580,11673,39.3,6181,10128,37.9,0.1,2944,2,1.188,1.169,1.181,1.194,1.194,1.194,1.194,3921.7,3620.0,3620.0,4525.0,3620.0,4525.0,3620.0,100.0,499.7,68.3,16.1,98.4,76.7,181.7,2310.1,133.4,427.1,220.2,2384.0,55.7,24.5,499.7,11.9,1.2,0.4,3.8,3.2,3.9,51.1,4.2,11.5,5.6,52.8,2.7,2.1,52.8,11.9,13.4,1.3,0.5,2.5,1.9,4.7,62.4,3.2,11.5,5.8,64.4,1.4,0.6,13.4,39.2,36.2,36.2,45.2,36.2,45.2,36.2,0.0,21.5,1.7,4.0,54.8,9.9,56.7,1.8,22.4,9.6,23.9,27.8,14.7,41.7,16.6,56.2,88.7,72.1,17.5,75.4,1.7,81.6,1600.0,16.00,16,18,18,36,74,560,1,46.6,46.8,45.8,36.0,33.9,33.0,40.6,34.4,41.5,32.6,34.1,34.1,34.2,28.5,1.194,0.994,1.206,11.213,5.881,11.193,13.710,35.296,1.334,0.239,0.526,2.807,1.007,3.080,0.346,13.259,5.845,19.103,35.341,1600.0,1600.0,4521.1,4521.1,4650.0,46.5,18.7,15.2,49.2,164.9,No,No,No,0.345,0.215,1.3,46.0,37.5,35.5,34.0,33.5,35.5,35.5,12.096,4.970,1.004,1.348,1.152,0.828,0.860,1.552,3.324,1.834,1189,707,546,554,1.056,1.239,35,35,42,79.0,100.0,No,No,80665,102287,0.0,0.1,0.1,0.000,0.593,16356,8950,52.9,54.0,63.0,54,54,54,54,54,54,52,52,54,83.0,0.819,12.095,12.187,12.081,12.066,12.045,1306,1351,217.117,82.084,177.774,25.275,82.212,70.271,37.412,177.774,37.440,26.788,103.810,310.000,350.000,1380.0,1156.5,1305.0,1380.0,1410.0,1245.0,1380.2,1155.1,1410.4,100.0,12.0,0.0,0.0,18.7,25.0,100.0,0.0,0.0,0.0,59,66,Yes,No,No,No,No,Yes,No,69.4,50.3,2,0,0,0,0,0,0,0,0,66,0,0,0,0,0,0,0,0,0,0,0,0,0,0,0,0,0,0,0,0,6658,1534,1364,101,16.0,3.8,59.9,1.9,1.9,1.9,1.9,3.8,58.3,1.9,1.9,1.9,1.9,266.57,531.78,16.69,16.22,533.27,533.27,0.53,266.07,266.57,0.00,133.53,311,16,0.7,0.0,0,0,0.0,0.0,0,
25.8.2026,15:49:4.061,7569,11684,39.3,6174,10135,37.8,0.1,2944,2,1.244,1.244,1.244,1.244,1.244,1.244,1.244,3875.0,3720.0,3720.0,3720.0,3720.0,4650.0,3720.0,100.0,450.2,89.7,51.5,89.5,44.9,302.4,118.4,8.4,12.9,2548.6,2062.2,48.5,25.7,450.2,9.6,1.0,1.1,0.6,0.0,7.8,2.9,0.0,0.0,54.6,45.5,1.2,0.0,54.6,9.6,12.0,1.2,1.3,2.4,1.2,8.2,3.1,0.2,0.3,68.7,55.9,1.3,0.7,12.0,38.8,37.2,37.2,37.2,37.2,46.5,37.2,0.0,19.7,2.3,3.3,10.4,0.5,99.9,1.8,16.1,8.2,19.5,53.8,4.1,0.1,10.9,64.2,89.5,77.2,35.8,95.4,0.0,87.3,1600.0,16.00,16,18,18,36,74,560,1,49.1,48.7,46.8,35.7,33.3,32.8,35.3,32.2,48.7,32.2,34.2,34.2,32.5,29.4,1.237,0.994,1.244,10.803,5.873,10.819,12.844,35.283,1.219,0.265,0.432,1.152,0.114,5.081,0.271,13.165,5.837,19.002,35.266,1600.0,1600.0,4597.6,4597.6,4650.0,46.4,18.0,14.3,51.3,178.7,No,No,No,0.164,0.181,1.2,48.0,38.0,35.5,34.0,33.5,35.5,35.5,12.096,4.960,1.004,1.348,1.244,0.828,0.860,1.552,3.320,1.836,1235,1431,544,541,1.056,1.257,35,35,42,79.0,100.0,No,No,80665,102287,0.0,0.1,0.1,0.000,0.055,16356,8950,53.4,54.0,63.4,54,54,54,54,54,54,54,54,54,83.0,0.819,12.092,12.182,12.079,12.064,12.043,1308,1353,218.035,82.346,178.673,25.485,82.558,70.621,37.539,178.673,37.560,26.550,103.457,310.000,350.000,1380.0,1156.5,1305.0,1380.0,1410.0,1245.0,1380.2,1155.3,1409.6,100.0,11.0,0.0,0.0,18.7,24.5,97.9,0.0,0.0,0.0,59,66,Yes,No,No,No,No,Yes,No,69.8,70.5,2,0,0,0,0,0,0,0,0,66,0,0,0,0,0,0,0,0,0,0,0,0,0,0,0,0,0,0,0,0,6658,1534,1364,101,16.0,5.0,61.2,2.0,1.9,1.9,1.9,5.0,60.0,2.0,1.9,1.9,1.9,199.80,511.48,16.34,16.32,516.85,516.85,0.55,199.26,199.80,0.00,113.30,311,16,0.8,0.0,0,0,0.0,0.0,0,
25.8.2026,15:49:6.075,7573,11680,39.3,6177,10132,37.8,0.1,2944,2,1.174,1.169,1.175,1.175,1.175,1.175,1.175,3770.8,3620.0,3620.0,3620.0,3620.0,4525.0,3620.0,100.0,447.6,84.6,38.9,105.6,52.4,2097.6,142.3,11.0,21.6,2679.6,55.5,52.6,29.9,447.6,9.8,1.0,0.8,3.1,2.6,46.4,3.1,0.0,0.0,59.2,1.1,0.3,0.5,59.2,9.8,12.0,1.2,1.0,2.8,1.4,56.6,3.8,0.3,0.6,72.4,1.4,1.3,0.7,12.0,37.7,36.2,36.2,36.2,36.2,45.2,36.2,0.0,19.7,2.0,3.8,49.4,0.8,60.2,2.0,19.2,8.5,20.5,30.6,6.0,38.7,10.9,61.1,89.5,75.7,20.0,93.2,1.1,87.1,1600.0,16.00,16,18,18,36,74,560,1,48.6,46.4,44.8,35.5,33.9,32.8,39.9,32.2,41.9,32.1,34.1,34.1,33.2,29.2,1.169,0.994,1.175,10.214,5.869,10.217,12.188,34.071,1.127,0.242,0.439,2.546,0.136,3.146,0.255,12.005,5.833,17.838,34.089,1600.0,1600.0,4523.2,4523.2,4650.0,44.9,17.0,13.5,48.9,176.1,No,No,No,0.157,0.192,1.2,48.0,38.0,35.5,34.0,34.0,35.5,35.5,12.096,4.960,1.004,1.348,1.172,0.828,0.860,1.554,3.320,1.834,1295,695,544,553,1.056,1.247,35,35,42,79.0,100.0,No,No,80665,102287,0.1,0.0,0.1,0.008,0.053,16356,8950,53.8,56.0,64.2,55,56,54,54,56,54,54,54,56,83.0,0.819,12.090,12.181,12.077,12.062,12.041,1315,1359,218.467,82.486,178.779,25.543,82.585,70.633,37.413,178.779,37.436,26.313,104.890,310.000,350.000,1380.0,1156.5,1305.0,1380.0,1410.0,1245.0,1380.3,1155.4,1410.2,100.0,12.0,0.0,0.0,18.7,25.0,100.0,0.0,0.0,0.0,59,67,Yes,No,No,No,No,Yes,No,69.7,71.0,2,0,0,0,0,0,0,0,0,66,0,0,0,0,0,0,0,0,0,0,0,0,0,0,0,0,0,0,0,0,6658,1534,1364,101,16.0,4.7,61.8,1.9,1.9,1.9,1.9,4.7,60.0,1.9,1.9,1.9,1.9,212.23,525.81,16.19,16.17,533.33,533.33,0.67,211.59,212.23,0.00,133.13,311,16,0.2,0.0,0,0,0.0,0.0,0,
25.8.2026,15:49:8.095,7564,11689,39.2,6165,10145,37.7,0.1,2944,2,1.190,1.200,1.188,1.188,1.188,1.188,1.188,3921.7,3620.0,3620.0,4525.0,3620.0,4525.0,3620.0,100.0,439.5,70.6,14.7,97.2,41.7,2219.0,69.1,6.4,12.3,2551.7,119.2,31.6,39.9,439.5,10.7,1.3,0.5,3.1,1.1,49.1,1.7,4.7,4.1,56.6,2.7,1.6,1.8,56.6,10.7,11.8,1.4,0.5,2.6,1.1,59.8,1.8,0.2,0.3,69.0,3.1,0.8,1.1,11.8,39.2,36.2,36.2,45.2,36.2,45.2,36.2,0.0,19.3,1.7,3.3,50.3,0.5,58.6,1.7,17.2,7.8,15.7,28.5,4.3,35.7,11.1,63.5,90.4,81.0,21.2,95.3,5.7,87.2,1600.0,16.00,16,18,18,36,74,560,1,48.2,46.4,45.8,35.5,33.9,32.8,39.9,32.2,41.7,32.2,34.1,34.1,31.5,27.9,1.188,0.994,1.200,9.947,5.874,9.936,11.839,33.673,1.084,0.212,0.366,2.568,0.099,3.017,0.241,11.664,5.837,17.501,33.731,1600.0,1600.0,4521.1,4521.1,4650.0,44.4,16.6,13.2,48.8,178.1,No,No,No,0.151,0.179,1.2,48.0,38.0,35.5,34.0,34.0,35.5,35.5,12.096,4.970,1.004,1.348,1.174,0.826,0.860,1.552,3.320,1.834,1302,693,544,553,1.056,1.263,35,35,42,79.0,100.0,No,No,80665,102287,0.0,0.1,0.1,0.065,0.240,16356,8950,54.2,56.0,64.4,55,56,54,56,56,54,54,56,56,83.0,0.819,12.094,12.186,12.080,12.066,12.045,1341,1377,218.590,80.373,179.938,25.797,83.098,71.022,37.592,179.938,37.617,3.182,105.173,310.000,350.000,1380.0,1156.5,1305.0,1380.0,1410.0,1245.0,1379.7,1155.7,1409.5,100.0,12.0,0.0,0.0,18.7,24.9,99.8,0.0,0.0,0.0,60,67,Yes,No,No,No,No,Yes,No,70.2,69.6,2,0,0,0,0,0,0,0,0,66,0,0,0,0,0,0,0,0,0,0,0,0,0,0,0,0,0,0,0,0,6658,1534,1364,101,16.0,4.0,60.6,1.9,1.9,1.9,1.9,3.9,60.0,1.9,1.9,1.9,1.9,253.16,533.29,16.50,16.49,533.29,533.29,0.73,252.46,253.16,0.00,103.25,311,16,1.9,0.1,0,0,0.0,0.0,0,
25.8.2026,15:49:10.089,7499,11754,38.9,6173,10137,37.8,0.1,2944,2,1.162,1.163,1.163,1.163,1.163,1.163,1.163,3770.8,3620.0,3620.0,4525.0,3620.0,3620.0,3620.0,100.0,433.5,81.5,32.8,67.2,48.3,222.8,2149.9,15.1,2.9,142.8,2367.7,38.9,32.4,433.5,9.2,1.0,0.0,0.7,0.9,4.1,47.5,0.0,0.0,3.0,52.3,0.0,0.6,52.3,9.2,11.6,1.2,0.9,1.8,1.2,6.0,58.0,0.4,0.1,3.8,64.0,1.0,0.8,11.6,37.7,36.2,36.2,45.2,36.2,36.2,36.2,0.0,19.2,2.0,2.8,52.5,0.4,55.6,1.7,18.6,8.5,17.7,28.6,3.4,42.7,10.8,62.2,89.5,79.5,19.0,96.2,1.7,87.4,1600.0,16.00,16,18,18,36,74,560,1,47.9,46.3,41.2,35.5,34.0,32.8,40.2,32.3,41.5,32.3,34.2,34.2,32.8,28.9,1.163,0.994,1.169,9.986,5.860,9.996,11.783,33.838,1.083,0.226,0.352,2.649,0.086,2.944,0.239,11.704,5.823,17.527,33.792,1600.0,1600.0,4518.1,4518.1,4650.0,44.5,16.7,13.1,48.7,178.7,No,No,No,0.232,0.221,1.2,48.0,38.0,35.5,34.0,34.0,36.0,35.5,12.096,4.980,1.004,1.348,1.170,0.824,0.858,1.552,3.320,1.834,1304,692,546,540,1.056,1.248,35,35,42,79.0,100.0,No,No,80665,102287,0.0,0.0,0.0,0.000,0.038,16356,8950,54.3,56.0,64.4,56,56,54,56,56,56,56,56,56,83.0,0.819,12.096,12.189,12.082,12.068,12.045,1365,1398,218.094,82.444,178.553,25.535,82.534,70.464,37.437,178.553,37.467,27.340,104.112,310.000,350.000,1380.0,1156.5,1305.0,1380.0,1410.0,1245.0,1380.2,1155.6,1410.0,100.0,11.0,0.0,0.0,18.7,24.9,99.7,0.0,0.0,0.0,60,67,Yes,No,No,No,No,Yes,No,69.7,70.8,2,0,0,0,0,0,0,0,0,66,0,0,0,0,0,0,0,0,0,0,0,0,0,0,0,0,0,0,0,0,6658,1534,1364,101,16.0,4.3,60.9,1.9,1.9,1.9,1.9,4.3,60.0,1.9,1.9,1.9,1.9,233.17,533.36,16.41,16.39,533.36,533.36,0.68,232.51,233.17,0.00,103.27,311,16,22.7,0.7,0,0,0.0,0.0,0,
25.8.2026,15:49:12.096,5192,14061,26.9,5432,10878,33.3,0.1,2944,2,0.956,0.956,0.956,0.956,0.956,0.956,0.956,3675.0,3675.0,3675.0,3675.0,3675.0,3675.0,3675.0,100.0,128.1,156.0,30.2,201.8,51.7,161.3,646.9,1.7,2.9,160.3,87.1,23.0,14.6,128.1,2.7,1.1,2.2,4.5,0.0,3.6,14.3,0.0,0.0,3.6,2.0,1.3,0.0,14.3,2.7,3.2,1.2,0.8,5.4,1.4,4.3,17.4,0.0,0.1,4.2,2.2,0.6,0.4,3.2,36.8,36.8,36.8,36.8,36.8,36.8,36.8,33.8,5.3,1.9,5.7,17.9,0.1,5.6,0.9,19.0,11.4,15.8,24.7,1.1,53.6,7.2,75.7,86.8,78.5,57.5,98.8,40.9,92.0,1600.0,16.00,16,18,18,36,74,560,1,45.6,35.4,38.0,32.7,32.6,32.6,34.3,31.8,33.0,31.8,32.8,32.8,33.2,28.6,1.156,0.994,1.163,4.612,5.399,4.625,4.625,25.237,0.454,0.284,0.400,1.087,0.030,0.791,0.132,5.014,5.374,10.388,25.160,1600.0,1600.0,3061.8,3061.8,4649.6,33.1,7.7,5.1,37.2,181.5,No,No,No,0.339,0.488,0.3,45.0,38.0,35.5,34.0,34.0,36.0,35.5,12.168,5.000,1.002,1.348,0.704,0.824,0.858,1.558,3.348,1.836,1253,707,548,542,1.056,1.254,35,35,42,79.0,100.0,No,No,80665,102287,0.0,0.0,0.0,0.000,0.083,16356,8950,45.2,54.0,54.4,52,52,52,54,52,52,52,52,52,83.0,0.787,12.192,12.275,12.176,12.155,12.160,1387,1414,99.032,24.347,51.971,2.504,26.276,23.168,26.569,51.971,26.591,1.977,8.095,310.000,350.000,1485.0,625.2,1305.0,1439.8,1410.0,1245.0,1484.9,624.5,1410.4,0.0,0.0,0.0,0.0,7.2,0.0,0.0,0.0,0.0,0.0,60,67,Yes,No,No,No,No,Yes,No,25.3,33.9,2,0,0,0,0,0,0,0,0,66,0,0,0,0,0,0,0,0,0,0,0,0,0,0,0,0,0,0,0,0,7599,593,423,27,16.0,4.8,61.2,1.9,1.9,1.9,1.9,4.8,60.1,1.9,1.9,1.9,1.9,209.95,531.60,16.34,16.33,534.35,534.35,0.40,209.58,209.95,0.00,183.38,311,16,0.1,0.0,0,0,0.0,0.0,0,
25.8.2026,15:49:14.095,5193,14060,26.9,5431,10879,33.2,0.1,2944,2,0.956,0.956,0.956,0.956,0.956,0.956,0.956,3647.5,3675.0,3675.0,3675.0,3620.0,3620.0,3620.0,100.0,42.2,101.9,1.3,16.6,7.2,123.6,100.8,0.5,0.3,31.2,114.1,2.1,6.5,42.2,1.4,0.9,0.4,0.7,3.5,3.1,2.6,0.0,1.9,1.1,2.9,0.0,0.0,3.5,1.4,0.9,0.6,0.0,0.4,0.2,3.3,2.6,0.0,0.0,0.8,2.9,0.0,0.2,0.9,36.5,36.8,36.8,36.8,36.2,36.2,36.2,57.4,1.6,0.6,0.5,4.9,0.0,3.3,0.2,8.7,3.4,3.1,12.1,0.0,32.9,0.7,89.8,96.1,96.4,83.2,99.9,63.9,99.2,1600.0,16.00,16,18,18,36,74,560,1,43.4,33.1,38.2,31.7,31.6,31.7,32.0,31.5,31.9,31.4,32.1,32.1,33.5,28.8,1.175,0.994,1.163,2.371,4.562,2.367,2.367,19.979,0.197,0.101,0.080,0.375,0.014,0.575,0.038,2.444,4.548,6.991,19.996,1600.0,1600.0,2152.6,2152.6,4650.0,26.3,3.9,2.6,34.9,201.1,No,No,No,0.162,0.034,0.1,43.0,38.0,35.0,34.0,34.0,36.0,35.0,12.168,5.000,1.002,1.352,0.664,0.822,0.858,1.564,3.360,1.836,1237,696,548,556,1.056,1.260,35,35,42,79.0,100.0,No,No,80665,102287,0.0,0.0,0.0,0.000,0.004,16356,8951,41.8,48.0,49.3,48,48,48,48,48,46,48,48,48,83.0,0.787,12.211,12.279,12.198,12.175,12.194,1388,1413,52.697,7.814,17.189,1.621,7.465,8.072,5.877,17.189,5.881,1.803,5.229,310.000,350.000,1485.0,101.2,1305.0,1180.9,1410.0,1245.0,1070.9,72.0,1015.3,0.0,3.0,0.0,0.0,7.2,0.0,0.0,0.0,0.0,0.0,60,67,Yes,No,No,No,No,Yes,No,7.4,8.5,2,0,0,0,0,0,0,0,0,67,0,0,0,0,0,0,0,0,0,0,0,0,0,0,0,0,0,0,0,0,7599,593,423,27,5.0,4.3,60.9,1.9,1.9,1.9,1.9,4.3,60.0,1.9,1.9,1.9,1.9,232.98,528.28,16.42,16.41,533.32,533.32,0.67,232.34,232.98,0.00,129.02,311,16,0.7,0.0,0,0,0.0,0.0,0,
25.8.2026,15:49:16.108,5193,14060,26.9,5431,10879,33.2,0.1,2944,2,1.128,0.956,1.163,1.163,1.163,1.163,1.163,3780.0,3675.0,4525.0,3620.0,3620.0,3620.0,3620.0,100.0,40.7,137.3,2.5,7.1,5.8,108.3,99.3,0.4,0.2,41.6,72.9,7.2,5.9,40.7,1.5,0.2,0.0,0.6,0.0,2.1,1.9,6.9,0.4,0.6,1.4,0.0,4.3,6.9,1.5,0.8,0.5,0.1,0.2,0.1,2.9,2.6,0.0,0.0,1.0,1.8,0.2,0.1,0.8,37.8,36.8,45.2,36.2,36.2,36.2,36.2,60.2,1.4,0.5,0.3,4.5,0.0,2.7,0.3,8.8,6.2,0.9,12.5,0.0,31.4,1.7,89.9,93.5,98.9,83.1,100.0,66.0,98.1,1600.0,16.00,16,18,18,36,74,560,1,41.5,32.7,36.8,31.6,31.6,31.6,31.9,31.5,31.7,31.4,32.0,32.0,33.2,28.4,1.156,0.994,1.163,2.147,4.228,2.144,2.144,18.775,0.204,0.148,0.068,0.372,0.012,0.566,0.058,2.198,4.215,6.413,18.777,1600.0,1600.0,2043.3,2043.3,4650.0,24.7,3.6,2.4,34.4,174.8,No,No,No,0.162,0.034,0.1,41.0,37.5,35.0,34.0,34.0,36.0,35.0,12.168,5.000,1.002,1.352,0.516,0.822,0.856,1.562,3.356,1.834,1158,714,550,544,1.057,1.277,35,35,42,79.0,100.0,No,No,80665,102287,0.0,0.0,0.0,0.000,0.000,16356,8951,40.8,46.0,48.5,46,48,46,46,46,46,46,46,46,83.0,0.787,12.215,12.281,12.201,12.178,12.198,1382,1403,22.650,7.482,16.667,1.547,7.187,7.916,5.696,16.667,5.701,1.764,4.189,310.000,350.000,1485.0,101.2,1305.0,277.5,1410.0,1245.0,1067.2,71.8,1014.3,0.0,1.0,0.0,0.0,7.2,0.0,0.0,0.0,0.0,0.0,60,67,Yes,No,No,No,No,Yes,No,7.2,7.7,2,0,0,0,0,0,0,0,0,67,0,0,0,0,0,0,0,0,0,0,0,0,0,0,0,0,0,0,0,0,7599,593,423,27,5.0,3.0,43.4,1.9,1.9,1.9,1.9,3.0,43.2,1.9,1.9,1.9,1.9,328.95,533.46,23.04,17.20,533.46,533.46,0.65,328.38,328.95,0.00,132.89,311,16,0.5,0.0,0,0,0.0,0.0,0,
25.8.2026,15:49:18.115,5191,14062,26.9,5429,10881,33.2,0.1,2944,2,1.123,0.956,1.156,1.156,1.156,1.156,1.156,3675.0,3675.0,3675.0,3675.0,3675.0,3675.0,3675.0,100.0,40.8,125.3,3.1,9.6,8.2,111.9,102.3,0.4,1.2,36.2,78.4,3.8,9.7,40.8,1.1,0.6,0.2,0.0,1.1,2.6,2.4,0.0,0.0,1.0,1.9,1.7,1.9,2.6,1.1,0.8,0.5,0.1,0.2,0.2,2.9,2.7,0.0,0.0,0.9,1.9,0.1,0.2,0.8,36.8,36.8,36.8,36.8,36.8,36.8,36.8,54.2,1.4,0.5,0.4,4.6,0.0,2.7,0.3,8.7,2.6,1.1,11.6,0.1,36.0,0.8,90.0,97.0,98.6,84.0,99.9,61.4,99.0,1600.0,16.00,16,18,18,36,74,560,1,40.0,32.7,37.5,31.6,31.5,31.6,31.9,31.4,31.7,31.4,32.0,32.0,32.0,27.6,1.156,0.994,1.163,2.316,4.286,2.317,2.317,19.245,0.195,0.108,0.066,0.374,0.012,0.547,0.063,2.366,4.272,6.638,19.239,1600.0,1600.0,2289.5,2289.5,4650.0,25.3,3.9,2.6,34.5,196.8,No,No,No,0.154,0.034,0.1,40.0,38.0,35.0,34.0,33.5,36.0,35.0,12.168,5.000,1.002,1.352,0.502,0.822,0.856,1.562,3.360,1.836,1094,722,548,557,1.056,1.253,35,35,42,79.0,100.0,No,No,80665,102287,0.0,0.0,0.0,0.000,0.036,16356,8951,40.6,46.0,48.1,45,46,44,46,46,44,46,44,46,83.0,0.787,12.213,12.279,12.199,12.176,12.196,1357,1388,22.759,7.526,16.759,1.572,7.222,7.951,5.744,16.759,5.748,1.761,4.221,310.000,350.000,1485.0,101.2,1305.0,295.2,1410.0,1245.0,1050.8,70.7,993.4,0.0,2.0,0.0,0.0,7.2,0.0,0.0,0.0,0.0,0.0,59,66,Yes,No,No,No,No,Yes,No,7.3,9.3,2,0,0,0,0,0,0,0,0,67,0,0,0,0,0,0,0,0,0,0,0,0,0,0,0,0,0,0,0,0,7599,593,423,27,5.0,4.1,61.1,1.9,1.9,1.9,1.9,4.1,60.0,1.9,1.9,1.9,1.9,246.34,532.47,16.36,16.34,533.14,533.14,0.71,245.65,246.34,0.00,103.35,311,16,0.1,0.0,0,0,0.0,0.0,0,
25.8.2026,15:49:20.115,6396,12857,33.2,5949,10360,36.4,0.1,2944,2,1.195,1.169,1.200,1.200,1.200,1.200,1.200,3770.8,3620.0,3620.0,4525.0,3620.0,3620.0,3620.0,100.0,335.5,91.7,18.6,141.8,137.5,1145.2,992.1,17.3,6.1,655.9,703.9,56.1,59.6,335.5,9.0,1.3,1.4,4.2,3.4,25.5,22.1,7.1,5.5,14.1,15.8,5.9,1.6,25.5,9.0,8.8,1.1,0.5,3.6,3.6,30.8,26.6,0.4,0.2,17.5,18.7,1.4,1.6,8.8,37.7,36.2,36.2,45.2,36.2,36.2,36.2,21.0,14.8,1.4,6.6,47.3,0.6,30.1,2.7,25.9,12.6,47.7,23.4,6.6,46.1,19.1,59.3,86.0,45.7,29.3,92.8,23.8,78.3,1600.0,16.00,16,18,18,36,74,560,1,42.9,40.1,47.5,34.5,33.6,33.4,38.8,32.2,36.9,32.4,33.5,33.5,33.5,28.9,1.194,0.994,1.206,9.424,4.954,9.407,9.407,29.948,1.201,0.251,0.914,3.220,0.128,2.283,0.408,10.937,4.928,15.865,30.062,1600.0,1600.0,3620.9,3620.9,4650.0,39.6,15.7,10.5,42.2,151.0,No,No,No,0.676,0.453,0.9,42.0,38.0,35.0,34.0,34.0,36.0,35.0,12.192,5.000,1.004,1.352,1.166,0.822,0.856,1.562,3.356,1.836,1073,726,548,556,1.056,1.261,35,35,42,79.0,100.0,No,No,80665,102287,0.0,0.0,0.0,0.000,0.044,16356,8951,39.9,46.0,47.5,45,46,44,46,46,44,44,44,46,83.0,0.787,12.213,12.281,12.198,12.176,12.195,1083,1077,22.844,7.333,16.129,0.946,7.197,7.963,5.854,16.129,5.863,1.739,4.177,310.000,350.000,1485.0,101.2,1305.0,290.8,1410.0,1245.0,1060.4,70.5,993.8,0.0,1.0,0.0,0.0,7.2,0.0,0.0,0.0,0.0,0.0,0,0,Yes,No,No,No,No,Yes,No,7.1,9.6,2,0,0,0,0,0,0,0,0,67,0,0,0,0,0,0,0,0,0,0,0,0,0,0,0,0,0,0,0,0,7599,593,423,27,5.0,4.5,61.7,1.9,1.9,1.9,1.9,4.5,60.0,1.9,1.9,1.9,1.9,219.85,532.46,16.21,16.20,533.11,533.11,0.68,219.16,219.85,0.00,109.92,311,16,0.2,0.0,0,0,0.0,0.0,0,
25.8.2026,15:49:22.113,7557,11696,39.2,6156,10153,37.7,0.1,2944,2,1.188,1.188,1.188,1.188,1.188,1.188,1.188,3921.7,3620.0,3620.0,4525.0,3620.0,4525.0,3620.0,100.0,453.7,89.1,30.3,109.7,74.8,42.0,3126.8,23.6,28.1,397.7,1436.6,51.3,34.3,453.7,10.5,1.4,0.7,2.5,1.7,1.7,69.2,0.5,2.2,9.6,31.9,2.7,2.3,69.2,10.5,12.1,1.5,0.8,2.8,1.9,1.1,84.5,0.5,0.7,10.6,38.8,1.3,0.9,12.1,39.2,36.2,36.2,45.2,36.2,45.2,36.2,0.0,20.0,2.2,4.2,70.0,1.3,40.5,2.1,20.1,11.5,25.0,17.6,12.4,41.6,12.8,59.8,86.3,70.8,12.4,86.4,17.9,85.2,1600.0,16.00,16,18,18,36,74,560,1,45.8,46.4,47.5,35.8,34.6,33.2,42.8,32.6,39.3,32.5,34.4,34.4,34.2,29.3,1.194,0.994,1.200,10.687,5.786,10.684,12.675,34.335,1.222,0.282,0.505,3.598,0.236,2.428,0.281,12.556,5.750,18.306,34.382,1600.0,1600.0,4522.8,4522.8,4650.0,45.2,17.8,14.1,48.8,170.1,No,No,No,0.334,0.314,1.2,45.0,38.0,35.5,34.0,34.0,36.0,35.5,12.096,4.970,1.004,1.348,1.174,0.824,0.856,1.552,3.320,1.834,1174,718,545,542,1.056,1.250,35,35,42,79.0,100.0,No,No,80665,102287,0.0,0.0,0.0,0.000,0.051,16356,8951,52.5,56.0,62.8,54,54,54,54,54,54,54,52,56,83.0,0.819,12.091,12.186,12.076,12.062,12.039,0,0,214.314,89.604,193.674,27.467,89.545,76.630,39.428,193.674,39.457,28.886,117.678,310.000,350.000,1485.0,1156.5,1305.0,1439.7,1410.0,1245.0,1485.5,1155.8,1410.5,100.0,18.0,0.0,0.0,18.7,0.0,0.0,0.0,0.0,0.0,0,0,Yes,No,No,No,No,Yes,No,75.2,75.8,2,0,0,0,0,0,0,0,0,68,0,0,0,0,0,0,0,0,0,0,0,0,0,0,0,0,0,0,0,0,6658,1534,1364,101,16.0,3.7,52.7,1.8,1.8,1.8,1.8,3.7,52.2,1.8,1.8,1.8,1.8,270.60,545.68,18.99,16.75,549.67,549.67,0.56,270.15,270.60,0.00,162.47,311,16,0.9,0.0,0,0,0.0,0.0,0,
25.8.2026,15:49:24.110,7556,11698,39.2,6159,10150,37.7,0.1,2944,2,1.244,1.244,1.244,1.244,1.244,1.244,1.244,3875.0,3720.0,3720.0,4650.0,3720.0,3720.0,3720.0,100.0,434.1,42.1,13.0,62.5,58.9,8.1,4522.9,16.3,4.3,295.7,130.9,36.1,18.8,434.1,9.1,0.4,0.0,0.4,0.2,0.0,97.9,0.0,0.0,7.3,2.9,0.0,0.0,97.9,9.1,11.7,0.9,0.3,1.6,1.5,0.2,122.2,0.3,0.1,7.9,3.5,0.9,0.5,11.7,38.8,37.2,37.2,46.5,37.2,37.2,37.2,0.0,19.2,1.2,3.1,98.1,0.6,10.8,1.5,15.4,7.1,17.5,1.9,10.3,45.0,10.5,65.4,91.7,79.5,0.0,89.1,44.2,88.0,1600.0,16.00,16,18,18,36,74,560,1,48.5,48.3,49.5,36.1,35.3,33.0,48.3,32.6,35.3,32.4,34.6,34.6,34.0,29.7,1.244,0.994,1.250,10.795,5.867,10.807,12.747,35.378,1.219,0.205,0.395,5.150,0.199,1.111,0.253,13.263,5.830,19.093,35.351,1600.0,1600.0,4609.1,4609.1,4650.0,46.5,18.0,14.2,50.8,180.4,No,No,No,0.134,0.166,1.2,48.0,38.0,35.5,34.0,34.0,36.0,35.5,12.096,4.970,1.004,1.348,1.244,0.824,0.856,1.550,3.316,1.836,1189,722,546,542,1.056,1.263,35,35,42,79.0,100.0,No,No,80665,102287,0.0,0.0,0.1,0.024,0.134,16356,8951,54.1,56.0,64.1,55,56,56,54,56,54,54,56,56,83.0,0.819,12.090,12.185,12.076,12.062,12.038,0,0,226.476,88.553,192.272,27.295,89.058,75.883,39.004,192.272,39.032,28.625,113.532,310.000,350.000,1485.0,1156.5,1305.0,1485.0,1410.0,1245.0,1485.7,1155.3,1410.1,100.0,19.0,0.0,0.0,18.7,24.8,99.2,0.0,0.0,0.0,37,39,Yes,No,No,No,No,Yes,No,74.6,75.5,2,0,0,0,0,0,0,0,0,68,0,0,0,0,0,0,0,0,0,0,0,0,0,0,0,0,0,0,0,0,6658,1534,1364,101,16.0,3.5,44.4,1.9,1.9,1.9,1.9,3.5,44.1,2.0,1.9,1.9,1.9,283.30,512.90,22.54,17.14,516.91,516.91,0.47,282.84,283.30,0.00,172.10,311,16,0.0,0.0,0,0,0.0,0.0,0,
25.8.2026,15:49:26.114,7557,11696,39.2,6154,10156,37.7,0.1,2944,2,1.244,1.244,1.244,1.244,1.244,1.244,1.244,3875.0,3720.0,3720.0,4650.0,3720.0,3720.0,3720.0,100.0,444.9,73.4,22.7,98.8,35.3,4564.4,12.4,17.7,10.4,269.2,165.2,51.1,18.2,444.9,10.0,1.1,0.0,2.5,0.0,98.2,0.0,0.3,3.9,6.9,4.3,1.2,1.1,98.2,10.0,11.9,1.2,0.6,2.6,0.9,123.3,0.3,0.4,0.3,7.2,4.4,1.3,0.4,11.9,38.8,37.2,37.2,46.5,37.2,37.2,37.2,0.0,19.5,1.8,3.5,98.3,0.8,11.0,1.8,18.3,10.0,20.0,1.7,17.0,49.4,11.3,62.2,88.2,76.4,0.0,82.3,39.5,86.8,1600.0,16.00,16,18,18,36,74,560,1,49.2,49.2,49.2,36.4,35.6,33.2,49.1,32.7,35.5,32.5,34.8,34.8,32.2,28.3,1.244,0.994,1.250,11.514,5.870,11.514,13.469,36.412,1.337,0.295,0.493,5.422,0.299,1.211,0.300,14.348,5.834,20.182,36.428,1600.0,1600.0,4642.5,4642.5,4650.0,47.9,19.2,15.0,51.7,178.1,No,No,No,0.148,0.172,1.2,49.0,38.5,35.5,34.0,34.0,36.0,35.5,12.096,4.970,1.004,1.352,1.192,0.820,0.854,1.552,3.320,1.836,1244,716,545,553,1.056,1.252,35,35,42,79.0,100.0,No,No,80665,102287,0.0,0.0,0.0,0.000,0.000,16356,8951,54.7,56.0,64.8,56,56,54,56,56,56,56,56,56,83.0,0.819,12.086,12.177,12.073,12.058,12.035,976,991,234.964,89.852,194.577,28.409,89.664,76.470,39.451,194.577,39.470,28.799,117.253,310.000,350.000,1485.0,1156.5,1305.0,1485.0,1410.0,1245.0,1485.1,1155.6,1410.4,91.0,15.0,0.0,0.0,18.7,24.9,99.8,0.0,0.0,0.0,60,67,Yes,No,No,No,No,Yes,No,75.5,76.1,2,0,0,0,0,0,0,0,0,68,0,0,0,0,0,0,0,0,0,0,0,0,0,0,0,0,0,0,0,0,6658,1534,1364,101,16.0,3.9,61.0,1.9,1.9,1.9,1.9,3.9,60.0,1.9,1.9,1.9,1.9,256.48,533.36,16.39,16.38,533.37,533.37,0.57,255.90,256.48,0.00,103.37,311,16,0.1,0.0,0,0,0.0,0.0,0,
25.8.2026,15:49:28.109,7559,11695,39.2,6156,10153,37.7,0.1,2944,2,1.244,1.244,1.244,1.244,1.244,1.244,1.244,3875.0,3720.0,3720.0,4650.0,3720.0,3720.0,3720.0,100.0,455.5,56.5,27.7,98.3,35.5,4567.4,6.3,16.2,4.2,401.9,174.9,55.4,21.6,455.5,10.1,0.8,1.6,2.7,1.7,98.3,0.2,0.0,0.0,10.6,4.7,0.0,0.6,98.3,10.1,12.2,0.8,0.7,2.6,0.9,123.4,0.2,0.3,0.1,10.8,4.6,1.5,0.5,12.2,38.8,37.2,37.2,46.5,37.2,37.2,37.2,0.0,20.1,1.5,3.5,98.3,0.6,14.9,2.1,16.3,11.8,20.6,1.7,11.2,39.9,13.0,63.5,86.7,75.9,0.0,88.3,45.2,85.0,1600.0,16.00,16,18,18,36,74,560,1,49.5,49.2,49.8,36.5,35.6,33.2,49.2,32.6,35.8,32.5,34.8,34.8,32.5,27.8,1.244,0.994,1.250,11.398,5.874,11.396,13.852,36.269,1.343,0.290,0.488,5.421,0.218,1.317,0.326,14.195,5.838,20.033,36.280,1600.0,1600.0,4643.6,4643.6,4650.0,47.7,19.0,15.4,51.8,175.4,No,No,No,0.161,0.193,1.2,49.0,38.5,36.0,34.0,34.5,36.0,35.5,12.096,4.960,1.004,1.348,1.246,0.820,0.854,1.552,3.316,1.836,1305,722,546,553,1.056,1.245,35,35,42,79.0,100.0,No,No,80665,102287,0.0,0.0,0.0,0.000,0.079,16356,8951,52.8,56.0,63.6,56,56,56,56,56,56,56,56,56,83.0,0.819,12.089,12.180,12.076,12.061,12.037,1180,1236,234.288,90.076,195.265,28.636,89.939,76.660,39.711,195.265,39.730,29.006,116.475,310.000,350.000,1485.0,1156.5,1305.0,1485.0,1410.0,1245.0,1485.0,1155.3,1410.2,100.0,19.0,0.0,0.0,18.7,24.9,99.8,0.0,0.0,0.0,61,68,Yes,No,No,No,No,Yes,No,57.3,74.1,2,0,0,0,0,0,0,0,0,68,0,0,0,0,0,0,0,0,0,0,0,0,0,0,0,0,0,0,0,0,6658,1534,1364,101,16.0,4.3,60.3,1.9,1.9,1.9,1.9,4.3,60.0,1.9,1.9,1.9,1.9,233.23,533.39,16.58,16.56,533.40,533.40,0.53,232.68,233.23,0.00,106.44,311,16,0.3,0.0,0,0,0.0,0.0,0,
25.8.2026,15:49:30.112,7556,11698,39.2,6158,10151,37.7,0.1,2944,2,1.244,1.244,1.244,1.244,1.244,1.244,1.244,3875.0,3720.0,3720.0,4650.0,3720.0,3720.0,3720.0,100.0,439.7,57.9,31.0,54.3,45.0,2056.4,2595.8,4.5,4.3,242.2,133.3,32.6,19.5,439.7,10.0,0.9,0.0,1.6,1.4,43.9,56.3,0.0,1.1,6.6,3.7,3.3,0.7,56.3,10.0,11.8,0.7,0.8,1.4,1.2,55.6,70.1,0.1,0.1,6.5,3.5,0.8,0.5,11.8,38.8,37.2,37.2,46.5,37.2,37.2,37.2,0.0,19.2,1.5,2.6,100.0,0.2,9.7,1.4,19.5,4.6,21.9,0.0,3.2,78.3,9.0,61.3,93.8,75.4,0.0,96.6,12.0,89.6,1600.0,16.00,16,18,18,36,74,560,1,49.6,49.4,48.8,36.5,35.6,33.1,49.4,32.4,36.2,32.4,34.8,34.8,33.8,28.4,1.244,0.994,1.250,11.249,5.861,11.250,12.942,36.081,1.323,0.203,0.450,5.486,0.101,1.460,0.237,14.017,5.825,19.841,36.084,1600.0,1600.0,4650.0,4650.0,4650.0,47.5,18.7,14.4,52.0,175.8,No,No,No,0.124,0.139,1.2,49.0,38.0,36.0,34.0,34.5,36.0,36.0,12.096,4.960,1.004,1.348,1.244,0.820,0.854,1.552,3.316,1.834,1310,697,545,553,1.056,1.263,35,35,42,79.0,100.0,No,No,80665,102287,0.0,0.0,0.0,0.000,0.034,16356,8951,55.8,58.0,65.8,57,58,56,58,56,56,56,56,58,83.0,0.819,12.091,12.181,12.079,12.064,12.041,1367,1394,234.465,88.009,190.503,28.089,87.617,74.806,38.651,190.503,38.681,28.647,114.579,310.000,350.000,1485.0,1156.5,1305.0,1485.0,1410.0,1245.0,1484.7,1155.4,1409.8,100.0,18.0,0.0,0.0,18.7,24.7,99.0,0.0,0.0,0.0,62,69,Yes,No,No,No,No,Yes,No,73.9,74.6,2,0,0,0,0,0,0,0,0,68,0,0,0,0,0,0,0,0,0,0,0,0,0,0,0,0,0,0,0,0,6658,1534,1364,101,16.0,4.7,62.0,1.8,1.8,1.8,1.8,4.7,60.0,1.8,1.8,1.8,1.8,213.29,546.73,16.13,16.11,550.09,550.09,0.65,212.70,213.29,0.00,110.05,311,16,5.7,2.0,0,0,0.0,0.0,0,
25.8.2026,15:49:32.109,5191,14062,26.9,5427,10882,33.2,0.1,2944,2,0.956,0.956,0.956,0.956,0.956,0.956,0.956,3647.5,3675.0,3675.0,3675.0,3620.0,3620.0,3620.0,100.0,168.1,133.3,21.7,81.9,187.9,135.6,1053.2,3.9,3.3,260.9,86.6,33.8,15.6,168.1,4.0,1.1,0.0,1.8,4.6,1.3,22.6,8.4,0.0,6.0,1.9,0.0,0.2,22.6,4.0,4.3,1.4,0.6,2.1,5.0,3.6,28.4,0.1,0.1,6.9,2.2,0.9,0.4,4.3,36.5,36.8,36.8,36.8,36.2,36.2,36.2,33.3,7.4,2.0,6.9,25.8,0.2,8.4,1.3,21.3,13.8,24.4,26.4,1.2,52.1,9.5,71.4,84.3,68.8,47.9,98.6,39.6,89.3,1600.0,16.00,16,18,18,36,74,560,1,47.4,37.3,38.0,33.4,33.2,33.0,36.4,32.0,33.8,32.1,33.2,33.2,33.2,28.9,1.156,0.994,1.163,5.849,5.404,5.863,5.863,27.021,0.636,0.284,0.582,1.705,0.048,0.993,0.202,6.765,5.379,12.144,26.941,1600.0,1600.0,3141.6,3141.6,4650.0,35.4,9.8,6.5,39.3,175.6,No,No,No,0.419,0.564,0.4,47.0,38.5,35.5,34.0,34.5,36.0,35.5,12.144,5.000,1.002,1.352,0.586,0.818,0.854,1.560,3.348,1.836,1280,709,547,554,1.056,1.260,35,35,42,79.0,100.0,No,No,80665,102287,0.0,0.0,0.0,0.016,0.094,16356,8951,46.4,54.0,56.3,54,54,54,54,54,54,54,54,54,83.0,0.838,12.181,12.269,12.166,12.145,12.144,1435,1455,96.771,31.160,66.785,3.202,33.116,30.435,34.378,66.785,34.399,2.252,9.085,310.000,350.000,1605.0,1187.7,1410.0,1549.1,1530.0,1350.0,1604.9,1186.9,1529.6,1.0,0.0,0.0,0.0,7.2,0.0,0.0,0.0,0.0,0.0,62,69,Yes,No,No,No,No,Yes,No,32.6,45.9,2,0,0,0,0,0,0,0,0,68,0,0,0,0,0,0,0,0,0,0,0,0,0,0,0,0,0,0,0,0,7599,593,423,27,16.0,5.0,61.1,1.9,1.9,1.9,1.9,5.0,60.1,1.9,1.9,1.9,1.9,199.87,526.38,16.37,16.36,533.77,533.77,0.36,199.53,199.87,0.00,173.33,311,16,0.6,0.0,0,0,0.0,0.0,0,
25.8.2026,15:49:34.105,5194,14059,26.9,5428,10881,33.2,0.1,2944,2,0.956,0.956,0.956,0.956,0.956,0.956,0.956,3675.0,3675.0,3675.0,3675.0,3675.0,3675.0,3675.0,100.0,48.3,162.1,3.7,8.6,10.8,47.0,137.1,0.4,0.5,81.2,118.4,1.6,8.1,48.3,2.0,0.8,8.8,1.2,0.5,3.5,3.3,0.0,0.0,2.0,2.9,0.0,1.1,8.8,2.0,0.9,0.6,0.1,0.2,0.3,1.2,3.7,0.0,0.0,2.1,3.0,0.0,0.2,0.9,36.8,36.8,36.8,36.8,36.8,36.8,36.8,62.1,1.6,0.6,0.4,4.2,0.0,4.5,0.2,7.3,2.9,3.6,15.1,0.0,21.4,1.1,91.2,96.7,96.1,80.9,99.9,74.4,98.9,1600.0,16.00,16,18,18,36,74,560,1,44.9,33.2,37.5,31.6,31.5,31.6,31.8,31.4,31.9,31.3,31.9,31.9,33.8,28.5,1.156,0.994,1.163,2.205,4.820,2.202,2.202,20.394,0.196,0.131,0.072,0.315,0.011,0.616,0.033,2.283,4.807,7.090,20.379,1600.0,1600.0,1962.7,1962.7,4650.0,26.8,3.7,2.4,35.0,188.6,No,No,No,0.186,0.040,0.1,45.0,38.5,35.5,34.0,34.5,36.0,35.5,12.168,5.010,1.002,1.352,0.582,0.818,0.854,1.562,3.352,1.836,1261,711,549,556,1.056,1.251,35,35,42,79.0,100.0,No,No,80665,102287,0.0,0.0,0.0,0.000,0.004,16356,8951,44.7,52.0,54.0,52,52,52,50,52,52,52,50,52,83.0,0.838,12.191,12.274,12.175,12.153,12.160,1455,1458,77.310,24.165,51.736,2.713,25.641,23.358,25.585,51.736,25.606,2.198,8.910,310.000,350.000,1605.0,101.2,1410.0,1605.0,1530.0,1350.0,1156.7,72.0,1106.0,1.0,0.0,0.0,0.0,7.2,0.0,0.0,0.0,0.0,0.0,62,69,Yes,No,No,No,No,Yes,No,24.9,24.1,2,0,0,0,0,0,0,0,0,68,0,0,0,0,0,0,0,0,0,0,0,0,0,0,0,0,0,0,0,0,7599,593,423,27,5.0,5.0,61.2,1.9,1.9,1.9,1.9,5.0,60.0,1.9,1.9,1.9,1.9,199.65,524.25,16.33,16.31,533.28,533.28,0.54,199.13,199.65,0.00,133.25,311,16,2.4,0.0,0,0,0.0,0.0,0,
25.8.2026,15:49:36.107,5193,14060,26.9,5428,10881,33.2,0.1,2944,2,0.956,0.956,0.956,0.956,0.956,0.956,0.956,3675.0,3675.0,3675.0,3675.0,3675.0,3675.0,3675.0,100.0,46.5,191.0,1.6,7.1,8.6,77.0,113.8,0.6,0.1,64.0,79.7,5.8,9.0,46.5,1.8,0.9,1.0,0.0,0.0,1.2,1.3,0.0,4.0,0.9,2.0,10.2,0.0,10.2,1.8,0.8,0.7,0.0,0.2,0.2,2.1,3.0,0.0,0.0,1.6,1.9,0.1,0.2,0.8,36.8,36.8,36.8,36.8,36.8,36.8,36.8,61.8,1.5,0.6,0.4,4.4,0.0,3.3,0.3,7.9,5.6,1.4,14.5,0.1,24.4,1.4,90.8,93.9,98.4,81.4,99.9,72.5,98.5,1600.0,16.00,16,18,18,36,74,560,1,42.6,32.6,36.5,31.6,31.5,31.6,31.9,31.4,31.8,31.4,32.0,32.0,32.2,27.9,1.156,0.994,1.163,2.174,4.181,2.177,2.177,18.666,0.215,0.163,0.091,0.347,0.012,0.592,0.083,2.230,4.169,6.399,18.672,1600.0,1600.0,2000.7,2000.7,4650.0,24.6,3.6,2.4,34.4,168.9,No,No,No,0.178,0.038,0.1,42.0,38.5,35.0,34.0,34.0,36.0,35.0,12.168,5.010,1.002,1.352,0.498,0.816,0.854,1.564,3.356,1.836,1217,699,548,544,1.056,1.263,35,35,42,79.0,100.0,No,No,80665,102287,0.0,0.0,0.0,0.000,0.032,16356,8951,41.8,48.0,49.3,47,48,46,48,48,46,48,46,48,83.0,0.831,12.216,12.283,12.203,12.181,12.199,1450,1450,25.321,8.961,20.291,1.953,8.542,9.769,6.514,20.291,6.520,2.084,4.690,310.000,350.000,1605.0,101.2,1395.0,361.3,1515.0,1335.0,1151.4,71.8,1092.9,1.0,3.0,0.0,0.0,7.2,0.0,0.0,0.0,0.0,0.0,61,68,Yes,No,No,No,No,Yes,No,8.6,9.6,2,0,0,0,0,0,0,0,0,69,0,0,0,0,0,0,0,0,0,0,0,0,0,0,0,0,0,0,0,0,7599,593,423,27,5.0,3.3,50.5,1.9,1.9,1.9,1.9,3.3,49.6,1.9,1.9,1.9,1.9,303.77,533.43,19.80,16.67,533.44,533.44,0.71,303.04,303.77,0.00,132.86,311,16,1.2,0.0,0,0,0.0,0.0,0,
25.8.2026,15:49:38.112,5192,14061,26.9,5426,10883,33.2,0.1,2944,2,0.956,0.956,0.956,0.956,0.956,0.956,0.956,3665.8,3675.0,3675.0,3675.0,3675.0,3675.0,3620.0,100.0,43.8,170.4,2.2,5.9,9.1,70.5,103.3,0.3,0.2,55.7,97.6,2.7,8.1,43.8,0.7,0.5,0.0,0.1,0.9,1.5,3.0,0.0,0.0,0.0,2.2,0.0,0.0,3.0,0.7,0.8,0.6,0.1,0.1,0.2,1.9,2.7,0.0,0.0,1.4,2.4,0.1,0.2,0.8,36.7,36.8,36.8,36.8,36.8,36.8,36.2,68.8,1.4,0.5,0.2,3.9,0.0,3.4,0.2,5.6,1.6,0.6,12.1,0.0,17.1,2.2,93.1,98.0,99.2,84.2,100.0,79.7,97.8,1600.0,16.00,16,18,18,36,74,560,1,40.9,32.5,37.0,31.5,31.4,31.5,31.7,31.4,31.6,31.3,31.8,31.8,32.0,28.1,1.156,0.994,1.163,1.857,4.068,1.857,1.857,17.922,0.189,0.118,0.063,0.311,0.008,0.573,0.061,1.911,4.058,5.969,17.930,1600.0,1600.0,1842.9,1842.9,4650.0,23.6,3.1,2.1,34.2,164.2,No,No,No,0.180,0.035,0.1,41.0,38.5,35.0,34.5,34.0,36.0,35.0,12.168,5.000,1.002,1.352,0.548,0.816,0.852,1.564,3.364,1.838,1160,718,550,556,1.056,1.255,35,35,42,79.0,100.0,No,No,80665,102287,0.0,0.0,0.0,0.000,0.034,16356,8952,41.0,48.0,48.7,46,48,46,46,46,46,46,46,48,83.0,0.831,12.213,12.279,12.199,12.176,12.195,1425,1433,24.451,8.541,19.265,1.854,8.198,9.205,6.305,19.265,6.315,2.020,4.446,310.000,350.000,1605.0,101.2,1395.0,330.1,1515.0,1335.0,1152.0,71.9,1088.5,1.0,1.0,0.0,0.0,7.2,0.0,0.0,0.0,0.0,0.0,60,67,Yes,No,No,No,No,Yes,No,8.3,9.0,2,0,0,0,0,0,0,0,0,69,0,0,0,0,0,0,0,0,0,0,0,0,0,0,0,0,0,0,0,0,7599,593,423,27,5.0,2.8,38.0,1.9,1.9,1.9,1.9,2.8,37.5,1.9,1.9,1.9,1.9,355.33,532.99,26.31,17.31,533.33,533.33,0.58,354.77,355.33,0.00,172.40,311,16,0.4,0.1,0,0,0.0,0.0,0,
25.8.2026,15:49:40.123,6408,12845,33.2,5941,10368,36.4,0.1,2944,2,1.169,1.169,1.169,1.169,1.169,1.169,1.169,3770.8,3620.0,3620.0,3620.0,3620.0,4525.0,3620.0,100.0,338.5,152.0,24.2,122.7,157.3,349.5,1264.3,18.0,14.9,1018.3,824.3,69.5,47.5,338.5,8.6,1.5,0.0,2.2,4.6,7.9,28.1,2.1,0.5,25.0,18.4,6.2,7.1,28.1,8.6,8.8,1.4,0.6,3.2,4.1,9.3,33.9,0.4,0.4,27.3,22.0,1.8,1.2,8.8,37.7,36.2,36.2,36.2,36.2,45.2,36.2,22.2,14.7,1.7,6.6,35.8,0.8,40.8,2.8,26.0,9.5,46.5,33.4,12.7,33.8,19.9,59.3,88.8,47.0,30.8,86.5,25.5,77.4,1600.0,16.00,16,18,18,36,74,560,1,43.6,40.5,45.0,34.5,33.3,33.3,37.4,32.3,38.5,32.4,33.5,33.5,32.8,28.6,1.169,0.994,1.175,9.578,4.913,9.563,9.563,30.063,1.243,0.273,0.885,2.707,0.207,2.969,0.416,11.141,4.888,16.029,30.167,1600.0,1600.0,3676.0,3676.0,4650.0,39.7,15.9,10.6,42.6,148.6,No,No,No,0.712,0.456,0.9,43.0,38.5,35.5,34.5,34.0,36.0,35.5,12.168,5.000,1.004,1.352,1.164,0.814,0.852,1.562,3.356,1.836,1129,710,550,556,1.056,1.263,35,35,42,79.0,100.0,No,No,80665,102287,0.0,0.0,0.0,0.000,0.075,16356,8952,40.7,46.0,48.3,46,46,44,46,46,44,46,46,46,83.0,0.831,12.211,12.278,12.197,12.175,12.193,1378,1400,24.357,8.795,19.959,1.928,8.416,9.606,6.426,19.959,6.427,2.027,4.409,310.000,350.000,1605.0,101.2,1395.0,322.6,1515.0,1335.0,1306.5,82.9,1282.8,1.0,1.0,0.0,0.0,7.2,0.0,0.0,0.0,0.0,0.0,59,66,Yes,No,No,No,No,Yes,No,8.5,12.0,2,0,0,0,0,0,0,0,0,69,0,0,0,0,0,0,0,0,0,0,0,0,0,0,0,0,0,0,0,0,7599,593,423,27,5.0,4.8,61.0,1.9,1.9,1.9,1.9,4.8,60.1,1.9,1.9,1.9,1.9,209.85,527.82,16.40,16.38,533.17,533.17,0.59,209.26,209.85,0.00,116.52,311,16,1.5,0.0,0,0,0.0,0.0,0,
25.8.2026,15:49:42.144,7536,11717,39.1,6134,10175,37.6,0.1,2944,2,1.244,1.244,1.244,1.244,1.244,1.244,1.244,3875.0,3720.0,3720.0,4650.0,3720.0,3720.0,3720.0,100.0,483.1,127.7,61.8,126.0,162.2,32.2,4167.3,31.3,36.2,364.7,528.5,91.9,67.6,483.1,10.9,1.8,5.6,2.6,5.0,0.4,91.8,0.0,0.5,9.0,12.0,1.8,0.0,91.8,10.9,12.9,2.2,1.6,3.3,4.3,0.8,112.6,0.8,1.0,9.7,14.2,2.4,1.8,12.9,38.8,37.2,37.2,46.5,37.2,37.2,37.2,0.0,20.9,3.2,5.8,92.4,1.2,19.8,3.0,25.2,33.5,30.8,7.6,8.1,49.9,21.5,53.9,63.3,63.4,0.0,90.7,30.3,75.4,1600.0,16.00,16,18,18,36,74,560,1,46.9,47.0,49.8,36.4,35.8,33.7,46.1,32.8,36.8,33.0,34.6,34.6,34.2,29.6,1.244,0.994,1.250,11.463,5.827,11.459,14.007,35.547,1.346,0.606,0.683,4.465,0.201,1.664,0.456,13.635,5.791,19.426,35.587,1600.0,1600.0,4540.0,4540.0,4650.0,46.8,19.1,15.6,49.4,167.9,No,No,No,0.368,0.349,1.3,46.0,38.5,35.5,34.5,34.0,36.0,35.5,12.072,4.970,1.004,1.348,1.172,0.816,0.852,1.552,3.316,1.836,1182,704,546,541,1.056,1.252,35,35,42,79.0,100.0,No,No,80665,102287,0.0,0.0,0.0,0.008,0.097,16356,8952,54.1,56.0,64.2,56,56,56,54,56,56,54,56,56,83.0,0.825,12.080,12.167,12.068,12.056,12.028,1332,1363,253.535,95.741,207.899,30.637,95.823,81.435,40.559,207.899,40.579,31.400,125.437,310.000,350.000,1605.0,1156.5,1410.0,1603.3,1530.0,1350.0,1605.4,1155.3,1530.4,100.0,22.0,0.0,0.0,18.7,0.0,0.0,0.0,0.0,0.0,59,66,Yes,No,No,No,No,Yes,No,80.2,80.1,2,0,0,0,0,0,0,0,0,70,0,0,0,0,0,0,0,0,0,0,0,0,0,0,0,0,0,0,0,0,6658,1534,1364,101,16.0,4.6,61.1,1.9,1.9,1.9,1.9,4.6,60.0,1.9,1.9,1.9,1.9,216.47,526.48,16.35,16.34,533.50,533.50,0.65,215.83,216.47,0.00,129.22,311,16,0.1,0.0,0,0,0.0,0.0,0,
25.8.2026,15:49:44.140,7539,11715,39.1,6136,10174,37.6,0.1,2944,2,1.169,1.169,1.169,1.169,1.169,1.169,1.169,3770.8,3620.0,3620.0,3620.0,3620.0,4525.0,3620.0,100.0,434.6,70.3,12.3,47.6,48.7,236.3,2107.7,3.0,4.1,96.3,2541.5,29.4,18.1,434.6,9.4,1.1,0.1,2.4,0.0,5.7,45.3,0.0,0.0,1.4,56.3,0.0,0.0,56.3,9.4,11.7,1.4,0.3,1.2,1.2,6.3,56.9,0.1,0.1,2.5,68.6,0.8,0.5,11.7,37.7,36.2,36.2,36.2,36.2,45.2,36.2,0.0,19.1,1.9,2.4,50.4,0.2,58.7,1.2,19.4,28.0,15.6,34.8,3.2,25.8,9.2,61.5,70.1,82.1,14.8,96.6,15.5,89.6,1600.0,16.00,16,18,18,36,74,560,1,48.2,48.2,44.5,36.2,35.1,33.1,42.0,32.5,42.0,32.5,34.8,34.8,33.5,29.5,1.169,0.994,1.175,10.737,5.859,10.741,12.355,35.064,1.194,0.448,0.334,3.088,0.086,2.998,0.209,12.949,5.823,18.772,35.023,1600.0,1600.0,4574.4,4574.4,4650.0,46.1,17.9,13.7,50.7,179.7,No,No,No,0.136,0.167,1.1,48.0,39.0,35.5,34.5,34.5,36.5,35.5,12.096,4.960,1.004,1.348,1.176,0.814,0.852,1.552,3.316,1.836,1243,699,544,540,1.056,1.247,36,36,42,79.0,100.0,No,No,80665,102287,0.0,0.0,0.0,0.000,0.077,16356,8952,55.0,58.0,65.0,56,56,56,56,56,56,56,56,56,83.0,0.825,12.081,12.167,12.070,12.056,12.030,1326,1363,244.498,94.204,205.331,30.491,94.485,80.354,39.470,205.331,39.493,31.655,121.230,310.000,350.000,1605.0,1156.5,1410.0,1604.8,1530.0,1350.0,1605.0,1155.4,1530.4,100.0,21.0,0.0,0.0,18.7,24.3,97.2,0.0,0.0,0.0,60,67,Yes,No,No,No,No,Yes,No,79.0,76.1,2,0,0,0,0,0,0,0,0,70,0,0,0,0,0,0,0,0,0,0,0,0,0,0,0,0,0,0,0,0,6658,1534,1364,101,16.0,3.8,60.4,1.8,1.8,1.8,1.8,3.8,60.0,1.8,1.8,1.8,1.8,259.83,548.56,16.54,16.54,549.87,549.87,0.69,259.15,259.83,0.00,113.25,311,16,0.0,0.0,0,0,0.0,0.0,0,
25.8.2026,15:49:46.151,7538,11715,39.1,6135,10174,37.6,0.1,2944,2,1.169,1.169,1.169,1.169,1.169,1.169,1.169,3770.8,3620.0,3620.0,3620.0,3620.0,4525.0,3620.0,100.0,435.9,62.7,20.6,73.1,36.7,2329.2,98.1,6.3,38.5,2446.1,51.7,40.7,27.5,435.9,10.3,1.3,0.0,1.3,2.7,51.7,2.6,2.0,0.0,54.6,0.8,2.8,3.2,54.6,10.3,11.7,1.0,0.5,1.9,0.9,62.9,2.6,0.2,1.0,66.0,1.4,1.0,0.7,11.7,37.7,36.2,36.2,36.2,36.2,45.2,36.2,0.0,19.3,1.6,2.6,53.5,1.0,55.2,1.6,18.1,29.7,16.1,27.1,4.1,21.4,10.4,62.6,68.7,81.2,19.4,94.9,23.4,87.9,1600.0,16.00,16,18,18,36,74,560,1,48.0,46.7,44.5,35.8,34.7,33.1,40.8,32.6,41.2,32.5,34.5,34.5,34.5,29.4,1.169,0.994,1.175,10.049,5.877,10.050,12.050,33.872,1.102,0.431,0.347,2.725,0.121,2.750,0.234,11.798,5.840,17.638,33.884,1600.0,1600.0,4518.2,4518.2,4650.0,44.6,16.7,13.4,49.2,177.2,No,No,No,0.148,0.179,1.2,48.0,38.5,36.0,34.5,34.5,36.5,36.0,12.072,4.970,1.004,1.348,1.170,0.814,0.850,1.552,3.316,1.834,1288,708,544,539,1.056,1.249,36,36,42,79.0,100.0,No,No,80665,102287,0.0,0.0,0.0,0.000,0.032,16356,8952,55.8,58.0,66.0,57,56,58,56,56,56,56,58,58,83.0,0.825,12.082,12.171,12.070,12.056,12.030,1364,1396,245.022,96.429,209.448,31.011,96.428,81.984,40.408,209.448,40.432,31.874,126.824,310.000,350.000,1605.0,1156.5,1410.0,1604.3,1530.0,1350.0,1605.5,1155.2,1530.1,100.0,23.0,0.0,0.0,18.7,24.7,98.8,0.0,0.0,0.0,61,68,Yes,No,No,No,No,Yes,No,80.6,80.0,2,0,0,0,0,0,0,0,0,70,0,0,0,0,0,0,0,0,0,0,0,0,0,0,0,0,0,0,0,0,6658,1534,1364,101,16.0,3.4,53.0,1.8,1.8,1.8,1.8,3.4,53.6,1.8,1.8,1.8,1.8,291.43,548.80,18.86,17.09,549.80,549.80,0.61,290.91,291.43,0.00,141.52,311,16,0.9,0.0,0,0,0.0,0.0,0,
25.8.2026,15:49:48.168,7540,11713,39.1,6135,10174,37.6,0.1,2944,2,1.169,1.169,1.169,1.169,1.169,1.169,1.169,3770.8,3620.0,3620.0,4525.0,3620.0,3620.0,3620.0,100.0,438.6,71.4,20.2,105.1,30.4,3978.1,10.2,11.5,2.6,869.3,80.7,50.0,34.1,438.6,11.5,1.3,2.1,3.2,0.0,87.9,0.0,2.6,9.3,19.4,2.7,4.9,3.8,87.9,11.5,11.8,1.2,0.5,2.8,0.8,107.5,0.3,0.3,0.1,23.4,2.1,1.3,0.9,11.8,37.7,36.2,36.2,45.2,36.2,36.2,36.2,0.0,19.4,1.8,3.2,88.0,0.4,21.0,2.0,21.7,27.2,19.0,12.0,5.6,53.5,12.7,58.9,71.0,77.9,0.0,94.0,25.5,85.3,1600.0,16.00,16,18,18,36,74,560,1,47.8,46.6,47.0,36.1,35.5,33.3,45.3,32.7,37.1,32.7,34.7,34.7,32.8,28.6,1.169,0.994,1.175,10.217,5.867,10.216,12.249,34.084,1.142,0.432,0.387,4.095,0.114,1.544,0.278,12.006,5.830,17.836,34.082,1600.0,1600.0,4522.8,4522.8,4650.0,44.8,17.0,13.6,49.0,174.0,No,No,No,0.154,0.179,1.2,47.0,38.5,36.0,34.5,34.5,36.5,36.0,12.072,4.960,1.004,1.348,1.170,0.814,0.850,1.552,3.316,1.834,1242,691,546,552,1.056,1.247,36,36,42,79.0,100.0,No,No,80665,102287,0.0,0.0,0.0,0.000,0.036,16356,8952,56.0,58.0,66.2,58,58,58,58,56,58,56,58,58,83.0,0.825,12.079,12.164,12.068,12.055,12.027,1416,1431,246.884,95.238,207.592,30.653,95.544,81.396,40.230,207.592,40.254,31.735,122.148,310.000,350.000,1605.0,1156.5,1410.0,1604.8,1530.0,1350.0,1605.5,1155.3,1530.1,100.0,23.0,0.0,0.0,18.7,25.0,100.0,0.0,0.0,0.0,62,69,Yes,No,No,No,No,Yes,No,80.0,78.5,2,0,0,0,0,0,0,0,0,70,0,0,0,0,0,0,0,0,0,0,0,0,0,0,0,0,0,0,0,0,6658,1534,1364,101,16.0,4.6,61.2,1.9,1.9,1.9,1.9,4.6,60.0,1.9,1.9,1.9,1.9,216.59,532.07,16.35,16.34,533.43,533.43,0.65,215.96,216.59,0.00,106.61,311,16,0.8,0.4,0,0,0.0,0.0,0,
25.8.2026,15:49:50.169,5177,14076,26.8,5412,10898,33.1,0.1,2944,2,0.956,0.956,0.956,0.956,0.956,0.956,0.956,3675.0,3675.0,3675.0,3675.0,3675.0,3675.0,3675.0,100.0,387.8,84.1,33.6,223.8,54.5,2284.5,716.6,31.3,2.8,211.0,957.2,30.0,24.4,387.8,8.2,0.7,0.4,3.9,0.1,49.2,16.2,0.3,0.0,4.5,21.0,0.0,1.7,49.2,8.2,10.3,1.2,0.9,6.0,1.4,61.7,19.3,0.8,0.1,5.6,25.8,0.8,0.6,10.3,36.8,36.8,36.8,36.8,36.8,36.8,36.8,0.0,17.1,2.1,6.4,65.5,0.8,26.4,1.4,22.5,16.5,24.5,32.5,4.0,45.4,12.0,60.4,81.4,69.1,2.0,95.2,28.2,86.7,1600.0,16.00,16,18,18,36,74,560,1,48.0,45.5,39.0,35.8,35.1,33.7,43.2,32.8,37.5,32.7,34.8,34.8,34.8,28.9,1.156,0.994,1.163,9.975,5.937,9.987,10.595,34.041,1.082,0.323,0.553,3.599,0.116,1.661,0.243,11.801,5.900,17.701,34.008,1600.0,1600.0,4447.6,4447.6,4650.0,44.7,16.6,11.8,47.9,180.4,No,No,No,0.378,0.610,1.0,48.0,39.0,36.0,34.5,34.5,36.5,36.0,12.168,4.990,1.004,1.348,1.176,0.812,0.850,1.560,3.344,1.836,1246,693,544,539,1.056,1.250,36,36,43,79.0,100.0,No,No,80665,102287,0.0,0.0,0.1,0.065,0.288,16356,8953,47.8,56.0,58.0,54,56,54,54,54,54,54,54,56,83.0,0.838,12.182,12.270,12.167,12.146,12.145,1457,1468,179.491,31.222,66.978,3.301,33.252,30.390,34.200,66.978,34.228,2.316,9.359,310.000,350.000,1605.0,1187.7,1410.0,1604.8,1530.0,1350.0,1605.6,1187.0,1530.1,0.0,0.0,0.0,0.0,7.2,0.0,0.0,0.0,0.0,0.0,62,69,Yes,No,No,No,No,Yes,No,32.6,45.8,2,0,0,0,0,0,0,0,0,70,0,0,0,0,0,0,0,0,0,0,0,0,0,0,0,0,0,0,0,0,7599,593,423,27,16.0,3.9,54.4,1.9,1.9,1.9,1.9,3.9,53.5,1.9,1.9,1.9,1.9,258.15,513.80,18.37,16.57,516.82,516.82,0.32,257.83,258.15,0.00,145.88,311,16,0.2,0.0,0,0,0.0,0.0,0,
25.8.2026,15:49:52.176,5176,14077,26.8,5411,10899,33.1,0.1,2944,2,0.991,1.163,0.956,0.956,0.956,0.956,0.956,3665.8,3620.0,3675.0,3675.0,3675.0,3675.0,3675.0,100.0,58.2,180.0,2.7,26.2,17.1,97.6,130.8,0.7,0.8,111.1,114.2,4.8,12.2,58.2,1.7,0.9,0.0,0.9,0.7,2.5,2.5,0.0,6.8,2.1,2.9,0.4,0.0,6.8,1.7,1.2,0.6,0.1,0.7,0.4,2.6,3.5,0.0,0.0,2.9,2.9,0.1,0.3,1.2,36.7,36.2,36.8,36.8,36.8,36.8,36.8,55.1,2.0,0.5,1.0,5.1,0.0,4.9,0.4,10.7,7.3,4.9,17.3,0.1,32.5,2.4,87.4,92.5,94.2,77.8,99.9,62.7,97.4,1600.0,16.00,16,18,18,36,74,560,1,45.4,34.0,38.8,32.2,32.1,32.2,32.6,31.9,32.6,31.8,32.6,32.6,34.2,28.7,1.156,0.994,1.163,2.695,5.146,2.695,2.695,21.642,0.264,0.175,0.134,0.437,0.016,0.726,0.098,2.804,5.123,7.927,21.663,1600.0,1600.0,2241.0,2241.0,4650.0,28.5,4.5,3.0,35.8,173.2,No,No,No,0.202,0.077,0.1,45.0,39.0,35.5,34.5,34.5,36.5,35.5,12.168,4.990,1.002,1.348,0.830,0.810,0.850,1.560,3.352,1.836,1269,694,548,541,1.056,1.283,36,36,43,79.0,100.0,No,No,80665,102287,0.0,0.0,0.0,0.000,0.004,16356,8953,45.1,52.0,54.4,52,52,52,52,52,52,52,50,52,83.0,0.881,12.197,12.274,12.183,12.162,12.167,1476,1474,86.780,25.210,54.301,3.056,26.742,24.470,25.612,54.301,25.633,2.529,10.242,310.000,350.000,1710.0,625.2,1515.0,1709.8,1635.0,1455.0,1709.5,624.6,1635.3,0.0,0.0,0.0,0.0,7.2,0.0,0.0,0.0,0.0,0.0,62,69,Yes,No,No,No,No,Yes,No,25.8,33.9,2,0,0,0,0,0,0,0,0,70,0,0,0,0,0,0,0,0,0,0,0,0,0,0,0,0,0,0,0,0,7599,593,423,27,16.0,4.8,61.1,1.9,1.9,1.9,1.9,4.8,60.0,1.9,1.9,1.9,1.9,207.99,525.48,16.37,16.36,533.52,533.52,0.41,207.63,207.99,0.00,133.10,311,16,1.6,0.0,0,0,0.0,0.0,0,
25.8.2026,15:49:54.194,5173,14080,26.8,5407,10903,33.1,0.1,2944,2,0.956,0.956,0.956,0.956,0.956,0.956,0.956,3552.5,3675.0,3675.0,3675.0,3675.0,3675.0,2940.0,100.0,41.9,139.7,1.9,6.4,9.1,72.9,131.9,2.7,1.1,44.5,81.2,6.2,5.5,41.9,3.8,0.6,0.0,0.9,1.0,2.4,3.0,33.0,0.8,1.8,1.9,0.0,0.0,33.0,3.8,0.8,0.6,0.0,0.1,0.2,1.9,3.5,0.1,0.0,1.1,2.0,0.2,0.1,0.8,35.5,36.8,36.8,36.8,36.8,36.8,29.4,56.3,1.4,0.6,0.3,4.6,0.1,2.8,0.2,9.3,2.2,3.3,12.4,0.1,34.7,3.1,89.4,97.2,96.4,83.2,99.9,62.5,96.9,1600.0,16.00,16,18,18,36,74,560,1,43.2,33.6,37.8,32.0,31.9,32.0,32.3,31.8,32.2,31.7,32.5,32.5,33.0,28.8,1.156,0.994,1.163,2.312,5.058,2.313,2.313,20.877,0.204,0.117,0.080,0.378,0.019,0.548,0.085,2.357,5.036,7.393,20.852,1600.0,1600.0,2141.4,2141.4,4650.0,27.4,3.9,2.6,35.4,187.2,No,No,No,0.168,0.037,0.1,43.0,38.5,35.5,34.5,34.5,36.5,35.5,12.168,5.000,1.002,1.352,0.616,0.810,0.850,1.562,3.352,1.836,1230,696,547,542,1.056,1.259,36,36,43,79.0,100.0,No,No,80665,102287,0.0,0.0,0.1,0.016,0.089,16356,8953,42.6,50.0,50.2,49,50,48,50,48,48,50,48,50,83.0,0.875,12.218,12.283,12.206,12.182,12.202,1478,1472,70.073,10.101,23.075,2.383,9.435,11.244,6.772,23.075,6.776,2.446,5.700,310.000,350.000,1710.0,101.2,1500.0,1710.0,1620.0,1440.0,1219.4,71.3,1193.5,1.0,2.0,0.0,0.0,7.2,0.0,0.0,0.0,0.0,0.0,62,69,Yes,No,No,No,No,Yes,No,9.6,8.9,2,0,0,0,0,0,0,0,0,71,0,0,0,0,0,0,0,0,0,0,0,0,0,0,0,0,0,0,0,0,7599,593,423,24,5.0,3.2,46.8,1.9,1.9,1.9,1.9,3.2,47.2,1.9,1.9,1.9,1.9,308.15,532.78,21.36,17.35,533.27,533.27,0.56,307.67,308.15,0.00,137.21,311,16,0.7,0.0,0,0,0.0,0.0,0,
25.8.2026,15:49:56.202,5173,14080,26.8,5405,10904,33.1,0.1,2944,2,0.956,0.956,0.956,0.956,0.956,0.956,0.956,3675.0,3675.0,3675.0,3675.0,3675.0,3675.0,3675.0,100.0,33.1,43.6,2.6,6.9,6.6,65.6,113.3,1.0,0.7,33.7,112.8,2.9,7.1,33.1,2.5,0.6,0.2,0.0,0.0,0.9,2.7,21.9,0.2,0.1,2.7,0.0,1.1,21.9,2.5,0.8,0.5,0.1,0.2,0.2,1.8,3.0,0.0,0.0,0.8,2.9,0.1,0.2,0.8,36.8,36.8,36.8,36.8,36.8,36.8,36.8,47.4,1.4,0.5,0.3,4.0,0.0,3.5,0.2,10.1,1.3,2.7,12.0,0.1,43.9,0.6,88.6,98.2,97.1,84.2,99.9,52.7,99.3,1600.0,16.00,16,18,18,36,74,560,1,41.5,33.2,37.5,32.0,31.9,32.0,32.2,31.8,32.4,31.7,32.5,32.5,34.2,28.6,1.175,0.994,1.181,2.533,4.559,2.533,2.533,20.034,0.188,0.058,0.077,0.311,0.022,0.605,0.055,2.575,4.541,7.116,20.035,1600.0,1600.0,2471.9,2471.9,4650.0,26.4,4.2,2.8,35.0,221.8,No,No,No,0.147,0.037,0.1,41.0,39.0,35.5,34.5,34.5,36.5,35.5,12.168,5.000,1.002,1.352,0.566,0.810,0.848,1.564,3.360,1.836,1182,702,548,543,1.057,1.251,36,36,43,79.0,100.0,No,No,80665,102287,0.0,0.0,0.0,0.000,0.000,16356,8953,41.5,48.0,49.1,46,48,46,46,46,46,46,46,48,83.0,0.875,12.218,12.283,12.205,12.182,12.201,1465,1458,25.642,8.997,20.413,2.137,8.153,10.099,6.088,20.413,6.097,2.357,5.215,310.000,350.000,1710.0,101.2,1500.0,345.8,1620.0,1440.0,1537.3,89.9,1454.5,0.0,1.0,0.0,0.0,7.2,0.0,0.1,0.0,0.0,0.0,61,68,Yes,No,No,No,No,Yes,No,8.6,9.9,2,0,0,0,0,0,0,0,0,71,0,0,0,0,0,0,0,0,0,0,0,0,0,0,0,0,0,0,0,0,7599,593,423,24,5.0,4.4,60.7,1.9,1.9,1.9,1.9,4.3,60.1,1.9,1.9,1.9,1.9,229.70,532.38,16.48,16.47,533.02,533.02,0.59,229.09,229.70,0.00,106.36,311,16,0.1,0.0,0,0,0.0,0.0,0,
25.8.2026,15:49:58.219,5172,14081,26.8,5405,10904,33.1,0.1,2944,2,0.956,0.956,0.956,0.956,0.956,0.956,0.956,3675.0,3675.0,3675.0,3675.0,3675.0,3675.0,3675.0,100.0,39.5,114.6,1.1,5.5,9.0,66.0,122.3,0.6,0.3,63.8,81.0,6.4,3.0,39.5,1.9,0.3,0.0,0.0,0.8,1.3,3.4,6.4,0.0,2.0,1.7,3.0,4.3,6.4,1.9,0.8,0.5,0.0,0.1,0.2,1.8,3.2,0.0,0.0,1.6,2.0,0.2,0.1,0.8,36.8,36.8,36.8,36.8,36.8,36.8,36.8,61.1,1.4,0.4,0.3,4.0,0.0,3.3,0.2,7.3,1.4,2.5,11.3,0.1,27.9,0.7,91.4,98.2,97.2,84.8,100.0,68.9,99.2,1600.0,16.00,16,18,18,36,74,560,1,40.1,33.0,36.8,31.8,31.7,31.9,32.1,31.7,32.1,31.6,32.3,32.3,33.8,28.4,1.156,0.994,1.163,2.107,4.257,2.107,2.107,18.686,0.195,0.097,0.092,0.335,0.011,0.590,0.047,2.162,4.244,6.406,18.695,1600.0,1600.0,2184.6,2184.6,4650.0,24.6,3.5,2.3,34.7,179.7,No,No,No,0.168,0.036,0.1,40.0,39.0,35.0,34.5,34.5,36.5,35.0,12.168,5.000,1.002,1.352,0.528,0.810,0.848,1.562,3.360,1.836,1116,708,549,543,1.057,1.282,36,36,43,79.0,100.0,No,No,80665,102287,0.0,0.1,0.1,0.000,0.063,16356,8953,40.7,46.0,48.3,46,48,46,46,46,46,46,46,46,83.0,0.875,12.218,12.283,12.206,12.182,12.202,1411,1426,25.698,8.784,19.748,2.076,7.812,9.856,5.881,19.748,5.886,2.430,5.621,310.000,350.000,1710.0,101.2,1500.0,329.4,1620.0,1440.0,1225.9,71.5,1160.2,0.0,1.0,0.0,0.0,7.2,0.0,0.0,0.0,0.0,0.0,60,67,Yes,No,No,No,No,Yes,No,8.3,10.2,2,0,0,0,0,0,0,0,0,71,0,0,0,0,0,0,0,0,0,0,0,0,0,0,0,0,0,0,0,0,7599,593,423,24,5.0,4.7,61.2,1.9,1.9,1.9,1.9,4.7,60.1,1.9,1.9,1.9,1.9,213.10,530.19,16.33,16.32,532.87,532.87,0.60,212.51,213.10,0.00,106.51,311,16,0.8,0.0,0,0,0.0,0.0,0,
25.8.2026,15:50:0.219,7536,11717,39.1,6159,10150,37.7,0.1,2944,2,1.169,1.169,1.169,1.169,1.169,1.169,1.169,3770.8,3620.0,3620.0,4525.0,3620.0,3620.0,3620.0,100.0,463.8,116.4,26.7,179.2,137.9,420.5,2220.0,19.0,27.4,1167.7,1123.5,73.8,53.4,463.8,13.4,1.5,5.7,4.0,3.1,9.2,49.1,1.1,32.3,25.7,24.8,3.9,0.0,49.1,13.4,12.3,1.7,0.7,4.6,3.5,11.2,59.7,0.4,0.7,31.3,30.1,1.9,1.3,12.3,37.7,36.2,36.2,45.2,36.2,36.2,36.2,0.5,20.6,2.3,7.7,58.6,1.1,50.7,3.0,34.1,19.8,60.4,37.5,10.4,48.7,28.0,45.3,77.9,31.9,3.9,88.5,0.6,69.0,1600.0,16.00,16,18,18,36,74,560,1,45.2,45.1,46.8,36.4,35.0,34.4,41.9,33.0,41.0,33.1,34.8,34.8,34.5,29.3,1.169,0.994,1.175,12.682,5.434,12.670,13.643,35.561,1.610,0.399,1.092,3.869,0.202,3.594,0.502,14.879,5.400,20.280,35.671,1600.0,1600.0,4477.5,4477.5,4650.0,46.9,21.1,15.2,47.4,153.3,No,No,No,0.814,0.644,1.2,44.0,39.0,35.5,34.5,34.5,36.5,35.5,12.072,5.000,1.004,1.348,1.180,0.810,0.848,1.548,3.304,1.836,1117,727,548,543,1.056,1.250,36,36,43,79.0,100.0,No,No,80665,102287,0.0,0.0,0.0,0.000,0.061,16356,8953,49.4,50.0,59.1,50,50,50,50,50,48,50,50,52,83.0,0.881,12.065,12.144,12.060,12.049,12.008,1354,1381,55.241,106.762,228.951,34.464,104.853,89.717,42.400,228.951,42.425,38.029,151.071,310.000,350.000,1710.0,1156.5,1515.0,342.5,1635.0,1455.0,1710.2,1154.9,1634.4,65.0,18.0,0.0,0.0,18.7,0.0,0.0,0.0,0.0,0.0,59,66,Yes,No,No,No,No,Yes,No,92.4,96.8,2,0,0,0,0,0,0,0,0,72,0,0,0,0,0,0,0,0,0,0,0,0,0,0,0,0,0,0,0,0,6658,1534,1364,98,16.0,4.9,61.3,1.9,1.9,1.9,1.9,4.9,60.0,1.9,1.9,1.9,1.9,203.16,526.68,16.32,16.29,533.38,533.38,0.63,202.57,203.16,0.00,119.89,311,16,2.2,0.0,0,0,0.0,0.0,0,
25.8.2026,15:50:2.221,7538,11715,39.1,6137,10172,37.6,0.1,2944,2,1.169,1.169,1.169,1.169,1.169,1.169,1.169,3770.8,3620.0,3620.0,3620.0,3620.0,4525.0,3620.0,100.0,443.3,58.4,23.3,82.0,54.2,208.5,2126.1,17.1,4.5,101.1,2568.4,48.5,27.4,443.3,10.3,0.9,0.0,1.9,2.0,5.4,47.1,0.0,2.4,2.2,56.8,1.9,2.9,56.8,10.3,11.9,0.9,0.6,2.2,1.4,5.6,57.4,0.4,0.1,2.7,69.4,1.3,0.7,11.9,37.7,36.2,36.2,36.2,36.2,45.2,36.2,0.0,19.5,1.5,3.2,51.3,0.5,58.8,1.8,19.8,8.4,21.3,35.8,5.1,36.8,11.6,60.6,90.2,75.5,12.9,94.3,4.4,86.5,1600.0,16.00,16,18,18,36,74,560,1,46.9,47.0,43.5,36.1,34.5,33.4,40.9,32.8,42.2,32.8,34.7,34.7,34.0,29.0,1.169,0.994,1.175,10.159,5.849,10.156,12.068,33.973,1.124,0.209,0.415,2.709,0.114,3.044,0.252,11.925,5.813,17.738,33.981,1600.0,1600.0,4525.0,4525.0,4650.0,44.7,16.9,13.4,49.5,175.5,No,No,No,0.173,0.154,1.2,46.0,39.0,36.0,34.5,34.5,36.5,36.0,12.072,4.960,1.004,1.348,1.172,0.810,0.848,1.548,3.308,1.836,1214,721,545,541,1.056,1.260,36,36,43,79.0,100.0,No,No,80665,102287,0.0,0.0,0.0,0.000,0.051,16356,8953,56.5,56.0,66.6,56,56,56,56,56,54,56,56,56,83.0,0.869,12.063,12.140,12.059,12.046,12.007,1318,1353,281.766,110.374,241.746,37.793,110.356,93.572,41.017,241.746,41.036,37.916,148.184,310.000,350.000,1710.0,1156.5,1500.0,1709.7,1620.0,1440.0,1709.7,1155.1,1620.2,100.0,24.0,0.0,0.0,18.7,25.0,100.0,0.0,0.0,0.0,59,66,Yes,No,No,No,No,Yes,No,91.2,87.1,2,0,0,0,0,0,0,0,0,72,0,0,0,0,0,0,0,0,0,0,0,0,0,0,0,0,0,0,0,0,6658,1534,1364,98,16.0,4.2,61.1,1.9,1.9,1.9,1.9,4.2,60.0,1.9,1.9,1.9,1.9,236.03,532.70,16.37,16.34,533.55,533.55,0.63,235.43,236.03,0.00,97.21,311,16,1.8,0.0,0,0,0.0,0.0,0,
25.8.2026,15:50:4.227,7540,11713,39.1,6133,10176,37.6,0.1,2944,2,1.169,1.169,1.169,1.169,1.169,1.169,1.169,3770.8,3620.0,3620.0,3620.0,3620.0,4525.0,3620.0,100.0,432.6,43.6,14.9,62.9,52.3,172.3,2057.2,29.5,4.2,115.6,2574.1,38.3,26.1,432.6,9.8,0.6,0.0,2.1,0.3,3.8,45.5,3.6,1.5,1.7,56.9,1.6,0.0,56.9,9.8,11.6,0.7,0.4,1.7,1.3,4.6,55.6,0.8,0.1,3.1,69.5,1.0,0.7,11.6,37.7,36.2,36.2,36.2,36.2,45.2,36.2,0.0,19.1,1.1,2.7,49.2,0.8,59.5,1.5,18.2,6.2,15.7,35.4,4.2,39.8,8.0,62.7,92.7,81.6,15.4,95.1,0.7,90.5,1600.0,16.00,16,18,18,36,74,560,1,47.2,46.9,44.2,36.0,34.4,33.3,40.5,32.8,42.5,32.7,34.8,34.8,34.5,29.7,1.169,0.994,1.175,9.963,5.852,9.966,11.675,33.759,1.084,0.168,0.334,2.597,0.109,3.099,0.199,11.678,5.816,17.494,33.743,1600.0,1600.0,4517.7,4517.7,4650.0,44.4,16.6,13.0,49.4,178.1,No,No,No,0.154,0.170,1.1,47.0,39.0,36.0,34.5,34.5,36.5,36.0,12.048,4.950,1.004,1.348,1.172,0.810,0.846,1.548,3.312,1.836,1203,712,544,540,1.056,1.234,36,36,43,79.0,100.0,No,No,80665,102287,0.0,0.0,0.0,0.065,0.226,16356,8954,57.3,56.0,67.4,56,56,56,56,56,56,56,56,56,83.0,0.869,12.069,12.147,12.063,12.051,12.013,1367,1396,281.677,109.423,239.621,37.595,109.303,92.731,40.305,239.621,40.327,37.967,147.338,310.000,350.000,1710.0,1156.5,1500.0,1708.4,1620.0,1440.0,1710.0,1155.2,1619.5,100.0,23.0,0.0,0.0,18.7,24.9,99.6,0.0,0.0,0.0,62,69,Yes,No,No,No,No,Yes,No,90.3,91.1,2,0,0,0,0,0,0,0,0,72,0,0,0,0,0,0,0,0,0,0,0,0,0,0,0,0,0,0,0,0,6658,1534,1364,98,16.0,3.3,48.5,1.9,1.9,1.9,1.9,3.3,48.4,1.9,1.9,1.9,1.9,303.97,532.68,20.62,17.04,533.16,533.16,0.65,303.35,303.97,0.00,129.09,311,16,0.9,0.0,0,0,0.0,0.0,0,
25.8.2026,15:50:6.221,7556,11697,39.2,6157,10152,37.7,0.1,2944,2,1.262,1.262,1.262,1.262,1.262,1.262,1.262,4030.0,3720.0,3720.0,4650.0,3720.0,4650.0,3720.0,100.0,886.4,226.3,76.4,733.2,449.0,3033.9,1012.9,54.8,44.9,3024.2,1339.7,424.4,217.0,886.4,20.6,4.0,5.2,16.9,10.7,74.9,22.6,1.7,1.5,66.5,29.1,7.1,7.5,74.9,20.6,23.0,3.8,2.0,17.5,10.5,81.9,27.3,1.4,1.2,81.6,36.1,7.8,5.5,23.0,40.3,37.2,37.2,46.5,37.2,46.5,37.2,0.0,40.8,5.6,29.9,96.7,2.4,93.7,16.8,38.7,51.7,68.4,3.3,22.5,6.3,79.9,20.5,42.7,1.7,0.0,75.1,0.0,3.3,1600.0,16.00,16,18,18,36,74,560,1,50.2,49.8,50.5,40.8,38.0,38.1,47.7,34.8,49.3,36.7,36.3,36.3,33.5,29.2,1.250,0.994,1.269,19.957,5.893,19.929,33.187,46.418,3.176,1.168,2.836,5.649,0.503,6.701,2.197,24.424,5.856,30.280,46.576,1600.0,1600.0,4588.7,4588.7,4650.0,61.3,33.2,36.9,52.4,127.9,No,No,No,0.397,0.280,2.5,49.0,39.0,36.0,34.5,34.5,36.5,36.0,12.048,4.950,1.004,1.348,1.244,0.808,0.846,1.548,3.304,1.836,1233,707,545,551,1.056,1.243,36,36,45,79.0,100.0,No,No,80665,102287,0.7,0.4,1.2,0.824,1.258,16358,8956,58.0,58.0,68.6,57,58,56,56,56,56,56,58,58,83.0,0.869,12.061,12.137,12.057,12.045,12.004,1456,1466,283.024,111.373,243.118,38.305,110.830,93.959,40.647,243.118,40.673,37.914,153.796,310.000,350.000,1710.0,1156.5,1500.0,1708.4,1620.0,1440.0,1710.0,1155.3,1619.4,100.0,22.0,0.0,0.0,18.7,25.0,100.0,0.0,0.0,0.0,64,70,Yes,No,No,No,No,Yes,No,91.5,89.9,2,0,0,0,0,0,0,0,0,72,0,0,0,0,0,0,0,0,0,0,0,0,0,0,0,0,0,0,0,0,6658,1534,1364,98,16.0,4.5,62.6,1.9,1.9,1.9,1.9,4.5,60.1,1.9,1.9,1.9,1.9,223.12,533.64,15.98,15.98,533.67,533.67,0.65,222.46,223.12,0.00,103.75,311,16,0.9,0.0,0,0,0.0,0.0,0,
25.8.2026,15:50:8.236,7555,11698,39.2,6153,10156,37.7,0.1,2944,2,1.249,1.250,1.250,1.250,1.250,1.250,1.244,3875.0,3720.0,3720.0,3720.0,3720.0,4650.0,3720.0,100.0,792.3,130.5,55.4,360.3,478.6,2495.1,981.6,24.2,12.9,3651.9,888.1,301.7,127.1,792.3,16.6,1.8,0.0,8.4,9.6,54.0,21.5,0.0,0.0,78.6,19.1,4.3,1.7,78.6,16.6,20.6,1.7,1.4,9.1,10.3,67.3,26.4,0.6,0.3,98.6,23.8,5.0,3.1,20.6,38.8,37.2,37.2,37.2,37.2,46.5,37.2,0.0,35.4,3.5,23.0,75.5,1.0,97.2,11.9,36.9,44.9,66.7,23.4,14.7,2.8,69.0,27.8,51.6,10.3,1.2,84.3,0.0,19.1,1600.0,16.00,16,18,18,36,74,560,1,52.2,52.6,45.2,41.1,38.2,37.6,48.0,34.7,51.8,36.3,36.8,36.8,34.5,29.8,1.237,0.994,1.250,19.332,5.870,19.351,28.234,46.533,3.026,1.036,2.408,5.778,0.349,6.722,1.861,24.279,5.833,30.112,46.443,1600.0,1600.0,4650.0,4650.0,4650.0,61.1,32.3,31.4,55.3,133.4,No,No,No,0.278,0.215,2.1,52.0,39.0,36.0,34.5,35.0,36.5,36.0,12.048,4.950,1.004,1.348,1.248,0.806,0.846,1.548,3.308,1.836,1287,702,543,552,1.056,1.260,36,36,44,79.0,100.0,No,No,80665,102287,0.1,0.5,0.6,0.213,1.876,16358,8960,58.7,58.0,69.0,58,58,58,58,58,58,58,58,58,83.0,0.869,12.062,12.139,12.058,12.046,12.006,1529,1508,284.491,111.515,243.424,38.384,111.035,93.969,40.664,243.424,40.691,38.083,153.958,310.000,350.000,1710.0,1156.5,1500.0,1708.4,1620.0,1440.0,1710.2,1154.9,1619.5,100.0,22.0,0.0,0.0,18.7,24.8,99.0,0.0,0.0,0.0,65,71,Yes,No,No,No,No,Yes,No,91.7,89.0,2,0,0,0,0,0,0,0,0,72,0,0,0,0,0,0,0,0,0,0,0,0,0,0,0,0,0,0,0,0,6658,1534,1364,98,16.0,4.8,61.1,1.9,1.9,1.9,1.9,4.8,60.1,1.9,1.9,1.9,1.9,209.92,513.07,16.36,16.34,516.42,516.42,0.72,209.25,209.92,0.00,116.58,311,16,5.4,0.4,0,0,0.0,0.0,0,
25.8.2026,15:50:10.247,5190,14063,26.9,5426,10884,33.2,0.1,2944,2,0.956,0.956,0.956,0.956,0.956,0.956,0.956,3656.7,3675.0,3675.0,3675.0,3675.0,3620.0,3620.0,100.0,193.4,262.1,144.3,68.9,88.3,62.7,1194.1,22.8,2.9,325.4,104.8,23.8,20.1,193.4,4.0,1.3,5.2,0.0,1.8,1.2,26.4,0.0,1.4,7.0,2.2,0.0,1.7,26.4,4.0,4.7,1.7,3.9,1.8,2.3,1.6,32.2,0.6,0.1,8.7,2.6,0.6,0.5,4.7,36.6,36.8,36.8,36.8,36.8,36.2,36.2,33.6,7.9,4.7,3.6,28.0,0.6,9.6,1.1,20.2,17.2,15.2,26.7,1.1,51.8,8.9,72.0,78.3,81.2,45.4,98.3,38.5,90.2,1600.0,16.00,16,18,18,36,74,560,1,49.6,38.0,38.5,34.2,34.2,33.4,36.8,32.8,35.0,32.8,34.0,34.0,34.8,29.8,1.156,0.994,1.163,5.788,5.399,5.808,5.808,26.793,0.609,0.402,0.360,1.535,0.058,1.100,0.200,6.507,5.374,11.881,26.687,1600.0,1600.0,3018.4,3018.4,4650.0,35.1,9.7,6.5,40.0,176.2,No,No,No,0.458,0.591,0.5,49.0,39.0,36.0,34.5,35.0,37.0,36.0,12.168,4.990,1.002,1.348,0.532,0.806,0.846,1.560,3.348,1.836,1377,704,546,555,1.056,1.253,36,36,43,79.0,100.0,No,No,80665,102287,0.0,0.0,0.1,0.130,0.090,16359,8960,46.9,54.0,56.9,54,56,54,54,54,54,54,54,54,83.0,0.931,12.185,12.269,12.174,12.151,12.146,1582,1554,107.127,33.854,73.683,4.773,35.230,33.647,34.349,73.683,34.369,2.963,11.989,310.000,350.000,1815.0,1187.7,1590.0,1722.7,1725.0,1530.0,1815.6,1186.5,1724.8,0.0,0.0,0.0,0.0,7.2,0.0,0.0,0.0,0.0,0.0,65,71,Yes,No,No,No,No,Yes,No,35.0,45.8,2,0,0,0,0,0,0,0,0,72,0,0,0,0,0,0,0,0,0,0,0,0,0,0,0,0,0,0,0,0,7599,593,423,24,16.0,4.5,61.4,2.0,1.9,1.9,1.9,4.5,60.1,2.0,1.9,1.9,1.9,220.72,511.72,16.29,16.28,517.26,517.26,0.32,220.40,220.72,0.00,250.18,311,16,19.0,0.4,0,0,0.0,0.0,0,
25.8.2026,15:50:12.257,5191,14062,26.9,5426,10883,33.2,0.1,2944,2,0.956,0.956,0.956,0.956,0.956,0.956,0.956,3675.0,3675.0,3675.0,3675.0,3675.0,3675.0,3675.0,100.0,42.0,124.3,1.3,5.3,12.9,71.0,111.5,0.5,0.1,47.3,117.1,3.0,9.0,42.0,3.8,0.8,0.3,2.6,0.0,1.1,2.0,30.4,1.0,1.3,2.9,2.6,0.0,30.4,3.8,0.9,0.6,0.0,0.1,0.3,1.9,3.0,0.0,0.0,1.2,2.9,0.1,0.2,0.9,36.8,36.8,36.8,36.8,36.8,36.8,36.8,61.6,1.5,0.6,0.5,4.1,0.0,3.7,0.3,8.2,1.5,2.9,13.9,0.0,27.4,3.5,90.4,98.1,96.8,82.1,99.9,69.0,96.4,1600.0,16.00,16,18,18,36,74,560,1,46.8,34.0,37.0,32.3,32.2,32.3,32.6,32.1,32.6,32.1,32.8,32.8,34.5,28.9,1.156,0.994,1.163,2.249,4.898,2.249,2.249,20.696,0.205,0.129,0.080,0.364,0.010,0.601,0.049,2.315,4.882,7.197,20.713,1600.0,1600.0,2241.9,2241.9,4650.0,27.3,3.7,2.5,35.8,183.0,No,No,No,0.200,0.039,0.1,47.0,39.0,36.0,34.5,35.0,37.0,35.5,12.168,4.990,1.002,1.352,0.666,0.804,0.846,1.562,3.352,1.834,1295,693,548,543,1.056,1.245,36,36,44,79.0,100.0,No,No,80665,102287,0.0,0.0,0.0,0.000,0.004,16359,8960,45.0,52.0,54.2,51,52,50,52,52,50,52,50,52,83.0,0.931,12.190,12.268,12.178,12.154,12.159,1587,1551,83.140,26.513,57.692,3.975,27.680,26.011,25.497,57.692,25.514,2.882,11.674,310.000,350.000,1815.0,625.2,1590.0,1815.0,1725.0,1530.0,1815.1,624.6,1724.6,0.0,0.0,0.0,0.0,7.2,0.0,0.0,0.0,0.0,0.0,65,71,Yes,No,No,No,No,Yes,No,26.9,33.9,2,0,0,0,0,0,0,0,0,72,0,0,0,0,0,0,0,0,0,0,0,0,0,0,0,0,0,0,0,0,7599,593,423,24,16.0,3.9,61.0,1.9,1.9,1.9,1.9,3.8,60.0,1.9,1.9,1.9,1.9,259.72,533.11,16.40,16.39,533.82,533.82,0.49,259.27,259.72,0.00,110.36,311,16,0.3,0.0,0,0,0.0,0.0,0,
25.8.2026,15:50:14.273,5190,14063,26.9,5425,10884,33.2,0.1,2944,2,0.956,0.956,0.956,0.956,0.956,0.956,0.956,3656.7,3675.0,3675.0,3675.0,3675.0,3620.0,3620.0,100.0,47.1,186.7,1.8,7.7,9.5,97.7,139.5,0.4,0.4,32.4,79.3,2.3,7.9,47.1,0.8,0.1,0.0,1.9,0.4,2.4,3.4,0.2,0.0,0.2,1.3,0.0,0.0,3.4,0.8,0.9,0.7,0.0,0.2,0.2,2.6,3.7,0.0,0.0,0.8,1.9,0.1,0.2,0.9,36.6,36.8,36.8,36.8,36.8,36.2,36.2,57.6,1.4,0.6,0.3,5.0,0.0,2.5,0.2,8.8,6.7,1.3,10.0,0.1,32.1,2.5,89.9,93.0,98.4,85.1,99.9,65.5,97.7,1600.0,16.00,16,18,18,36,74,560,1,44.4,33.7,39.0,32.2,32.2,32.2,32.5,32.0,32.3,31.9,32.7,32.7,34.0,28.3,1.156,0.994,1.163,2.317,4.510,2.317,2.317,19.775,0.209,0.190,0.061,0.363,0.012,0.569,0.060,2.385,4.496,6.881,19.771,1600.0,1600.0,2240.3,2240.3,4650.0,26.0,3.9,2.6,35.5,185.1,No,No,No,0.201,0.038,0.1,44.0,39.0,35.5,34.5,35.0,37.0,35.5,12.168,5.000,1.002,1.352,0.574,0.804,0.844,1.562,3.352,1.836,1269,694,549,543,1.057,1.267,36,36,43,79.0,100.0,No,No,80665,102287,0.1,0.1,0.2,0.048,0.330,16359,8960,42.0,48.0,49.7,48,48,46,48,48,46,48,48,48,83.0,0.925,12.214,12.279,12.202,12.179,12.198,1574,1536,34.742,10.014,22.579,2.542,8.724,11.302,5.977,22.579,5.980,2.736,7.707,310.000,350.000,1815.0,101.2,1590.0,1434.0,1710.0,1515.0,1669.5,91.7,1558.7,0.0,1.0,0.0,0.0,7.2,0.0,0.0,0.0,0.0,0.0,63,70,Yes,No,No,No,No,Yes,No,9.6,14.2,3,0,0,0,0,0,0,0,0,73,0,0,0,0,0,0,0,0,0,0,0,0,0,0,0,0,0,0,0,0,7599,593,423,24,5.0,3.4,51.8,1.9,1.9,1.9,1.9,3.4,52.2,1.9,1.9,1.9,1.9,295.69,533.69,19.31,17.10,533.70,533.70,0.50,295.22,295.69,0.00,133.26,311,16,0.2,0.0,0,0,0.0,0.0,0,
25.8.2026,15:50:16.281,5190,14064,26.9,5425,10884,33.2,0.1,2944,2,1.101,0.912,1.181,1.181,1.181,1.181,0.969,3665.8,3675.0,3675.0,3675.0,3675.0,3675.0,3620.0,100.0,45.0,143.2,0.5,57.9,55.4,83.4,70.4,1.2,0.5,35.4,83.7,2.4,6.2,45.0,3.1,0.5,0.0,2.1,1.3,2.7,2.4,0.0,15.8,0.8,1.9,5.9,3.9,15.8,3.1,0.9,0.5,0.0,1.5,1.5,2.2,1.9,0.0,0.0,0.9,2.0,0.1,0.1,0.9,36.7,36.8,36.8,36.8,36.8,36.8,36.2,70.2,1.3,0.4,1.5,3.0,0.0,2.7,0.1,6.1,1.5,5.9,9.7,0.1,17.6,2.0,92.7,98.3,92.7,87.5,99.9,79.7,98.1,1600.0,16.00,16,18,18,36,74,560,1,42.4,33.2,37.2,32.1,31.9,32.3,32.3,32.0,32.1,31.9,32.5,32.5,33.2,29.6,1.156,0.994,1.163,1.868,4.050,1.869,1.869,17.921,0.195,0.116,0.146,0.274,0.011,0.561,0.062,1.930,4.041,5.971,17.901,1600.0,1600.0,1860.9,1860.9,4650.0,23.6,3.1,2.1,35.0,160.7,No,No,No,0.206,0.047,0.1,42.0,39.0,35.5,34.5,34.5,37.0,35.5,12.168,5.000,1.002,1.352,0.496,0.804,0.844,1.564,3.356,1.836,1223,712,549,544,1.056,1.256,36,36,44,79.0,100.0,No,No,80665,102287,0.0,0.0,0.0,0.000,0.014,16359,8961,41.0,48.0,48.7,46,48,46,46,46,46,46,46,48,83.0,0.925,12.218,12.282,12.205,12.182,12.201,1507,1488,27.192,9.222,21.188,2.358,8.214,10.598,5.625,21.188,5.632,2.708,5.491,310.000,350.000,1815.0,101.2,1590.0,338.5,1710.0,1515.0,1385.0,77.7,1347.1,0.0,1.0,0.0,0.0,7.2,0.0,0.0,0.0,0.0,0.0,61,68,Yes,No,No,No,No,Yes,No,9.6,8.8,3,0,0,0,0,0,0,0,0,73,0,0,0,0,0,0,0,0,0,0,0,0,0,0,0,0,0,0,0,0,7599,593,423,24,5.0,3.6,61.0,1.9,1.9,1.9,1.9,3.6,60.0,1.9,1.9,1.9,1.9,274.66,533.25,16.40,16.39,533.28,533.28,0.56,274.05,274.66,0.00,129.03,311,16,0.3,0.0,0,0,0.0,0.0,0,
25.8.2026,15:50:18.297,6384,12870,33.1,5938,10371,36.4,0.1,2944,2,1.171,1.169,1.169,1.169,1.169,1.169,1.181,3770.8,3620.0,3620.0,3620.0,3620.0,4525.0,3620.0,100.0,274.0,143.0,14.4,133.4,165.5,397.0,739.7,10.7,6.4,967.7,617.2,65.5,27.9,274.0,6.8,1.0,4.2,3.2,6.1,8.9,16.5,1.1,4.7,21.5,13.7,0.9,0.0,21.5,6.8,7.0,0.9,0.4,3.4,4.4,10.6,19.8,0.2,0.2,25.9,16.3,1.7,0.7,7.0,37.7,36.2,36.2,36.2,36.2,45.2,36.2,35.9,11.6,1.2,7.1,23.9,0.5,35.0,2.2,20.7,6.3,35.9,29.9,7.9,24.6,19.5,67.7,92.7,57.0,46.3,91.6,40.4,78.3,1600.0,16.00,16,18,18,36,74,560,1,43.9,39.0,44.0,34.4,33.2,33.8,36.2,32.5,37.6,32.7,33.6,33.6,34.5,29.3,1.169,0.994,1.175,7.802,4.662,7.780,7.780,27.040,1.008,0.223,0.830,1.890,0.132,2.599,0.375,9.040,4.641,13.681,27.192,1600.0,1600.0,3026.6,3026.6,4650.0,35.8,13.0,8.6,41.1,148.7,No,No,No,0.661,0.415,0.7,43.0,39.5,35.5,34.5,34.5,37.0,35.5,12.168,5.000,1.004,1.348,1.168,0.804,0.844,1.560,3.352,1.834,1154,718,550,544,1.057,1.251,36,36,43,79.0,100.0,No,No,80665,102287,0.0,0.0,0.0,0.000,0.059,16359,8961,40.7,46.0,48.3,46,48,46,46,46,44,46,46,46,83.0,0.925,12.211,12.277,12.198,12.175,12.194,1427,1428,27.466,9.229,21.183,2.283,8.100,10.787,5.634,21.183,5.639,2.681,5.569,310.000,350.000,1815.0,101.2,1590.0,347.5,1710.0,1515.0,1815.0,101.0,1710.1,0.0,1.0,0.0,0.0,7.2,0.0,0.0,0.0,0.0,0.0,59,67,Yes,No,No,No,No,Yes,No,9.0,9.0,3,0,0,0,0,0,0,0,0,73,0,0,0,0,0,0,0,0,0,0,0,0,0,0,0,0,0,0,0,0,7599,593,423,24,5.0,4.7,61.0,1.9,1.9,1.9,1.9,4.7,59.6,1.9,1.9,1.9,1.9,213.12,528.17,16.40,16.36,532.84,532.84,0.63,212.50,213.12,0.00,116.37,311,16,1.6,0.0,0,0,0.0,0.0,0,
25.8.2026,15:50:20.311,7555,11699,39.2,6156,10153,37.7,0.1,2944,2,1.169,1.169,1.169,1.169,1.169,1.169,1.169,3770.8,3620.0,3620.0,4525.0,3620.0,3620.0,3620.0,100.0,455.1,97.7,37.1,93.9,72.9,109.3,2975.5,32.0,4.9,305.2,1649.5,54.6,28.2,455.1,9.8,1.6,0.0,0.7,1.8,1.7,65.9,0.8,0.2,6.9,36.7,1.3,0.0,65.9,9.8,12.1,1.6,1.0,2.4,1.8,2.9,80.4,0.7,0.1,8.1,44.5,1.4,0.7,12.1,37.7,36.2,36.2,45.2,36.2,36.2,36.2,0.0,19.9,2.5,4.0,68.0,0.9,41.8,2.0,25.4,14.8,27.4,30.1,14.5,48.1,17.5,54.7,82.7,68.7,1.9,84.5,10.1,80.5,1600.0,16.00,16,18,18,36,74,560,1,46.6,47.0,45.2,36.6,35.3,33.8,43.2,33.2,40.7,33.1,35.1,35.1,34.5,29.6,1.169,0.994,1.175,11.234,5.714,11.244,12.850,34.905,1.313,0.322,0.524,3.611,0.234,2.852,0.332,13.203,5.678,18.882,34.880,1600.0,1600.0,4519.0,4519.0,4650.0,45.9,18.7,14.3,49.5,166.5,No,No,No,0.351,0.323,1.2,46.0,39.0,36.0,34.5,34.5,37.0,36.0,12.048,4.950,1.004,1.348,1.170,0.804,0.844,1.548,3.300,1.836,1201,716,548,542,1.056,1.263,36,36,44,79.0,100.0,No,No,80665,102287,0.0,0.0,0.0,0.000,0.094,16359,8961,57.2,56.0,67.8,55,56,56,54,56,54,54,56,56,83.0,0.900,12.046,12.118,12.048,12.038,11.981,1345,1367,309.639,121.189,266.231,42.485,121.468,102.243,40.915,266.231,40.936,41.352,168.838,310.000,350.000,1785.0,1156.5,1575.0,1239.1,1695.0,1500.0,1785.5,1155.4,1695.4,100.0,24.0,0.0,0.0,18.7,0.0,0.0,0.0,0.0,0.0,59,66,Yes,Yes,No,No,No,No,No,99.1,98.8,3,0,0,0,0,0,0,0,0,74,0,0,0,0,0,0,0,0,0,0,0,0,0,0,0,0,0,0,0,0,6658,1534,1364,98,16.0,3.6,61.0,1.9,1.9,1.9,1.9,3.6,60.0,1.9,1.9,1.9,1.9,279.85,532.87,16.40,16.38,533.54,533.54,0.49,279.40,279.85,0.00,106.50,311,16,0.8,0.0,0,0,0.0,0.0,0,
25.8.2026,15:50:22.331,7558,11695,39.2,6158,10152,37.7,0.1,2944,2,1.251,1.238,1.244,1.256,1.256,1.256,1.256,3875.0,3720.0,3720.0,4650.0,3720.0,3720.0,3720.0,100.0,453.6,89.4,27.7,107.2,48.9,44.6,4136.2,33.2,15.2,345.1,507.7,66.2,21.5,453.6,10.6,1.5,2.2,4.2,1.2,1.8,90.4,0.8,0.4,8.5,11.7,0.0,5.0,90.4,10.6,12.1,1.6,0.7,2.8,1.2,1.2,111.8,0.8,0.4,9.2,13.6,1.7,0.5,12.1,38.8,37.2,37.2,46.5,37.2,37.2,37.2,0.0,19.9,2.2,3.9,91.3,1.2,18.3,2.2,23.1,11.4,24.5,8.7,13.7,67.4,12.9,57.0,86.4,71.5,0.0,85.1,14.3,84.9,1600.0,16.00,16,18,18,36,74,560,1,48.6,48.1,50.5,36.8,35.9,33.8,47.3,33.3,37.5,33.2,35.2,35.2,34.8,30.2,1.237,0.994,1.250,11.329,5.838,11.320,13.091,35.616,1.285,0.303,0.528,4.621,0.258,1.683,0.315,13.641,5.801,19.442,35.681,1600.0,1600.0,4566.6,4566.6,4650.0,46.9,18.9,14.5,50.7,176.0,No,No,No,0.196,0.186,1.2,48.0,39.5,36.0,34.5,35.0,37.0,36.0,12.024,4.950,1.004,1.348,1.242,0.804,0.842,1.548,3.300,1.836,1238,709,543,540,1.056,1.247,36,36,45,79.0,100.0,No,No,80665,102287,0.0,0.0,0.1,0.100,0.167,16359,8961,59.2,58.0,69.8,56,56,56,56,58,56,56,58,56,83.0,0.906,12.039,12.108,12.044,12.036,11.969,1374,1398,302.723,126.224,276.919,44.861,126.169,105.873,40.526,276.919,40.547,44.599,179.608,310.000,350.000,1785.0,1156.5,1575.0,1777.4,1695.0,1500.0,1785.5,1155.7,1694.2,100.0,25.0,0.0,0.0,18.7,25.0,100.0,0.0,0.0,0.0,63,70,Yes,Yes,No,No,No,No,No,102.4,97.8,3,0,0,0,0,0,0,0,0,74,0,0,0,0,0,0,0,0,0,0,0,0,0,0,0,0,0,0,0,0,6658,1534,1364,98,16.0,3.1,44.0,1.9,1.9,1.9,1.9,3.1,43.2,1.9,1.9,1.9,1.9,324.74,532.61,22.72,16.87,533.09,533.09,0.43,324.29,324.74,0.00,129.12,311,16,11.4,11.3,0,0,0.0,0.0,0,
25.8.2026,15:50:24.332,7580,11673,39.3,6171,10138,37.8,0.1,2944,2,1.178,1.169,1.169,1.169,1.188,1.188,1.188,3921.7,3620.0,3620.0,4525.0,3620.0,4525.0,3620.0,100.0,598.7,154.8,63.2,250.2,280.3,2951.9,621.7,45.2,37.7,2155.4,375.3,136.4,112.1,598.7,13.5,2.3,2.4,5.8,6.5,63.8,13.7,1.1,0.3,48.3,7.9,6.8,3.3,63.8,13.5,15.9,2.3,1.7,6.6,7.3,79.7,16.5,1.1,1.0,58.0,10.0,3.4,2.8,15.9,39.2,36.2,36.2,45.2,36.2,45.2,36.2,0.0,25.9,3.8,12.2,75.1,2.1,56.2,5.9,30.1,23.7,36.1,17.3,29.6,40.5,33.3,44.0,72.4,51.7,7.6,68.3,3.3,60.8,1600.0,16.00,16,18,18,36,74,560,1,49.6,49.4,49.5,38.3,36.5,35.5,46.2,34.1,43.0,34.4,35.7,35.7,35.5,29.0,1.194,0.994,1.206,14.302,5.894,14.294,18.753,39.392,1.818,0.570,1.207,4.453,0.500,3.380,0.800,17.296,5.857,23.153,39.428,1600.0,1600.0,4581.2,4581.2,4650.0,51.9,23.8,20.8,52.0,158.0,No,No,No,0.374,0.233,1.6,49.0,39.0,36.0,35.0,35.0,37.0,36.0,12.048,4.950,1.004,1.348,1.182,0.802,0.842,1.548,3.296,1.836,1291,705,543,551,1.056,1.258,36,36,45,79.0,100.0,No,No,80665,102287,3.2,0.1,3.3,4.369,0.424,16367,8962,59.9,58.0,70.6,57,58,56,56,58,56,58,58,58,83.0,0.912,12.037,12.105,12.041,12.034,11.966,1500,1492,302.680,125.554,274.861,44.487,125.094,105.253,41.126,274.861,41.148,43.635,179.524,310.000,350.000,1800.0,1156.5,1590.0,1768.2,1710.0,1515.0,1800.3,1155.4,1710.1,100.0,25.0,0.0,0.0,18.7,25.0,100.0,0.0,0.0,0.0,65,71,Yes,Yes,No,No,No,No,No,101.9,103.3,3,0,0,0,0,0,0,0,0,74,0,0,0,0,0,0,0,0,0,0,0,0,0,0,0,0,0,0,0,0,6658,1534,1364,98,16.0,3.3,28.4,1.9,1.9,1.9,1.9,3.3,28.3,1.9,1.9,1.9,1.9,299.93,533.49,35.22,33.42,533.50,533.50,0.45,299.52,299.93,0.00,129.10,311,16,9.2,24.5,0,0,0.0,0.0,0,
25.8.2026,15:50:26.338,7575,11678,39.3,6174,10135,37.8,0.1,2944,2,1.256,1.256,1.256,1.256,1.256,1.256,1.256,4030.0,3720.0,3720.0,4650.0,3720.0,4650.0,3720.0,100.0,936.3,226.6,66.0,900.9,335.7,4318.6,336.6,62.8,25.8,1791.4,2545.8,505.1,119.6,936.3,20.3,3.4,0.8,18.9,7.2,93.7,7.3,1.3,1.3,41.2,57.1,8.1,2.8,93.7,20.3,24.2,3.7,1.7,20.4,7.8,116.7,9.2,1.4,0.7,48.4,68.6,8.5,3.0,24.2,40.3,37.2,37.2,46.5,37.2,46.5,37.2,0.0,42.3,5.7,31.4,99.7,2.3,97.7,17.1,43.2,70.3,68.6,0.3,35.0,2.3,82.9,14.5,24.0,0.0,0.0,62.7,0.0,0.0,1600.0,16.00,16,18,18,36,74,560,1,52.1,51.8,55.0,42.0,39.4,38.6,51.5,35.5,49.7,37.2,37.0,37.0,35.2,30.1,1.263,0.994,1.281,21.545,5.881,21.534,36.724,48.758,3.578,1.543,3.064,5.856,0.728,7.882,2.396,26.682,5.844,32.527,48.844,1600.0,1600.0,4609.9,4609.9,4650.0,64.3,35.9,40.8,54.5,124.1,No,No,No,0.324,0.240,2.5,52.0,39.0,36.5,35.0,35.5,37.0,36.5,12.048,4.950,1.004,1.348,1.258,0.802,0.842,1.558,3.316,1.834,1307,689,543,551,1.056,1.241,36,36,45,79.0,100.0,No,No,80665,102287,0.2,0.4,0.6,0.336,1.178,16368,8964,57.9,58.0,68.2,58,58,58,58,56,58,58,56,58,83.0,0.906,12.086,12.164,12.084,12.072,12.025,1593,1556,309.324,87.994,203.838,30.666,93.664,80.036,38.529,203.838,38.535,45.594,57.247,310.000,350.000,1770.0,1156.5,1560.0,1766.8,1680.0,1485.0,1770.1,1155.3,1679.9,100.0,24.0,0.0,0.0,18.7,19.7,78.7,0.0,0.0,0.0,67,73,Yes,Yes,No,No,No,No,No,78.2,97.2,3,0,0,0,0,0,0,0,0,74,0,0,0,0,0,0,0,0,0,0,0,0,0,0,0,0,0,0,0,0,6658,1534,1364,98,16.0,2.8,37.3,1.9,1.9,1.9,1.9,2.8,37.0,1.9,1.9,1.9,1.9,360.69,532.85,26.79,17.49,532.86,532.86,0.70,360.15,360.69,0.00,172.40,311,16,0.3,0.0,0,0,0.0,0.0,0,
25.8.2026,15:50:28.341,5201,14052,27.0,5430,10879,33.2,0.1,2944,2,1.152,0.956,1.200,1.200,1.200,1.200,1.156,3780.0,3675.0,3620.0,4525.0,3620.0,3620.0,3620.0,100.0,508.2,117.7,40.0,458.6,190.9,1983.9,683.7,24.8,26.0,1157.6,1154.4,195.1,65.1,508.2,10.6,1.6,1.5,10.8,4.1,43.1,14.6,0.0,0.0,25.0,25.3,0.0,1.3,43.1,10.6,13.3,1.9,1.0,11.3,4.4,53.5,18.4,0.6,0.7,31.1,31.1,3.6,1.6,13.3,37.8,36.8,36.2,45.2,36.2,36.2,36.2,1.9,22.6,3.2,17.5,56.4,1.3,49.9,7.2,36.3,33.7,52.1,22.7,14.6,46.5,48.1,41.1,63.1,30.4,20.9,84.0,3.5,44.7,1600.0,16.00,16,18,18,36,74,560,1,51.5,45.8,39.8,38.5,36.8,36.4,44.1,34.4,43.7,35.3,36.0,36.0,35.2,29.4,1.181,0.994,1.188,13.879,5.918,13.910,15.254,39.378,1.990,0.748,1.674,3.448,0.337,4.545,1.187,16.992,5.882,22.874,39.152,1600.0,1600.0,4259.5,4259.5,4650.0,51.5,23.2,16.9,48.2,141.8,No,No,No,0.491,0.589,1.4,51.0,39.0,36.5,35.0,35.5,37.0,36.5,12.168,4.990,1.002,1.348,0.990,0.800,0.842,1.558,3.340,1.834,1368,688,545,540,1.056,1.252,36,36,44,79.0,100.0,No,No,80665,102287,0.0,0.4,0.4,0.079,1.224,16368,8967,48.5,56.0,58.7,54,56,54,54,54,54,56,54,54,83.0,0.981,12.177,12.264,12.164,12.143,12.137,1670,1618,136.139,35.142,76.792,5.347,36.444,34.971,34.252,76.792,34.276,3.450,13.955,310.000,350.000,1920.0,1187.7,1680.0,1780.9,1815.0,1605.0,1920.9,1186.8,1815.1,0.0,0.0,0.0,0.0,7.2,0.0,0.0,0.0,0.0,0.0,67,73,Yes,No,No,No,No,Yes,No,35.8,45.7,3,0,0,0,0,0,0,0,0,74,0,0,0,0,0,0,0,0,0,0,0,0,0,0,0,0,0,0,0,0,7599,593,423,24,16.0,4.2,66.3,2.4,2.4,2.4,2.4,4.2,47.3,2.4,2.4,2.4,2.4,237.42,414.94,15.09,10.86,416.77,416.77,0.27,237.16,237.42,0.00,227.96,311,16,0.1,0.0,0,0,0.0,0.0,0,
25.8.2026,15:50:30.354,5204,14050,27.0,5436,10873,33.3,0.1,2944,2,0.956,0.956,0.956,0.956,0.956,0.956,0.956,3675.0,3675.0,3675.0,3675.0,3675.0,3675.0,3675.0,100.0,47.3,126.4,3.0,22.6,33.9,98.3,95.7,0.7,1.0,73.7,97.1,5.0,10.1,47.3,4.1,0.6,0.0,0.0,0.1,1.6,1.5,5.3,31.8,1.7,2.4,3.9,0.0,31.8,4.1,1.0,0.5,0.1,0.6,0.9,2.6,2.5,0.0,0.0,1.8,2.5,0.1,0.3,1.0,36.8,36.8,36.8,36.8,36.8,36.8,36.8,52.3,1.5,0.5,1.3,3.3,0.0,3.7,0.4,10.8,4.9,3.1,15.2,0.1,37.9,3.9,87.7,94.6,95.7,81.6,99.9,58.5,95.9,1600.0,16.00,16,18,18,36,74,560,1,48.4,34.5,36.5,32.7,32.6,32.7,33.0,32.5,33.1,32.4,33.2,33.2,34.8,29.3,1.181,0.994,1.188,2.527,5.042,2.533,2.533,21.457,0.231,0.138,0.166,0.344,0.022,0.647,0.070,2.583,5.024,7.607,21.487,1600.0,1600.0,2216.7,2216.7,4650.0,28.3,4.2,2.8,36.3,181.7,No,No,No,0.174,0.054,0.1,48.0,39.0,36.0,35.0,35.5,37.0,36.0,12.168,4.990,1.002,1.348,0.838,0.800,0.842,1.560,3.348,1.836,1311,694,548,542,1.056,1.269,37,37,44,79.0,100.0,No,No,80665,102287,0.0,0.1,0.2,0.032,0.304,16368,8967,46.1,52.0,55.1,52,52,52,52,52,52,52,50,52,83.0,0.994,12.190,12.268,12.179,12.155,12.157,1685,1616,87.578,28.267,62.113,4.871,29.266,27.956,25.397,62.113,25.415,3.441,13.836,310.000,350.000,1920.0,625.2,1680.0,1920.0,1815.0,1605.0,1920.7,624.9,1815.1,0.0,0.0,0.0,0.0,7.2,0.0,0.0,0.0,0.0,0.0,67,73,Yes,No,No,No,No,Yes,No,28.2,34.1,3,0,0,0,0,0,0,0,0,74,0,0,0,0,0,0,0,0,0,0,0,0,0,0,0,0,0,0,0,0,7599,593,423,24,16.0,2.9,40.1,1.9,1.9,1.9,1.9,2.9,39.7,1.9,1.9,1.9,1.9,345.67,534.13,24.95,17.32,534.16,534.16,0.44,345.28,345.67,0.00,133.12,311,16,0.1,0.0,0,0,0.0,0.0,0,
25.8.2026,15:50:32.368,5199,14054,27.0,5435,10874,33.3,0.1,2944,2,0.990,0.956,1.181,0.950,0.950,0.950,0.950,3789.2,3675.0,3675.0,4525.0,3620.0,3620.0,3620.0,100.0,56.2,260.6,1.6,11.1,11.6,136.0,126.5,0.7,0.2,31.9,79.5,2.6,11.6,56.2,1.1,0.6,0.0,0.9,0.9,3.7,3.5,0.0,0.0,0.6,1.7,0.7,0.9,3.7,1.1,0.9,0.7,0.0,0.3,0.3,3.6,3.4,0.0,0.0,0.8,1.9,0.1,0.3,0.9,37.9,36.8,36.8,45.2,36.2,36.2,36.2,64.9,1.3,0.5,0.5,4.0,0.0,2.5,0.3,6.3,3.2,3.1,7.9,0.1,22.0,1.7,92.5,96.7,96.4,88.2,99.9,75.6,98.4,1600.0,16.00,16,18,18,36,74,560,1,45.9,34.0,38.8,32.4,32.3,32.4,32.7,32.2,32.4,32.1,32.8,32.8,33.5,28.7,1.156,0.994,1.163,2.022,4.541,2.017,2.017,19.485,0.219,0.211,0.089,0.395,0.009,0.542,0.068,2.082,4.529,6.611,19.457,1600.0,1600.0,2191.8,2191.8,4650.0,25.6,3.4,2.2,35.8,154.9,No,No,No,0.190,0.037,0.1,45.0,39.5,36.0,35.0,35.0,37.0,36.0,12.168,5.000,1.002,1.352,0.638,0.800,0.840,1.562,3.352,1.834,1255,714,547,556,1.056,1.269,37,37,44,79.0,100.0,No,No,80665,102287,0.0,0.0,0.0,0.000,0.000,16368,8967,42.9,50.0,50.6,49,50,48,50,48,48,50,48,48,83.0,0.988,12.216,12.276,12.206,12.182,12.200,1663,1599,69.025,11.802,27.478,3.266,10.925,13.279,6.747,27.478,6.749,3.293,7.008,310.000,350.000,1920.0,101.2,1680.0,1920.0,1815.0,1605.0,1920.6,101.0,1815.3,0.0,1.0,0.0,0.0,7.2,0.0,0.0,0.0,0.0,0.0,65,71,Yes,No,No,No,No,Yes,No,11.0,10.5,3,0,0,0,0,0,0,0,0,75,0,0,0,0,0,0,0,0,0,0,0,0,0,0,0,0,0,0,0,0,7599,593,423,24,5.0,3.2,46.8,1.9,1.9,1.9,1.9,3.2,46.2,1.9,1.9,1.9,1.9,316.29,533.66,21.35,16.88,533.68,533.68,0.54,315.79,316.29,0.00,129.17,311,16,3.8,0.0,0,0,0.0,0.0,0,
25.8.2026,15:50:34.378,5199,14054,27.0,5435,10875,33.3,0.1,2944,2,0.956,0.956,0.956,0.956,0.956,0.956,0.956,3675.0,3675.0,3675.0,3675.0,3675.0,3675.0,3675.0,100.0,45.2,157.0,2.5,5.9,7.2,65.4,67.5,0.5,0.2,88.0,136.2,2.4,9.2,45.2,2.5,0.7,10.6,0.3,0.3,1.7,1.7,0.9,7.3,2.1,3.2,0.2,1.1,10.6,2.5,0.9,0.6,0.1,0.1,0.2,1.8,1.7,0.0,0.0,2.3,3.5,0.1,0.2,0.9,36.8,36.8,36.8,36.8,36.8,36.8,36.8,66.0,1.4,0.5,0.3,3.0,0.0,4.4,0.2,6.5,3.1,1.7,10.0,0.1,22.6,1.6,92.2,96.5,98.0,87.2,99.9,73.1,98.4,1600.0,16.00,16,18,18,36,74,560,1,43.6,33.5,38.8,32.3,32.2,32.3,32.4,32.2,32.6,32.1,32.7,32.7,34.8,28.9,1.156,0.994,1.163,2.012,4.125,2.016,2.016,18.264,0.214,0.153,0.056,0.326,0.011,0.667,0.069,2.062,4.114,6.176,18.303,1600.0,1600.0,2014.3,2014.3,4650.0,24.1,3.4,2.2,35.3,156.8,No,No,No,0.188,0.040,0.1,43.0,39.5,36.0,35.0,35.0,37.0,35.5,12.168,5.000,1.002,1.352,0.512,0.798,0.840,1.562,3.356,1.836,1235,716,550,544,1.056,1.264,37,37,44,79.0,100.0,No,No,80665,102287,0.0,0.0,0.0,0.000,0.018,16368,8967,41.8,48.0,49.7,47,48,48,46,46,46,48,46,48,83.0,0.988,12.214,12.276,12.203,12.180,12.199,1589,1543,29.802,10.450,24.182,2.836,9.287,12.046,5.685,24.182,5.688,3.215,6.932,310.000,350.000,1920.0,101.2,1680.0,376.5,1815.0,1605.0,1339.5,69.9,1275.0,0.0,5.0,0.0,0.0,7.2,0.0,0.0,0.0,0.0,0.0,62,69,Yes,No,No,No,No,Yes,No,9.6,9.6,3,0,0,0,0,0,0,0,0,75,0,0,0,0,0,0,0,0,0,0,0,0,0,0,0,0,0,0,0,0,7599,593,423,24,5.0,2.6,10.9,1.9,1.9,1.9,1.9,2.6,10.9,1.9,1.9,1.9,1.9,383.10,533.40,91.62,83.50,533.40,533.40,0.59,382.57,383.10,0.00,150.19,311,16,0.0,0.0,0,0,0.0,0.0,0,
25.8.2026,15:50:36.391,6353,12900,32.9,5895,10414,36.1,0.1,2944,2,1.188,1.169,1.188,1.188,1.194,1.194,1.194,4072.5,3620.0,4525.0,4525.0,3620.0,4525.0,3620.0,100.0,218.4,180.1,17.1,183.2,132.0,713.8,201.8,9.6,6.7,949.8,128.7,69.3,28.1,218.4,4.9,1.4,0.6,4.4,3.3,16.1,4.8,0.5,0.4,21.3,3.1,1.9,0.9,21.3,4.9,5.5,1.3,0.4,4.9,3.5,19.2,5.3,0.2,0.2,25.5,3.3,1.8,0.7,5.5,40.7,36.2,45.2,45.2,36.2,45.2,36.2,31.7,9.0,1.5,5.6,20.3,0.4,23.8,2.2,19.5,11.5,19.7,22.3,5.6,40.3,17.6,71.6,87.2,74.7,57.5,94.0,36.0,80.3,1600.0,16.00,16,18,18,36,74,560,1,44.4,37.7,44.5,34.0,33.3,33.5,35.4,32.6,36.3,32.8,33.6,33.6,33.8,29.6,1.188,0.994,1.200,6.454,4.730,6.429,6.429,25.576,0.752,0.287,0.560,1.387,0.105,1.813,0.360,7.307,4.708,12.016,25.674,1600.0,1600.0,3122.8,3122.8,4650.0,33.8,10.7,7.1,39.7,160.8,No,No,No,0.606,0.398,0.5,44.0,39.5,36.0,35.0,35.0,37.0,36.0,12.168,5.000,1.004,1.348,1.166,0.798,0.840,1.560,3.348,1.836,1186,717,550,557,1.056,1.241,37,37,44,79.0,100.0,No,No,80665,102287,0.0,0.1,0.1,0.016,0.190,16368,8968,41.2,48.0,48.8,46,46,46,46,46,46,46,46,46,83.0,0.988,12.218,12.279,12.207,12.183,12.202,1482,1466,29.356,10.218,23.575,2.640,9.009,11.902,5.576,23.575,5.579,3.235,6.873,310.000,350.000,1920.0,101.2,1680.0,345.8,1815.0,1605.0,1434.1,74.2,1364.6,0.0,1.0,0.0,0.0,7.2,0.0,0.0,0.0,0.0,0.0,60,67,Yes,No,No,No,No,Yes,No,9.5,9.6,3,0,0,0,0,0,0,0,0,75,0,0,0,0,0,0,0,0,0,0,0,0,0,0,0,0,0,0,0,0,7599,593,423,24,5.0,2.8,37.6,1.9,1.9,1.9,1.9,2.8,37.5,1.9,1.9,1.9,1.9,355.26,532.59,26.56,17.57,532.93,532.93,0.59,354.66,355.26,0.00,177.47,311,16,7.1,1.7,0,0,0.0,0.0,0,
25.8.2026,15:50:38.401,7567,11686,39.3,6172,10137,37.8,0.1,2944,2,1.200,1.169,1.206,1.206,1.206,1.206,1.206,4072.5,3620.0,3620.0,4525.0,4525.0,4525.0,3620.0,100.0,458.8,93.1,43.3,107.7,109.1,586.1,1542.9,8.7,39.1,248.8,2611.6,71.0,43.9,458.8,10.3,1.5,1.2,2.7,2.7,13.1,34.4,0.4,1.1,5.6,57.9,1.8,1.2,57.9,10.3,12.2,1.4,1.1,2.7,2.8,15.7,41.5,0.2,1.0,6.6,70.4,1.8,1.1,12.2,40.7,36.2,36.2,45.2,45.2,45.2,36.2,0.0,20.0,2.3,5.3,47.2,1.1,61.6,2.6,27.9,11.6,42.6,40.4,8.5,34.6,29.7,52.1,86.1,52.2,12.4,90.4,3.8,67.7,1600.0,16.00,16,18,18,36,74,560,1,46.9,46.6,47.0,36.8,35.2,34.4,40.9,33.5,43.3,33.7,35.4,35.4,35.5,30.2,1.188,0.994,1.200,11.862,5.584,11.868,12.698,35.244,1.450,0.300,0.769,3.341,0.183,3.623,0.486,13.918,5.550,19.467,35.208,1600.0,1600.0,4519.8,4519.8,4650.0,46.3,19.8,14.1,49.0,159.0,No,No,No,0.423,0.330,1.2,46.0,39.0,36.0,35.0,35.0,37.0,36.0,12.024,4.950,1.004,1.348,1.170,0.798,0.840,1.548,3.300,1.836,1185,702,546,541,1.056,1.238,37,37,43,79.0,100.0,No,No,80665,102287,0.0,0.0,0.0,0.000,0.057,16368,8968,56.7,56.0,67.1,54,56,54,54,54,54,54,54,56,83.0,0.906,12.045,12.115,12.047,12.038,11.979,1389,1393,197.801,123.763,269.427,43.311,122.880,103.202,40.644,269.427,40.668,44.084,180.220,310.000,350.000,1785.0,1156.5,1575.0,522.4,1695.0,1500.0,1785.8,1155.5,1694.5,100.0,30.0,0.0,0.0,18.7,0.0,0.0,0.0,0.0,0.0,60,67,Yes,Yes,No,No,No,No,No,100.0,100.5,3,0,0,0,0,0,0,0,0,76,0,0,0,0,0,0,0,0,0,0,0,0,0,0,0,0,0,0,0,0,6658,1534,1364,98,16.0,2.2,2.5,1.9,1.9,1.9,1.9,2.2,2.5,1.9,1.9,1.9,1.9,458.47,515.88,401.06,400.01,517.06,517.06,0.39,458.19,458.47,0.00,66.65,311,16,0.3,0.1,0,0,0.0,0.0,0,
25.8.2026,15:50:40.416,7564,11689,39.2,6168,10141,37.8,0.1,2944,2,1.184,1.169,1.188,1.188,1.188,1.188,1.188,4072.5,3620.0,4525.0,3620.0,3620.0,4525.0,4525.0,100.0,441.9,80.6,29.0,72.7,59.2,256.7,2038.7,4.3,5.3,117.1,2556.9,54.8,27.6,441.9,9.7,1.2,0.7,1.7,1.3,5.7,45.1,0.1,0.1,2.6,56.5,1.2,0.6,56.5,9.7,11.8,1.3,0.8,1.9,1.5,6.9,55.1,0.1,0.1,3.1,69.0,1.3,0.7,11.8,40.7,36.2,45.2,36.2,36.2,45.2,45.2,0.0,19.3,2.0,3.0,49.4,0.2,59.1,2.0,19.1,9.6,18.2,34.3,6.1,20.5,25.8,61.6,88.4,78.8,16.3,93.6,20.4,72.2,1600.0,16.00,16,18,18,36,74,560,1,47.5,47.4,45.0,36.4,34.9,33.7,41.0,33.2,42.3,33.4,35.1,35.1,34.8,29.9,1.169,0.994,1.181,10.218,5.858,10.217,12.043,34.034,1.122,0.245,0.386,2.652,0.113,2.928,0.407,11.995,5.821,17.816,34.063,1600.0,1600.0,4518.6,4518.6,4650.0,44.8,17.0,13.4,49.9,177.0,No,No,No,0.153,0.181,1.2,47.0,39.5,36.5,35.0,35.0,37.0,36.5,12.048,4.990,1.004,1.348,1.162,0.798,0.838,1.548,3.296,1.834,1239,711,544,540,1.056,1.254,37,37,44,79.0,100.0,No,No,80665,102287,0.0,0.0,0.0,0.000,0.071,16368,8968,60.0,58.0,70.6,56,58,58,58,58,58,56,58,58,83.0,0.894,12.044,12.119,12.049,12.040,11.981,1490,1484,307.620,124.013,267.917,43.266,122.011,102.615,40.640,267.917,40.660,42.204,167.707,310.000,350.000,1785.0,1156.5,1575.0,1770.8,1695.0,1500.0,1784.5,1154.8,1694.5,100.0,24.0,0.0,0.0,18.7,25.0,100.0,0.0,0.0,0.0,65,72,Yes,Yes,No,No,No,No,No,101.3,103.3,3,0,0,0,0,0,0,0,0,76,0,0,0,0,0,0,0,0,0,0,0,0,0,0,0,0,0,0,0,0,6658,1534,1364,98,16.0,3.0,41.1,1.9,1.9,1.9,1.9,3.0,40.3,1.9,1.9,1.9,1.9,337.27,532.48,24.31,17.11,532.96,532.96,0.56,336.77,337.27,0.00,141.42,311,16,0.5,0.1,0,0,0.0,0.0,0,
25.8.2026,15:50:42.431,7566,11687,39.2,6172,10137,37.8,0.1,2944,2,1.185,1.169,1.194,1.188,1.188,1.188,1.188,3770.8,3620.0,3620.0,4525.0,3620.0,3620.0,3620.0,100.0,441.7,82.8,31.9,112.1,47.6,289.9,2061.8,5.2,21.7,2532.3,41.0,48.3,25.6,441.7,9.6,1.4,0.1,2.7,0.5,6.6,45.3,0.0,0.0,56.1,1.1,1.2,0.0,56.1,9.6,11.8,1.3,0.8,3.0,1.2,7.7,55.7,0.1,0.6,68.4,1.1,1.2,0.6,11.8,37.7,36.2,36.2,45.2,36.2,36.2,36.2,0.0,19.4,2.1,3.7,51.4,0.6,57.0,1.8,19.4,10.5,20.3,27.8,3.1,29.0,25.9,61.1,87.4,76.1,20.8,96.2,14.1,72.2,1600.0,16.00,16,18,18,36,74,560,1,47.8,47.4,47.0,36.5,35.0,33.9,41.1,33.2,42.3,33.4,35.2,35.2,34.5,29.6,1.169,0.994,1.175,10.236,5.839,10.240,12.183,34.017,1.129,0.257,0.434,2.662,0.099,2.922,0.401,12.017,5.803,17.820,34.073,1600.0,1600.0,4519.0,4519.0,4650.0,44.8,17.1,13.5,49.9,176.0,No,No,No,0.154,0.201,1.2,47.0,39.5,36.5,35.0,35.0,37.5,36.5,12.168,4.950,1.004,1.348,1.170,0.798,0.838,1.548,3.300,1.836,1224,707,543,539,1.056,1.249,37,37,44,79.0,100.0,No,No,80665,102287,0.0,0.0,0.0,0.000,0.032,16368,8968,60.1,58.0,70.6,58,58,58,58,58,58,58,58,58,83.0,0.887,12.055,12.129,12.054,12.042,11.995,1594,1556,309.380,116.229,253.070,40.461,114.996,97.578,40.232,253.070,40.261,41.472,164.923,310.000,350.000,1755.0,1156.5,1545.0,1770.4,1665.0,1470.0,1754.4,1154.9,1664.9,100.0,23.0,0.0,0.0,18.7,19.4,77.4,0.0,0.0,0.0,67,73,Yes,Yes,No,No,No,No,No,94.6,97.2,3,0,0,0,0,0,0,0,0,76,0,0,0,0,0,0,0,0,0,0,0,0,0,0,0,0,0,0,0,0,6658,1534,1364,98,16.0,3.2,47.9,1.9,1.9,1.9,1.9,3.2,47.3,1.9,1.9,1.9,1.9,312.28,533.62,20.88,16.85,533.63,533.63,0.46,311.82,312.28,0.00,129.05,311,16,0.1,0.0,0,0,0.0,0.0,0,
25.8.2026,15:50:44.427,7570,11684,39.3,6174,10135,37.8,0.1,2944,2,1.254,1.244,1.256,1.256,1.256,1.256,1.256,3875.0,3720.0,3720.0,4650.0,3720.0,3720.0,3720.0,100.0,433.6,59.7,17.0,64.9,41.2,4548.8,3.9,5.5,10.7,292.8,84.4,55.2,19.0,433.6,9.4,0.5,0.6,0.9,1.1,100.0,0.2,0.3,0.4,6.5,1.4,0.5,0.6,100.0,9.4,11.6,1.2,0.4,1.7,1.0,122.9,0.1,0.1,0.3,7.8,2.2,1.2,0.5,11.6,38.8,37.2,37.2,46.5,37.2,37.2,37.2,0.0,19.2,1.6,2.6,100.0,0.4,9.1,1.7,20.3,6.2,14.9,0.0,3.0,66.8,31.2,60.4,92.3,82.5,0.0,96.6,24.1,67.1,1600.0,16.00,16,18,18,36,74,560,1,48.5,47.7,51.2,36.7,35.9,33.7,47.7,33.3,36.2,33.6,35.4,35.4,35.2,30.4,1.263,0.994,1.275,10.530,5.829,10.523,12.056,34.567,1.164,0.197,0.334,4.714,0.091,1.171,0.476,12.538,5.793,18.331,34.562,1600.0,1600.0,4548.8,4548.8,4650.0,45.5,17.5,13.4,50.2,178.7,No,No,No,0.128,0.124,1.2,47.0,39.5,36.5,35.0,35.5,37.5,36.5,12.048,4.950,1.004,1.348,1.232,0.796,0.840,1.550,3.300,1.834,1259,705,544,551,1.056,1.266,37,37,45,79.0,100.0,No,No,80665,102287,0.0,0.0,0.0,0.000,0.032,16368,8968,50.1,56.0,60.3,58,56,56,56,56,56,56,56,56,83.0,1.069,12.055,12.260,12.159,12.139,12.127,1675,1616,231.423,116.229,84.679,7.074,39.323,38.249,34.284,84.679,34.306,4.280,17.097,310.000,350.000,2025.0,1187.7,1785.0,1783.4,1920.0,1695.0,2025.6,1186.5,1919.2,0.0,0.0,0.0,0.0,7.2,19.4,0.0,0.0,0.0,0.0,67,73,Yes,No,No,Yes,No,No,No,94.6,97.2,3,0,0,0,0,0,0,0,0,76,0,0,0,0,0,0,0,0,0,0,0,0,0,0,0,0,0,0,0,0,6658,1534,1364,98,16.0,3.5,56.7,1.8,1.8,1.8,1.8,3.5,56.6,1.8,1.8,1.8,1.8,287.33,549.78,17.64,16.77,550.28,550.28,0.65,286.71,287.33,0.00,141.37,311,16,0.0,0.0,0,0,0.0,0.0,0,
25.8.2026,15:50:46.424,5199,14054,27.0,5439,10871,33.3,0.1,2944,2,0.958,0.969,0.956,0.956,0.956,0.956,0.956,3675.0,3675.0,3675.0,3675.0,3675.0,3675.0,3675.0,100.0,388.8,264.3,181.1,67.1,57.8,2907.2,697.9,10.3,5.0,297.9,98.9,53.2,25.4,388.8,7.9,2.1,3.9,0.9,0.6,62.3,15.0,0.0,0.0,7.3,2.5,0.6,0.0,62.3,7.9,10.0,2.2,4.9,1.8,1.5,78.5,18.8,0.3,0.1,7.9,2.6,1.4,0.6,10.0,36.8,36.8,36.8,36.8,36.8,36.8,36.8,0.1,16.7,6.8,3.3,77.2,0.4,9.9,2.3,26.9,23.0,20.4,20.7,3.9,62.6,30.7,56.4,70.2,76.2,2.1,95.7,27.5,67.0,1600.0,16.00,16,18,18,36,74,560,1,49.4,47.1,38.5,36.9,36.8,34.1,46.8,33.5,36.4,33.8,35.6,35.6,35.8,30.8,1.156,0.994,1.163,11.248,5.927,11.271,11.271,36.041,1.236,0.606,0.458,4.524,0.113,1.203,0.513,13.738,5.890,19.627,35.950,1600.0,1600.0,4475.4,4475.4,4650.0,47.3,18.8,12.5,49.6,183.8,No,No,No,0.401,0.619,1.0,49.0,39.5,36.5,35.0,35.5,37.5,36.5,12.144,4.990,1.004,1.348,0.994,0.796,0.838,1.558,3.336,1.834,1275,690,543,539,1.056,1.260,37,37,44,79.0,100.0,No,No,80665,102287,0.0,0.1,0.1,0.000,0.236,16368,8968,47.0,54.0,56.0,56,52,52,54,52,52,52,52,54,83.0,1.069,12.171,12.263,12.172,12.147,12.151,1703,1630,104.963,38.219,66.501,5.948,30.577,29.954,25.578,66.501,25.595,4.419,16.701,310.000,350.000,2025.0,625.2,1785.0,2025.0,1920.0,1695.0,2024.6,624.7,1920.3,0.0,0.0,0.0,0.0,7.2,0.0,0.0,0.0,0.0,0.0,67,73,Yes,No,No,Yes,No,No,No,38.4,45.7,3,0,0,0,0,0,0,0,0,76,0,0,0,0,0,0,0,0,0,0,0,0,0,0,0,0,0,0,0,0,7599,593,423,24,16.0,5.9,116.1,2.0,1.9,1.9,1.9,5.9,60.0,2.0,1.9,1.9,1.9,169.34,504.05,8.62,8.25,516.53,516.53,0.27,169.08,169.34,0.00,172.15,311,16,0.0,0.0,0,0,0.0,0.0,0,
25.8.2026,15:50:48.431,5197,14056,26.9,5434,10876,33.3,0.1,2944,2,0.956,0.956,0.956,0.956,0.956,0.956,0.956,3675.0,3675.0,3675.0,3675.0,3675.0,3675.0,3675.0,100.0,45.1,145.6,1.8,6.0,11.6,115.3,118.6,0.4,0.7,38.9,90.4,2.8,9.6,45.1,0.8,0.6,0.0,0.2,0.4,2.7,2.0,0.0,0.0,1.0,2.2,0.0,0.0,2.7,0.8,0.9,0.5,0.0,0.1,0.3,3.1,3.1,0.0,0.0,1.0,2.2,0.1,0.2,0.9,36.8,36.8,36.8,36.8,36.8,36.8,36.8,64.6,1.4,0.4,0.4,4.5,0.0,2.8,0.2,6.4,3.5,0.6,10.8,0.0,22.6,0.9,92.4,96.3,99.1,84.9,100.0,74.8,99.1,1600.0,16.00,16,18,18,36,74,560,1,46.6,34.3,38.5,32.6,32.6,32.6,33.0,32.4,32.7,32.3,33.0,33.0,34.2,29.5,1.156,0.994,1.163,2.117,5.070,2.120,2.120,20.520,0.208,0.145,0.082,0.407,0.009,0.548,0.059,2.175,5.049,7.224,20.520,1600.0,1600.0,2101.5,2101.5,4650.0,27.0,3.5,2.4,36.2,169.6,No,No,No,0.193,0.041,0.1,47.0,39.5,36.0,35.0,35.5,37.5,36.0,12.168,5.010,1.002,1.352,0.596,0.794,0.838,1.558,3.340,1.834,1277,697,546,543,1.056,1.261,37,37,44,79.0,100.0,No,No,80665,102287,0.0,0.0,0.0,0.000,0.006,16368,8968,45.9,52.0,54.9,52,52,52,52,52,52,52,52,52,83.0,1.069,12.183,12.265,12.176,12.152,12.155,1692,1616,92.355,30.197,66.557,5.838,30.697,29.979,25.551,66.557,25.571,4.076,16.516,310.000,350.000,2025.0,101.2,1785.0,2025.0,1920.0,1695.0,1450.6,72.1,1385.6,0.0,0.0,0.0,0.0,7.2,0.0,0.0,0.0,0.0,0.0,66,72,Yes,No,No,Yes,No,No,No,29.7,34.3,3,0,0,0,0,0,0,0,0,76,0,0,0,0,0,0,0,0,0,0,0,0,0,0,0,0,0,0,0,0,7599,593,423,24,16.0,2.1,2.8,1.9,1.9,1.9,1.9,2.1,2.8,1.9,1.9,1.9,1.9,472.02,533.34,353.13,349.82,533.34,533.34,0.31,471.74,472.02,0.00,77.43,311,16,0.6,0.4,0,0,0.0,0.0,0,
25.8.2026,15:50:50.448,5197,14056,26.9,5433,10876,33.3,0.1,2944,2,1.093,0.956,0.956,1.175,1.156,1.156,1.156,3638.3,3675.0,3675.0,3620.0,3620.0,3620.0,3620.0,100.0,44.3,162.9,2.5,8.0,11.4,72.4,90.0,0.2,0.3,70.3,105.7,2.6,5.1,44.3,1.8,0.7,8.7,1.1,0.0,2.5,2.9,0.0,0.0,1.7,2.5,0.2,1.0,8.7,1.8,0.8,0.6,0.0,0.2,0.2,1.9,2.4,0.0,0.0,1.8,2.6,0.1,0.1,0.8,36.4,36.8,36.8,36.2,36.2,36.2,36.2,67.0,1.4,0.7,0.3,3.4,0.0,3.8,0.1,5.6,2.9,1.2,8.8,0.0,19.9,1.0,93.1,96.7,98.6,88.0,100.0,76.4,99.1,1600.0,16.00,16,18,18,36,74,560,1,44.5,34.2,38.2,32.3,32.3,32.4,32.5,32.2,32.5,32.1,32.8,32.8,34.5,30.5,1.156,0.994,1.163,1.936,4.918,1.932,1.932,19.978,0.197,0.153,0.055,0.298,0.011,0.621,0.046,1.990,4.901,6.892,19.959,1600.0,1600.0,2168.5,2168.5,4650.0,26.3,3.2,2.1,36.0,163.9,No,No,No,0.181,0.038,0.1,44.0,39.5,36.0,35.0,35.0,37.5,36.0,12.168,5.000,1.002,1.352,0.606,0.794,0.838,1.560,3.348,1.836,1221,715,549,556,1.056,1.270,37,37,44,79.0,100.0,No,No,80665,102287,0.0,0.0,0.0,0.000,0.038,16368,8968,42.7,48.0,50.5,48,48,48,48,48,46,48,46,48,83.0,1.075,12.214,12.274,12.205,12.179,12.199,1644,1581,34.230,12.369,29.251,3.547,11.338,14.360,5.929,29.251,5.935,4.131,7.582,310.000,350.000,2010.0,101.2,1770.0,464.6,1905.0,1695.0,1387.4,69.3,1320.5,0.0,1.0,0.0,0.0,7.2,0.0,0.0,0.0,0.0,0.0,63,70,Yes,No,No,Yes,No,No,No,11.3,11.1,3,0,0,0,0,0,0,0,0,77,0,0,0,0,0,0,0,0,0,0,0,0,0,0,0,0,0,0,0,0,7599,593,423,24,5.0,3.1,43.8,1.9,1.9,1.9,1.9,3.1,43.2,1.9,1.9,1.9,1.9,324.62,533.13,22.82,16.99,533.65,533.65,0.55,324.12,324.62,0.00,137.64,311,16,0.3,0.0,0,0,0.0,0.0,0,
25.8.2026,15:50:52.464,5197,14056,26.9,5433,10876,33.3,0.1,2944,2,1.139,0.956,1.175,1.175,1.175,1.175,1.175,3629.2,3675.0,3620.0,3620.0,3620.0,3620.0,3620.0,100.0,41.9,145.3,6.7,6.7,4.8,71.4,131.4,0.7,0.8,39.5,82.2,3.5,9.8,41.9,4.5,0.8,0.3,0.0,2.7,1.1,2.5,36.9,3.2,1.1,2.2,1.8,1.2,36.9,4.5,0.8,0.6,0.1,0.2,0.2,1.9,3.5,0.0,0.0,1.0,2.0,0.1,0.2,0.8,36.3,36.8,36.2,36.2,36.2,36.2,36.2,58.9,1.4,0.5,0.3,4.4,0.0,2.6,0.2,7.9,4.8,1.0,9.1,0.0,31.4,0.9,90.9,94.8,98.7,86.7,100.0,66.2,99.1,1600.0,16.00,16,18,18,36,74,560,1,42.5,33.7,40.5,32.3,32.3,32.3,32.6,32.2,32.5,32.1,32.8,32.8,34.8,28.1,1.156,0.994,1.163,2.216,4.308,2.221,2.221,18.943,0.191,0.133,0.051,0.324,0.009,0.584,0.045,2.265,4.294,6.559,18.965,1600.0,1600.0,2156.6,2156.6,4650.0,25.0,3.7,2.5,35.4,192.1,No,No,No,0.169,0.035,0.1,42.0,39.5,36.0,35.0,35.0,37.5,36.0,12.168,5.010,1.002,1.352,0.542,0.794,0.836,1.560,3.352,1.834,1200,719,549,557,1.056,1.259,37,37,44,79.0,100.0,No,No,80665,102287,0.0,0.0,0.0,0.000,0.000,16368,8968,41.8,48.0,49.6,47,48,48,46,46,46,48,46,48,83.0,1.075,12.212,12.273,12.202,12.177,12.197,1542,1505,33.493,11.668,27.457,3.289,10.372,13.784,5.635,27.457,5.641,3.931,7.448,310.000,350.000,2010.0,101.2,1770.0,391.2,1905.0,1695.0,1440.7,71.4,1367.3,0.0,1.0,0.0,0.0,7.2,0.0,0.0,0.0,0.0,0.0,61,68,Yes,No,No,Yes,No,No,No,10.7,10.9,3,0,0,0,0,0,0,0,0,77,0,0,0,0,0,0,0,0,0,0,0,0,0,0,0,0,0,0,0,0,7599,593,423,24,5.0,2.5,7.1,1.9,1.9,1.9,1.9,2.5,7.1,1.9,1.9,1.9,1.9,394.08,532.97,139.87,132.95,533.30,533.30,0.49,393.52,394.08,0.00,133.42,311,16,0.2,0.0,0,0,0.0,0.0,0,
25.8.2026,15:50:54.484,5915,13338,30.7,5775,10535,35.4,0.1,2944,2,1.173,1.181,1.181,1.169,1.169,1.169,1.169,3921.7,4525.0,3620.0,4525.0,3620.0,3620.0,3620.0,100.0,126.4,163.9,17.0,91.1,55.7,330.7,121.1,5.0,4.2,579.3,86.8,41.5,20.9,126.4,5.3,1.0,0.5,2.2,1.4,7.6,2.1,26.6,3.9,13.0,2.1,1.9,1.3,26.6,5.3,3.0,0.9,0.4,2.4,1.4,8.1,3.2,0.1,0.1,15.6,2.1,1.1,0.5,3.0,39.2,45.2,36.2,45.2,36.2,36.2,36.2,52.0,5.0,1.2,3.2,9.3,0.2,14.7,1.4,14.0,14.2,14.1,13.9,2.0,27.9,11.9,81.1,84.7,82.7,77.0,97.7,57.4,86.9,1600.0,16.00,16,18,18,36,74,560,1,42.1,35.1,48.8,33.1,32.8,33.0,33.6,32.4,34.1,32.5,33.1,33.1,33.2,28.6,1.169,0.994,1.181,4.060,4.391,4.039,4.039,21.511,0.500,0.293,0.379,0.802,0.049,1.210,0.266,4.516,4.376,8.892,21.629,1600.0,1600.0,2443.8,2443.8,4650.0,28.5,6.7,4.5,36.9,150.8,No,No,No,0.490,0.307,0.3,41.0,39.5,36.0,35.0,35.0,37.5,36.0,12.168,5.000,1.004,1.348,1.082,0.792,0.836,1.560,3.348,1.836,1167,1451,547,557,1.056,1.235,37,37,44,79.0,100.0,No,No,80665,102287,0.0,0.0,0.0,0.014,0.012,16368,8968,56.4,56.0,66.7,54,56,54,54,54,54,54,54,56,83.0,0.906,12.042,12.111,12.044,12.037,11.976,1439,1430,134.709,123.188,269.180,43.370,122.583,103.202,40.705,269.180,40.730,43.302,176.440,310.000,350.000,1785.0,1156.5,1590.0,398.5,1710.0,1515.0,1785.2,1155.5,1710.9,100.0,31.0,0.0,0.0,18.7,0.0,0.0,0.0,0.0,0.0,60,67,Yes,Yes,No,No,No,No,No,100.0,100.2,3,0,0,0,0,0,0,0,0,78,0,0,0,0,0,0,0,0,0,0,0,0,0,0,0,0,0,0,0,0,6658,1534,1364,98,16.0,3.6,61.7,1.8,1.8,1.8,1.8,3.6,60.6,1.8,1.8,1.8,1.8,278.97,549.06,16.21,16.19,549.54,549.54,0.65,278.31,278.97,0.00,141.58,311,16,0.0,0.0,0,0,0.0,0.0,0,
25.8.2026,15:50:56.493,7558,11695,39.2,6165,10145,37.7,0.1,2944,2,1.206,1.206,1.206,1.206,1.206,1.206,1.206,3921.7,3620.0,3620.0,4525.0,3620.0,4525.0,3620.0,100.0,468.1,107.6,38.2,138.0,155.5,648.4,1215.3,15.4,10.6,153.1,3018.8,71.5,44.1,468.1,10.6,1.6,0.8,3.8,4.3,14.8,27.9,1.0,0.2,2.5,66.2,2.3,1.7,66.2,10.6,12.4,1.9,1.0,3.6,4.0,18.0,32.4,0.4,0.3,4.0,80.7,1.8,1.1,12.4,39.2,36.2,36.2,45.2,36.2,45.2,36.2,0.0,20.6,2.6,7.1,41.9,0.6,68.8,2.7,32.5,19.0,53.5,48.7,5.9,31.2,36.6,46.9,78.3,39.3,9.4,93.5,0.0,60.6,1600.0,16.00,16,18,18,36,74,560,1,46.8,46.9,46.0,37.1,35.4,34.8,41.0,33.4,44.2,33.8,35.4,35.4,33.0,29.3,1.188,0.994,1.200,12.605,5.526,12.610,13.404,35.920,1.575,0.385,0.968,3.240,0.134,4.155,0.566,14.805,5.492,20.296,35.923,1600.0,1600.0,4521.5,4521.5,4650.0,47.3,21.0,14.9,49.4,156.0,No,No,No,0.545,0.416,1.2,45.0,39.5,36.0,35.0,35.0,37.5,36.5,12.024,4.950,1.004,1.348,1.170,0.794,0.836,1.546,3.300,1.836,1163,726,547,556,1.056,1.257,37,37,44,79.0,100.0,No,No,80665,102287,0.0,0.0,0.0,0.008,0.086,16368,8969,59.6,58.0,70.1,58,58,58,58,58,56,56,58,58,83.0,0.906,12.036,12.105,12.040,12.034,11.964,1402,1411,309.061,126.822,278.513,45.138,126.867,106.486,40.799,278.513,40.818,44.481,179.787,310.000,350.000,1800.0,1156.5,1590.0,1775.0,1710.0,1515.0,1800.8,1155.0,1709.7,100.0,25.0,0.0,0.0,18.7,25.0,100.0,0.0,0.0,0.0,63,70,Yes,Yes,No,No,No,No,No,103.0,45.1,3,0,0,0,0,0,0,0,0,78,0,0,0,0,0,0,0,0,0,0,0,0,0,0,0,0,0,0,0,0,6658,1534,1364,98,16.0,2.0,2.2,1.9,1.9,1.9,1.9,2.0,2.2,1.9,1.9,1.9,1.9,491.28,532.43,450.13,449.38,533.27,533.27,0.71,490.76,491.28,0.00,41.79,311,16,0.4,0.0,0,0,0.0,0.0,0,
25.8.2026,15:50:58.483,7559,11695,39.2,6164,10145,37.7,0.1,2944,2,1.189,1.169,1.200,1.188,1.188,1.194,1.194,4223.3,3620.0,4525.0,4525.0,3620.0,4525.0,4525.0,100.0,434.3,103.4,27.3,70.9,41.2,109.0,2312.0,7.1,11.6,176.1,2272.8,65.8,14.3,434.3,10.2,2.0,0.9,2.6,1.1,2.7,51.1,1.2,2.0,4.7,50.6,1.7,1.3,51.1,10.2,11.6,2.0,0.8,1.9,0.9,2.9,62.3,0.2,0.3,4.4,61.6,1.6,0.3,11.6,42.2,36.2,45.2,45.2,36.2,45.2,45.2,0.0,19.2,2.6,2.6,53.4,0.5,54.2,1.9,20.7,8.1,14.4,31.7,4.4,36.4,29.2,60.1,89.4,83.0,14.9,95.2,9.5,68.9,1600.0,16.00,16,18,18,36,74,560,1,47.6,47.4,44.2,36.5,35.1,33.7,41.5,33.3,42.1,33.6,35.3,35.3,34.8,29.3,1.188,0.994,1.200,10.206,5.824,10.190,11.862,33.958,1.125,0.253,0.322,2.742,0.107,2.888,0.435,11.979,5.788,17.767,33.994,1600.0,1600.0,4521.1,4521.1,4650.0,44.7,17.0,13.2,49.9,176.5,No,No,No,0.149,0.158,1.2,47.0,39.5,36.5,35.0,35.0,37.5,36.5,12.048,4.950,1.004,1.348,1.168,0.792,0.836,1.548,3.272,1.834,1217,706,543,552,1.056,1.244,37,37,44,79.0,100.0,No,No,80665,102287,0.0,0.0,0.0,0.000,0.069,16368,8969,59.8,58.0,70.2,58,58,58,58,58,58,58,58,58,83.0,0.869,12.052,12.125,12.051,12.042,11.989,1500,1486,309.620,118.345,259.341,41.200,118.349,99.790,41.818,259.341,41.849,39.454,163.967,310.000,350.000,1710.0,1156.5,1500.0,1769.3,1620.0,1440.0,1709.3,1155.5,1620.0,100.0,26.0,0.0,0.0,18.7,25.0,100.0,0.0,0.0,0.0,66,72,Yes,Yes,No,No,No,No,No,97.2,89.9,3,0,0,0,0,0,0,0,0,78,0,0,0,0,0,0,0,0,0,0,0,0,0,0,0,0,0,0,0,0,6658,1534,1364,98,16.0,2.1,2.8,1.9,1.9,1.9,1.9,2.1,2.8,1.9,1.9,1.9,1.9,472.32,533.58,353.92,350.63,533.59,533.59,0.43,471.93,472.32,0.00,77.59,311,16,0.4,0.0,0,0,0.0,0.0,0,
25.8.2026,15:51:0.479,7561,11693,39.2,6166,10143,37.8,0.1,2944,2,1.185,1.169,1.169,1.194,1.194,1.194,1.194,3770.8,3620.0,3620.0,3620.0,3620.0,4525.0,3620.0,100.0,436.4,80.5,23.6,73.4,82.4,150.4,2101.4,4.1,3.0,2624.8,24.7,48.3,19.4,436.4,9.3,1.5,0.0,0.0,2.0,2.7,46.7,0.0,0.0,58.1,0.0,1.2,0.0,58.1,9.3,11.7,1.5,0.6,1.9,2.2,4.0,56.9,0.1,0.1,71.0,0.6,1.2,0.5,11.7,37.7,36.2,36.2,36.2,36.2,45.2,36.2,0.0,19.4,2.0,3.7,50.0,0.2,58.6,1.7,21.9,7.7,16.8,35.1,4.5,40.5,26.6,58.8,90.3,79.5,15.0,95.3,0.9,71.7,1600.0,16.00,16,18,18,36,74,560,1,47.9,47.7,46.0,36.7,35.1,34.0,41.4,33.4,42.9,33.6,35.4,35.4,35.8,30.5,1.181,0.994,1.194,10.416,5.840,10.432,11.986,34.329,1.142,0.225,0.390,2.660,0.090,3.092,0.394,12.229,5.804,18.033,34.297,1600.0,1600.0,4525.0,4525.0,4650.0,45.1,17.4,13.3,50.2,176.9,No,No,No,0.139,0.155,1.2,47.0,40.5,36.5,35.0,35.5,37.5,36.5,12.048,4.950,1.002,1.348,1.170,0.792,0.836,1.546,3.300,1.834,1259,697,543,552,1.056,1.266,37,37,44,79.0,100.0,No,No,80665,102287,0.0,0.0,0.0,0.000,0.038,16368,8969,61.1,60.0,71.9,58,58,58,58,58,58,58,58,60,83.0,0.906,12.047,12.118,12.050,12.040,11.980,1603,1558,309.506,122.099,270.004,43.699,122.883,103.426,40.767,270.004,40.795,43.556,163.758,310.000,350.000,1785.0,1156.5,1590.0,1789.6,1710.0,1515.0,1785.5,1155.3,1710.2,100.0,25.0,0.0,0.0,18.7,25.0,100.0,0.0,0.0,0.0,67,73,Yes,Yes,No,No,No,No,No,100.3,100.8,3,0,0,0,0,0,0,0,0,78,0,0,0,0,0,0,0,0,0,0,0,0,0,0,0,0,0,0,0,0,6658,1534,1364,98,16.0,2.3,4.2,1.9,1.9,1.9,1.9,2.3,4.2,1.9,1.9,1.9,1.9,427.54,532.87,238.46,233.35,533.20,533.20,0.49,427.10,427.54,0.00,111.26,311,16,0.4,0.0,0,0,0.0,0.0,0,
25.8.2026,15:51:2.490,7559,11694,39.2,6169,10140,37.8,0.1,2944,2,1.244,1.269,1.244,1.238,1.238,1.238,1.238,3875.0,3720.0,3720.0,4650.0,3720.0,3720.0,3720.0,100.0,466.9,101.9,37.8,131.2,89.4,4405.9,10.9,7.4,13.7,468.2,146.2,96.5,94.1,466.9,10.8,1.3,0.6,4.9,1.0,97.1,0.0,0.0,6.6,10.9,4.5,1.9,1.1,97.1,10.8,12.5,1.6,1.0,3.4,2.4,119.0,0.3,0.2,0.4,12.6,3.8,2.4,2.5,12.5,38.8,37.2,37.2,46.5,37.2,37.2,37.2,0.0,20.8,2.6,5.3,97.1,0.5,14.4,4.6,27.7,14.8,31.9,2.9,6.5,72.1,38.2,51.5,82.6,62.8,0.0,92.9,13.5,57.2,1600.0,16.00,16,18,18,36,74,560,1,48.4,47.5,51.0,37.3,36.3,34.5,47.4,33.6,37.4,34.4,35.6,35.6,35.8,30.4,1.250,0.994,1.256,11.419,5.839,11.414,13.524,35.527,1.322,0.351,0.664,4.545,0.138,1.527,0.710,13.521,5.802,19.323,35.571,1600.0,1600.0,4530.0,4530.0,4650.0,46.8,19.0,15.0,50.0,169.3,No,No,No,0.206,0.203,1.2,47.0,39.5,36.5,35.0,35.5,37.5,36.5,12.024,4.950,1.004,1.348,1.178,0.790,0.834,1.546,3.308,1.834,1225,688,543,539,1.056,1.252,37,37,44,79.0,100.0,No,No,80665,102287,0.1,0.0,0.1,0.131,0.265,16368,8969,51.6,56.0,61.6,56,56,56,56,56,56,56,56,56,83.0,1.081,12.168,12.259,12.156,12.134,12.122,1683,1618,281.540,38.901,86.263,7.294,39.907,39.023,34.304,86.263,34.322,4.403,18.325,310.000,350.000,2025.0,1187.7,1785.0,1780.4,1920.0,1695.0,2024.7,1186.5,1920.4,0.0,0.0,0.0,0.0,7.2,0.0,0.0,0.0,0.0,0.0,68,73,Yes,No,No,Yes,Yes,No,No,38.9,45.7,3,0,0,0,0,0,0,0,0,78,0,0,0,0,0,0,0,0,0,0,0,0,0,0,0,0,0,0,0,0,7599,593,423,24,16.0,4.3,57.8,1.9,1.9,1.9,1.9,4.3,58.2,1.9,1.9,1.9,1.9,233.15,531.61,17.31,16.70,533.67,533.67,0.64,232.54,233.15,0.00,129.86,311,16,1.0,0.0,0,0,0.0,0.0,0,
25.8.2026,15:51:4.493,5211,14043,27.0,5448,10862,33.4,0.1,2944,2,1.125,0.969,1.156,1.156,1.156,1.156,1.156,3780.0,3675.0,3620.0,3620.0,3620.0,4525.0,3620.0,100.0,423.6,261.8,46.3,89.5,59.3,2831.0,718.2,13.5,3.5,564.2,405.9,60.0,30.6,423.6,9.7,5.3,2.3,1.7,1.7,61.2,16.2,2.9,0.0,12.8,9.8,1.0,1.1,61.2,9.7,11.3,5.8,1.2,2.3,1.5,76.5,19.3,0.3,0.1,14.8,10.9,1.5,0.8,11.3,37.8,36.8,36.2,36.2,36.2,45.2,36.2,0.0,18.6,6.2,3.6,77.1,0.4,21.9,2.3,27.9,22.3,22.1,22.9,5.4,57.9,36.7,53.5,71.6,74.3,0.0,94.2,20.2,61.0,1600.0,16.00,16,18,18,36,74,560,1,49.1,47.7,42.8,37.2,36.8,34.2,46.2,33.6,38.3,34.0,35.8,35.8,34.8,30.3,1.175,0.994,1.188,11.645,5.895,11.655,12.276,36.270,1.286,0.558,0.470,4.292,0.126,1.731,0.540,14.027,5.858,19.885,36.195,1600.0,1600.0,4529.1,4529.1,4650.0,47.6,19.4,13.6,50.3,180.8,No,No,No,0.407,0.595,1.1,49.0,40.5,37.0,35.5,35.5,37.5,37.0,12.144,4.980,1.004,1.348,1.090,0.790,0.834,1.558,3.336,1.834,1256,706,544,539,1.056,1.251,37,37,44,79.0,100.0,No,No,80665,102287,0.0,0.2,0.2,0.032,0.270,16369,8970,47.5,54.0,56.5,52,52,52,52,52,52,54,52,54,83.0,1.081,12.185,12.264,12.175,12.151,12.153,1713,1643,110.668,30.855,68.459,6.328,31.410,30.692,25.484,68.459,25.504,4.226,17.136,310.000,350.000,2025.0,625.2,1785.0,2024.1,1935.0,1710.0,2025.1,624.8,1935.1,0.0,0.0,0.0,0.0,7.2,0.0,0.0,0.0,0.0,0.0,68,73,Yes,No,No,Yes,No,No,No,30.3,34.1,3,0,0,0,0,0,0,0,0,78,0,0,0,0,0,0,0,0,0,0,0,0,0,0,0,0,0,0,0,0,7599,593,423,24,16.0,2.8,37.5,1.9,1.9,1.9,1.9,2.8,37.5,1.9,1.9,1.9,1.9,355.18,532.42,26.68,17.70,532.75,532.75,0.35,354.80,355.18,0.00,177.26,311,16,0.2,0.0,0,0,0.0,0.0,0,
25.8.2026,15:51:6.499,5189,14065,26.9,5428,10881,33.2,0.1,2944,2,0.956,0.956,0.956,0.956,0.956,0.956,0.956,3675.0,3675.0,3675.0,3675.0,3675.0,3675.0,3675.0,100.0,51.7,194.0,13.2,12.8,8.3,35.3,145.4,1.0,0.4,41.9,153.7,5.6,8.6,51.7,0.6,0.0,0.0,0.0,0.0,0.9,3.3,0.0,0.0,0.5,2.7,0.0,0.2,3.3,0.6,1.0,0.7,0.4,0.3,0.2,0.9,3.9,0.0,0.0,1.4,4.0,0.1,0.2,1.0,36.8,36.8,36.8,36.8,36.8,36.8,36.8,46.2,1.7,0.8,0.5,4.0,0.0,4.7,0.3,11.4,4.7,4.8,17.6,0.1,38.2,2.8,87.0,94.7,94.7,78.5,99.9,57.2,97.0,1600.0,16.00,16,18,18,36,74,560,1,46.6,34.8,39.2,32.9,32.8,32.8,33.2,32.6,33.3,32.5,33.4,33.4,34.8,29.6,1.156,0.994,1.163,2.830,5.096,2.840,2.840,22.093,0.223,0.150,0.108,0.350,0.013,0.635,0.084,2.899,5.076,7.976,22.071,1600.0,1600.0,2639.7,2639.7,4650.0,29.0,4.7,3.2,36.7,209.7,No,No,No,0.192,0.063,0.1,47.0,39.5,36.5,35.5,35.5,38.0,36.5,12.168,5.000,1.002,1.348,0.828,0.788,0.834,1.558,3.344,1.834,1277,695,547,542,1.056,1.284,37,37,45,79.0,100.0,No,No,80665,102287,0.0,0.1,0.1,0.008,0.104,16369,8970,45.7,52.0,53.6,52,52,52,52,52,52,52,52,52,83.0,1.081,12.185,12.259,12.164,12.137,12.142,1710,1636,92.679,30.855,67.168,5.983,30.908,30.244,25.376,67.168,25.389,4.157,16.863,310.000,350.000,2025.0,625.2,1785.0,2024.1,1935.0,1710.0,2025.1,624.8,1935.1,0.0,0.0,0.0,0.0,7.2,0.0,0.0,0.0,0.0,0.0,68,73,Yes,No,No,Yes,No,No,No,30.3,34.1,3,0,0,0,0,0,0,0,0,78,0,0,0,0,0,0,0,0,0,0,0,0,0,0,0,0,0,0,0,0,7599,593,423,24,16.0,2.1,2.5,1.9,1.9,1.9,1.9,2.1,2.5,1.9,1.9,1.9,1.9,483.10,533.00,401.69,399.58,533.33,533.33,0.25,482.85,483.10,0.00,77.51,311,16,0.3,0.0,0,0,0.0,0.0,0,
25.8.2026,15:51:8.510,5193,14060,26.9,5428,10882,33.2,0.1,2944,2,1.188,1.188,1.188,1.188,1.188,1.188,1.188,4072.5,3620.0,4525.0,4525.0,3620.0,4525.0,3620.0,100.0,185.3,185.4,13.7,75.8,95.9,249.5,296.5,1.6,1.6,361.3,888.0,42.5,11.8,185.3,4.6,1.4,0.9,3.2,3.1,6.1,6.6,0.0,2.1,8.5,20.1,2.0,1.6,20.1,4.6,4.4,0.9,0.4,1.2,2.1,6.7,7.2,0.0,0.0,9.7,23.8,0.7,0.3,4.4,40.7,36.2,45.2,45.2,36.2,45.2,36.2,34.8,7.4,1.1,4.3,12.3,0.1,25.1,1.4,16.9,7.7,19.1,22.3,1.9,34.4,16.0,75.8,91.3,76.6,65.5,98.0,40.6,82.7,1600.0,16.00,16,18,18,36,74,560,1,45.4,37.3,47.0,33.8,33.2,33.4,34.5,32.7,36.0,32.8,33.8,33.8,35.5,30.1,1.188,0.994,1.200,5.535,5.233,5.507,5.507,25.755,0.701,0.250,0.531,1.140,0.049,1.917,0.318,6.190,5.210,11.399,25.889,1600.0,1600.0,3017.5,3017.5,4650.0,34.1,9.2,6.1,39.2,146.0,No,No,No,0.177,0.041,0.4,44.0,39.5,36.0,35.5,35.5,38.0,36.5,12.144,4.980,1.004,1.348,1.164,0.788,0.834,1.560,3.344,1.836,1259,698,548,543,1.056,1.260,37,37,48,79.0,100.0,No,No,80665,102287,0.0,0.1,0.1,0.017,0.098,16369,8970,42.9,48.0,50.6,48,48,48,48,48,46,48,48,48,83.0,1.075,12.209,12.270,12.199,12.174,12.194,1661,1595,34.153,12.418,29.234,3.620,11.272,14.341,6.024,29.234,6.029,3.967,8.044,310.000,350.000,2010.0,101.2,1770.0,442.8,1905.0,1695.0,1425.4,71.1,1354.2,0.0,1.0,0.0,0.0,7.2,0.0,0.0,0.0,0.0,0.0,64,70,Yes,No,No,Yes,No,No,No,11.4,11.1,3,0,0,0,0,0,0,0,0,79,0,0,0,0,0,0,0,0,0,0,0,0,0,0,0,0,0,0,0,0,7599,593,423,24,5.0,2.2,3.3,1.9,1.9,1.9,1.9,2.2,3.3,1.9,1.9,1.9,1.9,449.73,532.67,303.68,299.77,533.00,533.00,1.72,448.03,449.73,0.00,88.84,311,16,5.9,0.4,0,0,0.0,0.0,0,
25.8.2026,15:51:10.526,5290,13963,27.4,5567,10742,34.1,0.1,2944,2,1.203,1.194,1.200,1.206,1.206,1.206,1.206,3921.7,3620.0,3620.0,4525.0,3620.0,4525.0,3620.0,100.0,1560.0,1599.0,940.2,1195.2,2131.3,1716.7,3077.1,535.8,644.2,1389.0,3266.6,987.0,1238.5,1560.0,32.4,16.5,21.2,25.6,46.7,36.7,67.4,10.7,14.3,30.4,71.1,21.3,26.9,71.1,32.4,39.3,19.4,24.5,30.9,56.8,45.4,82.4,13.4,16.9,37.1,86.8,25.5,32.4,39.3,39.2,36.2,36.2,45.2,36.2,45.2,36.2,0.0,59.9,36.4,68.6,92.6,26.0,88.7,47.0,35.4,53.1,31.4,7.4,58.7,11.3,50.9,4.7,10.6,0.0,0.0,15.4,0.0,2.1,1600.0,16.00,16,18,18,36,74,560,1,49.9,50.1,50.8,44.7,43.3,44.3,49.0,40.7,48.1,42.7,37.8,37.8,36.0,30.2,1.200,0.994,1.212,26.380,5.404,26.373,52.262,52.307,4.671,3.448,5.176,6.660,2.674,6.083,3.987,31.634,5.370,37.004,52.345,1600.0,1600.0,4523.7,4523.7,4650.0,68.9,44.0,58.1,52.8,112.7,No,No,No,1.616,0.472,3.6,49.0,40.5,37.0,35.5,35.5,38.0,37.0,12.168,4.990,1.004,1.348,1.194,0.788,0.834,1.560,3.344,1.834,1229,714,548,555,1.056,1.248,37,37,48,79.0,100.0,No,No,80665,102287,4.2,5.0,9.2,5.809,15.648,16380,9000,42.1,48.0,50.2,47,48,46,46,46,46,46,48,48,83.0,1.075,12.211,12.272,12.200,12.176,12.195,1559,1520,34.303,12.120,28.655,3.362,11.151,14.112,5.634,28.655,5.638,3.951,7.919,310.000,350.000,2010.0,101.2,1770.0,427.3,1905.0,1695.0,1424.7,70.7,1346.1,0.0,1.0,0.0,0.0,7.2,0.0,0.0,0.0,0.0,0.0,62,69,Yes,No,No,Yes,No,No,No,11.1,11.0,3,0,0,0,0,0,0,0,0,79,0,0,0,0,0,0,0,0,0,0,0,0,0,0,0,0,0,0,0,0,7599,593,423,24,5.0,2.4,5.3,1.9,1.9,1.9,1.9,2.4,5.3,1.9,1.9,1.9,1.9,410.87,532.67,189.60,183.59,533.00,533.00,0.79,410.11,410.87,0.00,116.75,318,16,3697.5,78.7,0,0,0.0,0.0,0,
25.8.2026,15:51:12.543,5293,13960,27.4,5567,10742,34.1,0.1,2944,2,1.204,1.194,1.206,1.206,1.206,1.206,1.206,4072.5,3620.0,4525.0,4525.0,3620.0,4525.0,3620.0,100.0,513.4,219.3,75.8,516.1,385.4,676.8,1346.3,794.3,37.5,733.9,1002.0,224.7,149.2,513.4,11.8,3.4,2.0,11.8,9.6,17.0,31.6,18.9,0.2,16.0,22.2,5.2,3.7,31.6,11.8,13.4,3.5,2.0,13.0,10.2,18.0,36.2,21.3,1.0,19.3,26.7,5.5,3.9,13.4,40.7,36.2,45.2,45.2,36.2,45.2,36.2,0.0,23.1,5.8,21.7,45.7,18.4,37.6,9.4,62.2,94.2,69.2,54.3,43.7,62.4,49.1,14.7,0.0,9.0,0.0,37.8,0.0,41.5,1600.0,16.00,16,18,18,36,74,560,1,50.4,45.7,50.2,39.3,38.1,38.5,42.2,38.9,41.3,36.9,36.5,36.5,34.5,30.7,1.188,0.994,1.200,15.552,5.287,15.557,17.584,38.902,2.285,1.425,2.216,3.605,1.963,3.224,1.275,18.452,5.255,23.708,38.893,1600.0,1600.0,4303.6,4303.6,4650.0,51.2,25.9,19.5,48.1,134.1,No,No,No,0.652,0.252,1.4,50.0,39.5,37.0,35.5,36.0,38.0,37.0,12.168,4.990,1.004,1.348,1.188,0.788,0.832,1.558,3.340,1.834,1298,715,547,544,1.056,1.252,37,37,47,79.0,100.0,No,No,80665,102287,0.1,2.1,2.2,0.272,9.328,16380,9018,53.4,54.0,63.2,52,52,52,52,52,52,52,52,54,83.0,0.894,12.055,12.131,12.052,12.047,11.990,1459,1451,39.137,121.236,265.748,41.535,121.489,102.709,43.992,265.748,44.017,41.603,164.282,310.000,350.000,1770.0,1156.5,1575.0,462.0,1695.0,1500.0,1771.0,1155.9,1695.7,82.0,34.0,0.0,0.0,18.7,0.0,0.0,0.0,0.0,0.0,61,68,Yes,Yes,No,No,No,No,No,99.9,99.0,3,0,0,0,0,0,0,0,0,80,0,0,0,0,0,0,0,0,0,0,0,0,0,0,0,0,0,0,0,0,6658,1534,1364,98,16.0,1.9,1.9,1.9,1.9,1.9,1.9,1.9,1.9,1.9,1.9,1.9,1.9,516.65,516.65,516.65,516.65,516.65,516.65,0.71,516.06,516.65,0.00,16.61,325,16,3520.5,101.0,0,0,0.0,0.0,0,
25.8.2026,15:51:14.547,7655,11598,39.7,6298,10011,38.6,0.1,2944,2,1.191,1.194,1.200,1.188,1.188,1.188,1.188,3921.7,3620.0,4525.0,3620.0,3620.0,4525.0,3620.0,100.0,554.0,251.2,63.9,286.7,299.6,817.6,1532.2,43.0,29.1,731.2,2296.3,168.2,129.4,554.0,12.2,4.3,1.6,5.7,6.9,18.0,34.1,0.0,2.2,16.1,50.6,3.8,3.0,50.6,12.2,14.6,4.7,1.7,7.4,7.6,21.8,41.1,1.1,0.7,19.5,61.5,4.3,3.3,14.6,39.2,36.2,45.2,36.2,36.2,45.2,36.2,0.0,24.6,6.3,13.9,52.0,1.7,66.7,7.3,61.4,93.7,86.1,48.0,15.3,33.3,92.1,13.9,0.0,0.0,0.0,83.0,0.0,0.6,1600.0,16.00,16,18,18,36,74,560,1,50.2,48.1,49.5,39.3,38.7,37.2,43.6,35.0,45.1,36.4,36.7,36.7,35.5,30.5,1.188,0.994,1.200,15.934,5.466,15.931,21.437,39.870,2.295,1.526,1.843,4.106,0.340,4.458,1.495,18.966,5.432,24.398,39.878,1600.0,1600.0,4519.4,4519.4,4650.0,52.5,26.6,23.8,50.6,137.4,No,No,No,1.063,0.722,1.5,50.0,39.5,37.0,35.5,36.0,38.0,37.0,12.048,4.950,1.004,1.348,1.190,0.788,0.832,1.546,3.300,1.834,1302,712,549,556,1.056,1.244,37,37,50,79.0,100.0,No,No,80665,102287,0.7,1.0,1.7,1.342,11.273,16383,9039,58.6,58.0,68.8,58,58,58,58,58,56,56,58,58,83.0,0.912,12.043,12.115,12.044,12.037,11.976,1415,1415,307.184,119.934,265.528,42.294,121.081,102.145,41.652,265.528,41.670,40.813,158.692,310.000,350.000,1785.0,1156.5,1590.0,1775.7,1710.0,1515.0,1785.1,1155.3,1710.4,100.0,26.0,0.0,0.0,18.7,25.0,100.0,0.0,0.0,0.0,62,69,Yes,Yes,No,No,No,No,No,99.1,103.3,3,0,0,0,0,0,0,0,0,80,0,0,0,0,0,0,0,0,0,0,0,0,0,0,0,0,0,0,0,0,6658,1534,1364,98,16.0,1.9,1.9,1.9,1.9,1.9,1.9,1.9,1.9,1.9,1.9,1.9,1.9,516.65,516.65,516.65,516.65,516.65,516.65,0.71,516.06,516.65,0.00,16.61,335,16,5122.9,133.1,0,0,0.0,0.0,0,
25.8.2026,15:51:16.553,7683,11570,39.9,6323,9986,38.7,0.1,2944,2,1.204,1.194,1.206,1.206,1.206,1.206,1.206,4374.2,3620.0,4525.0,4525.0,4525.0,4525.0,4525.0,100.0,854.5,505.2,209.8,642.3,585.3,631.8,2566.7,944.6,171.7,856.1,2394.1,371.4,374.9,854.5,18.5,6.6,4.0,14.2,12.1,13.6,56.7,26.0,3.4,17.9,52.4,7.6,7.4,56.7,18.5,22.0,7.8,5.0,16.4,14.9,16.7,69.1,25.3,4.4,21.9,63.9,9.1,9.2,22.0,43.7,36.2,45.2,45.2,45.2,45.2,45.2,0.0,35.7,12.0,25.4,67.8,24.6,68.0,16.6,56.5,88.0,74.6,32.2,32.1,32.0,79.9,7.8,0.0,0.0,0.0,43.4,0.0,3.4,1600.0,16.00,16,18,18,36,74,560,1,50.8,50.2,50.8,41.4,39.5,38.8,46.1,39.8,45.7,38.3,37.1,37.1,36.8,31.0,1.206,0.994,1.225,18.614,5.907,18.600,31.243,44.423,3.040,2.106,2.892,3.941,2.313,4.656,2.334,22.357,5.870,28.227,44.560,1600.0,1600.0,4525.0,4525.0,4650.0,58.6,31.0,34.7,52.8,122.5,No,No,No,0.633,0.340,2.1,50.0,40.5,37.0,35.5,36.0,38.0,37.0,12.048,4.940,1.004,1.348,1.206,0.788,0.832,1.546,3.292,1.834,1297,704,544,540,1.056,1.240,37,37,50,79.0,100.0,No,No,80665,102287,8.4,32.1,40.5,8.209,100.378,16398,9232,60.2,58.0,71.1,58,58,58,58,58,58,58,58,58,83.0,0.894,12.043,12.111,12.048,12.036,11.977,1484,1474,309.492,122.576,268.057,43.153,122.163,102.724,40.734,268.057,40.764,41.939,175.591,310.000,350.000,1770.0,1156.5,1560.0,1787.4,1680.0,1485.0,1769.8,1155.8,1679.5,100.0,24.0,0.0,0.0,18.7,25.0,100.0,0.0,0.0,0.0,65,71,Yes,Yes,No,No,No,No,No,99.6,97.1,3,0,0,0,0,0,0,0,0,80,0,0,0,0,0,0,0,0,0,0,0,0,0,0,0,0,0,0,0,0,6658,1534,1364,98,16.0,1.9,1.9,1.9,1.9,1.9,1.9,1.9,1.9,1.9,1.9,1.9,1.9,533.47,533.47,533.47,533.47,533.47,533.47,0.41,533.07,533.47,0.00,65.91,351,17,7911.6,129.3,0,0,0.0,0.0,0,
25.8.2026,15:51:18.575,7737,11517,40.1,6379,9930,39.1,0.1,2944,2,1.206,1.219,1.206,1.206,1.206,1.206,1.194,4072.5,3620.0,4525.0,4525.0,3620.0,4525.0,3620.0,100.0,1244.0,685.4,283.3,1188.4,925.1,1962.5,1851.7,2396.2,605.9,2374.5,1593.8,631.1,430.5,1244.0,26.8,9.9,6.1,26.1,20.2,43.0,40.8,53.0,13.3,52.2,34.5,13.9,9.1,53.0,26.8,32.5,11.3,7.2,31.5,24.5,52.5,49.8,64.6,16.2,63.7,42.1,16.5,10.8,32.5,40.7,36.2,45.2,45.2,36.2,45.2,36.2,0.0,51.5,16.3,45.0,78.9,63.8,81.6,23.4,48.4,83.7,55.0,21.1,36.2,18.4,75.9,0.1,0.0,0.0,0.0,0.0,0.0,0.6,1600.0,16.00,16,18,18,36,74,560,1,53.4,52.9,52.0,45.2,41.0,43.0,47.9,48.8,48.5,41.8,38.0,38.0,35.5,30.6,1.200,0.994,1.225,24.730,6.045,24.726,46.238,52.486,4.068,2.372,3.909,4.771,5.474,5.087,2.798,30.061,6.007,36.068,52.512,1600.0,1600.0,4525.0,4525.0,4650.0,69.1,41.2,51.4,55.7,123.0,No,No,No,1.645,0.704,3.1,53.0,40.5,37.5,35.5,36.5,38.0,37.5,12.048,4.940,1.004,1.348,1.214,0.786,0.832,1.544,3.296,1.834,1351,703,542,551,1.056,1.271,38,38,52,79.0,100.0,No,No,80665,102287,4.4,15.3,19.7,9.301,61.681,16416,9350,60.9,60.0,71.9,58,58,58,58,58,58,58,58,60,83.0,0.912,12.042,12.112,12.047,12.035,11.974,1587,1554,305.253,122.786,269.360,43.410,122.587,103.356,40.914,269.360,40.942,42.235,172.911,310.000,350.000,1785.0,1156.5,1590.0,1783.9,1710.0,1515.0,1785.5,1155.6,1710.0,100.0,24.0,0.0,0.0,18.7,25.0,100.0,0.0,0.0,0.0,67,73,Yes,Yes,No,No,No,No,No,101.8,104.0,3,0,0,0,0,0,0,0,0,80,0,0,0,0,0,0,0,0,0,0,0,0,0,0,0,0,0,0,0,0,6658,1534,1364,98,16.0,1.9,1.9,1.9,1.9,1.9,1.9,1.9,1.9,1.9,1.9,1.9,1.9,516.37,516.37,516.37,516.37,516.37,516.37,0.35,515.66,516.37,0.00,17.25,369,17,9493.7,140.0,0,0,0.0,0.0,0,
25.8.2026,15:51:20.583,7769,11484,40.3,6432,9877,39.4,0.1,2944,2,1.257,1.262,1.256,1.256,1.256,1.256,1.256,4030.0,3720.0,3720.0,4650.0,3720.0,4650.0,3720.0,100.0,1470.1,1023.0,462.2,956.3,1646.1,2854.8,2047.0,2165.3,406.6,1293.0,3173.2,807.6,806.7,1470.1,33.1,14.3,11.7,23.1,41.7,61.2,43.9,55.4,10.4,27.7,69.2,18.4,20.1,69.2,33.1,37.7,14.7,12.1,23.9,42.9,76.6,55.0,57.4,10.7,34.2,85.3,18.7,20.7,37.7,40.3,37.2,37.2,46.5,37.2,46.5,37.2,0.0,64.0,27.0,64.4,97.8,63.0,91.1,40.6,36.0,73.0,35.6,2.2,37.0,8.9,59.4,0.0,0.0,0.0,0.0,0.0,0.0,0.0,1600.0,16.00,16,18,18,36,74,560,1,56.4,55.9,55.5,48.2,44.0,45.0,54.3,48.9,53.0,44.2,39.2,39.2,36.2,30.8,1.256,0.994,1.281,29.574,6.033,29.573,57.585,59.666,5.414,3.406,5.395,6.408,5.368,7.813,4.092,37.203,5.995,43.198,59.669,1600.0,1600.0,4634.6,4634.6,4650.0,78.5,49.3,64.0,58.9,114.5,No,No,No,1.436,0.679,3.8,55.0,40.5,37.5,35.5,37.0,38.0,37.5,12.024,4.940,1.006,1.348,1.270,0.786,0.832,1.546,3.292,1.834,1401,690,543,551,1.056,1.241,38,38,53,79.0,100.0,No,No,80665,102288,23.9,26.4,50.3,7.368,29.845,16430,9407,58.7,60.0,69.4,60,58,60,60,58,60,60,60,60,83.0,0.975,12.067,12.148,12.061,12.050,12.011,1663,1604,308.626,106.019,230.230,35.388,105.301,89.518,41.895,230.230,41.915,37.070,142.621,310.000,350.000,1965.0,1156.5,1740.0,1780.2,1875.0,1665.0,1966.0,1155.3,1875.1,100.0,32.0,0.0,0.0,15.6,20.0,79.9,0.0,0.0,0.0,68,73,Yes,Yes,No,No,No,No,No,59.8,45.5,3,0,0,0,0,0,0,0,0,80,0,0,0,0,0,0,0,0,0,0,0,0,0,0,0,0,0,0,0,0,6914,1278,1108,98,16.0,1.9,1.9,1.9,1.9,1.9,1.9,1.9,1.9,1.9,1.9,1.9,1.9,533.31,533.31,533.31,533.31,533.31,533.31,0.35,532.98,533.31,0.00,0.10,393,17,12053.8,143.2,0,0,0.0,0.0,0,
25.8.2026,15:51:22.575,7744,11509,40.2,6487,9822,39.7,0.1,2944,2,1.246,1.244,1.256,1.244,1.244,1.244,1.244,4030.0,3720.0,3720.0,4650.0,3720.0,4650.0,3720.0,100.0,1384.3,851.9,300.0,965.1,1488.4,2576.3,2060.0,422.6,1776.9,3090.3,1590.2,787.3,703.1,1384.3,31.6,13.6,7.8,24.3,39.2,55.3,43.5,11.2,47.5,65.9,34.2,18.3,18.1,65.9,31.6,35.8,13.6,7.7,24.3,39.4,69.4,54.5,11.2,47.7,82.8,42.8,18.3,18.1,35.8,40.3,37.2,37.2,46.5,37.2,46.5,37.2,0.0,62.1,22.9,64.5,93.2,58.4,95.4,38.3,37.9,77.1,35.5,6.8,41.3,4.6,61.7,0.0,0.0,0.0,0.0,0.2,0.0,0.0,1600.0,16.00,16,18,18,36,74,560,1,57.2,56.0,53.2,48.1,43.8,44.8,54.2,48.4,53.6,44.1,39.4,39.4,37.8,32.2,1.244,0.994,1.269,28.991,6.054,28.992,55.891,59.132,5.247,3.115,5.198,7.437,5.031,6.814,3.890,36.637,6.016,42.653,59.145,1600.0,1600.0,4650.0,4650.0,4650.0,77.8,48.3,62.1,59.0,116.1,No,No,No,1.676,0.905,3.7,57.0,41.0,38.0,35.5,37.0,38.0,38.0,12.024,4.950,1.006,1.348,1.264,0.786,0.832,1.554,3.288,1.834,1444,702,543,551,1.057,1.245,38,38,54,79.0,100.0,No,No,80665,102288,65.0,34.8,99.8,57.961,43.123,16541,9489,47.0,56.0,56.2,54,56,54,54,54,54,54,54,54,83.0,0.669,12.181,12.271,12.156,12.147,12.148,1721,1648,119.552,21.108,43.843,1.927,23.122,18.767,25.523,43.843,25.548,1.222,6.177,310.000,350.000,450.0,625.2,900.0,2015.7,975.0,855.0,449.9,624.8,975.1,0.0,0.0,0.0,0.0,7.2,0.0,0.0,0.0,0.0,0.0,68,73,Yes,No,No,No,No,Yes,No,22.4,34.0,3,0,0,0,0,0,0,0,0,80,0,0,0,0,0,0,0,0,0,0,0,0,0,0,0,0,0,0,0,0,7599,593,423,24,16.0,1.9,1.9,1.9,1.9,1.9,1.9,1.9,1.9,1.9,1.9,1.9,1.9,532.99,532.99,532.99,532.99,532.99,532.99,0.38,532.46,532.99,0.00,16.24,414,17,10633.1,111.7,0,0,0.0,0.0,0,
25.8.2026,15:51:24.578,5492,13762,28.5,5874,10435,36.0,0.1,2944,2,1.266,1.269,1.269,1.269,1.262,1.262,1.262,4030.0,3720.0,3720.0,4650.0,3720.0,4650.0,3720.0,100.0,1289.9,975.6,315.4,1128.3,929.9,1250.3,2997.9,370.4,1717.3,1496.9,2846.8,855.7,594.7,1289.9,29.7,17.4,8.3,29.1,24.6,26.8,65.3,9.2,45.9,32.0,61.2,21.6,15.4,65.3,29.7,33.5,17.5,8.3,29.3,24.8,32.8,80.4,9.3,46.3,39.7,76.5,21.7,15.5,33.5,40.3,37.2,37.2,46.5,37.2,46.5,37.2,0.0,57.5,26.2,53.1,87.0,53.6,88.4,36.8,42.5,73.8,46.9,13.0,46.4,11.6,63.2,0.0,0.0,0.0,0.0,0.0,0.0,0.0,1600.0,16.00,16,18,18,36,74,560,1,58.2,56.2,61.5,47.8,44.5,44.2,53.8,47.0,53.0,44.2,39.6,39.6,35.8,30.8,1.275,0.994,1.300,28.770,6.103,28.752,51.778,58.837,5.127,3.155,4.447,7.452,4.539,7.481,3.690,36.339,6.065,42.405,58.912,1600.0,1600.0,4648.3,4648.3,4650.0,77.5,47.9,57.5,59.1,118.1,No,No,No,1.764,1.075,3.5,58.0,40.5,38.0,35.5,37.5,38.0,38.0,12.168,4.990,1.006,1.348,1.260,0.784,0.830,1.556,3.324,1.836,1486,693,544,541,1.056,1.266,38,38,52,79.0,100.0,No,No,80665,102288,47.2,9.2,56.4,44.403,20.726,16626,9529,44.9,52.0,54.2,52,52,52,52,52,52,52,52,54,83.0,0.675,12.186,12.274,12.162,12.152,12.154,1718,1638,68.085,20.525,42.691,1.841,22.573,18.241,25.280,42.691,25.297,1.206,4.906,310.000,350.000,300.0,625.2,930.0,358.7,1005.0,885.0,299.9,624.6,1005.2,1.0,0.0,0.0,0.0,7.2,0.0,0.0,0.0,0.0,0.0,66,72,Yes,No,No,No,No,Yes,No,22.1,33.9,3,0,0,0,0,0,0,0,0,80,0,0,0,0,0,0,0,0,0,0,0,0,0,0,0,0,0,0,0,0,7599,593,423,24,16.0,7.8,119.0,1.9,1.8,1.8,1.8,7.8,60.0,1.9,1.8,1.8,1.8,127.73,527.14,8.41,8.02,550.05,550.05,0.26,127.48,127.73,0.00,180.70,418,18,2150.8,56.5,0,0,0.0,0.0,0,
25.8.2026,15:51:26.598,5442,13811,28.2,5804,10505,35.5,0.1,2944,2,1.195,1.188,1.194,1.194,1.194,1.194,1.206,3921.7,3620.0,3620.0,4525.0,3620.0,4525.0,3620.0,100.0,789.6,499.8,221.5,383.1,728.9,722.9,2081.9,151.1,1646.9,580.7,1816.9,228.7,413.1,789.6,17.3,7.3,5.0,8.7,17.9,15.8,46.0,2.5,36.6,13.2,39.7,5.2,10.1,46.0,17.3,20.8,8.2,5.8,10.0,19.3,19.3,56.3,4.0,44.4,15.8,48.9,6.0,11.3,20.8,39.2,36.2,36.2,45.2,36.2,45.2,36.2,0.0,32.9,12.4,25.3,56.3,39.3,49.1,15.1,65.0,87.1,74.7,43.7,52.2,50.9,81.5,2.1,0.5,0.0,0.0,8.4,0.0,3.4,1600.0,16.00,16,18,18,36,74,560,1,58.1,54.6,49.8,43.9,41.5,41.0,47.5,45.3,46.9,41.0,38.5,38.5,36.0,31.1,1.206,0.994,1.219,21.169,6.069,21.205,29.330,48.641,3.344,2.103,2.787,4.781,3.809,4.418,2.166,25.965,6.031,31.997,48.446,1600.0,1600.0,4548.3,4548.3,4650.0,63.7,35.3,32.6,57.5,128.7,No,No,No,1.270,0.606,2.0,57.0,40.5,38.0,35.5,37.5,38.0,38.0,12.168,4.990,1.004,1.348,1.194,0.782,0.830,1.558,3.340,1.834,1466,710,546,542,1.056,1.250,38,38,54,79.0,100.0,No,No,80666,102288,3.9,3.8,7.6,7.259,37.035,16640,9599,42.1,50.0,49.6,48,50,48,48,48,48,48,48,48,83.0,0.662,12.205,12.270,12.191,12.170,12.188,1644,1583,20.465,6.466,14.042,1.239,6.559,6.231,5.924,14.042,5.936,1.109,3.108,310.000,350.000,210.0,101.2,825.0,168.6,900.0,795.0,210.1,101.0,900.0,1.0,1.0,0.0,0.0,7.2,0.0,0.0,0.0,0.0,0.0,63,70,Yes,No,No,No,No,Yes,No,6.4,7.8,3,0,0,0,0,0,0,0,0,81,0,0,0,0,0,0,0,0,0,0,0,0,0,0,0,0,0,0,0,0,7599,593,423,24,5.0,1.9,1.9,1.9,1.9,1.9,1.9,1.9,1.9,1.9,1.9,1.9,1.9,532.98,532.98,532.98,532.98,532.98,532.98,0.75,532.25,532.98,0.00,48.99,454,18,18394.7,94.0,0,0,0.0,0.0,0,
25.8.2026,15:51:28.599,5495,13759,28.5,5835,10474,35.7,0.1,2944,2,1.218,1.219,1.231,1.231,1.225,1.200,1.200,4525.0,4525.0,4525.0,4525.0,4525.0,4525.0,4525.0,100.0,1407.8,1257.6,679.4,1408.7,1099.1,2246.5,1746.0,1143.4,1109.3,1893.1,2317.5,1004.8,988.4,1407.8,30.4,19.3,15.3,31.2,24.1,49.4,38.2,26.1,24.8,41.3,50.7,22.0,22.1,50.7,30.4,36.4,22.5,17.9,37.1,28.7,59.9,46.2,30.6,29.6,50.1,61.6,26.1,26.2,36.4,45.2,45.2,45.2,45.2,45.2,45.2,45.2,0.0,50.6,28.9,46.1,72.9,41.5,77.6,36.7,48.3,71.1,53.9,27.1,52.3,22.4,63.1,1.1,0.0,0.0,0.0,6.2,0.0,0.3,1600.0,16.00,16,18,18,36,74,560,1,56.9,51.6,53.0,45.5,43.6,43.3,48.6,45.0,48.8,43.6,38.8,38.8,37.5,30.5,1.212,0.994,1.238,25.669,5.639,25.642,45.220,51.962,4.464,3.209,4.170,5.780,3.922,6.089,3.613,30.945,5.604,36.549,52.154,1600.0,1600.0,4516.8,4516.8,4649.9,68.6,42.7,50.2,54.3,115.5,No,No,No,2.308,0.909,3.0,57.0,40.5,38.0,35.5,37.5,38.0,38.0,12.168,5.000,1.004,1.348,1.214,0.784,0.830,1.558,3.340,1.834,1459,712,548,556,1.056,1.279,38,38,53,79.0,100.0,No,No,80666,102288,29.5,32.7,62.2,52.212,123.354,16740,9836,41.5,48.0,49.0,47,48,46,46,48,46,46,48,48,83.0,0.662,12.208,12.272,12.192,12.178,12.189,1536,1503,15.274,4.828,9.385,0.295,6.925,2.156,5.680,9.385,5.685,0.966,2.980,310.000,350.000,210.0,50.6,555.0,50.4,600.0,525.0,159.5,37.7,453.6,0.0,2.0,0.0,0.0,7.2,0.0,0.0,0.0,0.0,0.0,61,68,Yes,No,No,No,No,Yes,No,4.9,7.7,3,0,0,0,0,0,0,0,0,82,0,0,0,0,0,0,0,0,0,0,0,0,0,0,0,0,0,0,0,0,7599,593,423,24,2.5,1.9,1.9,1.9,1.9,1.9,1.9,1.9,1.9,1.9,1.9,1.9,1.9,533.27,533.27,533.27,533.27,533.27,533.27,1.16,532.22,533.27,0.00,0.13,490,18,18658.0,101.4,0,0,0.0,0.0,0,
25.8.2026,15:51:30.606,5536,13717,28.7,5887,10422,36.0,0.1,2944,2,1.194,1.188,1.188,1.188,1.206,1.194,1.200,4072.5,3620.0,4525.0,3620.0,3620.0,4525.0,4525.0,100.0,1198.8,1061.1,423.3,2085.9,862.8,1971.4,1801.3,363.7,294.6,1980.2,1798.1,973.4,769.5,1198.8,25.1,15.7,8.6,45.4,17.4,43.1,38.8,7.2,5.9,43.2,39.1,19.4,17.1,45.4,25.1,30.7,18.4,11.0,55.2,22.0,52.4,47.4,9.4,7.8,52.7,47.9,24.1,20.1,30.7,40.7,36.2,45.2,36.2,36.2,45.2,45.2,0.0,48.6,24.9,62.3,76.5,14.1,76.9,36.9,50.5,75.1,37.7,23.5,80.6,23.1,63.1,0.9,0.0,0.0,0.0,5.3,0.0,0.0,1600.0,16.00,16,18,18,36,74,560,1,55.8,50.4,49.8,45.1,43.5,45.4,48.7,41.0,48.6,43.2,39.0,39.0,35.8,31.1,1.200,0.994,1.212,24.592,5.011,24.618,43.663,49.870,4.251,2.915,4.954,5.987,2.197,5.911,3.539,29.496,4.985,34.482,49.687,1600.0,1600.0,4525.0,4525.0,4650.0,65.4,41.0,48.5,53.1,115.4,No,No,No,1.588,0.645,2.9,54.0,40.5,38.0,35.5,37.5,38.0,38.0,12.168,5.000,1.004,1.348,1.196,0.782,0.830,1.560,3.348,1.836,1477,714,548,556,1.056,1.262,38,38,53,79.0,100.0,No,No,80666,102288,8.9,10.0,18.8,5.207,69.554,16750,9969,40.7,48.0,48.3,46,48,46,46,46,46,46,46,48,83.0,0.662,12.207,12.271,12.191,12.177,12.188,1432,1436,15.305,4.870,9.508,0.282,6.998,2.216,5.704,9.508,5.706,0.947,2.961,310.000,350.000,210.0,50.6,555.0,48.4,600.0,525.0,158.9,37.6,452.0,0.0,2.0,0.0,0.0,7.2,0.0,0.1,0.0,0.0,0.0,60,67,Yes,No,No,No,No,Yes,No,4.9,7.6,3,0,0,0,0,0,0,0,0,82,0,0,0,0,0,0,0,0,0,0,0,0,0,0,0,0,0,0,0,0,7599,593,423,24,2.5,1.9,1.9,1.9,1.9,1.9,1.9,1.9,1.9,1.9,1.9,1.9,1.9,532.85,532.85,532.85,532.85,532.85,532.85,1.45,531.56,532.85,0.00,0.40,526,18,18125.0,71.0,0,0,0.0,0.0,0,
25.8.2026,15:51:32.617,5596,13657,29.0,5982,10327,36.6,0.1,2944,2,1.196,1.188,1.188,1.200,1.200,1.200,1.200,4374.2,3620.0,4525.0,4525.0,4525.0,4525.0,4525.0,100.0,722.0,444.7,185.5,531.2,432.8,3010.8,618.4,122.9,151.6,957.2,1614.0,326.0,268.6,722.0,15.9,7.0,5.3,10.9,9.8,66.2,13.1,3.1,4.5,20.4,35.3,8.2,6.4,66.2,15.9,18.5,7.3,4.8,12.3,11.1,80.7,15.6,3.1,4.0,25.6,42.7,8.2,7.0,18.5,43.7,36.2,45.2,45.2,45.2,45.2,45.2,0.0,30.2,10.7,20.6,76.8,5.9,54.1,12.8,57.4,77.7,74.9,23.2,51.1,45.9,71.4,12.5,11.6,4.5,0.0,42.9,0.0,15.8,1600.0,16.00,16,18,18,36,74,560,1,54.8,49.8,51.8,41.3,40.7,39.3,47.0,37.6,44.9,38.5,37.9,37.9,36.5,30.9,1.194,0.994,1.206,18.137,4.885,18.131,25.625,41.505,2.792,1.845,2.389,5.053,1.172,4.468,1.823,21.624,4.862,26.486,41.528,1600.0,1600.0,4523.6,4523.6,4650.0,54.6,30.2,28.5,52.5,128.7,No,No,No,1.134,0.461,1.8,53.0,40.5,38.0,35.5,37.5,38.0,38.0,12.168,5.000,1.004,1.348,1.188,0.782,0.830,1.562,3.340,1.834,1421,713,548,556,1.056,1.248,39,39,53,79.0,100.0,No,No,80666,102288,3.2,3.3,6.5,3.894,27.807,16758,10022,40.2,46.0,47.8,46,48,46,46,46,46,46,46,46,83.0,0.662,12.212,12.275,12.196,12.182,12.193,1369,1390,15.466,4.784,9.317,0.270,6.927,2.095,5.658,9.317,5.661,0.930,2.883,310.000,350.000,210.0,50.6,555.0,51.6,600.0,525.0,210.0,50.5,600.1,1.0,2.0,0.0,0.0,7.2,0.0,0.1,0.0,0.0,0.0,59,66,Yes,No,No,No,No,Yes,No,4.8,7.8,3,0,0,0,0,0,0,0,0,82,0,0,0,0,0,0,0,0,0,0,0,0,0,0,0,0,0,0,0,0,7599,593,423,24,2.5,1.9,1.9,1.9,1.9,1.9,1.9,1.9,1.9,1.9,1.9,1.9,1.9,532.85,532.85,532.85,532.85,532.85,532.85,1.45,531.56,532.85,0.00,0.40,555,18,15106.5,137.5,0,0,0.0,0.0,0,
25.8.2026,15:51:34.619,5620,13634,29.1,6063,10246,37.1,0.1,2944,2,1.201,1.188,1.200,1.200,1.194,1.212,1.212,3795.0,3620.0,3640.0,4550.0,3640.0,3660.0,3660.0,100.0,922.8,673.5,347.6,844.9,659.3,2385.0,1808.0,221.6,229.2,1396.5,1614.3,472.1,421.2,922.8,18.9,8.6,7.2,14.8,14.2,51.7,38.8,5.0,4.6,29.8,33.6,9.1,8.8,51.7,18.9,23.1,10.3,9.1,18.1,16.9,63.5,47.9,5.6,6.0,35.6,41.5,11.2,11.0,23.1,37.9,36.2,36.4,45.5,36.4,36.6,36.6,0.0,37.0,16.0,31.3,86.5,9.1,60.5,18.7,62.3,84.0,68.7,13.5,86.7,39.5,81.3,0.7,0.0,0.0,0.0,4.2,0.0,0.0,1600.0,16.00,16,18,18,36,74,560,1,53.8,49.3,51.2,42.5,42.1,40.4,47.9,39.3,45.2,40.1,38.4,38.4,36.5,31.6,1.231,0.994,1.244,21.092,4.876,21.096,33.170,45.094,3.639,2.459,3.236,6.667,1.976,4.978,2.518,25.161,4.854,30.015,45.110,1600.0,1600.0,4525.0,4525.0,4650.0,59.4,35.2,36.9,51.8,115.1,No,No,No,1.043,0.509,2.2,53.0,40.5,38.0,35.5,37.5,38.0,38.0,12.168,5.000,1.004,1.348,1.192,0.782,0.828,1.562,3.348,1.834,1400,710,549,544,1.057,1.264,39,39,54,79.0,100.0,No,No,80666,102288,2.6,3.6,6.2,3.466,51.761,16764,10122,40.0,46.0,47.6,46,46,46,46,46,44,46,46,46,83.0,0.662,12.210,12.275,12.194,12.180,12.191,826,769,15.224,4.674,9.054,0.098,6.817,2.119,5.571,9.054,5.574,0.922,2.854,310.000,350.000,210.0,50.6,555.0,47.2,600.0,525.0,177.8,42.3,508.2,1.0,4.0,0.0,0.0,7.2,0.0,0.1,0.0,0.0,0.0,0,0,Yes,No,No,No,No,Yes,No,4.7,8.3,3,0,0,0,0,0,0,0,0,82,0,0,0,0,0,0,0,0,0,0,0,0,0,0,0,0,0,0,0,0,7599,593,423,24,2.5,1.9,1.9,1.9,1.9,1.9,1.9,1.9,1.9,1.9,1.9,1.9,1.9,533.41,533.41,533.41,533.41,533.41,533.41,1.10,532.03,533.41,0.00,115.67,596,19,20558.5,208.7,0,0,0.0,0.0,0,
25.8.2026,15:51:36.611,5661,13592,29.4,5999,10310,36.7,0.1,2944,2,1.255,1.262,1.256,1.256,1.256,1.244,1.256,3867.5,3720.0,3700.0,4625.0,3720.0,3720.0,3720.0,100.0,1145.4,727.4,341.5,1103.5,661.7,3923.0,588.2,946.6,866.9,2565.4,874.9,749.2,395.9,1145.4,27.4,12.1,8.9,27.9,17.0,84.3,12.5,25.0,22.6,67.4,22.1,18.9,10.1,84.3,27.4,29.6,12.0,8.8,28.1,17.1,105.6,15.5,25.2,23.2,68.6,22.2,18.9,10.1,29.6,38.7,37.2,37.0,46.2,37.2,37.2,37.2,0.0,49.6,19.5,42.0,90.1,40.9,78.2,27.2,49.4,80.5,58.0,9.9,53.4,21.8,72.8,1.0,0.0,0.0,0.0,5.8,0.0,0.0,1600.0,16.00,16,18,18,36,74,560,1,54.1,52.7,52.2,45.6,43.3,42.8,51.5,44.9,48.4,42.5,39.4,39.4,34.8,31.3,1.256,0.994,1.275,25.629,4.952,25.611,44.668,52.025,4.502,2.831,3.921,7.449,3.897,5.743,3.171,32.113,4.928,37.041,52.141,1600.0,1600.0,4639.1,4639.1,4649.9,68.6,42.7,49.6,55.5,118.8,No,No,No,1.375,0.575,3.0,54.0,40.5,38.5,35.5,37.5,38.0,38.0,12.168,4.990,1.004,1.348,1.256,0.784,0.828,1.562,3.344,1.834,1380,709,549,543,1.057,1.253,39,39,53,79.0,100.0,No,No,80666,102288,8.0,7.0,15.1,12.272,102.196,16788,10318,39.6,46.0,47.2,46,46,44,46,46,44,46,46,46,83.0,0.662,12.208,12.275,12.192,12.177,12.189,0,0,14.982,5.594,11.140,0.123,7.474,3.531,6.314,11.140,6.324,0.918,3.384,310.000,350.000,210.0,50.6,555.0,50.9,600.0,525.0,210.0,50.5,600.0,0.0,4.0,0.0,0.0,7.2,0.1,0.3,0.0,0.0,0.0,0,0,Yes,No,No,No,No,Yes,No,5.6,8.2,3,0,0,0,0,0,0,0,0,82,0,0,0,0,0,0,0,0,0,0,0,0,0,0,0,0,0,0,0,0,7599,593,423,24,2.5,1.9,1.9,1.9,1.9,1.9,1.9,1.9,1.9,1.9,1.9,1.9,1.9,533.07,533.07,533.07,533.07,533.07,533.07,1.26,531.63,533.07,0.00,32.12,611,19,7497.2,143.3,0,0,0.0,0.0,0,
25.8.2026,15:51:38.599,5513,13740,28.6,5872,10437,36.0,0.1,2944,2,1.204,1.194,1.206,1.206,1.206,1.206,1.206,3921.7,3620.0,3620.0,4525.0,3620.0,4525.0,3620.0,100.0,832.7,472.8,189.4,565.1,452.6,1313.8,1412.4,850.9,1935.7,1364.4,862.9,290.9,282.0,832.7,19.3,8.4,4.7,13.5,11.0,28.9,30.5,20.0,45.6,32.8,21.2,7.3,7.2,45.6,19.3,21.9,8.8,4.9,14.6,11.6,35.1,37.7,22.8,52.3,36.3,23.2,7.7,7.3,21.9,39.2,36.2,36.2,45.2,36.2,45.2,36.2,0.0,36.0,12.0,23.6,55.6,62.9,49.0,13.2,59.3,88.0,74.9,44.4,37.1,51.0,60.2,4.7,0.0,1.4,0.0,0.0,0.0,26.6,1600.0,16.00,16,18,18,36,74,560,1,54.8,53.7,52.8,44.1,41.5,41.0,47.6,48.7,45.3,40.8,38.7,38.7,35.2,31.1,1.194,0.994,1.206,21.796,4.910,21.810,32.243,46.999,3.536,2.147,2.739,5.086,5.251,4.168,1.825,26.918,4.888,31.806,46.905,1600.0,1600.0,4564.2,4564.2,4650.0,61.7,36.4,35.8,56.5,126.5,No,No,No,1.351,0.686,2.2,54.0,40.5,38.5,35.5,38.0,38.0,38.5,12.192,5.000,1.004,1.348,1.198,0.784,0.828,1.560,3.348,1.834,1425,714,548,544,1.056,1.271,39,39,54,79.0,100.0,No,No,80666,102288,6.1,5.9,12.0,5.991,25.614,16799,10367,39.8,46.0,47.4,45,44,44,44,46,44,44,46,46,83.0,0.662,12.207,12.275,12.192,12.175,12.188,0,0,16.515,5.650,11.448,0.123,7.364,3.945,6.191,11.448,6.202,0.933,3.199,310.000,350.000,210.0,50.6,555.0,75.8,600.0,525.0,156.8,38.1,458.7,1.0,12.0,0.0,0.0,7.2,0.2,0.8,0.0,0.0,0.0,0,0,Yes,No,No,No,No,Yes,No,5.7,10.2,3,0,0,0,0,0,0,0,0,82,0,0,0,0,0,0,0,0,0,0,0,0,0,0,0,0,0,0,0,0,7600,592,422,25,2.5,2.0,2.1,1.9,1.9,1.9,1.9,2.0,2.1,1.9,1.9,1.9,1.9,501.91,532.76,471.06,470.50,533.39,533.39,1.87,500.67,501.91,0.00,33.40,620,19,4763.2,142.7,0,0,0.0,0.0,0,
Date,Time,"Virtual Memory Committed [MB]","Virtual Memory Available [MB]","Virtual Memory Load [%]","Physical Memory Used [MB]","Physical Memory Available [MB]","Physical Memory Load [%]","Page File Usage [%]","Page File Total [MB]","Page File Used [MB]","Core VIDs (avg) [V]","Core 0 VID [V]","Core 1 VID [V]","Core 2 VID [V]","Core 3 VID [V]","Core 4 VID [V]","Core 5 VID [V]","Core Clocks (avg) [MHz]","Core 0 Clock (perf #4/5) [MHz]","Core 1 Clock (perf #2/3) [MHz]","Core 2 Clock (perf #1/2) [MHz]","Core 3 Clock (perf #5/6) [MHz]","Core 4 Clock (perf #1/1) [MHz]","Core 5 Clock (perf #3/4) [MHz]","Bus Clock [MHz]","Core Effective Clocks (avg) [MHz]","Core 0 T0 Effective Clock [MHz]","Core 0 T1 Effective Clock [MHz]","Core 1 T0 Effective Clock [MHz]","Core 1 T1 Effective Clock [MHz]","Core 2 T0 Effective Clock [MHz]","Core 2 T1 Effective Clock [MHz]","Core 3 T0 Effective Clock [MHz]","Core 3 T1 Effective Clock [MHz]","Core 4 T0 Effective Clock [MHz]","Core 4 T1 Effective Clock [MHz]","Core 5 T0 Effective Clock [MHz]","Core 5 T1 Effective Clock [MHz]","Average Effective Clock [MHz]","Core Usage (avg) [%]","Core 0 T0 Usage [%]","Core 0 T1 Usage [%]","Core 1 T0 Usage [%]","Core 1 T1 Usage [%]","Core 2 T0 Usage [%]","Core 2 T1 Usage [%]","Core 3 T0 Usage [%]","Core 3 T1 Usage [%]","Core 4 T0 Usage [%]","Core 4 T1 Usage [%]","Core 5 T0 Usage [%]","Core 5 T1 Usage [%]","Max CPU/Thread Usage [%]","Total CPU Usage [%]","Core Utility (avg) [%]","Core 0 T0 Utility [%]","Core 0 T1 Utility [%]","Core 1 T0 Utility [%]","Core 1 T1 Utility [%]","Core 2 T0 Utility [%]","Core 2 T1 Utility [%]","Core 3 T0 Utility [%]","Core 3 T1 Utility [%]","Core 4 T0 Utility [%]","Core 4 T1 Utility [%]","Core 5 T0 Utility [%]","Core 5 T1 Utility [%]","Total CPU Utility [%]","Core Ratios (avg) [x]","Core 0 Ratio [x]","Core 1 Ratio [x]","Core 2 Ratio [x]","Core 3 Ratio [x]","Core 4 Ratio [x]","Core 5 Ratio [x]","Package C6 Residency [%]","Core C0 Residency (avg) [%]","Core 0 C0 Residency [%]","Core 1 C0 Residency [%]","Core 2 C0 Residency [%]","Core 3 C0 Residency [%]","Core 4 C0 Residency [%]","Core 5 C0 Residency [%]","Core C1 Residency (avg) [%]","Core 0 C1 Residency [%]","Core 1 C1 Residency [%]","Core 2 C1 Residency [%]","Core 3 C1 Residency [%]","Core 4 C1 Residency [%]","Core 5 C1 Residency [%]","Core C6 Residency (avg) [%]","Core 0 C6 Residency [%]","Core 1 C6 Residency [%]","Core 2 C6 Residency [%]","Core 3 C6 Residency [%]","Core 4 C6 Residency [%]","Core 5 C6 Residency [%]","Memory Clock [MHz]","Memory Clock Ratio [x]","Tcas [T]","Trcd [T]","Trp [T]","Tras [T]","Trc [T]","Trfc [T]","Command Rate [T]","CPU (Tctl/Tdie) [°C]","CPU Die (average) [°C]","CPU CCD1 (Tdie) [°C]","Core Temperatures (avg) [°C]","Core0 (CCD1) [°C]","Core1 (CCD1) [°C]","Core2 (CCD1) [°C]","Core3 (CCD1) [°C]","Core4 (CCD1) [°C]","Core5 (CCD1) [°C]","L3 Temperatures (avg) [°C]","L3 Cache (CCD1) [°C]","CPU IOD Hotspot [°C]","CPU IOD Average [°C]","CPU Core Voltage (SVI2 TFN) [V]","SoC Voltage (SVI2 TFN) [V]","CPU Core VID (Effective) [V]","CPU Core Current (SVI2 TFN) [A]","SoC Current (SVI2 TFN) [A]","CPU TDC [A]","CPU EDC [A]","CPU Package Power [W]","Core Powers (avg) [W]","Core 0 Power [W]","Core 1 Power [W]","Core 2 Power [W]","Core 3 Power [W]","Core 4 Power [W]","Core 5 Power [W]","CPU Core Power (SVI2 TFN) [W]","CPU SoC Power (SVI2 TFN) [W]","Core+SoC Power (SVI2 TFN) [W]","CPU PPT [W]","Infinity Fabric Clock (FCLK) [MHz]","Memory Controller Clock (UCLK) [MHz]","L3 Clocks (avg) [MHz]","L3 Cache (CCD1) [MHz]","Frequency Limit - Global [MHz]","CPU PPT Limit [%]","CPU TDC Limit [%]","CPU EDC Limit [%]","Thermal Limit [%]","Power Reporting Deviation (Accuracy) [%]","Thermal Throttling (HTC) [Yes/No]","Thermal Throttling (PROCHOT CPU) [Yes/No]","Thermal Throttling (PROCHOT EXT) [Yes/No]","DRAM Read Bandwidth [GB/s]","DRAM Write Bandwidth [GB/s]","Average Active Core Count []","CPU [°C]","System [°C]","MOS [°C]","Chipset [°C]","CPU Socket [°C]","PCIE_1 [°C]","T15 [°C]","+12V [V]","+5V [V]","CPU NB/SoC [V]","DRAM [V]","Vcore [V]","VIN5 [V]","VIN6 [V]","VIN7 [V]","+3.3V [V]","VTT [V]","CPU [RPM]","System 1 [RPM]","System 2 [RPM]","System 3 [RPM]","V1 [V]","V2 [V]","Drive Temperature [°C]","Drive Temperature 2 [°C]","Drive Temperature 3 [°C]","Drive Remaining Life [%]","Drive Available Spare [%]","Drive Failure [Yes/No]","Drive Warning [Yes/No]","Total Host Writes [GB]","Total Host Reads [GB]","Read Activity [%]","Write Activity [%]","Total Activity [%]","Read Rate [MB/s]","Write Rate [MB/s]","Read Total [MB]","Write Total [MB]","GPU Temperature [°C]","GPU Memory Junction Temperature [°C]","GPU Hot Spot Temperature [°C]","GPU Memory Chip Temperatures (avg) [°C]","GPU Memory A0 Temperature [°C]","GPU Memory A1 Temperature [°C]","GPU Memory B0 Temperature [°C]","GPU Memory B1 Temperature [°C]","GPU Memory C0 Temperature [°C]","GPU Memory C1 Temperature [°C]","GPU Memory D0 Temperature [°C]","GPU Memory D1 Temperature [°C]","GPU Thermal Limit [°C]","GPU Core Voltage [V]","GPU Rail Voltages (avg) [V]","GPU PCIe +12V Input Voltage [V]","GPU 8-pin #1 Input Voltage [V]","GPU 8-pin #2 Input Voltage [V]","GPU 6-pin #1 Input Voltage [V]","GPU Fan1 [RPM]","GPU Fan2 [RPM]","GPU Power [W]","GPU Rail Powers (avg) [W]","GPU Core (NVVDD) Input Power (sum) [W]","GPU PCIe +12V Input Power [W]","GPU 8-pin #1 Input Power [W]","GPU 8-pin #2 Input Power [W]","GPU 6-pin #1 Input Power [W]","GPU Core (NVVDD) Input Power (sum) [W]","GPU Input PP Source Power (sum) [W]","GPU Core (NVVDD) Output Power [W]","GPU Core (NVVDD) Output Power [W]","GPU Power Limit (rated) [W]","GPU Power Limit (max) [W]","GPU Clock [MHz]","GPU Memory Clock [MHz]","GPU Video Clock [MHz]","GPU Effective Clock [MHz]","GPU Crossbar Clock [MHz]","GPU System Domain Clock [MHz]","GPU Clock (measured) [MHz]","GPU Memory Clock (measured) [MHz]","GPU Crossbar Clock (measured) [MHz]","GPU Core Load [%]","GPU Memory Controller Load [%]","GPU Video Engine Load [%]","GPU Bus Load [%]","GPU Memory Usage [%]","GPU D3D Usages (avg) [%]","GPU D3D Usage [%]","GPU Video Decode 0 Usage [%]","GPU Video Encode 0 Usage [%]","GPU VR Usage [%]","GPU Fan1 [%]","GPU Fan2 [%]","GPU Performance Limiters (avg) [Yes/No]","Performance Limit - Power [Yes/No]","Performance Limit - Thermal [Yes/No]","Performance Limit - Reliability Voltage [Yes/No]","Performance Limit - Max Operating Voltage [Yes/No]","Performance Limit - Utilization [Yes/No]","Performance Limit - SLI GPUBoost Sync [Yes/No]","Total GPU Power [% of TDP] [%]","Total GPU Power (normalized) [% of TDP] [%]","PCI Express Error Counters (avg) []","Receiver Errors []","Replay Count []","Replay Rollover Count []","Bad DLLP Count []","Bad TLP Count []","LCRC Error Count []","NAKs Sent Count []","NAKs Received Count []","Recovery Count []","Correctable Error Count []","Non-Fatal Error Count []","Fatal Error Count []","Unsupported Request Count []","PCIe Lane 0 Errors []","PCIe Lane 1 Errors []","PCIe Lane 2 Errors []","PCIe Lane 3 Errors []","PCIe Lane 4 Errors []","PCIe Lane 5 Errors []","PCIe Lane 6 Errors []","PCIe Lane 7 Errors []","PCIe Lane 8 Errors []","PCIe Lane 9 Errors []","PCIe Lane 10 Errors []","PCIe Lane 11 Errors []","PCIe Lane 12 Errors []","PCIe Lane 13 Errors []","PCIe Lane 14 Errors []","PCIe Lane 15 Errors []","GPU Memory Available [MB]","GPU Memory Allocated [MB]","GPU D3D Memory Dedicated [MB]","GPU D3D Memory Dynamic [MB]","PCIe Link Speed [GT/s]","Framerate Presented (avg) [FPS]","Framerate Presented (99%) [FPS]","Framerate Presented (1%) [FPS]","Framerate Presented (0.1%) [FPS]","Framerate Presented (1% low) [FPS]","Framerate Presented (0.1% low) [FPS]","Framerate Displayed (avg) [FPS]","Framerate Displayed (99%) [FPS]","Framerate Displayed (1%) [FPS]","Framerate Displayed (0.1%) [FPS]","Framerate Displayed (1% low) [FPS]","Framerate Displayed (0.1% low) [FPS]","Frame Time Presented (avg) [ms]","Frame Time Presented (99%) [ms]","Frame Time Presented (1%) [ms]","Frame Time Presented (0.1%) [ms]","Frame Time Displayed (1% high) [ms]","Frame Time Displayed (0.1% high) [ms]","GPU Busy (avg) [ms]","GPU Wait (avg) [ms]","CPU Busy (avg) [ms]","CPU Wait (avg) [ms]","Animation Error (avg) [ms]","Total DL [MB]","Total UP [MB]","Current DL rate [KB/s]","Current UP rate [KB/s]","Total DL [MB]","Total UP [MB]","Current DL rate [KB/s]","Current UP rate [KB/s]","Total Errors []",
,,System: MSI MS-7C91,System: MSI MS-7C91,System: MSI MS-7C91,System: MSI MS-7C91,System: MSI MS-7C91,System: MSI MS-7C91,System: MSI MS-7C91,System: MSI MS-7C91,System: MSI MS-7C91,CPU [#0]: AMD Ryzen 5 5600X,CPU [#0]: AMD Ryzen 5 5600X,CPU [#0]: AMD Ryzen 5 5600X,CPU [#0]: AMD Ryzen 5 5600X,CPU [#0]: AMD Ryzen 5 5600X,CPU [#0]: AMD Ryzen 5 5600X,CPU [#0]: AMD Ryzen 5 5600X,CPU [#0]: AMD Ryzen 5 5600X,CPU [#0]: AMD Ryzen 5 5600X,CPU [#0]: AMD Ryzen 5 5600X,CPU [#0]: AMD Ryzen 5 5600X,CPU [#0]: AMD Ryzen 5 5600X,CPU [#0]: AMD Ryzen 5 5600X,CPU [#0]: AMD Ryzen 5 5600X,CPU [#0]: AMD Ryzen 5 5600X,CPU [#0]: AMD Ryzen 5 5600X,CPU [#0]: AMD Ryzen 5 5600X,CPU [#0]: AMD Ryzen 5 5600X,CPU [#0]: AMD Ryzen 5 5600X,CPU [#0]: AMD Ryzen 5 5600X,CPU [#0]: AMD Ryzen 5 5600X,CPU [#0]: AMD Ryzen 5 5600X,CPU [#0]: AMD Ryzen 5 5600X,CPU [#0]: AMD Ryzen 5 5600X,CPU [#0]: AMD Ryzen 5 5600X,CPU [#0]: AMD Ryzen 5 5600X,CPU [#0]: AMD Ryzen 5 5600X,CPU [#0]: AMD Ryzen 5 5600X,CPU [#0]: AMD Ryzen 5 5600X,CPU [#0]: AMD Ryzen 5 5600X,CPU [#0]: AMD Ryzen 5 5600X,CPU [#0]: AMD Ryzen 5 5600X,CPU [#0]: AMD Ryzen 5 5600X,CPU [#0]: AMD Ryzen 5 5600X,CPU [#0]: AMD Ryzen 5 5600X,CPU [#0]: AMD Ryzen 5 5600X,CPU [#0]: AMD Ryzen 5 5600X,CPU [#0]: AMD Ryzen 5 5600X,CPU [#0]: AMD Ryzen 5 5600X,CPU [#0]: AMD Ryzen 5 5600X,CPU [#0]: AMD Ryzen 5 5600X,CPU [#0]: AMD Ryzen 5 5600X,CPU [#0]: AMD Ryzen 5 5600X,CPU [#0]: AMD Ryzen 5 5600X,CPU [#0]: AMD Ryzen 5 5600X,CPU [#0]: AMD Ryzen 5 5600X,CPU [#0]: AMD Ryzen 5 5600X,CPU [#0]: AMD Ryzen 5 5600X,CPU [#0]: AMD Ryzen 5 5600X,CPU [#0]: AMD Ryzen 5 5600X,CPU [#0]: AMD Ryzen 5 5600X,CPU [#0]: AMD Ryzen 5 5600X,CPU [#0]: AMD Ryzen 5 5600X,CPU [#0]: AMD Ryzen 5 5600X,CPU [#0]: AMD Ryzen 5 5600X,CPU [#0]: AMD Ryzen 5 5600X,CPU [#0]: AMD Ryzen 5 5600X,CPU [#0]: AMD Ryzen 5 5600X,CPU [#0]: AMD Ryzen 5 5600X,CPU [#0]: AMD Ryzen 5 5600X,CPU [#0]: AMD Ryzen 5 5600X,CPU [#0]: AMD Ryzen 5 5600X,CPU [#0]: AMD Ryzen 5 5600X,CPU [#0]: AMD Ryzen 5 5600X,CPU [#0]: AMD Ryzen 5 5600X,CPU [#0]: AMD Ryzen 5 5600X: C-State Residency,CPU [#0]: AMD Ryzen 5 5600X: C-State Residency,CPU [#0]: AMD Ryzen 5 5600X: C-State Residency,CPU [#0]: AMD Ryzen 5 5600X: C-State Residency,CPU [#0]: AMD Ryzen 5 5600X: C-State Residency,CPU [#0]: AMD Ryzen 5 5600X: C-State Residency,CPU [#0]: AMD Ryzen 5 5600X: C-State Residency,CPU [#0]: AMD Ryzen 5 5600X: C-State Residency,CPU [#0]: AMD Ryzen 5 5600X: C-State Residency,CPU [#0]: AMD Ryzen 5 5600X: C-State Residency,CPU [#0]: AMD Ryzen 5 5600X: C-State Residency,CPU [#0]: AMD Ryzen 5 5600X: C-State Residency,CPU [#0]: AMD Ryzen 5 5600X: C-State Residency,CPU [#0]: AMD Ryzen 5 5600X: C-State Residency,CPU [#0]: AMD Ryzen 5 5600X: C-State Residency,CPU [#0]: AMD Ryzen 5 5600X: C-State Residency,CPU [#0]: AMD Ryzen 5 5600X: C-State Residency,CPU [#0]: AMD Ryzen 5 5600X: C-State Residency,CPU [#0]: AMD Ryzen 5 5600X: C-State Residency,CPU [#0]: AMD Ryzen 5 5600X: C-State Residency,CPU [#0]: AMD Ryzen 5 5600X: C-State Residency,CPU [#0]: AMD Ryzen 5 5600X: C-State Residency,Memory Timings,Memory Timings,Memory Timings,Memory Timings,Memory Timings,Memory Timings,Memory Timings,Memory Timings,Memory Timings,CPU [#0]: AMD Ryzen 5 5600X: Enhanced,CPU [#0]: AMD Ryzen 5 5600X: Enhanced,CPU [#0]: AMD Ryzen 5 5600X: Enhanced,CPU [#0]: AMD Ryzen 5 5600X: Enhanced,CPU [#0]: AMD Ryzen 5 5600X: Enhanced,CPU [#0]: AMD Ryzen 5 5600X: Enhanced,CPU [#0]: AMD Ryzen 5 5600X: Enhanced,CPU [#0]: AMD Ryzen 5 5600X: Enhanced,CPU [#0]: AMD Ryzen 5 5600X: Enhanced,CPU [#0]: AMD Ryzen 5 5600X: Enhanced,CPU [#0]: AMD Ryzen 5 5600X: Enhanced,CPU [#0]: AMD Ryzen 5 5600X: Enhanced,CPU [#0]: AMD Ryzen 5 5600X: Enhanced,CPU [#0]: AMD Ryzen 5 5600X: Enhanced,CPU [#0]: AMD Ryzen 5 5600X: Enhanced,CPU [#0]: AMD Ryzen 5 5600X: Enhanced,CPU [#0]: AMD Ryzen 5 5600X: Enhanced,CPU [#0]: AMD Ryzen 5 5600X: Enhanced,CPU [#0]: AMD Ryzen 5 5600X: Enhanced,CPU [#0]: AMD Ryzen 5 5600X: Enhanced,CPU [#0]: AMD Ryzen 5 5600X: Enhanced,CPU [#0]: AMD Ryzen 5 5600X: Enhanced,CPU [#0]: AMD Ryzen 5 5600X: Enhanced,CPU [#0]: AMD Ryzen 5 5600X: Enhanced,CPU [#0]: AMD Ryzen 5 5600X: Enhanced,CPU [#0]: AMD Ryzen 5 5600X: Enhanced,CPU [#0]: AMD Ryzen 5 5600X: Enhanced,CPU [#0]: AMD Ryzen 5 5600X: Enhanced,CPU [#0]: AMD Ryzen 5 5600X: Enhanced,CPU [#0]: AMD Ryzen 5 5600X: Enhanced,CPU [#0]: AMD Ryzen 5 5600X: Enhanced,CPU [#0]: AMD Ryzen 5 5600X: Enhanced,CPU [#0]: AMD Ryzen 5 5600X: Enhanced,CPU [#0]: AMD Ryzen 5 5600X: Enhanced,CPU [#0]: AMD Ryzen 5 5600X: Enhanced,CPU [#0]: AMD Ryzen 5 5600X: Enhanced,CPU [#0]: AMD Ryzen 5 5600X: Enhanced,CPU [#0]: AMD Ryzen 5 5600X: Enhanced,CPU [#0]: AMD Ryzen 5 5600X: Enhanced,CPU [#0]: AMD Ryzen 5 5600X: Enhanced,CPU [#0]: AMD Ryzen 5 5600X: Enhanced,CPU [#0]: AMD Ryzen 5 5600X: Enhanced,CPU [#0]: AMD Ryzen 5 5600X: Enhanced,CPU [#0]: AMD Ryzen 5 5600X: Enhanced,CPU [#0]: AMD Ryzen 5 5600X: Enhanced,CPU [#0]: AMD Ryzen 5 5600X: Enhanced,CPU [#0]: AMD Ryzen 5 5600X: Enhanced,CPU [#0]: AMD Ryzen 5 5600X: Enhanced,CPU [#0]: AMD Ryzen 5 5600X: Enhanced,MSI MPG B550 GAMING EDGE WIFI (MS-7C91) (Nuvoton NCT6687D),MSI MPG B550 GAMING EDGE WIFI (MS-7C91) (Nuvoton NCT6687D),MSI MPG B550 GAMING EDGE WIFI (MS-7C91) (Nuvoton NCT6687D),MSI MPG B550 GAMING EDGE WIFI (MS-7C91) (Nuvoton NCT6687D),MSI MPG B550 GAMING EDGE WIFI (MS-7C91) (Nuvoton NCT6687D),MSI MPG B550 GAMING EDGE WIFI (MS-7C91) (Nuvoton NCT6687D),MSI MPG B550 GAMING EDGE WIFI (MS-7C91) (Nuvoton NCT6687D),MSI MPG B550 GAMING EDGE WIFI (MS-7C91) (Nuvoton NCT6687D),MSI MPG B550 GAMING EDGE WIFI (MS-7C91) (Nuvoton NCT6687D),MSI MPG B550 GAMING EDGE WIFI (MS-7C91) (Nuvoton NCT6687D),MSI MPG B550 GAMING EDGE WIFI (MS-7C91) (Nuvoton NCT6687D),MSI MPG B550 GAMING EDGE WIFI (MS-7C91) (Nuvoton NCT6687D),MSI MPG B550 GAMING EDGE WIFI (MS-7C91) (Nuvoton NCT6687D),MSI MPG B550 GAMING EDGE WIFI (MS-7C91) (Nuvoton NCT6687D),MSI MPG B550 GAMING EDGE WIFI (MS-7C91) (Nuvoton NCT6687D),MSI MPG B550 GAMING EDGE WIFI (MS-7C91) (Nuvoton NCT6687D),MSI MPG B550 GAMING EDGE WIFI (MS-7C91) (Nuvoton NCT6687D),MSI MPG B550 GAMING EDGE WIFI (MS-7C91) (Nuvoton NCT6687D),MSI MPG B550 GAMING EDGE WIFI (MS-7C91) (Nuvoton NCT6687D),MSI MPG B550 GAMING EDGE WIFI (MS-7C91) (Nuvoton NCT6687D),MSI MPG B550 GAMING EDGE WIFI (MS-7C91) (Nuvoton NCT6687D),NUC126,NUC126,S.M.A.R.T.: Samsung SSD 980 500GB (S64ENG0R600254D) [C:],S.M.A.R.T.: Samsung SSD 980 500GB (S64ENG0R600254D) [C:],S.M.A.R.T.: Samsung SSD 980 500GB (S64ENG0R600254D) [C:],S.M.A.R.T.: Samsung SSD 980 500GB (S64ENG0R600254D) [C:],S.M.A.R.T.: Samsung SSD 980 500GB (S64ENG0R600254D) [C:],S.M.A.R.T.: Samsung SSD 980 500GB (S64ENG0R600254D) [C:],S.M.A.R.T.: Samsung SSD 980 500GB (S64ENG0R600254D) [C:],S.M.A.R.T.: Samsung SSD 980 500GB (S64ENG0R600254D) [C:],S.M.A.R.T.: Samsung SSD 980 500GB (S64ENG0R600254D) [C:],Drive: Samsung SSD 980 500GB (S64ENG0R600254D) [C:],Drive: Samsung SSD 980 500GB (S64ENG0R600254D) [C:],Drive: Samsung SSD 980 500GB (S64ENG0R600254D) [C:],Drive: Samsung SSD 980 500GB (S64ENG0R600254D) [C:],Drive: Samsung SSD 980 500GB (S64ENG0R600254D) [C:],Drive: Samsung SSD 980 500GB (S64ENG0R600254D) [C:],Drive: Samsung SSD 980 500GB (S64ENG0R600254D) [C:],dGPU [#0]: NVIDIA GeForce RTX 3070 Ti: GIGABYTE AORUS GeForce RTX 3070 Ti MASTER 8G (GV-N307TAORUS M-8GD),dGPU [#0]: NVIDIA GeForce RTX 3070 Ti: GIGABYTE AORUS GeForce RTX 3070 Ti MASTER 8G (GV-N307TAORUS M-8GD),dGPU [#0]: NVIDIA GeForce RTX 3070 Ti: GIGABYTE AORUS GeForce RTX 3070 Ti MASTER 8G (GV-N307TAORUS M-8GD),dGPU [#0]: NVIDIA GeForce RTX 3070 Ti: GIGABYTE AORUS GeForce RTX 3070 Ti MASTER 8G (GV-N307TAORUS M-8GD),dGPU [#0]: NVIDIA GeForce RTX 3070 Ti: GIGABYTE AORUS GeForce RTX 3070 Ti MASTER 8G (GV-N307TAORUS M-8GD),dGPU [#0]: NVIDIA GeForce RTX 3070 Ti: GIGABYTE AORUS GeForce RTX 3070 Ti MASTER 8G (GV-N307TAORUS M-8GD),dGPU [#0]: NVIDIA GeForce RTX 3070 Ti: GIGABYTE AORUS GeForce RTX 3070 Ti MASTER 8G (GV-N307TAORUS M-8GD),dGPU [#0]: NVIDIA GeForce RTX 3070 Ti: GIGABYTE AORUS GeForce RTX 3070 Ti MASTER 8G (GV-N307TAORUS M-8GD),dGPU [#0]: NVIDIA GeForce RTX 3070 Ti: GIGABYTE AORUS GeForce RTX 3070 Ti MASTER 8G (GV-N307TAORUS M-8GD),dGPU [#0]: NVIDIA GeForce RTX 3070 Ti: GIGABYTE AORUS GeForce RTX 3070 Ti MASTER 8G (GV-N307TAORUS M-8GD),dGPU [#0]: NVIDIA GeForce RTX 3070 Ti: GIGABYTE AORUS GeForce RTX 3070 Ti MASTER 8G (GV-N307TAORUS M-8GD),dGPU [#0]: NVIDIA GeForce RTX 3070 Ti: GIGABYTE AORUS GeForce RTX 3070 Ti MASTER 8G (GV-N307TAORUS M-8GD),dGPU [#0]: NVIDIA GeForce RTX 3070 Ti: GIGABYTE AORUS GeForce RTX 3070 Ti MASTER 8G (GV-N307TAORUS M-8GD),dGPU [#0]: NVIDIA GeForce RTX 3070 Ti: GIGABYTE AORUS GeForce RTX 3070 Ti MASTER 8G (GV-N307TAORUS M-8GD),dGPU [#0]: NVIDIA GeForce RTX 3070 Ti: GIGABYTE AORUS GeForce RTX 3070 Ti MASTER 8G (GV-N307TAORUS M-8GD),dGPU [#0]: NVIDIA GeForce RTX 3070 Ti: GIGABYTE AORUS GeForce RTX 3070 Ti MASTER 8G (GV-N307TAORUS M-8GD),dGPU [#0]: NVIDIA GeForce RTX 3070 Ti: GIGABYTE AORUS GeForce RTX 3070 Ti MASTER 8G (GV-N307TAORUS M-8GD),dGPU [#0]: NVIDIA GeForce RTX 3070 Ti: GIGABYTE AORUS GeForce RTX 3070 Ti MASTER 8G (GV-N307TAORUS M-8GD),dGPU [#0]: NVIDIA GeForce RTX 3070 Ti: GIGABYTE AORUS GeForce RTX 3070 Ti MASTER 8G (GV-N307TAORUS M-8GD),dGPU [#0]: NVIDIA GeForce RTX 3070 Ti: GIGABYTE AORUS GeForce RTX 3070 Ti MASTER 8G (GV-N307TAORUS M-8GD),dGPU [#0]: NVIDIA GeForce RTX 3070 Ti: GIGABYTE AORUS GeForce RTX 3070 Ti MASTER 8G (GV-N307TAORUS M-8GD),dGPU [#0]: NVIDIA GeForce RTX 3070 Ti: GIGABYTE AORUS GeForce RTX 3070 Ti MASTER 8G (GV-N307TAORUS M-8GD),dGPU [#0]: NVIDIA GeForce RTX 3070 Ti: GIGABYTE AORUS GeForce RTX 3070 Ti MASTER 8G (GV-N307TAORUS M-8GD),dGPU [#0]: NVIDIA GeForce RTX 3070 Ti: GIGABYTE AORUS GeForce RTX 3070 Ti MASTER 8G (GV-N307TAORUS M-8GD),dGPU [#0]: NVIDIA GeForce RTX 3070 Ti: GIGABYTE AORUS GeForce RTX 3070 Ti MASTER 8G (GV-N307TAORUS M-8GD),dGPU [#0]: NVIDIA GeForce RTX 3070 Ti: GIGABYTE AORUS GeForce RTX 3070 Ti MASTER 8G (GV-N307TAORUS M-8GD),dGPU [#0]: NVIDIA GeForce RTX 3070 Ti: GIGABYTE AORUS GeForce RTX 3070 Ti MASTER 8G (GV-N307TAORUS M-8GD),dGPU [#0]: NVIDIA GeForce RTX 3070 Ti: GIGABYTE AORUS GeForce RTX 3070 Ti MASTER 8G (GV-N307TAORUS M-8GD),dGPU [#0]: NVIDIA GeForce RTX 3070 Ti: GIGABYTE AORUS GeForce RTX 3070 Ti MASTER 8G (GV-N307TAORUS M-8GD),dGPU [#0]: NVIDIA GeForce RTX 3070 Ti: GIGABYTE AORUS GeForce RTX 3070 Ti MASTER 8G (GV-N307TAORUS M-8GD),dGPU [#0]: NVIDIA GeForce RTX 3070 Ti: GIGABYTE AORUS GeForce RTX 3070 Ti MASTER 8G (GV-N307TAORUS M-8GD),dGPU [#0]: NVIDIA GeForce RTX 3070 Ti: GIGABYTE AORUS GeForce RTX 3070 Ti MASTER 8G (GV-N307TAORUS M-8GD),dGPU [#0]: NVIDIA GeForce RTX 3070 Ti: GIGABYTE AORUS GeForce RTX 3070 Ti MASTER 8G (GV-N307TAORUS M-8GD),dGPU [#0]: NVIDIA GeForce RTX 3070 Ti: GIGABYTE AORUS GeForce RTX 3070 Ti MASTER 8G (GV-N307TAORUS M-8GD),dGPU [#0]: NVIDIA GeForce RTX 3070 Ti: GIGABYTE AORUS GeForce RTX 3070 Ti MASTER 8G (GV-N307TAORUS M-8GD),dGPU [#0]: NVIDIA GeForce RTX 3070 Ti: GIGABYTE AORUS GeForce RTX 3070 Ti MASTER 8G (GV-N307TAORUS M-8GD),dGPU [#0]: NVIDIA GeForce RTX 3070 Ti: GIGABYTE AORUS GeForce RTX 3070 Ti MASTER 8G (GV-N307TAORUS M-8GD),dGPU [#0]: NVIDIA GeForce RTX 3070 Ti: GIGABYTE AORUS GeForce RTX 3070 Ti MASTER 8G (GV-N307TAORUS M-8GD),dGPU [#0]: NVIDIA GeForce RTX 3070 Ti: GIGABYTE AORUS GeForce RTX 3070 Ti MASTER 8G (GV-N307TAORUS M-8GD),dGPU [#0]: NVIDIA GeForce RTX 3070 Ti: GIGABYTE AORUS GeForce RTX 3070 Ti MASTER 8G (GV-N307TAORUS M-8GD),dGPU [#0]: NVIDIA GeForce RTX 3070 Ti: GIGABYTE AORUS GeForce RTX 3070 Ti MASTER 8G (GV-N307TAORUS M-8GD),dGPU [#0]: NVIDIA GeForce RTX 3070 Ti: GIGABYTE AORUS GeForce RTX 3070 Ti MASTER 8G (GV-N307TAORUS M-8GD),dGPU [#0]: NVIDIA GeForce RTX 3070 Ti: GIGABYTE AORUS GeForce RTX 3070 Ti MASTER 8G (GV-N307TAORUS M-8GD),dGPU [#0]: NVIDIA GeForce RTX 3070 Ti: GIGABYTE AORUS GeForce RTX 3070 Ti MASTER 8G (GV-N307TAORUS M-8GD),dGPU [#0]: NVIDIA GeForce RTX 3070 Ti: GIGABYTE AORUS GeForce RTX 3070 Ti MASTER 8G (GV-N307TAORUS M-8GD),dGPU [#0]: NVIDIA GeForce RTX 3070 Ti: GIGABYTE AORUS GeForce RTX 3070 Ti MASTER 8G (GV-N307TAORUS M-8GD),dGPU [#0]: NVIDIA GeForce RTX 3070 Ti: GIGABYTE AORUS GeForce RTX 3070 Ti MASTER 8G (GV-N307TAORUS M-8GD),dGPU [#0]: NVIDIA GeForce RTX 3070 Ti: GIGABYTE AORUS GeForce RTX 3070 Ti MASTER 8G (GV-N307TAORUS M-8GD),dGPU [#0]: NVIDIA GeForce RTX 3070 Ti: GIGABYTE AORUS GeForce RTX 3070 Ti MASTER 8G (GV-N307TAORUS M-8GD),dGPU [#0]: NVIDIA GeForce RTX 3070 Ti: GIGABYTE AORUS GeForce RTX 3070 Ti MASTER 8G (GV-N307TAORUS M-8GD),dGPU [#0]: NVIDIA GeForce RTX 3070 Ti: GIGABYTE AORUS GeForce RTX 3070 Ti MASTER 8G (GV-N307TAORUS M-8GD),dGPU [#0]: NVIDIA GeForce RTX 3070 Ti: GIGABYTE AORUS GeForce RTX 3070 Ti MASTER 8G (GV-N307TAORUS M-8GD),dGPU [#0]: NVIDIA GeForce RTX 3070 Ti: GIGABYTE AORUS GeForce RTX 3070 Ti MASTER 8G (GV-N307TAORUS M-8GD),dGPU [#0]: NVIDIA GeForce RTX 3070 Ti: GIGABYTE AORUS GeForce RTX 3070 Ti MASTER 8G (GV-N307TAORUS M-8GD),dGPU [#0]: NVIDIA GeForce RTX 3070 Ti: GIGABYTE AORUS GeForce RTX 3070 Ti MASTER 8G (GV-N307TAORUS M-8GD),dGPU [#0]: NVIDIA GeForce RTX 3070 Ti: GIGABYTE AORUS GeForce RTX 3070 Ti MASTER 8G (GV-N307TAORUS M-8GD),dGPU [#0]: NVIDIA GeForce RTX 3070 Ti: GIGABYTE AORUS GeForce RTX 3070 Ti MASTER 8G (GV-N307TAORUS M-8GD),dGPU [#0]: NVIDIA GeForce RTX 3070 Ti: GIGABYTE AORUS GeForce RTX 3070 Ti MASTER 8G (GV-N307TAORUS M-8GD),dGPU [#0]: NVIDIA GeForce RTX 3070 Ti: GIGABYTE AORUS GeForce RTX 3070 Ti MASTER 8G (GV-N307TAORUS M-8GD),dGPU [#0]: NVIDIA GeForce RTX 3070 Ti: GIGABYTE AORUS GeForce RTX 3070 Ti MASTER 8G (GV-N307TAORUS M-8GD),dGPU [#0]: NVIDIA GeForce RTX 3070 Ti: GIGABYTE AORUS GeForce RTX 3070 Ti MASTER 8G (GV-N307TAORUS M-8GD),dGPU [#0]: NVIDIA GeForce RTX 3070 Ti: GIGABYTE AORUS GeForce RTX 3070 Ti MASTER 8G (GV-N307TAORUS M-8GD),dGPU [#0]: NVIDIA GeForce RTX 3070 Ti: GIGABYTE AORUS GeForce RTX 3070 Ti MASTER 8G (GV-N307TAORUS M-8GD),dGPU [#0]: NVIDIA GeForce RTX 3070 Ti: GIGABYTE AORUS GeForce RTX 3070 Ti MASTER 8G (GV-N307TAORUS M-8GD),dGPU [#0]: NVIDIA GeForce RTX 3070 Ti: GIGABYTE AORUS GeForce RTX 3070 Ti MASTER 8G (GV-N307TAORUS M-8GD),dGPU [#0]: NVIDIA GeForce RTX 3070 Ti: GIGABYTE AORUS GeForce RTX 3070 Ti MASTER 8G (GV-N307TAORUS M-8GD),dGPU [#0]: NVIDIA GeForce RTX 3070 Ti: GIGABYTE AORUS GeForce RTX 3070 Ti MASTER 8G (GV-N307TAORUS M-8GD),dGPU [#0]: NVIDIA GeForce RTX 3070 Ti: GIGABYTE AORUS GeForce RTX 3070 Ti MASTER 8G (GV-N307TAORUS M-8GD),dGPU [#0]: NVIDIA GeForce RTX 3070 Ti: GIGABYTE AORUS GeForce RTX 3070 Ti MASTER 8G (GV-N307TAORUS M-8GD),dGPU [#0]: NVIDIA GeForce RTX 3070 Ti: GIGABYTE AORUS GeForce RTX 3070 Ti MASTER 8G (GV-N307TAORUS M-8GD),dGPU [#0]: NVIDIA GeForce RTX 3070 Ti: GIGABYTE AORUS GeForce RTX 3070 Ti MASTER 8G (GV-N307TAORUS M-8GD),dGPU [#0]: NVIDIA GeForce RTX 3070 Ti: GIGABYTE AORUS GeForce RTX 3070 Ti MASTER 8G (GV-N307TAORUS M-8GD),dGPU [#0]: NVIDIA GeForce RTX 3070 Ti: GIGABYTE AORUS GeForce RTX 3070 Ti MASTER 8G (GV-N307TAORUS M-8GD),dGPU [#0]: NVIDIA GeForce RTX 3070 Ti: GIGABYTE AORUS GeForce RTX 3070 Ti MASTER 8G (GV-N307TAORUS M-8GD),dGPU [#0]: NVIDIA GeForce RTX 3070 Ti: GIGABYTE AORUS GeForce RTX 3070 Ti MASTER 8G (GV-N307TAORUS M-8GD),dGPU [#0]: NVIDIA GeForce RTX 3070 Ti: GIGABYTE AORUS GeForce RTX 3070 Ti MASTER 8G (GV-N307TAORUS M-8GD),dGPU [#0]: NVIDIA GeForce RTX 3070 Ti: GIGABYTE AORUS GeForce RTX 3070 Ti MASTER 8G (GV-N307TAORUS M-8GD),dGPU [#0]: NVIDIA GeForce RTX 3070 Ti: GIGABYTE AORUS GeForce RTX 3070 Ti MASTER 8G (GV-N307TAORUS M-8GD),dGPU [#0]: NVIDIA GeForce RTX 3070 Ti: GIGABYTE AORUS GeForce RTX 3070 Ti MASTER 8G (GV-N307TAORUS M-8GD),dGPU [#0]: NVIDIA GeForce RTX 3070 Ti: GIGABYTE AORUS GeForce RTX 3070 Ti MASTER 8G (GV-N307TAORUS M-8GD),dGPU [#0]: NVIDIA GeForce RTX 3070 Ti: GIGABYTE AORUS GeForce RTX 3070 Ti MASTER 8G (GV-N307TAORUS M-8GD),dGPU [#0]: NVIDIA GeForce RTX 3070 Ti: GIGABYTE AORUS GeForce RTX 3070 Ti MASTER 8G (GV-N307TAORUS M-8GD),dGPU [#0]: NVIDIA GeForce RTX 3070 Ti: GIGABYTE AORUS GeForce RTX 3070 Ti MASTER 8G (GV-N307TAORUS M-8GD),dGPU [#0]: NVIDIA GeForce RTX 3070 Ti: GIGABYTE AORUS GeForce RTX 3070 Ti MASTER 8G (GV-N307TAORUS M-8GD),dGPU [#0]: NVIDIA GeForce RTX 3070 Ti: GIGABYTE AORUS GeForce RTX 3070 Ti MASTER 8G (GV-N307TAORUS M-8GD),dGPU [#0]: NVIDIA GeForce RTX 3070 Ti: GIGABYTE AORUS GeForce RTX 3070 Ti MASTER 8G (GV-N307TAORUS M-8GD),dGPU [#0]: NVIDIA GeForce RTX 3070 Ti: GIGABYTE AORUS GeForce RTX 3070 Ti MASTER 8G (GV-N307TAORUS M-8GD),dGPU [#0]: NVIDIA GeForce RTX 3070 Ti: GIGABYTE AORUS GeForce RTX 3070 Ti MASTER 8G (GV-N307TAORUS M-8GD),dGPU [#0]: NVIDIA GeForce RTX 3070 Ti: GIGABYTE AORUS GeForce RTX 3070 Ti MASTER 8G (GV-N307TAORUS M-8GD),dGPU [#0]: NVIDIA GeForce RTX 3070 Ti: GIGABYTE AORUS GeForce RTX 3070 Ti MASTER 8G (GV-N307TAORUS M-8GD),dGPU [#0]: NVIDIA GeForce RTX 3070 Ti: GIGABYTE AORUS GeForce RTX 3070 Ti MASTER 8G (GV-N307TAORUS M-8GD),dGPU [#0]: NVIDIA GeForce RTX 3070 Ti: GIGABYTE AORUS GeForce RTX 3070 Ti MASTER 8G (GV-N307TAORUS M-8GD),dGPU [#0]: NVIDIA GeForce RTX 3070 Ti: GIGABYTE AORUS GeForce RTX 3070 Ti MASTER 8G (GV-N307TAORUS M-8GD),dGPU [#0]: NVIDIA GeForce RTX 3070 Ti: GIGABYTE AORUS GeForce RTX 3070 Ti MASTER 8G (GV-N307TAORUS M-8GD),dGPU [#0]: NVIDIA GeForce RTX 3070 Ti: GIGABYTE AORUS GeForce RTX 3070 Ti MASTER 8G (GV-N307TAORUS M-8GD),dGPU [#0]: NVIDIA GeForce RTX 3070 Ti: GIGABYTE AORUS GeForce RTX 3070 Ti MASTER 8G (GV-N307TAORUS M-8GD),dGPU [#0]: NVIDIA GeForce RTX 3070 Ti: GIGABYTE AORUS GeForce RTX 3070 Ti MASTER 8G (GV-N307TAORUS M-8GD),dGPU [#0]: NVIDIA GeForce RTX 3070 Ti: GIGABYTE AORUS GeForce RTX 3070 Ti MASTER 8G (GV-N307TAORUS M-8GD),dGPU [#0]: NVIDIA GeForce RTX 3070 Ti: GIGABYTE AORUS GeForce RTX 3070 Ti MASTER 8G (GV-N307TAORUS M-8GD),PresentMon [dwm.exe],PresentMon [dwm.exe],PresentMon [dwm.exe],PresentMon [dwm.exe],PresentMon [dwm.exe],PresentMon [dwm.exe],PresentMon [dwm.exe],PresentMon [dwm.exe],PresentMon [dwm.exe],PresentMon [dwm.exe],PresentMon [dwm.exe],PresentMon [dwm.exe],PresentMon [dwm.exe],PresentMon [dwm.exe],PresentMon [dwm.exe],PresentMon [dwm.exe],PresentMon [dwm.exe],PresentMon [dwm.exe],PresentMon [dwm.exe],PresentMon [dwm.exe],PresentMon [dwm.exe],PresentMon [dwm.exe],PresentMon [dwm.exe],Network: Intel Wi-Fi 6 AX200 160MHz - Wi-Fi,Network: Intel Wi-Fi 6 AX200 160MHz - Wi-Fi,Network: Intel Wi-Fi 6 AX200 160MHz - Wi-Fi,Network: Intel Wi-Fi 6 AX200 160MHz - Wi-Fi,Network: RealTek Semiconductor RTL8125 Gaming 2.5GbE Family Ethernet Controller - Ethernet,Network: RealTek Semiconductor RTL8125 Gaming 2.5GbE Family Ethernet Controller - Ethernet,Network: RealTek Semiconductor RTL8125 Gaming 2.5GbE Family Ethernet Controller - Ethernet,Network: RealTek Semiconductor RTL8125 Gaming 2.5GbE Family Ethernet Controller - Ethernet,Windows Hardware Errors (WHEA),
