Date,Time,"Virtual Memory Committed [MB]","Virtual Memory Available [MB]","Virtual Memory Load [%]","Physical Memory Used [MB]","Physical Memory Available [MB]","Physical Memory Load [%]","Page File Usage [%]","Page File Total [MB]","Page File Used [MB]","Core VIDs (avg) [V]","Core 0 VID [V]","Core 1 VID [V]","Core 2 VID [V]","Core 3 VID [V]","Core 4 VID [V]","Core 5 VID [V]","Core Clocks (avg) [MHz]","Core 0 Clock (perf #4/5) [MHz]","Core 1 Clock (perf #2/3) [MHz]","Core 2 Clock (perf #1/2) [MHz]","Core 3 Clock (perf #5/6) [MHz]","Core 4 Clock (perf #1/1) [MHz]","Core 5 Clock (perf #3/4) [MHz]","Bus Clock [MHz]","Core Effective Clocks (avg) [MHz]","Core 0 T0 Effective Clock [MHz]","Core 0 T1 Effective Clock [MHz]","Core 1 T0 Effective Clock [MHz]","Core 1 T1 Effective Clock [MHz]","Core 2 T0 Effective Clock [MHz]","Core 2 T1 Effective Clock [MHz]","Core 3 T0 Effective Clock [MHz]","Core 3 T1 Effective Clock [MHz]","Core 4 T0 Effective Clock [MHz]","Core 4 T1 Effective Clock [MHz]","Core 5 T0 Effective Clock [MHz]","Core 5 T1 Effective Clock [MHz]","Average Effective Clock [MHz]","Core Usage (avg) [%]","Core 0 T0 Usage [%]","Core 0 T1 Usage [%]","Core 1 T0 Usage [%]","Core 1 T1 Usage [%]","Core 2 T0 Usage [%]","Core 2 T1 Usage [%]","Core 3 T0 Usage [%]","Core 3 T1 Usage [%]","Core 4 T0 Usage [%]","Core 4 T1 Usage [%]","Core 5 T0 Usage [%]","Core 5 T1 Usage [%]","Max CPU/Thread Usage [%]","Total CPU Usage [%]","Core Utility (avg) [%]","Core 0 T0 Utility [%]","Core 0 T1 Utility [%]","Core 1 T0 Utility [%]","Core 1 T1 Utility [%]","Core 2 T0 Utility [%]","Core 2 T1 Utility [%]","Core 3 T0 Utility [%]","Core 3 T1 Utility [%]","Core 4 T0 Utility [%]","Core 4 T1 Utility [%]","Core 5 T0 Utility [%]","Core 5 T1 Utility [%]","Total CPU Utility [%]","Core Ratios (avg) [x]","Core 0 Ratio [x]","Core 1 Ratio [x]","Core 2 Ratio [x]","Core 3 Ratio [x]","Core 4 Ratio [x]","Core 5 Ratio [x]","Package C6 Residency [%]","Core C0 Residency (avg) [%]","Core 0 C0 Residency [%]","Core 1 C0 Residency [%]","Core 2 C0 Residency [%]","Core 3 C0 Residency [%]","Core 4 C0 Residency [%]","Core 5 C0 Residency [%]","Core C1 Residency (avg) [%]","Core 0 C1 Residency [%]","Core 1 C1 Residency [%]","Core 2 C1 Residency [%]","Core 3 C1 Residency [%]","Core 4 C1 Residency [%]","Core 5 C1 Residency [%]","Core C6 Residency (avg) [%]","Core 0 C6 Residency [%]","Core 1 C6 Residency [%]","Core 2 C6 Residency [%]","Core 3 C6 Residency [%]","Core 4 C6 Residency [%]","Core 5 C6 Residency [%]","Memory Clock [MHz]","Memory Clock Ratio [x]","Tcas [T]","Trcd [T]","Trp [T]","Tras [T]","Trc [T]","Trfc [T]","Command Rate [T]","CPU (Tctl/Tdie) [°C]","CPU Die (average) [°C]","CPU CCD1 (Tdie) [°C]","Core Temperatures (avg) [°C]","Core0 (CCD1) [°C]","Core1 (CCD1) [°C]","Core2 (CCD1) [°C]","Core3 (CCD1) [°C]","Core4 (CCD1) [°C]","Core5 (CCD1) [°C]","L3 Temperatures (avg) [°C]","L3 Cache (CCD1) [°C]","CPU IOD Hotspot [°C]","CPU IOD Average [°C]","CPU Core Voltage (SVI2 TFN) [V]","SoC Voltage (SVI2 TFN) [V]","CPU Core VID (Effective) [V]","CPU Core Current (SVI2 TFN) [A]","SoC Current (SVI2 TFN) [A]","CPU TDC [A]","CPU EDC [A]","CPU Package Power [W]","Core Powers (avg) [W]","Core 0 Power [W]","Core 1 Power [W]","Core 2 Power [W]","Core 3 Power [W]","Core 4 Power [W]","Core 5 Power [W]","CPU Core Power (SVI2 TFN) [W]","CPU SoC Power (SVI2 TFN) [W]","Core+SoC Power (SVI2 TFN) [W]","CPU PPT [W]","Infinity Fabric Clock (FCLK) [MHz]","Memory Controller Clock (UCLK) [MHz]","L3 Clocks (avg) [MHz]","L3 Cache (CCD1) [MHz]","Frequency Limit - Global [MHz]","CPU PPT Limit [%]","CPU TDC Limit [%]","CPU EDC Limit [%]","Thermal Limit [%]","Power Reporting Deviation (Accuracy) [%]","Thermal Throttling (HTC) [Yes/No]","Thermal Throttling (PROCHOT CPU) [Yes/No]","Thermal Throttling (PROCHOT EXT) [Yes/No]","DRAM Read Bandwidth [GB/s]","DRAM Write Bandwidth [GB/s]","Average Active Core Count []","CPU [°C]","System [°C]","MOS [°C]","Chipset [°C]","CPU Socket [°C]","PCIE_1 [°C]","T15 [°C]","+12V [V]","+5V [V]","CPU NB/SoC [V]","DRAM [V]","Vcore [V]","VIN5 [V]","VIN6 [V]","VIN7 [V]","+3.3V [V]","VTT [V]","CPU [RPM]","System 1 [RPM]","System 2 [RPM]","System 3 [RPM]","V1 [V]","V2 [V]","Drive Temperature [°C]","Drive Temperature 2 [°C]","Drive Temperature 3 [°C]","Drive Remaining Life [%]","Drive Available Spare [%]","Drive Failure [Yes/No]","Drive Warning [Yes/No]","Total Host Writes [GB]","Total Host Reads [GB]","Read Activity [%]","Write Activity [%]","Total Activity [%]","Read Rate [MB/s]","Write Rate [MB/s]","Read Total [MB]","Write Total [MB]","GPU Temperature [°C]","GPU Memory Junction Temperature [°C]","GPU Hot Spot Temperature [°C]","GPU Memory Chip Temperatures (avg) [°C]","GPU Memory A0 Temperature [°C]","GPU Memory A1 Temperature [°C]","GPU Memory B0 Temperature [°C]","GPU Memory B1 Temperature [°C]","GPU Memory C0 Temperature [°C]","GPU Memory C1 Temperature [°C]","GPU Memory D0 Temperature [°C]","GPU Memory D1 Temperature [°C]","GPU Thermal Limit [°C]","GPU Core Voltage [V]","GPU Rail Voltages (avg) [V]","GPU PCIe +12V Input Voltage [V]","GPU 8-pin #1 Input Voltage [V]","GPU 8-pin #2 Input Voltage [V]","GPU 6-pin #1 Input Voltage [V]","GPU Fan1 [RPM]","GPU Fan2 [RPM]","GPU Power [W]","GPU Rail Powers (avg) [W]","GPU Core (NVVDD) Input Power (sum) [W]","GPU PCIe +12V Input Power [W]","GPU 8-pin #1 Input Power [W]","GPU 8-pin #2 Input Power [W]","GPU 6-pin #1 Input Power [W]","GPU Core (NVVDD) Input Power (sum) [W]","GPU Input PP Source Power (sum) [W]","GPU Core (NVVDD) Output Power [W]","GPU Core (NVVDD) Output Power [W]","GPU Power Limit (rated) [W]","GPU Power Limit (max) [W]","GPU Clock [MHz]","GPU Memory Clock [MHz]","GPU Video Clock [MHz]","GPU Effective Clock [MHz]","GPU Crossbar Clock [MHz]","GPU System Domain Clock [MHz]","GPU Clock (measured) [MHz]","GPU Memory Clock (measured) [MHz]","GPU Crossbar Clock (measured) [MHz]","GPU Core Load [%]","GPU Memory Controller Load [%]","GPU Video Engine Load [%]","GPU Bus Load [%]","GPU Memory Usage [%]","GPU D3D Usages (avg) [%]","GPU D3D Usage [%]","GPU Video Decode 0 Usage [%]","GPU Video Encode 0 Usage [%]","GPU VR Usage [%]","GPU Fan1 [%]","GPU Fan2 [%]","GPU Performance Limiters (avg) [Yes/No]","Performance Limit - Power [Yes/No]","Performance Limit - Thermal [Yes/No]","Performance Limit - Reliability Voltage [Yes/No]","Performance Limit - Max Operating Voltage [Yes/No]","Performance Limit - Utilization [Yes/No]","Performance Limit - SLI GPUBoost Sync [Yes/No]","Total GPU Power [% of TDP] [%]","Total GPU Power (normalized) [% of TDP] [%]","PCI Express Error Counters (avg) []","Receiver Errors []","Replay Count []","Replay Rollover Count []","Bad DLLP Count []","Bad TLP Count []","LCRC Error Count []","NAKs Sent Count []","NAKs Received Count []","Recovery Count []","Correctable Error Count []","Non-Fatal Error Count []","Fatal Error Count []","Unsupported Request Count []","PCIe Lane 0 Errors []","PCIe Lane 1 Errors []","PCIe Lane 2 Errors []","PCIe Lane 3 Errors []","PCIe Lane 4 Errors []","PCIe Lane 5 Errors []","PCIe Lane 6 Errors []","PCIe Lane 7 Errors []","PCIe Lane 8 Errors []","PCIe Lane 9 Errors []","PCIe Lane 10 Errors []","PCIe Lane 11 Errors []","PCIe Lane 12 Errors []","PCIe Lane 13 Errors []","PCIe Lane 14 Errors []","PCIe Lane 15 Errors []","GPU Memory Available [MB]","GPU Memory Allocated [MB]","GPU D3D Memory Dedicated [MB]","GPU D3D Memory Dynamic [MB]","PCIe Link Speed [GT/s]","Framerate Presented (avg) [FPS]","Framerate Presented (99%) [FPS]","Framerate Presented (1%) [FPS]","Framerate Presented (0.1%) [FPS]","Framerate Presented (1% low) [FPS]","Framerate Presented (0.1% low) [FPS]","Framerate Displayed (avg) [FPS]","Framerate Displayed (99%) [FPS]","Framerate Displayed (1%) [FPS]","Framerate Displayed (0.1%) [FPS]","Framerate Displayed (1% low) [FPS]","Framerate Displayed (0.1% low) [FPS]","Frame Time Presented (avg) [ms]","Frame Time Presented (99%) [ms]","Frame Time Presented (1%) [ms]","Frame Time Presented (0.1%) [ms]","Frame Time Displayed (1% high) [ms]","Frame Time Displayed (0.1% high) [ms]","GPU Busy (avg) [ms]","GPU Wait (avg) [ms]","CPU Busy (avg) [ms]","CPU Wait (avg) [ms]","Animation Error (avg) [ms]","Total DL [MB]","Total UP [MB]","Current DL rate [KB/s]","Current UP rate [KB/s]","Total DL [MB]","Total UP [MB]","Current DL rate [KB/s]","Current UP rate [KB/s]","Total Errors []",
25.8.2026,16:4:11.317,5440,13813,28.2,4644,11665,28.4,1.6,2944,46,0.950,0.950,0.950,0.950,0.950,0.950,0.950,3816.7,4525.0,3675.0,3675.0,3675.0,3675.0,3675.0,100.0,137.2,153.2,14.5,105.8,95.6,314.0,308.1,11.2,6.4,232.2,310.9,56.0,39.2,137.2,3.2,2.0,1.7,2.2,3.5,6.9,7.5,0.0,0.0,6.5,7.7,0.0,0.7,7.7,3.2,3.4,1.5,0.4,2.7,2.5,8.3,8.1,0.3,0.2,6.1,8.2,1.4,1.0,3.4,38.2,45.2,36.8,36.8,36.8,36.8,36.8,26.4,5.1,1.8,4.2,11.9,0.4,10.0,2.1,25.2,15.9,20.1,42.4,3.7,56.7,12.3,69.9,82.5,75.7,46.0,95.9,33.3,85.7,1600.0,16.00,16,18,18,36,74,560,1,32.1,30.1,33.8,28.4,28.2,28.3,29.2,27.7,29.2,27.8,28.7,28.7,27.5,23.6,1.150,0.994,1.156,4.855,4.343,4.846,4.846,23.184,0.491,0.280,0.402,0.951,0.084,0.988,0.239,5.171,4.330,9.501,23.166,1600.0,1600.0,3155.4,3155.4,4650.0,30.5,8.1,5.4,31.7,173.9,No,No,No,0.295,0.070,0.3,32.0,37.0,35.0,33.5,30.5,33.5,35.0,12.192,5.010,1.004,1.352,0.852,0.868,0.866,1.564,3.360,1.836,868,772,547,543,1.056,1.259,35,35,42,79.0,100.0,No,No,80673,102290,0.0,0.0,0.1,0.000,0.059,19081,17640,37.2,42.0,44.9,40,42,40,40,40,40,40,38,42,83.0,0.662,12.214,12.283,12.198,12.183,12.194,0,0,16.389,4.681,9.090,0.061,6.928,2.083,5.634,9.090,5.647,0.873,2.719,310.000,350.000,210.0,50.6,555.0,72.3,600.0,525.0,158.7,37.8,453.4,0.0,26.0,0.0,0.0,7.6,0.3,1.1,0.0,0.0,0.0,0,0,Yes,No,No,No,No,Yes,No,4.8,7.7,5,0,0,0,0,0,0,0,0,140,0,0,0,0,0,0,0,0,0,0,0,0,0,0,0,0,0,0,0,0,7572,620,450,43,2.5,4.9,87.5,0.9,0.9,0.9,0.9,4.9,60.0,0.9,0.9,0.9,0.9,205.51,1098.99,11.42,11.19,1155.96,1155.96,2.13,203.48,205.51,0.00,368.55,1581,39,0.0,0.0,0,0,0.0,0.0,0,
25.8.2026,16:4:13.336,5450,13803,28.3,4657,11652,28.5,1.6,2944,46,1.161,1.169,1.156,1.156,1.156,1.156,1.175,4072.5,4525.0,3620.0,4525.0,3620.0,4525.0,3620.0,100.0,125.5,104.4,23.1,49.2,72.8,455.5,196.5,2.7,4.2,355.6,201.5,25.6,15.0,125.5,3.4,1.6,0.0,1.7,1.5,10.7,4.4,5.7,0.6,7.7,4.5,1.1,0.9,10.7,3.4,3.2,1.9,0.6,1.3,1.9,12.2,5.2,0.1,0.1,9.4,5.2,0.7,0.4,3.2,40.7,45.2,36.2,45.2,36.2,45.2,36.2,5.3,5.7,2.5,2.9,15.0,0.1,12.6,1.0,36.6,40.3,17.7,75.6,1.6,76.8,7.6,57.7,57.2,79.4,9.4,98.3,10.7,91.4,1600.0,16.00,16,18,18,36,74,560,1,33.9,31.2,37.0,28.8,28.8,28.3,30.2,27.7,30.1,27.7,29.1,29.1,28.8,24.1,1.200,0.994,1.212,6.454,4.616,6.444,6.444,26.035,0.521,0.350,0.302,1.187,0.043,1.128,0.119,6.881,4.600,11.481,26.125,1600.0,1600.0,3779.0,3779.0,4650.0,34.4,10.7,7.2,32.9,217.6,No,No,No,0.240,0.128,0.3,32.0,37.0,35.0,33.5,30.5,33.5,35.0,12.192,5.020,1.002,1.352,0.934,0.868,0.866,1.564,3.356,1.836,877,758,546,556,1.056,1.241,35,35,42,79.0,100.0,No,No,80673,102290,0.5,0.1,0.5,0.696,0.036,19082,17640,37.3,42.0,44.8,40,40,40,40,42,40,40,40,40,83.0,0.662,12.209,12.279,12.193,12.176,12.189,0,0,18.046,5.818,11.784,0.098,7.474,4.188,6.619,11.784,6.630,0.876,2.904,310.000,350.000,210.0,50.6,555.0,90.9,600.0,525.0,157.0,37.3,448.1,8.0,3.0,0.0,0.0,7.6,0.3,1.2,0.0,0.0,0.0,0,0,Yes,No,No,No,No,Yes,No,5.6,8.3,5,0,0,0,0,0,0,0,0,140,0,0,0,0,0,0,0,0,0,0,0,0,0,0,0,0,0,0,0,0,7572,620,450,43,2.5,38.2,61.7,5.1,4.1,4.0,4.0,38.2,60.0,5.1,4.1,4.0,4.0,26.20,196.74,16.21,16.20,251.16,251.16,1.47,24.69,26.20,0.00,16.90,1582,39,1.8,0.3,0,0,0.0,0.0,0,
25.8.2026,16:4:15.339,5452,13802,28.3,4661,11649,28.5,1.6,2944,46,0.908,0.912,0.906,0.906,0.912,0.906,0.906,3675.0,3675.0,3675.0,3675.0,3675.0,3675.0,3675.0,100.0,108.6,109.7,6.1,56.6,42.2,364.3,213.4,4.6,2.3,304.0,146.8,33.0,20.7,108.6,2.1,1.3,0.0,0.8,0.4,6.9,2.8,0.0,0.0,7.1,3.6,1.8,0.0,7.1,2.1,2.7,1.1,0.1,1.5,1.1,9.8,5.7,0.1,0.0,8.1,3.9,0.9,0.5,2.7,36.8,36.8,36.8,36.8,36.8,36.8,36.8,30.5,4.6,1.2,2.3,12.7,0.2,10.2,1.3,21.9,9.4,16.7,41.9,1.9,53.0,8.6,73.5,89.5,81.1,45.5,98.0,36.8,90.2,1600.0,16.00,16,18,18,36,74,560,1,34.0,30.6,32.8,28.5,28.3,28.3,29.6,27.7,29.5,27.8,28.8,28.8,28.2,23.0,1.156,1.000,1.156,4.421,4.217,4.442,4.442,22.443,0.431,0.182,0.295,0.941,0.042,0.970,0.155,4.754,4.204,8.959,22.494,1600.0,1600.0,3110.6,3110.6,4650.0,29.6,7.4,4.9,32.2,181.8,No,No,No,0.258,0.238,0.3,34.0,36.5,35.0,33.5,30.5,33.5,35.5,12.192,5.010,1.004,1.348,0.984,0.868,0.866,1.564,3.360,1.836,927,755,545,543,1.057,1.269,35,35,42,79.0,100.0,No,No,80673,102290,0.0,0.1,0.1,0.080,0.264,19082,17641,37.2,42.0,44.8,40,42,40,40,42,40,40,40,40,83.0,0.662,12.212,12.282,12.196,12.180,12.192,0,0,15.012,4.714,9.147,0.061,6.891,2.180,5.645,9.147,5.657,0.871,2.828,310.000,350.000,210.0,50.6,555.0,50.0,600.0,525.0,158.9,37.5,452.7,0.0,24.0,0.0,0.0,7.6,0.0,0.1,0.0,0.0,0.0,0,0,Yes,No,No,No,No,Yes,No,4.8,7.5,5,0,0,0,0,0,0,0,0,140,0,0,0,0,0,0,0,0,0,0,0,0,0,0,0,0,0,0,0,0,7572,620,450,42,2.5,1.9,1.9,1.9,1.9,1.9,1.9,1.9,1.9,1.9,1.9,1.9,1.9,517.29,517.29,517.29,517.29,517.29,517.29,1.26,516.13,517.29,0.00,449.60,1582,39,0.1,0.0,0,0,0.0,0.0,0,
25.8.2026,16:4:17.351,5456,13798,28.3,4665,11644,28.6,1.6,2944,46,0.950,0.950,0.950,0.950,0.950,0.950,0.950,3647.5,3675.0,3675.0,3675.0,3620.0,3620.0,3620.0,100.0,119.0,169.9,17.4,139.0,44.9,241.4,175.2,5.3,6.2,439.4,104.0,54.1,31.4,119.0,3.7,1.2,1.2,4.0,1.8,6.2,6.2,6.0,3.9,9.2,1.6,2.1,1.5,9.2,3.7,2.9,1.2,0.5,3.7,1.2,6.4,4.6,0.1,0.2,11.7,2.6,1.4,0.8,2.9,36.5,36.8,36.8,36.8,36.2,36.2,36.2,27.6,5.0,1.5,4.3,9.4,0.3,12.2,2.0,23.9,14.1,20.8,38.8,3.2,51.6,15.0,71.2,84.5,75.0,51.9,96.5,36.4,83.1,1600.0,16.00,16,18,18,36,74,560,1,34.0,30.3,34.0,28.4,28.1,28.3,29.0,27.7,29.4,27.8,28.7,28.7,29.2,23.8,1.150,0.994,1.156,4.690,4.267,4.674,4.674,23.005,0.463,0.251,0.398,0.765,0.062,1.042,0.258,5.061,4.255,9.316,22.925,1600.0,1600.0,3130.2,3130.2,4650.0,30.2,7.8,5.2,31.9,180.3,No,No,No,0.317,0.226,0.3,33.0,36.5,35.0,33.5,30.5,33.5,35.0,12.192,5.000,1.002,1.348,0.950,0.870,0.866,1.564,3.360,1.836,949,753,546,555,1.057,1.263,35,35,42,79.0,100.0,No,No,80673,102290,0.1,0.1,0.1,0.156,0.201,19083,17641,37.0,42.0,44.7,41,42,40,40,42,40,40,40,42,83.0,0.662,12.207,12.277,12.190,12.175,12.185,0,0,15.160,4.654,9.045,0.061,6.875,2.094,5.581,9.045,5.587,0.871,2.724,310.000,350.000,210.0,50.6,555.0,48.1,600.0,525.0,209.9,50.5,599.9,0.0,28.0,0.0,0.0,7.6,0.0,0.1,0.0,0.0,0.0,0,0,Yes,No,No,No,No,Yes,No,4.7,7.7,5,0,0,0,0,0,0,0,0,140,0,0,0,0,0,0,0,0,0,0,0,0,0,0,0,0,0,0,0,0,7572,620,450,42,2.5,1.9,1.9,1.9,1.9,1.9,1.9,1.9,1.9,1.9,1.9,1.9,1.9,533.20,533.20,533.20,533.20,533.20,533.20,1.20,531.95,533.20,0.00,365.04,1582,39,20.0,7.5,0,0,0.0,0.0,0,
25.8.2026,16:4:19.359,5453,13800,28.3,4662,11647,28.5,1.6,2944,46,0.908,0.912,0.906,0.906,0.912,0.906,0.906,3675.0,3675.0,3675.0,3675.0,3675.0,3675.0,3675.0,100.0,117.6,122.9,16.5,87.7,53.9,292.2,129.2,5.7,14.5,459.4,164.1,48.9,15.9,117.6,2.2,1.5,0.0,0.0,0.5,6.7,2.2,0.0,0.4,10.3,4.5,0.4,0.0,10.3,2.2,3.0,1.6,0.4,2.3,1.4,7.8,3.4,0.1,0.4,12.3,4.3,1.3,0.4,3.0,36.8,36.8,36.8,36.8,36.8,36.8,36.8,18.2,5.1,1.9,3.3,9.6,0.4,13.8,1.6,26.4,14.5,22.1,44.7,3.0,64.2,10.1,68.5,83.7,74.6,45.8,96.5,22.0,88.3,1600.0,16.00,16,18,18,36,74,560,1,34.4,30.9,32.2,28.7,28.5,28.5,29.4,27.9,30.1,27.9,29.1,29.1,28.2,23.4,1.150,0.994,1.156,5.066,4.557,5.083,5.083,24.135,0.460,0.233,0.354,0.777,0.065,1.151,0.183,5.455,4.539,9.995,24.137,1600.0,1600.0,3366.8,3366.8,4650.0,31.8,8.5,5.6,32.5,195.2,No,No,No,0.291,0.216,0.3,34.0,36.5,35.0,33.5,30.5,33.5,35.0,12.192,5.010,1.004,1.352,0.780,0.868,0.866,1.562,3.352,1.836,950,752,546,555,1.056,1.250,34,34,43,79.0,100.0,No,No,80673,102290,0.6,0.1,0.7,0.994,0.185,19085,17642,37.3,42.0,44.9,40,40,38,40,42,40,40,38,40,83.0,0.700,12.209,12.280,12.194,12.172,12.189,0,0,15.755,6.701,14.555,0.258,7.426,6.865,6.180,14.555,6.192,1.200,3.080,310.000,350.000,1200.0,101.2,1050.0,49.6,1140.0,1005.0,842.9,70.6,807.3,2.0,9.0,0.0,0.0,7.6,0.0,0.1,0.0,0.0,0.0,0,0,Yes,No,No,No,No,Yes,No,6.7,8.3,5,0,0,0,0,0,0,0,0,141,0,0,0,0,0,0,0,0,0,0,0,0,0,0,0,0,0,0,0,0,7572,620,450,42,5.0,6.7,56.0,2.4,2.3,2.3,2.3,6.7,55.1,2.4,2.3,2.3,2.3,149.73,422.19,17.87,16.51,432.67,432.67,1.27,148.40,149.73,0.00,149.44,1582,39,7.1,2.6,0,0,0.0,0.0,0,
25.8.2026,16:4:21.356,5454,13799,28.3,4662,11647,28.5,1.6,2944,46,0.952,1.175,0.906,0.906,0.912,0.906,0.906,3675.0,3675.0,3675.0,3675.0,3675.0,3675.0,3675.0,100.0,42.5,137.0,1.4,7.9,10.1,98.9,75.0,0.5,0.6,101.0,69.0,4.5,4.6,42.5,1.2,0.5,0.6,5.9,0.0,1.3,0.8,0.6,0.0,2.9,1.4,0.7,0.0,5.9,1.2,0.9,0.7,0.0,0.2,0.3,2.6,2.0,0.0,0.0,2.6,1.7,0.1,0.1,0.9,36.8,36.8,36.8,36.8,36.8,36.8,36.8,49.3,1.5,0.8,0.4,3.9,0.0,3.9,0.2,8.6,3.9,1.2,11.1,0.1,34.3,1.1,90.0,95.7,98.5,85.3,99.9,61.9,98.9,1600.0,16.00,16,18,18,36,74,560,1,33.5,28.8,31.8,27.6,27.5,27.7,27.8,27.5,27.9,27.4,28.2,28.2,29.0,23.3,1.150,0.994,1.156,2.347,4.271,2.343,2.343,19.436,0.193,0.113,0.075,0.303,0.018,0.545,0.106,2.388,4.256,6.645,19.382,1600.0,1600.0,2446.2,2446.2,4650.0,25.5,3.9,2.6,30.3,201.0,No,No,No,0.166,0.034,0.1,33.0,36.5,35.0,33.5,30.5,33.5,35.0,12.192,5.010,1.002,1.352,0.620,0.868,0.866,1.564,3.360,1.836,928,767,547,555,1.056,1.267,34,34,42,79.0,100.0,No,No,80673,102290,0.0,0.0,0.0,0.000,0.002,19085,17642,37.2,42.0,44.8,40,42,38,40,42,40,40,40,40,83.0,0.700,12.213,12.284,12.198,12.176,12.193,0,0,20.496,6.635,14.352,0.258,7.319,6.757,6.121,14.352,6.125,1.232,3.198,310.000,350.000,1200.0,101.2,1050.0,300.2,1140.0,1005.0,852.6,71.4,816.8,0.0,10.0,0.0,0.0,7.6,0.0,0.0,0.0,0.0,0.0,0,0,Yes,No,No,No,No,Yes,No,6.6,8.2,5,0,0,0,0,0,0,0,0,141,0,0,0,0,0,0,0,0,0,0,0,0,0,0,0,0,0,0,0,0,7572,620,450,42,5.0,1.9,1.9,1.9,1.9,1.9,1.9,1.9,1.9,1.9,1.9,1.9,1.9,533.43,533.43,533.43,533.43,533.43,533.43,0.81,532.86,533.43,0.00,148.58,1582,39,0.3,0.0,0,0,0.0,0.0,0,
25.8.2026,16:4:23.376,5432,13821,28.2,4648,11661,28.4,1.6,2944,46,1.207,1.181,1.212,1.212,1.212,1.212,1.212,3770.8,3620.0,3620.0,3620.0,4525.0,3620.0,3620.0,100.0,66.8,155.2,7.0,19.4,14.1,150.5,108.5,155.9,9.0,94.1,69.0,9.0,9.7,66.8,2.2,0.7,0.0,2.0,2.6,4.1,4.7,4.2,3.2,2.1,1.6,1.0,0.0,4.7,2.2,1.5,0.7,0.2,0.5,0.4,4.0,2.9,4.2,0.2,2.4,1.7,0.2,0.2,1.5,37.7,36.2,36.2,36.2,45.2,36.2,36.2,45.0,2.4,0.8,0.6,5.6,3.5,3.7,0.4,11.6,4.6,4.0,17.3,6.0,35.2,2.5,86.1,94.8,95.5,77.3,90.6,61.3,97.2,1600.0,16.00,16,18,18,36,74,560,1,33.2,29.3,40.0,27.8,27.6,27.8,28.0,28.0,27.9,27.5,28.3,28.3,28.5,24.7,1.206,0.994,1.219,2.898,4.443,2.885,2.885,20.385,0.260,0.134,0.111,0.397,0.233,0.608,0.075,3.031,4.425,7.456,20.460,1600.0,1600.0,2725.9,2725.9,4650.0,26.9,4.8,3.2,30.9,191.4,No,No,No,0.248,0.064,0.1,33.0,37.0,35.0,33.5,30.5,33.5,35.0,12.192,5.020,1.002,1.352,0.670,0.868,0.866,1.562,3.356,1.836,937,768,545,542,1.056,1.259,34,34,42,79.0,100.0,No,No,80673,102290,0.0,0.0,0.0,0.000,0.069,19085,17642,37.2,42.0,44.9,40,40,40,42,42,40,40,40,40,83.0,0.700,12.209,12.280,12.194,12.171,12.190,0,0,20.284,6.561,14.233,0.282,7.231,6.694,5.985,14.233,5.987,1.199,3.203,310.000,350.000,1200.0,101.2,1050.0,291.9,1140.0,1005.0,838.4,70.1,800.3,0.0,1.0,0.0,0.0,7.6,0.0,0.0,0.0,0.0,0.0,0,0,Yes,No,No,No,No,Yes,No,6.5,7.8,5,0,0,0,0,0,0,0,0,141,0,0,0,0,0,0,0,0,0,0,0,0,0,0,0,0,0,0,0,0,7572,620,450,42,5.0,1.9,1.9,1.9,1.9,1.9,1.9,1.9,1.9,1.9,1.9,1.9,1.9,533.43,533.43,533.43,533.43,533.43,533.43,0.81,532.86,533.43,0.00,148.58,1582,39,0.2,0.0,0,0,0.0,0.0,0,
25.8.2026,16:4:25.384,5421,13832,28.1,4639,11670,28.4,1.6,2944,46,0.908,0.912,0.906,0.906,0.912,0.906,0.906,3675.0,3675.0,3675.0,3675.0,3675.0,3675.0,3675.0,100.0,49.5,128.4,1.5,20.3,20.5,108.9,122.1,8.9,4.1,78.1,58.9,18.9,23.1,49.5,0.8,0.4,0.0,0.0,0.0,3.0,1.8,0.0,0.0,1.6,1.1,0.0,1.8,3.0,0.8,1.1,0.7,0.0,0.5,0.5,2.9,3.3,0.2,0.1,2.0,1.4,0.5,0.6,1.1,36.8,36.8,36.8,36.8,36.8,36.8,36.8,44.7,1.7,0.7,0.9,4.9,0.4,2.9,0.8,14.0,5.3,3.4,21.3,5.6,45.6,3.0,84.4,94.2,95.8,73.9,94.1,51.7,96.4,1600.0,16.00,16,18,18,36,74,560,1,32.6,29.0,31.5,27.7,27.6,27.7,28.0,27.6,27.9,27.5,28.3,28.3,27.8,23.8,1.150,0.994,1.156,2.706,4.445,2.721,2.721,20.336,0.227,0.119,0.114,0.417,0.057,0.576,0.077,2.754,4.427,7.181,20.261,1600.0,1600.0,2582.0,2582.0,4650.0,26.7,4.5,3.0,30.5,197.7,No,No,No,0.203,0.056,0.1,32.0,36.5,35.0,33.5,30.5,33.5,35.0,12.192,5.000,1.004,1.352,0.724,0.870,0.866,1.564,3.360,1.836,911,752,545,556,1.056,1.273,34,34,42,79.0,100.0,No,No,80673,102290,0.0,0.0,0.0,0.008,0.208,19085,17642,37.2,42.0,44.8,40,42,40,40,40,40,40,40,42,83.0,0.700,12.219,12.289,12.204,12.182,12.200,0,0,19.900,6.622,14.255,0.283,7.225,6.737,6.197,14.255,6.210,1.240,3.198,310.000,350.000,1200.0,101.2,1050.0,248.4,1140.0,1005.0,969.4,81.2,925.4,0.0,1.0,0.0,0.0,7.6,0.0,0.0,0.0,0.0,0.0,0,0,Yes,No,No,No,No,Yes,No,6.6,8.0,5,0,0,0,0,0,0,0,0,141,0,0,0,0,0,0,0,0,0,0,0,0,0,0,0,0,0,0,0,0,7572,620,450,42,5.0,1.9,1.9,1.9,1.9,1.9,1.9,1.9,1.9,1.9,1.9,1.9,1.9,533.33,533.33,533.33,533.33,533.33,533.33,0.54,532.66,533.33,0.00,448.87,1582,39,0.8,0.0,0,0,0.0,0.0,0,
25.8.2026,16:4:27.373,6583,12671,34.1,5098,11211,31.2,1.6,2944,46,1.160,1.181,1.156,1.156,1.156,1.156,1.156,3921.7,3620.0,3620.0,4525.0,3620.0,4525.0,3620.0,100.0,223.4,228.5,31.3,138.8,81.4,554.3,223.2,26.4,65.4,1020.2,196.6,73.7,41.4,223.4,5.1,1.9,2.3,3.9,2.7,12.4,5.8,0.6,1.5,22.7,4.4,1.7,1.7,22.7,5.1,5.6,2.1,0.8,3.6,2.1,14.8,5.9,0.7,1.8,27.4,5.1,1.9,1.1,5.6,39.2,36.2,36.2,45.2,36.2,45.2,36.2,32.2,8.9,2.3,4.9,16.7,1.8,25.6,2.4,22.2,21.1,23.8,24.8,8.9,37.1,17.3,69.0,76.8,71.3,58.7,89.3,37.5,80.5,1600.0,16.00,16,18,18,36,74,560,1,36.1,32.4,37.2,29.1,28.5,28.5,29.9,28.1,31.4,28.0,28.8,28.8,28.8,24.2,1.181,0.994,1.194,6.355,4.669,6.328,6.328,25.299,0.750,0.394,0.548,1.191,0.194,1.859,0.313,7.202,4.647,11.850,25.435,1600.0,1600.0,3267.4,3267.4,4650.0,33.5,10.5,7.0,34.2,159.0,No,No,No,0.649,0.477,0.5,33.0,37.0,35.0,33.5,30.5,33.5,35.0,12.192,5.000,1.004,1.352,1.168,0.870,0.866,1.562,3.348,1.836,916,753,546,542,1.056,1.264,34,34,42,79.0,100.0,No,No,80673,102290,3.3,0.1,3.4,1.193,0.601,19087,17643,37.1,42.0,44.8,40,42,38,40,42,40,40,38,42,83.0,0.700,12.205,12.277,12.189,12.168,12.185,0,0,20.473,6.221,13.406,0.221,6.875,6.291,5.715,13.406,5.719,1.199,3.161,310.000,350.000,1200.0,101.2,1050.0,289.7,1140.0,1005.0,970.9,81.1,919.1,0.0,1.0,0.0,0.0,7.6,0.0,0.0,0.0,0.0,0.0,0,0,Yes,No,No,No,No,Yes,No,6.2,7.9,5,0,0,0,0,0,0,0,0,141,0,0,0,0,0,0,0,0,0,0,0,0,0,0,0,0,0,0,0,0,7572,620,450,32,5.0,1.9,1.9,1.9,1.9,1.9,1.9,1.9,1.9,1.9,1.9,1.9,1.9,533.31,533.31,533.31,533.31,533.31,533.31,0.80,532.43,533.31,0.00,348.43,1582,39,0.1,0.0,0,0,0.0,0.0,0,
25.8.2026,16:4:29.377,7796,11457,40.4,5387,10923,33.0,1.6,2944,46,1.169,1.169,1.169,1.169,1.169,1.169,1.169,3770.8,3620.0,3620.0,3620.0,3620.0,4525.0,3620.0,100.0,541.6,162.2,46.5,135.2,299.2,701.0,1056.7,50.4,219.8,259.2,3400.5,82.4,85.6,541.6,10.9,3.2,0.0,2.5,7.0,15.8,23.1,0.0,0.0,4.4,75.2,0.0,0.0,75.2,10.9,14.3,3.2,1.1,3.3,7.7,18.7,28.2,1.2,5.8,6.8,91.6,2.0,2.1,14.3,37.7,36.2,36.2,36.2,36.2,45.2,36.2,0.0,23.8,4.0,10.1,39.0,5.8,80.4,3.8,32.6,24.4,52.2,47.8,20.7,19.6,30.8,43.6,71.7,37.7,13.2,73.5,0.0,65.4,1600.0,16.00,16,18,18,36,74,560,1,41.2,41.5,38.8,32.5,30.7,30.4,35.0,29.4,40.1,29.3,30.7,30.7,30.0,24.4,1.163,0.994,1.169,12.706,5.544,12.719,15.843,36.195,1.639,0.494,1.119,2.815,0.491,4.362,0.552,14.891,5.510,20.401,36.153,1600.0,1600.0,4522.0,4522.0,4650.0,47.6,21.2,17.6,43.7,150.8,No,No,No,0.746,0.687,1.4,40.0,36.5,35.5,33.5,30.5,33.5,35.5,12.120,4.980,1.004,1.348,1.164,0.870,0.866,1.554,3.324,1.836,964,750,545,541,1.056,1.258,34,34,43,79.0,100.0,No,No,80673,102290,0.4,0.1,0.4,0.369,0.351,19088,17644,45.8,46.0,55.6,46,44,46,46,46,46,46,46,46,83.0,0.825,12.109,12.212,12.089,12.080,12.056,0,0,64.753,75.292,161.794,21.433,76.031,64.301,36.820,161.794,36.847,22.998,95.610,310.000,350.000,1200.0,1156.5,1305.0,499.2,1410.0,1245.0,1200.6,1155.4,1410.0,100.0,10.0,0.0,0.0,19.1,0.0,0.0,0.0,0.0,0.0,0,0,Yes,No,No,No,No,Yes,No,64.1,63.2,5,0,0,0,0,0,0,0,0,142,0,0,0,0,0,0,0,0,0,0,0,0,0,0,0,0,0,0,0,0,6631,1561,1392,106,16.0,1.9,1.9,1.9,1.9,1.9,1.9,1.9,1.9,1.9,1.9,1.9,1.9,516.60,516.60,516.60,516.60,516.60,516.60,0.56,515.93,516.60,0.00,182.57,1582,39,0.7,0.0,0,0,0.0,0.0,0,
25.8.2026,16:4:31.381,7797,11456,40.4,5384,10926,33.0,1.6,2944,46,1.231,1.231,1.231,1.231,1.231,1.231,1.231,3875.0,3720.0,3720.0,3720.0,3720.0,4650.0,3720.0,100.0,436.4,43.0,16.7,70.6,28.3,270.8,646.1,3.5,4.5,74.3,4013.8,45.9,19.3,436.4,10.6,0.4,8.0,2.1,0.3,6.1,14.9,0.0,0.0,2.8,87.6,4.5,0.0,87.6,10.6,11.7,0.8,0.4,1.9,0.7,7.2,17.4,0.1,0.1,2.0,108.5,1.2,0.5,11.7,38.8,37.2,37.2,37.2,37.2,46.5,37.2,0.0,19.2,1.2,2.4,20.8,0.2,89.2,1.5,15.0,6.2,13.8,43.6,3.9,10.8,11.5,65.8,92.6,83.8,35.6,95.8,0.0,86.9,1600.0,16.00,16,18,18,36,74,560,1,43.6,43.2,41.5,31.6,29.5,28.9,32.3,28.4,42.1,28.5,30.4,30.4,28.5,24.4,1.237,0.994,1.256,9.602,5.793,9.596,11.956,33.418,1.065,0.162,0.295,1.367,0.084,4.249,0.232,11.467,5.757,17.224,33.449,1600.0,1600.0,4572.8,4572.8,4650.0,44.0,16.0,13.3,45.5,178.3,No,No,No,0.126,0.145,1.2,42.0,36.5,35.5,33.5,30.5,33.5,35.5,12.120,4.970,1.004,1.348,1.238,0.870,0.866,1.554,3.324,1.836,1059,759,543,540,1.056,1.261,34,34,42,79.0,100.0,No,No,80673,102290,0.0,0.0,0.0,0.000,0.000,19088,17644,49.0,50.0,59.1,49,50,48,48,50,48,48,48,50,83.0,0.825,12.110,12.212,12.091,12.079,12.057,0,0,199.003,75.378,161.771,21.420,75.980,64.335,36.919,161.771,36.940,23.043,96.222,310.000,350.000,1200.0,1156.5,1305.0,1200.0,1410.0,1245.0,1200.5,1155.3,1409.9,100.0,10.0,0.0,0.0,19.1,25.0,100.0,0.0,0.0,0.0,0,0,Yes,No,No,No,No,Yes,No,64.1,64.6,5,0,0,0,0,0,0,0,0,142,0,0,0,0,0,0,0,0,0,0,0,0,0,0,0,0,0,0,0,0,6631,1561,1392,106,16.0,1.9,1.9,1.9,1.9,1.9,1.9,1.9,1.9,1.9,1.9,1.9,1.9,533.28,533.28,533.28,533.28,533.28,533.28,0.53,532.69,533.28,0.00,115.89,1582,39,0.1,0.0,0,0,0.0,0.0,0,
25.8.2026,16:4:33.398,7798,11456,40.5,5383,10926,33.0,1.6,2944,46,1.231,1.231,1.231,1.231,1.231,1.231,1.231,3875.0,3720.0,3720.0,4650.0,3720.0,3720.0,3720.0,100.0,436.2,56.2,19.1,96.6,40.7,19.3,4459.4,4.9,8.0,352.7,97.4,48.4,31.3,436.2,10.9,1.0,0.0,0.9,0.4,0.0,98.5,6.8,6.2,8.1,2.5,0.0,6.0,98.5,10.9,11.7,0.8,0.5,2.6,1.0,0.5,120.5,0.1,0.2,9.4,2.6,1.3,0.8,11.7,38.8,37.2,37.2,46.5,37.2,37.2,37.2,0.0,19.3,1.3,3.3,98.9,0.4,10.1,1.9,18.7,7.8,15.9,1.1,5.1,71.7,10.4,62.0,90.9,80.7,0.0,94.5,18.2,87.7,1600.0,16.00,16,18,18,36,74,560,1,43.4,41.7,45.0,31.6,30.9,29.1,41.6,28.5,31.3,28.5,30.5,30.5,29.5,24.9,1.231,0.994,1.238,9.483,5.812,9.485,11.734,33.100,1.044,0.184,0.354,4.263,0.100,1.127,0.234,11.108,5.776,16.884,33.122,1600.0,1600.0,4529.1,4529.1,4650.0,43.6,15.8,13.0,43.9,176.4,No,No,No,0.136,0.184,1.2,43.0,36.5,35.5,33.5,31.0,33.5,35.5,12.120,4.980,1.004,1.348,1.164,0.870,0.866,1.554,3.324,1.836,1117,1511,542,539,1.056,1.254,34,34,42,79.0,100.0,No,No,80673,102290,0.0,0.0,0.0,0.000,0.006,19088,17644,49.9,50.0,60.1,50,50,50,50,50,48,50,48,50,83.0,0.825,12.108,12.210,12.089,12.077,12.055,0,0,199.268,75.825,162.615,21.599,76.391,64.600,37.056,162.615,37.076,24.324,96.152,310.000,350.000,1200.0,1156.5,1305.0,1200.0,1410.0,1245.0,1199.6,1155.0,1410.4,100.0,10.0,0.0,0.0,19.1,25.0,100.0,0.0,0.0,0.0,0,0,Yes,No,No,No,No,Yes,No,64.4,64.5,5,0,0,0,0,0,0,0,0,142,0,0,0,0,0,0,0,0,0,0,0,0,0,0,0,0,0,0,0,0,6631,1561,1392,106,16.0,1.9,1.9,1.9,1.9,1.9,1.9,1.9,1.9,1.9,1.9,1.9,1.9,533.28,533.28,533.28,533.28,533.28,533.28,0.53,532.69,533.28,0.00,115.89,1582,39,0.1,0.0,0,0,0.0,0.0,0,
25.8.2026,16:4:35.395,7798,11455,40.5,5383,10926,33.0,1.6,2944,46,1.162,1.163,1.163,1.163,1.163,1.163,1.163,3770.8,3620.0,3620.0,3620.0,3620.0,4525.0,3620.0,100.0,431.4,54.2,15.9,90.5,43.9,1118.1,93.0,4.9,4.8,3631.7,54.6,43.3,21.6,431.4,10.0,1.0,2.0,3.7,1.9,24.8,2.2,0.0,0.0,80.9,1.4,2.6,0.0,80.9,10.0,11.6,1.0,0.4,2.4,1.1,30.1,2.5,0.1,0.1,98.1,1.4,1.1,0.6,11.6,37.7,36.2,36.2,36.2,36.2,45.2,36.2,0.0,19.1,1.4,3.2,26.3,0.3,81.9,1.6,14.9,8.0,13.8,37.6,4.0,16.4,9.3,66.0,90.6,83.0,36.1,95.7,1.6,89.1,1600.0,16.00,16,18,18,36,74,560,1,43.5,42.7,39.0,31.7,29.8,29.1,33.6,28.6,40.3,28.6,30.6,30.6,30.0,25.4,1.163,0.994,1.169,9.393,5.817,9.396,11.759,33.171,1.032,0.187,0.323,1.658,0.086,3.731,0.207,11.131,5.781,16.912,33.150,1600.0,1600.0,4550.8,4550.8,4650.0,43.6,15.7,13.1,45.0,178.5,No,No,No,0.131,0.157,1.1,43.0,36.5,35.5,33.5,31.0,33.5,35.5,12.120,4.980,1.004,1.348,1.164,0.870,0.866,1.554,3.328,1.836,1161,746,541,540,1.056,1.237,34,34,42,79.0,100.0,No,No,80673,102290,0.0,0.0,0.0,0.000,0.004,19088,17644,50.8,52.0,60.9,50,50,50,50,50,52,50,50,50,83.0,0.819,12.112,12.216,12.094,12.082,12.058,0,0,195.676,75.060,161.206,21.414,75.699,64.060,37.042,161.206,37.070,23.105,94.743,310.000,350.000,1200.0,1156.5,1305.0,1200.0,1410.0,1245.0,1200.1,1155.3,1410.2,100.0,10.0,0.0,0.0,19.1,19.8,79.4,0.0,0.0,0.0,0,0,Yes,No,No,No,No,Yes,No,64.0,64.4,5,0,0,0,0,0,0,0,0,142,0,0,0,0,0,0,0,0,0,0,0,0,0,0,0,0,0,0,0,0,6631,1561,1392,106,16.0,1.9,1.9,1.9,1.9,1.9,1.9,1.9,1.9,1.9,1.9,1.9,1.9,533.50,533.50,533.50,533.50,533.50,533.50,0.52,532.74,533.50,0.00,416.35,1582,39,0.1,0.0,0,0,0.0,0.0,0,
25.8.2026,16:4:37.408,7798,11455,40.5,5384,10925,33.0,1.6,2944,46,1.231,1.231,1.231,1.231,1.231,1.231,1.231,3875.0,3720.0,3720.0,4650.0,3720.0,3720.0,3720.0,100.0,439.9,68.2,25.6,85.6,43.6,3860.1,597.1,10.5,10.2,413.7,96.6,54.3,13.1,439.9,11.1,0.7,0.0,0.8,0.6,85.1,12.7,17.3,0.0,8.9,1.8,0.1,5.1,85.1,11.1,11.8,1.2,0.7,2.3,1.1,104.3,16.1,0.3,0.3,11.1,2.5,1.4,0.3,11.8,38.8,37.2,37.2,46.5,37.2,37.2,37.2,0.0,19.4,1.7,3.1,98.2,0.5,11.3,1.6,21.1,7.1,18.3,1.7,4.2,83.8,11.4,59.5,91.2,78.6,0.1,95.3,4.9,87.0,1600.0,16.00,16,18,18,36,74,560,1,43.2,41.8,45.0,31.8,31.1,29.2,41.7,28.6,31.9,28.6,30.6,30.6,28.8,24.4,1.231,0.994,1.238,9.740,5.810,9.740,11.846,33.389,1.068,0.192,0.355,4.251,0.095,1.292,0.225,11.397,5.774,17.171,33.408,1600.0,1600.0,4526.7,4526.7,4650.0,44.0,16.2,13.2,44.0,176.8,No,No,No,0.154,0.193,1.2,43.0,37.0,35.5,33.5,31.0,33.5,35.5,12.120,4.970,1.004,1.348,1.166,0.868,0.866,1.552,3.324,1.836,1132,728,542,539,1.056,1.260,34,34,41,79.0,100.0,No,No,80673,102290,0.0,0.0,0.0,0.010,0.008,19088,17644,51.2,52.0,61.4,52,52,50,52,52,52,52,50,52,83.0,0.819,12.113,12.216,12.095,12.082,12.058,0,0,194.627,74.302,161.012,21.341,75.702,63.940,36.958,161.012,36.976,17.166,94.608,310.000,350.000,1200.0,1156.5,1305.0,1200.0,1410.0,1245.0,1200.4,1155.3,1409.3,100.0,10.0,0.0,0.0,19.1,25.0,100.0,0.0,0.0,0.0,0,0,Yes,No,No,No,No,Yes,No,63.9,64.2,5,0,0,0,0,0,0,0,0,142,0,0,0,0,0,0,0,0,0,0,0,0,0,0,0,0,0,0,0,0,6631,1561,1392,106,16.0,1.9,1.9,1.9,1.9,1.9,1.9,1.9,1.9,1.9,1.9,1.9,1.9,516.63,516.63,516.63,516.63,516.63,516.63,0.53,516.01,516.63,0.00,265.97,1582,39,1.3,0.5,0,0,0.0,0.0,0,
25.8.2026,16:4:39.407,7796,11458,40.4,5382,10927,33.0,1.6,2944,46,1.162,1.163,1.163,1.163,1.163,1.163,1.163,3770.8,3620.0,3620.0,4525.0,3620.0,3620.0,3620.0,100.0,437.4,56.3,18.0,88.0,38.2,235.2,2198.2,4.9,4.2,190.1,2344.5,54.7,17.1,437.4,10.2,1.3,3.8,1.7,0.0,5.6,48.5,0.0,3.5,4.7,52.6,0.9,0.0,52.6,10.2,11.7,1.0,0.5,2.3,1.0,6.3,59.4,0.1,0.1,5.0,63.3,1.4,0.4,11.7,37.7,36.2,36.2,45.2,36.2,36.2,36.2,0.0,19.4,1.4,3.1,53.5,0.2,56.5,1.7,17.4,9.0,17.2,25.3,3.6,35.5,13.9,63.2,89.6,79.7,21.2,96.2,7.9,84.3,1600.0,16.00,16,18,18,36,74,560,1,43.2,42.3,42.0,31.8,30.3,29.2,36.7,28.6,37.1,28.7,30.6,30.6,29.8,25.0,1.163,0.994,1.169,9.589,5.812,9.591,12.020,33.324,1.056,0.204,0.355,2.673,0.080,2.762,0.260,11.300,5.775,17.076,33.316,1600.0,1600.0,4540.0,4540.0,4650.0,43.8,16.0,13.4,44.5,177.2,No,No,No,0.145,0.187,1.2,43.0,37.0,35.5,33.5,31.0,33.5,35.5,12.120,4.970,1.004,1.348,1.166,0.870,0.866,1.554,3.328,1.836,1160,1488,542,540,1.056,1.246,34,34,41,79.0,100.0,No,No,80673,102290,0.1,0.1,0.1,0.048,0.211,19088,17644,51.6,52.0,61.7,52,52,52,52,52,52,52,50,52,83.0,0.819,12.107,12.209,12.090,12.076,12.054,0,0,195.269,75.146,161.406,21.476,75.789,64.099,37.150,161.406,37.169,22.797,95.020,310.000,350.000,1200.0,1156.5,1305.0,1200.0,1410.0,1245.0,1200.3,1155.0,1409.7,84.0,8.0,0.0,0.0,19.1,25.0,100.0,0.0,0.0,0.0,0,0,Yes,No,No,No,No,Yes,No,64.1,64.4,5,0,0,0,0,0,0,0,0,142,0,0,0,0,0,0,0,0,0,0,0,0,0,0,0,0,0,0,0,0,6631,1561,1392,106,16.0,1.9,1.9,1.9,1.9,1.9,1.9,1.9,1.9,1.9,1.9,1.9,1.9,533.63,533.63,533.63,533.63,533.63,533.63,0.52,533.02,533.63,0.00,182.69,1582,39,1.3,0.2,0,0,0.0,0.0,0,
25.8.2026,16:4:41.410,5430,13823,28.2,4659,11651,28.5,1.6,2944,46,0.944,0.912,0.950,0.950,0.950,0.950,0.950,3552.5,3675.0,3675.0,3675.0,3675.0,3675.0,2940.0,100.0,362.3,138.0,37.0,211.9,75.5,249.0,1229.4,9.7,4.2,144.2,2170.1,64.4,14.5,362.3,8.4,1.7,0.0,5.6,4.1,6.4,27.3,1.1,0.0,2.6,48.1,2.4,2.0,48.1,8.4,9.6,1.8,1.0,5.7,2.0,6.6,33.1,0.2,0.1,3.8,58.6,1.7,0.4,9.6,35.5,36.8,36.8,36.8,36.8,36.8,29.4,8.6,15.7,2.2,6.0,32.6,0.3,51.2,2.0,20.6,12.0,20.0,47.3,3.3,29.4,11.9,63.7,85.9,73.9,20.1,96.4,19.4,86.2,1600.0,16.00,16,18,18,36,74,560,1,42.4,39.1,32.8,31.1,30.0,29.5,33.7,28.6,36.1,28.7,30.3,30.3,30.2,24.6,1.150,0.994,1.156,8.201,5.725,8.212,9.244,31.138,0.908,0.265,0.453,1.928,0.079,2.471,0.253,9.456,5.692,15.148,31.040,1600.0,1600.0,4155.5,4155.5,4650.0,40.8,13.7,10.3,41.1,172.3,No,No,No,0.378,0.554,0.9,43.0,36.5,35.5,33.5,31.0,33.5,35.5,12.168,5.000,1.004,1.352,0.826,0.868,0.866,1.560,3.344,1.836,1161,728,543,540,1.056,1.265,34,34,42,79.0,100.0,No,No,80673,102290,0.0,0.2,0.2,0.000,0.020,19088,17644,46.8,52.0,56.9,52,52,50,52,52,52,52,50,52,83.0,0.819,12.178,12.269,12.164,12.140,12.137,0,0,185.188,29.824,63.211,2.172,31.966,29.040,33.815,63.211,33.839,2.132,9.035,310.000,350.000,1200.0,1187.7,1305.0,1200.0,1410.0,1245.0,1199.9,1186.9,1409.9,0.0,0.0,0.0,0.0,7.6,0.0,0.0,0.0,0.0,0.0,0,0,Yes,No,No,No,No,Yes,No,31.7,45.8,5,0,0,0,0,0,0,0,0,142,0,0,0,0,0,0,0,0,0,0,0,0,0,0,0,0,0,0,0,0,7572,620,450,32,16.0,1.8,1.8,1.8,1.8,1.8,1.8,1.8,1.8,1.8,1.8,1.8,1.8,550.52,550.52,550.52,550.52,550.52,550.52,0.56,549.62,550.52,0.00,82.82,1582,39,2.7,0.0,0,0,0.0,0.0,0,
25.8.2026,16:4:43.416,5429,13824,28.1,4658,11651,28.5,1.6,2944,46,0.959,0.912,0.969,0.969,0.969,0.969,0.969,3675.0,3675.0,3675.0,3675.0,3675.0,3675.0,3675.0,100.0,73.2,117.2,9.3,32.9,12.5,155.9,118.2,1.7,1.2,324.4,80.3,17.4,7.9,73.2,2.5,0.5,12.9,0.5,0.0,2.6,2.5,0.0,1.3,7.7,1.6,0.0,0.0,12.9,2.5,1.7,0.8,0.2,0.8,0.3,4.1,3.1,0.0,0.0,8.6,2.0,0.4,0.2,1.7,36.8,36.8,36.8,36.8,36.8,36.8,36.8,37.4,3.0,1.0,1.0,6.2,0.1,8.9,0.6,15.7,8.1,4.3,29.8,0.7,47.3,4.1,81.4,91.0,94.7,64.2,99.2,44.0,95.4,1600.0,16.00,16,18,18,36,74,560,1,40.2,30.8,33.2,28.5,28.3,28.3,29.0,28.0,29.4,28.0,29.0,29.0,29.5,24.6,1.175,0.994,1.181,3.508,5.218,3.513,3.513,23.266,0.305,0.147,0.121,0.535,0.023,0.927,0.074,3.689,5.195,8.884,23.367,1600.0,1600.0,2952.3,2952.3,4650.0,30.7,5.9,3.9,32.4,198.4,No,No,No,0.204,0.099,0.2,40.0,36.5,35.5,33.5,31.0,33.5,35.5,12.168,5.000,1.004,1.348,0.818,0.868,0.866,1.560,3.356,1.836,1129,730,544,554,1.056,1.262,34,34,41,79.0,100.0,No,No,80673,102290,0.0,0.0,0.1,0.030,0.010,19088,17644,43.8,50.0,53.1,49,50,48,50,50,48,50,48,50,83.0,0.713,12.197,12.285,12.178,12.159,12.165,0,0,90.804,21.058,43.872,0.860,23.686,19.297,25.388,43.872,25.403,1.431,5.714,310.000,350.000,1245.0,625.2,1095.0,1245.0,1185.0,1050.0,1245.2,624.8,1184.9,0.0,0.0,0.0,0.0,7.6,0.0,0.0,0.0,0.0,0.0,0,0,Yes,No,No,No,No,Yes,No,22.4,33.8,5,0,0,0,0,0,0,0,0,142,0,0,0,0,0,0,0,0,0,0,0,0,0,0,0,0,0,0,0,0,7572,620,450,32,16.0,1.9,1.9,1.9,1.9,1.9,1.9,1.9,1.9,1.9,1.9,1.9,1.9,533.97,533.97,533.97,533.97,533.97,533.97,0.35,533.59,533.97,0.00,483.13,1582,39,6.0,0.0,0,0,0.0,0.0,0,
25.8.2026,16:4:45.427,5429,13824,28.1,4658,11651,28.5,1.6,2944,46,0.939,0.912,0.906,0.906,0.969,0.969,0.969,3638.3,3675.0,3675.0,3620.0,3620.0,3620.0,3620.0,100.0,41.7,136.1,1.7,20.1,13.5,129.0,79.6,0.4,0.3,52.6,57.3,5.6,4.0,41.7,0.6,0.6,0.0,0.0,0.2,3.6,1.0,0.0,0.0,0.4,1.2,0.0,0.0,3.6,0.6,0.8,0.7,0.0,0.5,0.3,3.4,2.1,0.0,0.0,1.3,1.4,0.1,0.1,0.8,36.4,36.8,36.8,36.2,36.2,36.2,36.2,45.8,1.4,0.6,0.7,4.6,0.0,2.4,0.2,9.4,2.1,1.4,15.2,0.0,37.5,0.5,89.2,97.4,98.0,80.5,99.9,60.2,99.4,1600.0,16.00,16,18,18,36,74,560,1,38.2,29.3,32.0,28.0,27.9,28.0,28.2,27.8,28.1,27.7,28.6,28.6,28.5,23.2,1.169,0.994,1.175,2.405,4.471,2.404,2.404,19.891,0.183,0.116,0.095,0.361,0.012,0.481,0.035,2.437,4.454,6.890,19.957,1600.0,1600.0,2668.9,2668.9,4650.0,26.3,4.0,2.7,30.8,215.9,No,No,No,0.168,0.037,0.1,38.0,36.5,35.0,33.5,31.0,33.5,35.0,12.192,5.010,1.004,1.352,0.748,0.868,0.868,1.564,3.360,1.838,1085,749,544,555,1.056,1.251,34,34,41,79.0,100.0,No,No,80673,102290,0.0,0.0,0.0,0.000,0.000,19088,17644,41.4,46.0,49.2,45,44,44,46,46,44,46,42,46,83.0,0.713,12.211,12.282,12.197,12.174,12.192,0,0,20.812,6.365,13.825,0.307,6.940,6.550,5.548,13.825,5.553,1.353,3.380,310.000,350.000,1245.0,101.2,1095.0,331.2,1185.0,1050.0,903.8,72.6,864.0,0.0,4.0,0.0,0.0,7.6,0.0,0.0,0.0,0.0,0.0,0,0,Yes,No,No,No,No,Yes,No,6.3,7.6,5,0,0,0,0,0,0,0,0,143,0,0,0,0,0,0,0,0,0,0,0,0,0,0,0,0,0,0,0,0,7572,620,450,32,5.0,1.9,1.9,1.9,1.9,1.9,1.9,1.9,1.9,1.9,1.9,1.9,1.9,533.56,533.56,533.56,533.56,533.56,533.56,0.59,532.96,533.56,0.00,365.48,1582,39,0.5,0.0,0,0,0.0,0.0,0,
25.8.2026,16:4:47.438,5432,13821,28.2,4655,11654,28.5,1.6,2944,46,0.950,0.950,0.950,0.950,0.950,0.950,0.950,3675.0,3675.0,3675.0,3675.0,3675.0,3675.0,3675.0,100.0,62.9,160.8,3.6,42.3,21.8,160.0,91.2,1.8,11.0,121.4,58.4,40.9,41.9,62.9,2.3,1.0,1.0,3.3,0.0,3.0,2.2,0.9,1.1,2.9,1.4,10.7,0.0,10.7,2.3,1.4,0.9,0.1,1.1,0.6,4.3,2.4,0.0,0.3,3.2,1.4,1.1,1.1,1.4,36.8,36.8,36.8,36.8,36.8,36.8,36.8,47.9,2.3,0.9,1.4,5.7,0.3,4.2,1.1,12.9,6.7,7.3,20.1,1.9,35.9,5.3,85.0,92.6,91.4,74.4,97.8,60.0,93.8,1600.0,16.00,16,18,18,36,74,560,1,36.8,29.3,33.0,28.0,27.8,28.0,28.3,27.8,28.2,27.8,28.4,28.4,28.8,24.4,1.150,0.994,1.156,2.832,4.370,2.828,2.828,20.259,0.249,0.189,0.142,0.422,0.049,0.556,0.134,2.947,4.354,7.300,20.150,1600.0,1600.0,2462.7,2462.7,4650.0,26.5,4.7,3.1,30.9,193.8,No,No,No,0.209,0.043,0.1,37.0,36.5,35.0,33.5,31.0,33.5,35.0,12.192,5.010,1.002,1.352,0.902,0.868,0.866,1.562,3.360,1.836,1071,754,545,555,1.056,1.280,34,34,41,79.0,100.0,No,No,80673,102290,0.0,0.0,0.0,0.000,0.024,19088,17645,41.1,46.0,48.6,44,44,44,44,44,44,44,42,46,83.0,0.713,12.220,12.288,12.206,12.183,12.202,0,0,19.746,6.240,13.460,0.319,6.774,6.347,5.467,13.460,5.479,1.344,3.511,310.000,350.000,1245.0,101.2,1095.0,244.7,1185.0,1050.0,903.3,72.4,858.4,0.0,8.0,0.0,0.0,7.6,0.0,0.0,0.0,0.0,0.0,0,0,Yes,No,No,No,No,Yes,No,6.1,7.4,5,0,0,0,0,0,0,0,0,143,0,0,0,0,0,0,0,0,0,0,0,0,0,0,0,0,0,0,0,0,7572,620,450,32,5.0,1.9,1.9,1.9,1.9,1.9,1.9,1.9,1.9,1.9,1.9,1.9,1.9,533.32,533.32,533.32,533.32,533.32,533.32,0.77,532.60,533.32,0.00,265.30,1582,39,2.8,10.9,0,0,0.0,0.0,0,
25.8.2026,16:4:49.441,5430,13823,28.2,4658,11651,28.5,1.6,2944,46,0.951,0.912,0.956,0.956,0.956,0.956,0.969,3543.3,3675.0,3675.0,3675.0,3675.0,2940.0,3620.0,100.0,41.8,126.1,0.8,12.2,11.7,89.2,98.5,1.6,1.0,94.9,53.9,3.7,7.4,41.8,0.7,0.4,0.0,0.0,0.9,1.8,0.0,0.0,0.0,2.8,1.0,0.0,1.5,2.8,0.7,0.9,0.6,0.0,0.3,0.3,2.4,2.6,0.0,0.0,2.5,1.3,0.1,0.2,0.9,35.4,36.8,36.8,36.8,36.8,29.4,36.2,53.3,1.5,0.5,0.5,4.2,0.1,3.5,0.3,8.8,2.2,1.8,15.1,0.1,32.5,0.9,89.9,97.5,97.8,80.8,99.8,64.2,99.1,1600.0,16.00,16,18,18,36,74,560,1,35.4,29.0,32.5,27.8,27.7,27.9,28.0,27.7,28.0,27.6,28.4,28.4,28.8,23.4,1.156,0.994,1.156,2.225,4.302,2.230,2.230,19.245,0.196,0.143,0.078,0.329,0.014,0.574,0.039,2.256,4.287,6.544,19.208,1600.0,1600.0,2194.8,2194.8,4650.0,25.3,3.7,2.5,30.5,187.1,No,No,No,0.178,0.044,0.1,35.0,36.5,35.0,33.5,31.0,33.5,35.0,12.192,5.020,1.002,1.352,0.636,0.868,0.866,1.564,3.360,1.836,990,743,545,555,1.056,1.261,34,34,42,79.0,100.0,No,No,80673,102290,0.0,0.1,0.1,0.000,0.128,19088,17645,40.7,44.0,48.4,44,44,44,44,44,44,44,42,44,83.0,0.713,12.218,12.286,12.203,12.181,12.200,0,0,19.792,6.426,13.821,0.332,6.944,6.529,5.624,13.821,5.629,1.479,3.654,310.000,350.000,1245.0,101.2,1095.0,241.8,1185.0,1050.0,832.8,66.9,794.5,0.0,1.0,0.0,0.0,7.6,0.0,0.0,0.0,0.0,0.0,0,0,Yes,No,No,No,No,Yes,No,6.3,7.4,5,0,0,0,0,0,0,0,0,143,0,0,0,0,0,0,0,0,0,0,0,0,0,0,0,0,0,0,0,0,7572,620,450,32,5.0,1.9,1.9,1.9,1.9,1.9,1.9,1.9,1.9,1.9,1.9,1.9,1.9,517.30,517.30,517.30,517.30,517.30,517.30,0.80,516.49,517.30,0.00,116.03,1582,39,0.1,0.0,0,0,0.0,0.0,0,
25.8.2026,16:4:51.430,7803,11450,40.5,5404,10906,33.1,1.6,2944,46,1.162,1.163,1.163,1.163,1.163,1.163,1.163,3770.8,3620.0,3620.0,4525.0,3620.0,3620.0,3620.0,100.0,447.5,116.1,40.2,173.4,176.7,878.9,1715.3,23.9,10.4,700.0,1397.8,95.1,42.8,447.5,10.4,1.7,1.7,6.1,5.6,19.5,39.8,1.3,1.0,15.6,30.8,1.4,0.0,39.8,10.4,11.8,1.8,1.1,4.4,4.6,23.7,46.0,0.6,0.3,18.8,37.4,2.4,1.1,11.8,37.7,36.2,36.2,45.2,36.2,36.2,36.2,5.2,19.9,2.7,8.4,57.4,0.8,46.6,3.4,37.4,30.3,56.3,35.6,11.3,47.1,43.5,42.8,66.9,35.3,7.0,87.9,6.3,53.1,1600.0,16.00,16,18,18,36,74,560,1,40.1,39.6,41.5,31.9,30.7,30.1,37.1,28.8,35.4,29.2,30.4,30.4,29.8,24.5,1.163,0.994,1.169,11.911,5.269,11.895,13.230,34.133,1.527,0.462,1.018,3.690,0.186,3.190,0.616,13.909,5.238,19.147,34.248,1600.0,1600.0,4371.3,4371.3,4650.0,45.1,19.8,14.7,41.6,151.2,No,No,No,0.856,0.650,1.2,39.0,36.5,35.0,33.5,31.0,33.5,35.0,12.168,4.990,1.004,1.348,1.164,0.868,0.866,1.560,3.352,1.836,1004,761,545,555,1.056,1.250,34,34,41,79.0,100.0,No,No,80673,102290,0.0,0.0,0.0,0.000,0.045,19088,17645,40.8,44.0,48.5,44,44,44,44,44,42,44,42,44,83.0,0.713,12.214,12.284,12.200,12.178,12.195,0,0,19.762,6.739,14.581,0.332,7.320,6.905,5.781,14.581,5.792,1.345,4.013,310.000,350.000,1245.0,101.2,1095.0,255.8,1185.0,1050.0,891.5,71.5,850.4,0.0,2.0,0.0,0.0,7.6,0.0,0.0,0.0,0.0,0.0,0,0,Yes,No,No,No,No,Yes,No,6.6,7.5,5,0,0,0,0,0,0,0,0,143,0,0,0,0,0,0,0,0,0,0,0,0,0,0,0,0,0,0,0,0,7572,620,450,32,5.0,1.9,1.9,1.9,1.9,1.9,1.9,1.9,1.9,1.9,1.9,1.9,1.9,517.30,517.30,517.30,517.30,517.30,517.30,0.80,516.49,517.30,0.00,116.03,1582,39,0.1,0.0,0,0,0.0,0.0,0,
25.8.2026,16:4:53.452,7803,11450,40.5,5391,10918,33.0,1.6,2944,46,1.248,1.225,1.250,1.250,1.250,1.256,1.256,3868.3,3680.0,3720.0,3720.0,3720.0,4650.0,3720.0,100.0,441.2,93.9,30.6,70.9,40.0,312.3,708.6,6.1,7.3,37.1,3922.0,47.8,18.2,441.2,10.5,2.1,0.6,2.3,3.8,7.8,15.7,0.0,0.1,0.0,86.7,2.5,4.1,86.7,10.5,11.8,1.5,0.8,1.9,1.0,8.3,19.1,0.1,0.2,1.0,106.0,1.2,0.5,11.8,38.7,36.8,37.2,37.2,37.2,46.5,37.2,0.0,19.5,2.3,2.6,22.8,0.3,87.2,1.6,16.6,19.5,15.1,43.3,4.1,8.7,8.6,64.0,78.2,82.2,33.9,95.5,4.0,89.7,1600.0,16.00,16,18,18,36,74,560,1,42.1,42.3,41.2,31.6,29.9,29.1,32.6,28.5,40.8,28.6,30.5,30.5,29.2,24.3,1.250,0.994,1.256,9.532,5.807,9.522,11.937,33.056,1.029,0.329,0.307,1.412,0.089,3.834,0.201,11.148,5.771,16.919,33.139,1600.0,1600.0,4526.4,4526.4,4650.0,43.6,15.9,13.3,44.6,179.6,No,No,No,0.144,0.157,1.2,41.0,36.5,35.5,33.5,31.0,33.5,35.5,12.120,4.970,1.004,1.348,1.166,0.866,0.866,1.554,3.324,1.836,1090,755,543,540,1.056,1.263,34,34,41,79.0,100.0,No,No,80673,102290,0.0,0.0,0.0,0.000,0.016,19088,17645,52.3,52.0,62.3,52,52,52,52,52,52,52,52,52,83.0,0.819,12.104,12.205,12.088,12.073,12.051,0,0,201.061,76.544,164.317,21.957,76.988,65.350,36.974,164.317,36.997,23.815,98.178,310.000,350.000,1245.0,1156.5,1305.0,1245.0,1410.0,1245.0,1244.6,1155.1,1409.6,100.0,10.0,0.0,0.0,19.1,0.0,0.0,0.0,0.0,0.0,0,0,Yes,No,No,No,No,Yes,No,64.9,65.3,5,0,0,0,0,0,0,0,0,144,0,0,0,0,0,0,0,0,0,0,0,0,0,0,0,0,0,0,0,0,6631,1561,1392,106,16.0,1.9,1.9,1.9,1.9,1.9,1.9,1.9,1.9,1.9,1.9,1.9,1.9,533.75,533.75,533.75,533.75,533.75,533.75,0.53,533.23,533.75,0.00,433.21,1582,39,0.3,0.0,0,0,0.0,0.0,0,
25.8.2026,16:4:55.455,7798,11456,40.5,5393,10916,33.0,1.6,2944,46,1.169,1.169,1.169,1.169,1.169,1.169,1.169,3770.8,3620.0,3620.0,4525.0,3620.0,3620.0,3620.0,100.0,434.9,78.6,21.8,80.2,51.2,161.1,3783.4,9.6,6.6,214.4,763.0,27.9,21.1,434.9,9.3,1.1,0.4,0.1,1.0,2.7,83.8,0.0,0.0,5.4,16.2,0.0,0.3,83.8,9.3,11.7,1.4,0.6,2.1,1.3,4.3,102.2,0.2,0.2,5.7,20.6,0.7,0.5,11.7,37.7,36.2,36.2,45.2,36.2,36.2,36.2,0.0,19.2,1.9,3.1,87.1,0.4,21.7,1.2,20.5,29.8,15.3,12.9,3.4,51.1,10.4,60.3,68.3,81.6,0.0,96.2,27.2,88.4,1600.0,16.00,16,18,18,36,74,560,1,42.2,41.9,41.5,31.8,31.3,29.2,40.5,28.6,32.7,28.6,30.6,30.6,30.5,25.0,1.163,0.994,1.169,9.715,5.821,9.727,11.861,33.455,1.048,0.407,0.323,3.883,0.084,1.397,0.196,11.354,5.785,17.139,33.392,1600.0,1600.0,4520.2,4520.2,4650.0,43.9,16.2,13.2,44.1,179.3,No,No,No,0.158,0.169,1.2,42.0,36.5,35.5,33.5,31.0,33.5,35.5,12.120,4.970,1.004,1.348,1.166,0.866,0.866,1.554,3.324,1.836,1105,736,543,552,1.056,1.252,34,34,41,79.0,100.0,No,No,80673,102290,0.0,0.0,0.0,0.000,0.000,19088,17645,53.3,54.0,63.4,53,54,52,52,54,54,54,52,54,83.0,0.819,12.113,12.215,12.095,12.082,12.058,0,0,197.500,76.947,165.080,22.036,77.264,65.752,37.090,165.080,37.112,24.943,98.165,310.000,350.000,1245.0,1156.5,1305.0,1245.0,1410.0,1245.0,1245.2,1154.9,1409.7,100.0,10.0,0.0,0.0,19.1,25.0,100.0,0.0,0.0,0.0,0,0,Yes,No,No,No,No,Yes,No,65.2,64.2,5,0,0,0,0,0,0,0,0,144,0,0,0,0,0,0,0,0,0,0,0,0,0,0,0,0,0,0,0,0,6631,1561,1392,106,16.0,1.9,1.9,1.9,1.9,1.9,1.9,1.9,1.9,1.9,1.9,1.9,1.9,533.46,533.46,533.46,533.46,533.46,533.46,0.53,532.93,533.46,0.00,315.80,1582,39,6.7,2.5,0,0,0.0,0.0,0,
25.8.2026,16:4:57.461,7798,11455,40.5,5397,10912,33.0,1.6,2944,46,1.164,1.169,1.163,1.163,1.163,1.163,1.163,3770.8,3620.0,3620.0,4525.0,3620.0,3620.0,3620.0,100.0,439.2,85.5,21.6,104.6,38.9,3200.5,22.8,4.4,6.0,1623.1,95.0,53.9,14.6,439.2,11.3,1.1,1.0,4.4,0.6,71.1,0.0,3.6,15.1,36.5,1.9,0.0,0.0,71.1,11.3,11.8,1.6,0.6,2.8,1.0,86.5,0.6,0.1,0.1,43.8,2.5,1.4,0.4,11.8,37.7,36.2,36.2,45.2,36.2,36.2,36.2,0.0,19.5,2.1,3.4,71.2,0.3,38.2,1.6,23.6,32.0,18.3,26.4,4.4,51.1,9.3,56.9,65.8,78.3,2.4,95.4,10.7,89.1,1600.0,16.00,16,18,18,36,74,560,1,42.4,42.1,41.8,32.0,31.2,29.4,38.9,28.7,34.9,28.7,30.7,30.7,30.2,25.4,1.163,0.994,1.169,10.033,5.821,10.029,12.039,33.744,1.091,0.434,0.370,3.344,0.089,2.102,0.209,11.731,5.785,17.516,33.751,1600.0,1600.0,4522.8,4522.8,4650.0,44.4,16.7,13.4,44.3,178.1,No,No,No,0.155,0.193,1.2,42.0,36.5,35.5,33.5,31.0,33.5,35.5,12.096,4.970,1.004,1.348,1.166,0.864,0.866,1.556,3.324,1.836,1113,742,544,551,1.056,1.240,34,34,41,79.0,100.0,No,No,80673,102290,0.0,0.0,0.0,0.008,0.081,19088,17645,54.2,54.0,64.3,54,54,54,54,54,54,54,52,54,83.0,0.819,12.107,12.208,12.090,12.076,12.054,1108,1119,200.938,76.610,164.686,22.401,76.761,65.488,36.969,164.686,36.994,23.947,97.558,310.000,350.000,1245.0,1156.5,1305.0,1245.0,1410.0,1245.0,1244.9,1155.6,1410.1,100.0,10.0,0.0,0.0,19.1,25.0,100.0,0.0,0.0,0.0,59,66,Yes,No,No,No,No,Yes,No,65.1,65.8,5,0,0,0,0,0,0,0,0,144,0,0,0,0,0,0,0,0,0,0,0,0,0,0,0,0,0,0,0,0,6631,1561,1392,106,16.0,1.9,1.9,1.9,1.9,1.9,1.9,1.9,1.9,1.9,1.9,1.9,1.9,533.43,533.43,533.43,533.43,533.43,533.43,0.52,532.84,533.43,0.00,199.43,1582,39,0.6,0.6,0,0,0.0,0.0,0,
25.8.2026,16:4:59.467,7796,11458,40.4,5387,10923,33.0,1.6,2944,46,1.232,1.238,1.231,1.231,1.231,1.231,1.231,3875.0,3720.0,3720.0,4650.0,3720.0,3720.0,3720.0,100.0,442.0,65.3,12.6,86.6,38.9,3134.7,1444.1,14.7,9.5,331.6,96.9,54.2,14.9,442.0,10.1,1.0,0.1,1.2,0.0,67.7,30.9,5.3,0.0,8.4,3.0,4.1,0.0,67.7,10.1,11.9,1.3,0.3,2.3,1.0,84.7,39.0,0.4,0.2,8.8,2.5,1.4,0.4,11.9,38.8,37.2,37.2,46.5,37.2,37.2,37.2,0.0,19.5,1.7,3.2,98.8,0.6,11.0,1.8,19.6,33.2,17.4,1.2,4.9,48.9,12.2,60.8,65.1,79.4,0.0,94.5,40.0,86.0,1600.0,16.00,16,18,18,36,74,560,1,44.5,44.5,45.5,32.7,32.2,29.6,44.5,29.0,31.7,29.0,31.2,31.2,30.0,25.1,1.225,0.994,1.262,10.841,5.815,10.835,13.132,35.247,1.233,0.503,0.403,5.004,0.123,1.091,0.272,13.307,5.779,19.086,35.314,1600.0,1600.0,4625.3,4625.3,4650.0,46.5,18.1,14.6,46.8,179.1,No,No,No,0.141,0.181,1.2,44.0,37.0,35.5,33.5,31.0,34.0,35.5,12.120,4.970,1.004,1.348,1.232,0.860,0.868,1.554,3.324,1.836,1152,728,544,551,1.056,1.256,34,34,41,79.0,100.0,No,No,80673,102290,0.0,0.0,0.0,0.000,0.050,19088,17645,54.1,56.0,64.1,54,56,54,54,54,54,54,52,56,83.0,0.819,12.107,12.205,12.091,12.077,12.054,1099,1169,199.253,77.268,165.970,23.275,76.973,65.684,37.187,165.970,37.214,24.917,98.225,310.000,350.000,1245.0,1156.5,1305.0,1245.0,1410.0,1245.0,1245.4,1155.1,1410.3,80.0,8.0,0.0,0.0,19.1,25.0,100.0,0.0,0.0,0.0,60,67,Yes,No,No,No,No,Yes,No,65.5,66.2,5,0,0,0,0,0,0,0,0,144,0,0,0,0,0,0,0,0,0,0,0,0,0,0,0,0,0,0,0,0,6631,1561,1392,106,16.0,1.9,1.9,1.9,1.9,1.9,1.9,1.9,1.9,1.9,1.9,1.9,1.9,533.24,533.24,533.24,533.24,533.24,533.24,0.52,532.67,533.24,0.00,82.57,1582,39,0.1,0.0,0,0,0.0,0.0,0,
25.8.2026,16:5:1.475,7796,11457,40.4,5389,10921,33.0,1.6,2944,46,1.168,1.163,1.169,1.169,1.169,1.169,1.169,3770.8,3620.0,3620.0,4525.0,3620.0,3620.0,3620.0,100.0,432.3,75.4,26.9,81.7,57.7,267.0,1625.1,4.6,2.5,72.8,2919.4,42.4,12.5,432.3,9.9,1.5,1.1,2.3,3.2,5.6,36.4,0.0,0.0,1.3,65.1,0.0,2.9,65.1,9.9,11.6,1.2,0.7,2.2,1.5,7.1,43.9,0.1,0.1,1.9,78.9,1.1,0.3,11.6,37.7,36.2,36.2,45.2,36.2,36.2,36.2,0.0,19.1,1.9,3.3,41.5,0.2,66.5,1.3,17.2,25.6,14.2,30.3,5.6,19.1,8.2,63.7,72.5,82.5,28.1,94.2,14.4,90.4,1600.0,16.00,16,18,18,36,74,560,1,44.4,43.0,41.8,32.2,30.9,29.6,35.8,29.0,38.8,29.0,31.0,31.0,30.2,25.4,1.163,0.994,1.169,9.652,5.830,9.662,11.810,33.489,1.045,0.373,0.326,2.232,0.097,3.056,0.184,11.380,5.794,17.174,33.424,1600.0,1600.0,4539.3,4539.3,4650.0,44.0,16.1,13.1,45.2,180.4,No,No,No,0.143,0.161,1.1,44.0,36.5,35.5,33.5,31.5,34.0,35.5,12.120,4.970,1.002,1.348,1.164,0.858,0.866,1.554,3.324,1.836,1148,715,544,551,1.056,1.250,34,34,41,79.0,100.0,No,No,80673,102290,0.0,0.0,0.0,0.000,0.000,19088,17645,54.7,56.0,65.0,55,56,54,54,54,54,56,54,56,83.0,0.819,12.108,12.207,12.091,12.078,12.055,1308,1357,203.516,77.324,166.262,23.474,76.961,65.788,37.249,166.262,37.272,24.579,98.066,310.000,350.000,1245.0,1156.5,1305.0,1245.0,1410.0,1245.0,1245.4,1155.6,1410.6,100.0,10.0,0.0,0.0,19.1,23.9,95.7,0.0,0.0,0.0,61,68,Yes,No,No,No,No,Yes,No,65.7,66.3,5,0,0,0,0,0,0,0,0,144,0,0,0,0,0,0,0,0,0,0,0,0,0,0,0,0,0,0,0,0,6631,1561,1392,107,16.0,3.0,3.0,3.0,3.0,3.0,3.0,3.0,3.0,3.0,3.0,3.0,3.0,332.71,332.71,332.71,332.71,332.71,332.71,0.63,332.14,332.71,0.00,183.88,1582,39,0.1,0.0,0,0,0.0,0.0,0,
25.8.2026,16:5:3.485,5431,13822,28.2,4666,11643,28.6,1.6,2944,46,0.950,0.950,0.950,0.950,0.950,0.950,0.950,3675.0,3675.0,3675.0,3675.0,3675.0,3675.0,3675.0,100.0,411.9,108.6,43.2,247.9,66.3,28.9,3858.6,7.3,6.7,340.6,159.3,53.7,21.4,411.9,11.5,1.3,0.7,5.9,0.6,1.1,84.5,13.4,3.6,6.9,3.6,16.1,0.2,84.5,11.5,11.0,1.6,1.1,6.6,1.7,0.8,104.3,0.2,0.2,9.1,4.2,1.4,0.5,11.0,36.8,36.8,36.8,36.8,36.8,36.8,36.8,0.0,18.3,2.8,7.7,85.3,0.4,11.7,1.9,22.8,24.8,24.8,13.2,5.8,56.3,12.0,58.9,72.5,67.5,1.6,93.8,32.0,86.1,1600.0,16.00,16,18,18,36,74,560,1,44.1,41.4,34.5,32.3,31.9,30.2,41.3,29.2,31.9,29.2,31.2,31.2,30.8,25.5,1.175,0.994,1.181,9.876,5.877,9.884,11.205,33.808,1.078,0.410,0.578,4.034,0.113,1.077,0.259,11.639,5.841,17.479,33.773,1600.0,1600.0,4457.1,4457.1,4650.0,44.4,16.5,12.4,43.6,178.8,No,No,No,0.393,0.594,1.1,44.0,37.0,35.5,33.5,31.5,34.0,35.5,12.168,4.990,1.004,1.352,1.230,0.856,0.866,1.558,3.340,1.836,1189,710,544,551,1.056,1.242,34,34,41,79.0,100.0,No,No,80673,102290,0.0,0.0,0.1,0.130,0.193,19088,17646,52.6,56.0,62.9,55,56,54,56,54,56,56,54,56,83.0,0.819,12.128,12.221,12.113,12.096,12.081,1379,1410,203.508,53.934,133.755,16.999,62.723,54.142,36.075,133.755,36.095,2.360,9.504,310.000,350.000,1245.0,1156.5,1305.0,1245.0,1410.0,1245.0,1244.8,1155.0,1409.8,100.0,10.0,0.0,0.0,15.9,22.4,89.7,0.0,0.0,0.0,61,68,Yes,No,No,No,No,Yes,No,54.8,45.0,5,0,0,0,0,0,0,0,0,144,0,0,0,0,0,0,0,0,0,0,0,0,0,0,0,0,0,0,0,0,6887,1305,1136,107,16.0,1.9,1.9,1.9,1.9,1.9,1.9,1.9,1.9,1.9,1.9,1.9,1.9,533.60,533.60,533.60,533.60,533.60,533.60,0.56,532.92,533.60,0.00,382.66,1582,39,0.2,0.1,0,0,0.0,0.0,0,
25.8.2026,16:5:5.483,5429,13824,28.1,4660,11649,28.5,1.6,2944,46,0.908,0.912,0.906,0.906,0.912,0.906,0.906,3675.0,3675.0,3675.0,3675.0,3675.0,3675.0,3675.0,100.0,53.8,78.1,7.3,26.0,11.5,117.8,177.4,1.0,0.7,112.3,89.8,13.6,10.3,53.8,2.2,1.2,0.0,0.0,0.0,2.2,3.5,4.8,6.9,4.3,2.3,1.4,0.0,6.9,2.2,1.3,1.0,0.2,0.7,0.3,3.1,4.7,0.0,0.0,2.9,2.2,0.3,0.2,1.3,36.8,36.8,36.8,36.8,36.8,36.8,36.8,38.2,2.3,1.0,0.9,6.5,0.0,4.7,0.6,15.4,7.3,4.8,27.9,0.1,45.4,7.0,82.4,91.8,94.3,65.7,99.9,50.0,92.5,1600.0,16.00,16,18,18,36,74,560,1,41.8,30.9,33.8,29.1,29.1,29.0,29.6,28.7,29.5,28.7,29.7,29.7,30.5,25.6,1.156,0.994,1.181,3.175,5.379,3.179,3.179,23.049,0.247,0.121,0.115,0.487,0.017,0.643,0.098,3.281,5.352,8.633,23.144,1600.0,1600.0,2754.4,2754.4,4650.0,30.5,5.3,3.5,32.6,216.9,No,No,No,0.194,0.085,0.1,42.0,37.0,35.5,33.5,31.5,34.0,35.5,12.168,5.000,1.004,1.352,0.952,0.854,0.866,1.560,3.344,1.836,1182,710,546,552,1.056,1.270,34,34,41,79.0,100.0,No,No,80673,102290,0.0,0.0,0.0,0.000,0.004,19088,17646,45.6,54.0,54.9,52,52,52,52,52,52,52,52,54,83.0,0.719,12.193,12.280,12.173,12.158,12.163,1408,1429,96.405,21.698,45.627,2.038,23.847,19.720,25.432,45.627,25.450,1.494,6.043,310.000,350.000,1290.0,625.2,1140.0,1282.8,1230.0,1080.0,1290.6,624.5,1230.0,0.0,0.0,0.0,0.0,7.6,0.0,0.0,0.0,0.0,0.0,61,68,Yes,No,No,No,No,Yes,No,22.9,34.0,5,0,0,0,0,0,0,0,0,144,0,0,0,0,0,0,0,0,0,0,0,0,0,0,0,0,0,0,0,0,7572,620,450,33,16.0,1.9,1.9,1.9,1.9,1.9,1.9,1.9,1.9,1.9,1.9,1.9,1.9,532.65,532.65,532.65,532.65,532.65,532.65,0.34,532.32,532.65,0.00,281.76,1582,39,0.3,0.0,0,0,0.0,0.0,0,
25.8.2026,16:5:7.484,5427,13826,28.1,4660,11650,28.5,1.6,2944,46,0.950,0.950,0.950,0.950,0.950,0.950,0.950,3675.0,3675.0,3675.0,3675.0,3675.0,3675.0,3675.0,100.0,45.8,163.7,1.7,9.8,8.9,155.7,98.4,0.6,0.1,44.0,52.1,8.3,6.3,45.8,1.3,0.6,0.0,1.7,3.9,3.5,2.9,0.0,0.0,1.0,1.2,0.9,0.0,3.9,1.3,0.9,0.7,0.0,0.2,0.2,4.2,2.6,0.0,0.0,1.1,1.2,0.2,0.1,0.9,36.8,36.8,36.8,36.8,36.8,36.8,36.8,46.7,1.5,0.7,0.4,5.5,0.0,2.2,0.3,10.5,4.4,2.5,14.1,0.1,41.0,0.6,88.1,95.0,97.1,80.5,99.9,56.9,99.3,1600.0,16.00,16,18,18,36,74,560,1,39.6,30.2,33.2,28.8,28.8,28.8,29.2,28.5,29.0,28.5,29.4,29.4,30.2,26.2,1.175,0.994,1.181,2.593,4.622,2.588,2.588,20.473,0.198,0.112,0.092,0.398,0.018,0.515,0.055,2.633,4.604,7.237,20.391,1600.0,1600.0,2422.9,2422.9,4650.0,26.8,4.3,2.9,31.8,215.9,No,No,No,0.198,0.037,0.1,40.0,37.0,35.5,33.5,31.5,34.5,35.5,12.192,5.020,1.002,1.352,0.924,0.852,0.866,1.562,3.356,1.836,1115,700,547,555,1.056,1.251,34,34,41,79.0,100.0,No,No,80673,102290,0.0,0.0,0.0,0.000,0.000,19088,17646,42.7,48.0,50.3,47,48,46,48,48,46,48,46,48,83.0,0.725,12.210,12.277,12.196,12.175,12.192,1410,1428,27.362,6.775,14.928,1.338,6.891,6.684,5.547,14.928,5.551,1.447,3.657,310.000,350.000,1290.0,101.2,1140.0,577.6,1230.0,1080.0,914.2,70.7,873.0,0.0,8.0,0.0,0.0,7.6,0.0,0.0,0.0,0.0,0.0,61,68,Yes,No,No,No,No,Yes,No,6.6,7.6,5,0,0,0,0,0,0,0,0,145,0,0,0,0,0,0,0,0,0,0,0,0,0,0,0,0,0,0,0,0,7572,620,450,33,5.0,1.9,1.9,1.9,1.9,1.9,1.9,1.9,1.9,1.9,1.9,1.9,1.9,516.86,516.86,516.86,516.86,516.86,516.86,0.67,516.25,516.86,0.00,148.96,1582,39,20.6,1.6,0,0,0.0,0.0,0,
25.8.2026,16:5:9.479,5425,13828,28.1,4657,11652,28.5,1.6,2944,46,0.908,0.912,0.906,0.906,0.912,0.906,0.906,3675.0,3675.0,3675.0,3675.0,3675.0,3675.0,3675.0,100.0,39.8,102.9,1.6,6.1,10.0,97.0,135.1,0.4,0.2,53.2,60.2,4.8,6.4,39.8,1.6,0.7,0.0,0.4,0.0,1.7,3.4,6.8,0.0,1.6,1.7,0.4,2.7,6.8,1.6,0.8,0.4,0.0,0.1,0.2,2.6,3.6,0.0,0.0,1.3,1.4,0.1,0.1,0.8,36.8,36.8,36.8,36.8,36.8,36.8,36.8,60.5,1.5,0.4,0.4,5.1,0.0,2.6,0.2,7.4,1.9,3.3,13.4,0.0,25.0,0.5,91.3,97.8,96.4,81.7,99.9,72.4,99.4,1600.0,16.00,16,18,18,36,74,560,1,37.9,30.0,33.5,28.7,28.7,28.8,29.1,28.5,28.8,28.5,29.3,29.3,28.5,24.2,1.169,1.000,1.181,2.123,4.214,2.124,2.124,18.709,0.192,0.084,0.077,0.389,0.010,0.534,0.055,2.178,4.202,6.380,18.687,1600.0,1600.0,2386.4,2386.4,4650.0,24.6,3.5,2.4,31.5,184.9,No,No,No,0.195,0.039,0.1,38.0,37.5,35.0,33.5,31.0,34.5,35.0,12.192,5.020,1.002,1.352,0.576,0.850,0.866,1.562,3.352,1.834,1105,719,547,556,1.056,1.270,34,34,41,79.0,100.0,No,No,80673,102290,0.0,0.0,0.0,0.000,0.040,19088,17646,41.7,48.0,49.2,46,48,46,46,46,46,46,46,46,83.0,0.725,12.217,12.283,12.204,12.182,12.200,1405,1424,21.038,6.896,15.106,1.290,6.956,6.834,5.771,15.106,5.781,1.431,3.790,310.000,350.000,1290.0,101.2,1140.0,261.3,1230.0,1080.0,923.4,71.6,881.2,0.0,3.0,0.0,0.0,7.6,0.0,0.0,0.0,0.0,0.0,60,67,Yes,No,No,No,No,Yes,No,6.7,7.7,5,0,0,0,0,0,0,0,0,145,0,0,0,0,0,0,0,0,0,0,0,0,0,0,0,0,0,0,0,0,7572,620,450,33,5.0,1.9,1.9,1.9,1.9,1.9,1.9,1.9,1.9,1.9,1.9,1.9,1.9,516.86,516.86,516.86,516.86,516.86,516.86,0.67,516.25,516.86,0.00,148.96,1582,39,5.8,0.0,0,0,0.0,0.0,0,
25.8.2026,16:5:11.494,5425,13829,28.1,4656,11654,28.5,1.6,2944,46,0.944,0.912,0.950,0.950,0.950,0.950,0.950,3675.0,3675.0,3675.0,3675.0,3675.0,3675.0,3675.0,100.0,41.4,104.1,1.8,12.2,11.3,127.0,29.0,0.8,0.5,123.3,75.5,3.5,8.4,41.4,2.4,0.7,19.0,0.4,1.1,3.7,0.0,0.0,0.1,2.2,1.9,0.2,0.0,19.0,2.4,0.9,0.6,0.0,0.3,0.3,3.4,0.7,0.0,0.0,3.2,1.8,0.1,0.2,0.9,36.8,36.8,36.8,36.8,36.8,36.8,36.8,54.8,1.5,0.6,0.5,3.2,0.0,4.4,0.2,7.7,1.2,2.5,8.0,0.0,32.4,1.8,91.0,98.3,97.1,89.0,99.9,63.3,98.2,1600.0,16.00,16,18,18,36,74,560,1,36.5,30.1,33.5,28.8,28.8,28.9,29.1,28.6,29.1,28.6,29.4,29.4,29.2,24.4,1.150,0.994,1.181,2.195,4.323,2.196,2.196,19.135,0.193,0.098,0.074,0.315,0.017,0.602,0.049,2.231,4.308,6.540,19.169,1600.0,1600.0,2227.4,2227.4,4650.0,25.2,3.7,2.4,31.7,188.3,No,No,No,0.211,0.040,0.1,36.0,37.0,35.0,33.5,31.0,34.5,35.0,12.192,5.010,1.002,1.352,0.614,0.850,0.864,1.562,3.348,1.834,1061,712,547,542,1.057,1.269,34,34,41,79.0,100.0,No,No,80673,102290,0.0,0.0,0.0,0.000,0.010,19088,17646,40.8,46.0,48.4,45,46,44,44,46,44,46,46,46,83.0,0.725,12.213,12.280,12.199,12.176,12.195,1385,1404,20.991,6.684,14.661,1.179,6.758,6.709,5.549,14.661,5.557,1.418,3.668,310.000,350.000,1290.0,101.2,1140.0,266.0,1230.0,1080.0,1289.4,100.9,1229.8,0.0,7.0,0.0,0.0,7.6,0.0,0.0,0.0,0.0,0.0,60,67,Yes,No,No,No,No,Yes,No,6.5,7.7,5,0,0,0,0,0,0,0,0,145,0,0,0,0,0,0,0,0,0,0,0,0,0,0,0,0,0,0,0,0,7572,620,450,33,5.0,1.9,1.9,1.9,1.9,1.9,1.9,1.9,1.9,1.9,1.9,1.9,1.9,533.52,533.52,533.52,533.52,533.52,533.52,0.57,532.98,533.52,0.00,448.74,1582,39,0.0,0.0,0,0,0.0,0.0,0,
25.8.2026,16:5:13.501,7790,11463,40.4,5404,10905,33.1,1.6,2944,46,1.162,1.163,1.163,1.163,1.163,1.163,1.163,3770.8,3620.0,3620.0,3620.0,3620.0,4525.0,3620.0,100.0,423.9,118.2,24.2,235.6,118.5,386.5,1162.8,21.7,10.0,1083.9,1768.9,106.3,50.9,423.9,10.2,2.1,0.6,4.6,1.2,8.7,26.2,7.0,6.8,24.5,38.7,1.7,0.0,38.7,10.2,11.2,2.3,0.6,6.0,3.1,10.3,31.0,0.5,0.2,29.1,47.1,2.7,1.3,11.2,37.7,36.2,36.2,36.2,36.2,45.2,36.2,3.8,18.9,2.8,8.5,34.6,0.8,62.7,3.8,33.6,20.1,54.4,50.6,9.6,31.9,35.1,47.5,77.1,37.0,14.9,89.6,5.4,61.1,1600.0,16.00,16,18,18,36,74,560,1,41.5,40.5,40.5,32.7,31.2,31.1,35.2,29.8,38.7,30.1,31.3,31.3,30.8,26.0,1.163,0.994,1.169,11.631,5.270,11.619,12.137,33.813,1.460,0.372,1.029,2.628,0.170,3.991,0.570,13.556,5.239,18.795,33.888,1600.0,1600.0,4332.7,4332.7,4650.0,44.6,19.4,13.5,42.6,154.0,No,No,No,0.854,0.653,1.1,40.0,37.0,35.5,33.5,31.5,34.5,35.5,12.168,5.000,1.004,1.352,1.164,0.850,0.864,1.562,3.356,1.836,1022,732,545,554,1.056,1.249,34,34,41,79.0,100.0,No,No,80673,102290,0.0,0.0,0.0,0.000,0.030,19088,17646,40.5,46.0,48.2,45,46,44,44,46,44,44,44,46,83.0,0.725,12.206,12.275,12.192,12.170,12.188,1351,1385,21.591,7.041,15.457,1.154,7.279,7.010,5.996,15.457,6.009,1.400,3.605,310.000,350.000,1290.0,101.2,1140.0,312.4,1230.0,1080.0,918.7,71.1,876.8,0.0,4.0,0.0,0.0,7.6,0.0,0.0,0.0,0.0,0.0,59,66,Yes,No,No,No,No,Yes,No,6.9,7.8,5,0,0,0,0,0,0,0,0,145,0,0,0,0,0,0,0,0,0,0,0,0,0,0,0,0,0,0,0,0,7572,620,450,33,5.0,1.9,1.9,1.9,1.9,1.9,1.9,1.9,1.9,1.9,1.9,1.9,1.9,516.58,516.58,516.58,516.58,516.58,516.58,0.62,515.90,516.58,0.00,315.77,1582,39,1.1,0.0,0,0,0.0,0.0,0,
25.8.2026,16:5:15.502,7789,11464,40.4,5390,10919,33.0,1.6,2944,46,1.253,1.238,1.256,1.256,1.256,1.256,1.256,3875.0,3720.0,3720.0,4650.0,3720.0,3720.0,3720.0,100.0,431.1,44.1,18.0,75.9,36.5,8.8,4520.7,4.8,2.2,304.2,105.9,25.1,26.7,431.1,9.9,0.3,0.0,2.1,2.7,0.0,99.5,0.0,1.2,6.4,2.5,0.0,4.7,99.5,9.9,11.6,0.7,0.5,2.0,0.9,0.2,122.2,0.1,0.1,8.1,3.4,0.6,0.7,11.6,38.8,37.2,37.2,46.5,37.2,37.2,37.2,0.0,19.1,1.1,2.7,99.4,0.2,9.7,1.2,18.9,5.2,9.3,0.6,3.0,87.9,7.3,62.1,93.7,88.0,0.0,96.9,2.4,91.4,1600.0,16.00,16,18,18,36,74,560,1,43.6,43.5,46.2,33.0,32.2,30.2,43.4,29.7,32.8,29.7,31.7,31.7,31.2,26.1,1.237,0.994,1.244,9.761,5.826,9.757,11.615,33.482,1.056,0.154,0.251,4.424,0.073,1.265,0.171,11.505,5.790,17.295,33.522,1600.0,1600.0,4543.5,4543.5,4650.0,44.1,16.3,12.9,45.8,180.4,No,No,No,0.127,0.128,1.1,42.0,37.5,35.5,33.5,31.5,34.5,35.5,12.096,4.970,1.004,1.348,1.164,0.848,0.864,1.552,3.320,1.836,1094,728,544,551,1.056,1.260,34,34,41,79.0,100.0,No,No,80673,102290,0.0,0.0,0.0,0.032,0.071,19088,17646,51.6,54.0,61.7,52,52,52,52,54,52,52,52,54,83.0,0.819,12.099,12.194,12.083,12.068,12.048,1318,1354,207.437,78.826,169.574,23.889,78.299,67.341,37.193,169.574,37.214,25.490,100.861,310.000,350.000,1290.0,1156.5,1305.0,1290.0,1410.0,1245.0,1289.9,1155.2,1410.1,100.0,11.0,0.0,0.0,19.1,0.0,0.0,0.0,0.0,0.0,59,66,Yes,No,No,No,No,Yes,No,66.7,66.0,5,0,0,0,0,0,0,0,0,146,0,0,0,0,0,0,0,0,0,0,0,0,0,0,0,0,0,0,0,0,6631,1561,1392,107,16.0,1.9,1.9,1.9,1.9,1.9,1.9,1.9,1.9,1.9,1.9,1.9,1.9,516.66,516.66,516.66,516.66,516.66,516.66,0.40,516.08,516.66,0.00,215.89,1582,39,0.1,0.1,0,0,0.0,0.0,0,
25.8.2026,16:5:17.503,7793,11460,40.4,5392,10917,33.0,1.6,2944,46,1.238,1.238,1.238,1.238,1.238,1.238,1.238,3875.0,3720.0,3720.0,4650.0,3720.0,3720.0,3720.0,100.0,439.6,58.9,31.1,83.6,64.6,114.9,3902.9,7.7,3.5,266.7,678.2,38.4,24.7,439.6,11.1,0.9,8.2,1.5,1.8,2.1,84.9,4.2,0.0,6.8,15.9,6.3,0.0,84.9,11.1,11.8,0.7,0.8,2.2,1.7,3.1,105.5,0.2,0.1,7.1,18.3,1.0,0.6,11.8,38.8,37.2,37.2,46.5,37.2,37.2,37.2,0.0,19.4,1.5,3.6,87.4,0.2,22.0,1.6,21.7,6.0,18.7,12.6,4.0,77.7,11.2,58.9,92.4,77.7,0.0,95.8,0.3,87.2,1600.0,16.00,16,18,18,36,74,560,1,45.2,44.7,46.2,33.6,32.5,30.7,43.5,30.0,34.7,30.0,32.0,32.0,30.8,26.8,1.237,0.994,1.244,10.510,5.846,10.512,12.318,34.734,1.190,0.195,0.419,4.402,0.097,1.781,0.248,12.679,5.809,18.488,34.732,1600.0,1600.0,4583.2,4583.2,4650.0,45.7,17.5,13.7,47.1,176.7,No,No,No,0.143,0.192,1.2,44.0,37.5,35.5,33.5,31.5,34.5,35.5,12.096,4.970,1.004,1.348,1.230,0.846,0.864,1.554,3.320,1.834,1145,705,543,551,1.056,1.245,34,34,41,79.0,100.0,No,No,80673,102290,0.0,0.0,0.0,0.073,0.181,19088,17646,52.2,54.0,62.3,54,52,54,54,54,54,54,52,54,83.0,0.819,12.100,12.196,12.085,12.070,12.050,1311,1354,202.297,78.787,169.417,23.783,78.190,67.422,37.306,169.417,37.328,25.267,100.957,310.000,350.000,1290.0,1156.5,1305.0,1290.0,1410.0,1245.0,1290.0,1155.4,1410.0,100.0,11.0,0.0,0.0,19.1,25.0,100.0,0.0,0.0,0.0,59,66,Yes,No,No,No,No,Yes,No,66.7,65.5,5,0,0,0,0,0,0,0,0,146,0,0,0,0,0,0,0,0,0,0,0,0,0,0,0,0,0,0,0,0,6631,1561,1392,107,16.0,1.9,1.9,1.9,1.9,1.9,1.9,1.9,1.9,1.9,1.9,1.9,1.9,533.59,533.59,533.59,533.59,533.59,533.59,0.41,533.19,533.59,0.00,115.84,1582,39,0.0,0.0,0,0,0.0,0.0,0,
25.8.2026,16:5:19.512,7792,11462,40.4,5384,10926,33.0,1.6,2944,46,1.238,1.238,1.238,1.238,1.238,1.238,1.238,3875.0,3720.0,3720.0,4650.0,3720.0,3720.0,3720.0,100.0,448.4,59.9,17.7,97.4,40.4,4561.4,7.8,5.3,14.0,394.1,109.6,52.9,20.0,448.4,10.9,0.7,0.1,3.7,0.6,98.1,0.0,1.3,9.2,10.0,2.5,0.2,3.9,98.1,10.9,12.0,1.1,0.5,2.6,1.0,123.3,0.2,0.1,0.4,10.5,2.9,1.4,0.5,12.0,38.8,37.2,37.2,46.5,37.2,37.2,37.2,0.0,19.8,1.6,3.7,98.2,0.5,13.0,2.0,20.9,8.3,18.6,1.8,5.0,76.5,15.2,59.3,90.2,77.8,0.0,94.5,10.5,82.8,1600.0,16.00,16,18,18,36,74,560,1,46.4,46.4,46.5,34.2,33.2,31.0,46.4,30.3,34.0,30.4,32.5,32.5,31.5,27.3,1.237,0.994,1.244,11.258,5.834,11.257,13.321,35.961,1.315,0.241,0.450,5.214,0.131,1.525,0.331,13.944,5.797,19.742,35.983,1600.0,1600.0,4642.5,4642.5,4650.0,47.3,18.8,14.8,48.9,176.1,No,No,No,0.154,0.182,1.2,46.0,37.5,36.0,33.5,32.0,34.5,36.0,12.120,4.970,1.004,1.348,1.240,0.846,0.862,1.554,3.320,1.836,1214,698,543,551,1.056,1.243,35,35,42,79.0,100.0,No,No,80673,102290,0.0,1.2,1.2,0.055,0.595,19088,17647,52.8,54.0,62.8,54,54,54,54,54,54,54,54,54,83.0,0.819,12.102,12.199,12.086,12.071,12.050,1305,1354,202.973,79.116,170.390,23.959,78.610,67.780,37.246,170.390,37.277,25.327,101.066,310.000,350.000,1290.0,1156.5,1305.0,1290.0,1410.0,1245.0,1290.4,1155.5,1410.4,100.0,11.0,0.0,0.0,19.1,19.7,78.8,0.0,0.0,0.0,59,66,Yes,No,No,No,No,Yes,No,67.0,67.3,5,0,0,0,0,0,0,0,0,146,0,0,0,0,0,0,0,0,0,0,0,0,0,0,0,0,0,0,0,0,6631,1561,1392,106,16.0,1.9,1.9,1.9,1.9,1.9,1.9,1.9,1.9,1.9,1.9,1.9,1.9,533.59,533.59,533.59,533.59,533.59,533.59,0.41,533.19,533.59,0.00,115.84,1582,39,13.0,0.0,0,0,0.0,0.0,0,
25.8.2026,16:5:21.525,7791,11462,40.4,5392,10918,33.0,1.6,2944,46,1.192,1.169,1.194,1.194,1.194,1.200,1.200,4223.3,3620.0,4525.0,4525.0,4525.0,4525.0,3620.0,100.0,429.4,55.4,25.6,67.7,57.0,2882.0,23.5,5.5,4.3,1875.5,83.6,60.3,12.2,429.4,10.6,0.8,1.5,1.6,1.4,63.3,1.3,6.7,3.1,42.2,1.9,2.2,1.1,63.3,10.6,11.5,0.8,0.7,1.8,1.5,77.8,0.6,0.1,0.1,50.5,2.2,1.6,0.3,11.5,42.2,36.2,45.2,45.2,45.2,45.2,36.2,0.0,19.0,1.4,2.9,63.8,0.2,44.0,1.7,17.9,5.5,12.1,23.0,3.3,55.4,8.3,63.1,93.1,85.0,13.2,96.4,0.7,90.0,1600.0,16.00,16,18,18,36,74,560,1,46.0,44.1,41.5,33.5,32.2,30.8,39.9,30.3,37.4,30.3,32.2,32.2,30.8,26.0,1.194,0.994,1.212,9.666,5.832,9.655,11.611,33.447,1.064,0.174,0.300,3.182,0.083,2.432,0.209,11.406,5.795,17.201,33.428,1600.0,1600.0,4538.6,4538.6,4650.0,44.0,16.1,12.9,46.4,178.0,No,No,No,0.136,0.165,1.1,46.0,37.5,36.0,33.5,32.0,34.5,36.0,12.096,4.970,1.004,1.348,1.164,0.844,0.862,1.552,3.324,1.836,1235,690,544,551,1.056,1.253,35,35,41,79.0,100.0,No,No,80673,102290,0.0,0.0,0.0,0.000,0.000,19088,17647,52.8,54.0,62.9,54,54,54,54,54,54,54,52,54,83.0,0.819,12.098,12.194,12.083,12.068,12.047,1308,1361,202.206,78.932,170.118,23.961,78.516,67.593,37.118,170.118,37.145,24.872,100.947,310.000,350.000,1290.0,1156.5,1305.0,1290.0,1410.0,1245.0,1290.3,1154.7,1410.1,99.0,11.0,0.0,0.0,19.1,25.0,100.0,0.0,0.0,0.0,59,66,Yes,No,No,No,No,Yes,No,66.9,67.4,5,0,0,0,0,0,0,0,0,146,0,0,0,0,0,0,0,0,0,0,0,0,0,0,0,0,0,0,0,0,6631,1561,1392,106,16.0,1.9,1.9,1.9,1.9,1.9,1.9,1.9,1.9,1.9,1.9,1.9,1.9,533.70,533.70,533.70,533.70,533.70,533.70,0.35,533.02,533.70,0.00,399.83,1582,39,0.6,0.0,0,0,0.0,0.0,0,
25.8.2026,16:5:23.534,7793,11460,40.4,5384,10925,33.0,1.6,2944,46,1.238,1.238,1.238,1.238,1.238,1.238,1.238,3875.0,3720.0,3720.0,4650.0,3720.0,3720.0,3720.0,100.0,438.8,63.2,19.4,99.1,58.4,48.7,3916.9,4.2,4.5,317.2,665.1,47.8,20.9,438.8,9.3,1.4,0.0,1.2,0.0,0.0,85.8,0.0,0.0,7.9,14.7,0.0,0.0,85.8,9.3,11.8,1.1,0.5,2.6,1.5,1.3,105.8,0.1,0.1,8.5,17.9,1.2,0.5,11.8,38.8,37.2,37.2,46.5,37.2,37.2,37.2,0.0,19.4,1.6,3.8,86.8,0.3,22.3,1.7,21.9,7.4,17.6,13.2,4.3,77.3,11.8,58.7,91.0,78.6,0.0,95.4,0.4,86.5,1600.0,16.00,16,18,18,36,74,560,1,46.2,44.6,43.0,33.9,32.8,31.1,43.2,30.5,35.2,30.5,32.4,32.4,31.0,26.4,1.231,0.994,1.238,10.494,5.844,10.505,12.144,34.525,1.150,0.204,0.391,4.174,0.093,1.794,0.244,12.485,5.808,18.293,34.547,1600.0,1600.0,4557.3,4557.3,4650.0,45.5,17.5,13.5,47.0,179.6,No,No,No,0.156,0.184,1.2,45.0,37.5,36.0,33.5,32.0,35.0,36.0,12.096,4.980,1.004,1.348,1.178,0.842,0.862,1.552,3.320,1.836,1235,702,545,539,1.056,1.253,35,35,41,79.0,100.0,No,No,80673,102290,0.0,0.0,0.0,0.032,0.077,19088,17647,52.7,56.0,63.0,54,56,54,54,54,54,54,54,54,83.0,0.819,12.127,12.217,12.113,12.095,12.083,1317,1361,207.124,64.794,128.316,15.613,60.286,52.578,35.731,128.316,35.747,25.464,101.099,310.000,350.000,1290.0,1156.5,1305.0,1290.0,1410.0,1245.0,1289.8,1155.7,1409.9,100.0,11.0,0.0,0.0,19.1,25.0,100.0,0.0,0.0,0.0,59,66,Yes,No,No,No,No,Yes,No,52.9,67.3,5,0,0,0,0,0,0,0,0,146,0,0,0,0,0,0,0,0,0,0,0,0,0,0,0,0,0,0,0,0,6631,1561,1392,106,16.0,1.9,1.9,1.9,1.9,1.9,1.9,1.9,1.9,1.9,1.9,1.9,1.9,533.45,533.45,533.45,533.45,533.45,533.45,0.77,532.98,533.45,0.00,299.20,1582,39,0.4,0.2,0,0,0.0,0.0,0,
25.8.2026,16:5:25.549,5429,13824,28.1,4659,11650,28.5,1.6,2944,46,0.956,0.956,0.956,0.956,0.956,0.956,0.956,3675.0,3675.0,3675.0,3675.0,3675.0,3675.0,3675.0,100.0,363.7,242.1,88.7,92.6,71.9,424.8,2317.4,5.4,2.8,343.2,706.3,49.5,19.4,363.7,9.7,4.8,16.4,2.2,2.6,10.6,50.4,0.0,0.0,8.0,16.5,4.9,0.0,50.4,9.7,9.6,5.0,2.4,2.4,1.9,11.4,62.6,0.1,0.1,9.1,19.0,1.3,0.5,9.6,36.8,36.8,36.8,36.8,36.8,36.8,36.8,0.2,16.0,5.9,4.1,60.0,0.2,23.7,1.7,27.8,21.1,26.8,30.2,4.5,70.4,13.8,56.3,73.0,69.1,9.8,95.3,5.9,84.5,1600.0,16.00,16,18,18,36,74,560,1,45.6,41.5,35.8,33.4,33.1,31.3,39.7,30.5,35.1,30.6,32.3,32.3,32.0,27.4,1.156,0.994,1.163,9.623,5.903,9.633,9.633,33.525,1.035,0.512,0.498,3.137,0.091,1.709,0.263,11.287,5.867,17.154,33.450,1600.0,1600.0,4358.6,4358.6,4650.0,44.0,16.1,10.7,43.7,180.5,No,No,No,0.413,0.599,1.0,46.0,37.5,36.0,33.5,32.0,35.0,36.0,12.168,4.990,1.004,1.348,1.224,0.840,0.862,1.560,3.344,1.836,1235,1400,545,540,1.056,1.256,35,35,42,79.0,100.0,No,No,80673,102290,0.0,0.0,0.0,0.000,0.040,19088,17648,47.5,54.0,57.6,54,54,52,54,54,54,54,52,54,83.0,0.819,12.178,12.267,12.162,12.141,12.141,1329,1375,201.955,29.954,63.863,2.686,31.902,29.247,33.630,63.863,33.653,2.143,8.600,310.000,350.000,1290.0,1187.7,1305.0,1290.0,1410.0,1245.0,1289.9,1186.6,1409.5,22.0,2.0,0.0,0.0,7.6,0.0,0.0,0.0,0.0,0.0,59,67,Yes,No,No,No,No,Yes,No,31.5,45.3,5,0,0,0,0,0,0,0,0,146,0,0,0,0,0,0,0,0,0,0,0,0,0,0,0,0,0,0,0,0,7572,620,450,32,16.0,3.9,529.6,1.9,1.9,1.9,1.9,3.9,60.0,1.9,1.9,1.9,1.9,254.04,515.57,1.89,1.47,516.63,516.63,0.34,253.62,254.04,0.00,173.87,1582,39,0.2,0.1,0,0,0.0,0.0,0,
25.8.2026,16:5:27.546,5428,13825,28.1,4658,11651,28.5,1.6,2944,46,0.956,0.956,0.956,0.956,0.956,0.956,0.956,3675.0,3675.0,3675.0,3675.0,3675.0,3675.0,3675.0,100.0,41.1,75.4,12.1,10.7,15.2,131.4,97.6,0.7,0.8,45.2,95.5,4.4,4.1,41.1,1.1,0.3,0.0,1.5,0.9,2.7,2.8,0.0,0.0,0.0,2.0,0.0,2.9,2.9,1.1,0.9,0.6,0.3,0.3,0.4,3.5,2.6,0.0,0.0,1.1,2.4,0.1,0.1,0.9,36.8,36.8,36.8,36.8,36.8,36.8,36.8,49.0,1.6,0.8,0.6,5.0,0.0,3.3,0.2,10.8,1.6,2.0,18.7,0.1,40.3,2.0,87.6,97.7,97.4,76.4,99.9,56.5,97.9,1600.0,16.00,16,18,18,36,74,560,1,43.0,31.7,35.0,30.1,30.0,30.1,30.5,29.8,30.4,29.7,30.6,30.6,32.0,26.8,1.156,0.994,1.163,2.885,5.064,2.884,2.884,21.943,0.209,0.074,0.094,0.399,0.014,0.620,0.050,2.930,5.045,7.975,21.964,1600.0,1600.0,2413.8,2413.8,4650.0,28.9,4.8,3.2,33.4,228.2,No,No,No,0.173,0.047,0.1,43.0,38.0,35.5,33.5,32.0,35.0,35.5,12.168,5.000,1.002,1.352,0.768,0.840,0.862,1.560,3.348,1.836,1234,692,546,541,1.056,1.260,35,35,42,79.0,100.0,No,No,80673,102290,0.0,0.1,0.1,0.000,0.020,19088,17648,44.0,52.0,53.2,51,50,50,52,52,52,52,50,52,83.0,0.738,12.188,12.276,12.170,12.150,12.157,1345,1386,91.421,21.876,46.343,2.013,24.096,20.206,24.995,46.343,25.013,1.568,6.310,310.000,350.000,1335.0,625.2,1170.0,1335.0,1260.0,1110.0,1334.8,624.7,1260.0,0.0,0.0,0.0,0.0,7.6,0.0,0.0,0.0,0.0,0.0,59,67,Yes,No,No,No,No,Yes,No,23.1,33.5,5,0,0,0,0,0,0,0,0,146,0,0,0,0,0,0,0,0,0,0,0,0,0,0,0,0,0,0,0,0,7572,620,450,32,16.0,1.9,1.9,1.9,1.9,1.9,1.9,1.9,1.9,1.9,1.9,1.9,1.9,533.86,533.86,533.86,533.86,533.86,533.86,0.38,533.48,533.86,0.00,82.54,1582,39,0.2,0.0,0,0,0.0,0.0,0,
25.8.2026,16:5:29.551,5426,13828,28.1,4658,11652,28.5,1.6,2944,46,0.959,0.912,0.969,0.969,0.969,0.969,0.969,3665.8,3675.0,3675.0,3675.0,3675.0,3675.0,3620.0,100.0,51.4,134.8,1.4,12.5,5.9,133.4,92.8,0.3,1.2,167.4,51.7,10.6,4.5,51.4,3.6,0.5,9.1,0.0,0.0,2.1,1.2,6.4,17.3,4.3,1.1,0.9,0.0,17.3,3.6,1.1,0.6,0.0,0.3,0.1,3.6,2.5,0.0,0.0,4.4,1.2,0.3,0.1,1.1,36.7,36.8,36.8,36.8,36.8,36.8,36.2,45.1,1.9,0.6,0.5,5.0,0.0,5.0,0.4,11.0,3.4,3.5,16.0,0.1,42.1,1.1,87.2,96.1,96.1,79.2,99.9,53.1,98.7,1600.0,16.00,16,18,18,36,74,560,1,41.0,31.8,34.0,30.2,30.1,30.1,30.5,29.8,30.7,29.8,30.7,30.7,30.8,27.1,1.150,0.994,1.156,3.135,4.600,3.144,3.144,21.118,0.219,0.113,0.096,0.374,0.014,0.677,0.040,3.214,4.582,7.796,21.093,1600.0,1600.0,2502.9,2502.9,4650.0,27.8,5.2,3.5,33.5,239.1,No,No,No,0.156,0.041,0.1,41.0,38.0,35.5,34.0,32.0,35.0,35.5,12.192,5.010,1.002,1.352,0.714,0.838,0.860,1.562,3.356,1.836,1184,694,546,554,1.056,1.262,35,35,42,79.0,100.0,No,No,80673,102290,0.0,0.0,0.0,0.008,0.026,19088,17648,41.3,48.0,49.0,47,48,46,46,48,46,48,46,46,83.0,0.738,12.218,12.284,12.205,12.183,12.201,1340,1379,36.887,6.794,15.135,1.155,6.981,6.993,5.295,15.135,5.303,1.511,3.635,310.000,350.000,1335.0,101.2,1170.0,739.5,1260.0,1110.0,1174.0,89.8,1128.6,0.0,6.0,0.0,0.0,7.6,0.0,0.0,0.0,0.0,0.0,59,66,Yes,No,No,No,No,Yes,No,6.8,7.2,5,0,0,0,0,0,0,0,0,147,0,0,0,0,0,0,0,0,0,0,0,0,0,0,0,0,0,0,0,0,7572,620,450,32,5.0,1.9,1.9,1.9,1.9,1.9,1.9,1.9,1.9,1.9,1.9,1.9,1.9,533.86,533.86,533.86,533.86,533.86,533.86,0.38,533.48,533.86,0.00,82.54,1582,39,0.0,0.0,0,0,0.0,0.0,0,
25.8.2026,16:5:31.565,5426,13827,28.1,4656,11653,28.5,1.6,2944,46,1.017,0.912,1.169,1.169,0.950,0.950,0.950,3525.0,3675.0,3675.0,2940.0,3620.0,3620.0,3620.0,100.0,48.9,208.1,3.3,12.6,7.5,147.7,34.8,0.5,0.3,104.2,55.8,3.2,8.4,48.9,1.1,0.9,0.4,1.4,1.3,3.7,1.9,0.0,0.0,1.9,1.6,0.0,0.5,3.7,1.1,0.9,0.6,0.1,0.3,0.2,4.0,0.9,0.0,0.0,2.7,1.3,0.1,0.2,0.9,35.2,36.8,36.8,29.4,36.2,36.2,36.2,54.2,1.4,0.6,0.4,4.0,0.0,3.4,0.2,8.0,4.2,1.2,8.1,0.1,32.4,1.9,90.8,95.6,98.4,88.1,99.9,64.4,98.2,1600.0,16.00,16,18,18,36,74,560,1,39.2,31.2,35.0,29.9,29.9,30.0,30.2,29.7,30.1,29.7,30.5,30.5,30.5,27.5,1.156,0.994,1.163,2.576,4.284,2.570,2.570,19.419,0.208,0.166,0.096,0.355,0.010,0.551,0.071,2.608,4.270,6.878,19.468,1600.0,1600.0,2179.7,2179.7,4650.0,25.6,4.3,2.9,32.8,203.2,No,No,No,0.187,0.039,0.1,39.0,37.5,35.5,34.0,32.0,35.0,35.5,12.192,5.000,1.002,1.352,0.606,0.838,0.860,1.564,3.356,1.836,1124,716,546,555,1.056,1.267,35,35,42,79.0,100.0,No,No,80673,102290,0.0,0.0,0.0,0.000,0.004,19088,17648,40.4,46.0,48.0,45,46,44,46,46,44,46,44,46,83.0,0.738,12.222,12.288,12.208,12.186,12.205,1331,1374,21.331,6.914,15.341,1.266,6.983,7.068,5.553,15.341,5.556,1.496,3.621,310.000,350.000,1335.0,101.2,1170.0,278.3,1260.0,1110.0,944.3,71.4,894.4,0.0,10.0,0.0,0.0,7.6,0.0,0.0,0.0,0.0,0.0,59,66,Yes,No,No,No,No,Yes,No,6.8,7.4,5,0,0,0,0,0,0,0,0,147,0,0,0,0,0,0,0,0,0,0,0,0,0,0,0,0,0,0,0,0,7572,620,450,32,5.0,1.9,1.9,1.9,1.9,1.9,1.9,1.9,1.9,1.9,1.9,1.9,1.9,516.29,516.29,516.29,516.29,516.29,516.29,0.53,515.77,516.29,0.00,364.79,1582,39,0.1,0.0,0,0,0.0,0.0,0,
25.8.2026,16:5:33.557,5687,13566,29.5,4799,11510,29.4,1.6,2944,46,1.162,1.163,1.163,1.163,1.163,1.163,1.163,3770.8,3620.0,3620.0,3620.0,3620.0,4525.0,3620.0,100.0,95.3,173.6,8.7,81.8,17.5,174.3,125.7,7.7,4.5,418.3,81.0,30.2,20.1,95.3,2.7,0.5,0.0,1.5,0.0,4.4,2.5,12.8,0.0,9.2,0.7,1.1,0.1,12.8,2.7,2.1,0.9,0.2,2.1,0.4,4.6,3.3,0.2,0.1,10.5,2.0,0.8,0.5,2.1,37.7,36.2,36.2,36.2,36.2,45.2,36.2,48.3,3.6,1.0,2.2,6.6,0.3,10.5,1.2,12.9,6.9,11.2,16.0,1.4,33.6,8.3,83.6,92.2,86.6,77.6,98.3,56.0,90.8,1600.0,16.00,16,18,18,36,74,560,1,38.4,32.0,39.8,30.3,30.1,30.3,30.6,29.8,31.1,29.9,30.6,30.6,31.2,27.2,1.163,0.994,1.169,3.763,4.421,3.750,3.750,21.287,0.370,0.196,0.264,0.540,0.043,1.009,0.168,4.039,4.404,8.443,21.335,1600.0,1600.0,2422.3,2422.3,4650.0,28.1,6.2,4.2,33.7,181.6,No,No,No,0.321,0.141,0.2,38.0,37.5,35.5,34.0,32.0,35.0,35.5,12.192,5.020,1.002,1.352,0.686,0.838,0.860,1.560,3.356,1.834,1059,1418,546,542,1.057,1.255,35,35,42,79.0,100.0,No,No,80673,102290,0.0,0.0,0.0,0.066,0.147,19089,17648,39.8,46.0,47.4,44,44,44,44,46,44,44,44,46,83.0,0.738,12.211,12.281,12.197,12.174,12.193,1133,1133,21.817,6.593,14.539,0.651,6.952,6.903,5.389,14.539,5.400,1.464,3.502,310.000,350.000,1335.0,101.2,1170.0,350.1,1260.0,1110.0,1334.9,101.0,1260.4,0.0,4.0,0.0,0.0,7.6,0.0,0.0,0.0,0.0,0.0,0,0,Yes,No,No,No,No,Yes,No,6.4,7.3,5,0,0,0,0,0,0,0,0,147,0,0,0,0,0,0,0,0,0,0,0,0,0,0,0,0,0,0,0,0,7572,620,450,32,5.0,1.9,1.9,1.9,1.9,1.9,1.9,1.9,1.9,1.9,1.9,1.9,1.9,533.51,533.51,533.51,533.51,533.51,533.51,0.75,532.92,533.51,0.00,281.62,1582,39,0.1,0.0,0,0,0.0,0.0,0,
25.8.2026,16:5:35.567,7791,11462,40.4,5389,10920,33.0,1.6,2944,46,1.188,1.188,1.188,1.188,1.188,1.188,1.188,4223.3,3620.0,4525.0,4525.0,3620.0,4525.0,4525.0,100.0,462.4,108.4,21.1,170.9,142.1,697.1,1278.3,15.5,12.9,397.6,2588.1,66.3,50.9,462.4,11.2,2.6,1.1,4.5,4.6,16.0,28.6,2.4,2.4,9.9,57.4,2.8,2.5,57.4,11.2,12.3,2.3,0.5,4.3,3.7,18.7,34.2,0.4,0.3,11.4,69.2,1.6,1.3,12.3,42.2,36.2,45.2,45.2,36.2,45.2,45.2,0.0,20.6,2.7,7.3,43.8,0.7,66.2,2.8,37.6,51.2,52.8,47.8,13.9,33.8,26.2,41.8,46.1,39.9,8.4,85.4,0.0,71.0,1600.0,16.00,16,18,18,36,74,560,1,43.5,43.9,42.5,34.4,33.2,32.2,38.0,31.0,40.8,31.1,32.7,32.7,32.2,27.6,1.188,0.994,1.206,12.630,5.490,12.621,13.824,35.774,1.576,0.689,0.947,3.264,0.207,3.898,0.452,14.815,5.457,20.272,35.814,1600.0,1600.0,4521.5,4521.5,4650.0,47.1,21.0,15.4,46.2,156.0,No,No,No,0.703,0.538,1.2,43.0,38.0,35.5,34.0,32.0,35.0,35.5,12.096,4.970,1.004,1.348,1.182,0.840,0.860,1.554,3.320,1.836,1041,1474,547,554,1.056,1.243,35,35,42,79.0,100.0,No,No,80673,102290,0.0,0.0,0.0,0.000,0.070,19089,17648,41.4,46.0,50.6,46,46,44,46,46,44,46,46,46,83.0,0.825,12.158,12.250,12.142,12.120,12.118,0,0,20.648,39.252,77.528,4.631,38.346,34.628,34.342,77.528,34.359,25.629,26.277,310.000,350.000,1335.0,1156.5,1305.0,291.5,1410.0,1245.0,1335.2,1155.7,1410.6,27.0,3.0,0.0,0.0,19.1,0.0,0.0,0.0,0.0,0.0,0,0,Yes,No,No,No,No,Yes,No,36.1,68.3,5,0,0,0,0,0,0,0,0,148,0,0,0,0,0,0,0,0,0,0,0,0,0,0,0,0,0,0,0,0,6631,1561,1392,106,16.0,1.9,1.9,1.9,1.9,1.9,1.9,1.9,1.9,1.9,1.9,1.9,1.9,533.21,533.21,533.21,533.21,533.21,533.21,0.38,532.53,533.21,0.00,149.28,1582,39,0.4,0.2,0,0,0.0,0.0,0,
25.8.2026,16:5:37.564,7792,11461,40.4,5397,10912,33.0,1.6,2944,46,1.238,1.238,1.238,1.238,1.238,1.238,1.238,3875.0,3720.0,3720.0,4650.0,3720.0,3720.0,3720.0,100.0,445.9,79.2,27.5,110.2,30.9,3.0,4536.0,6.0,14.5,353.0,116.2,56.1,17.7,445.9,9.4,1.3,0.0,1.8,0.0,0.0,99.9,0.0,0.3,6.5,2.7,0.0,0.0,99.9,9.4,12.0,1.4,0.7,3.0,0.8,0.1,122.5,0.2,0.3,9.4,3.1,1.5,0.4,12.0,38.8,37.2,37.2,46.5,37.2,37.2,37.2,0.0,19.7,1.9,3.4,99.9,0.6,10.5,1.8,17.0,10.1,15.4,0.1,13.5,52.7,10.0,63.4,88.0,81.2,0.0,85.9,36.8,88.2,1600.0,16.00,16,18,18,36,74,560,1,44.6,44.4,46.5,34.0,33.3,31.5,44.4,30.9,33.4,30.8,32.6,32.6,31.2,26.5,1.237,0.994,1.244,10.597,5.848,10.607,12.417,34.557,1.090,0.246,0.359,4.480,0.197,1.032,0.227,12.484,5.811,18.296,34.549,1600.0,1600.0,4540.1,4540.1,4650.0,45.5,17.7,13.8,46.8,189.4,No,No,No,0.161,0.169,1.2,44.0,37.5,36.0,34.0,32.5,35.0,36.0,12.096,4.970,1.004,1.348,1.166,0.840,0.858,1.552,3.320,1.836,1120,725,544,552,1.056,1.256,35,35,42,79.0,100.0,No,No,80673,102290,0.0,0.0,0.0,0.044,0.000,19089,17648,51.8,54.0,61.8,52,52,52,52,54,52,52,52,54,83.0,0.819,12.098,12.196,12.083,12.066,12.046,0,0,210.536,80.719,174.105,23.881,80.868,69.322,37.175,174.105,37.192,26.091,103.732,310.000,350.000,1335.0,1156.5,1305.0,1335.0,1410.0,1245.0,1335.6,1155.3,1409.5,100.0,11.0,0.0,0.0,19.1,19.8,79.1,0.0,0.0,0.0,0,0,Yes,No,No,No,No,Yes,No,68.2,68.5,5,0,0,0,0,0,0,0,0,148,0,0,0,0,0,0,0,0,0,0,0,0,0,0,0,0,0,0,0,0,6631,1561,1392,106,16.0,1.9,1.9,1.9,1.9,1.9,1.9,1.9,1.9,1.9,1.9,1.9,1.9,533.21,533.21,533.21,533.21,533.21,533.21,0.38,532.53,533.21,0.00,149.28,1582,39,6.3,1.5,0,0,0.0,0.0,0,
25.8.2026,16:5:39.569,7794,11460,40.4,5391,10918,33.0,1.6,2944,46,1.238,1.238,1.238,1.238,1.238,1.238,1.238,3875.0,3720.0,3720.0,4650.0,3720.0,3720.0,3720.0,100.0,448.5,73.4,35.6,72.8,28.9,41.3,4569.4,25.8,3.4,363.0,108.9,38.3,21.3,448.5,10.7,0.7,9.2,1.6,1.2,1.4,98.3,0.0,0.0,10.7,1.8,1.5,2.6,98.3,10.7,12.0,1.0,0.9,1.9,0.7,1.1,123.5,0.7,0.1,9.7,2.9,1.0,0.5,12.0,38.8,37.2,37.2,46.5,37.2,37.2,37.2,0.0,19.7,1.9,2.7,99.0,0.8,12.2,1.6,21.5,8.9,16.8,1.0,6.4,84.7,11.0,58.8,89.1,80.5,0.0,92.8,3.1,87.4,1600.0,16.00,16,18,18,36,74,560,1,46.9,47.1,47.0,34.8,33.8,31.4,47.1,31.0,34.6,30.9,33.1,33.1,32.2,27.5,1.237,0.994,1.244,11.315,5.831,11.313,13.256,36.032,1.329,0.273,0.392,5.287,0.169,1.588,0.265,14.026,5.795,19.821,36.061,1600.0,1600.0,4645.4,4645.4,4650.0,47.4,18.9,14.7,49.6,175.3,No,No,No,0.146,0.183,1.2,46.0,38.0,36.0,34.0,32.5,35.0,36.0,12.096,4.970,1.004,1.348,1.238,0.840,0.858,1.552,3.324,1.834,1161,722,543,552,1.056,1.243,35,35,42,79.0,100.0,No,No,80673,102290,0.0,0.0,0.1,0.049,0.179,19089,17648,53.0,54.0,63.3,53,52,54,54,54,54,52,52,54,83.0,0.819,12.096,12.192,12.080,12.065,12.045,0,0,210.643,80.505,174.209,23.897,80.951,69.326,37.315,174.209,37.334,26.285,101.020,310.000,350.000,1335.0,1156.5,1305.0,1335.0,1410.0,1245.0,1334.5,1155.5,1409.7,100.0,11.0,0.0,0.0,19.1,25.0,100.0,0.0,0.0,0.0,0,0,Yes,No,No,No,No,Yes,No,68.2,68.6,5,0,0,0,0,0,0,0,0,148,0,0,0,0,0,0,0,0,0,0,0,0,0,0,0,0,0,0,0,0,6631,1561,1392,106,16.0,1.9,1.9,1.9,1.9,1.9,1.9,1.9,1.9,1.9,1.9,1.9,1.9,533.54,533.54,533.54,533.54,533.54,533.54,0.40,533.13,533.54,0.00,432.65,1582,39,0.0,0.0,0,0,0.0,0.0,0,
25.8.2026,16:5:41.563,7794,11459,40.4,5391,10919,33.0,1.6,2944,46,1.238,1.238,1.238,1.238,1.238,1.238,1.238,3875.0,3720.0,3720.0,4650.0,3720.0,3720.0,3720.0,100.0,446.4,74.9,25.9,89.8,45.7,4582.4,8.1,6.8,4.4,364.0,91.3,49.9,13.4,446.4,10.3,1.6,1.8,2.7,0.0,98.6,0.0,5.6,0.5,9.8,2.7,0.9,0.0,98.6,10.3,12.0,1.3,0.7,2.4,1.2,123.8,0.2,0.2,0.1,9.7,2.4,1.3,0.3,12.0,38.8,37.2,37.2,46.5,37.2,37.2,37.2,0.0,19.6,2.0,3.6,98.7,0.3,11.7,1.7,21.9,8.8,18.7,1.3,4.4,86.2,12.0,58.5,89.2,77.7,0.0,95.3,2.1,86.3,1600.0,16.00,16,18,18,36,74,560,1,47.2,47.1,47.0,34.8,33.9,31.6,47.1,30.9,34.6,30.9,33.1,33.1,32.2,27.6,1.237,0.994,1.244,11.322,5.835,11.315,13.281,36.003,1.330,0.276,0.454,5.272,0.118,1.570,0.287,14.038,5.799,19.836,36.070,1600.0,1600.0,4646.9,4646.9,4650.0,47.5,18.9,14.8,49.6,175.4,No,No,No,0.153,0.193,1.2,47.0,37.5,36.0,34.0,32.5,35.0,36.0,12.096,4.970,1.004,1.348,1.244,0.840,0.858,1.552,3.320,1.834,1233,734,543,553,1.056,1.249,35,35,42,79.0,100.0,No,No,80673,102290,0.0,0.0,0.0,0.057,0.175,19089,17649,53.8,54.0,63.9,54,54,54,54,54,54,54,52,54,83.0,0.819,12.096,12.192,12.081,12.065,12.044,0,0,207.539,80.368,174.149,23.787,81.063,69.263,37.302,174.149,37.328,25.295,100.973,310.000,350.000,1335.0,1156.5,1305.0,1335.0,1410.0,1245.0,1335.2,1155.8,1410.2,100.0,11.0,0.0,0.0,19.1,25.0,100.0,0.0,0.0,0.0,59,66,Yes,No,No,No,No,Yes,No,68.2,68.8,5,0,0,0,0,0,0,0,0,148,0,0,0,0,0,0,0,0,0,0,0,0,0,0,0,0,0,0,0,0,6631,1561,1392,106,16.0,1.9,1.9,1.9,1.9,1.9,1.9,1.9,1.9,1.9,1.9,1.9,1.9,533.71,533.71,533.71,533.71,533.71,533.71,0.39,532.88,533.71,0.00,332.78,1582,39,0.1,0.1,0,0,0.0,0.0,0,
25.8.2026,16:5:43.574,7791,11462,40.4,5396,10913,33.0,1.6,2944,46,1.238,1.238,1.238,1.238,1.238,1.238,1.238,3875.0,3720.0,3720.0,4650.0,3720.0,3720.0,3720.0,100.0,439.0,67.0,24.0,63.6,28.6,4604.4,4.8,5.0,2.4,306.1,103.2,44.8,14.0,439.0,9.7,0.6,0.0,1.1,1.7,99.0,0.3,0.0,0.0,7.5,2.2,2.2,1.4,99.0,9.7,11.8,1.1,0.6,1.7,0.7,124.4,0.1,0.1,0.1,8.1,2.7,1.2,0.3,11.8,38.8,37.2,37.2,46.5,37.2,37.2,37.2,0.0,19.3,1.8,2.5,99.1,0.2,10.6,1.5,20.2,6.6,14.5,0.9,3.5,86.4,9.0,60.6,91.7,83.0,0.0,96.3,2.9,89.4,1600.0,16.00,16,18,18,36,74,560,1,47.4,47.1,47.5,34.7,33.8,31.4,47.1,30.9,34.5,30.8,33.1,33.1,32.5,27.1,1.237,0.994,1.244,10.984,5.825,10.989,12.796,35.704,1.283,0.223,0.348,5.278,0.101,1.510,0.241,13.612,5.788,19.401,35.647,1600.0,1600.0,4646.6,4646.6,4650.0,46.9,18.3,14.2,49.6,176.1,No,No,No,0.138,0.165,1.2,47.0,37.5,36.0,34.0,32.5,35.0,36.0,12.096,4.970,1.004,1.348,1.238,0.838,0.858,1.552,3.320,1.836,1260,720,543,539,1.056,1.254,35,35,42,79.0,100.0,No,No,80673,102290,0.0,0.0,0.0,0.000,0.000,19089,17649,54.2,56.0,64.2,54,56,54,54,54,54,54,54,54,83.0,0.819,12.097,12.193,12.082,12.067,12.046,962,991,208.512,80.293,175.073,24.434,81.104,69.492,37.353,175.073,37.373,18.672,104.059,310.000,350.000,1335.0,1156.5,1305.0,1335.0,1410.0,1245.0,1335.2,1155.5,1409.6,100.0,11.0,0.0,0.0,19.1,25.0,100.0,0.0,0.0,0.0,60,67,Yes,No,No,No,No,Yes,No,68.5,68.9,5,0,0,0,0,0,0,0,0,148,0,0,0,0,0,0,0,0,0,0,0,0,0,0,0,0,0,0,0,0,6631,1561,1392,106,16.0,1.9,1.9,1.9,1.9,1.9,1.9,1.9,1.9,1.9,1.9,1.9,1.9,533.12,533.12,533.12,533.12,533.12,533.12,0.80,532.67,533.12,0.00,199.03,1582,39,0.1,0.0,0,0,0.0,0.0,0,
25.8.2026,16:5:45.582,7792,11461,40.4,5396,10913,33.0,1.6,2944,46,1.241,1.238,1.238,1.238,1.238,1.238,1.256,3875.0,3720.0,3720.0,4650.0,3720.0,3720.0,3720.0,100.0,443.6,71.0,22.0,66.2,35.6,6.3,4568.2,5.4,2.6,396.2,86.1,42.1,21.5,443.6,11.0,1.6,6.7,2.1,1.2,0.0,98.3,7.0,0.0,10.7,3.4,0.0,0.9,98.3,11.0,11.9,1.2,0.6,1.7,0.9,0.2,123.4,0.1,0.1,10.6,2.3,1.1,0.5,11.9,38.8,37.2,37.2,46.5,37.2,37.2,37.2,0.0,19.5,1.9,2.7,98.3,0.2,12.4,1.7,21.7,9.0,16.0,1.7,5.2,86.9,11.2,58.8,89.2,81.3,0.0,94.5,0.7,87.1,1600.0,16.00,16,18,18,36,74,560,1,47.5,47.2,47.5,34.9,33.9,31.5,47.2,31.0,34.8,31.0,33.1,33.1,32.5,26.9,1.237,0.994,1.244,11.211,5.839,11.209,13.110,35.921,1.321,0.267,0.381,5.260,0.122,1.617,0.276,13.895,5.803,19.698,35.939,1600.0,1600.0,4644.0,4644.0,4650.0,47.3,18.7,14.6,49.7,174.8,No,No,No,0.138,0.186,1.2,47.0,38.0,36.5,34.0,33.0,35.5,36.5,12.096,4.970,1.004,1.348,1.238,0.834,0.858,1.554,3.320,1.836,1261,692,543,550,1.056,1.243,35,35,43,79.0,100.0,No,No,80673,102290,0.0,0.0,0.0,0.000,0.012,19089,17649,54.7,56.0,65.0,55,56,54,56,54,54,54,54,56,83.0,0.819,12.095,12.190,12.080,12.065,12.045,1229,1287,209.009,81.294,175.839,24.757,81.431,69.625,37.314,175.839,37.337,25.562,103.937,310.000,350.000,1335.0,1156.5,1305.0,1335.0,1410.0,1245.0,1335.0,1155.6,1410.3,100.0,11.0,0.0,0.0,19.1,25.0,100.0,0.0,0.0,0.0,60,67,Yes,No,No,No,No,Yes,No,68.8,69.1,5,0,0,0,0,0,0,0,0,148,0,0,0,0,0,0,0,0,0,0,0,0,0,0,0,0,0,0,0,0,6631,1561,1392,106,16.0,1.9,1.9,1.9,1.9,1.9,1.9,1.9,1.9,1.9,1.9,1.9,1.9,516.64,516.64,516.64,516.64,516.64,516.64,0.39,516.26,516.64,0.00,65.49,1582,39,0.1,0.0,0,0,0.0,0.0,0,
25.8.2026,16:5:47.592,5425,13829,28.1,4663,11646,28.5,1.6,2944,46,1.144,0.956,1.181,1.181,1.181,1.181,1.181,3675.0,3675.0,3675.0,3675.0,3675.0,3675.0,3675.0,100.0,270.1,308.8,55.3,138.8,58.2,734.2,852.7,10.4,5.0,646.8,354.6,48.7,27.4,270.1,6.7,5.8,2.9,3.4,0.0,16.8,17.9,0.3,10.6,14.0,7.4,1.2,0.0,17.9,6.7,7.0,6.1,1.5,3.6,1.5,19.7,23.0,0.3,0.1,17.3,9.4,1.2,0.7,7.0,36.8,36.8,36.8,36.8,36.8,36.8,36.8,10.6,11.9,7.0,4.8,34.6,0.4,22.8,1.9,28.5,26.6,24.4,39.4,6.0,58.6,16.1,59.6,66.4,70.8,26.0,93.6,18.7,82.0,1600.0,16.00,16,18,18,36,74,560,1,46.0,38.7,37.0,32.9,32.9,31.6,36.9,30.8,34.5,30.9,32.3,32.3,31.2,27.1,1.156,0.994,1.163,8.289,5.749,8.298,8.298,31.262,0.913,0.590,0.529,2.268,0.114,1.677,0.299,9.643,5.715,15.358,31.186,1600.0,1600.0,3886.6,3886.6,4650.0,41.0,13.8,9.2,40.8,174.7,No,No,No,0.493,0.627,0.7,46.0,38.0,36.0,34.0,33.0,35.5,36.0,12.168,5.010,1.002,1.348,0.862,0.832,0.858,1.560,3.340,1.834,1233,689,545,540,1.056,1.261,35,35,42,79.0,100.0,No,No,80673,102290,0.0,0.1,0.1,0.032,0.092,19089,17649,46.7,54.0,56.8,54,54,52,54,54,54,54,52,54,83.0,0.819,12.180,12.269,12.165,12.144,12.143,1359,1405,126.648,30.184,64.436,2.662,32.249,29.486,34.001,64.436,34.020,2.066,8.296,310.000,350.000,1380.0,1187.7,1305.0,1339.7,1410.0,1245.0,1380.4,1186.6,1410.3,0.0,0.0,0.0,0.0,7.6,0.0,0.0,0.0,0.0,0.0,61,68,Yes,No,No,No,No,Yes,No,31.8,45.3,5,0,0,0,0,0,0,0,0,148,0,0,0,0,0,0,0,0,0,0,0,0,0,0,0,0,0,0,0,0,7572,620,450,32,16.0,1.9,1.9,1.9,1.9,1.9,1.9,1.9,1.9,1.9,1.9,1.9,1.9,516.64,516.64,516.64,516.64,516.64,516.64,0.39,516.26,516.64,0.00,65.49,1582,39,0.8,0.1,0,0,0.0,0.0,0,
25.8.2026,16:5:49.600,5424,13830,28.1,4660,11650,28.5,1.6,2944,46,1.147,0.912,1.194,1.194,1.194,1.194,1.194,3780.0,3675.0,3620.0,4525.0,3620.0,3620.0,3620.0,100.0,71.0,220.5,2.7,13.0,11.9,85.1,111.1,1.5,0.8,129.0,246.9,12.6,17.1,71.0,1.6,0.8,0.0,0.0,1.1,2.0,3.4,0.8,0.0,3.7,6.3,0.3,1.2,6.3,1.6,1.4,0.8,0.1,0.3,0.3,2.2,2.9,0.0,0.0,3.4,6.5,0.3,0.4,1.4,37.8,36.8,36.2,45.2,36.2,36.2,36.2,50.0,2.4,0.8,0.6,4.4,0.0,8.3,0.6,11.3,3.4,6.8,23.2,0.1,33.0,1.0,86.5,96.0,92.7,72.6,99.9,58.9,98.7,1600.0,16.00,16,18,18,36,74,560,1,43.6,32.5,35.0,30.7,30.5,30.6,31.0,30.3,31.4,30.2,31.1,31.1,31.8,27.1,1.156,0.994,1.163,2.985,5.050,2.993,2.993,22.145,0.291,0.186,0.156,0.456,0.020,0.840,0.089,3.148,5.032,8.180,22.139,1600.0,1600.0,2424.5,2424.5,4650.0,29.1,5.0,3.3,34.2,176.8,No,No,No,0.209,0.059,0.1,43.0,38.0,36.0,34.0,33.0,35.5,36.0,12.168,5.000,1.002,1.348,0.860,0.832,0.858,1.560,3.344,1.836,1206,690,546,541,1.056,1.256,35,35,42,79.0,100.0,No,No,80673,102290,0.6,0.1,0.7,4.322,0.280,19097,17649,45.4,54.0,55.4,53,52,54,54,54,54,52,52,54,83.0,0.819,12.182,12.270,12.167,12.146,12.145,1392,1420,98.637,30.172,64.436,2.699,32.326,29.381,34.031,64.436,34.058,2.035,8.142,310.000,350.000,1380.0,1187.7,1305.0,1380.0,1410.0,1245.0,1379.9,1186.6,1410.2,0.0,0.0,0.0,0.0,7.6,0.0,0.0,0.0,0.0,0.0,61,68,Yes,No,No,No,No,Yes,No,31.8,45.4,5,0,0,0,0,0,0,0,0,148,0,0,0,0,0,0,0,0,0,0,0,0,0,0,0,0,0,0,0,0,7572,620,450,32,16.0,1.9,1.9,1.9,1.9,1.9,1.9,1.9,1.9,1.9,1.9,1.9,1.9,532.65,532.65,532.65,532.65,532.65,532.65,0.32,532.33,532.65,0.00,398.44,1582,39,0.7,0.0,0,0,0.0,0.0,0,
25.8.2026,16:5:51.612,5423,13831,28.1,4659,11650,28.5,1.6,2944,46,0.909,0.912,0.906,0.906,0.912,0.906,0.912,3675.0,3675.0,3675.0,3675.0,3675.0,3675.0,3675.0,100.0,48.0,199.6,1.4,10.9,13.0,91.4,33.6,0.6,0.2,153.1,60.2,3.7,8.7,48.0,2.3,0.6,0.0,0.0,0.0,2.7,0.7,0.0,19.4,3.4,1.3,0.0,0.0,19.4,2.3,0.9,0.7,0.0,0.3,0.3,2.4,0.9,0.0,0.0,4.1,1.4,0.1,0.2,0.9,36.8,36.8,36.8,36.8,36.8,36.8,36.8,52.4,1.5,0.7,0.5,2.8,0.0,4.7,0.3,8.6,1.7,1.8,11.3,0.1,33.6,3.3,90.0,97.8,97.8,86.1,99.9,61.9,96.7,1600.0,16.00,16,18,18,36,74,560,1,41.4,31.5,34.8,30.3,30.2,30.3,30.5,30.1,30.6,30.0,30.8,30.8,30.2,26.5,1.175,0.994,1.181,2.416,4.328,2.420,2.420,19.474,0.205,0.132,0.093,0.306,0.011,0.614,0.074,2.462,4.313,6.774,19.469,1600.0,1600.0,2308.8,2308.8,4650.0,25.6,4.0,2.7,33.2,195.0,No,No,No,0.187,0.039,0.1,41.0,38.0,35.5,34.0,32.5,35.5,35.5,12.192,5.010,1.002,1.352,0.832,0.830,0.856,1.564,3.356,1.836,1156,697,546,543,1.056,1.275,35,35,42,79.0,100.0,No,No,80673,102290,0.0,0.0,0.0,0.000,0.002,19097,17649,42.0,48.0,49.6,47,48,46,48,48,46,48,46,48,83.0,0.756,12.214,12.282,12.200,12.178,12.197,1395,1418,28.079,7.084,15.696,1.339,7.076,7.258,5.562,15.696,5.572,1.602,3.957,310.000,350.000,1380.0,101.2,1215.0,851.4,1320.0,1170.0,893.7,65.0,862.4,0.0,1.0,0.0,0.0,7.6,0.0,0.0,0.0,0.0,0.0,60,67,Yes,No,No,No,No,Yes,No,6.9,7.4,5,0,0,0,0,0,0,0,0,149,0,0,0,0,0,0,0,0,0,0,0,0,0,0,0,0,0,0,0,0,7572,620,450,32,5.0,1.9,1.9,1.9,1.9,1.9,1.9,1.9,1.9,1.9,1.9,1.9,1.9,533.05,533.05,533.05,533.05,533.05,533.05,0.51,532.52,533.05,0.00,298.35,1582,39,1.2,0.0,0,0,0.0,0.0,0,
25.8.2026,16:5:53.610,5421,13832,28.1,4657,11652,28.5,1.6,2944,46,0.956,0.956,0.956,0.956,0.956,0.956,0.956,3675.0,3675.0,3675.0,3675.0,3675.0,3675.0,3675.0,100.0,38.7,94.3,2.9,6.2,9.1,134.9,54.9,0.8,0.6,87.6,61.7,3.4,8.3,38.7,1.3,0.4,0.0,5.2,3.1,2.9,0.4,0.0,0.0,1.1,1.3,0.7,0.0,5.2,1.3,0.8,0.6,0.1,0.1,0.2,3.6,1.4,0.0,0.0,2.3,1.5,0.1,0.2,0.8,36.8,36.8,36.8,36.8,36.8,36.8,36.8,45.8,1.5,0.5,0.3,4.2,0.0,3.5,0.2,9.7,1.9,2.5,9.0,0.1,42.9,1.8,89.0,97.7,97.3,87.0,99.9,53.7,98.2,1600.0,16.00,16,18,18,36,74,560,1,39.6,31.6,35.5,30.3,30.2,30.3,30.5,30.1,30.6,30.0,30.9,30.9,31.0,26.7,1.175,0.994,1.181,2.662,4.445,2.658,2.658,20.060,0.187,0.078,0.070,0.331,0.012,0.567,0.064,2.698,4.428,7.126,20.067,1600.0,1600.0,2473.5,2473.5,4650.0,26.4,4.4,3.0,33.2,233.5,No,No,No,0.171,0.036,0.1,39.0,38.0,35.5,34.0,32.5,35.5,35.5,12.192,5.020,1.002,1.352,0.950,0.830,0.856,1.564,3.360,1.838,1118,700,547,543,1.056,1.276,35,35,42,79.0,100.0,No,No,80673,102290,0.0,0.1,0.1,0.000,0.137,19097,17650,41.1,46.0,48.7,46,48,46,46,46,44,46,46,46,83.0,0.756,12.212,12.281,12.198,12.174,12.194,1389,1411,21.650,7.434,16.664,1.375,7.624,7.646,5.707,16.664,5.720,1.584,3.926,310.000,350.000,1380.0,101.2,1215.0,290.8,1320.0,1170.0,779.2,57.2,752.1,0.0,7.0,0.0,0.0,7.6,0.0,0.0,0.0,0.0,0.0,60,67,Yes,No,No,No,No,Yes,No,7.2,7.3,5,0,0,0,0,0,0,0,0,149,0,0,0,0,0,0,0,0,0,0,0,0,0,0,0,0,0,0,0,0,7572,620,450,32,5.0,1.9,1.9,1.9,1.9,1.9,1.9,1.9,1.9,1.9,1.9,1.9,1.9,516.74,516.74,516.74,516.74,516.74,516.74,0.72,516.22,516.74,0.00,165.10,1582,39,0.2,0.1,0,0,0.0,0.0,0,
25.8.2026,16:5:55.606,6623,12630,34.3,5184,11125,31.7,1.6,2944,46,1.186,1.181,1.188,1.188,1.188,1.188,1.188,3921.7,3620.0,3620.0,4525.0,3620.0,4525.0,3620.0,100.0,294.5,108.5,8.2,159.3,126.8,963.2,863.0,17.4,3.0,400.6,789.6,72.0,22.9,294.5,8.8,1.4,2.0,4.7,3.9,21.6,19.9,19.4,1.9,9.9,17.7,1.9,0.8,21.6,8.8,7.7,1.2,0.2,4.1,3.3,26.0,23.0,0.4,0.1,10.7,20.9,1.9,0.6,7.7,39.2,36.2,36.2,45.2,36.2,45.2,36.2,22.7,13.0,1.4,6.9,40.5,0.5,26.5,2.2,28.5,37.3,38.7,26.5,4.1,46.1,18.5,58.5,61.5,54.4,33.1,95.5,27.5,79.3,1600.0,16.00,16,18,18,36,74,560,1,41.5,37.9,40.8,32.8,32.4,31.9,36.5,30.7,34.7,30.9,32.1,32.1,30.8,27.0,1.175,0.994,1.188,8.940,4.883,8.917,8.917,29.114,1.113,0.520,0.804,2.812,0.092,2.102,0.345,10.335,4.858,15.194,29.249,1600.0,1600.0,3682.7,3682.7,4650.0,38.5,14.9,9.9,39.9,154.0,No,No,No,0.656,0.433,0.8,41.0,38.0,36.0,34.0,32.5,35.5,35.5,12.192,5.000,1.004,1.352,1.174,0.828,0.856,1.562,3.352,1.836,1077,706,547,543,1.056,1.253,35,35,42,79.0,100.0,No,No,80673,102290,0.0,0.0,0.0,0.000,0.053,19097,17650,40.4,46.0,48.0,46,46,46,46,46,44,46,44,46,83.0,0.756,12.209,12.278,12.194,12.172,12.191,1364,1396,22.104,7.020,15.594,1.240,7.109,7.230,5.461,15.594,5.474,1.571,3.905,310.000,350.000,1380.0,101.2,1215.0,334.4,1320.0,1170.0,984.6,72.0,950.5,0.0,8.0,0.0,0.0,7.6,0.0,0.0,0.0,0.0,0.0,59,66,Yes,No,No,No,No,Yes,No,6.8,7.4,5,0,0,0,0,0,0,0,0,149,0,0,0,0,0,0,0,0,0,0,0,0,0,0,0,0,0,0,0,0,7572,620,450,32,5.0,1.9,1.9,1.9,1.9,1.9,1.9,1.9,1.9,1.9,1.9,1.9,1.9,516.64,516.64,516.64,516.64,516.64,516.64,0.52,516.15,516.64,0.00,32.49,1582,39,0.2,0.1,0,0,0.0,0.0,0,
25.8.2026,16:5:57.614,7789,11464,40.4,5394,10915,33.0,1.6,2944,46,1.232,1.206,1.238,1.238,1.238,1.238,1.238,3868.3,3680.0,3720.0,3720.0,3720.0,4650.0,3720.0,100.0,445.9,107.6,42.9,76.2,87.8,335.2,461.2,5.3,11.6,77.7,4057.4,60.7,26.6,445.9,9.1,1.3,0.0,0.0,1.0,6.6,10.1,0.0,0.0,0.7,89.6,0.0,0.4,89.6,9.1,11.9,1.6,1.1,1.9,2.3,8.9,12.4,0.1,0.3,2.1,109.6,1.5,0.7,11.9,38.7,36.8,37.2,37.2,37.2,46.5,37.2,0.0,19.7,2.7,4.0,17.7,0.4,91.3,2.1,19.7,27.2,21.4,38.9,7.0,8.7,15.3,60.6,70.2,74.7,43.4,92.6,0.0,82.6,1600.0,16.00,16,18,18,36,74,560,1,44.8,45.3,43.8,34.3,32.5,31.8,34.7,31.2,44.5,31.3,33.0,33.0,32.0,27.4,1.237,0.994,1.244,10.817,5.734,10.826,12.507,34.460,1.182,0.436,0.448,1.389,0.122,4.396,0.299,12.685,5.699,18.384,34.438,1600.0,1600.0,4526.7,4526.7,4650.0,45.3,18.0,13.9,47.6,177.8,No,No,No,0.322,0.300,1.2,44.0,38.0,36.0,34.0,32.5,35.5,36.0,12.096,4.970,1.004,1.348,1.166,0.828,0.856,1.552,3.320,1.836,1122,708,544,554,1.056,1.242,35,35,42,79.0,100.0,No,No,80673,102290,0.0,0.0,0.0,0.000,0.016,19097,17650,51.6,52.0,61.6,52,52,52,52,52,52,52,52,54,83.0,0.819,12.091,12.183,12.077,12.062,12.042,1323,1356,137.042,81.605,178.105,25.317,82.437,70.322,37.234,178.105,37.256,19.130,106.540,310.000,350.000,1380.0,1156.5,1305.0,967.1,1410.0,1245.0,1380.1,1155.6,1409.9,100.0,11.0,0.0,0.0,19.1,0.0,0.0,0.0,0.0,0.0,59,66,Yes,No,No,No,No,Yes,No,69.5,69.7,5,0,0,0,0,0,0,0,0,150,0,0,0,0,0,0,0,0,0,0,0,0,0,0,0,0,0,0,0,0,6631,1561,1392,106,16.0,1.9,1.9,1.9,1.9,1.9,1.9,1.9,1.9,1.9,1.9,1.9,1.9,532.96,532.96,532.96,532.96,532.96,532.96,0.39,532.63,532.96,0.00,465.70,1582,39,0.1,0.0,0,0,0.0,0.0,0,
25.8.2026,16:5:59.611,7791,11462,40.4,5395,10914,33.0,1.6,2944,46,1.164,1.169,1.163,1.163,1.163,1.163,1.163,3770.8,3620.0,3620.0,4525.0,3620.0,3620.0,3620.0,100.0,438.6,89.9,32.9,77.4,40.1,152.1,2810.9,6.3,3.0,253.8,1735.0,50.7,11.5,438.6,11.3,1.5,0.2,3.5,1.9,2.9,62.4,12.6,0.0,6.5,38.5,5.7,0.0,62.4,11.3,11.7,1.4,0.9,2.0,1.0,4.1,75.9,0.2,0.1,6.8,46.9,1.3,0.3,11.7,37.7,36.2,36.2,45.2,36.2,36.2,36.2,0.0,19.4,2.2,2.9,65.6,0.3,43.9,1.5,21.4,20.3,16.1,21.2,4.2,55.3,11.3,59.2,77.5,81.0,13.1,95.6,0.8,87.2,1600.0,16.00,16,18,18,36,74,560,1,45.1,44.9,45.5,34.4,33.3,31.7,40.6,31.2,38.5,31.2,33.0,33.0,32.8,27.3,1.169,0.994,1.175,10.840,5.844,10.842,12.018,34.772,1.113,0.353,0.345,3.155,0.089,2.504,0.231,12.717,5.807,18.524,34.771,1600.0,1600.0,4524.7,4524.7,4650.0,45.8,18.1,13.4,47.2,189.2,No,No,No,0.150,0.193,1.2,45.0,38.0,36.0,34.0,33.0,35.5,36.0,12.096,4.970,1.004,1.348,1.168,0.828,0.856,1.552,3.324,1.834,1200,713,543,539,1.056,1.266,35,35,42,79.0,100.0,No,No,80673,102290,0.0,0.0,0.0,0.000,0.000,19097,17650,52.6,54.0,62.8,54,54,54,54,54,54,54,52,54,83.0,0.819,12.090,12.183,12.076,12.061,12.041,1312,1355,211.520,82.761,178.842,25.548,82.758,70.497,37.340,178.842,37.367,26.566,107.088,310.000,350.000,1380.0,1156.5,1305.0,1380.0,1410.0,1245.0,1379.9,1155.0,1409.8,100.0,12.0,0.0,0.0,19.1,25.0,100.0,0.0,0.0,0.0,59,66,Yes,No,No,No,No,Yes,No,69.7,70.2,5,0,0,0,0,0,0,0,0,150,0,0,0,0,0,0,0,0,0,0,0,0,0,0,0,0,0,0,0,0,6631,1561,1392,106,16.0,1.8,1.8,1.8,1.8,1.8,1.8,1.8,1.8,1.8,1.8,1.8,1.8,550.23,550.23,550.23,550.23,550.23,550.23,0.75,549.45,550.23,0.00,382.74,1582,39,0.6,0.0,0,0,0.0,0.0,0,
25.8.2026,16:6:1.616,7792,11461,40.4,5386,10923,33.0,1.6,2944,46,1.238,1.238,1.238,1.238,1.238,1.238,1.238,3875.0,3720.0,3720.0,4650.0,3720.0,3720.0,3720.0,100.0,442.7,80.4,26.4,97.1,38.7,4416.4,8.3,6.4,5.2,452.9,111.0,56.6,13.5,442.7,9.9,1.0,0.0,1.3,0.0,96.3,0.0,4.3,2.9,10.4,2.6,0.3,0.0,96.3,9.9,11.9,1.4,0.7,2.6,1.0,119.3,0.2,0.2,0.1,12.1,2.9,1.5,0.3,11.9,38.8,37.2,37.2,46.5,37.2,37.2,37.2,0.0,19.5,2.0,3.4,96.4,0.3,13.3,1.7,22.5,9.9,19.2,3.6,4.9,84.8,12.4,58.0,88.1,77.4,0.0,94.8,1.9,85.8,1600.0,16.00,16,18,18,36,74,560,1,46.9,46.1,48.0,35.0,34.0,32.0,46.0,31.4,35.1,31.4,33.4,33.4,33.2,27.9,1.231,0.994,1.244,11.307,5.853,11.304,12.640,35.676,1.230,0.268,0.420,4.756,0.112,1.549,0.277,13.641,5.816,19.457,35.697,1600.0,1600.0,4578.6,4578.6,4650.0,47.0,18.8,14.0,48.6,183.9,No,No,No,0.165,0.186,1.2,46.0,38.0,36.0,34.0,33.0,35.5,36.0,12.096,4.970,1.004,1.348,1.240,0.828,0.856,1.552,3.320,1.836,1213,707,543,539,1.056,1.244,35,35,42,79.0,100.0,No,No,80673,102290,0.0,0.0,0.0,0.000,0.002,19097,17650,53.0,56.0,63.0,54,56,54,54,54,54,54,52,54,83.0,0.819,12.091,12.183,12.077,12.061,12.041,1311,1353,215.732,82.631,179.253,25.645,82.833,70.741,37.437,179.253,37.463,26.469,104.584,310.000,350.000,1380.0,1156.5,1305.0,1380.0,1410.0,1245.0,1380.2,1155.7,1410.4,100.0,11.0,0.0,0.0,19.1,25.0,100.0,0.0,0.0,0.0,59,66,Yes,No,No,No,No,Yes,No,69.9,68.8,5,0,0,0,0,0,0,0,0,150,0,0,0,0,0,0,0,0,0,0,0,0,0,0,0,0,0,0,0,0,6631,1561,1392,107,16.0,3.8,11.5,2.2,2.2,2.2,2.2,3.8,11.5,2.2,2.2,2.2,2.2,266.39,445.52,87.26,83.97,449.18,449.18,0.58,265.94,266.39,0.00,257.43,1582,39,1.1,0.0,0,0,0.0,0.0,0,
25.8.2026,16:6:3.606,7790,11464,40.4,5396,10913,33.0,1.6,2944,46,1.169,1.169,1.169,1.169,1.169,1.169,1.169,3770.8,3620.0,3620.0,4525.0,3620.0,3620.0,3620.0,100.0,434.1,75.7,26.5,73.5,41.8,2572.2,27.0,5.2,3.1,2235.3,96.5,33.3,19.6,434.1,9.9,0.9,1.8,1.4,0.7,56.7,1.1,1.3,0.0,49.8,1.9,0.0,3.2,56.7,9.9,11.6,1.3,0.7,1.9,1.1,69.5,0.7,0.1,0.1,60.4,2.6,0.8,0.5,11.6,37.7,36.2,36.2,45.2,36.2,36.2,36.2,0.0,19.2,1.9,2.8,57.0,0.2,52.0,1.3,17.9,7.7,17.5,30.3,2.8,37.9,11.0,62.9,90.3,79.7,12.8,97.0,10.0,87.7,1600.0,16.00,16,18,18,36,74,560,1,46.8,45.6,44.2,34.7,33.2,31.9,40.4,31.4,39.6,31.4,33.3,33.3,33.0,28.4,1.169,0.994,1.175,10.746,5.836,10.748,11.876,34.750,1.093,0.215,0.348,3.012,0.075,2.694,0.217,12.699,5.800,18.499,34.745,1600.0,1600.0,4540.5,4540.5,4650.0,45.7,17.9,13.2,48.0,192.3,No,No,No,0.142,0.169,1.2,46.0,38.0,36.5,34.0,33.0,35.5,36.5,12.096,4.960,1.002,1.348,1.174,0.826,0.854,1.554,3.320,1.834,1252,1385,544,539,1.056,1.262,35,35,42,79.0,100.0,No,No,80673,102290,0.0,0.0,0.0,0.000,0.012,19097,17650,53.5,56.0,63.6,54,56,54,54,54,54,54,54,56,83.0,0.819,12.090,12.182,12.076,12.061,12.041,1315,1365,217.111,83.357,179.749,25.778,83.073,70.857,37.388,179.749,37.418,27.092,109.107,310.000,350.000,1380.0,1156.5,1305.0,1380.0,1410.0,1245.0,1380.3,1155.4,1409.9,84.0,10.0,0.0,0.0,19.1,25.0,100.0,0.0,0.0,0.0,59,66,Yes,No,No,No,No,Yes,No,70.1,70.0,5,0,0,0,0,0,0,0,0,150,0,0,0,0,0,0,0,0,0,0,0,0,0,0,0,0,0,0,0,0,6631,1561,1392,107,16.0,1.9,1.9,1.9,1.9,1.9,1.9,1.9,1.9,1.9,1.9,1.9,1.9,533.81,533.81,533.81,533.81,533.81,533.81,0.75,533.17,533.81,0.00,149.60,1582,39,2.8,0.2,0,0,0.0,0.0,0,
25.8.2026,16:6:5.606,7790,11463,40.4,5396,10913,33.0,1.6,2944,46,1.238,1.238,1.238,1.238,1.238,1.238,1.238,3875.0,3720.0,3720.0,4650.0,3720.0,3720.0,3720.0,100.0,443.1,76.0,27.3,73.0,51.8,2959.6,1569.8,5.0,4.2,387.0,97.7,52.9,12.9,443.1,10.7,1.9,0.0,1.8,2.0,64.1,34.2,0.0,9.3,8.4,3.2,3.5,0.3,64.1,10.7,11.9,1.3,0.7,1.9,1.3,80.0,42.4,0.1,0.1,10.4,2.6,1.4,0.3,11.9,38.8,37.2,37.2,46.5,37.2,37.2,37.2,0.0,19.5,2.0,3.2,98.2,0.2,11.6,1.7,18.1,7.3,15.3,1.8,4.7,68.5,11.2,62.4,90.7,81.5,0.0,95.1,19.9,87.1,1600.0,16.00,16,18,18,36,74,560,1,47.6,46.8,48.2,35.2,34.3,32.1,46.8,31.6,34.8,31.6,33.6,33.6,33.2,28.4,1.244,0.994,1.250,11.102,5.843,11.101,12.678,35.528,1.211,0.237,0.377,4.956,0.107,1.332,0.259,13.499,5.807,19.306,35.547,1600.0,1600.0,4595.2,4595.2,4650.0,46.8,18.5,14.1,49.3,184.7,No,No,No,0.148,0.188,1.2,47.0,38.0,36.5,34.0,33.0,36.0,36.5,12.096,4.970,1.004,1.348,1.236,0.824,0.854,1.552,3.320,1.834,1213,687,545,551,1.056,1.252,35,35,42,79.0,100.0,No,No,80673,102290,0.0,0.0,0.0,0.032,0.008,19097,17650,53.2,56.0,63.2,55,56,54,54,54,54,54,56,56,83.0,0.819,12.123,12.211,12.109,12.091,12.080,1337,1379,217.042,66.997,132.292,16.350,62.387,53.731,35.937,132.292,35.956,26.821,107.207,310.000,350.000,1380.0,1156.5,1305.0,1380.0,1410.0,1245.0,1379.7,1155.4,1409.6,80.0,9.0,0.0,0.0,19.1,19.7,78.7,0.0,0.0,0.0,60,67,Yes,No,No,No,No,Yes,No,54.3,70.2,5,0,0,0,0,0,0,0,0,150,0,0,0,0,0,0,0,0,0,0,0,0,0,0,0,0,0,0,0,0,6631,1561,1392,107,16.0,1.9,1.9,1.9,1.9,1.9,1.9,1.9,1.9,1.9,1.9,1.9,1.9,533.81,533.81,533.81,533.81,533.81,533.81,0.75,533.17,533.81,0.00,149.60,1582,39,3.0,0.6,0,0,0.0,0.0,0,
25.8.2026,16:6:7.615,5422,13831,28.1,4656,11653,28.5,1.6,2944,46,1.126,0.912,1.169,1.169,1.169,1.169,1.169,3780.0,3675.0,3620.0,4525.0,3620.0,3620.0,3620.0,100.0,352.7,309.0,176.6,76.2,56.8,235.3,963.1,4.3,5.0,279.4,2067.6,50.3,9.0,352.7,9.0,2.0,14.0,0.3,0.0,6.0,21.1,10.0,0.0,7.1,45.8,1.2,0.2,45.8,9.0,9.0,2.1,4.8,2.0,1.5,6.3,26.0,0.1,0.1,7.4,55.8,1.3,0.2,9.0,37.8,36.8,36.2,45.2,36.2,36.2,36.2,11.8,14.9,5.8,3.3,26.2,0.2,52.6,1.5,23.2,25.0,18.1,49.3,3.6,33.2,9.8,61.9,69.2,78.6,24.6,96.1,14.2,88.8,1600.0,16.00,16,18,18,36,74,560,1,46.6,41.8,37.2,34.1,33.4,32.1,36.5,31.5,39.3,31.5,33.2,33.2,33.0,28.0,1.200,0.994,1.206,9.206,5.719,9.221,9.221,32.312,0.972,0.560,0.386,1.824,0.081,2.751,0.231,10.776,5.686,16.462,32.225,1600.0,1600.0,4035.9,4035.9,4650.0,42.4,15.4,10.2,44.0,183.4,No,No,No,0.412,0.564,0.9,47.0,38.5,36.5,34.0,33.5,36.0,36.5,12.168,5.010,1.004,1.348,0.998,0.824,0.854,1.560,3.344,1.836,1261,701,545,552,1.056,1.242,35,35,42,79.0,100.0,No,No,80673,102290,0.0,0.0,0.1,0.098,0.053,19097,17650,47.2,54.0,57.6,54,54,52,54,54,54,54,52,54,83.0,0.819,12.171,12.266,12.154,12.131,12.134,1361,1397,209.780,30.362,64.850,2.784,32.501,29.550,33.950,64.850,33.976,2.082,8.715,310.000,350.000,1410.0,1187.7,1305.0,1380.0,1410.0,1245.0,1410.4,1186.2,1410.3,1.0,0.0,0.0,0.0,7.6,0.0,0.0,0.0,0.0,0.0,60,67,Yes,No,No,No,No,Yes,No,32.4,45.5,5,0,0,0,0,0,0,0,0,150,0,0,0,0,0,0,0,0,0,0,0,0,0,0,0,0,0,0,0,0,7572,620,450,33,16.0,4.9,85.5,1.8,1.8,1.8,1.8,4.9,60.1,1.9,1.8,1.8,1.8,204.14,540.96,11.70,11.56,550.33,550.33,0.38,203.66,204.14,0.00,239.87,1582,39,17.6,1.7,0,0,0.0,0.0,0,
25.8.2026,16:6:9.607,5421,13832,28.1,4658,11652,28.5,1.6,2944,46,0.949,0.912,0.956,0.956,0.956,0.956,0.956,3675.0,3675.0,3675.0,3675.0,3675.0,3675.0,3675.0,100.0,55.5,203.3,13.7,12.0,13.6,64.0,69.5,0.7,1.2,109.1,160.4,10.6,7.8,55.5,1.0,0.3,0.6,2.8,0.0,1.0,1.2,0.3,0.0,2.0,4.0,0.0,0.0,4.0,1.0,1.1,0.8,0.4,0.3,0.3,1.7,1.8,0.0,0.0,2.8,4.2,0.3,0.2,1.1,36.8,36.8,36.8,36.8,36.8,36.8,36.8,33.3,1.9,1.1,0.6,3.1,0.0,6.1,0.4,13.7,9.3,4.4,11.8,0.1,54.5,2.3,84.5,89.6,95.1,85.2,99.9,39.5,97.4,1600.0,16.00,16,18,18,36,74,560,1,44.1,33.0,35.5,31.2,31.1,31.1,31.4,30.9,31.8,30.8,31.7,31.7,32.0,28.3,1.175,0.994,1.181,3.200,5.320,3.197,3.197,22.993,0.235,0.167,0.096,0.308,0.015,0.741,0.083,3.279,5.296,8.575,23.236,1600.0,1600.0,3048.5,3048.5,4650.0,30.6,5.3,3.6,34.7,226.5,No,No,No,0.160,0.053,0.1,44.0,38.5,36.0,34.5,33.5,36.0,36.0,12.168,5.000,1.002,1.348,0.914,0.824,0.852,1.560,3.348,1.836,1226,689,546,555,1.056,1.270,35,35,42,79.0,100.0,No,No,80673,102290,0.2,0.1,0.3,2.398,0.034,19102,17650,44.2,52.0,53.6,52,52,50,52,52,52,52,50,52,83.0,0.762,12.192,12.277,12.175,12.155,12.161,1369,1399,91.710,22.421,47.620,2.185,24.497,20.906,25.173,47.620,25.192,1.710,6.888,310.000,350.000,1410.0,625.2,1230.0,1409.9,1335.0,1185.0,1410.3,624.5,1334.3,0.0,0.0,0.0,0.0,7.6,0.0,0.0,0.0,0.0,0.0,60,67,Yes,No,No,No,No,Yes,No,23.5,33.4,5,0,0,0,0,0,0,0,0,150,0,0,0,0,0,0,0,0,0,0,0,0,0,0,0,0,0,0,0,0,7572,620,450,33,16.0,1.9,1.9,1.9,1.9,1.9,1.9,1.9,1.9,1.9,1.9,1.9,1.9,533.33,533.33,533.33,533.33,533.33,533.33,0.32,533.02,533.33,0.00,332.17,1582,39,5.3,0.1,0,0,0.0,0.0,0,
25.8.2026,16:6:11.614,5423,13830,28.1,4657,11652,28.5,1.6,2944,46,0.956,0.956,0.956,0.956,0.956,0.956,0.956,3629.2,3675.0,3620.0,3620.0,3620.0,3620.0,3620.0,100.0,51.0,148.5,2.9,17.1,27.6,138.9,114.7,0.4,0.3,39.8,103.9,9.6,8.5,51.0,1.8,1.2,0.0,0.0,3.4,3.6,1.5,0.0,6.2,1.3,2.1,0.7,1.4,6.2,1.8,1.1,0.8,0.1,0.4,0.7,3.7,3.0,0.0,0.0,1.0,2.6,0.2,0.2,1.1,36.3,36.8,36.2,36.2,36.2,36.2,36.2,30.5,1.9,0.7,1.1,5.6,0.0,3.3,0.4,15.1,5.5,4.6,23.5,0.1,54.2,2.8,83.1,93.9,94.3,71.0,99.9,42.6,96.9,1600.0,16.00,16,18,18,36,74,560,1,42.0,32.6,36.2,31.1,31.1,31.2,31.5,30.9,31.5,30.8,31.7,31.7,33.2,29.2,1.156,0.994,1.163,3.327,4.805,3.329,3.329,22.241,0.229,0.138,0.114,0.419,0.014,0.602,0.086,3.395,4.783,8.178,22.001,1600.0,1600.0,2997.7,2997.7,4650.0,28.9,5.5,3.7,34.3,240.8,No,No,No,0.172,0.041,0.1,42.0,38.5,36.0,34.5,33.0,36.0,36.0,12.192,5.010,1.002,1.352,0.976,0.822,0.852,1.560,3.356,1.836,1175,693,547,555,1.056,1.262,35,35,42,79.0,100.0,No,No,80673,102290,0.0,0.0,0.0,0.000,0.030,19102,17650,41.2,48.0,48.8,47,48,46,48,48,46,46,46,48,83.0,0.762,12.212,12.279,12.198,12.175,12.195,1367,1397,39.238,7.162,15.903,1.363,7.087,7.427,5.561,15.903,5.566,1.657,3.991,310.000,350.000,1410.0,101.2,1230.0,913.6,1335.0,1185.0,816.8,58.2,780.8,0.0,11.0,0.0,0.0,7.6,0.0,0.0,0.0,0.0,0.0,60,67,Yes,No,No,No,No,Yes,No,6.9,7.4,5,0,0,0,0,0,0,0,0,151,0,0,0,0,0,0,0,0,0,0,0,0,0,0,0,0,0,0,0,0,7572,620,450,33,5.0,1.8,1.8,1.8,1.8,1.8,1.8,1.8,1.8,1.8,1.8,1.8,1.8,549.60,549.60,549.60,549.60,549.60,549.60,0.70,548.84,549.60,0.00,181.92,1582,40,19.4,40.4,0,0,0.0,0.0,0,
25.8.2026,16:6:13.618,5420,13833,28.1,4653,11656,28.5,1.6,2944,46,1.131,0.912,1.175,1.175,1.175,1.175,1.175,3675.0,3675.0,3675.0,3675.0,3675.0,3675.0,3675.0,100.0,47.7,160.9,2.1,7.1,14.5,135.1,120.7,1.4,0.2,63.4,58.1,5.3,3.7,47.7,1.4,0.5,0.0,0.0,2.5,3.7,4.1,0.7,0.0,2.1,2.0,0.0,1.5,4.1,1.4,0.9,0.7,0.1,0.2,0.4,3.6,3.2,0.0,0.0,1.6,1.4,0.1,0.1,0.9,36.8,36.8,36.8,36.8,36.8,36.8,36.8,56.4,1.6,0.6,0.5,5.6,0.1,2.9,0.2,8.8,4.9,2.4,18.7,0.1,25.8,0.6,89.7,94.6,97.1,76.1,99.9,71.5,99.3,1600.0,16.00,16,18,18,36,74,560,1,40.2,32.2,34.5,30.9,30.9,31.0,31.4,30.8,31.0,30.6,31.4,31.4,31.2,27.2,1.156,0.994,1.163,2.378,4.263,2.379,2.379,19.175,0.208,0.136,0.096,0.439,0.017,0.514,0.043,2.446,4.250,6.696,19.190,1600.0,1600.0,2322.7,2322.7,4650.0,25.3,4.0,2.6,33.9,191.4,No,No,No,0.200,0.045,0.1,40.0,38.5,36.0,34.5,33.0,36.0,36.0,12.168,5.000,1.002,1.348,0.916,0.822,0.852,1.564,3.360,1.836,1146,698,547,555,1.056,1.274,35,35,42,79.0,100.0,No,No,80673,102290,0.0,0.0,0.1,0.049,0.183,19102,17650,40.6,46.0,48.3,46,46,46,46,46,44,46,46,46,83.0,0.762,12.207,12.276,12.192,12.171,12.189,1358,1391,22.000,7.522,16.520,1.399,7.462,7.643,5.863,16.520,5.869,1.620,4.800,310.000,350.000,1410.0,101.2,1230.0,291.8,1335.0,1185.0,841.6,59.9,804.6,0.0,7.0,0.0,0.0,7.6,0.0,0.0,0.0,0.0,0.0,59,66,Yes,No,No,No,No,Yes,No,7.2,7.5,5,0,0,0,0,0,0,0,0,151,0,0,0,0,0,0,0,0,0,0,0,0,0,0,0,0,0,0,0,0,7572,620,450,33,5.0,1.9,1.9,1.9,1.9,1.9,1.9,1.9,1.9,1.9,1.9,1.9,1.9,533.85,533.85,533.85,533.85,533.85,533.85,0.58,533.13,533.85,0.00,48.61,1582,40,0.6,4.2,0,0,0.0,0.0,0,
25.8.2026,16:6:15.624,6585,12669,34.2,5118,11191,31.3,1.6,2944,46,1.181,1.181,1.181,1.181,1.181,1.181,1.181,3921.7,3620.0,3620.0,4525.0,3620.0,4525.0,3620.0,100.0,182.7,134.8,6.7,130.7,84.3,444.3,199.1,12.4,4.5,835.9,252.3,49.1,38.0,182.7,7.6,0.8,0.6,4.2,3.1,9.6,4.1,0.7,40.9,18.3,5.3,3.1,0.5,40.9,7.6,4.7,1.2,0.2,3.4,2.2,11.9,5.2,0.3,0.1,22.5,6.6,1.3,1.0,4.7,39.2,36.2,36.2,45.2,36.2,45.2,36.2,44.2,7.8,1.3,5.0,14.2,0.4,24.0,2.1,16.6,13.8,19.5,22.6,3.5,25.8,14.7,75.6,85.0,75.6,63.4,96.1,50.4,83.4,1600.0,16.00,16,18,18,36,74,560,1,41.4,35.5,40.0,32.0,31.4,31.7,32.9,30.9,34.2,31.0,31.7,31.7,32.5,28.0,1.181,1.000,1.194,5.625,4.512,5.600,5.600,23.849,0.689,0.283,0.537,1.101,0.084,1.796,0.335,6.404,4.494,10.898,23.958,1600.0,1600.0,2926.2,2926.2,4650.0,31.5,9.3,6.2,37.3,153.6,No,No,No,0.586,0.379,0.5,40.0,38.5,36.0,34.5,33.0,36.0,36.0,12.168,5.000,1.004,1.348,1.140,0.822,0.852,1.560,3.352,1.834,1080,702,547,555,1.056,1.270,35,35,43,79.0,100.0,No,No,80673,102290,0.0,0.1,0.1,0.000,0.047,19102,17651,39.9,46.0,47.5,45,46,44,46,46,44,46,44,46,83.0,0.762,12.203,12.273,12.188,12.166,12.184,1333,1372,21.520,7.315,16.119,1.141,7.435,7.531,5.739,16.119,5.742,1.624,4.388,310.000,350.000,1410.0,101.2,1230.0,278.8,1335.0,1185.0,1255.0,88.9,1187.9,0.0,5.0,0.0,0.0,7.6,0.0,0.0,0.0,0.0,0.0,47,51,Yes,No,No,No,No,Yes,No,7.1,7.3,5,0,0,0,0,0,0,0,0,151,0,0,0,0,0,0,0,0,0,0,0,0,0,0,0,0,0,0,0,0,7572,620,450,33,5.0,1.9,1.9,1.9,1.9,1.9,1.9,1.9,1.9,1.9,1.9,1.9,1.9,533.85,533.85,533.85,533.85,533.85,533.85,0.58,533.13,533.85,0.00,48.61,1582,40,0.0,0.0,0,0,0.0,0.0,0,
25.8.2026,16:6:17.619,7785,11468,40.4,5390,10919,33.0,1.6,2944,46,1.168,1.163,1.169,1.169,1.169,1.169,1.169,3770.8,3620.0,3620.0,3620.0,3620.0,4525.0,3620.0,100.0,452.3,115.2,40.0,94.7,160.8,309.0,1084.8,4.9,6.7,162.6,3372.6,36.3,40.3,452.3,9.8,2.3,1.4,1.8,3.4,6.7,23.8,0.0,0.0,3.3,74.6,0.0,0.0,74.6,9.8,12.0,1.9,1.1,2.4,4.2,8.3,29.0,0.1,0.2,4.3,90.9,0.9,1.0,12.0,37.7,36.2,36.2,36.2,36.2,45.2,36.2,0.0,20.1,2.9,6.1,31.0,0.3,78.2,1.9,30.5,49.8,39.0,49.3,3.7,21.8,19.6,49.4,47.4,54.9,19.7,96.0,0.0,78.5,1600.0,16.00,16,18,18,36,74,560,1,45.1,45.2,43.0,35.1,33.8,32.7,37.1,31.6,43.5,31.8,33.6,33.6,32.0,27.7,1.163,0.994,1.169,12.146,5.587,12.155,13.103,35.586,1.434,0.683,0.777,2.450,0.088,4.264,0.340,14.253,5.552,19.805,35.575,1600.0,1600.0,4519.4,4519.4,4650.0,46.8,20.3,14.6,47.6,164.8,No,No,No,0.415,0.327,1.2,45.0,38.5,36.0,34.5,33.5,36.0,36.0,12.096,4.960,1.004,1.348,1.176,0.822,0.852,1.554,3.320,1.834,1096,1459,545,541,1.056,1.243,35,35,42,79.0,100.0,No,No,80673,102290,0.0,0.0,0.0,0.000,0.016,19102,17651,49.5,50.0,59.3,50,50,50,50,50,50,50,50,50,83.0,0.819,12.088,12.180,12.074,12.059,12.040,736,576,31.006,82.819,179.462,24.799,83.470,71.158,37.226,179.462,37.249,27.061,105.482,310.000,350.000,1410.0,1156.5,1305.0,323.8,1410.0,1245.0,1410.1,1155.5,1409.7,100.0,12.0,0.0,0.0,19.1,0.0,0.0,0.0,0.0,0.0,0,0,Yes,No,No,No,No,Yes,No,69.9,70.2,5,0,0,0,0,0,0,0,0,152,0,0,0,0,0,0,0,0,0,0,0,0,0,0,0,0,0,0,0,0,6631,1561,1392,107,16.0,1.8,1.8,1.8,1.8,1.8,1.8,1.8,1.8,1.8,1.8,1.8,1.8,550.17,550.17,550.17,550.17,550.17,550.17,0.39,549.47,550.17,0.00,365.88,1582,40,1.6,0.0,0,0,0.0,0.0,0,
25.8.2026,16:6:19.635,7784,11469,40.4,5382,10927,32.9,1.6,2944,46,1.169,1.169,1.169,1.169,1.169,1.169,1.169,3770.8,3620.0,3620.0,4525.0,3620.0,3620.0,3620.0,100.0,437.2,91.5,30.8,77.5,43.0,204.0,1817.9,8.3,4.4,181.2,2725.5,47.0,15.0,437.2,10.6,0.8,0.0,1.2,0.0,4.0,40.5,1.9,10.0,3.4,59.8,0.0,4.9,59.8,10.6,11.7,1.5,0.8,2.0,1.1,5.4,49.1,0.2,0.1,4.8,73.6,1.2,0.4,11.7,37.7,36.2,36.2,45.2,36.2,36.2,36.2,0.0,19.3,2.3,2.9,44.9,0.3,64.1,1.5,20.3,32.7,16.1,28.8,5.0,30.0,9.2,60.4,65.0,81.0,26.3,94.6,5.9,89.3,1600.0,16.00,16,18,18,36,74,560,1,46.2,46.0,44.5,34.9,33.5,32.1,38.6,31.6,41.9,31.6,33.5,33.5,32.2,28.1,1.169,0.994,1.175,10.791,5.848,10.797,12.135,34.829,1.131,0.484,0.349,2.344,0.106,3.284,0.216,12.753,5.811,18.565,34.816,1600.0,1600.0,4535.3,4535.3,4650.0,45.8,18.0,13.5,48.5,186.8,No,No,No,0.148,0.180,1.2,46.0,38.0,36.5,34.5,33.5,36.0,36.5,12.096,4.970,1.004,1.348,1.172,0.824,0.852,1.554,3.320,1.834,1200,731,544,540,1.056,1.239,35,35,42,79.0,100.0,No,No,80673,102290,0.0,0.0,0.0,0.000,0.002,19102,17651,52.8,54.0,62.9,53,54,54,52,54,54,52,52,54,83.0,0.819,12.085,12.175,12.072,12.055,12.036,0,0,218.000,84.413,182.254,25.592,84.478,72.164,37.480,182.254,37.502,26.904,111.088,310.000,350.000,1410.0,1156.5,1305.0,1410.0,1410.0,1245.0,1409.7,1155.4,1410.0,100.0,12.0,0.0,0.0,19.1,25.0,100.0,0.0,0.0,0.0,0,0,Yes,No,No,No,No,Yes,No,70.9,71.1,5,0,0,0,0,0,0,0,0,152,0,0,0,0,0,0,0,0,0,0,0,0,0,0,0,0,0,0,0,0,6631,1561,1392,107,16.0,1.8,1.8,1.8,1.8,1.8,1.8,1.8,1.8,1.8,1.8,1.8,1.8,550.35,550.35,550.35,550.35,550.35,550.35,0.40,549.97,550.35,0.00,249.27,1582,40,0.4,0.0,0,0,0.0,0.0,0,
25.8.2026,16:6:21.631,7766,11487,40.3,5367,10943,32.9,1.6,2944,46,1.169,1.169,1.169,1.169,1.169,1.169,1.169,3770.8,3620.0,3620.0,4525.0,3620.0,3620.0,3620.0,100.0,442.9,100.0,33.9,162.2,33.0,1228.9,657.1,8.6,12.3,2972.8,32.3,40.8,32.9,442.9,11.4,1.5,1.6,3.6,1.6,27.8,13.9,0.2,8.8,66.0,0.7,10.1,0.8,66.0,11.4,11.8,1.6,0.9,4.3,0.8,33.1,17.7,0.2,0.3,80.3,0.8,1.0,0.8,11.8,37.7,36.2,36.2,45.2,36.2,36.2,36.2,0.0,19.5,2.5,4.5,41.8,0.5,66.2,1.8,19.4,25.8,20.2,31.7,6.7,19.7,12.1,61.1,71.8,75.3,26.5,92.8,14.2,86.1,1600.0,16.00,16,18,18,36,74,560,1,46.2,45.6,45.0,34.8,33.3,32.3,38.2,31.7,41.5,31.7,33.4,33.4,32.2,28.5,1.169,0.994,1.175,10.515,5.840,10.513,12.215,34.352,1.108,0.416,0.458,2.219,0.125,3.173,0.256,12.332,5.804,18.136,34.378,1600.0,1600.0,4520.3,4520.3,4650.0,45.2,17.5,13.6,48.0,184.1,No,No,No,0.158,0.197,1.2,46.0,38.0,36.5,34.5,33.5,36.0,36.5,12.096,4.970,1.004,1.348,1.158,0.824,0.850,1.552,3.320,1.836,1196,717,543,540,1.056,1.256,35,35,42,79.0,100.0,No,No,80673,102290,0.0,0.0,0.0,0.000,0.014,19102,17651,53.7,56.0,63.8,54,54,54,54,54,54,54,54,56,83.0,0.819,12.090,12.183,12.077,12.061,12.040,0,0,218.587,83.722,180.396,25.037,83.836,71.507,37.420,180.396,37.442,27.160,110.302,310.000,350.000,1410.0,1156.5,1305.0,1410.0,1410.0,1245.0,1409.8,1155.1,1410.4,100.0,12.0,0.0,0.0,19.1,25.0,100.0,0.0,0.0,0.0,50,55,Yes,No,No,No,No,Yes,No,70.3,71.4,5,0,0,0,0,0,0,0,0,152,0,0,0,0,0,0,0,0,0,0,0,0,0,0,0,0,0,0,0,0,6631,1561,1392,100,16.0,1.9,1.9,1.9,1.9,1.9,1.9,1.9,1.9,1.9,1.9,1.9,1.9,533.09,533.09,533.09,533.09,533.09,533.09,0.37,532.73,533.09,0.00,115.52,1582,40,0.3,0.0,0,0,0.0,0.0,0,
25.8.2026,16:6:23.644,7768,11485,40.3,5369,10940,32.9,1.6,2944,46,1.169,1.169,1.169,1.169,1.169,1.169,1.169,3770.8,3620.0,3620.0,3620.0,3620.0,4525.0,3620.0,100.0,433.0,93.8,55.0,89.0,31.5,3114.6,24.2,3.3,3.1,1649.2,82.5,32.3,17.5,433.0,9.8,1.3,0.9,3.3,2.0,69.0,1.8,0.0,0.0,36.8,2.4,0.4,0.1,69.0,9.8,11.5,0.9,1.5,2.4,0.8,84.1,0.6,0.1,0.1,44.5,2.2,0.8,0.4,11.5,37.7,36.2,36.2,36.2,36.2,45.2,36.2,0.0,19.0,2.3,2.9,69.4,0.2,38.3,1.2,17.8,25.6,13.7,24.7,3.2,31.0,8.4,63.2,72.1,83.4,5.9,96.6,30.8,90.4,1600.0,16.00,16,18,18,36,74,560,1,46.1,45.3,41.8,34.7,33.8,32.0,41.8,31.5,37.5,31.5,33.4,33.4,33.0,28.6,1.169,0.994,1.175,10.220,5.829,10.218,11.721,34.000,1.062,0.406,0.313,3.375,0.075,2.016,0.185,11.976,5.792,17.768,34.006,1600.0,1600.0,4519.4,4519.4,4650.0,44.7,17.0,13.0,47.7,186.6,No,No,No,0.131,0.163,1.1,46.0,38.5,36.5,34.5,33.5,36.0,36.5,12.096,4.970,1.004,1.348,1.140,0.822,0.852,1.552,3.316,1.834,1235,1449,542,552,1.056,1.268,35,35,43,79.0,100.0,No,No,80673,102290,0.0,0.0,0.0,0.089,0.216,19102,17651,54.4,56.0,64.5,54,56,54,54,54,54,54,52,54,83.0,0.819,12.091,12.183,12.077,12.062,12.041,996,1030,222.346,84.416,182.659,26.108,84.416,72.117,37.495,182.659,37.521,27.701,109.070,310.000,350.000,1410.0,1156.5,1305.0,1410.0,1410.0,1245.0,1409.9,1155.3,1410.0,100.0,12.0,0.0,0.0,19.1,25.0,100.0,0.0,0.0,0.0,60,67,Yes,No,No,No,No,Yes,No,71.0,71.6,5,0,0,0,0,0,0,0,0,152,0,0,0,0,0,0,0,0,0,0,0,0,0,0,0,0,0,0,0,0,6631,1561,1392,100,16.0,1.9,1.9,1.9,1.9,1.9,1.9,1.9,1.9,1.9,1.9,1.9,1.9,533.47,533.47,533.47,533.47,533.47,533.47,0.34,532.74,533.47,0.00,16.00,1582,40,0.0,0.0,0,0,0.0,0.0,0,
25.8.2026,16:6:25.644,7769,11484,40.3,5369,10940,32.9,1.6,2944,46,1.169,1.169,1.169,1.169,1.169,1.169,1.169,3770.8,3620.0,3620.0,4525.0,3620.0,3620.0,3620.0,100.0,439.9,90.3,38.8,96.2,42.6,811.6,849.6,4.8,3.1,3269.6,14.3,41.0,17.2,439.9,11.7,0.9,0.0,2.0,0.0,17.2,18.6,9.7,17.2,72.2,0.0,1.4,1.7,72.2,11.7,11.8,1.2,1.0,2.5,1.1,21.8,22.9,0.1,0.1,88.3,0.3,1.1,0.4,11.8,37.7,36.2,36.2,45.2,36.2,36.2,36.2,0.0,19.4,2.2,3.4,36.8,0.2,72.6,1.4,21.0,30.6,17.9,40.5,3.9,23.9,9.1,59.6,67.3,78.8,22.7,95.9,3.5,89.5,1600.0,16.00,16,18,18,36,74,560,1,46.1,45.8,45.5,34.8,33.4,32.2,37.6,31.6,42.7,31.6,33.5,33.5,33.2,28.4,1.169,0.994,1.175,10.599,5.856,10.603,12.060,34.500,1.118,0.453,0.383,2.078,0.085,3.502,0.204,12.430,5.819,18.249,34.498,1600.0,1600.0,4525.0,4525.0,4650.0,45.4,17.7,13.4,48.2,184.0,No,No,No,0.148,0.191,1.2,46.0,38.5,36.5,34.5,33.5,36.0,36.5,12.096,4.960,1.004,1.348,1.170,0.820,0.852,1.552,3.320,1.834,1238,714,544,538,1.056,1.263,35,35,42,79.0,100.0,No,No,80673,102290,0.0,0.1,0.1,0.000,0.087,19102,17651,55.0,56.0,65.2,55,56,54,54,56,56,54,56,56,83.0,0.819,12.092,12.184,12.078,12.064,12.042,1202,1262,220.932,84.577,183.426,26.499,84.593,72.309,37.570,183.426,37.596,27.689,108.082,310.000,350.000,1410.0,1156.5,1305.0,1410.0,1410.0,1245.0,1410.7,1155.2,1409.5,100.0,12.0,0.0,0.0,19.1,19.7,78.9,0.0,0.0,0.0,61,68,Yes,No,No,No,No,Yes,No,71.3,71.7,5,0,0,0,0,0,0,0,0,152,0,0,0,0,0,0,0,0,0,0,0,0,0,0,0,0,0,0,0,0,6631,1561,1392,100,16.0,1.9,1.9,1.9,1.9,1.9,1.9,1.9,1.9,1.9,1.9,1.9,1.9,517.06,517.06,517.06,517.06,517.06,517.06,0.75,516.25,517.06,0.00,382.81,1582,40,2.6,0.0,0,0,0.0,0.0,0,
25.8.2026,16:6:27.649,5405,13848,28.0,4634,11675,28.4,1.6,2944,46,0.956,0.956,0.956,0.956,0.956,0.956,0.956,3647.5,3675.0,3675.0,3675.0,3620.0,3620.0,3620.0,100.0,388.1,118.2,52.9,248.7,64.9,56.5,3537.1,5.8,3.8,377.5,130.8,47.2,13.5,388.1,9.2,1.6,2.8,5.4,3.1,0.0,78.2,8.0,0.0,8.5,3.1,0.0,0.0,78.2,9.2,10.3,1.6,1.4,6.6,1.7,1.5,95.6,0.1,0.1,10.1,3.4,1.2,0.3,10.3,36.5,36.8,36.8,36.8,36.2,36.2,36.2,0.0,17.2,2.9,7.6,79.4,0.2,11.5,1.4,26.2,34.9,29.6,17.5,4.1,58.8,12.6,56.6,62.2,62.8,3.1,95.7,29.7,86.0,1600.0,16.00,16,18,18,36,74,560,1,45.6,43.2,36.2,34.6,34.3,32.7,42.9,31.6,34.2,31.7,33.5,33.5,33.2,28.0,1.175,0.994,1.181,9.700,5.911,9.707,10.330,33.478,1.052,0.510,0.618,3.784,0.083,1.074,0.240,11.264,5.874,17.138,33.435,1600.0,1600.0,4390.1,4390.1,4650.0,44.0,16.2,11.5,45.4,177.2,No,No,No,0.385,0.590,1.0,45.0,38.5,36.5,34.5,33.5,36.0,36.5,12.168,4.980,1.004,1.348,1.180,0.818,0.850,1.558,3.344,1.834,1239,692,545,539,1.056,1.254,35,35,43,79.0,100.0,No,No,80673,102290,0.0,0.0,0.0,0.000,0.024,19102,17651,50.0,56.0,60.2,54,56,54,54,54,54,54,54,56,83.0,0.819,12.175,12.266,12.159,12.137,12.139,1349,1391,221.149,30.542,65.089,2.993,32.598,29.480,33.758,65.089,33.775,2.428,9.669,310.000,350.000,1410.0,1156.5,1305.0,1410.0,1410.0,1245.0,1410.0,1155.4,1409.9,96.0,11.0,0.0,0.0,15.9,25.0,100.0,0.0,0.0,0.0,61,68,Yes,No,No,No,No,Yes,No,31.9,44.9,5,0,0,0,0,0,0,0,0,152,0,0,0,0,0,0,0,0,0,0,0,0,0,0,0,0,0,0,0,0,6887,1305,1136,100,16.0,4.1,689.8,1.9,1.9,1.9,1.9,4.1,60.0,1.9,1.9,1.9,1.9,243.23,533.21,1.45,0.54,533.92,533.92,0.42,242.74,243.23,0.00,167.82,1582,40,1.4,0.0,0,0,0.0,0.0,0,
25.8.2026,16:6:29.667,5403,13850,28.0,4634,11675,28.4,1.6,2944,46,0.909,0.912,0.906,0.906,0.912,0.906,0.912,3675.0,3675.0,3675.0,3675.0,3675.0,3675.0,3675.0,100.0,91.9,232.2,1.6,13.6,19.3,598.8,77.6,0.4,0.3,59.6,84.1,7.3,8.4,91.9,2.4,1.2,0.0,0.6,0.0,14.8,1.2,0.2,0.0,1.6,2.2,5.6,1.2,14.8,2.4,2.0,1.0,0.0,0.3,0.5,16.1,2.0,0.0,0.0,1.5,2.1,0.2,0.2,2.0,36.8,36.8,36.8,36.8,36.8,36.8,36.8,40.9,3.3,0.8,0.8,15.0,0.0,3.1,0.4,11.2,3.2,2.1,23.5,0.1,36.8,1.6,85.6,96.3,97.2,61.6,99.9,60.2,98.3,1600.0,16.00,16,18,18,36,74,560,1,43.6,34.3,36.2,31.6,31.6,31.3,33.2,31.1,31.6,31.0,32.0,32.0,31.5,27.8,1.156,0.994,1.163,3.672,5.228,3.680,3.680,23.445,0.334,0.178,0.083,1.082,0.014,0.595,0.050,3.932,5.206,9.138,23.506,1600.0,1600.0,2778.6,2778.6,4650.0,30.9,6.1,4.1,36.1,193.0,No,No,No,0.215,0.088,0.2,43.0,38.5,36.5,34.5,33.5,36.0,36.0,12.168,5.000,1.002,1.352,0.664,0.818,0.850,1.560,3.352,1.834,1235,1388,545,541,1.056,1.256,35,35,43,79.0,100.0,No,No,80673,102290,0.0,0.0,0.0,0.000,0.020,19102,17651,45.0,52.0,54.3,52,52,52,52,52,52,52,52,52,83.0,0.781,12.188,12.274,12.172,12.151,12.157,1411,1429,98.463,22.905,48.720,2.357,24.867,21.470,25.348,48.720,25.364,1.836,7.465,310.000,350.000,1455.0,625.2,1290.0,1454.5,1395.0,1230.0,1454.6,624.8,1395.0,0.0,0.0,0.0,0.0,7.6,0.0,0.0,0.0,0.0,0.0,61,68,Yes,No,No,No,No,Yes,No,23.9,33.6,5,0,0,0,0,0,0,0,0,152,0,0,0,0,0,0,0,0,0,0,0,0,0,0,0,0,0,0,0,0,7572,620,450,26,16.0,1.9,1.9,1.9,1.9,1.9,1.9,1.9,1.9,1.9,1.9,1.9,1.9,517.41,517.41,517.41,517.41,517.41,517.41,0.38,517.08,517.41,0.00,166.00,1582,40,0.8,0.0,0,0,0.0,0.0,0,
25.8.2026,16:6:31.680,5405,13848,28.0,4634,11675,28.4,1.6,2944,46,0.956,0.956,0.956,0.956,0.956,0.956,0.956,3675.0,3675.0,3675.0,3675.0,3675.0,3675.0,3675.0,100.0,44.3,157.8,3.3,6.5,7.4,85.9,86.8,0.6,0.2,95.5,78.3,2.5,7.1,44.3,6.0,0.7,22.4,0.0,0.0,2.0,2.0,0.0,40.6,2.2,1.9,0.1,0.0,40.6,6.0,0.9,0.6,0.1,0.2,0.2,2.3,2.3,0.0,0.0,2.5,1.9,0.1,0.2,0.9,36.8,36.8,36.8,36.8,36.8,36.8,36.8,58.3,1.5,0.6,0.3,3.8,0.0,3.9,0.2,7.3,2.4,2.3,9.5,0.1,28.4,1.1,91.4,97.2,97.5,86.8,99.9,67.8,99.0,1600.0,16.00,16,18,18,36,74,560,1,41.6,32.3,35.2,30.9,30.8,31.0,31.1,30.8,31.2,30.7,31.4,31.4,32.8,27.1,1.175,0.994,1.181,2.287,4.476,2.282,2.282,19.654,0.214,0.118,0.094,0.348,0.031,0.619,0.072,2.342,4.461,6.804,19.591,1600.0,1600.0,2289.5,2289.5,4650.0,25.8,3.8,2.5,34.0,178.1,No,No,No,0.192,0.040,0.1,41.0,38.5,36.0,34.5,33.5,36.0,36.0,12.192,5.010,1.002,1.348,0.914,0.818,0.850,1.564,3.360,1.834,1156,695,546,541,1.056,1.267,35,35,43,79.0,100.0,No,No,80673,102290,0.0,0.0,0.0,0.000,0.038,19102,17651,42.3,50.0,49.9,48,48,48,48,48,48,48,48,48,83.0,0.781,12.211,12.278,12.198,12.175,12.194,1418,1433,60.067,7.135,15.909,1.400,7.014,7.487,5.329,15.909,5.334,1.772,4.066,310.000,350.000,1455.0,101.2,1290.0,1301.9,1395.0,1230.0,1004.0,69.4,971.1,0.0,1.0,0.0,0.0,7.6,0.0,0.0,0.0,0.0,0.0,61,68,Yes,No,No,No,No,Yes,No,6.9,7.1,5,0,0,0,0,0,0,0,0,153,0,0,0,0,0,0,0,0,0,0,0,0,0,0,0,0,0,0,0,0,7572,620,450,26,5.0,1.9,1.9,1.9,1.9,1.9,1.9,1.9,1.9,1.9,1.9,1.9,1.9,533.24,533.24,533.24,533.24,533.24,533.24,0.53,532.51,533.24,0.00,81.98,1582,40,0.9,0.0,0,0,0.0,0.0,0,
25.8.2026,16:6:33.691,5404,13849,28.0,4633,11677,28.4,1.6,2944,46,0.926,0.956,0.906,0.906,0.912,0.906,0.969,3665.8,3675.0,3675.0,3675.0,3675.0,3675.0,3620.0,100.0,39.8,89.3,3.3,8.3,9.2,84.6,52.4,0.7,0.3,141.8,76.8,4.2,6.8,39.8,1.0,0.6,0.2,1.9,0.4,1.3,1.4,0.2,0.0,2.6,2.0,1.0,0.3,2.6,1.0,0.9,0.4,0.1,0.2,0.2,2.2,1.4,0.0,0.0,3.7,1.9,0.1,0.2,0.9,36.7,36.8,36.8,36.8,36.8,36.8,36.2,57.9,1.5,0.5,0.4,3.1,0.0,4.9,0.3,7.9,3.4,2.9,9.9,0.1,30.2,0.7,90.7,96.1,96.9,87.2,99.9,65.0,99.2,1600.0,16.00,16,18,18,36,74,560,1,39.9,32.1,35.2,30.9,30.8,31.0,31.0,30.8,31.3,30.7,31.4,31.4,32.0,27.8,1.175,0.994,1.181,2.230,4.230,2.230,2.230,18.958,0.192,0.094,0.089,0.293,0.020,0.620,0.036,2.287,4.217,6.504,18.956,1600.0,1600.0,2268.2,2268.2,4650.0,24.9,3.7,2.5,33.8,193.2,No,No,No,0.182,0.040,0.1,40.0,38.5,36.0,34.5,33.5,36.0,36.0,12.192,5.010,1.004,1.352,0.724,0.816,0.850,1.564,3.360,1.834,1115,700,548,554,1.056,1.277,36,36,43,79.0,100.0,No,No,80673,102290,0.0,0.0,0.0,0.000,0.002,19102,17651,41.2,46.0,48.7,46,46,46,46,46,46,46,46,46,83.0,0.781,12.214,12.280,12.201,12.178,12.196,1413,1428,22.022,7.294,16.241,1.510,7.174,7.538,5.586,16.241,5.594,1.745,4.019,310.000,350.000,1455.0,101.2,1290.0,282.9,1395.0,1230.0,1454.8,101.0,1394.7,0.0,1.0,0.0,0.0,7.6,0.0,0.0,0.0,0.0,0.0,60,67,Yes,No,No,No,No,Yes,No,7.2,7.3,5,0,0,0,0,0,0,0,0,153,0,0,0,0,0,0,0,0,0,0,0,0,0,0,0,0,0,0,0,0,7572,620,450,26,5.0,1.9,1.9,1.9,1.9,1.9,1.9,1.9,1.9,1.9,1.9,1.9,1.9,533.24,533.24,533.24,533.24,533.24,533.24,0.53,532.51,533.24,0.00,81.98,1582,40,0.1,0.0,0,0,0.0,0.0,0,
25.8.2026,16:6:35.715,5668,13586,29.4,4716,11593,28.9,1.6,2944,46,1.166,1.181,1.163,1.163,1.163,1.163,1.163,3770.8,3620.0,3620.0,3620.0,3620.0,4525.0,3620.0,100.0,87.6,149.7,16.6,67.9,14.8,254.1,43.9,7.9,2.6,332.7,114.2,29.3,17.2,87.6,1.7,0.8,0.4,1.5,1.1,5.7,1.0,0.2,0.0,7.8,1.0,0.0,0.4,7.8,1.7,2.0,0.9,0.4,1.8,0.4,6.8,1.1,0.2,0.1,8.5,2.9,0.8,0.4,2.0,37.7,36.2,36.2,36.2,36.2,45.2,36.2,49.1,3.4,1.2,1.9,6.6,0.2,9.6,1.1,11.7,7.1,7.7,13.8,1.7,32.1,7.8,85.0,91.9,90.5,79.8,98.0,58.4,91.3,1600.0,16.00,16,18,18,36,74,560,1,39.0,32.8,40.5,31.2,31.0,31.2,31.7,30.9,31.8,30.9,31.5,31.5,32.8,28.0,1.175,0.994,1.188,3.392,4.373,3.375,3.375,20.692,0.364,0.203,0.252,0.589,0.043,0.900,0.194,3.656,4.357,8.013,20.805,1600.0,1600.0,2459.4,2459.4,4650.0,27.4,5.6,3.8,34.5,166.2,No,No,No,0.265,0.099,0.2,38.0,38.5,36.0,34.5,33.5,36.0,36.0,12.192,5.010,1.002,1.348,0.814,0.816,0.850,1.564,3.360,1.836,1108,721,546,542,1.056,1.249,36,36,43,79.0,100.0,No,No,80673,102290,0.0,0.1,0.1,0.000,0.036,19102,17651,40.4,46.0,48.0,46,46,46,46,46,46,46,46,46,83.0,0.781,12.215,12.283,12.202,12.178,12.198,1382,1404,21.997,7.313,16.272,1.462,7.211,7.587,5.587,16.272,5.595,1.709,4.125,310.000,350.000,1455.0,101.2,1290.0,285.8,1395.0,1230.0,954.8,65.8,926.4,0.0,4.0,0.0,0.0,7.6,0.0,0.0,0.0,0.0,0.0,59,67,Yes,No,No,No,No,Yes,No,7.1,7.4,5,0,0,0,0,0,0,0,0,153,0,0,0,0,0,0,0,0,0,0,0,0,0,0,0,0,0,0,0,0,7572,620,450,26,5.0,1.9,1.9,1.9,1.9,1.9,1.9,1.9,1.9,1.9,1.9,1.9,1.9,516.38,516.38,516.38,516.38,516.38,516.38,0.64,515.78,516.38,0.00,381.66,1582,40,0.0,0.0,0,0,0.0,0.0,0,
25.8.2026,16:6:37.726,7772,11482,40.3,5367,10942,32.9,1.6,2944,46,1.169,1.169,1.169,1.169,1.169,1.169,1.169,3770.8,3620.0,3620.0,4525.0,3620.0,3620.0,3620.0,100.0,464.4,107.4,32.7,175.6,131.2,570.0,2414.1,14.2,11.7,618.6,1367.2,70.4,60.3,464.4,10.3,1.8,0.0,4.8,0.0,13.3,53.7,1.1,0.0,13.3,30.6,2.3,2.9,53.7,10.3,12.4,1.9,0.9,4.5,3.4,15.3,64.9,0.4,0.3,17.0,36.5,1.8,1.5,12.4,37.7,36.2,36.2,45.2,36.2,36.2,36.2,0.0,20.7,2.7,7.4,65.8,0.6,44.3,3.2,40.6,30.9,60.3,34.2,5.2,53.5,59.7,38.7,66.5,32.2,0.0,94.1,2.2,37.1,1600.0,16.00,16,18,18,36,74,560,1,44.4,44.7,45.2,35.6,34.3,33.4,41.9,32.0,39.3,32.7,33.8,33.8,33.2,28.0,1.188,0.994,1.194,12.978,5.487,12.983,13.976,36.250,1.633,0.497,1.027,4.066,0.123,3.299,0.788,15.244,5.453,20.697,36.243,1600.0,1600.0,4518.1,4518.1,4650.0,47.7,21.6,15.5,47.0,154.8,No,No,No,0.761,0.582,1.2,44.0,38.5,36.0,34.5,33.5,36.0,36.0,12.096,4.970,1.004,1.348,1.174,0.816,0.848,1.552,3.316,1.834,1056,723,547,553,1.056,1.263,36,36,43,79.0,100.0,No,No,80673,102290,0.0,0.0,0.0,0.000,0.016,19102,17651,41.8,48.0,51.0,46,48,46,46,46,46,46,46,46,83.0,0.825,12.176,12.264,12.161,12.138,12.142,1343,1376,22.268,27.660,58.492,3.103,28.833,26.571,28.327,58.492,28.325,1.983,14.813,310.000,350.000,1455.0,1156.5,1305.0,317.2,1410.0,1245.0,1455.1,1155.4,1409.8,21.0,3.0,0.0,0.0,19.1,0.0,0.0,0.0,0.0,0.0,45,49,Yes,No,No,No,No,Yes,No,28.0,44.7,5,0,0,0,0,0,0,0,0,154,0,0,0,0,0,0,0,0,0,0,0,0,0,0,0,0,0,0,0,0,6631,1561,1392,100,16.0,1.9,1.9,1.9,1.9,1.9,1.9,1.9,1.9,1.9,1.9,1.9,1.9,533.23,533.23,533.23,533.23,533.23,533.23,0.54,532.72,533.23,0.00,298.94,1582,40,8.7,2.3,0,0,0.0,0.0,0,
25.8.2026,16:6:39.738,7773,11480,40.3,5374,10935,32.9,1.6,2944,46,1.239,1.244,1.238,1.238,1.238,1.238,1.238,3875.0,3720.0,3720.0,4650.0,3720.0,3720.0,3720.0,100.0,443.3,63.5,24.0,65.8,29.3,4.1,4588.7,13.5,18.8,252.8,176.4,49.3,33.2,443.3,11.1,0.9,3.6,1.6,4.4,0.0,100.0,0.0,10.2,6.8,5.0,0.0,0.7,100.0,11.1,11.9,1.0,0.6,1.7,0.7,0.1,124.0,0.4,0.5,6.7,4.7,1.3,0.8,11.9,38.8,37.2,37.2,46.5,37.2,37.2,37.2,0.0,19.5,1.6,2.4,100.0,0.8,10.3,2.1,16.7,8.0,13.0,0.0,3.6,53.6,22.1,63.7,90.3,84.7,0.0,95.6,36.0,75.8,1600.0,16.00,16,18,18,36,74,560,1,47.2,47.1,48.0,35.5,34.6,32.3,47.1,31.9,34.7,32.1,34.0,34.0,33.2,28.6,1.237,0.994,1.244,11.141,5.864,11.134,12.647,35.532,1.190,0.236,0.312,4.970,0.117,1.116,0.391,13.518,5.828,19.345,35.577,1600.0,1600.0,4588.9,4588.9,4650.0,46.8,18.6,14.1,49.6,188.2,No,No,No,0.145,0.159,1.2,47.0,38.5,36.5,34.5,33.5,36.0,36.5,12.096,4.970,1.002,1.348,1.240,0.818,0.848,1.550,3.320,1.834,1136,724,545,552,1.056,1.241,36,36,43,79.0,100.0,No,No,80673,102290,0.0,0.0,0.0,0.000,0.020,19102,17652,53.0,54.0,63.2,54,54,54,54,54,54,54,54,54,83.0,0.819,12.088,12.181,12.074,12.059,12.038,684,609,227.303,86.755,188.196,26.616,87.255,74.310,38.280,188.196,38.306,28.519,111.118,310.000,350.000,1455.0,1156.5,1305.0,1455.0,1410.0,1245.0,1455.3,1155.5,1410.4,100.0,15.0,0.0,0.0,19.1,24.0,96.1,0.0,0.0,0.0,31,31,Yes,No,No,No,No,Yes,No,73.1,73.1,5,0,0,0,0,0,0,0,0,154,0,0,0,0,0,0,0,0,0,0,0,0,0,0,0,0,0,0,0,0,6631,1561,1392,100,16.0,1.9,1.9,1.9,1.9,1.9,1.9,1.9,1.9,1.9,1.9,1.9,1.9,533.25,533.25,533.25,533.25,533.25,533.25,0.78,532.83,533.25,0.00,199.08,1582,40,1.0,0.4,0,0,0.0,0.0,0,
25.8.2026,16:6:41.747,7774,11480,40.3,5374,10935,32.9,1.6,2944,46,1.244,1.244,1.244,1.244,1.244,1.244,1.244,3875.0,3720.0,3720.0,4650.0,3720.0,3720.0,3720.0,100.0,446.5,63.9,18.7,84.0,38.0,36.7,4581.2,14.1,13.3,252.3,172.4,51.2,32.7,446.5,11.0,1.6,5.8,1.6,0.0,1.0,98.5,1.3,5.7,6.0,4.0,5.9,0.9,98.5,11.0,12.0,1.4,0.5,2.2,1.0,1.0,123.8,0.4,0.4,6.7,4.6,1.3,0.8,12.0,38.8,37.2,37.2,46.5,37.2,37.2,37.2,0.0,19.7,1.8,3.2,99.2,0.7,11.1,2.2,18.2,7.4,15.8,0.8,5.3,57.5,22.6,62.1,90.8,81.0,0.0,93.9,31.3,75.2,1600.0,16.00,16,18,18,36,74,560,1,48.4,48.5,49.0,35.9,35.0,32.5,48.5,32.0,35.1,32.2,34.2,34.2,34.0,29.0,1.244,0.994,1.250,12.203,5.856,12.205,13.307,37.238,1.325,0.245,0.410,5.413,0.150,1.289,0.442,15.175,5.820,20.995,37.244,1600.0,1600.0,4647.5,4647.5,4650.0,49.0,20.3,14.8,51.1,190.1,No,No,No,0.151,0.187,1.2,48.0,38.5,36.5,34.5,33.5,36.0,36.5,12.072,4.960,1.004,1.348,1.240,0.818,0.848,1.552,3.316,1.834,1267,708,544,552,1.056,1.237,36,36,43,79.0,100.0,No,No,80673,102290,0.0,0.1,0.1,0.000,0.093,19102,17652,54.0,56.0,64.1,55,56,54,54,56,54,54,56,56,83.0,0.819,12.085,12.169,12.074,12.060,12.038,0,468,223.747,87.928,191.628,29.898,87.272,74.447,38.425,191.628,38.448,28.470,111.135,310.000,350.000,1455.0,1156.5,1305.0,1455.0,1410.0,1245.0,1454.9,1155.7,1409.8,100.0,17.0,0.0,0.0,19.1,25.0,100.0,0.0,0.0,0.0,59,66,Yes,No,No,No,No,Yes,No,74.2,74.6,5,0,0,0,0,0,0,0,0,154,0,0,0,0,0,0,0,0,0,0,0,0,0,0,0,0,0,0,0,0,6631,1561,1392,100,16.0,1.9,1.9,1.9,1.9,1.9,1.9,1.9,1.9,1.9,1.9,1.9,1.9,516.73,516.73,516.73,516.73,516.73,516.73,0.38,515.99,516.73,0.00,65.71,1582,40,0.4,0.2,0,0,0.0,0.0,0,
25.8.2026,16:6:43.759,7773,11480,40.3,5375,10934,32.9,1.6,2944,46,1.250,1.256,1.244,1.244,1.244,1.256,1.256,3875.0,3720.0,3720.0,4650.0,3720.0,3720.0,3720.0,100.0,447.2,73.7,25.5,102.3,27.9,4571.2,6.3,10.2,11.1,272.2,184.0,46.5,35.8,447.2,10.8,0.7,2.5,3.7,2.5,98.3,0.0,1.3,5.7,7.3,5.2,2.3,0.4,98.3,10.8,12.0,1.2,0.7,2.7,0.7,123.5,0.2,0.3,0.3,7.2,4.9,1.2,0.8,12.0,38.8,37.2,37.2,46.5,37.2,37.2,37.2,0.0,19.7,1.9,3.4,98.4,0.6,11.7,2.2,16.7,7.7,13.9,1.6,4.6,42.4,30.1,63.6,90.5,82.7,0.0,94.8,46.0,67.7,1600.0,16.00,16,18,18,36,74,560,1,48.6,48.4,49.0,35.8,35.0,32.5,48.4,32.1,34.8,32.3,34.2,34.2,33.2,28.8,1.263,0.994,1.269,12.264,5.860,12.255,13.345,37.256,1.303,0.257,0.402,5.375,0.131,1.130,0.524,15.245,5.824,21.069,37.301,1600.0,1600.0,4645.8,4645.8,4650.0,49.1,20.4,14.8,51.0,194.3,No,No,No,0.146,0.191,1.2,48.0,38.5,36.5,34.5,34.0,36.0,36.5,12.096,4.960,1.004,1.348,1.240,0.816,0.848,1.552,3.316,1.834,1282,698,544,551,1.056,1.257,36,36,43,79.0,100.0,No,No,80673,102290,0.0,0.0,0.0,0.000,0.000,19102,17652,54.9,56.0,65.0,56,56,54,56,56,54,56,56,56,83.0,0.819,12.086,12.177,12.073,12.058,12.036,1001,1017,224.109,87.387,189.888,27.581,87.539,74.734,38.550,189.888,38.574,28.220,111.511,310.000,350.000,1455.0,1156.5,1305.0,1455.0,1410.0,1245.0,1455.6,1155.6,1410.1,100.0,17.0,0.0,0.0,19.1,19.6,78.4,0.0,0.0,0.0,60,67,Yes,No,No,No,No,Yes,No,73.7,76.9,5,0,0,0,0,0,0,0,0,154,0,0,0,0,0,0,0,0,0,0,0,0,0,0,0,0,0,0,0,0,6631,1561,1392,100,16.0,1.9,1.9,1.9,1.9,1.9,1.9,1.9,1.9,1.9,1.9,1.9,1.9,516.73,516.73,516.73,516.73,516.73,516.73,0.38,515.99,516.73,0.00,65.71,1582,40,0.4,0.0,0,0,0.0,0.0,0,
25.8.2026,16:6:45.753,7770,11483,40.3,5371,10938,32.9,1.6,2944,46,1.170,1.175,1.169,1.169,1.169,1.169,1.169,3770.8,3620.0,3620.0,4525.0,3620.0,3620.0,3620.0,100.0,431.0,51.3,25.1,77.5,40.0,2844.7,98.7,3.0,27.4,1847.9,82.2,43.5,30.8,431.0,9.1,0.5,0.0,1.5,0.0,62.5,1.1,0.0,0.0,41.2,1.6,0.0,0.4,62.5,9.1,11.6,0.8,0.7,2.0,1.0,76.8,2.6,0.1,0.7,49.9,2.2,1.1,0.7,11.6,37.7,36.2,36.2,45.2,36.2,36.2,36.2,0.0,19.1,1.4,2.8,64.7,0.7,43.3,1.8,16.5,7.1,14.1,20.9,2.9,30.2,23.9,64.4,91.6,83.0,14.4,96.4,26.5,74.3,1600.0,16.00,16,18,18,36,74,560,1,48.2,46.0,45.5,35.1,33.7,32.3,41.7,31.9,38.7,32.1,33.8,33.8,33.5,28.1,1.169,0.994,1.175,10.163,5.850,10.179,11.853,34.200,1.086,0.188,0.324,3.273,0.094,2.259,0.376,12.042,5.813,17.855,34.120,1600.0,1600.0,4538.9,4538.9,4650.0,44.9,17.0,13.2,48.4,183.4,No,No,No,0.142,0.163,1.1,48.0,38.5,36.5,34.5,34.0,36.5,36.5,12.096,4.970,1.004,1.348,1.174,0.816,0.848,1.554,3.320,1.836,1252,707,544,550,1.056,1.245,36,36,43,79.0,100.0,No,No,80673,102290,0.0,0.0,0.0,0.000,0.020,19102,17652,55.1,56.0,65.3,56,56,56,56,56,56,56,56,56,83.0,0.819,12.091,12.183,12.077,12.063,12.040,1263,1308,225.196,87.572,190.495,27.925,87.704,74.850,38.563,190.495,38.590,28.287,111.238,310.000,350.000,1455.0,1156.5,1305.0,1455.0,1410.0,1245.0,1455.4,1155.6,1409.9,100.0,17.0,0.0,0.0,19.1,25.0,100.0,0.0,0.0,0.0,61,68,Yes,No,No,No,No,Yes,No,73.9,75.4,5,0,0,0,0,0,0,0,0,154,0,0,0,0,0,0,0,0,0,0,0,0,0,0,0,0,0,0,0,0,6631,1561,1392,100,16.0,1.9,1.9,1.9,1.9,1.9,1.9,1.9,1.9,1.9,1.9,1.9,1.9,533.12,533.12,533.12,533.12,533.12,533.12,0.38,532.71,533.12,0.00,382.22,1582,40,0.2,0.0,0,0,0.0,0.0,0,
25.8.2026,16:6:47.748,5404,13849,28.0,4633,11676,28.4,1.6,2944,46,0.956,0.956,0.956,0.956,0.956,0.956,0.956,3675.0,3675.0,3675.0,3675.0,3675.0,3675.0,3675.0,100.0,410.2,124.4,51.4,88.3,205.9,197.8,948.5,5.6,11.6,265.6,2931.4,56.6,35.7,410.2,10.0,2.5,0.0,1.5,5.6,3.9,21.2,4.8,8.3,6.1,64.9,1.5,0.0,64.9,10.0,11.0,2.6,1.4,2.3,5.5,5.2,25.6,0.1,0.3,7.1,79.2,1.5,0.9,11.0,36.8,36.8,36.8,36.8,36.8,36.8,36.8,0.0,18.1,3.0,6.8,25.6,0.4,70.6,2.3,23.8,14.2,25.8,50.8,3.4,25.0,23.6,58.1,82.9,67.4,23.6,96.2,4.3,74.2,1600.0,16.00,16,18,18,36,74,560,1,47.5,44.3,37.5,34.8,33.3,32.8,36.5,31.9,42.4,32.1,33.7,33.7,33.8,28.0,1.156,0.994,1.163,9.963,5.922,9.973,10.978,33.819,1.084,0.331,0.570,1.689,0.086,3.444,0.384,11.594,5.885,17.478,33.782,1600.0,1600.0,4427.8,4427.8,4650.0,44.5,16.6,12.2,46.6,176.9,No,No,No,0.411,0.612,1.1,47.0,38.5,37.0,34.5,34.0,36.5,36.5,12.168,4.990,1.004,1.348,1.168,0.814,0.848,1.560,3.340,1.834,1286,687,543,539,1.056,1.261,36,36,43,79.0,100.0,No,No,80673,102290,0.0,0.0,0.0,0.000,0.020,19102,17652,51.0,56.0,61.3,56,56,54,54,56,56,56,56,56,83.0,0.819,12.133,12.223,12.118,12.100,12.089,1385,1413,229.273,53.602,132.297,16.452,62.143,53.919,36.618,132.297,36.633,2.317,9.742,310.000,350.000,1455.0,1156.5,1305.0,1455.0,1410.0,1245.0,1455.5,1155.6,1410.1,74.0,13.0,0.0,0.0,15.9,25.0,100.0,0.0,0.0,0.0,61,68,Yes,No,No,No,No,Yes,No,54.5,44.8,5,0,0,0,0,0,0,0,0,154,0,0,0,0,0,0,0,0,0,0,0,0,0,0,0,0,0,0,0,0,6887,1305,1136,100,16.0,2.8,84.0,1.9,1.9,1.9,1.9,2.8,37.5,1.9,1.9,1.9,1.9,355.25,533.33,11.90,2.36,533.38,533.38,0.35,354.86,355.25,0.00,265.59,1582,40,0.7,0.0,0,0,0.0,0.0,0,
25.8.2026,16:6:49.762,5404,13849,28.0,4633,11676,28.4,1.6,2944,46,0.959,0.912,0.969,0.969,0.969,0.969,0.969,3629.2,3675.0,3620.0,3620.0,3620.0,3620.0,3620.0,100.0,52.4,219.0,9.1,9.5,9.1,47.2,120.9,0.6,0.4,99.5,105.2,2.5,6.0,52.4,2.4,0.5,9.2,0.0,0.0,1.7,1.8,0.0,2.1,2.0,2.3,0.0,9.1,9.2,2.4,0.9,0.7,0.2,0.2,0.2,1.2,3.2,0.0,0.0,2.6,2.6,0.1,0.1,0.9,36.3,36.8,36.2,36.2,36.2,36.2,36.2,50.1,1.7,0.7,0.4,3.8,0.0,4.7,0.2,8.8,1.3,2.5,11.3,0.1,36.8,0.8,89.7,98.0,97.2,85.0,99.9,58.7,99.2,1600.0,16.00,16,18,18,36,74,560,1,44.9,33.0,35.5,31.4,31.3,31.4,31.7,31.2,31.8,31.1,31.9,31.9,31.8,28.3,1.156,0.994,1.163,2.555,5.075,2.559,2.559,21.608,0.209,0.132,0.080,0.323,0.024,0.642,0.049,2.617,5.055,7.671,21.614,1600.0,1600.0,2445.1,2445.1,4650.0,28.4,4.3,2.8,34.8,203.5,No,No,No,0.205,0.056,0.1,45.0,38.5,36.5,34.5,34.0,36.5,36.5,12.168,5.000,1.004,1.348,0.960,0.812,0.848,1.562,3.348,1.834,1243,702,544,541,1.056,1.260,36,36,43,79.0,100.0,No,No,80673,102290,0.0,0.0,0.0,0.000,0.002,19102,17652,45.4,54.0,54.9,52,52,52,52,52,52,52,52,54,83.0,0.794,12.192,12.275,12.176,12.156,12.161,1429,1443,98.360,23.281,49.796,2.480,25.131,22.160,25.172,49.796,25.188,1.911,7.893,310.000,350.000,1500.0,625.2,1320.0,1499.1,1425.0,1260.0,1499.7,624.9,1425.0,0.0,0.0,0.0,0.0,7.6,0.0,0.0,0.0,0.0,0.0,61,68,Yes,No,No,No,No,Yes,No,24.2,33.7,5,0,0,0,0,0,0,0,0,154,0,0,0,0,0,0,0,0,0,0,0,0,0,0,0,0,0,0,0,0,7572,620,450,26,16.0,1.9,1.9,1.9,1.9,1.9,1.9,1.9,1.9,1.9,1.9,1.9,1.9,533.30,533.30,533.30,533.30,533.30,533.30,0.33,532.95,533.30,0.00,148.38,1582,40,0.2,0.0,0,0,0.0,0.0,0,
25.8.2026,16:6:51.774,5404,13849,28.0,4633,11677,28.4,1.6,2944,46,0.956,0.956,0.956,0.956,0.956,0.956,0.956,3675.0,3675.0,3675.0,3675.0,3675.0,3675.0,3675.0,100.0,40.7,126.1,1.1,6.3,14.2,108.3,108.8,1.4,0.7,41.7,67.0,5.7,7.8,40.7,3.6,0.7,0.2,2.6,0.6,1.9,3.5,29.7,0.0,1.2,1.8,0.4,0.4,29.7,3.6,0.8,0.5,0.0,0.1,0.4,2.9,2.9,0.0,0.0,1.0,1.6,0.1,0.2,0.8,36.8,36.8,36.8,36.8,36.8,36.8,36.8,58.8,1.5,0.6,0.5,4.8,0.0,2.6,0.3,7.6,2.7,0.9,14.3,0.2,26.8,0.5,91.0,96.8,98.7,81.1,99.7,70.6,99.2,1600.0,16.00,16,18,18,36,74,560,1,42.6,32.6,36.2,31.1,31.0,31.2,31.5,31.0,31.2,30.9,31.5,31.5,33.2,28.5,1.156,0.994,1.163,2.211,4.722,2.205,2.205,19.968,0.194,0.155,0.057,0.370,0.012,0.519,0.052,2.264,4.704,6.968,19.962,1600.0,1600.0,2166.8,2166.8,4650.0,26.3,3.7,2.5,34.3,189.2,No,No,No,0.193,0.033,0.1,42.0,39.0,36.0,34.5,34.0,36.5,36.0,12.192,5.000,1.002,1.352,0.744,0.812,0.848,1.562,3.360,1.836,1229,705,547,554,1.056,1.258,36,36,43,79.0,100.0,No,No,80673,102290,0.0,0.0,0.0,0.000,0.002,19102,17652,42.4,50.0,49.9,48,50,48,48,48,48,48,48,50,83.0,0.794,12.219,12.286,12.206,12.183,12.202,1432,1447,74.091,7.453,16.543,1.450,7.226,7.858,5.686,16.543,5.694,1.838,4.235,310.000,350.000,1500.0,101.2,1320.0,1498.2,1425.0,1260.0,1087.5,72.2,1035.3,0.0,4.0,0.0,0.0,7.6,0.0,0.0,0.0,0.0,0.0,61,68,Yes,No,No,No,No,Yes,No,7.2,8.0,5,0,0,0,0,0,0,0,0,155,0,0,0,0,0,0,0,0,0,0,0,0,0,0,0,0,0,0,0,0,7572,620,450,26,5.0,1.8,1.8,1.8,1.8,1.8,1.8,1.8,1.8,1.8,1.8,1.8,1.8,550.12,550.12,550.12,550.12,550.12,550.12,0.50,549.69,550.12,0.00,48.65,1582,40,0.1,0.0,0,0,0.0,0.0,0,
25.8.2026,16:6:53.769,5403,13850,28.0,4633,11677,28.4,1.6,2944,46,0.949,0.912,0.906,0.969,0.969,0.969,0.969,3629.2,3675.0,3620.0,3620.0,3620.0,3620.0,3620.0,100.0,38.9,104.3,4.7,9.2,11.7,40.3,135.2,0.3,1.2,87.4,62.5,2.7,6.8,38.9,1.6,0.4,0.0,0.1,0.0,0.8,3.0,0.0,12.2,1.9,1.3,0.0,0.0,12.2,1.6,0.8,0.6,0.1,0.2,0.3,1.1,3.6,0.0,0.0,2.3,1.5,0.1,0.2,0.8,36.3,36.8,36.2,36.2,36.2,36.2,36.2,62.3,1.4,0.6,0.3,3.8,0.0,3.4,0.1,6.7,1.5,1.9,10.6,0.0,25.9,0.4,92.0,98.0,97.8,85.8,99.9,70.9,99.6,1600.0,16.00,16,18,18,36,74,560,1,40.8,32.3,35.2,31.1,31.0,31.1,31.3,30.9,31.2,30.8,31.5,31.5,31.8,27.7,1.156,0.994,1.163,2.053,4.406,2.059,2.059,18.713,0.193,0.082,0.063,0.358,0.026,0.575,0.056,2.104,4.391,6.495,18.756,1600.0,1600.0,2106.1,2106.1,4650.0,24.7,3.4,2.3,34.0,176.5,No,No,No,0.199,0.036,0.1,40.0,38.5,36.0,34.5,33.5,36.5,36.0,12.192,5.000,1.002,1.352,0.786,0.812,0.846,1.564,3.360,1.836,1128,708,546,555,1.056,1.269,36,36,43,79.0,100.0,No,No,80673,102290,0.0,0.0,0.0,0.000,0.004,19102,17652,41.3,48.0,49.0,47,48,46,46,48,46,46,46,48,83.0,0.794,12.221,12.287,12.208,12.185,12.204,1429,1439,22.773,7.469,16.801,1.499,7.300,7.993,5.406,16.801,5.418,1.816,4.185,310.000,350.000,1500.0,101.2,1320.0,358.4,1425.0,1260.0,1500.8,101.0,1425.1,0.0,1.0,0.0,0.0,7.6,0.0,0.0,0.0,0.0,0.0,61,68,Yes,No,No,No,No,Yes,No,7.2,7.5,5,0,0,0,0,0,0,0,0,155,0,0,0,0,0,0,0,0,0,0,0,0,0,0,0,0,0,0,0,0,7572,620,450,26,5.0,1.9,1.9,1.9,1.9,1.9,1.9,1.9,1.9,1.9,1.9,1.9,1.9,517.70,517.70,517.70,517.70,517.70,517.70,0.64,516.82,517.70,0.00,433.06,1582,40,0.1,0.0,0,0,0.0,0.0,0,
25.8.2026,16:6:55.788,5959,13295,30.9,4833,11476,29.6,1.6,2944,46,1.172,1.163,1.169,1.169,1.169,1.181,1.181,3921.7,3620.0,3620.0,4525.0,3620.0,4525.0,3620.0,100.0,103.3,200.8,6.9,62.0,29.8,370.8,167.6,6.7,2.9,208.7,136.3,32.4,14.5,103.3,4.6,1.2,0.3,2.3,3.9,8.8,4.7,19.7,0.2,4.5,3.2,0.9,5.6,19.7,4.6,2.3,1.1,0.2,1.6,0.8,9.6,4.5,0.2,0.1,5.0,3.5,0.8,0.4,2.3,39.2,36.2,36.2,45.2,36.2,45.2,36.2,53.5,3.9,1.2,2.1,11.5,0.2,7.3,1.1,10.4,3.2,9.8,13.1,1.2,28.0,7.0,85.8,95.7,88.1,75.6,98.6,64.8,92.2,1600.0,16.00,16,18,18,36,74,560,1,39.8,33.2,40.8,31.5,31.3,31.5,32.3,31.1,31.9,31.1,31.7,31.7,33.5,28.0,1.188,0.994,1.200,3.461,4.462,3.437,3.437,20.780,0.392,0.175,0.257,0.809,0.055,0.885,0.168,3.776,4.446,8.222,20.853,1600.0,1600.0,2532.9,2532.9,4650.0,27.4,5.7,3.8,34.9,160.7,No,No,No,0.412,0.182,0.2,39.0,39.0,36.0,34.5,33.5,36.5,36.0,12.168,5.010,1.002,1.352,0.702,0.810,0.846,1.562,3.352,1.836,1118,700,547,542,1.056,1.263,36,36,43,79.0,100.0,No,No,80673,102290,0.0,0.0,0.0,0.000,0.022,19102,17652,40.7,46.0,48.3,46,46,46,46,46,44,46,46,46,83.0,0.794,12.215,12.281,12.201,12.178,12.198,1401,1413,22.631,7.292,16.260,1.474,7.138,7.636,5.355,16.260,5.364,1.799,4.340,310.000,350.000,1500.0,101.2,1320.0,319.4,1425.0,1260.0,868.7,58.3,836.3,0.0,1.0,0.0,0.0,7.6,0.0,0.0,0.0,0.0,0.0,60,67,Yes,No,No,No,No,Yes,No,7.4,7.3,5,0,0,0,0,0,0,0,0,155,0,0,0,0,0,0,0,0,0,0,0,0,0,0,0,0,0,0,0,0,7572,620,450,26,5.0,1.9,1.9,1.9,1.9,1.9,1.9,1.9,1.9,1.9,1.9,1.9,1.9,533.73,533.73,533.73,533.73,533.73,533.73,0.51,533.20,533.73,0.00,349.60,1582,40,1.2,0.0,0,0,0.0,0.0,0,
25.8.2026,16:6:57.791,7774,11479,40.3,5373,10936,32.9,1.6,2944,46,1.169,1.169,1.169,1.169,1.169,1.169,1.169,3770.8,3620.0,3620.0,4525.0,3620.0,3620.0,3620.0,100.0,479.3,111.7,39.1,179.9,138.8,253.9,2831.0,11.2,16.4,767.5,1269.3,89.7,43.3,479.3,10.3,1.8,0.2,3.4,2.4,5.3,62.3,0.0,0.0,17.4,27.9,2.1,1.1,62.3,10.3,12.8,1.9,1.0,4.6,3.6,7.2,76.0,0.3,0.4,21.0,33.7,2.3,1.1,12.8,37.7,36.2,36.2,45.2,36.2,36.2,36.2,0.0,21.3,2.7,7.7,68.1,0.7,45.2,3.2,30.3,15.3,49.3,31.9,5.7,54.7,24.8,48.5,82.0,43.1,0.0,93.6,0.1,72.0,1600.0,16.00,16,18,18,36,74,560,1,44.8,45.1,45.8,35.6,34.3,33.4,42.1,32.0,39.6,32.3,34.0,34.0,33.2,28.8,1.169,0.994,1.175,12.300,5.494,12.305,13.783,35.452,1.542,0.347,0.957,4.133,0.128,3.219,0.469,14.432,5.460,19.892,35.471,1600.0,1600.0,4520.7,4520.7,4650.0,46.7,20.5,15.3,47.5,155.1,No,No,No,0.669,0.529,1.3,43.0,39.0,36.5,34.5,33.5,36.5,36.5,12.096,4.970,1.004,1.348,1.172,0.810,0.846,1.552,3.320,1.834,1095,706,547,542,1.056,1.286,36,36,43,79.0,100.0,No,No,80673,102290,0.0,0.0,0.0,0.008,0.066,19102,17652,46.1,48.0,55.5,48,48,48,48,48,48,48,48,48,83.0,0.825,12.085,12.171,12.074,12.058,12.038,1350,1381,47.545,85.622,183.713,26.606,84.710,72.423,38.196,183.713,38.212,29.291,113.735,310.000,350.000,1500.0,1156.5,1320.0,335.8,1425.0,1260.0,1500.0,1155.4,1424.5,19.0,4.0,0.0,0.0,19.1,0.0,0.0,0.0,0.0,0.0,59,66,Yes,No,No,No,No,Yes,No,71.6,76.0,5,0,0,0,0,0,0,0,0,156,0,0,0,0,0,0,0,0,0,0,0,0,0,0,0,0,0,0,0,0,6631,1561,1392,100,16.0,1.9,1.9,1.9,1.9,1.9,1.9,1.9,1.9,1.9,1.9,1.9,1.9,533.35,533.35,533.35,533.35,533.35,533.35,0.59,532.83,533.35,0.00,232.71,1582,40,13.6,0.0,0,0,0.0,0.0,0,
25.8.2026,16:6:59.797,7773,11480,40.3,5372,10937,32.9,1.6,2944,46,1.232,1.206,1.238,1.238,1.238,1.238,1.238,3868.3,3680.0,3720.0,3720.0,3720.0,4650.0,3720.0,100.0,428.6,59.9,30.9,48.4,32.5,188.3,661.4,2.6,10.7,26.6,4035.8,21.8,24.3,428.6,9.4,1.1,0.0,1.5,1.1,5.3,14.3,0.0,0.0,0.2,89.2,0.0,0.1,89.2,9.4,11.5,0.7,0.8,1.3,0.8,5.0,17.8,0.1,0.3,0.7,109.1,0.5,0.6,11.5,38.7,36.8,37.2,37.2,37.2,46.5,37.2,0.0,18.9,1.5,2.0,18.9,0.3,89.6,1.2,12.4,4.9,9.8,39.5,2.9,10.0,7.2,68.7,93.6,88.2,41.6,96.8,0.4,91.7,1600.0,16.00,16,18,18,36,74,560,1,46.1,46.3,44.5,34.9,32.9,32.2,35.6,31.9,45.1,31.8,33.8,33.8,34.0,28.7,1.237,0.994,1.244,9.615,5.838,9.612,11.427,33.319,1.006,0.166,0.229,1.282,0.076,4.111,0.169,11.278,5.802,17.080,33.313,1600.0,1600.0,4526.3,4526.3,4650.0,43.8,16.0,12.7,48.7,185.4,No,No,No,0.121,0.124,1.1,45.0,39.0,36.5,34.5,34.0,36.5,36.5,12.096,4.960,1.004,1.348,1.172,0.810,0.846,1.552,3.316,1.834,1197,1396,543,539,1.056,1.259,36,36,43,79.0,100.0,No,No,80673,102290,0.0,0.0,0.0,0.000,0.000,19102,17652,53.4,56.0,63.6,54,54,54,54,54,56,54,54,56,83.0,0.819,12.089,12.180,12.075,12.061,12.038,1310,1352,234.728,89.724,194.577,28.819,89.547,76.180,38.701,194.577,38.721,29.113,117.279,310.000,350.000,1500.0,1156.5,1335.0,1500.0,1440.0,1275.0,1500.2,1155.6,1440.1,100.0,19.0,0.0,0.0,19.1,25.0,100.0,0.0,0.0,0.0,59,66,Yes,No,No,No,No,Yes,No,75.3,75.4,5,0,0,0,0,0,0,0,0,156,0,0,0,0,0,0,0,0,0,0,0,0,0,0,0,0,0,0,0,0,6631,1561,1392,100,16.0,1.9,1.9,1.9,1.9,1.9,1.9,1.9,1.9,1.9,1.9,1.9,1.9,533.43,533.43,533.43,533.43,533.43,533.43,0.76,533.03,533.43,0.00,115.62,1582,40,0.7,0.0,0,0,0.0,0.0,0,
25.8.2026,16:7:1.802,7775,11478,40.3,5374,10935,32.9,1.6,2944,46,1.259,1.244,1.262,1.262,1.262,1.262,1.262,3875.0,3720.0,3720.0,3720.0,3720.0,4650.0,3720.0,100.0,445.0,68.3,28.1,78.6,56.4,213.7,586.4,4.8,14.4,94.0,4124.4,46.4,24.2,445.0,12.0,0.6,1.9,2.4,1.8,4.2,13.9,10.3,15.8,2.5,89.4,0.1,1.0,89.4,12.0,11.9,1.0,0.7,2.1,1.4,5.7,15.8,0.1,0.4,2.5,111.5,1.2,0.6,11.9,38.8,37.2,37.2,37.2,37.2,46.5,37.2,0.0,19.6,1.7,3.3,18.6,0.5,91.4,1.8,17.5,8.9,18.5,52.6,5.1,8.6,11.4,62.9,89.4,78.2,28.8,94.4,0.0,86.8,1600.0,16.00,16,18,18,36,74,560,1,48.9,48.4,44.8,35.6,33.2,32.6,36.2,32.1,47.6,32.1,34.1,34.1,33.5,29.4,1.237,0.994,1.244,10.941,5.849,10.944,12.849,35.397,1.230,0.238,0.424,1.486,0.123,4.835,0.272,13.339,5.812,19.151,35.402,1600.0,1600.0,4599.9,4599.9,4650.0,46.6,18.2,14.3,50.9,179.8,No,No,No,0.171,0.193,1.2,48.0,39.0,36.5,34.5,34.0,36.5,36.5,12.096,4.960,1.004,1.348,1.244,0.810,0.846,1.552,3.316,1.834,1200,692,542,551,1.056,1.251,36,36,43,79.0,100.0,No,No,80673,102290,0.0,0.0,0.0,0.000,0.026,19102,17652,54.2,56.0,64.3,56,56,56,56,56,56,56,56,56,83.0,0.819,12.084,12.172,12.071,12.057,12.034,1307,1354,228.951,89.837,195.342,28.703,90.053,76.561,39.326,195.342,39.353,28.675,115.175,310.000,350.000,1500.0,1156.5,1335.0,1500.0,1440.0,1275.0,1500.2,1155.8,1440.2,100.0,19.0,0.0,0.0,19.1,25.0,100.0,0.0,0.0,0.0,59,66,Yes,No,No,No,No,Yes,No,75.7,74.7,5,0,0,0,0,0,0,0,0,156,0,0,0,0,0,0,0,0,0,0,0,0,0,0,0,0,0,0,0,0,6631,1561,1392,100,16.0,1.9,1.9,1.9,1.9,1.9,1.9,1.9,1.9,1.9,1.9,1.9,1.9,533.43,533.43,533.43,533.43,533.43,533.43,0.76,533.03,533.43,0.00,115.62,1582,40,1.2,0.0,0,0,0.0,0.0,0,
25.8.2026,16:7:3.811,7775,11479,40.3,5376,10933,32.9,1.6,2944,46,1.168,1.169,1.169,1.169,1.169,1.169,1.163,3770.8,3620.0,3620.0,4525.0,3620.0,3620.0,3620.0,100.0,439.8,85.1,33.6,104.1,36.1,4114.0,83.3,15.3,16.3,574.7,118.6,57.9,38.7,439.8,10.0,1.0,0.0,2.2,0.6,91.1,0.9,0.1,0.2,12.6,2.5,9.0,0.0,91.1,10.0,11.8,1.3,0.9,2.8,0.9,111.2,2.2,0.4,0.4,15.4,3.1,1.5,1.0,11.8,37.7,36.2,36.2,45.2,36.2,36.2,36.2,0.0,19.4,2.0,3.3,92.7,0.8,15.5,2.3,22.1,9.6,19.8,7.2,3.5,81.3,11.0,58.5,88.3,76.9,0.1,95.7,3.3,86.7,1600.0,16.00,16,18,18,36,74,560,1,48.2,45.8,45.2,35.5,34.6,32.7,45.0,32.1,36.2,32.1,34.1,34.1,33.8,28.4,1.169,0.994,1.175,10.091,5.840,10.094,12.003,33.913,1.129,0.250,0.400,4.241,0.107,1.507,0.270,11.846,5.803,17.649,33.901,1600.0,1600.0,4522.1,4522.1,4650.0,44.6,16.8,13.3,48.2,173.6,No,No,No,0.161,0.190,1.2,48.0,39.0,37.0,34.5,34.0,36.5,37.0,12.096,4.970,1.004,1.348,1.170,0.810,0.846,1.550,3.316,1.834,1277,702,542,550,1.056,1.254,36,36,43,79.0,100.0,No,No,80673,102290,0.0,0.0,0.0,0.000,0.000,19102,17652,54.5,56.0,64.6,56,56,56,56,56,56,56,56,56,83.0,0.819,12.085,12.175,12.073,12.059,12.035,1336,1372,229.905,90.196,195.439,28.843,90.001,76.548,39.102,195.439,39.134,28.962,118.300,310.000,350.000,1500.0,1156.5,1335.0,1500.0,1440.0,1275.0,1500.3,1155.8,1439.8,100.0,18.0,0.0,0.0,19.1,19.9,79.4,0.0,0.0,0.0,60,67,Yes,No,No,No,No,Yes,No,75.7,73.7,5,0,0,0,0,0,0,0,0,156,0,0,0,0,0,0,0,0,0,0,0,0,0,0,0,0,0,0,0,0,6631,1561,1392,100,16.0,1.9,1.9,1.9,1.9,1.9,1.9,1.9,1.9,1.9,1.9,1.9,1.9,533.45,533.45,533.45,533.45,533.45,533.45,0.77,532.71,533.45,0.00,432.76,1582,40,7.6,0.0,0,0,0.0,0.0,0,
25.8.2026,16:7:5.820,7772,11481,40.3,5377,10932,32.9,1.6,2944,46,1.246,1.244,1.244,1.244,1.244,1.244,1.256,3875.0,3720.0,3720.0,4650.0,3720.0,3720.0,3720.0,100.0,438.9,68.2,34.9,56.4,44.2,4567.9,5.2,5.0,2.5,285.0,149.1,27.0,21.6,438.9,9.3,0.8,0.0,0.6,1.0,98.4,0.0,0.0,0.0,7.3,3.8,0.0,0.0,98.4,9.3,11.8,0.9,0.9,1.5,1.1,123.4,0.1,0.1,0.1,7.6,4.0,0.7,0.6,11.8,38.8,37.2,37.2,46.5,37.2,37.2,37.2,0.0,19.2,1.8,2.4,98.5,0.2,11.2,1.3,20.3,7.4,15.2,1.5,3.5,85.8,8.4,60.5,90.8,82.4,0.0,96.3,3.1,90.3,1600.0,16.00,16,18,18,36,74,560,1,49.0,48.8,44.8,36.3,35.4,32.8,48.7,32.2,36.3,32.2,34.6,34.6,32.8,28.9,1.250,0.994,1.262,11.342,5.838,11.339,12.853,36.057,1.309,0.243,0.359,5.333,0.102,1.588,0.227,14.062,5.802,19.864,36.103,1600.0,1600.0,4636.4,4636.4,4650.0,47.5,18.9,14.3,51.3,178.3,No,No,No,0.137,0.168,1.2,48.0,39.5,37.0,34.5,34.0,36.5,37.0,12.096,4.960,1.004,1.348,1.244,0.808,0.844,1.552,3.316,1.836,1251,686,543,551,1.056,1.252,36,36,43,79.0,100.0,No,No,80673,102290,0.0,0.0,0.0,0.000,0.000,19102,17652,55.1,58.0,65.3,56,58,56,56,56,56,56,56,56,83.0,0.819,12.085,12.175,12.073,12.058,12.035,1371,1402,230.454,90.563,196.268,29.012,90.352,76.871,39.366,196.268,39.389,29.070,118.470,310.000,350.000,1500.0,1156.5,1335.0,1500.0,1440.0,1275.0,1500.6,1155.6,1440.3,100.0,19.0,0.0,0.0,19.1,25.0,100.0,0.0,0.0,0.0,61,68,Yes,No,No,No,No,Yes,No,76.0,73.5,5,0,0,0,0,0,0,0,0,156,0,0,0,0,0,0,0,0,0,0,0,0,0,0,0,0,0,0,0,0,6631,1561,1392,100,16.0,1.9,1.9,1.9,1.9,1.9,1.9,1.9,1.9,1.9,1.9,1.9,1.9,516.71,516.71,516.71,516.71,516.71,516.71,0.38,516.31,516.71,0.00,265.81,1582,40,0.8,0.0,0,0,0.0,0.0,0,
25.8.2026,16:7:7.802,5411,13842,28.1,4641,11669,28.4,1.6,2944,46,1.157,0.912,1.206,1.206,1.206,1.206,1.206,3780.0,3675.0,3620.0,3620.0,4525.0,3620.0,3620.0,100.0,352.6,148.8,75.5,197.6,68.7,145.9,2607.3,14.7,14.9,292.9,604.4,39.2,20.7,352.6,11.3,2.1,6.2,5.7,1.6,3.2,56.8,10.7,16.0,7.1,13.8,10.0,2.7,56.8,11.3,9.3,1.5,2.0,5.3,1.8,3.9,70.4,0.4,0.4,7.8,16.3,1.0,0.5,9.3,37.8,36.8,36.2,36.2,45.2,36.2,36.2,1.3,15.5,3.4,6.9,59.5,0.7,21.1,1.6,29.4,19.6,28.9,36.2,2.5,76.4,13.0,55.0,77.0,64.2,4.3,96.8,2.5,85.4,1600.0,16.00,16,18,18,36,74,560,1,48.2,43.7,37.2,35.3,34.8,33.4,42.3,32.3,37.0,32.3,34.3,34.3,32.8,29.5,1.175,0.994,1.181,9.974,5.905,9.978,9.978,34.053,1.109,0.414,0.638,3.461,0.100,1.760,0.280,11.892,5.869,17.760,33.999,1600.0,1600.0,4327.8,4327.8,4650.0,44.7,16.6,11.1,46.0,177.7,No,No,No,0.432,0.625,0.9,49.0,39.0,37.0,34.5,34.5,36.5,37.0,12.168,4.990,1.004,1.348,0.974,0.808,0.844,1.560,3.340,1.834,1298,685,543,551,1.056,1.243,36,36,43,79.0,100.0,No,No,80673,102290,0.0,0.0,0.0,0.000,0.030,19102,17652,47.4,56.0,57.6,54,56,54,54,54,54,54,54,54,83.0,0.819,12.175,12.267,12.158,12.137,12.139,1409,1430,179.320,30.569,65.329,3.005,32.571,29.712,34.160,65.329,34.182,2.142,8.692,310.000,350.000,1500.0,1187.7,1320.0,1500.0,1425.0,1260.0,1500.1,1186.2,1424.7,0.0,0.0,0.0,0.0,7.6,0.0,0.0,0.0,0.0,0.0,61,68,Yes,No,No,No,No,Yes,No,32.1,45.6,5,0,0,0,0,0,0,0,0,156,0,0,0,0,0,0,0,0,0,0,0,0,0,0,0,0,0,0,0,0,7572,620,450,26,16.0,4.2,185.2,1.9,1.9,1.9,1.9,4.2,60.0,1.9,1.9,1.9,1.9,237.34,513.23,5.40,5.08,516.40,516.40,0.33,237.00,237.34,0.00,176.16,1582,40,22.0,1.6,0,0,0.0,0.0,0,
25.8.2026,16:7:9.812,5410,13844,28.0,4638,11671,28.4,1.6,2944,46,0.990,1.156,0.956,0.956,0.956,0.956,0.956,3675.0,3675.0,3675.0,3675.0,3675.0,3675.0,3675.0,100.0,49.4,171.0,1.6,9.7,7.9,51.5,164.7,0.5,0.9,63.6,108.1,4.4,8.5,49.4,0.9,0.3,0.0,0.0,0.6,0.9,4.2,0.0,0.0,2.0,2.9,0.0,0.0,4.2,0.9,1.0,0.7,0.0,0.2,0.2,1.4,4.4,0.0,0.0,1.6,2.7,0.1,0.2,1.0,36.8,36.8,36.8,36.8,36.8,36.8,36.8,56.3,1.6,0.6,0.4,4.7,0.0,3.9,0.3,9.0,2.7,3.4,17.1,1.2,23.9,5.6,89.6,96.9,96.3,78.4,98.8,72.4,94.5,1600.0,16.00,16,18,18,36,74,560,1,45.5,33.3,37.0,31.7,31.7,31.7,32.1,31.6,31.9,31.5,32.2,32.2,33.0,29.0,1.156,0.994,1.163,2.519,4.921,2.526,2.526,21.113,0.240,0.132,0.096,0.411,0.020,0.680,0.101,2.606,4.905,7.511,21.103,1600.0,1600.0,2357.0,2357.0,4650.0,27.8,4.2,2.8,35.1,176.9,No,No,No,0.205,0.041,0.1,46.0,39.0,36.5,34.5,34.0,36.5,36.5,12.168,5.000,1.002,1.348,0.812,0.806,0.844,1.560,3.352,1.836,1271,701,545,554,1.056,1.280,36,36,43,79.0,100.0,No,No,80673,102290,0.0,0.0,0.0,0.000,0.002,19102,17652,44.4,52.0,53.7,52,52,52,52,52,52,52,50,52,83.0,0.812,12.191,12.275,12.176,12.154,12.161,1429,1439,84.478,23.437,50.035,2.516,25.167,22.339,25.282,50.035,25.299,2.023,8.240,310.000,350.000,1545.0,625.2,1365.0,1543.0,1470.0,1305.0,1544.9,624.7,1470.3,0.0,0.0,0.0,0.0,7.6,0.0,0.0,0.0,0.0,0.0,61,68,Yes,No,No,No,No,Yes,No,24.3,33.9,5,0,0,0,0,0,0,0,0,156,0,0,0,0,0,0,0,0,0,0,0,0,0,0,0,0,0,0,0,0,7572,620,450,26,16.0,1.9,1.9,1.9,1.9,1.9,1.9,1.9,1.9,1.9,1.9,1.9,1.9,516.69,516.69,516.69,516.69,516.69,516.69,0.45,516.35,516.69,0.00,31.65,1582,40,11.3,0.0,0,0,0.0,0.0,0,
25.8.2026,16:7:11.823,5408,13845,28.0,4637,11672,28.4,1.6,2944,46,0.909,0.912,0.906,0.906,0.912,0.906,0.912,3675.0,3675.0,3675.0,3675.0,3675.0,3675.0,3675.0,100.0,48.6,220.3,2.7,7.1,4.8,46.2,121.2,0.3,0.3,45.6,123.1,4.5,6.6,48.6,1.9,0.9,15.4,0.0,0.0,0.5,1.4,0.2,0.2,1.3,3.0,0.0,0.3,15.4,1.9,0.8,0.7,0.1,0.2,0.1,1.2,3.2,0.0,0.0,1.1,3.1,0.1,0.1,0.8,36.8,36.8,36.8,36.8,36.8,36.8,36.8,61.4,1.4,0.6,0.2,3.6,0.0,4.0,0.2,7.1,2.6,1.5,11.4,0.1,26.2,0.9,91.6,97.0,98.4,85.4,99.9,70.0,99.2,1600.0,16.00,16,18,18,36,74,560,1,43.2,32.8,36.5,31.6,31.5,31.6,31.8,31.5,31.8,31.4,32.0,32.0,32.0,27.7,1.156,0.994,1.163,2.151,4.431,2.159,2.159,19.315,0.210,0.147,0.070,0.319,0.013,0.622,0.087,2.199,4.419,6.617,19.324,1600.0,1600.0,1842.5,1842.5,4650.0,25.4,3.6,2.4,34.6,170.3,No,No,No,0.188,0.040,0.1,43.0,39.0,36.5,34.5,34.0,36.5,36.5,12.168,5.010,1.002,1.352,0.588,0.808,0.844,1.564,3.360,1.836,1194,705,547,542,1.057,1.261,36,36,43,79.0,100.0,No,No,80673,102290,0.0,0.0,0.0,0.000,0.000,19102,17652,41.9,48.0,49.5,48,48,48,48,48,46,48,48,48,83.0,0.812,12.216,12.283,12.203,12.181,12.199,1423,1437,40.817,9.535,20.775,1.953,9.031,9.781,6.953,20.775,6.967,1.948,7.634,310.000,350.000,1545.0,101.2,1365.0,1545.0,1470.0,1305.0,1093.2,70.8,1082.3,0.0,1.0,0.0,0.0,7.6,0.0,0.0,0.0,0.0,0.0,61,68,Yes,No,No,No,No,Yes,No,8.9,7.8,5,0,0,0,0,0,0,0,0,157,0,0,0,0,0,0,0,0,0,0,0,0,0,0,0,0,0,0,0,0,7572,620,450,26,5.0,1.9,1.9,1.9,1.9,1.9,1.9,1.9,1.9,1.9,1.9,1.9,1.9,533.49,533.49,533.49,533.49,533.49,533.49,0.62,533.07,533.49,0.00,465.16,1582,40,0.5,0.0,0,0,0.0,0.0,0,
25.8.2026,16:7:13.831,5407,13846,28.0,4636,11673,28.4,1.6,2944,46,0.959,0.912,0.969,0.969,0.969,0.969,0.969,3780.0,3675.0,3620.0,3620.0,3620.0,4525.0,3620.0,100.0,48.1,202.4,3.8,12.0,7.5,69.0,134.4,0.7,1.1,58.7,78.7,3.9,5.3,48.1,0.6,0.1,0.0,0.0,0.0,2.6,2.5,0.0,0.0,0.8,1.3,0.0,0.0,2.6,0.6,0.9,0.6,0.1,0.3,0.2,1.8,3.6,0.0,0.0,1.5,1.9,0.1,0.1,0.9,37.8,36.8,36.2,36.2,36.2,45.2,36.2,57.1,1.5,0.5,0.4,4.5,0.0,3.2,0.1,8.0,2.9,1.7,12.0,0.1,29.9,1.1,90.7,96.8,98.0,83.7,99.8,67.0,99.0,1600.0,16.00,16,18,18,36,74,560,1,41.2,32.7,35.5,31.5,31.4,31.6,31.9,31.4,31.6,31.3,32.0,32.0,32.0,28.5,1.156,0.994,1.163,2.302,4.251,2.302,2.302,19.110,0.208,0.162,0.078,0.361,0.013,0.558,0.077,2.351,4.238,6.589,19.069,1600.0,1600.0,2184.1,2184.1,4650.0,25.1,3.8,2.6,34.4,183.4,No,No,No,0.192,0.039,0.1,41.0,39.0,36.0,34.5,34.0,36.5,36.0,12.168,5.010,1.002,1.352,0.678,0.806,0.844,1.564,3.360,1.836,1174,697,546,542,1.056,1.255,36,36,43,79.0,100.0,No,No,80673,102290,0.0,0.0,0.0,0.000,0.006,19102,17652,40.8,48.0,48.4,46,46,46,46,46,46,46,46,46,83.0,0.812,12.217,12.282,12.205,12.181,12.201,1413,1426,22.879,7.703,17.279,1.695,7.421,8.149,5.503,17.279,5.510,1.921,4.569,310.000,350.000,1545.0,101.2,1365.0,304.4,1470.0,1305.0,1092.1,71.2,1049.4,0.0,7.0,0.0,0.0,7.6,0.0,0.0,0.0,0.0,0.0,60,67,Yes,No,No,No,No,Yes,No,7.4,7.3,5,0,0,0,0,0,0,0,0,157,0,0,0,0,0,0,0,0,0,0,0,0,0,0,0,0,0,0,0,0,7572,620,450,26,5.0,1.9,1.9,1.9,1.9,1.9,1.9,1.9,1.9,1.9,1.9,1.9,1.9,533.85,533.85,533.85,533.85,533.85,533.85,0.50,533.31,533.85,0.00,382.63,1582,40,1.8,0.0,0,0,0.0,0.0,0,
25.8.2026,16:7:15.843,5993,13260,31.1,4860,11449,29.8,1.6,2944,46,1.182,1.188,1.181,1.181,1.181,1.181,1.181,3770.8,3620.0,3620.0,3620.0,3620.0,4525.0,3620.0,100.0,111.5,215.8,5.3,74.4,25.9,217.0,170.1,5.0,5.0,423.2,142.5,37.5,15.7,111.5,3.1,1.6,1.5,3.0,2.0,4.8,5.1,1.5,1.5,9.9,3.1,2.2,1.7,9.9,3.1,2.5,1.1,0.1,1.9,0.7,5.8,4.5,0.1,0.1,11.1,3.7,1.0,0.4,2.5,37.7,36.2,36.2,36.2,36.2,45.2,36.2,51.2,4.2,0.9,2.3,8.5,0.2,12.3,1.2,12.8,9.8,11.4,19.1,1.8,25.5,9.3,83.1,89.7,86.3,72.6,98.0,62.4,89.8,1600.0,16.00,16,18,18,36,74,560,1,40.5,33.8,43.2,32.0,31.8,31.9,32.6,31.5,32.9,31.6,32.1,32.1,33.8,28.9,1.200,0.994,1.206,3.766,4.365,3.739,3.739,21.023,0.439,0.298,0.295,0.685,0.046,1.105,0.202,4.137,4.350,8.487,21.163,1600.0,1600.0,2520.3,2520.3,4650.0,27.8,6.2,4.2,35.6,155.7,No,No,No,0.419,0.202,0.3,40.0,39.5,36.0,34.5,34.0,37.0,36.0,12.192,5.010,1.002,1.352,0.672,0.806,0.842,1.560,3.348,1.834,1140,700,546,554,1.056,1.264,36,36,43,79.0,100.0,No,No,80673,102290,0.0,0.1,0.1,0.000,0.055,19102,17652,40.1,46.0,48.0,46,46,46,46,46,44,46,46,46,83.0,0.812,12.217,12.283,12.204,12.181,12.201,1374,1395,23.098,7.586,17.075,1.634,7.335,8.101,5.527,17.075,5.529,1.924,4.079,310.000,350.000,1545.0,101.2,1365.0,298.0,1470.0,1305.0,1111.9,72.0,1063.0,0.0,8.0,0.0,0.0,7.6,0.0,0.0,0.0,0.0,0.0,59,66,Yes,No,No,No,No,Yes,No,7.3,7.5,5,0,0,0,0,0,0,0,0,157,0,0,0,0,0,0,0,0,0,0,0,0,0,0,0,0,0,0,0,0,7572,620,450,26,5.0,1.9,1.9,1.9,1.9,1.9,1.9,1.9,1.9,1.9,1.9,1.9,1.9,533.24,533.24,533.24,533.24,533.24,533.24,0.65,532.70,533.24,0.00,265.77,1582,40,7.6,0.1,0,0,0.0,0.0,0,
25.8.2026,16:7:17.851,7771,11482,40.3,5375,10934,32.9,1.6,2944,46,1.169,1.169,1.169,1.169,1.169,1.169,1.169,3770.8,3620.0,3620.0,3620.0,3620.0,4525.0,3620.0,100.0,470.4,136.4,43.8,170.7,95.2,319.4,1292.9,18.2,12.4,627.2,2786.2,78.1,64.2,470.4,10.0,1.9,0.8,2.1,2.8,7.7,28.4,0.2,0.0,12.4,61.6,1.5,0.4,61.6,10.0,12.5,2.3,1.2,4.3,2.5,8.5,34.6,0.5,0.3,17.0,74.9,2.0,1.7,12.5,37.7,36.2,36.2,36.2,36.2,45.2,36.2,0.0,20.9,3.4,6.5,35.7,0.7,75.6,3.4,35.4,53.4,50.6,53.5,6.8,24.4,23.5,43.7,43.2,42.9,10.8,92.4,0.0,73.1,1600.0,16.00,16,18,18,36,74,560,1,45.8,46.1,44.5,36.2,34.9,33.7,38.7,32.5,44.3,32.8,34.4,34.4,34.2,29.2,1.169,0.994,1.175,12.696,5.518,12.707,14.009,36.042,1.606,0.777,0.906,2.822,0.146,4.507,0.475,14.929,5.484,20.413,36.017,1600.0,1600.0,4523.2,4523.2,4650.0,47.4,21.2,15.6,48.6,154.2,No,No,No,0.631,0.519,1.3,44.0,39.0,36.5,35.0,34.0,36.5,36.5,12.096,4.970,1.004,1.348,1.170,0.806,0.842,1.552,3.316,1.834,1135,706,547,554,1.056,1.250,36,36,43,79.0,100.0,No,No,80673,102290,0.0,0.0,0.0,0.065,0.169,19102,17653,47.2,50.0,56.8,48,50,48,48,48,48,48,48,50,83.0,0.825,12.116,12.203,12.103,12.086,12.071,1052,1031,42.342,72.613,142.880,17.950,67.171,57.975,36.998,142.880,37.007,29.940,120.714,310.000,350.000,1545.0,1156.5,1365.0,346.1,1470.0,1305.0,1545.1,1155.1,1470.2,17.0,3.0,0.0,0.0,19.1,0.0,0.0,0.0,0.0,0.0,0,0,Yes,No,No,No,No,Yes,No,58.0,79.3,5,0,0,0,0,0,0,0,0,158,0,0,0,0,0,0,0,0,0,0,0,0,0,0,0,0,0,0,0,0,6631,1561,1392,100,16.0,1.9,1.9,1.9,1.9,1.9,1.9,1.9,1.9,1.9,1.9,1.9,1.9,533.23,533.23,533.23,533.23,533.23,533.23,0.36,532.60,533.23,0.00,149.20,1582,40,0.6,0.0,0,0,0.0,0.0,0,
25.8.2026,16:7:19.856,7770,11483,40.3,5371,10939,32.9,1.6,2944,46,1.210,0.969,1.262,1.262,1.262,1.262,1.244,3867.5,3675.0,3720.0,3720.0,3720.0,4650.0,3720.0,100.0,432.2,74.9,22.4,59.6,37.7,185.8,643.3,7.6,2.4,71.8,4025.3,32.9,22.8,432.2,9.8,0.9,0.2,3.4,0.6,4.1,15.0,0.7,0.5,2.0,88.0,1.3,1.0,88.0,9.8,11.6,1.2,0.6,1.6,1.0,4.9,17.3,0.2,0.1,1.9,108.7,0.9,0.6,11.6,38.7,36.8,37.2,37.2,37.2,46.5,37.2,0.0,19.1,1.9,2.5,18.9,0.3,89.5,1.4,16.3,20.2,13.2,41.4,4.0,10.5,8.3,64.7,77.9,84.3,39.8,95.8,0.0,90.3,1600.0,16.00,16,18,18,36,74,560,1,48.1,47.7,44.5,35.6,33.7,32.7,36.2,32.3,46.7,32.2,34.3,34.3,34.5,29.4,1.231,0.994,1.244,10.224,5.856,10.212,12.144,34.220,1.133,0.365,0.314,1.351,0.098,4.460,0.209,12.256,5.819,18.076,34.300,1600.0,1600.0,4563.3,4563.3,4650.0,45.1,17.0,13.5,50.2,179.2,No,No,No,0.135,0.149,1.1,46.0,39.0,36.5,35.0,34.0,36.5,36.5,12.096,4.960,1.004,1.348,1.244,0.808,0.842,1.552,3.312,1.834,1213,704,543,540,1.056,1.262,36,36,43,79.0,100.0,No,No,80673,102290,0.0,0.0,0.0,0.000,0.004,19102,17653,53.4,56.0,63.6,55,56,54,54,56,54,54,54,56,83.0,0.819,12.082,12.172,12.069,12.055,12.031,0,0,238.522,92.192,199.767,28.835,92.593,78.306,39.606,199.767,39.632,29.828,121.392,310.000,350.000,1545.0,1156.5,1365.0,1545.0,1470.0,1305.0,1545.2,1155.0,1469.4,100.0,19.0,0.0,0.0,19.1,25.0,100.0,0.0,0.0,0.0,0,0,Yes,No,No,No,No,Yes,No,77.2,78.2,5,0,0,0,0,0,0,0,0,158,0,0,0,0,0,0,0,0,0,0,0,0,0,0,0,0,0,0,0,0,6631,1561,1392,100,16.0,1.9,1.9,1.9,1.9,1.9,1.9,1.9,1.9,1.9,1.9,1.9,1.9,533.37,533.37,533.37,533.37,533.37,533.37,0.76,532.96,533.37,0.00,15.95,1582,40,0.1,0.0,0,0,0.0,0.0,0,
25.8.2026,16:7:21.865,7771,11482,40.3,5376,10933,32.9,1.6,2944,46,1.242,1.244,1.244,1.244,1.244,1.244,1.231,3875.0,3720.0,3720.0,4650.0,3720.0,3720.0,3720.0,100.0,434.1,73.5,18.9,65.0,40.7,8.3,4476.8,23.3,4.1,278.9,160.5,38.7,20.9,434.1,9.7,1.7,1.6,1.9,0.0,0.0,99.2,0.0,0.0,7.3,4.8,0.0,0.1,99.2,9.7,11.7,1.3,0.5,1.7,1.0,0.2,121.0,0.6,0.1,7.4,5.2,1.0,0.5,11.7,38.8,37.2,37.2,46.5,37.2,37.2,37.2,0.0,19.4,1.9,2.6,99.2,0.7,10.4,1.4,18.7,23.6,18.1,0.8,4.5,56.9,8.3,61.9,74.5,79.3,0.0,94.9,32.7,90.3,1600.0,16.00,16,18,18,36,74,560,1,47.9,46.1,48.0,35.6,35.1,32.8,46.0,32.2,35.1,32.2,34.2,34.2,33.5,28.8,1.237,0.994,1.244,10.094,5.852,10.101,12.048,33.994,1.102,0.386,0.349,4.459,0.111,1.108,0.200,11.888,5.816,17.704,33.955,1600.0,1600.0,4530.9,4530.9,4650.0,44.7,16.8,13.4,48.5,178.4,No,No,No,0.136,0.167,1.2,47.0,39.0,37.0,35.0,34.5,36.5,37.0,12.096,4.960,1.004,1.348,1.178,0.808,0.842,1.552,3.316,1.834,1229,707,542,540,1.056,1.254,36,36,43,79.0,100.0,No,No,80673,102290,0.0,0.0,0.0,0.065,0.139,19103,17653,54.6,56.0,64.7,56,56,54,56,56,56,54,56,56,83.0,0.819,12.082,12.160,12.074,12.059,12.035,0,1006,240.688,93.003,203.548,33.198,92.200,78.108,39.223,203.548,39.255,30.009,117.934,310.000,350.000,1545.0,1156.5,1365.0,1545.0,1470.0,1305.0,1544.6,1155.3,1469.8,100.0,21.0,0.0,0.0,19.1,19.7,78.7,0.0,0.0,0.0,59,66,Yes,No,No,No,No,Yes,No,78.3,78.9,5,0,0,0,0,0,0,0,0,158,0,0,0,0,0,0,0,0,0,0,0,0,0,0,0,0,0,0,0,0,6631,1561,1392,100,16.0,1.9,1.9,1.9,1.9,1.9,1.9,1.9,1.9,1.9,1.9,1.9,1.9,516.79,516.79,516.79,516.79,516.79,516.79,0.77,516.08,516.79,0.00,415.97,1582,40,0.0,0.0,0,0,0.0,0.0,0,
25.8.2026,16:7:23.871,7770,11483,40.3,5374,10936,32.9,1.6,2944,46,1.244,1.244,1.244,1.244,1.244,1.244,1.244,3875.0,3720.0,3720.0,4650.0,3720.0,3720.0,3720.0,100.0,447.4,79.1,29.2,102.7,36.7,4563.9,12.3,14.6,10.9,279.3,176.5,34.2,29.8,447.4,10.5,0.9,0.0,1.6,0.6,98.2,0.0,0.0,7.2,7.0,4.4,5.7,0.0,98.2,10.5,12.0,1.2,0.8,2.7,0.9,123.3,0.3,0.4,0.3,7.4,4.7,0.9,0.8,12.0,38.8,37.2,37.2,46.5,37.2,37.2,37.2,0.0,19.7,2.1,3.7,98.3,0.7,11.7,1.8,17.6,23.6,18.5,1.7,4.5,47.4,9.7,62.7,74.3,77.8,0.0,94.8,40.9,88.6,1600.0,16.00,16,18,18,36,74,560,1,49.0,49.0,49.2,36.3,35.8,33.0,49.0,32.4,35.4,32.3,34.6,34.6,34.0,29.3,1.244,0.994,1.250,11.515,5.850,11.519,13.509,36.398,1.323,0.469,0.461,5.405,0.136,1.199,0.269,14.330,5.814,20.144,36.397,1600.0,1600.0,4642.5,4642.5,4650.0,47.9,19.2,15.0,51.6,179.8,No,No,No,0.155,0.190,1.2,48.0,39.0,37.0,35.0,34.5,37.0,37.0,12.072,4.960,1.004,1.348,1.244,0.806,0.842,1.550,3.312,1.834,1238,699,544,551,1.056,1.258,36,36,44,79.0,100.0,No,No,80673,102290,0.0,0.0,0.0,0.000,0.002,19103,17653,55.5,56.0,65.5,56,56,56,56,56,56,56,56,56,83.0,0.819,12.080,12.169,12.069,12.054,12.030,1082,1075,240.880,93.513,203.024,29.655,93.740,79.608,40.323,203.024,40.345,30.087,121.815,310.000,350.000,1545.0,1156.5,1365.0,1545.0,1470.0,1305.0,1545.2,1155.9,1469.8,100.0,19.0,0.0,0.0,19.1,25.0,100.0,0.0,0.0,0.0,61,68,Yes,No,No,No,No,Yes,No,78.5,76.5,5,0,0,0,0,0,0,0,0,158,0,0,0,0,0,0,0,0,0,0,0,0,0,0,0,0,0,0,0,0,6631,1561,1392,100,16.0,1.9,1.9,1.9,1.9,1.9,1.9,1.9,1.9,1.9,1.9,1.9,1.9,533.82,533.82,533.82,533.82,533.82,533.82,0.36,533.09,533.82,0.00,365.98,1582,40,0.0,0.1,0,0,0.0,0.0,0,
25.8.2026,16:7:25.890,7769,11484,40.3,5373,10936,32.9,1.6,2944,46,1.244,1.244,1.244,1.244,1.244,1.244,1.244,3875.0,3720.0,3720.0,4650.0,3720.0,3720.0,3720.0,100.0,440.3,71.8,17.8,84.9,46.3,4590.2,7.2,2.9,3.6,211.3,168.9,47.7,31.7,440.3,10.7,1.8,3.2,2.7,1.6,98.7,0.0,4.3,0.0,5.2,4.2,3.2,3.5,98.7,10.7,11.8,1.3,0.5,2.2,1.2,124.1,0.2,0.1,0.1,5.6,4.5,1.2,0.8,11.8,38.8,37.2,37.2,46.5,37.2,37.2,37.2,0.0,19.3,1.9,3.4,98.8,0.2,9.8,1.9,14.2,15.4,17.3,1.2,4.0,37.7,9.7,66.4,82.7,79.3,0.0,95.8,52.5,88.4,1600.0,16.00,16,18,18,36,74,560,1,49.2,49.1,49.5,36.2,35.6,33.0,49.0,32.3,34.9,32.3,34.7,34.7,33.8,29.6,1.244,0.994,1.250,11.230,5.845,11.226,13.204,36.020,1.270,0.361,0.437,5.423,0.109,1.002,0.287,13.986,5.808,19.794,36.034,1600.0,1600.0,4644.5,4644.5,4650.0,47.4,18.7,14.7,51.6,182.7,No,No,No,0.145,0.159,1.2,49.0,39.0,37.0,35.0,34.5,37.0,37.0,12.072,4.960,1.004,1.348,1.244,0.806,0.842,1.550,3.316,1.834,1304,691,543,538,1.055,1.267,36,36,43,79.0,100.0,No,No,80673,102290,0.0,0.0,0.0,0.000,0.002,19103,17653,55.7,58.0,65.8,57,58,56,58,58,56,56,56,56,83.0,0.819,12.086,12.175,12.073,12.059,12.035,1308,1345,236.332,92.270,201.046,29.769,92.566,78.676,39.570,201.046,39.591,29.878,118.290,310.000,350.000,1545.0,1156.5,1365.0,1545.0,1470.0,1305.0,1545.4,1155.4,1470.0,100.0,20.0,0.0,0.0,19.1,25.0,100.0,0.0,0.0,0.0,62,68,Yes,No,No,No,No,Yes,No,78.1,79.4,5,0,0,0,0,0,0,0,0,158,0,0,0,0,0,0,0,0,0,0,0,0,0,0,0,0,0,0,0,0,6631,1561,1392,100,16.0,1.9,1.9,1.9,1.9,1.9,1.9,1.9,1.9,1.9,1.9,1.9,1.9,533.22,533.22,533.22,533.22,533.22,533.22,0.74,532.48,533.22,0.00,215.65,1582,40,0.3,0.1,0,0,0.0,0.0,0,
25.8.2026,16:7:27.894,5391,13862,28.0,4623,11686,28.3,1.6,2944,46,0.956,0.956,0.956,0.956,0.956,0.956,0.956,3675.0,3675.0,3675.0,3675.0,3675.0,3675.0,3675.0,100.0,285.5,233.1,34.2,56.8,90.0,34.2,2391.1,23.3,7.3,363.2,135.0,36.3,22.2,285.5,6.5,4.6,0.4,1.0,2.6,0.3,51.7,0.1,2.0,9.2,3.8,2.0,0.1,51.7,6.5,7.6,5.2,0.9,1.5,2.4,0.9,64.6,0.6,0.2,9.7,3.5,0.9,0.6,7.6,36.8,36.8,36.8,36.8,36.8,36.8,36.8,12.0,12.8,6.0,3.8,52.3,0.7,12.4,1.5,25.8,32.5,20.4,24.2,2.3,60.9,14.4,61.5,61.6,75.9,23.5,96.9,26.7,84.1,1600.0,16.00,16,18,18,36,74,560,1,48.1,42.1,37.0,34.8,35.0,32.9,41.4,32.3,35.2,32.3,34.0,34.0,32.5,28.0,1.175,0.994,1.181,8.792,5.717,8.809,8.809,32.085,0.977,0.655,0.454,3.108,0.094,1.276,0.276,10.539,5.684,16.223,32.008,1600.0,1600.0,3924.3,3924.3,4650.0,42.1,14.7,9.8,44.3,178.7,No,No,No,0.422,0.601,0.8,49.0,39.0,37.0,35.0,34.5,37.0,37.0,12.168,5.000,1.002,1.348,0.666,0.804,0.842,1.560,3.348,1.834,1320,701,544,539,1.056,1.256,36,36,43,79.0,100.0,No,No,80673,102290,0.0,0.0,0.0,0.010,0.032,19103,17653,47.4,56.0,57.6,54,56,54,54,54,54,54,54,54,83.0,0.831,12.178,12.268,12.162,12.141,12.140,1421,1446,153.082,30.897,66.168,3.079,32.971,30.097,34.163,66.168,34.182,2.228,9.022,310.000,350.000,1590.0,1187.7,1395.0,1545.0,1515.0,1335.0,1590.6,1186.2,1514.6,0.0,0.0,0.0,0.0,7.6,0.0,0.0,0.0,0.0,0.0,62,69,Yes,No,No,No,No,Yes,No,32.4,45.7,5,0,0,0,0,0,0,0,0,158,0,0,0,0,0,0,0,0,0,0,0,0,0,0,0,0,0,0,0,0,7572,620,450,26,16.0,7.5,59.7,4.0,4.0,4.0,4.0,7.5,60.0,4.0,4.0,4.0,4.0,133.24,250.39,16.74,16.74,250.44,250.44,0.35,132.90,133.24,0.00,158.34,1582,40,0.2,0.0,0,0,0.0,0.0,0,
25.8.2026,16:7:29.903,5390,13863,27.9,4622,11688,28.3,1.6,2944,46,0.909,0.912,0.906,0.906,0.912,0.906,0.912,3675.0,3675.0,3675.0,3675.0,3675.0,3675.0,3675.0,100.0,51.8,91.7,2.2,9.0,12.4,193.1,149.8,1.6,0.5,46.3,101.0,4.8,8.8,51.8,1.4,0.8,0.0,0.5,0.6,3.8,3.6,0.0,1.0,1.4,2.6,1.2,1.2,3.8,1.4,1.2,0.5,0.1,0.2,0.3,5.2,4.0,0.0,0.0,1.2,2.5,0.1,0.2,1.2,36.8,36.8,36.8,36.8,36.8,36.8,36.8,59.1,2.0,0.5,0.5,7.6,0.0,3.4,0.3,8.4,2.4,3.4,20.6,0.2,23.5,0.6,89.7,97.3,96.3,72.0,99.8,73.4,99.3,1600.0,16.00,16,18,18,36,74,560,1,45.5,33.6,37.0,31.8,31.7,31.7,32.5,31.5,31.9,31.4,32.1,32.1,32.2,28.3,1.156,0.994,1.163,2.494,4.893,2.498,2.498,20.993,0.233,0.078,0.090,0.548,0.026,0.609,0.049,2.613,4.878,7.490,21.032,1600.0,1600.0,2141.3,2141.3,4650.0,27.7,4.2,2.8,35.4,182.0,No,No,No,0.190,0.045,0.1,46.0,39.0,36.5,35.0,34.5,37.0,36.5,12.168,5.000,1.002,1.352,0.680,0.804,0.842,1.560,3.352,1.836,1255,701,546,542,1.056,1.256,36,36,43,79.0,100.0,No,No,80673,102290,0.0,0.0,0.0,0.000,0.004,19103,17653,44.9,52.0,54.2,52,52,52,52,52,52,52,50,52,83.0,0.831,12.192,12.275,12.177,12.155,12.161,1458,1460,81.240,23.898,51.196,2.566,25.668,22.936,25.283,51.196,25.308,2.172,8.757,310.000,350.000,1590.0,625.2,1395.0,1590.0,1515.0,1335.0,1590.1,624.6,1514.8,0.0,0.0,0.0,0.0,7.6,0.0,0.0,0.0,0.0,0.0,62,69,Yes,No,No,No,No,Yes,No,24.7,33.8,5,0,0,0,0,0,0,0,0,158,0,0,0,0,0,0,0,0,0,0,0,0,0,0,0,0,0,0,0,0,7572,620,450,26,16.0,7.5,59.7,4.0,4.0,4.0,4.0,7.5,60.0,4.0,4.0,4.0,4.0,133.24,250.39,16.74,16.74,250.44,250.44,0.35,132.90,133.24,0.00,158.34,1582,40,0.3,0.0,0,0,0.0,0.0,0,
25.8.2026,16:7:31.901,5391,13862,28.0,4622,11687,28.3,1.6,2944,46,0.986,0.912,1.181,0.956,0.956,0.956,0.956,3638.3,3675.0,3675.0,3620.0,3620.0,3620.0,3620.0,100.0,46.7,195.6,1.4,7.0,7.0,45.5,75.0,0.5,1.1,89.6,130.3,3.0,3.7,46.7,2.6,0.9,12.4,1.1,1.1,0.4,2.7,7.4,0.2,1.4,3.1,1.0,0.0,12.4,2.6,0.8,0.8,0.0,0.2,0.2,1.2,2.0,0.0,0.0,2.3,3.3,0.1,0.1,0.8,36.4,36.8,36.8,36.2,36.2,36.2,36.2,52.8,1.5,0.8,0.3,2.7,0.0,4.9,0.1,7.3,1.3,1.8,7.3,0.1,31.8,1.4,91.4,98.1,97.9,90.2,99.9,63.4,98.8,1600.0,16.00,16,18,18,36,74,560,1,43.2,33.0,37.0,31.5,31.4,31.5,31.6,31.4,31.9,31.3,32.0,32.0,32.5,28.2,1.156,0.994,1.163,2.347,4.699,2.343,2.343,20.353,0.203,0.163,0.087,0.279,0.013,0.626,0.049,2.386,4.683,7.068,20.351,1600.0,1600.0,2264.3,2264.3,4650.0,26.8,3.9,2.6,34.7,190.7,No,No,No,0.186,0.038,0.1,43.0,39.0,36.5,35.0,34.5,37.0,36.5,12.192,5.000,1.004,1.352,0.868,0.804,0.842,1.564,3.360,1.836,1239,691,547,542,1.056,1.267,36,36,43,79.0,100.0,No,No,80673,102290,0.0,0.1,0.1,0.016,0.081,19103,17653,42.2,50.0,49.8,49,50,48,48,50,48,50,48,48,83.0,0.825,12.217,12.282,12.204,12.181,12.201,1454,1460,62.317,8.028,18.109,1.818,7.530,8.746,5.673,18.109,5.683,2.055,4.529,310.000,350.000,1590.0,101.2,1395.0,1589.7,1500.0,1335.0,995.1,63.8,954.2,0.0,2.0,0.0,0.0,7.6,0.0,0.0,0.0,0.0,0.0,62,69,Yes,No,No,No,No,Yes,No,7.7,8.6,5,0,0,0,0,0,0,0,0,159,0,0,0,0,0,0,0,0,0,0,0,0,0,0,0,0,0,0,0,0,7572,620,450,26,5.0,1.9,1.9,1.9,1.9,1.9,1.9,1.9,1.9,1.9,1.9,1.9,1.9,533.70,533.70,533.70,533.70,533.70,533.70,0.43,533.27,533.70,0.00,449.07,1582,40,0.4,0.0,0,0,0.0,0.0,0,
25.8.2026,16:7:33.908,5391,13863,27.9,4622,11687,28.3,1.6,2944,46,1.131,0.912,1.175,1.175,1.175,1.175,1.175,3780.0,3675.0,3620.0,3620.0,3620.0,4525.0,3620.0,100.0,41.1,128.8,2.7,6.3,9.4,35.7,131.0,0.4,0.3,46.9,120.6,3.2,8.4,41.1,0.7,0.5,0.0,0.0,0.0,0.8,2.1,0.0,0.0,1.8,2.7,0.0,0.0,2.7,0.7,0.8,0.6,0.1,0.1,0.2,0.9,3.5,0.0,0.0,1.2,3.0,0.1,0.2,0.8,37.8,36.8,36.2,36.2,36.2,45.2,36.2,54.2,1.5,0.7,0.4,3.7,0.0,3.9,0.2,8.2,1.9,2.5,12.3,0.1,31.8,0.7,90.5,97.6,97.2,84.3,99.9,64.5,99.3,1600.0,16.00,16,18,18,36,74,560,1,41.4,32.7,35.8,31.5,31.4,31.5,31.8,31.4,31.8,31.3,32.0,32.0,32.5,28.6,1.163,0.994,1.163,2.347,4.276,2.351,2.351,19.109,0.196,0.114,0.067,0.329,0.015,0.596,0.052,2.399,4.262,6.662,19.241,1600.0,1600.0,2385.0,2385.0,4650.0,25.3,3.9,2.6,34.4,200.2,No,No,No,0.184,0.037,0.1,41.0,39.5,36.5,35.0,34.0,37.0,36.5,12.192,5.020,1.002,1.352,0.794,0.802,0.842,1.562,3.360,1.836,1183,695,546,542,1.056,1.260,36,36,44,79.0,100.0,No,No,80673,102290,0.0,0.0,0.0,0.000,0.008,19103,17653,41.3,48.0,48.9,47,48,46,48,48,46,46,46,46,83.0,0.825,12.215,12.280,12.203,12.179,12.198,1449,1451,23.895,7.837,17.752,1.891,7.419,8.428,5.465,17.752,5.472,2.009,4.349,310.000,350.000,1590.0,101.2,1395.0,423.1,1500.0,1335.0,1126.5,71.1,1073.4,0.0,1.0,0.0,0.0,7.6,0.0,0.0,0.0,0.0,0.0,61,68,Yes,No,No,No,No,Yes,No,7.5,7.6,5,0,0,0,0,0,0,0,0,159,0,0,0,0,0,0,0,0,0,0,0,0,0,0,0,0,0,0,0,0,7572,620,450,26,5.0,1.9,1.9,1.9,1.9,1.9,1.9,1.9,1.9,1.9,1.9,1.9,1.9,533.05,533.05,533.05,533.05,533.05,533.05,0.59,532.54,533.05,0.00,298.47,1582,40,0.6,0.1,0,0,0.0,0.0,0,
25.8.2026,16:7:35.914,6579,12674,34.1,5121,11189,31.3,1.6,2944,46,1.171,1.163,1.169,1.169,1.169,1.188,1.169,3770.8,3620.0,3620.0,3620.0,3620.0,4525.0,3620.0,100.0,228.5,101.2,9.4,116.0,90.4,382.7,560.1,13.3,3.5,875.7,512.9,57.3,19.8,228.5,8.2,0.8,11.7,3.2,7.0,9.1,12.9,0.9,0.0,19.3,10.8,15.6,6.8,19.3,8.2,5.9,1.1,0.2,3.0,2.4,10.2,14.9,0.3,0.1,23.5,13.2,1.5,0.5,5.9,37.7,36.2,36.2,36.2,36.2,45.2,36.2,30.8,10.0,1.2,5.0,21.1,0.4,30.6,1.9,23.1,15.8,29.7,29.5,4.3,33.6,25.7,67.0,83.1,65.4,49.5,95.3,35.9,72.5,1600.0,16.00,16,18,18,36,74,560,1,42.8,37.6,41.0,33.4,32.6,32.7,35.0,31.9,36.3,32.1,32.8,32.8,32.2,28.4,1.163,0.994,1.175,7.207,4.733,7.184,7.184,26.690,0.887,0.276,0.654,1.585,0.098,2.290,0.416,8.251,4.711,12.962,26.650,1600.0,1600.0,3334.4,3334.4,4650.0,35.1,12.0,8.0,39.6,154.0,No,No,No,0.609,0.397,0.6,41.0,39.5,36.5,35.0,34.0,37.0,36.5,12.168,5.000,1.004,1.352,1.166,0.802,0.842,1.560,3.352,1.836,1115,713,548,555,1.057,1.282,36,36,43,79.0,100.0,No,No,80673,102290,0.0,0.0,0.0,0.000,0.012,19103,17653,40.5,46.0,48.2,46,48,46,46,46,44,46,46,46,83.0,0.825,12.210,12.277,12.196,12.174,12.193,1406,1421,23.661,7.869,17.683,1.719,7.415,8.522,5.718,17.683,5.723,1.984,4.372,310.000,350.000,1590.0,101.2,1395.0,306.0,1500.0,1335.0,1150.7,71.6,1080.9,0.0,9.0,0.0,0.0,7.6,0.0,0.0,0.0,0.0,0.0,60,67,Yes,No,No,No,No,Yes,No,7.5,7.7,5,0,0,0,0,0,0,0,0,159,0,0,0,0,0,0,0,0,0,0,0,0,0,0,0,0,0,0,0,0,7572,620,450,26,5.0,1.9,1.9,1.9,1.9,1.9,1.9,1.9,1.9,1.9,1.9,1.9,1.9,532.86,532.86,532.86,532.86,532.86,532.86,0.46,532.32,532.86,0.00,181.52,1582,40,0.2,0.0,0,0,0.0,0.0,0,
25.8.2026,16:7:37.929,7759,11495,40.2,5387,10922,33.0,1.6,2944,46,1.169,1.169,1.169,1.169,1.169,1.169,1.169,3770.8,3620.0,3620.0,3620.0,3620.0,4525.0,3620.0,100.0,458.4,104.8,41.1,140.0,64.3,298.5,931.0,5.6,6.0,78.6,3753.5,53.5,23.4,458.4,10.4,1.6,4.7,2.5,0.8,7.5,20.7,0.0,1.7,1.8,83.0,0.5,0.0,83.0,10.4,12.2,1.7,1.0,3.6,1.6,8.0,25.0,0.1,0.1,2.1,101.4,1.3,0.6,12.2,37.7,36.2,36.2,36.2,36.2,45.2,36.2,0.0,20.3,2.6,4.9,27.5,0.3,84.7,1.9,28.2,40.1,34.7,52.7,4.4,15.3,22.2,51.5,57.3,60.4,19.8,95.3,0.0,76.0,1600.0,16.00,16,18,18,36,74,560,1,46.2,46.5,43.2,35.9,34.3,33.4,37.4,32.4,45.4,32.5,34.3,34.3,32.8,28.4,1.169,0.994,1.175,11.591,5.655,11.598,13.209,35.139,1.376,0.576,0.645,2.137,0.095,4.438,0.365,13.612,5.620,19.232,35.128,1600.0,1600.0,4519.4,4519.4,4650.0,46.2,19.3,14.7,48.9,163.8,No,No,No,0.378,0.343,1.2,45.0,39.0,37.0,35.0,34.5,37.0,37.0,12.072,4.970,1.004,1.348,1.170,0.804,0.840,1.552,3.316,1.836,1179,701,546,541,1.056,1.254,36,36,43,79.0,100.0,No,No,80673,102290,0.0,0.0,0.0,0.000,0.016,19103,17653,52.8,54.0,62.8,53,52,52,54,54,52,52,52,54,83.0,0.831,12.077,12.163,12.067,12.053,12.027,1343,1372,151.823,96.019,208.485,31.101,96.016,81.344,39.412,208.485,39.435,31.787,128.105,310.000,350.000,1590.0,1156.5,1395.0,344.8,1515.0,1335.0,1590.9,1154.9,1515.4,100.0,21.0,0.0,0.0,19.1,0.0,0.0,0.0,0.0,0.0,59,66,Yes,No,No,No,No,Yes,No,80.0,80.5,6,0,0,0,0,0,0,0,0,160,0,0,0,0,0,0,0,0,0,0,0,0,0,0,0,0,0,0,0,0,6631,1561,1392,100,16.0,1.9,1.9,1.9,1.9,1.9,1.9,1.9,1.9,1.9,1.9,1.9,1.9,533.49,533.49,533.49,533.49,533.49,533.49,0.36,532.79,533.49,0.00,82.79,1582,40,1.6,0.6,0,0,0.0,0.0,0,
25.8.2026,16:7:39.944,7760,11493,40.3,5366,10943,32.9,1.6,2944,46,1.244,1.244,1.244,1.244,1.244,1.244,1.244,3875.0,3720.0,3720.0,4650.0,3720.0,3720.0,3720.0,100.0,434.6,85.3,27.4,70.7,60.0,41.5,4460.3,4.9,3.1,210.3,195.4,34.2,22.3,434.6,9.5,1.4,0.0,1.7,0.0,0.2,98.5,0.0,0.0,4.8,4.5,0.0,3.6,98.5,9.5,11.6,1.5,0.7,1.9,1.6,1.1,120.5,0.1,0.1,5.6,5.2,0.9,0.6,11.6,38.8,37.2,37.2,46.5,37.2,37.2,37.2,0.0,19.2,2.1,3.1,99.2,0.2,9.1,1.4,18.5,21.4,16.1,0.8,3.3,60.0,9.6,62.3,76.5,80.8,0.0,96.5,30.8,89.0,1600.0,16.00,16,18,18,36,74,560,1,46.6,46.2,49.2,35.6,35.1,32.9,46.2,32.2,35.0,32.2,34.3,34.3,33.8,28.8,1.244,0.994,1.250,9.942,5.849,9.940,11.844,33.709,1.091,0.369,0.347,4.495,0.077,1.055,0.203,11.689,5.812,17.502,33.741,1600.0,1600.0,4526.6,4526.6,4650.0,44.4,16.6,13.2,48.6,177.2,No,No,No,0.144,0.159,1.2,46.0,39.5,37.0,35.0,34.5,37.0,37.0,12.072,4.960,1.004,1.348,1.170,0.802,0.840,1.550,3.316,1.836,1196,709,543,551,1.056,1.243,36,36,43,79.0,100.0,No,No,80673,102290,0.0,0.0,0.0,0.000,0.000,19103,17653,54.0,56.0,64.1,56,56,56,56,56,56,56,56,56,83.0,0.819,12.077,12.165,12.066,12.051,12.026,1320,1360,241.451,95.313,206.572,30.290,95.382,80.877,41.200,206.572,41.222,30.807,124.894,310.000,350.000,1590.0,1156.5,1395.0,1589.8,1515.0,1335.0,1589.7,1155.7,1515.6,84.0,21.0,0.0,0.0,19.1,19.6,78.4,0.0,0.0,0.0,59,66,Yes,No,No,No,No,Yes,No,79.9,81.7,6,0,0,0,0,0,0,0,0,160,0,0,0,0,0,0,0,0,0,0,0,0,0,0,0,0,0,0,0,0,6631,1561,1392,100,16.0,1.9,1.9,1.9,1.9,1.9,1.9,1.9,1.9,1.9,1.9,1.9,1.9,533.84,533.84,533.84,533.84,533.84,533.84,0.43,533.06,533.84,0.00,516.26,1582,40,0.1,0.0,0,0,0.0,0.0,0,
25.8.2026,16:7:41.955,7760,11494,40.3,5368,10942,32.9,1.6,2944,46,1.244,1.244,1.244,1.244,1.244,1.244,1.244,3875.0,3720.0,3720.0,4650.0,3720.0,3720.0,3720.0,100.0,444.0,69.5,34.8,86.5,36.1,4534.5,74.8,5.1,2.9,282.9,129.2,52.6,18.9,444.0,12.0,0.6,8.5,2.7,0.0,97.5,0.6,9.1,11.5,7.2,3.1,3.4,0.2,97.5,12.0,11.9,0.9,0.9,2.3,0.9,122.5,2.0,0.1,0.1,7.5,3.4,1.4,0.5,11.9,38.8,37.2,37.2,46.5,37.2,37.2,37.2,0.0,19.5,1.8,3.3,99.1,0.2,10.7,1.9,20.0,11.7,16.7,0.9,4.9,75.3,10.4,60.5,86.5,80.0,0.0,94.9,14.0,87.7,1600.0,16.00,16,18,18,36,74,560,1,49.1,49.4,49.0,36.6,35.8,33.2,49.4,32.5,36.4,32.5,34.9,34.9,35.2,29.2,1.244,0.994,1.250,11.462,5.849,11.464,13.233,36.364,1.352,0.309,0.432,5.447,0.124,1.510,0.291,14.280,5.812,20.092,36.342,1600.0,1600.0,4649.4,4649.4,4650.0,47.8,19.1,14.7,52.0,175.3,No,No,No,0.153,0.189,1.2,48.0,39.5,37.0,35.0,34.5,37.0,37.0,12.096,4.970,1.004,1.348,1.246,0.802,0.840,1.552,3.316,1.836,1226,689,542,551,1.056,1.262,36,36,43,79.0,100.0,No,No,80673,102290,0.0,0.0,0.0,0.024,0.067,19103,17653,53.6,56.0,63.9,56,56,56,56,56,56,56,56,56,83.0,0.819,12.079,12.165,12.068,12.053,12.028,1337,1372,245.619,94.915,206.232,30.742,94.951,80.517,39.836,206.232,39.857,30.831,125.037,310.000,350.000,1590.0,1156.5,1395.0,1589.8,1515.0,1335.0,1590.7,1155.6,1515.0,100.0,20.0,0.0,0.0,19.1,25.0,100.0,0.0,0.0,0.0,60,67,Yes,No,No,No,No,Yes,No,79.4,45.1,6,0,0,0,0,0,0,0,0,160,0,0,0,0,0,0,0,0,0,0,0,0,0,0,0,0,0,0,0,0,6631,1561,1392,100,16.0,1.9,1.9,1.9,1.9,1.9,1.9,1.9,1.9,1.9,1.9,1.9,1.9,516.49,516.49,516.49,516.49,516.49,516.49,0.40,516.09,516.49,0.00,382.07,1582,40,0.0,0.0,0,0,0.0,0.0,0,
25.8.2026,16:7:43.964,7761,11493,40.3,5367,10942,32.9,1.6,2944,46,1.244,1.244,1.244,1.244,1.244,1.244,1.244,3875.0,3720.0,3720.0,4650.0,3720.0,3720.0,3720.0,100.0,446.9,71.2,32.0,77.8,39.6,4584.6,7.5,5.9,5.1,281.4,188.9,54.3,14.5,446.9,10.7,1.2,1.0,0.6,4.1,98.6,0.3,0.0,9.4,7.5,5.2,0.0,0.5,98.6,10.7,12.0,1.0,0.8,2.1,1.0,123.9,0.2,0.1,0.1,7.5,5.0,1.4,0.4,12.0,38.8,37.2,37.2,46.5,37.2,37.2,37.2,0.0,19.7,1.9,3.1,98.7,0.3,12.2,1.8,20.3,8.8,14.3,1.3,4.3,80.7,12.2,60.1,89.4,82.6,0.0,95.4,7.0,86.0,1600.0,16.00,16,18,18,36,74,560,1,49.6,49.6,49.8,36.8,35.8,33.2,49.6,32.6,36.7,32.6,35.0,35.0,32.8,28.7,1.244,0.994,1.250,11.589,5.841,11.588,13.395,36.441,1.364,0.276,0.397,5.464,0.120,1.624,0.304,14.436,5.804,20.241,36.486,1600.0,1600.0,4646.9,4646.9,4650.0,48.0,19.3,14.9,52.2,175.6,No,No,No,0.152,0.190,1.2,49.0,39.5,37.0,35.0,34.5,37.0,37.0,12.144,4.960,1.004,1.348,1.240,0.802,0.840,1.550,3.316,1.834,1308,1372,543,539,1.056,1.254,37,37,43,79.0,100.0,No,No,80673,102290,0.0,0.0,0.0,0.000,0.000,19103,17653,55.5,58.0,65.6,56,56,56,56,56,56,56,56,58,83.0,0.819,12.079,12.165,12.068,12.054,12.029,1372,1400,245.514,95.244,206.732,30.765,95.193,80.734,40.091,206.732,40.123,30.983,125.845,310.000,350.000,1590.0,1156.5,1395.0,1589.2,1515.0,1335.0,1589.7,1155.4,1515.0,100.0,21.0,0.0,0.0,19.1,25.0,100.0,0.0,0.0,0.0,61,68,Yes,No,No,No,No,Yes,No,79.6,80.0,6,0,0,0,0,0,0,0,0,160,0,0,0,0,0,0,0,0,0,0,0,0,0,0,0,0,0,0,0,0,6631,1561,1392,100,16.0,1.9,1.9,1.9,1.9,1.9,1.9,1.9,1.9,1.9,1.9,1.9,1.9,533.70,533.70,533.70,533.70,533.70,533.70,0.36,533.01,533.70,0.00,282.71,1582,40,0.7,0.0,0,0,0.0,0.0,0,
25.8.2026,16:7:45.979,7661,11592,39.7,5332,10977,32.6,1.6,2944,46,1.189,1.163,1.194,1.194,1.194,1.194,1.194,4223.3,3620.0,4525.0,4525.0,3620.0,4525.0,4525.0,100.0,478.2,125.2,82.0,147.8,124.3,734.4,337.3,40.4,36.0,3905.1,54.1,79.4,72.3,478.2,12.0,1.6,2.7,4.8,3.6,16.0,8.2,8.7,2.3,86.5,1.2,5.5,2.4,86.5,12.0,12.7,1.8,2.2,3.9,3.3,19.8,9.0,1.1,0.9,105.5,1.4,2.1,1.9,12.7,42.2,36.2,45.2,45.2,36.2,45.2,45.2,0.0,20.2,3.0,5.3,22.5,1.2,86.8,2.7,20.3,12.9,22.5,50.6,7.1,13.1,15.6,59.5,84.2,72.2,26.8,91.7,0.1,81.7,1600.0,16.00,16,18,18,36,74,560,1,49.2,47.4,43.8,36.2,34.3,33.6,37.5,32.9,45.8,33.0,34.6,34.6,33.8,29.5,1.188,0.994,1.212,10.658,5.877,10.652,12.889,34.727,1.219,0.359,0.567,1.687,0.195,4.132,0.372,12.615,5.841,18.456,34.716,1600.0,1600.0,4534.2,4534.2,4650.0,45.7,17.8,14.3,49.9,171.6,No,No,No,0.372,0.252,1.2,49.0,39.5,37.0,35.0,34.5,37.0,37.0,12.072,4.960,1.004,1.348,1.172,0.800,0.838,1.552,3.316,1.836,1282,698,543,551,1.056,1.253,37,37,43,79.0,100.0,No,No,80673,102290,0.0,0.0,0.0,0.000,0.008,19103,17653,56.0,58.0,66.2,58,58,56,58,58,58,58,56,58,83.0,0.819,12.082,12.169,12.071,12.056,12.031,1411,1428,246.978,94.928,206.206,30.715,94.851,80.628,40.039,206.206,40.062,30.553,125.090,310.000,350.000,1590.0,1156.5,1395.0,1589.7,1515.0,1335.0,1590.4,1155.5,1515.5,100.0,22.0,0.0,0.0,19.1,25.0,100.0,0.0,0.0,0.0,62,69,Yes,No,No,No,No,Yes,No,79.4,82.2,6,0,0,0,0,0,0,0,0,160,0,0,0,0,0,0,0,0,0,0,0,0,0,0,0,0,0,0,0,0,6631,1561,1392,100,16.0,1.9,1.9,1.9,1.9,1.9,1.9,1.9,1.9,1.9,1.9,1.9,1.9,533.40,533.40,533.40,533.40,533.40,533.40,0.72,532.68,533.40,0.00,182.46,1582,40,0.3,0.0,0,0,0.0,0.0,0,
25.8.2026,16:7:47.987,5365,13888,27.8,4602,11707,28.2,1.6,2944,46,0.909,0.912,0.906,0.906,0.912,0.906,0.912,3675.0,3675.0,3675.0,3675.0,3675.0,3675.0,3675.0,100.0,158.4,386.4,40.3,73.5,62.4,105.1,637.2,5.2,3.1,348.4,180.6,45.4,13.7,158.4,3.1,5.0,0.0,1.0,1.5,2.4,14.3,0.0,0.0,7.8,4.1,0.3,0.4,14.3,3.1,3.9,5.8,1.1,2.0,1.6,2.8,17.2,0.1,0.1,9.3,4.7,1.2,0.3,3.9,36.8,36.8,36.8,36.8,36.8,36.8,36.8,26.6,6.5,5.8,3.3,16.5,0.2,11.9,1.4,24.7,24.3,17.8,34.9,2.9,57.2,11.3,68.9,70.0,79.1,48.8,96.8,31.1,87.4,1600.0,16.00,16,18,18,36,74,560,1,46.9,36.5,36.8,33.4,33.6,32.8,35.0,32.2,34.3,32.2,33.4,33.4,32.8,28.5,1.156,0.994,1.163,5.675,5.601,5.698,5.698,26.938,0.589,0.551,0.365,1.172,0.062,1.168,0.214,6.251,5.571,11.822,26.910,1600.0,1600.0,3317.2,3317.2,4650.0,35.4,9.5,6.3,38.4,174.5,No,No,No,0.420,0.565,0.4,47.0,39.5,37.0,35.0,34.5,37.0,37.0,12.192,5.000,1.004,1.352,0.834,0.800,0.838,1.558,3.344,1.836,1317,1405,546,541,1.056,1.274,37,37,43,79.0,100.0,No,No,80673,102290,0.0,0.1,0.1,0.032,0.054,19103,17653,47.2,54.0,57.2,54,54,54,54,54,54,54,54,54,83.0,1.081,12.162,12.255,12.150,12.126,12.117,1450,1457,112.529,38.077,84.427,6.667,39.451,38.271,34.206,84.427,34.229,4.161,16.859,310.000,350.000,2010.0,1187.7,1770.0,1593.7,1905.0,1695.0,2009.2,1186.2,1905.8,1.0,0.0,0.0,0.0,7.6,0.0,0.0,0.0,0.0,0.0,62,69,Yes,No,No,Yes,Yes,No,No,38.3,45.5,6,0,0,0,0,0,0,0,0,160,0,0,0,0,0,0,0,0,0,0,0,0,0,0,0,0,0,0,0,0,7572,620,450,26,16.0,11.1,72.7,2.8,2.7,2.7,2.7,11.1,60.0,2.8,2.7,2.7,2.7,89.83,353.10,13.76,13.67,366.31,366.31,0.26,89.58,89.83,0.00,84.65,1582,40,0.4,0.0,0,0,0.0,0.0,0,
25.8.2026,16:7:49.999,5361,13892,27.8,4597,11712,28.1,1.6,2944,46,0.959,0.912,0.969,0.969,0.969,0.969,0.969,3780.0,3675.0,3620.0,3620.0,3620.0,4525.0,3620.0,100.0,56.0,262.2,5.7,9.1,10.6,46.8,142.0,2.2,0.4,96.3,69.9,11.1,15.2,56.0,1.3,1.3,0.6,0.0,0.0,0.7,2.9,0.0,6.3,1.9,2.1,0.0,0.0,6.3,1.3,1.0,0.9,0.1,0.2,0.3,1.2,3.8,0.1,0.0,2.5,1.7,0.3,0.4,1.0,37.8,36.8,36.2,36.2,36.2,45.2,36.2,50.4,1.6,0.8,0.4,4.0,0.1,3.7,0.5,9.3,1.4,2.5,11.6,0.1,38.0,1.8,89.3,98.0,97.1,84.6,99.9,58.4,98.0,1600.0,16.00,16,18,18,36,74,560,1,44.5,33.7,36.5,31.9,31.8,31.9,32.1,31.7,32.2,31.6,32.4,32.4,34.5,28.8,1.175,0.994,1.181,2.514,5.210,2.514,2.514,21.572,0.223,0.175,0.076,0.340,0.013,0.638,0.093,2.571,5.189,7.759,21.712,1600.0,1600.0,2348.5,2348.5,4650.0,28.6,4.2,2.8,35.5,188.3,No,No,No,0.185,0.041,0.1,45.0,39.5,37.0,35.0,34.5,37.0,36.5,12.168,5.010,1.004,1.352,0.592,0.800,0.838,1.562,3.352,1.836,1268,688,547,542,1.056,1.259,37,37,44,79.0,100.0,No,No,80673,102290,0.0,0.0,0.0,0.000,0.000,19103,17653,43.5,52.0,52.7,51,52,50,52,52,50,52,50,52,83.0,0.669,12.195,12.283,12.174,12.160,12.164,1454,1461,67.541,20.294,42.169,1.437,22.606,18.107,25.154,42.169,25.178,1.154,4.673,310.000,350.000,300.0,625.2,900.0,466.9,975.0,855.0,299.9,624.8,975.5,0.0,0.0,0.0,0.0,7.6,0.0,0.0,0.0,0.0,0.0,62,69,Yes,No,No,No,No,Yes,No,21.7,33.3,6,0,0,0,0,0,0,0,0,160,0,0,0,0,0,0,0,0,0,0,0,0,0,0,0,0,0,0,0,0,7572,620,450,26,16.0,1.9,1.9,1.9,1.9,1.9,1.9,1.9,1.9,1.9,1.9,1.9,1.9,517.62,517.62,517.62,517.62,517.62,517.62,0.76,516.83,517.62,0.00,466.38,1582,40,0.7,0.0,0,0,0.0,0.0,0,
25.8.2026,16:7:52.000,5360,13893,27.8,4597,11712,28.1,1.6,2944,46,0.954,0.912,0.963,0.963,0.963,0.963,0.963,3675.0,3675.0,3675.0,3675.0,3675.0,3675.0,3675.0,100.0,48.7,210.1,1.9,11.9,10.3,49.7,160.6,0.3,0.1,48.1,81.2,5.8,4.2,48.7,0.8,0.8,0.1,0.3,0.0,1.9,3.7,0.8,0.0,1.2,1.2,0.2,0.0,3.7,0.8,0.9,0.7,0.0,0.3,0.3,1.3,4.3,0.0,0.0,1.2,2.0,0.1,0.1,0.9,36.8,36.8,36.8,36.8,36.8,36.8,36.8,50.5,1.5,0.7,0.5,4.6,0.0,3.0,0.2,9.0,3.6,2.4,12.9,0.0,34.5,0.7,89.6,95.8,97.2,82.7,100.0,62.6,99.3,1600.0,16.00,16,18,18,36,74,560,1,42.4,33.1,36.2,31.8,31.7,31.8,32.1,31.6,31.9,31.5,32.3,32.3,32.5,28.9,1.156,0.994,1.163,2.448,4.487,2.451,2.451,19.740,0.197,0.151,0.073,0.374,0.011,0.545,0.031,2.502,4.471,6.973,19.847,1600.0,1600.0,2611.8,2611.8,4650.0,26.1,4.1,2.7,34.9,205.9,No,No,No,0.176,0.037,0.1,42.0,39.5,36.5,35.0,34.5,37.0,36.5,12.192,5.010,1.002,1.352,0.668,0.800,0.838,1.564,3.360,1.836,1201,1415,546,555,1.056,1.241,37,37,43,79.0,100.0,No,No,80673,102290,0.0,0.0,0.0,0.000,0.016,19103,17653,41.2,48.0,48.7,47,48,48,48,48,46,46,46,48,83.0,0.662,12.208,12.273,12.194,12.172,12.191,1449,1453,20.174,6.242,13.589,0.957,6.573,6.037,5.657,13.589,5.667,1.089,3.020,310.000,350.000,210.0,101.2,855.0,224.8,930.0,825.0,176.0,83.8,781.9,0.0,9.0,0.0,0.0,7.6,0.0,0.1,0.0,0.0,0.0,61,68,Yes,No,No,No,No,Yes,No,6.2,8.1,6,0,0,0,0,0,0,0,0,161,0,0,0,0,0,0,0,0,0,0,0,0,0,0,0,0,0,0,0,0,7572,620,450,24,5.0,1.9,1.9,1.9,1.9,1.9,1.9,1.9,1.9,1.9,1.9,1.9,1.9,516.44,516.44,516.44,516.44,516.44,516.44,1.19,515.29,516.44,0.00,365.23,1582,40,1.6,0.0,0,0,0.0,0.0,0,
25.8.2026,16:7:54.004,5359,13894,27.8,4595,11714,28.1,1.6,2944,46,0.949,0.912,0.956,0.956,0.956,0.956,0.956,3534.2,3675.0,3675.0,3675.0,2940.0,3620.0,3620.0,100.0,45.8,177.9,3.0,12.9,5.4,55.5,148.9,0.6,0.1,49.9,85.0,3.0,7.1,45.8,4.1,0.2,0.4,1.4,4.2,0.1,3.7,0.0,33.7,0.7,2.3,1.2,1.3,33.7,4.1,0.8,0.6,0.1,0.3,0.1,1.5,4.0,0.0,0.0,1.2,2.1,0.1,0.2,0.8,35.3,36.8,36.8,36.8,29.4,36.2,36.2,52.4,1.5,0.5,0.4,4.7,0.0,3.1,0.2,8.1,1.8,1.2,14.6,0.1,30.0,0.8,90.6,97.9,98.5,81.0,99.9,67.1,99.2,1600.0,16.00,16,18,18,36,74,560,1,40.8,32.9,37.0,31.7,31.6,31.7,32.0,31.6,31.8,31.5,32.2,32.2,31.5,27.5,1.156,1.000,1.181,2.380,3.877,2.374,2.374,18.934,0.187,0.128,0.057,0.344,0.014,0.528,0.049,2.431,3.869,6.300,18.757,1600.0,1600.0,2365.3,2365.3,4650.0,24.7,4.0,2.6,34.6,209.1,No,No,No,0.176,0.037,0.1,41.0,40.5,36.5,35.0,34.5,37.0,36.5,12.192,5.020,1.002,1.352,0.604,0.800,0.838,1.564,3.364,1.836,1161,699,548,543,1.056,1.269,37,37,43,79.0,100.0,No,No,80673,102290,0.0,0.0,0.0,0.000,0.000,19103,17653,40.2,48.0,47.8,46,48,46,46,46,46,46,46,46,83.0,0.662,12.209,12.275,12.194,12.179,12.190,1411,1428,15.230,4.671,9.124,0.245,6.780,2.095,5.388,9.124,5.401,0.942,2.943,310.000,350.000,210.0,50.6,555.0,48.2,600.0,525.0,156.1,37.3,448.6,1.0,28.0,0.0,0.0,7.6,0.0,0.1,0.0,0.0,0.0,60,67,Yes,No,No,No,No,Yes,No,4.7,7.3,6,0,0,0,0,0,0,0,0,162,0,0,0,0,0,0,0,0,0,0,0,0,0,0,0,0,0,0,0,0,7572,620,450,24,2.5,1.9,1.9,1.9,1.9,1.9,1.9,1.9,1.9,1.9,1.9,1.9,1.9,516.68,516.68,516.68,516.68,516.68,516.68,1.46,515.42,516.68,0.00,231.47,1582,40,0.3,0.0,0,0,0.0,0.0,0,
25.8.2026,16:7:56.012,5360,13893,27.8,4596,11713,28.1,1.6,2944,46,0.959,0.912,0.969,0.969,0.969,0.969,0.969,3780.0,3675.0,3620.0,3620.0,3620.0,4525.0,3620.0,100.0,44.0,153.1,0.4,9.0,10.2,49.7,162.8,0.7,0.1,42.0,89.6,3.9,6.5,44.0,5.4,1.0,0.3,0.0,1.4,1.5,3.3,33.4,14.9,1.3,2.4,0.0,5.6,33.4,5.4,0.9,0.6,0.0,0.2,0.3,1.3,4.3,0.0,0.0,1.0,2.2,0.1,0.1,0.9,37.8,36.8,36.2,36.2,36.2,45.2,36.2,60.4,1.5,0.4,0.4,4.8,0.0,3.2,0.2,6.6,1.0,1.5,13.5,0.1,22.8,0.9,92.0,98.8,98.1,82.0,99.9,74.2,99.1,1600.0,16.00,16,18,18,36,74,560,1,39.4,32.7,37.2,31.7,31.6,31.7,32.0,31.5,31.7,31.5,32.1,32.1,32.8,29.1,1.194,0.994,1.200,2.199,3.677,2.203,2.203,18.122,0.198,0.132,0.060,0.372,0.012,0.574,0.040,2.260,3.671,5.931,17.998,1600.0,1600.0,2227.2,2227.2,4650.0,23.7,3.7,2.4,34.5,187.8,No,No,No,0.189,0.038,0.1,39.0,39.5,36.5,35.0,34.5,37.0,36.5,12.192,5.010,1.002,1.352,0.624,0.800,0.838,1.564,3.364,1.838,1123,704,547,555,1.056,1.262,37,37,43,79.0,100.0,No,No,80673,102290,0.0,0.0,0.0,0.000,0.002,19103,17653,39.8,46.0,47.4,44,44,44,44,46,44,44,44,46,83.0,0.662,12.215,12.279,12.200,12.184,12.196,1350,1380,15.095,4.875,9.642,0.307,6.978,2.352,5.573,9.642,5.586,0.926,2.868,310.000,350.000,210.0,50.6,555.0,47.8,600.0,525.0,156.5,37.1,449.0,1.0,41.0,0.0,0.0,7.6,0.0,0.1,0.0,0.0,0.0,38,40,Yes,No,No,No,No,Yes,No,5.1,7.2,6,0,0,0,0,0,0,0,0,162,0,0,0,0,0,0,0,0,0,0,0,0,0,0,0,0,0,0,0,0,7572,620,450,24,2.5,1.9,1.9,1.9,1.9,1.9,1.9,1.9,1.9,1.9,1.9,1.9,1.9,533.03,533.03,533.03,533.03,533.03,533.03,1.38,531.61,533.03,0.00,164.91,1582,40,0.1,0.0,0,0,0.0,0.0,0,
25.8.2026,16:7:58.013,5360,13893,27.8,4596,11714,28.1,1.6,2944,46,0.949,0.912,0.956,0.956,0.956,0.956,0.956,3675.0,3675.0,3675.0,3675.0,3675.0,3675.0,3675.0,100.0,43.9,120.1,2.3,10.6,14.4,47.6,200.6,0.9,0.1,59.2,57.2,7.5,6.0,43.9,1.2,0.4,0.0,1.7,0.0,0.2,5.2,0.0,0.0,1.3,1.2,4.6,0.0,5.2,1.2,0.9,0.5,0.1,0.3,0.4,1.2,5.4,0.0,0.0,1.5,1.3,0.2,0.1,0.9,36.8,36.8,36.8,36.8,36.8,36.8,36.8,59.6,1.7,0.4,0.6,5.5,0.0,3.0,0.3,8.9,6.5,2.5,15.7,0.1,27.0,1.4,89.6,93.2,97.0,78.9,99.9,70.2,98.3,1600.0,16.00,16,18,18,36,74,560,1,38.2,32.7,36.5,31.6,31.5,31.6,32.0,31.5,31.6,31.4,32.0,32.0,31.8,28.3,1.156,0.994,1.163,2.294,3.720,2.289,2.289,18.168,0.204,0.139,0.097,0.408,0.010,0.536,0.037,2.364,3.713,6.077,18.225,1600.0,1600.0,2172.6,2172.6,4650.0,24.0,3.8,2.5,34.4,184.8,No,No,No,0.180,0.037,0.1,38.0,39.5,36.5,35.0,34.0,37.0,36.5,12.192,5.020,1.002,1.352,0.746,0.800,0.838,1.564,3.360,1.836,1096,715,548,543,1.056,1.258,37,37,43,79.0,100.0,No,No,80673,102290,0.0,0.0,0.0,0.000,0.000,19103,17653,39.4,46.0,46.8,45,46,46,44,46,44,44,44,46,83.0,0.662,12.210,12.276,12.193,12.179,12.190,707,649,15.222,4.613,8.864,0.061,6.779,1.997,5.620,8.864,5.627,0.906,2.798,310.000,350.000,210.0,50.6,555.0,48.6,600.0,525.0,175.2,41.7,497.3,0.0,26.0,0.0,0.0,7.6,0.0,0.1,0.0,0.0,0.0,0,0,Yes,No,No,No,No,Yes,No,4.7,7.5,6,0,0,0,0,0,0,0,0,162,0,0,0,0,0,0,0,0,0,0,0,0,0,0,0,0,0,0,0,0,7572,620,450,24,2.5,1.9,1.9,1.9,1.9,1.9,1.9,1.9,1.9,1.9,1.9,1.9,1.9,533.03,533.03,533.03,533.03,533.03,533.03,1.38,531.61,533.03,0.00,164.91,1582,40,0.2,0.1,0,0,0.0,0.0,0,
25.8.2026,16:8:0.036,5360,13893,27.8,4595,11714,28.1,1.6,2944,46,0.929,0.912,0.906,0.906,0.912,0.969,0.969,3656.7,3675.0,3675.0,3675.0,3675.0,3620.0,3620.0,100.0,50.6,237.2,4.3,7.0,9.4,40.3,150.9,0.3,0.1,86.8,59.8,4.4,7.2,50.6,4.5,0.8,0.3,0.0,7.0,1.9,2.8,10.0,20.6,2.2,1.6,0.0,6.9,20.6,4.5,0.8,0.6,0.1,0.2,0.2,1.0,4.0,0.0,0.0,2.3,1.4,0.1,0.2,0.8,36.6,36.8,36.8,36.8,36.8,36.2,36.2,52.0,1.5,0.7,0.4,4.3,0.0,3.3,0.2,8.0,1.2,1.4,11.5,0.0,32.8,0.9,90.7,98.3,98.3,84.4,100.0,64.1,99.1,1600.0,16.00,16,18,18,36,74,560,1,37.4,32.7,37.0,31.5,31.3,31.5,31.7,31.4,31.7,31.3,31.9,31.9,32.0,28.4,1.156,0.994,1.163,2.358,3.853,2.362,2.362,18.729,0.203,0.161,0.049,0.314,0.012,0.596,0.085,2.399,3.844,6.243,18.730,1600.0,1600.0,2478.2,2478.2,4650.0,24.6,3.9,2.6,34.4,191.8,No,No,No,0.172,0.037,0.1,37.0,39.5,36.5,35.0,34.0,37.0,36.5,12.192,5.020,1.002,1.352,0.630,0.802,0.838,1.564,3.360,1.836,1072,731,546,543,1.056,1.266,37,37,43,79.0,100.0,No,No,80673,102290,0.0,0.0,0.0,0.000,0.000,19103,17653,39.2,46.0,46.7,44,44,44,44,44,44,44,44,44,83.0,0.662,12.208,12.274,12.192,12.179,12.189,0,0,14.569,4.526,8.705,0.061,6.791,1.839,5.461,8.705,5.475,0.910,2.783,310.000,350.000,210.0,50.6,555.0,43.2,600.0,525.0,187.7,44.6,536.4,0.0,34.0,0.0,0.0,7.6,0.0,0.1,0.0,0.0,0.0,0,0,Yes,No,No,No,No,Yes,No,4.6,7.2,6,0,0,0,0,0,0,0,0,162,0,0,0,0,0,0,0,0,0,0,0,0,0,0,0,0,0,0,0,0,7572,620,450,24,2.5,1.9,1.9,1.9,1.9,1.9,1.9,1.9,1.9,1.9,1.9,1.9,1.9,533.31,533.31,533.31,533.31,533.31,533.31,1.23,532.15,533.31,0.00,448.09,1582,40,0.0,0.0,0,0,0.0,0.0,0,
25.8.2026,16:8:2.033,5391,13862,28.0,4625,11685,28.3,1.6,2944,46,0.956,0.956,0.956,0.956,0.956,0.956,0.956,3675.0,3675.0,3675.0,3675.0,3675.0,3675.0,3675.0,100.0,349.6,72.0,32.0,147.6,108.0,231.9,925.3,7.9,11.5,1423.4,1155.8,38.3,41.6,349.6,11.3,0.7,1.3,3.9,2.3,4.9,20.5,0.0,31.6,31.8,25.5,12.9,0.0,31.8,11.3,9.3,1.0,0.8,3.8,2.8,6.0,24.8,0.2,0.3,38.2,31.1,1.0,1.1,9.3,36.8,36.8,36.8,36.8,36.8,36.8,36.8,2.4,15.5,1.8,6.1,25.9,0.4,57.0,2.0,30.6,12.1,43.2,65.0,3.9,39.8,19.8,53.8,86.0,50.7,9.1,95.6,3.2,78.2,1600.0,16.00,16,18,18,36,74,560,1,44.0,42.9,36.8,34.8,33.2,33.1,36.8,32.0,41.5,32.1,33.7,33.7,32.8,28.1,1.156,0.994,1.163,10.734,4.720,10.731,10.731,31.948,1.244,0.244,0.791,2.173,0.095,3.826,0.334,12.407,4.702,17.109,31.932,1600.0,1600.0,4303.3,4303.3,4650.0,42.0,17.9,11.9,45.1,165.2,No,No,No,0.472,0.253,0.9,43.0,39.5,36.5,35.0,34.0,37.0,36.5,12.192,5.000,1.004,1.352,1.042,0.802,0.836,1.562,3.352,1.836,1045,757,545,543,1.056,1.251,37,37,45,79.0,100.0,No,No,80673,102290,4.8,0.1,4.9,21.399,1.550,19144,17656,39.3,44.0,46.9,44,44,44,44,44,44,44,44,46,83.0,0.662,12.206,12.272,12.189,12.175,12.186,0,0,15.040,4.569,8.842,0.061,6.899,1.863,5.472,8.842,5.479,0.903,2.759,310.000,350.000,210.0,50.6,555.0,47.2,600.0,525.0,158.7,37.7,452.2,1.0,18.0,0.0,0.0,7.6,0.0,0.1,0.0,0.0,0.0,0,0,Yes,No,No,No,No,Yes,No,4.6,7.2,6,0,0,0,0,0,0,0,0,162,0,0,0,0,0,0,0,0,0,0,0,0,0,0,0,0,0,0,0,0,7572,620,450,25,2.5,2.7,2.7,2.7,2.7,2.7,2.7,2.7,2.7,2.7,2.7,2.7,2.7,367.49,367.49,367.49,367.49,367.49,367.49,1.23,366.35,367.49,0.00,200.90,1582,40,8.6,3.0,0,0,0.0,0.0,0,
25.8.2026,16:8:4.042,5384,13869,27.9,4621,11688,28.3,1.6,2944,46,1.128,0.912,1.175,1.175,1.169,1.169,1.169,3780.0,3675.0,3620.0,3620.0,3620.0,4525.0,3620.0,100.0,72.0,157.9,5.2,27.3,25.6,130.7,211.2,1.5,1.4,88.0,187.9,12.3,15.6,72.0,3.2,0.8,0.9,1.4,2.2,3.7,5.6,7.3,4.5,2.0,4.3,1.1,4.1,7.3,3.2,1.6,0.8,0.1,0.7,0.7,3.4,5.6,0.0,0.0,2.3,4.9,0.3,0.4,1.6,37.8,36.8,36.2,36.2,36.2,45.2,36.2,33.5,2.8,0.9,1.3,7.6,0.0,6.0,0.6,17.2,11.3,9.1,30.2,0.8,47.4,4.4,80.2,87.9,89.7,62.3,99.2,46.7,95.0,1600.0,16.00,16,18,18,36,74,560,1,42.1,33.6,37.2,31.8,31.7,31.7,32.4,31.4,32.4,31.4,32.2,32.2,31.8,27.9,1.175,0.994,1.181,3.730,4.166,3.720,3.720,21.226,0.317,0.186,0.174,0.629,0.021,0.781,0.111,3.897,4.154,8.051,21.397,1600.0,1600.0,2977.1,2977.1,4650.0,28.2,6.2,4.1,35.4,201.4,No,No,No,0.236,0.073,0.2,42.0,39.5,36.5,35.0,34.0,37.0,36.5,12.192,5.010,1.004,1.352,0.920,0.802,0.836,1.564,3.360,1.836,1108,743,545,544,1.056,1.268,37,37,44,79.0,100.0,No,No,80673,102290,0.2,0.2,0.4,0.475,0.690,19145,17658,39.3,44.0,46.8,44,44,44,44,44,44,44,44,44,83.0,0.662,12.209,12.275,12.194,12.178,12.189,0,0,14.714,4.595,9.012,0.061,6.853,2.070,5.314,9.012,5.327,0.906,2.798,310.000,350.000,210.0,50.6,555.0,44.7,600.0,525.0,128.9,30.8,371.4,1.0,29.0,0.0,0.0,7.6,0.0,0.1,0.0,0.0,0.0,0,0,Yes,No,No,No,No,Yes,No,4.6,7.1,6,0,0,0,0,0,0,0,0,162,0,0,0,0,0,0,0,0,0,0,0,0,0,0,0,0,0,0,0,0,7572,620,450,25,2.5,1.9,1.9,1.9,1.9,1.9,1.9,1.9,1.9,1.9,1.9,1.9,1.9,533.75,533.75,533.75,533.75,533.75,533.75,1.39,532.57,533.75,0.00,248.83,1582,40,10.9,5.6,0,0,0.0,0.0,0,
25.8.2026,16:8:6.066,5378,13875,27.9,4617,11692,28.3,1.6,2944,46,1.136,0.912,1.181,1.181,1.181,1.181,1.181,3930.8,3675.0,4525.0,4525.0,3620.0,3620.0,3620.0,100.0,41.1,105.6,1.6,8.9,7.2,51.7,89.7,0.9,0.3,96.3,119.7,3.2,8.4,41.1,0.9,0.7,0.0,0.4,0.3,1.4,2.3,0.0,0.0,2.4,2.9,0.2,0.0,2.9,0.9,0.9,0.6,0.0,0.2,0.2,1.3,2.4,0.0,0.0,2.5,3.0,0.1,0.2,0.9,39.3,36.8,45.2,45.2,36.2,36.2,36.2,55.6,1.6,0.6,0.3,3.3,0.0,4.9,0.2,8.9,3.8,3.8,13.5,0.9,29.3,2.2,89.7,95.7,96.0,83.5,99.1,65.9,97.8,1600.0,16.00,16,18,18,36,74,560,1,40.4,32.4,36.0,31.3,31.1,31.3,31.3,31.2,31.6,31.1,31.7,31.7,31.5,27.8,1.194,0.994,1.200,2.400,3.821,2.409,2.409,18.842,0.211,0.108,0.086,0.314,0.018,0.674,0.065,2.456,3.813,6.269,18.633,1600.0,1600.0,2242.4,2242.4,4650.0,24.5,4.0,2.7,34.1,188.6,No,No,No,0.185,0.041,0.1,40.0,39.5,36.5,35.0,34.0,37.0,36.5,12.192,5.010,1.002,1.352,0.622,0.804,0.836,1.564,3.360,1.836,1148,740,545,543,1.056,1.266,37,37,44,79.0,100.0,No,No,80673,102290,0.0,0.0,0.0,0.000,0.038,19145,17658,39.2,46.0,46.7,44,44,44,44,44,44,44,42,46,83.0,0.662,12.206,12.273,12.190,12.176,12.186,0,0,14.831,4.996,9.922,0.086,7.107,2.703,5.752,9.922,5.761,0.912,2.798,310.000,350.000,210.0,50.6,555.0,46.7,600.0,525.0,157.1,37.4,450.2,0.0,35.0,0.0,0.0,7.6,0.0,0.1,0.0,0.0,0.0,0,0,Yes,No,No,No,No,Yes,No,5.1,7.2,6,0,0,0,0,0,0,0,0,162,0,0,0,0,0,0,0,0,0,0,0,0,0,0,0,0,0,0,0,0,7572,620,450,25,2.5,1.9,1.9,1.9,1.9,1.9,1.9,1.9,1.9,1.9,1.9,1.9,1.9,516.73,516.73,516.73,516.73,516.73,516.73,1.24,515.54,516.73,0.00,81.65,1582,40,0.0,0.0,0,0,0.0,0.0,0,
25.8.2026,16:8:8.066,5379,13874,27.9,4617,11692,28.3,1.6,2944,46,0.909,0.912,0.906,0.906,0.912,0.906,0.912,3665.8,3675.0,3675.0,3675.0,3675.0,3675.0,3620.0,100.0,48.5,189.7,2.5,9.9,10.9,60.2,97.9,0.4,1.4,52.3,147.6,6.4,2.9,48.5,1.6,0.6,2.3,0.0,0.0,0.0,0.7,0.0,10.5,1.2,3.4,0.0,0.0,10.5,1.6,0.9,0.6,0.1,0.2,0.3,1.6,2.6,0.0,0.0,1.3,3.8,0.2,0.1,0.9,36.7,36.8,36.8,36.8,36.8,36.8,36.2,52.2,1.6,0.6,0.5,3.5,0.0,4.5,0.2,8.5,3.0,1.2,11.0,0.1,34.1,1.5,90.1,96.6,98.5,85.6,99.9,61.5,98.3,1600.0,16.00,16,18,18,36,74,560,1,39.0,32.3,35.2,31.1,30.9,31.2,31.1,31.0,31.5,30.9,31.5,31.5,31.8,27.6,1.150,0.994,1.156,2.447,3.821,2.454,2.454,18.725,0.204,0.152,0.076,0.259,0.012,0.655,0.067,2.502,3.812,6.314,18.756,1600.0,1600.0,2523.9,2523.9,4650.0,24.7,4.1,2.7,33.9,199.3,No,No,No,0.192,0.039,0.1,39.0,39.0,36.5,35.0,34.0,37.0,36.5,12.192,5.020,1.002,1.352,0.702,0.804,0.836,1.566,3.360,1.838,1081,757,546,543,1.056,1.252,37,37,44,79.0,100.0,No,No,80673,102290,0.0,0.0,0.0,0.000,0.000,19145,17658,39.4,44.0,47.0,44,44,44,44,44,44,44,42,44,83.0,0.662,12.208,12.275,12.192,12.177,12.189,0,0,15.025,4.597,8.999,0.074,6.889,2.021,5.363,8.999,5.374,0.906,2.745,310.000,350.000,210.0,50.6,555.0,44.3,600.0,525.0,155.7,37.1,446.9,0.0,41.0,0.0,0.0,7.6,0.0,0.1,0.0,0.0,0.0,0,0,Yes,No,No,No,No,Yes,No,4.6,7.2,6,0,0,0,0,0,0,0,0,162,0,0,0,0,0,0,0,0,0,0,0,0,0,0,0,0,0,0,0,0,7572,620,450,25,2.5,1.9,1.9,1.9,1.9,1.9,1.9,1.9,1.9,1.9,1.9,1.9,1.9,518.43,518.43,518.43,518.43,518.43,518.43,1.30,517.16,518.43,0.00,500.75,1582,40,26.1,1.5,0,0,0.0,0.0,0,
25.8.2026,16:8:10.067,5379,13875,27.9,4617,11692,28.3,1.6,2944,46,1.039,0.912,0.906,0.906,1.169,1.169,1.169,3629.2,3675.0,3620.0,3620.0,3620.0,3620.0,3620.0,100.0,45.6,160.5,2.3,14.1,8.7,63.3,154.4,1.3,0.8,43.8,82.9,10.5,4.6,45.6,0.9,0.1,0.0,0.6,0.5,2.5,4.5,0.0,0.0,0.5,1.5,0.0,0.0,4.5,0.9,0.9,0.6,0.1,0.4,0.2,1.6,4.1,0.0,0.0,1.1,2.0,0.3,0.1,0.9,36.3,36.8,36.2,36.2,36.2,36.2,36.2,56.2,1.6,0.7,0.5,4.9,0.0,2.9,0.3,7.5,2.4,1.6,12.5,0.1,27.6,0.6,91.1,97.0,98.0,82.8,99.9,69.7,99.3,1600.0,16.00,16,18,18,36,74,560,1,37.9,32.1,35.2,30.9,30.8,31.0,31.2,30.8,30.9,30.7,31.4,31.4,31.5,27.1,1.156,0.994,1.163,2.300,3.783,2.298,2.298,18.373,0.198,0.122,0.070,0.361,0.014,0.542,0.078,2.356,3.775,6.131,18.433,1600.0,1600.0,2397.5,2397.5,4650.0,24.3,3.8,2.6,33.7,193.0,No,No,No,0.188,0.038,0.1,38.0,39.5,36.0,35.0,34.0,37.0,36.0,12.192,5.010,1.002,1.352,0.760,0.806,0.836,1.564,3.360,1.836,1083,743,547,543,1.056,1.265,37,37,44,79.0,100.0,No,No,80673,102290,0.0,0.0,0.0,0.000,0.000,19145,17658,39.3,44.0,46.8,43,44,42,44,44,42,44,42,44,83.0,0.662,12.209,12.275,12.193,12.179,12.190,0,0,15.214,4.616,9.055,0.074,6.901,2.071,5.339,9.055,5.343,0.932,2.775,310.000,350.000,210.0,50.6,555.0,46.1,600.0,525.0,210.1,50.5,600.0,0.0,28.0,0.0,0.0,7.6,0.0,0.1,0.0,0.0,0.0,0,0,Yes,No,No,No,No,Yes,No,4.6,7.4,6,0,0,0,0,0,0,0,0,162,0,0,0,0,0,0,0,0,0,0,0,0,0,0,0,0,0,0,0,0,7572,620,450,25,2.5,1.9,1.9,1.9,1.9,1.9,1.9,1.9,1.9,1.9,1.9,1.9,1.9,533.57,533.57,533.57,533.57,533.57,533.57,1.25,532.27,533.57,0.00,414.75,1582,40,1.0,0.0,0,0,0.0,0.0,0,
25.8.2026,16:8:12.064,5378,13875,27.9,4617,11692,28.3,1.6,2944,46,0.935,0.912,0.906,0.906,0.963,0.963,0.963,3647.5,3675.0,3675.0,3675.0,3620.0,3620.0,3620.0,100.0,42.1,134.9,2.1,8.3,5.4,41.7,148.1,0.5,0.2,56.0,98.5,3.8,5.5,42.1,2.2,1.1,0.0,0.0,0.0,0.0,3.1,1.3,0.0,1.8,2.7,13.9,2.9,13.9,2.2,0.8,0.6,0.1,0.2,0.1,1.1,4.0,0.0,0.0,1.4,2.5,0.1,0.1,0.8,36.5,36.8,36.8,36.8,36.2,36.2,36.2,46.3,1.5,0.7,0.3,4.4,0.0,3.5,0.2,8.9,2.4,1.7,12.2,0.0,36.0,0.7,89.7,97.0,98.0,83.5,99.9,60.7,99.3,1600.0,16.00,16,18,18,36,74,560,1,36.9,32.1,36.8,30.9,30.7,31.0,31.1,30.8,31.1,30.7,31.4,31.4,31.0,26.8,1.175,0.994,1.181,2.540,3.927,2.540,2.540,19.222,0.181,0.110,0.060,0.285,0.011,0.586,0.035,2.589,3.918,6.507,19.251,1600.0,1600.0,2628.0,2628.0,4650.0,25.3,4.2,2.8,33.7,230.8,No,No,No,0.175,0.038,0.1,37.0,39.5,36.0,35.0,34.0,37.0,36.0,12.192,5.000,1.004,1.352,0.884,0.806,0.836,1.564,3.360,1.836,1017,745,546,556,1.056,1.263,37,37,43,79.0,100.0,No,No,80673,102290,0.0,0.0,0.0,0.000,0.010,19145,17658,39.2,44.0,46.8,44,44,44,44,44,44,44,42,44,83.0,0.662,12.205,12.272,12.189,12.175,12.185,0,0,15.441,4.700,9.106,0.061,6.887,2.143,5.654,9.106,5.661,0.927,2.759,310.000,350.000,210.0,50.6,555.0,44.9,600.0,525.0,185.8,44.1,531.3,1.0,19.0,0.0,0.0,7.6,0.0,0.1,0.0,0.0,0.0,0,0,Yes,No,No,No,No,Yes,No,4.8,7.5,6,0,0,0,0,0,0,0,0,162,0,0,0,0,0,0,0,0,0,0,0,0,0,0,0,0,0,0,0,0,7572,620,450,25,2.5,1.8,1.8,1.8,1.8,1.8,1.8,1.8,1.8,1.8,1.8,1.8,1.8,549.32,549.32,549.32,549.32,549.32,549.32,1.23,547.90,549.32,0.00,314.53,1582,40,1.1,0.0,0,0,0.0,0.0,0,
25.8.2026,16:8:14.067,5463,13790,28.3,4663,11646,28.5,1.6,2944,46,1.188,1.188,1.188,1.188,1.188,1.188,1.188,4223.3,3620.0,4525.0,4525.0,3620.0,4525.0,4525.0,100.0,371.9,355.7,96.3,499.3,247.2,660.5,597.6,87.4,55.3,723.2,669.3,274.9,196.7,371.9,12.1,4.4,6.3,12.1,7.8,15.6,13.6,1.8,43.5,15.6,14.6,6.2,4.1,43.5,12.1,9.4,5.3,2.5,13.1,6.1,17.6,15.9,2.3,1.4,19.2,17.8,6.6,5.1,9.4,42.2,36.2,45.2,45.2,36.2,45.2,45.2,37.8,15.5,7.0,16.3,26.6,3.2,29.5,10.5,19.8,23.1,16.3,11.0,20.4,26.6,21.5,64.8,70.0,67.5,62.5,76.4,44.1,68.1,1600.0,16.00,16,18,18,36,74,560,1,40.6,36.1,45.5,33.4,32.8,33.3,34.7,32.0,35.0,32.6,32.1,32.1,31.2,28.3,1.194,0.994,1.212,8.520,4.136,8.483,9.868,27.027,1.298,0.799,1.276,1.931,0.489,2.309,0.986,9.874,4.124,13.998,27.173,1600.0,1600.0,2934.1,2934.1,4650.0,35.8,14.1,11.0,38.0,126.3,No,No,No,0.435,0.146,0.9,38.0,39.0,36.0,35.0,34.0,37.0,36.0,12.192,5.000,1.006,1.352,1.190,0.806,0.836,1.562,3.348,1.836,1025,747,547,543,1.057,1.252,37,37,44,79.0,100.0,No,No,80673,102290,3.8,0.0,3.8,8.297,0.071,19160,17658,39.4,44.0,47.0,44,44,44,44,44,42,44,42,44,83.0,0.662,12.206,12.274,12.190,12.175,12.186,0,0,15.055,4.910,9.669,0.074,7.046,2.532,5.739,9.669,5.742,0.908,2.809,310.000,350.000,210.0,50.6,555.0,41.7,600.0,525.0,156.2,37.2,446.3,0.0,22.0,0.0,0.0,7.6,0.0,0.1,0.0,0.0,0.0,0,0,Yes,No,No,No,No,Yes,No,5.0,7.3,6,0,0,0,0,0,0,0,0,162,0,0,0,0,0,0,0,0,0,0,0,0,0,0,0,0,0,0,0,0,7572,620,450,25,2.5,1.9,1.9,1.9,1.9,1.9,1.9,1.9,1.9,1.9,1.9,1.9,1.9,533.52,533.52,533.52,533.52,533.52,533.52,1.32,532.13,533.52,0.00,181.66,1582,40,1.0,0.0,0,0,0.0,0.0,0,
25.8.2026,16:8:16.071,5608,13646,29.1,4832,11477,29.6,1.6,2944,46,1.198,1.256,1.188,1.188,1.188,1.188,1.181,3951.7,3720.0,4525.0,4525.0,3620.0,3620.0,3700.0,100.0,1633.7,1378.0,623.3,1966.2,1131.3,3386.2,1510.2,1213.0,1087.4,3715.3,1570.4,1260.4,762.3,1633.7,35.8,21.0,14.0,44.1,25.6,75.4,32.6,28.0,26.1,81.9,34.8,28.6,17.5,81.9,35.8,42.5,24.6,16.2,52.7,29.9,91.0,39.9,32.1,28.8,99.9,42.0,33.4,20.0,42.5,39.5,37.2,45.2,45.2,36.2,36.2,37.0,0.0,60.4,31.6,58.5,91.2,44.9,95.5,40.9,35.7,58.4,41.0,8.8,50.0,4.5,51.8,3.8,10.0,0.6,0.0,5.1,0.0,7.3,1600.0,16.00,16,18,18,36,74,560,1,49.2,50.5,50.5,44.0,41.2,42.4,47.8,42.3,49.3,40.7,36.1,36.1,33.5,28.0,1.250,0.994,1.269,27.890,4.952,27.884,53.116,53.750,4.904,3.058,4.753,6.934,3.856,7.252,3.571,33.680,4.928,38.608,53.815,1600.0,1600.0,4544.5,4544.5,4650.0,70.8,46.5,59.0,53.1,114.3,No,No,No,1.992,1.059,3.6,49.0,39.5,37.0,35.0,34.5,36.5,37.0,12.192,5.000,1.004,1.348,1.190,0.808,0.836,1.562,3.352,1.836,1040,746,546,543,1.057,1.282,37,37,48,79.0,100.0,No,No,80673,102290,6.8,2.4,9.2,16.399,11.124,19192,17679,39.3,44.0,46.9,43,42,42,44,44,44,44,42,44,83.0,0.662,12.199,12.269,12.181,12.167,12.178,0,0,14.843,4.409,8.487,0.049,6.639,1.789,5.249,8.487,5.256,0.899,2.830,310.000,350.000,210.0,50.6,555.0,41.5,600.0,525.0,156.3,37.2,449.5,0.0,34.0,0.0,0.0,7.6,0.0,0.1,0.0,0.0,0.0,0,0,Yes,No,No,No,No,Yes,No,4.4,7.2,6,0,0,0,0,0,0,0,0,162,0,0,0,0,0,0,0,0,0,0,0,0,0,0,0,0,0,0,0,0,7572,620,450,25,2.5,1.9,1.9,1.9,1.9,1.9,1.9,1.9,1.9,1.9,1.9,1.9,1.9,533.52,533.52,533.52,533.52,533.52,533.52,1.32,532.13,533.52,0.00,181.66,1582,40,40.8,17.8,0,0,0.0,0.0,0,
25.8.2026,16:8:18.074,5958,13296,30.9,5173,11136,31.7,1.6,2944,46,1.305,1.306,1.306,1.306,1.306,1.306,1.300,4030.0,3720.0,3720.0,3720.0,4650.0,4650.0,3720.0,100.0,1200.6,480.4,196.5,706.8,661.9,1700.7,1243.6,1199.2,2927.9,2722.5,1672.0,543.9,351.7,1200.6,29.0,8.7,5.5,18.2,17.0,44.0,29.8,32.2,74.7,59.3,35.6,13.9,8.8,74.7,29.0,31.9,9.2,5.2,18.7,17.6,45.7,33.4,32.3,79.1,73.4,44.9,14.4,9.3,31.9,40.3,37.2,37.2,37.2,46.5,46.5,37.2,0.0,53.2,12.9,32.0,68.6,95.2,89.4,21.0,44.9,81.2,68.0,31.4,4.8,10.6,73.2,2.0,5.9,0.0,0.0,0.0,0.0,5.8,1600.0,16.00,16,18,18,36,74,560,1,51.5,51.2,55.0,43.6,38.8,39.1,45.0,49.1,49.6,39.9,36.2,36.2,32.5,27.7,1.306,0.994,1.331,26.366,4.910,26.351,47.857,53.010,4.388,2.071,3.015,5.231,6.119,7.417,2.477,33.062,4.886,37.948,53.067,1600.0,1600.0,4641.5,4641.5,4650.0,69.8,43.9,53.2,53.9,125.4,No,No,No,1.661,1.099,3.2,50.0,39.0,37.0,35.0,34.5,36.5,37.0,12.192,5.000,1.004,1.348,1.246,0.808,0.836,1.560,3.344,1.836,1198,738,547,542,1.057,1.258,37,37,49,79.0,100.0,No,No,80673,102290,7.3,2.6,9.9,4.376,13.791,19200,17706,39.2,44.0,46.9,44,44,44,44,44,44,44,42,44,83.0,0.662,12.200,12.269,12.183,12.170,12.179,0,0,14.789,4.448,8.634,0.061,6.725,1.838,5.200,8.634,5.205,0.906,2.825,310.000,350.000,210.0,50.6,555.0,43.0,600.0,525.0,185.7,44.6,538.4,0.0,23.0,0.0,0.0,7.6,0.0,0.1,0.0,0.0,0.0,0,0,Yes,No,No,No,No,Yes,No,4.9,7.1,6,0,0,0,0,0,0,0,0,162,0,0,0,0,0,0,0,0,0,0,0,0,0,0,0,0,0,0,0,0,7572,620,450,25,2.5,1.9,1.9,1.9,1.9,1.9,1.9,1.9,1.9,1.9,1.9,1.9,1.9,533.43,533.43,533.43,533.43,533.43,533.43,1.17,532.15,533.43,0.00,499.29,1588,40,2934.6,82.4,0,0,0.0,0.0,0,
25.8.2026,16:8:20.087,6596,12657,34.2,5761,10548,35.3,1.6,2944,46,1.304,1.294,1.306,1.306,1.306,1.306,1.306,4185.0,3720.0,3720.0,4650.0,4650.0,4650.0,3720.0,100.0,1962.9,1624.8,998.0,1802.2,1411.8,3182.4,1596.2,1496.2,4222.1,2809.9,1703.7,1550.7,1156.7,1962.9,47.8,33.3,26.4,47.9,37.4,81.3,39.3,32.2,91.2,70.3,43.1,41.1,30.7,91.2,47.8,51.7,33.3,26.4,48.0,37.4,85.5,42.4,40.0,114.1,75.5,45.5,41.2,30.6,51.7,41.9,37.2,37.2,46.5,46.5,46.5,37.2,0.0,71.8,43.6,62.8,92.2,97.3,82.3,52.7,28.2,56.4,37.2,7.8,2.7,17.7,47.3,0.0,0.0,0.0,0.0,0.0,0.0,0.0,1600.0,16.00,16,18,18,36,74,560,1,55.1,55.4,55.8,48.5,44.9,44.7,50.6,55.1,49.1,46.5,37.9,37.9,34.5,28.9,1.312,0.994,1.331,34.063,5.081,34.057,64.653,64.382,6.432,4.556,5.584,7.785,8.288,7.320,5.061,44.081,5.054,49.135,64.454,1600.0,1600.0,4637.0,4637.0,4640.5,84.8,56.8,71.8,58.3,114.1,No,No,No,2.871,1.651,4.3,55.0,39.0,37.5,35.0,35.5,36.5,37.5,12.168,4.990,1.006,1.352,1.298,0.808,0.838,1.560,3.344,1.836,1297,733,545,542,1.057,1.270,37,37,50,79.0,100.0,No,No,80673,102290,7.6,8.6,16.3,5.919,45.009,19212,17792,39.4,44.0,46.9,43,44,42,44,44,42,44,42,44,83.0,0.662,12.201,12.270,12.184,12.171,12.180,0,0,14.806,4.649,9.029,0.061,6.908,2.045,5.505,9.029,5.518,0.908,2.838,310.000,350.000,210.0,50.6,555.0,42.9,600.0,525.0,156.2,37.1,458.2,0.0,27.0,0.0,0.0,7.6,0.0,0.1,0.0,0.0,0.0,0,0,Yes,No,No,No,No,Yes,No,4.9,7.2,6,0,0,0,0,0,0,0,0,162,0,0,0,0,0,0,0,0,0,0,0,0,0,0,0,0,0,0,0,0,7572,620,450,25,2.5,1.9,1.9,1.9,1.9,1.9,1.9,1.9,1.9,1.9,1.9,1.9,1.9,533.43,533.43,533.43,533.43,533.43,533.43,1.11,532.26,533.43,0.00,365.72,1597,40,4859.8,91.4,0,0,0.0,0.0,0,
25.8.2026,16:8:22.099,5750,13503,29.8,5013,11297,30.7,1.6,2944,46,1.256,1.256,1.256,1.256,1.256,1.256,1.256,3875.0,3720.0,3720.0,4650.0,3720.0,3720.0,3720.0,100.0,1778.2,1202.6,602.8,1711.7,1257.7,3489.9,1667.8,2700.5,1796.5,3392.4,1609.4,1088.0,818.7,1778.2,40.6,22.3,15.9,45.4,33.4,75.3,35.7,60.7,39.9,73.5,34.7,28.6,21.6,75.3,40.6,46.7,22.3,15.9,45.6,33.5,93.8,44.3,72.7,48.4,91.2,42.9,28.7,21.6,46.7,38.8,37.2,37.2,46.5,37.2,37.2,37.2,0.0,66.8,32.3,64.2,93.4,80.3,88.7,42.1,33.2,67.7,35.8,6.6,19.7,11.3,57.9,0.0,0.0,0.0,0.0,0.0,0.0,0.0,1600.0,16.00,16,18,18,36,74,560,1,56.0,54.6,50.0,47.9,44.0,44.7,52.8,49.5,52.1,44.1,38.0,38.0,34.0,28.5,1.250,0.994,1.269,32.083,5.088,32.105,60.156,61.751,5.976,3.510,5.373,8.544,6.144,8.200,4.083,41.187,5.059,46.247,61.630,1600.0,1600.0,4647.8,4647.8,4648.6,81.1,53.5,66.8,57.4,114.7,No,No,No,2.952,2.145,4.0,56.0,39.0,37.5,35.0,35.5,36.5,37.5,12.168,5.000,1.004,1.348,1.256,0.808,0.836,1.560,3.344,1.836,1411,700,546,555,1.056,1.267,37,37,51,79.0,100.0,No,No,80673,102290,16.7,11.3,28.0,62.366,24.425,19331,17838,39.2,44.0,46.8,44,44,44,44,44,44,44,42,44,83.0,0.662,12.200,12.270,12.183,12.169,12.179,0,0,15.212,4.584,8.951,0.061,6.871,1.996,5.371,8.951,5.373,0.908,2.777,310.000,350.000,210.0,50.6,555.0,47.8,600.0,525.0,158.4,37.4,446.1,0.0,25.0,0.0,0.0,7.6,0.0,0.1,0.0,0.0,0.0,0,0,Yes,No,No,No,No,Yes,No,4.6,7.3,6,0,0,0,0,0,0,0,0,162,0,0,0,0,0,0,0,0,0,0,0,0,0,0,0,0,0,0,0,0,7572,620,450,25,2.5,1.9,1.9,1.9,1.9,1.9,1.9,1.9,1.9,1.9,1.9,1.9,1.9,516.56,516.56,516.56,516.56,516.56,516.56,1.18,515.36,516.56,0.00,249.25,1598,40,330.0,16.2,0,0,0.0,0.0,0,
25.8.2026,16:8:24.116,6135,13118,31.8,5371,10938,32.9,1.6,2944,46,1.308,1.312,1.312,1.306,1.306,1.306,1.306,4030.0,3720.0,3720.0,4650.0,4650.0,3720.0,3720.0,100.0,1357.9,939.6,299.0,985.9,663.6,3534.0,860.6,4147.3,662.4,2085.1,914.6,679.6,522.9,1357.9,32.4,20.6,7.7,26.1,17.5,77.6,18.7,95.1,14.7,55.2,24.1,17.8,13.7,95.1,32.4,35.9,20.6,7.7,26.2,17.5,95.2,22.7,112.0,17.5,56.1,24.2,17.9,13.7,35.9,40.3,37.2,37.2,46.5,46.5,37.2,37.2,0.0,58.4,25.2,39.7,88.1,98.1,69.9,29.1,39.2,74.0,60.3,11.9,1.9,30.1,56.9,2.5,0.8,0.0,0.0,0.0,0.0,14.0,1600.0,16.00,16,18,18,36,74,560,1,56.5,54.1,57.0,46.2,42.3,41.4,50.8,53.5,47.1,42.4,37.3,37.3,34.2,28.8,1.312,0.994,1.337,30.268,4.964,30.247,52.514,59.098,5.280,3.036,3.919,8.076,7.552,5.928,3.167,39.120,4.939,44.059,59.225,1600.0,1600.0,4644.6,4644.6,4649.7,77.9,50.4,58.3,56.9,123.4,No,No,No,1.909,1.436,3.5,56.0,39.0,38.0,35.0,36.0,36.5,38.0,12.168,4.990,1.006,1.352,1.310,0.810,0.838,1.558,3.340,1.836,1420,696,544,556,1.057,1.253,37,37,51,79.0,100.0,No,No,80673,102290,14.3,29.9,44.2,5.746,21.626,19342,17880,39.2,44.0,47.1,43,42,42,44,44,44,42,42,44,83.0,0.662,12.202,12.271,12.184,12.170,12.181,0,0,15.118,4.921,9.758,0.074,7.018,2.653,5.652,9.758,5.665,0.904,2.806,310.000,350.000,210.0,50.6,555.0,48.2,600.0,525.0,182.2,43.2,520.6,1.0,14.0,0.0,0.0,7.6,0.0,0.1,0.0,0.0,0.0,0,0,Yes,No,No,No,No,Yes,No,5.0,7.4,6,0,0,0,0,0,0,0,0,162,0,0,0,0,0,0,0,0,0,0,0,0,0,0,0,0,0,0,0,0,7572,620,450,24,2.5,1.8,1.8,1.8,1.8,1.8,1.8,1.8,1.8,1.8,1.8,1.8,1.8,550.02,550.02,550.02,550.02,550.02,550.02,1.10,548.79,550.02,0.00,199.24,1603,40,2424.5,69.7,0,0,0.0,0.0,0,
25.8.2026,16:8:26.128,6260,12993,32.5,5508,10801,33.7,1.6,2944,46,1.299,1.294,1.300,1.300,1.300,1.300,1.300,4030.0,3720.0,3720.0,3720.0,4650.0,4650.0,3720.0,100.0,1536.5,1324.5,429.3,1310.6,605.0,2289.7,1174.7,3175.4,2002.6,2368.1,2102.0,1124.1,532.0,1536.5,35.1,28.8,10.5,34.2,15.0,51.0,26.5,68.3,42.7,55.7,46.4,29.2,13.2,68.3,35.1,40.7,29.6,11.3,35.0,15.9,61.5,31.1,85.8,53.8,63.6,56.3,30.0,14.0,40.7,40.3,37.2,37.2,37.2,46.5,46.5,37.2,0.0,61.3,35.2,43.1,63.5,99.0,89.9,36.9,38.7,64.8,56.9,36.5,1.0,10.1,63.1,0.0,0.0,0.0,0.0,0.0,0.0,0.0,1600.0,16.00,16,18,18,36,74,560,1,57.1,55.3,52.8,47.4,43.4,42.2,48.2,53.8,52.3,44.4,38.0,38.0,34.2,27.9,1.306,0.994,1.325,31.214,5.017,31.230,55.134,60.945,5.783,3.951,4.379,6.500,7.623,8.110,4.133,40.588,4.990,45.579,60.867,1600.0,1600.0,4644.1,4644.1,4645.1,80.1,52.1,61.3,58.3,116.8,No,No,No,2.387,1.571,3.7,57.0,39.0,38.0,35.0,36.0,36.5,38.0,12.168,5.000,1.004,1.352,1.300,0.810,0.838,1.562,3.344,1.836,1479,694,544,542,1.056,1.269,37,37,52,79.0,100.0,No,No,80673,102290,7.2,16.1,23.3,7.722,42.808,19356,17962,39.3,44.0,46.9,43,42,42,44,44,42,44,42,44,83.0,0.662,12.202,12.271,12.185,12.170,12.181,0,0,14.974,4.625,9.029,0.061,6.982,1.972,5.408,9.029,5.413,0.904,2.828,310.000,350.000,210.0,50.6,555.0,42.3,600.0,525.0,209.9,50.5,600.0,0.0,34.0,0.0,0.0,7.6,0.0,0.1,0.0,0.0,0.0,0,0,Yes,No,No,No,No,Yes,No,4.7,7.1,6,0,0,0,0,0,0,0,0,162,0,0,0,0,0,0,0,0,0,0,0,0,0,0,0,0,0,0,0,0,7572,620,450,24,2.5,1.8,1.8,1.8,1.8,1.8,1.8,1.8,1.8,1.8,1.8,1.8,1.8,550.02,550.02,550.02,550.02,550.02,550.02,1.10,548.79,550.02,0.00,199.24,1627,40,12568.5,154.2,0,0,0.0,0.0,0,
25.8.2026,16:8:28.136,6237,13016,32.3,5477,10832,33.5,1.6,2944,46,1.318,1.312,1.319,1.319,1.319,1.319,1.319,4030.0,3720.0,3720.0,3720.0,4650.0,4650.0,3720.0,100.0,1716.0,1183.2,753.8,1276.1,1095.2,2615.3,1347.8,1529.3,3598.9,3929.9,1364.1,967.4,930.9,1716.0,40.5,21.6,20.0,33.9,28.8,70.0,35.8,32.9,77.5,85.4,29.8,25.5,24.5,85.4,40.5,45.1,21.6,20.0,34.0,28.9,70.3,35.9,41.1,97.1,106.0,36.4,25.5,24.5,45.1,40.3,37.2,37.2,37.2,46.5,46.5,37.2,0.0,65.0,31.8,47.5,85.8,95.5,93.7,35.9,35.0,68.2,52.5,14.2,4.5,6.3,64.1,0.0,0.0,0.0,0.0,0.0,0.0,0.0,1600.0,16.00,16,18,18,36,74,560,1,57.1,55.5,50.5,48.1,43.4,43.1,49.5,54.2,53.8,44.5,38.0,38.0,34.2,29.1,1.250,1.000,1.269,32.951,5.078,32.941,58.540,63.109,6.094,3.691,4.579,7.122,8.400,8.847,3.927,42.832,5.051,47.882,63.184,1600.0,1600.0,4646.1,4646.1,4647.7,83.1,54.9,65.0,58.4,117.0,No,No,No,2.818,1.859,3.9,57.0,39.0,38.0,35.0,36.5,36.5,38.0,12.192,5.000,1.006,1.352,1.296,0.812,0.838,1.560,3.344,1.836,1490,692,546,555,1.057,1.261,37,37,52,79.0,100.0,No,No,80673,102290,13.4,20.7,34.0,5.483,59.813,19367,18077,39.2,44.0,46.8,43,44,42,42,44,42,44,42,44,83.0,0.662,12.202,12.271,12.185,12.171,12.181,0,0,14.924,4.561,8.881,0.061,6.848,1.947,5.323,8.881,5.325,0.901,2.881,310.000,350.000,210.0,50.6,555.0,44.4,600.0,525.0,158.8,37.4,449.2,0.0,55.0,0.0,0.0,7.6,0.0,0.1,0.0,0.0,0.0,0,0,Yes,No,No,No,No,Yes,No,4.6,7.4,6,0,0,0,0,0,0,0,0,162,0,0,0,0,0,0,0,0,0,0,0,0,0,0,0,0,0,0,0,0,7572,620,450,24,2.5,1.9,1.9,1.9,1.9,1.9,1.9,1.9,1.9,1.9,1.9,1.9,1.9,515.92,515.92,515.92,515.92,515.92,515.92,1.12,514.90,515.92,0.00,448.65,1650,41,11304.7,141.4,0,0,0.0,0.0,0,
25.8.2026,16:8:30.155,5760,13494,29.9,5081,11229,31.1,1.5,2944,45,1.261,1.256,1.262,1.262,1.262,1.262,1.262,3875.0,3720.0,3720.0,3720.0,3720.0,4650.0,3720.0,100.0,1114.6,599.0,325.9,546.3,564.9,1353.1,627.9,920.2,3495.3,3726.9,583.9,322.1,310.0,1114.6,25.8,10.3,9.1,14.9,14.6,36.4,17.0,19.5,75.5,81.3,13.3,8.9,8.6,81.3,25.8,29.4,9.8,8.6,14.5,14.9,36.3,16.6,24.7,94.4,100.6,15.4,8.4,8.1,29.4,38.8,37.2,37.2,37.2,37.2,46.5,37.2,0.0,45.5,16.1,24.5,46.5,84.5,88.0,13.7,54.4,83.9,75.5,53.5,15.5,12.0,86.2,0.0,0.0,0.0,0.0,0.0,0.0,0.1,1600.0,16.00,16,18,18,36,74,560,1,56.9,54.1,47.2,44.4,40.0,39.6,43.9,50.8,51.7,40.7,37.4,37.4,34.0,29.2,1.250,1.000,1.262,27.432,4.996,27.458,40.989,55.937,4.622,2.472,2.904,4.400,7.364,8.169,2.426,35.578,4.970,40.549,55.778,1600.0,1600.0,4648.7,4648.7,4649.7,73.4,45.8,45.5,56.9,128.1,No,No,No,1.900,1.435,2.7,57.0,39.0,38.0,35.0,36.5,36.5,38.0,12.192,5.000,1.004,1.352,1.290,0.812,0.838,1.562,3.348,1.836,1492,691,546,543,1.056,1.251,37,37,51,79.0,100.0,No,No,80673,102290,2.4,5.6,8.0,5.019,17.713,19376,18111,39.2,44.0,47.0,44,44,44,44,44,42,44,42,44,83.0,0.662,12.207,12.275,12.190,12.177,12.187,0,0,15.310,4.680,9.120,0.074,7.058,1.985,5.508,9.120,5.511,0.910,2.838,310.000,350.000,210.0,50.6,555.0,45.3,600.0,525.0,185.8,44.2,531.6,0.0,45.0,0.0,0.0,7.6,0.0,0.1,0.0,0.0,0.0,0,0,Yes,No,No,No,No,Yes,No,4.7,7.4,6,0,0,0,0,0,0,0,0,162,0,0,0,0,0,0,0,0,0,0,0,0,0,0,0,0,0,0,0,0,7572,620,450,24,2.5,1.8,1.8,1.8,1.8,1.8,1.8,1.8,1.8,1.8,1.8,1.8,1.8,550.02,550.02,550.02,550.02,550.02,550.02,1.10,548.80,550.02,0.00,382.41,1663,41,6706.1,198.5,0,0,0.0,0.0,0,
25.8.2026,16:8:32.158,5816,13437,30.2,5975,10335,36.6,1.5,2944,45,1.251,1.256,1.250,1.250,1.250,1.250,1.250,3875.0,3720.0,3720.0,3720.0,3720.0,4650.0,3720.0,100.0,1382.0,1299.5,747.2,1248.5,1283.5,1684.3,1912.2,707.1,652.9,2598.3,2544.5,968.2,938.3,1382.0,33.5,24.0,19.6,32.9,34.4,44.3,50.4,19.2,17.1,55.6,54.5,25.4,24.6,55.6,33.5,36.0,24.3,19.8,33.2,34.2,45.0,51.1,18.8,17.4,69.8,68.4,25.7,24.9,36.0,38.8,37.2,37.2,37.2,37.2,46.5,37.2,0.0,53.5,34.9,51.6,75.7,27.3,92.1,39.1,46.4,65.1,48.4,24.3,72.0,7.9,60.9,0.1,0.0,0.0,0.0,0.6,0.0,0.0,1600.0,16.00,16,18,18,36,74,560,1,55.8,51.1,49.0,43.4,41.7,41.1,46.3,39.8,50.6,40.7,36.8,36.8,34.2,28.0,1.237,0.994,1.250,26.351,5.146,26.330,48.062,53.164,4.656,3.453,4.302,5.733,2.971,7.877,3.597,32.918,5.119,38.037,53.338,1600.0,1600.0,4644.5,4644.5,4650.0,70.2,43.9,53.4,53.8,117.7,No,No,No,2.902,1.994,3.2,55.0,39.0,38.0,35.0,36.5,36.5,38.0,12.168,4.990,1.006,1.348,1.246,0.812,0.838,1.558,3.340,1.836,1445,692,546,542,1.057,1.269,37,37,54,79.0,100.0,No,No,80673,102291,56.1,100.0,100.0,446.361,58.506,20232,18223,39.3,44.0,46.8,43,44,42,42,44,42,44,42,42,83.0,0.662,12.205,12.273,12.189,12.174,12.184,0,0,15.458,4.788,9.517,0.074,7.277,2.143,5.410,9.517,5.418,0.908,2.833,310.000,350.000,210.0,50.6,555.0,47.2,600.0,525.0,156.0,37.2,445.5,1.0,32.0,0.0,0.0,7.6,0.0,0.1,0.0,0.0,0.0,0,0,Yes,No,No,No,No,Yes,No,4.8,7.4,6,0,0,0,0,0,0,0,0,162,0,0,0,0,0,0,0,0,0,0,0,0,0,0,0,0,0,0,0,0,7572,620,450,24,2.5,1.9,1.9,1.9,1.9,1.9,1.9,1.9,1.9,1.9,1.9,1.9,1.9,532.97,532.97,532.97,532.97,532.97,532.97,1.24,531.88,532.97,0.00,248.64,1698,42,17845.3,271.5,0,0,0.0,0.0,0,
25.8.2026,16:8:34.172,5879,13374,30.5,5644,10666,34.6,1.5,2944,45,1.245,1.250,1.244,1.244,1.244,1.244,1.244,3875.0,3720.0,3720.0,3720.0,3720.0,4650.0,3720.0,100.0,1583.8,1293.0,840.1,1554.7,1286.9,1837.1,2138.4,1707.0,836.4,1728.8,3515.4,1138.4,1128.9,1583.8,38.6,25.0,22.0,40.8,33.2,48.1,55.9,45.2,22.0,36.6,75.1,29.6,29.4,75.1,38.6,41.1,25.1,22.1,41.1,33.4,48.6,56.5,45.6,22.1,45.8,94.2,29.8,29.5,41.1,38.8,37.2,37.2,37.2,37.2,46.5,37.2,0.0,59.6,34.7,56.6,81.8,54.0,87.7,42.6,40.4,65.3,43.4,18.2,46.0,12.3,57.4,0.0,0.0,0.0,0.0,0.0,0.0,0.0,1600.0,16.00,16,18,18,36,74,560,1,55.0,50.6,53.8,44.3,42.2,42.0,46.5,42.9,50.0,42.1,37.2,37.2,33.5,28.8,1.244,1.000,1.275,28.683,5.050,28.661,53.576,55.873,5.222,3.685,4.848,6.295,4.638,7.749,4.115,35.692,5.023,40.715,55.940,1600.0,1600.0,4638.5,4638.5,4650.0,73.6,47.8,59.5,53.3,113.9,No,No,No,2.195,0.934,3.6,55.0,39.0,38.0,35.0,36.5,36.5,38.0,12.192,5.000,1.006,1.348,1.248,0.814,0.838,1.560,3.344,1.836,1456,705,546,543,1.057,1.275,38,38,54,79.0,100.0,No,No,80674,102291,30.9,58.9,89.8,10.653,282.052,20252,18766,39.2,44.0,46.8,43,44,42,44,44,42,44,42,44,83.0,0.662,12.209,12.277,12.193,12.178,12.189,0,0,15.412,5.063,10.109,0.074,7.242,2.777,5.716,10.109,5.725,0.908,2.910,310.000,350.000,210.0,50.6,555.0,47.2,600.0,525.0,157.4,37.4,450.0,1.0,30.0,0.0,0.0,7.6,0.0,0.1,0.0,0.0,0.0,0,0,Yes,No,No,No,No,Yes,No,5.1,7.4,6,0,0,0,0,0,0,0,0,162,0,0,0,0,0,0,0,0,0,0,0,0,0,0,0,0,0,0,0,0,7572,620,450,24,2.5,1.9,1.9,1.9,1.9,1.9,1.9,1.9,1.9,1.9,1.9,1.9,1.9,533.32,533.32,533.32,533.32,533.32,533.32,1.20,532.17,533.32,0.00,149.14,1717,42,9576.9,224.7,0,0,0.0,0.0,0,
25.8.2026,16:8:36.200,5776,13477,30.0,5518,10792,33.8,1.5,2944,45,1.253,1.256,1.250,1.250,1.250,1.256,1.256,4030.0,3720.0,3720.0,4650.0,3720.0,4650.0,3720.0,100.0,2352.9,2488.8,1555.3,2489.7,2088.3,3027.4,3156.1,1669.7,1354.4,3331.2,3004.3,2148.3,1921.8,2352.9,55.2,48.2,40.2,65.7,54.4,65.7,68.4,43.7,35.1,70.7,63.5,56.5,50.0,70.7,55.2,60.8,48.6,40.6,66.1,54.8,80.3,83.6,44.1,35.5,88.8,79.9,56.9,50.4,60.8,40.3,37.2,37.2,46.5,37.2,46.5,37.2,0.0,79.6,66.8,86.4,93.7,57.9,94.8,77.9,20.4,33.2,13.6,6.3,42.1,5.2,22.1,0.0,0.0,0.0,0.0,0.0,0.0,0.0,1600.0,16.00,16,18,18,36,74,560,1,55.0,53.2,52.5,48.3,47.0,46.2,51.7,45.3,52.3,47.1,38.3,38.3,34.8,28.9,1.250,0.994,1.275,34.554,5.108,34.569,71.618,63.822,6.688,5.653,6.663,8.190,5.075,8.387,6.159,43.256,5.080,48.336,63.758,1600.0,1600.0,4649.6,4649.6,4649.9,83.9,57.6,79.6,56.0,107.7,No,No,No,3.211,1.536,4.8,55.0,39.0,38.5,35.0,36.5,36.5,38.5,12.192,5.000,1.006,1.352,1.256,0.814,0.838,1.558,3.340,1.836,1454,704,546,543,1.056,1.244,38,38,54,79.0,100.0,No,No,80674,102291,18.4,28.9,47.3,10.296,123.298,20272,19001,39.3,44.0,46.9,42,42,42,42,44,42,42,42,44,83.0,0.662,12.207,12.275,12.191,12.176,12.186,0,0,15.169,4.600,9.076,0.074,6.936,2.046,5.179,9.076,5.192,0.912,2.907,310.000,350.000,210.0,50.6,555.0,49.1,600.0,525.0,157.5,37.4,449.1,0.0,42.0,0.0,0.0,7.6,0.0,0.1,0.0,0.0,0.0,0,0,Yes,No,No,No,No,Yes,No,4.6,7.2,6,0,0,0,0,0,0,0,0,162,0,0,0,0,0,0,0,0,0,0,0,0,0,0,0,0,0,0,0,0,7572,620,450,24,2.5,1.9,1.9,1.9,1.9,1.9,1.9,1.9,1.9,1.9,1.9,1.9,1.9,533.32,533.32,533.32,533.32,533.32,533.32,1.20,532.17,533.32,0.00,149.14,1737,42,10122.8,122.7,0,0,0.0,0.0,0,
25.8.2026,16:8:38.204,5807,13447,30.1,5499,10810,33.7,1.5,2944,45,1.256,1.256,1.256,1.256,1.256,1.256,1.256,4030.0,3720.0,3720.0,4650.0,3720.0,4650.0,3720.0,100.0,1988.5,1890.2,1174.2,2075.1,2129.0,3275.6,2455.7,902.0,876.8,3538.0,2059.3,1752.7,1734.0,1988.5,46.2,35.6,30.5,54.3,55.0,69.8,51.8,23.8,23.1,75.6,43.6,46.2,45.1,75.6,46.2,51.2,35.5,30.4,54.7,55.4,87.4,64.7,23.6,22.8,94.5,54.1,46.2,45.1,51.2,40.3,37.2,37.2,46.5,37.2,46.5,37.2,0.0,68.8,50.8,77.3,92.2,35.2,89.8,67.8,31.2,49.2,22.7,7.8,64.8,10.2,32.2,0.0,0.0,0.0,0.0,0.0,0.0,0.0,1600.0,16.00,16,18,18,36,74,560,1,54.6,52.6,52.2,46.7,45.3,44.7,51.7,42.5,51.0,45.1,38.0,38.0,34.5,29.9,1.244,0.994,1.275,31.804,5.018,31.794,61.958,60.081,6.172,4.844,6.332,8.273,3.831,8.098,5.653,39.851,4.992,44.842,60.141,1600.0,1600.0,4649.9,4649.9,4650.0,79.1,53.0,68.8,55.3,107.5,No,No,No,2.444,1.190,4.1,54.0,39.0,38.5,35.0,37.0,36.5,38.5,12.168,4.990,1.006,1.348,1.252,0.814,0.838,1.560,3.344,1.836,1405,706,544,542,1.057,1.264,38,38,55,79.0,100.0,No,No,80674,102291,7.2,17.3,24.5,4.936,110.246,20281,19212,39.2,44.0,46.8,43,44,42,44,42,42,44,42,42,83.0,0.662,12.206,12.274,12.189,12.175,12.185,0,0,15.179,4.624,8.970,0.061,6.899,1.985,5.471,8.970,5.475,0.908,2.873,310.000,350.000,210.0,50.6,555.0,47.6,600.0,525.0,157.4,37.3,447.8,0.0,36.0,0.0,0.0,7.6,0.0,0.1,0.0,0.0,0.0,0,0,Yes,No,No,No,No,Yes,No,4.7,7.5,6,0,0,0,0,0,0,0,0,162,0,0,0,0,0,0,0,0,0,0,0,0,0,0,0,0,0,0,0,0,7572,620,450,24,2.5,1.9,1.9,1.9,1.9,1.9,1.9,1.9,1.9,1.9,1.9,1.9,1.9,516.98,516.98,516.98,516.98,516.98,516.98,1.20,515.87,516.98,0.00,449.07,1759,43,11588.8,140.6,0,0,0.0,0.0,0,
25.8.2026,16:8:40.215,5812,13441,30.1,5491,10818,33.6,1.5,2944,45,1.260,1.281,1.256,1.256,1.256,1.256,1.256,3875.0,3720.0,3720.0,3720.0,3720.0,4650.0,3720.0,100.0,1529.3,1442.9,690.8,1519.4,1432.0,2597.1,2019.1,622.6,933.2,3351.3,1543.3,1104.5,1094.9,1529.3,35.1,27.5,17.3,39.5,36.6,56.9,44.2,15.8,24.1,71.5,32.0,28.3,27.8,71.5,35.1,39.4,28.0,17.8,40.0,37.1,69.0,53.1,16.3,24.7,89.5,40.4,28.8,28.3,39.4,38.8,37.2,37.2,37.2,37.2,46.5,37.2,0.0,59.0,38.8,63.8,80.6,35.6,87.0,48.0,41.0,61.2,36.2,19.4,64.4,13.0,52.0,0.0,0.0,0.0,0.0,0.0,0.0,0.0,1600.0,16.00,16,18,18,36,74,560,1,54.4,51.3,51.2,44.8,43.2,42.8,48.5,41.6,50.1,42.4,37.5,37.5,34.2,28.9,1.250,0.994,1.269,28.389,4.986,28.410,53.053,55.849,5.269,3.939,5.192,6.919,3.646,7.550,4.366,35.535,4.960,40.495,55.756,1600.0,1600.0,4648.2,4648.2,4650.0,73.4,47.3,58.9,54.0,112.3,No,No,No,2.027,0.997,3.5,54.0,39.0,38.5,35.0,37.0,36.5,38.5,12.192,5.000,1.006,1.348,1.256,0.814,0.838,1.560,3.348,1.836,1433,707,545,542,1.056,1.250,38,38,55,79.0,100.0,No,No,80674,102291,17.8,23.6,41.5,14.190,98.572,20309,19401,39.1,44.0,46.7,43,44,44,44,44,42,44,42,42,83.0,0.662,12.209,12.276,12.193,12.178,12.189,0,0,15.006,4.634,9.043,0.061,6.950,2.009,5.400,9.043,5.408,0.904,2.886,310.000,350.000,210.0,50.6,555.0,47.6,600.0,525.0,158.6,37.6,450.5,0.0,28.0,0.0,0.0,7.6,0.0,0.1,0.0,0.0,0.0,0,0,Yes,No,No,No,No,Yes,No,4.7,7.3,6,0,0,0,0,0,0,0,0,162,0,0,0,0,0,0,0,0,0,0,0,0,0,0,0,0,0,0,0,0,7572,620,450,24,2.5,1.9,1.9,1.9,1.9,1.9,1.9,1.9,1.9,1.9,1.9,1.9,1.9,516.62,516.62,516.62,516.62,516.62,516.62,1.22,515.42,516.62,0.00,349.26,1783,43,11947.6,146.5,0,0,0.0,0.0,0,
25.8.2026,16:8:42.227,5828,13425,30.2,5513,10796,33.8,1.5,2944,45,1.251,1.256,1.250,1.250,1.250,1.250,1.250,4030.0,3720.0,3720.0,4650.0,3720.0,4650.0,3720.0,100.0,1837.8,1658.8,1012.9,2022.0,2029.7,3259.3,1923.8,716.6,712.4,3583.1,2026.3,1561.8,1547.0,1837.8,43.9,33.4,26.4,53.3,52.7,76.5,44.8,19.1,18.9,76.9,43.0,41.2,40.1,76.9,43.9,47.6,33.2,26.2,53.4,52.7,87.1,50.2,18.8,18.6,96.0,53.2,41.1,40.0,47.6,40.3,37.2,37.2,46.5,37.2,46.5,37.2,0.0,64.7,44.6,75.6,90.4,27.8,89.9,60.2,35.3,55.4,24.4,9.6,72.2,10.1,39.8,0.0,0.0,0.0,0.0,0.0,0.0,0.0,1600.0,16.00,16,18,18,36,74,560,1,54.0,51.4,51.0,45.5,44.1,44.1,49.4,41.1,50.5,43.8,37.6,37.6,31.8,28.0,1.250,0.994,1.275,30.512,5.013,30.500,58.258,58.347,5.800,4.454,6.128,7.590,3.366,8.016,5.245,38.136,4.987,43.123,58.382,1600.0,1600.0,4649.2,4649.2,4649.9,76.8,50.8,64.7,54.1,109.5,No,No,No,2.159,1.078,3.9,54.0,39.0,38.5,35.0,37.0,36.0,38.5,12.168,4.990,1.006,1.348,1.254,0.814,0.838,1.560,3.348,1.836,1435,694,545,542,1.056,1.245,38,38,55,79.0,100.0,No,No,80674,102291,5.9,12.7,18.6,4.820,96.269,20318,19586,39.2,44.0,46.9,43,42,42,42,44,42,44,42,44,83.0,0.662,12.203,12.272,12.186,12.171,12.182,0,0,14.918,4.986,9.921,0.074,7.080,2.751,5.664,9.921,5.671,0.908,2.881,310.000,350.000,210.0,50.6,555.0,49.0,600.0,525.0,157.3,37.4,447.3,1.0,21.0,0.0,0.0,7.6,0.0,0.1,0.0,0.0,0.0,0,0,Yes,No,No,No,No,Yes,No,5.0,7.2,6,0,0,0,0,0,0,0,0,162,0,0,0,0,0,0,0,0,0,0,0,0,0,0,0,0,0,0,0,0,7572,620,450,24,2.5,1.9,1.9,1.9,1.9,1.9,1.9,1.9,1.9,1.9,1.9,1.9,1.9,532.87,532.87,532.87,532.87,532.87,532.87,1.13,531.78,532.87,0.00,248.70,1807,43,12142.8,166.1,0,0,0.0,0.0,0,
25.8.2026,16:8:44.232,5806,13447,30.1,5448,10861,33.4,1.5,2944,45,1.255,1.256,1.256,1.256,1.256,1.256,1.250,4030.0,3720.0,3720.0,4650.0,3720.0,4650.0,3720.0,100.0,1958.8,1900.3,1148.9,2146.7,1912.4,3616.3,2086.2,964.6,815.3,3141.1,2476.2,1701.9,1595.3,1958.8,45.0,35.3,29.2,56.2,49.3,77.3,43.7,24.8,20.6,66.6,51.8,44.4,40.9,77.3,45.0,50.4,35.8,29.7,56.7,49.8,96.7,54.7,25.3,21.1,83.8,65.2,44.9,41.4,50.4,40.3,37.2,37.2,46.5,37.2,46.5,37.2,0.0,69.5,51.1,79.5,91.5,36.6,92.1,66.1,30.5,48.9,20.5,8.5,63.4,7.9,33.9,0.0,0.0,0.0,0.0,0.0,0.0,0.0,1600.0,16.00,16,18,18,36,74,560,1,54.1,52.7,50.5,46.7,45.4,44.8,51.5,42.4,51.2,44.9,38.0,38.0,32.2,28.3,1.250,1.000,1.269,31.796,4.996,31.806,62.528,60.111,6.197,4.808,6.330,8.363,3.886,8.214,5.583,39.839,4.970,44.809,60.111,1600.0,1600.0,4649.2,4649.2,4649.6,79.1,53.0,69.5,55.5,107.0,No,No,No,2.208,1.032,4.2,54.0,39.0,39.0,35.0,37.0,36.0,39.0,12.192,4.990,1.006,1.352,1.256,0.816,0.838,1.560,3.348,1.836,1396,707,546,555,1.057,1.262,38,38,56,79.0,100.0,No,No,80675,102291,19.5,17.8,37.3,19.646,90.515,20356,19759,39.2,44.0,46.8,43,44,42,44,44,42,42,42,44,83.0,0.662,12.208,12.276,12.192,12.178,12.187,0,0,15.462,4.698,9.090,0.061,6.974,2.034,5.618,9.090,5.631,0.910,2.878,310.000,350.000,210.0,50.6,555.0,51.9,600.0,525.0,156.5,37.2,446.5,0.0,17.0,0.0,0.0,7.6,0.0,0.1,0.0,0.0,0.0,0,0,Yes,No,No,No,No,Yes,No,4.7,7.5,6,0,0,0,0,0,0,0,0,162,0,0,0,0,0,0,0,0,0,0,0,0,0,0,0,0,0,0,0,0,7572,620,450,24,2.5,1.9,1.9,1.9,1.9,1.9,1.9,1.9,1.9,1.9,1.9,1.9,1.9,533.41,533.41,533.41,533.41,533.41,533.41,1.11,532.26,533.41,0.00,165.44,1812,43,2776.7,23.5,0,0,0.0,0.0,0,
25.8.2026,16:8:46.234,5836,13417,30.3,5187,11122,31.8,1.5,2944,45,1.236,1.231,1.238,1.238,1.238,1.238,1.238,3875.0,3720.0,3720.0,3720.0,3720.0,4650.0,3720.0,100.0,830.5,310.8,207.1,434.8,619.9,1480.2,2050.3,474.2,135.9,880.6,2667.0,536.4,169.1,830.5,18.8,4.0,5.2,10.7,14.9,32.0,46.8,11.4,3.4,19.3,60.7,13.1,4.2,60.7,18.8,21.8,4.2,5.5,11.5,16.1,39.7,54.7,12.7,3.6,23.5,71.6,14.3,4.4,21.8,38.8,37.2,37.2,37.2,37.2,46.5,37.2,0.0,37.3,8.2,25.5,78.6,14.3,79.4,17.7,43.7,44.4,66.9,21.4,46.8,20.6,62.3,19.0,47.4,7.6,0.0,38.9,0.0,19.9,1600.0,16.00,16,18,18,36,74,560,1,53.2,49.1,47.8,40.2,37.9,37.6,46.0,36.6,46.5,36.9,36.1,36.1,33.8,28.8,1.231,0.994,1.244,20.271,4.932,20.287,30.064,44.924,3.229,1.292,2.565,6.016,1.615,5.867,2.020,24.809,4.908,29.718,44.834,1600.0,1600.0,4593.4,4593.4,4650.0,59.0,33.8,33.4,51.6,127.7,No,No,No,1.296,0.728,2.2,53.0,39.0,38.5,35.0,37.0,36.0,39.0,12.168,5.000,1.004,1.348,1.178,0.816,0.838,1.560,3.348,1.836,1392,694,546,555,1.057,1.254,38,38,55,79.0,100.0,No,No,80675,102291,8.3,14.7,23.1,18.602,244.776,20391,20226,39.0,44.0,46.7,42,44,42,42,44,42,42,42,42,83.0,0.662,12.210,12.277,12.194,12.179,12.190,0,0,15.235,4.627,8.917,0.061,6.914,1.924,5.559,8.917,5.561,0.912,2.878,310.000,350.000,210.0,50.6,555.0,48.6,600.0,525.0,186.9,44.7,537.1,0.0,29.0,0.0,0.0,7.6,0.0,0.1,0.0,0.0,0.0,0,0,Yes,No,No,No,No,Yes,No,4.9,7.5,6,0,0,0,0,0,0,0,0,162,0,0,0,0,0,0,0,0,0,0,0,0,0,0,0,0,0,0,0,0,7572,620,450,24,2.5,1.9,1.9,1.9,1.9,1.9,1.9,1.9,1.9,1.9,1.9,1.9,1.9,517.87,517.87,517.87,517.87,517.87,517.87,1.21,516.62,517.87,0.00,484.25,1812,43,2.8,1.9,0,0,0.0,0.0,0,
25.8.2026,16:8:48.254,5812,13442,30.1,5190,11119,31.8,1.5,2944,45,1.243,1.238,1.244,1.244,1.244,1.244,1.244,3875.0,3720.0,3720.0,3720.0,3720.0,4650.0,3720.0,100.0,921.5,360.6,175.8,369.0,573.5,225.4,3030.3,320.2,1305.3,383.6,3914.4,144.0,255.8,921.5,21.7,5.3,5.0,10.0,15.5,5.9,71.0,8.9,35.0,8.7,84.3,3.9,7.0,84.3,21.7,24.3,4.9,4.5,9.6,15.2,5.8,81.7,8.5,35.2,10.1,105.5,3.4,6.5,24.3,38.8,37.2,37.2,37.2,37.2,46.5,37.2,0.0,41.7,9.5,23.8,75.2,40.8,90.5,10.5,32.1,31.9,70.9,24.8,9.8,9.5,45.7,26.2,58.6,5.3,0.0,49.4,0.0,43.8,1600.0,16.00,16,18,18,36,74,560,1,54.4,51.6,49.2,41.1,37.4,37.3,46.1,39.2,50.6,35.9,35.8,35.8,33.2,28.6,1.250,0.994,1.262,21.576,4.935,21.563,32.914,46.893,3.291,1.086,2.347,5.607,2.556,6.819,1.330,26.926,4.912,31.838,46.942,1600.0,1600.0,4643.3,4643.3,4650.0,61.8,35.9,36.6,54.3,136.1,No,No,No,1.750,1.148,2.5,54.0,39.0,38.5,35.0,36.5,36.0,38.5,12.168,5.000,1.006,1.348,1.256,0.818,0.838,1.560,3.352,1.836,1368,710,545,543,1.056,1.270,38,38,55,79.0,100.0,No,No,80675,102291,10.3,10.2,20.4,103.903,24.814,20590,20273,39.2,44.0,46.9,42,44,42,42,42,42,44,42,42,83.0,0.662,12.206,12.272,12.190,12.176,12.186,0,0,15.248,4.629,8.978,0.061,6.875,2.033,5.508,8.978,5.518,0.918,2.790,310.000,350.000,210.0,50.6,555.0,48.3,600.0,525.0,210.0,50.5,599.9,0.0,24.0,0.0,0.0,7.6,0.0,0.1,0.0,0.0,0.0,0,0,Yes,No,No,No,No,Yes,No,4.7,7.6,6,0,0,0,0,0,0,0,0,162,0,0,0,0,0,0,0,0,0,0,0,0,0,0,0,0,0,0,0,0,7572,620,450,24,2.5,1.9,1.9,1.9,1.9,1.9,1.9,1.9,1.9,1.9,1.9,1.9,1.9,533.90,533.90,533.90,533.90,533.90,533.90,1.23,532.55,533.90,0.00,432.50,1812,43,0.2,0.3,0,0,0.0,0.0,0,
25.8.2026,16:8:50.254,5797,13456,30.1,5232,11077,32.0,1.5,2944,45,1.179,1.163,1.181,1.181,1.181,1.181,1.188,4072.5,3620.0,4525.0,4525.0,3620.0,4525.0,3620.0,100.0,1079.1,518.5,318.5,589.4,854.0,2112.8,1136.8,597.8,2127.8,2910.6,748.3,389.8,645.6,1079.1,23.1,7.0,5.7,12.8,19.2,47.2,25.3,12.9,47.2,63.8,15.7,8.1,12.0,63.8,23.1,28.3,8.1,8.3,15.5,22.4,56.7,30.1,15.9,57.3,78.4,19.1,10.2,17.1,28.3,40.7,36.2,45.2,45.2,36.2,45.2,36.2,0.0,43.9,12.2,29.8,68.1,56.4,75.5,21.6,44.1,50.5,70.2,31.9,25.5,24.5,61.9,12.0,37.3,0.0,0.0,18.1,0.0,16.5,1600.0,16.00,16,18,18,36,74,560,1,53.2,48.7,47.0,41.4,37.7,38.8,44.4,42.7,45.7,38.8,35.8,35.8,33.8,28.2,1.194,1.000,1.206,22.174,4.910,22.193,37.067,46.865,3.564,1.521,2.944,5.068,3.915,5.651,2.287,26.749,4.886,31.635,46.803,1600.0,1600.0,4537.4,4537.4,4649.9,61.6,37.0,41.2,51.3,124.8,No,No,No,1.531,1.210,2.6,53.0,39.0,39.0,35.0,36.5,36.0,39.0,12.192,5.000,1.004,1.348,1.194,0.818,0.838,1.562,3.348,1.836,1423,710,545,555,1.056,1.261,38,38,55,79.0,100.0,No,No,80675,102291,8.6,3.7,12.3,16.341,52.560,20621,20374,39.1,44.0,46.7,42,42,42,42,44,42,44,40,42,83.0,0.662,12.210,12.276,12.195,12.180,12.191,0,0,15.278,4.680,9.086,0.061,6.976,2.022,5.595,9.086,5.604,0.908,2.785,310.000,350.000,210.0,50.6,555.0,49.4,600.0,525.0,159.1,37.9,454.5,1.0,32.0,0.0,0.0,7.6,0.0,0.1,0.0,0.0,0.0,0,0,Yes,No,No,No,No,Yes,No,4.7,7.5,6,0,0,0,0,0,0,0,0,162,0,0,0,0,0,0,0,0,0,0,0,0,0,0,0,0,0,0,0,0,7572,620,450,24,2.5,1.9,1.9,1.9,1.9,1.9,1.9,1.9,1.9,1.9,1.9,1.9,1.9,533.29,533.29,533.29,533.29,533.29,533.29,1.29,532.02,533.29,0.00,349.21,1812,43,2.2,0.0,0,0,0.0,0.0,0,
25.8.2026,16:8:52.255,5852,13402,30.3,5315,10994,32.5,1.5,2944,45,1.225,1.225,1.225,1.225,1.225,1.225,1.225,3921.7,3620.0,3620.0,3620.0,4525.0,4525.0,3620.0,100.0,875.9,139.1,69.8,404.6,313.8,1398.8,2589.5,747.0,486.2,3771.6,182.2,192.0,215.7,875.9,20.5,1.9,2.3,10.2,7.1,30.3,64.3,20.3,12.9,81.8,2.9,5.2,6.8,81.8,20.5,23.2,1.9,1.6,10.4,7.2,37.7,69.8,20.1,13.0,101.8,5.4,4.6,4.8,23.2,39.2,36.2,36.2,36.2,45.2,45.2,36.2,0.0,40.3,3.7,19.1,93.9,29.9,85.0,10.4,29.2,27.2,62.4,6.1,10.6,15.0,53.7,30.5,69.1,18.4,0.0,59.5,0.0,36.0,1600.0,16.00,16,18,18,36,74,560,1,53.6,51.3,52.0,40.7,37.1,36.5,48.9,37.6,48.7,35.6,35.7,35.7,33.5,28.7,1.212,1.000,1.225,21.391,4.825,21.385,31.196,46.395,3.350,0.744,2.167,6.817,1.953,6.892,1.527,26.602,4.805,31.406,46.440,1600.0,1600.0,4633.6,4633.6,4650.0,61.1,35.6,34.7,54.0,132.1,No,No,No,0.905,0.683,2.4,53.0,38.5,39.0,35.0,36.5,36.0,39.0,12.192,4.990,1.006,1.352,1.256,0.818,0.838,1.560,3.348,1.836,1413,696,545,556,1.057,1.270,38,38,55,79.0,100.0,No,No,80675,102291,1.7,1.8,3.4,4.652,7.684,20630,20388,39.0,44.0,46.6,43,42,42,44,44,42,42,42,44,83.0,0.662,12.208,12.275,12.192,12.177,12.188,0,0,15.160,4.682,9.057,0.061,6.852,2.119,5.643,9.057,5.648,0.912,2.788,310.000,350.000,210.0,50.6,555.0,43.9,600.0,525.0,158.1,37.4,451.7,1.0,37.0,0.0,0.0,7.6,0.0,0.1,0.0,0.0,0.0,0,0,Yes,No,No,No,No,Yes,No,4.7,7.5,6,0,0,0,0,0,0,0,0,162,0,0,0,0,0,0,0,0,0,0,0,0,0,0,0,0,0,0,0,0,7572,620,450,24,2.5,1.9,1.9,1.9,1.9,1.9,1.9,1.9,1.9,1.9,1.9,1.9,1.9,533.49,533.49,533.49,533.49,533.49,533.49,1.42,532.17,533.49,0.00,232.35,1812,43,1.8,0.2,0,0,0.0,0.0,0,
25.8.2026,16:8:54.268,5824,13429,30.2,5341,10969,32.7,1.5,2944,45,1.250,1.250,1.250,1.250,1.250,1.250,1.250,3875.0,3720.0,3720.0,3720.0,3720.0,4650.0,3720.0,100.0,888.9,112.2,38.2,307.9,444.0,938.8,422.3,2571.7,1338.2,4011.6,205.8,141.3,134.8,888.9,20.8,1.6,1.5,8.3,11.2,23.2,10.2,60.6,32.5,87.6,5.7,3.3,3.9,87.6,20.8,23.8,2.0,0.9,8.0,11.7,25.1,11.2,69.5,36.1,108.4,5.4,3.6,3.5,23.8,38.8,37.2,37.2,37.2,37.2,46.5,37.2,0.0,40.0,2.8,19.5,33.5,85.4,91.6,7.1,36.3,21.1,60.6,66.5,14.6,8.4,46.4,23.7,76.1,19.9,0.0,0.0,0.0,46.5,1600.0,16.00,16,18,18,36,74,560,1,53.1,50.0,49.2,40.6,34.7,37.3,40.1,46.7,48.4,36.7,35.5,35.5,34.0,28.9,1.250,0.994,1.269,20.913,4.849,20.896,32.043,45.504,3.224,0.513,2.087,2.936,5.641,7.056,1.108,25.719,4.828,30.546,45.602,1600.0,1600.0,4580.8,4580.8,4650.0,60.0,34.8,35.6,52.7,132.8,No,No,No,1.190,0.956,2.4,53.0,38.5,39.0,35.0,36.5,36.0,39.0,12.168,5.000,1.004,1.348,1.222,0.818,0.838,1.560,3.352,1.836,1376,696,545,556,1.056,1.268,39,39,54,79.0,100.0,No,No,80675,102291,2.2,1.6,3.8,1.534,17.738,20633,20422,39.2,44.0,46.8,42,42,42,42,42,42,42,42,44,83.0,0.662,12.206,12.273,12.190,12.175,12.186,0,0,14.866,4.628,8.960,0.061,6.888,1.997,5.545,8.960,5.556,0.900,2.785,310.000,350.000,210.0,50.6,555.0,45.0,600.0,525.0,159.5,37.7,453.4,0.0,28.0,0.0,0.0,7.6,0.0,0.1,0.0,0.0,0.0,0,0,Yes,No,No,No,No,Yes,No,4.7,7.4,6,0,0,0,0,0,0,0,0,162,0,0,0,0,0,0,0,0,0,0,0,0,0,0,0,0,0,0,0,0,7572,620,450,24,2.5,1.9,1.9,1.9,1.9,1.9,1.9,1.9,1.9,1.9,1.9,1.9,1.9,533.49,533.49,533.49,533.49,533.49,533.49,1.42,532.17,533.49,0.00,232.35,1812,43,1.0,0.3,0,0,0.0,0.0,0,
25.8.2026,16:8:56.289,5853,13400,30.4,5482,10827,33.6,1.5,2944,45,1.280,1.288,1.269,1.269,1.269,1.294,1.294,4030.0,3720.0,3720.0,4650.0,3720.0,4650.0,3720.0,100.0,1246.9,346.3,117.4,792.1,772.9,3125.0,806.3,1407.4,2340.2,3961.2,570.3,453.2,270.7,1246.9,29.7,6.3,3.1,20.5,19.3,82.2,18.2,33.8,57.9,85.2,12.3,11.1,6.6,85.2,29.7,32.9,6.0,2.8,20.3,19.2,84.4,21.5,37.9,63.0,106.9,15.1,10.9,6.4,32.9,40.3,37.2,37.2,46.5,37.2,46.5,37.2,0.0,58.4,9.3,40.3,97.8,88.3,95.4,19.3,41.5,89.9,59.7,2.2,11.7,4.6,80.7,0.1,0.8,0.0,0.0,0.0,0.0,0.0,1600.0,16.00,16,18,18,36,74,560,1,55.5,54.4,56.5,45.2,40.1,40.5,50.8,46.2,54.0,39.9,36.9,36.9,32.5,28.7,1.281,1.000,1.306,29.069,4.858,29.064,52.573,56.740,5.224,2.308,4.024,7.289,6.758,8.078,2.886,36.831,4.836,41.667,56.768,1600.0,1600.0,4649.0,4649.0,4650.0,74.7,48.4,58.4,57.3,117.4,No,No,No,1.075,0.699,3.5,54.0,38.5,39.0,35.0,36.5,36.0,39.0,12.168,4.990,1.004,1.352,1.270,0.818,0.838,1.560,3.340,1.834,1371,696,545,542,1.057,1.273,39,39,54,79.0,100.0,No,No,80675,102291,4.2,4.3,8.4,4.958,40.740,20642,20501,39.0,44.0,46.6,42,44,42,42,42,42,42,42,44,83.0,0.662,12.207,12.274,12.192,12.177,12.187,0,0,15.166,4.751,9.298,0.061,7.157,2.046,5.594,9.298,5.596,0.918,2.796,310.000,350.000,210.0,50.6,555.0,47.1,600.0,525.0,210.0,50.5,600.0,0.0,24.0,0.0,0.0,7.6,0.0,0.1,0.0,0.0,0.0,0,0,Yes,No,No,No,No,Yes,No,4.8,7.5,6,0,0,0,0,0,0,0,0,162,0,0,0,0,0,0,0,0,0,0,0,0,0,0,0,0,0,0,0,0,7572,620,450,24,2.5,1.9,1.9,1.9,1.9,1.9,1.9,1.9,1.9,1.9,1.9,1.9,1.9,517.61,517.61,517.61,517.61,517.61,517.61,1.08,516.43,517.61,0.00,500.10,1812,43,1.2,0.0,0,0,0.0,0.0,0,
25.8.2026,16:8:58.309,5872,13382,30.4,5527,10782,33.8,1.5,2944,45,1.262,1.262,1.262,1.262,1.262,1.262,1.262,4030.0,3720.0,3720.0,4650.0,3720.0,4650.0,3720.0,100.0,1311.8,378.4,118.6,935.0,908.9,4006.5,478.6,1299.4,2185.1,4249.9,278.9,569.4,332.5,1311.8,29.4,6.7,2.7,24.5,22.7,86.3,9.2,29.8,52.5,91.4,5.6,14.1,7.8,91.4,29.4,34.7,6.8,2.8,24.7,22.9,108.1,12.4,35.0,58.9,114.8,7.2,14.3,7.9,34.7,40.3,37.2,37.2,46.5,37.2,46.5,37.2,0.0,58.1,10.2,48.6,93.2,77.3,95.4,23.6,41.9,89.8,51.4,6.8,22.7,4.6,76.4,0.0,0.1,0.0,0.0,0.0,0.0,0.0,1600.0,16.00,16,18,18,36,74,560,1,56.5,56.4,55.0,46.3,41.2,41.8,53.7,45.9,54.6,40.8,37.5,37.5,33.5,27.9,1.263,0.994,1.281,30.178,4.871,30.179,52.252,58.482,5.546,2.506,4.558,8.144,6.570,8.260,3.234,38.502,4.848,43.350,58.470,1600.0,1600.0,4650.0,4650.0,4650.0,76.9,50.3,58.1,59.4,115.6,No,No,No,1.079,0.613,3.5,56.0,38.5,39.0,35.0,36.5,36.0,39.0,12.192,5.000,1.006,1.348,1.266,0.820,0.838,1.560,3.344,1.836,1452,695,545,543,1.057,1.252,39,39,54,79.0,100.0,No,No,80675,102291,9.5,3.3,12.7,27.934,41.601,20695,20580,39.0,44.0,46.8,42,42,42,42,42,42,42,42,44,83.0,0.662,12.207,12.273,12.191,12.177,12.187,0,0,15.259,4.620,9.039,0.061,7.059,1.912,5.399,9.039,5.403,0.908,2.764,310.000,350.000,210.0,50.6,555.0,47.5,600.0,525.0,210.0,50.5,600.0,1.0,33.0,0.0,0.0,7.6,0.0,0.1,0.0,0.0,0.0,0,0,Yes,No,No,No,No,Yes,No,4.7,7.5,6,0,0,0,0,0,0,0,0,162,0,0,0,0,0,0,0,0,0,0,0,0,0,0,0,0,0,0,0,0,7572,620,450,24,2.5,1.9,1.9,1.9,1.9,1.9,1.9,1.9,1.9,1.9,1.9,1.9,1.9,533.39,533.39,533.39,533.39,533.39,533.39,1.15,532.08,533.39,0.00,432.49,1812,43,0.4,0.0,0,0,0.0,0.0,0,
25.8.2026,16:9:0.304,5894,13360,30.6,5525,10785,33.8,1.5,2944,45,1.261,1.250,1.262,1.262,1.262,1.262,1.269,3875.0,3720.0,3720.0,3720.0,3720.0,4650.0,3720.0,100.0,1316.0,224.7,99.1,670.4,851.0,2132.1,2232.9,2185.8,1996.5,2975.2,1652.1,446.5,325.5,1316.0,30.7,3.1,2.3,17.5,21.2,45.8,48.4,58.6,53.5,63.9,34.6,11.2,8.0,63.9,30.7,34.9,3.2,2.4,17.6,21.4,57.4,60.1,58.9,53.8,80.3,43.5,11.3,8.1,34.9,38.8,37.2,37.2,37.2,37.2,46.5,37.2,0.0,56.3,6.0,37.6,93.1,84.5,97.7,18.8,42.6,89.5,62.4,6.9,15.5,2.3,79.0,1.1,4.4,0.0,0.0,0.0,0.0,2.2,1600.0,16.00,16,18,18,36,74,560,1,56.9,56.4,50.5,46.0,40.6,40.4,53.9,45.8,55.2,40.2,37.3,37.3,33.8,28.4,1.263,0.994,1.281,29.440,4.907,29.451,50.396,57.276,5.261,2.086,3.808,8.043,6.440,8.404,2.782,37.251,4.884,42.134,57.270,1600.0,1600.0,4650.0,4650.0,4650.0,75.4,49.1,56.0,59.4,117.8,No,No,No,1.610,0.391,3.4,56.0,38.5,39.0,35.0,36.5,36.0,39.0,12.168,4.990,1.006,1.348,1.268,0.820,0.838,1.560,3.344,1.836,1425,708,545,543,1.056,1.264,39,39,55,79.0,100.0,No,No,80676,102291,12.9,7.1,20.0,33.782,52.627,20761,20681,39.2,44.0,46.8,42,44,42,42,42,42,44,40,42,83.0,0.662,12.203,12.271,12.187,12.173,12.183,0,0,15.188,4.674,9.104,0.061,6.971,2.057,5.531,9.104,5.536,0.899,2.806,310.000,350.000,210.0,50.6,555.0,50.3,600.0,525.0,210.0,50.5,599.9,1.0,38.0,0.0,0.0,7.6,0.0,0.1,0.0,0.0,0.0,0,0,Yes,No,No,No,No,Yes,No,4.7,7.4,6,0,0,0,0,0,0,0,0,162,0,0,0,0,0,0,0,0,0,0,0,0,0,0,0,0,0,0,0,0,7572,620,450,24,2.5,1.9,1.9,1.9,1.9,1.9,1.9,1.9,1.9,1.9,1.9,1.9,1.9,533.28,533.28,533.28,533.28,533.28,533.28,1.26,532.07,533.28,0.00,349.12,1812,43,0.4,0.3,0,0,0.0,0.0,0,
25.8.2026,16:9:2.300,5953,13300,30.9,5573,10736,34.1,1.5,2944,45,1.268,1.262,1.269,1.269,1.269,1.269,1.269,4030.0,3720.0,3720.0,4650.0,3720.0,4650.0,3720.0,100.0,2230.2,1573.4,1338.3,1892.3,1920.4,2756.2,2843.4,2349.1,2584.8,2465.2,3549.0,1667.7,1822.3,2230.2,54.0,36.9,35.7,50.6,51.5,61.5,63.0,60.4,66.0,53.2,76.8,44.4,48.4,76.8,54.0,59.3,36.6,35.8,50.7,51.3,74.0,76.3,63.2,69.7,66.1,96.1,44.1,48.1,59.3,40.3,37.2,37.2,46.5,37.2,46.5,37.2,0.0,70.4,42.6,64.9,91.7,71.0,94.4,57.5,28.0,47.3,35.1,8.3,29.0,5.6,42.5,1.7,10.0,0.0,0.0,0.0,0.0,0.0,1600.0,16.00,16,18,18,36,74,560,1,57.8,56.4,56.0,48.7,45.0,44.8,53.6,47.9,55.0,46.1,37.6,37.6,34.5,29.1,1.256,1.000,1.281,34.352,5.037,34.341,63.308,63.092,6.101,4.098,5.305,7.932,5.808,8.408,5.054,42.903,5.010,47.913,63.130,1600.0,1600.0,4628.1,4628.1,4636.2,83.1,57.2,70.3,59.4,117.2,No,No,No,2.463,0.945,4.2,57.0,38.5,39.0,35.0,37.0,36.0,39.0,12.168,4.990,1.006,1.352,1.216,0.820,0.838,1.558,3.340,1.836,1476,692,545,542,1.057,1.265,39,39,54,79.0,100.0,No,No,80676,102291,4.5,1.9,6.4,11.351,19.015,20782,20717,39.0,44.0,46.6,43,44,42,44,44,42,44,42,42,83.0,0.662,12.205,12.272,12.189,12.174,12.185,0,0,15.336,5.066,10.114,0.086,7.265,2.751,5.751,10.114,5.763,0.912,2.838,310.000,350.000,210.0,50.6,555.0,53.8,600.0,525.0,75.8,18.2,217.3,0.0,32.0,0.0,0.0,7.6,0.0,0.1,0.0,0.0,0.0,0,0,Yes,No,No,No,No,Yes,No,5.1,8.0,6,0,0,0,0,0,0,0,0,162,0,0,0,0,0,0,0,0,0,0,0,0,0,0,0,0,0,0,0,0,7572,620,450,25,2.5,5.3,60.2,2.0,1.9,1.9,1.9,5.3,60.1,2.0,1.9,1.9,1.9,189.86,506.86,16.61,16.57,517.14,517.14,2.32,187.73,189.86,0.00,201.33,1812,43,3.8,2.6,0,0,0.0,0.0,0,
25.8.2026,16:9:4.305,6013,13241,31.2,6201,10108,38.0,1.5,2944,45,1.283,1.294,1.281,1.281,1.281,1.281,1.281,4495.0,4650.0,4650.0,4650.0,3720.0,4650.0,4650.0,100.0,3925.7,3978.7,3656.6,3880.7,3912.6,4283.2,4015.8,3728.4,3599.3,4054.4,4373.4,3833.8,3791.3,3925.7,88.4,84.9,84.2,89.1,89.4,94.7,88.9,85.2,82.5,89.8,96.5,88.2,87.2,96.5,88.4,104.8,98.9,98.0,104.2,105.1,115.4,108.0,100.0,96.4,109.2,117.6,103.1,101.9,104.8,44.9,46.5,46.5,46.5,37.2,46.5,46.5,0.0,96.1,92.4,98.0,99.6,91.2,99.9,95.3,3.9,7.6,2.0,0.4,8.8,0.1,4.7,0.0,0.0,0.0,0.0,0.0,0.0,0.0,1600.0,16.00,16,18,18,36,74,560,1,58.6,58.1,52.5,54.4,53.3,52.2,56.0,53.9,55.6,55.2,38.7,38.7,32.8,28.6,1.275,0.994,1.300,43.951,5.713,43.934,86.456,74.440,7.702,7.283,7.689,8.165,7.235,8.246,7.594,52.803,5.679,58.481,74.526,1600.0,1600.0,4511.7,4511.7,4522.5,98.1,73.2,96.1,61.1,114.2,No,No,No,9.035,6.734,5.8,58.0,38.5,39.5,35.0,37.0,36.0,39.5,12.168,4.990,1.008,1.348,1.186,0.822,0.838,1.556,3.336,1.836,1496,1380,546,555,1.057,1.245,39,39,56,79.0,100.0,No,No,80676,102291,29.9,28.8,58.7,110.024,142.766,20993,20991,38.9,44.0,46.9,42,44,40,42,44,42,42,40,44,83.0,0.662,12.203,12.271,12.186,12.172,12.182,0,0,15.321,4.826,9.443,0.074,7.129,2.227,5.665,9.443,5.675,0.920,2.859,310.000,350.000,210.0,50.6,555.0,49.2,600.0,525.0,210.0,50.5,600.0,0.0,33.0,0.0,0.0,7.6,0.1,0.5,0.0,0.0,0.0,0,0,Yes,No,No,No,No,Yes,No,5.5,7.5,6,0,0,0,0,0,0,0,0,162,0,0,0,0,0,0,0,0,0,0,0,0,0,0,0,0,0,0,0,0,7572,620,450,25,2.5,2.3,2.3,2.3,2.3,2.3,2.3,2.3,2.3,2.3,2.3,2.3,2.3,433.94,433.94,433.94,433.94,433.94,433.94,1.26,432.57,433.94,0.00,349.76,1812,43,0.2,0.0,0,0,0.0,0.0,0,
25.8.2026,16:9:6.299,5973,13280,31.0,6148,10161,37.6,1.5,2944,45,1.259,1.262,1.262,1.262,1.256,1.256,1.256,3875.0,3720.0,3720.0,3720.0,3720.0,4650.0,3720.0,100.0,1030.6,589.4,394.9,613.3,1259.2,1909.1,863.7,618.4,694.9,3901.6,634.4,273.2,615.6,1030.6,22.9,5.5,9.1,14.8,30.3,42.6,20.0,16.1,17.4,84.0,13.6,6.2,15.0,84.0,22.9,26.7,6.0,10.3,16.1,33.3,51.0,22.6,16.5,18.5,105.3,17.2,7.0,16.3,26.7,38.8,37.2,37.2,37.2,37.2,46.5,37.2,0.0,45.1,15.7,45.4,60.9,32.9,93.5,22.5,41.8,41.2,51.5,39.1,43.2,6.5,69.0,13.1,43.1,3.1,0.0,23.9,0.0,8.5,1600.0,16.00,16,18,18,36,74,560,1,57.8,53.6,53.5,43.2,39.2,41.5,46.2,40.5,52.8,39.2,37.0,37.0,34.0,28.4,1.263,1.000,1.281,24.437,4.883,24.470,38.374,50.950,4.170,1.830,4.069,5.539,2.914,8.031,2.639,30.773,4.860,35.633,50.790,1600.0,1600.0,4649.9,4649.9,4650.0,66.8,40.8,42.6,56.4,122.7,No,No,No,1.276,0.828,2.7,58.0,38.5,39.5,35.0,37.0,36.0,39.5,12.168,5.000,1.004,1.352,1.260,0.822,0.840,1.560,3.348,1.836,1505,704,546,542,1.057,1.259,39,39,56,79.0,100.0,No,No,80676,102291,16.6,16.1,32.7,28.551,112.501,21048,21206,39.1,44.0,46.6,42,44,42,42,42,42,44,40,42,83.0,0.662,12.207,12.275,12.191,12.177,12.187,0,0,15.156,4.591,8.955,0.049,6.888,2.009,5.326,8.955,5.337,0.903,2.894,310.000,350.000,210.0,50.6,555.0,48.5,600.0,525.0,169.6,40.2,483.9,0.0,26.0,0.0,0.0,7.6,0.0,0.1,0.0,0.0,0.0,0,0,Yes,No,No,No,No,Yes,No,4.6,7.3,6,0,0,0,0,0,0,0,0,162,0,0,0,0,0,0,0,0,0,0,0,0,0,0,0,0,0,0,0,0,7572,620,450,25,2.5,1.9,1.9,1.9,1.9,1.9,1.9,1.9,1.9,1.9,1.9,1.9,1.9,533.71,533.71,533.71,533.71,533.71,533.71,1.13,532.53,533.71,0.00,499.42,1812,43,1.0,0.1,0,0,0.0,0.0,0,
25.8.2026,16:9:8.305,5991,13262,31.1,6007,10302,36.8,1.5,2944,45,1.244,1.238,1.238,1.238,1.238,1.256,1.256,3875.0,3720.0,3720.0,3720.0,3720.0,4650.0,3720.0,100.0,814.5,120.0,69.1,1001.4,251.4,1543.0,1636.4,1130.4,21.0,481.8,3167.5,269.3,82.9,814.5,18.1,1.6,2.7,23.6,5.9,35.1,37.3,25.6,0.0,9.5,69.4,5.6,0.6,69.4,18.1,21.7,1.4,1.8,26.6,6.5,41.2,44.2,30.5,0.5,12.8,85.3,7.1,2.1,21.7,38.8,37.2,37.2,37.2,37.2,46.5,37.2,0.0,35.7,3.0,27.0,71.1,26.9,78.2,8.2,36.7,21.6,73.0,28.9,42.7,21.8,31.9,27.6,75.4,0.0,0.0,30.4,0.0,59.9,1600.0,16.00,16,18,18,36,74,560,1,56.1,49.0,45.8,39.7,35.8,38.2,44.3,38.0,46.7,35.1,35.5,35.5,31.8,27.7,1.200,0.994,1.212,19.347,4.837,19.350,26.963,43.064,2.929,0.520,2.708,5.130,2.217,6.007,0.991,23.219,4.816,28.035,43.059,1600.0,1600.0,4551.3,4551.3,4650.0,56.7,32.3,30.0,51.6,131.8,No,No,No,0.732,0.322,2.1,56.0,38.5,39.0,35.0,37.0,36.0,39.0,12.192,5.000,1.004,1.352,1.170,0.822,0.838,1.562,3.344,1.834,1501,706,546,543,1.056,1.247,39,39,56,79.0,100.0,No,No,80676,102291,15.8,21.2,37.0,19.966,106.765,21086,21411,38.9,44.0,46.5,42,42,42,42,42,42,42,40,42,83.0,0.662,12.210,12.276,12.195,12.180,12.190,0,0,15.002,4.564,8.764,0.061,6.817,1.876,5.522,8.764,5.528,0.903,2.841,310.000,350.000,210.0,50.6,555.0,44.8,600.0,525.0,157.7,37.5,451.5,1.0,23.0,0.0,0.0,7.6,0.0,0.1,0.0,0.0,0.0,0,0,Yes,No,No,No,No,Yes,No,4.6,7.4,6,0,0,0,0,0,0,0,0,162,0,0,0,0,0,0,0,0,0,0,0,0,0,0,0,0,0,0,0,0,7572,620,450,25,2.5,1.9,1.9,1.9,1.9,1.9,1.9,1.9,1.9,1.9,1.9,1.9,1.9,516.66,516.66,516.66,516.66,516.66,516.66,1.38,515.46,516.66,0.00,332.33,1812,43,24.9,1.4,0,0,0.0,0.0,0,
25.8.2026,16:9:10.320,5981,13272,31.0,5874,10435,36.0,1.5,2944,45,1.172,1.163,1.169,1.169,1.169,1.181,1.181,4072.5,3620.0,3620.0,4525.0,3620.0,4525.0,4525.0,100.0,749.3,128.0,51.2,876.4,326.7,1308.3,2099.9,121.6,123.5,2902.9,798.6,159.4,94.6,749.3,17.9,2.6,1.7,21.9,8.0,30.0,55.0,2.6,3.5,63.9,17.0,5.0,3.4,63.9,17.9,19.7,2.2,1.3,22.8,8.2,34.8,56.4,3.2,3.3,76.5,21.2,4.1,2.4,19.7,40.7,36.2,36.2,45.2,36.2,45.2,45.2,0.0,33.7,3.4,27.8,83.8,4.5,76.7,5.9,35.4,24.0,72.2,16.2,26.3,23.3,50.5,30.9,72.6,0.0,0.0,69.2,0.0,43.6,1600.0,16.00,16,18,18,36,74,560,1,54.6,46.8,43.8,38.4,35.9,37.2,45.4,33.9,44.1,34.2,35.2,35.2,33.5,28.5,1.181,1.000,1.194,18.049,4.844,18.052,24.669,41.638,2.792,0.583,2.861,5.709,0.645,5.901,1.050,21.728,4.823,26.551,41.603,1600.0,1600.0,4575.6,4575.6,4650.0,54.7,30.1,27.4,49.3,129.4,No,No,No,0.825,0.444,2.0,54.0,38.5,39.0,35.0,36.5,36.0,39.0,12.192,5.000,1.004,1.352,1.194,0.822,0.840,1.562,3.348,1.834,1463,692,547,543,1.056,1.275,39,39,57,79.0,100.0,No,No,80676,102291,22.5,24.2,46.7,27.633,114.096,21139,21629,38.9,44.0,46.7,42,42,40,42,42,42,42,42,42,83.0,0.662,12.207,12.274,12.191,12.176,12.187,0,0,14.977,4.945,9.709,0.074,7.034,2.594,5.813,9.709,5.816,0.903,2.851,310.000,350.000,210.0,50.6,555.0,45.0,600.0,525.0,186.2,44.3,533.2,0.0,38.0,0.0,0.0,7.6,0.0,0.1,0.0,0.0,0.0,0,0,Yes,No,No,No,No,Yes,No,5.0,7.6,6,0,0,0,0,0,0,0,0,162,0,0,0,0,0,0,0,0,0,0,0,0,0,0,0,0,0,0,0,0,7572,620,450,25,2.5,1.9,1.9,1.9,1.9,1.9,1.9,1.9,1.9,1.9,1.9,1.9,1.9,533.37,533.37,533.37,533.37,533.37,533.37,1.21,531.94,533.37,0.00,282.60,1812,43,0.4,2.2,0,0,0.0,0.0,0,
25.8.2026,16:9:12.329,5969,13284,31.0,5825,10484,35.7,1.5,2944,45,1.203,1.188,1.206,1.206,1.206,1.206,1.206,4072.5,3620.0,4525.0,4525.0,3620.0,4525.0,3620.0,100.0,886.1,143.3,99.0,775.6,453.6,2980.3,347.4,1548.4,490.4,2772.3,411.4,383.0,228.0,886.1,20.0,1.1,1.9,18.0,10.1,68.8,7.9,38.0,10.4,60.1,9.3,8.4,5.7,68.8,20.0,23.5,1.7,2.6,20.5,11.8,80.1,8.7,41.8,13.2,74.6,10.7,10.1,6.0,23.5,40.7,36.2,45.2,45.2,36.2,45.2,36.2,0.0,37.8,3.6,26.8,74.6,42.8,66.4,12.6,40.4,26.1,69.3,25.4,36.2,33.6,51.8,21.8,70.3,3.9,0.0,21.0,0.0,35.5,1600.0,16.00,16,18,18,36,74,560,1,53.6,48.9,48.2,39.7,35.7,37.3,44.2,39.7,44.9,36.4,35.2,35.2,31.8,27.8,1.181,0.994,1.225,20.166,4.788,20.152,30.203,44.182,3.140,0.634,2.780,5.358,3.390,5.084,1.594,24.499,4.768,29.267,44.256,1600.0,1600.0,4570.7,4570.7,4650.0,58.2,33.6,33.6,51.5,129.8,No,No,No,0.566,0.306,2.3,53.0,38.5,39.0,35.0,36.5,36.0,39.0,12.168,5.000,1.004,1.348,1.192,0.822,0.838,1.562,3.348,1.834,1392,693,546,543,1.056,1.259,39,39,55,79.0,100.0,No,No,80677,102291,9.7,6.7,16.4,18.363,37.200,21174,21700,39.0,44.0,46.6,42,44,42,42,42,42,42,42,44,83.0,0.662,12.214,12.280,12.199,12.185,12.195,0,0,15.072,4.677,9.178,0.074,6.990,2.108,5.451,9.178,5.463,0.898,2.753,310.000,350.000,210.0,50.6,555.0,48.7,600.0,525.0,151.8,36.3,435.9,0.0,27.0,0.0,0.0,7.6,0.0,0.1,0.0,0.0,0.0,0,0,Yes,No,No,No,No,Yes,No,5.3,7.3,6,0,0,0,0,0,0,0,0,162,0,0,0,0,0,0,0,0,0,0,0,0,0,0,0,0,0,0,0,0,7572,620,450,25,2.5,1.9,1.9,1.9,1.9,1.9,1.9,1.9,1.9,1.9,1.9,1.9,1.9,533.37,533.37,533.37,533.37,533.37,533.37,1.21,531.94,533.37,0.00,282.60,1812,43,0.4,0.0,0,0,0.0,0.0,0,
25.8.2026,16:9:14.327,6043,13210,31.3,5814,10495,35.6,1.5,2944,45,1.257,1.262,1.256,1.256,1.256,1.256,1.256,3875.0,3720.0,3720.0,3720.0,3720.0,4650.0,3720.0,100.0,1179.4,442.3,314.8,1201.5,1451.1,3049.1,1773.3,96.7,554.9,3496.6,792.4,400.6,578.9,1179.4,27.2,3.6,8.0,30.2,36.6,67.5,39.5,0.7,12.9,84.3,18.5,10.0,14.5,84.3,27.2,30.9,3.8,8.3,31.9,38.6,82.0,47.5,2.5,14.9,94.3,21.2,10.2,15.1,30.9,38.8,37.2,37.2,37.2,37.2,46.5,37.2,0.0,46.3,11.6,53.0,84.4,13.8,91.7,23.3,44.7,82.8,47.0,15.6,37.5,8.3,76.7,9.0,5.5,0.0,0.0,48.7,0.0,0.0,1600.0,16.00,16,18,18,36,74,560,1,53.0,50.1,50.0,42.1,39.3,41.3,48.4,37.1,48.5,37.9,36.1,36.1,33.8,28.9,1.250,1.000,1.269,24.549,4.848,24.550,41.622,50.066,4.172,2.042,4.625,7.290,1.438,6.893,2.746,30.207,4.826,35.033,50.107,1600.0,1600.0,4601.2,4601.2,4650.0,65.9,40.9,46.2,52.8,120.5,No,No,No,0.800,0.411,2.8,53.0,38.5,39.0,35.0,36.5,36.0,39.0,12.168,5.000,1.004,1.352,1.250,0.822,0.840,1.560,3.348,1.836,1411,696,546,554,1.057,1.269,39,39,56,79.0,100.0,No,No,80677,102291,10.9,8.8,19.7,9.834,52.220,21193,21801,38.8,42.0,46.4,42,42,42,42,42,42,42,40,42,83.0,0.662,12.206,12.274,12.190,12.175,12.186,0,0,15.042,4.723,9.292,0.061,7.082,2.131,5.471,9.292,5.475,0.897,2.804,310.000,350.000,210.0,50.6,555.0,49.5,600.0,525.0,189.7,44.8,536.9,0.0,23.0,0.0,0.0,7.6,0.0,0.1,0.0,0.0,0.0,0,0,Yes,No,No,No,No,Yes,No,4.9,7.2,6,0,0,0,0,0,0,0,0,162,0,0,0,0,0,0,0,0,0,0,0,0,0,0,0,0,0,0,0,0,7572,620,450,25,2.5,2.1,2.1,2.1,2.1,2.1,2.1,2.1,2.1,2.1,2.1,2.1,2.1,484.25,484.25,484.25,484.25,484.25,484.25,1.20,483.06,484.25,0.00,450.80,1812,43,0.7,0.0,0,0,0.0,0.0,0,
25.8.2026,16:9:16.343,6083,13171,31.5,5824,10485,35.7,1.5,2944,45,1.191,1.175,1.194,1.194,1.194,1.194,1.194,4223.3,3620.0,4525.0,4525.0,3620.0,4525.0,4525.0,100.0,848.0,133.5,101.8,490.4,1673.0,875.8,1725.4,19.8,38.5,972.2,2363.6,219.6,1562.6,848.0,19.0,1.4,2.8,11.3,38.3,19.4,38.7,0.8,0.0,21.2,52.7,5.0,36.0,52.7,19.0,22.3,1.2,2.7,12.8,44.4,23.3,45.9,0.5,1.0,26.0,63.4,5.4,41.6,22.3,42.2,36.2,45.2,45.2,36.2,45.2,45.2,0.0,37.1,3.4,48.2,55.1,1.2,74.0,40.7,34.2,18.5,51.8,44.9,4.9,26.0,59.3,28.7,78.2,0.0,0.0,93.9,0.0,0.0,1600.0,16.00,16,18,18,36,74,560,1,52.1,48.1,47.2,39.1,35.2,39.1,42.2,34.1,45.0,39.0,35.1,35.1,32.5,28.1,1.188,0.994,1.200,19.608,4.803,19.620,26.800,43.214,3.050,0.506,3.986,4.529,0.181,5.567,3.530,23.323,4.783,28.106,43.145,1600.0,1600.0,4542.5,4542.5,4650.0,56.8,32.7,29.8,50.6,127.2,No,No,No,0.513,0.259,2.2,52.0,38.5,39.0,35.0,36.5,36.0,39.0,12.168,5.000,1.004,1.348,1.182,0.824,0.838,1.562,3.348,1.836,1365,698,545,542,1.056,1.264,39,39,56,79.0,100.0,No,No,80677,102291,4.6,4.5,9.1,3.201,29.227,21199,21857,38.8,44.0,46.7,42,42,42,42,42,42,44,42,44,83.0,0.662,12.206,12.275,12.189,12.175,12.186,0,0,15.049,4.659,9.103,0.061,6.936,2.082,5.459,9.103,5.470,0.901,2.814,310.000,350.000,210.0,50.6,555.0,48.4,600.0,525.0,157.2,37.4,449.5,0.0,24.0,0.0,0.0,7.6,0.0,0.1,0.0,0.0,0.0,0,0,Yes,No,No,No,No,Yes,No,4.7,7.3,6,0,0,0,0,0,0,0,0,162,0,0,0,0,0,0,0,0,0,0,0,0,0,0,0,0,0,0,0,0,7572,620,450,25,2.5,1.9,1.9,1.9,1.9,1.9,1.9,1.9,1.9,1.9,1.9,1.9,1.9,516.70,516.70,516.70,516.70,516.70,516.70,1.16,515.29,516.70,0.00,416.26,1812,43,0.0,0.0,0,0,0.0,0.0,0,
25.8.2026,16:9:18.359,6115,13138,31.7,5804,10505,35.5,1.5,2944,45,1.247,1.238,1.238,1.250,1.256,1.250,1.250,3875.0,3720.0,3720.0,3720.0,3720.0,4650.0,3720.0,100.0,821.6,108.7,77.2,147.8,656.5,254.0,1007.2,267.5,2917.0,117.7,3913.9,70.7,320.5,821.6,18.4,1.3,1.3,2.7,14.3,4.6,21.9,7.8,71.5,2.7,85.5,1.0,6.6,85.5,18.4,21.9,2.0,2.1,3.7,17.3,6.0,26.7,7.1,78.9,2.9,105.5,1.7,8.5,21.9,38.8,37.2,37.2,37.2,37.2,46.5,37.2,0.0,36.5,2.7,18.6,27.4,73.7,87.9,9.0,26.7,15.1,54.1,48.6,2.5,12.1,27.6,36.8,82.3,27.3,24.0,23.8,0.0,63.5,1600.0,16.00,16,18,18,36,74,560,1,51.6,49.0,44.0,38.8,34.1,35.8,37.8,41.9,47.8,35.4,34.9,34.9,32.8,28.4,1.250,0.994,1.269,18.979,4.794,18.971,26.239,42.686,2.877,0.430,1.964,2.555,4.514,6.787,1.011,22.932,4.774,27.706,42.693,1600.0,1600.0,4564.6,4564.6,4650.0,56.2,31.6,29.2,51.6,132.6,No,No,No,0.503,0.280,2.2,51.0,38.5,39.0,35.0,36.0,36.0,39.0,12.192,5.000,1.004,1.352,1.238,0.824,0.840,1.562,3.352,1.836,1385,713,545,543,1.057,1.252,39,39,56,79.0,100.0,No,No,80677,102291,4.3,4.0,8.3,4.482,31.671,21208,21917,39.0,42.0,46.5,42,42,40,42,42,42,42,42,42,83.0,0.662,12.211,12.278,12.194,12.180,12.190,0,0,15.101,4.643,9.035,0.061,6.939,2.010,5.486,9.035,5.497,0.901,2.822,310.000,350.000,210.0,50.6,555.0,45.0,600.0,525.0,155.6,37.1,449.1,0.0,27.0,0.0,0.0,7.6,0.0,0.0,0.0,0.0,0.0,0,0,Yes,No,No,No,No,Yes,No,4.7,7.3,6,0,0,0,0,0,0,0,0,162,0,0,0,0,0,0,0,0,0,0,0,0,0,0,0,0,0,0,0,0,7572,620,450,25,2.5,1.9,1.9,1.9,1.9,1.9,1.9,1.9,1.9,1.9,1.9,1.9,1.9,516.20,516.20,516.20,516.20,516.20,516.20,1.35,515.09,516.20,0.00,314.89,1812,43,0.1,0.0,0,0,0.0,0.0,0,
25.8.2026,16:9:20.364,5955,13298,30.9,5540,10769,33.9,1.5,2944,45,1.261,1.256,1.262,1.262,1.262,1.262,1.262,3875.0,3720.0,3720.0,3720.0,3720.0,4650.0,3720.0,100.0,1200.0,1105.5,874.4,1007.6,1033.9,1388.6,1834.8,1118.6,556.0,1453.8,2673.9,708.4,644.4,1200.0,28.0,7.3,22.8,26.3,27.1,37.1,48.0,29.5,13.7,31.1,57.4,18.7,16.7,57.4,28.0,30.0,7.3,22.7,26.4,27.0,37.1,48.7,30.0,14.7,38.7,71.7,18.6,16.5,30.0,38.8,37.2,37.2,37.2,37.2,46.5,37.2,0.0,53.2,29.4,52.6,80.5,36.1,84.7,35.8,38.4,49.3,47.4,19.5,51.3,15.3,47.6,8.4,21.3,0.0,0.0,12.6,0.0,16.6,1600.0,16.00,16,18,18,36,74,560,1,52.6,50.4,47.8,42.4,40.1,40.2,46.3,39.5,49.0,39.3,35.9,35.9,34.0,28.2,1.250,1.000,1.262,25.317,4.887,25.313,46.302,51.386,4.381,2.844,4.253,5.880,3.204,6.941,3.162,31.479,4.863,36.343,51.453,1600.0,1600.0,4635.6,4635.6,4650.0,67.7,42.2,51.4,53.0,119.6,No,No,No,1.242,0.878,3.2,52.0,38.5,39.0,35.0,36.0,36.0,39.0,12.168,5.000,1.006,1.352,1.242,0.824,0.840,1.560,3.344,1.836,1374,699,545,543,1.056,1.269,39,39,56,79.0,100.0,No,No,80677,102291,15.1,5.7,20.8,21.315,50.753,21248,22015,38.8,42.0,46.4,42,42,42,42,42,42,42,40,42,83.0,0.662,12.205,12.273,12.188,12.174,12.183,0,0,15.012,4.453,8.625,0.049,6.776,1.777,5.288,8.625,5.299,0.892,2.743,310.000,350.000,210.0,50.6,555.0,48.9,600.0,525.0,157.0,37.1,451.4,1.0,39.0,0.0,0.0,7.6,0.0,0.0,0.0,0.0,0.0,0,0,Yes,No,No,No,No,Yes,No,4.5,7.3,6,0,0,0,0,0,0,0,0,162,0,0,0,0,0,0,0,0,0,0,0,0,0,0,0,0,0,0,0,0,7572,620,450,25,2.5,1.9,1.9,1.9,1.9,1.9,1.9,1.9,1.9,1.9,1.9,1.9,1.9,516.69,516.69,516.69,516.69,516.69,516.69,1.10,515.28,516.69,0.00,199.45,1812,43,4.1,2.2,0,0,0.0,0.0,0,
25.8.2026,16:9:22.373,5804,13450,30.1,5295,11015,32.4,1.5,2944,45,1.164,1.163,1.169,1.163,1.163,1.163,1.163,4072.5,3620.0,4525.0,4525.0,3620.0,4525.0,3620.0,100.0,705.9,335.1,146.7,689.6,683.5,2692.1,687.3,96.2,64.4,917.0,1556.5,338.5,263.9,705.9,16.0,4.9,2.9,16.8,17.1,62.2,16.0,1.7,0.0,19.8,35.2,7.6,7.1,62.2,16.0,18.3,5.0,3.7,17.5,17.8,69.3,19.2,2.5,1.7,23.6,43.3,9.1,7.2,18.3,40.7,36.2,45.2,45.2,36.2,45.2,36.2,0.0,33.1,8.9,34.9,78.3,4.2,55.3,16.9,40.6,35.9,65.1,21.7,30.2,44.7,45.6,26.4,55.2,0.0,0.0,65.6,0.0,37.5,1600.0,16.00,16,18,18,36,74,560,1,51.5,45.8,43.5,38.5,36.6,37.9,43.4,34.4,43.0,35.7,35.0,35.0,32.0,27.9,1.156,0.994,1.169,17.714,4.797,17.737,24.393,41.380,2.751,1.222,3.072,5.358,0.756,4.415,1.685,21.436,4.777,26.213,41.245,1600.0,1600.0,4561.0,4561.0,4650.0,54.3,29.6,27.1,48.2,128.1,No,No,No,0.622,0.325,2.0,51.0,38.0,39.0,35.0,36.0,36.0,39.0,12.192,5.000,1.004,1.348,1.170,0.824,0.838,1.562,3.352,1.834,1382,699,545,543,1.057,1.243,39,39,56,79.0,100.0,No,No,80677,102291,5.4,9.3,14.7,6.410,34.566,21262,22086,38.9,44.0,46.5,42,42,42,42,42,42,42,40,42,83.0,0.662,12.206,12.274,12.189,12.176,12.186,0,0,14.852,4.560,8.932,0.049,6.899,1.960,5.301,8.932,5.311,0.898,2.761,310.000,350.000,210.0,50.6,555.0,47.1,600.0,525.0,157.7,37.4,450.5,0.0,52.0,0.0,0.0,7.6,0.0,0.1,0.0,0.0,0.0,0,0,Yes,No,No,No,No,Yes,No,4.6,7.2,6,0,0,0,0,0,0,0,0,162,0,0,0,0,0,0,0,0,0,0,0,0,0,0,0,0,0,0,0,0,7572,620,450,25,2.5,1.9,1.9,1.9,1.9,1.9,1.9,1.9,1.9,1.9,1.9,1.9,1.9,533.28,533.28,533.28,533.28,533.28,533.28,1.20,531.91,533.28,0.00,115.65,1812,43,1.8,0.7,0,0,0.0,0.0,0,
25.8.2026,16:9:24.391,5793,13460,30.0,5247,11062,32.1,1.5,2944,45,1.233,1.231,1.238,1.238,1.231,1.231,1.231,3875.0,3720.0,3720.0,4650.0,3720.0,3720.0,3720.0,100.0,499.8,65.6,31.9,417.9,125.4,1872.6,2753.9,14.3,12.0,239.5,341.7,78.3,43.9,499.8,10.9,0.7,0.6,10.4,2.8,44.7,52.2,0.0,0.0,7.4,7.8,3.3,0.9,52.2,10.9,13.0,0.9,0.8,10.7,3.3,55.2,65.1,0.4,0.3,8.3,8.2,2.0,1.1,13.0,38.8,37.2,37.2,46.5,37.2,37.2,37.2,0.0,22.1,1.7,14.1,96.6,0.7,16.6,3.1,41.7,11.3,85.9,3.4,2.1,83.4,63.9,36.2,87.0,0.0,0.0,97.1,0.0,33.0,1600.0,16.00,16,18,18,36,74,560,1,50.1,44.1,44.2,35.9,34.8,34.9,43.9,32.3,36.2,33.2,34.4,34.4,32.8,27.8,1.231,0.994,1.238,14.351,4.744,14.346,14.904,37.068,2.040,0.284,1.812,7.105,0.104,2.001,0.938,17.419,4.726,22.145,37.117,1600.0,1600.0,4603.2,4603.2,4650.0,48.8,23.9,16.6,46.4,141.1,No,No,No,0.342,0.279,1.3,50.0,38.5,39.0,35.0,36.0,36.0,39.0,12.168,5.000,1.004,1.348,1.238,0.824,0.840,1.562,3.348,1.836,1330,698,545,544,1.056,1.253,39,39,56,79.0,100.0,No,No,80677,102291,1.2,2.9,4.2,0.823,28.662,21263,22141,38.8,44.0,46.3,42,44,42,42,42,42,42,40,42,83.0,0.662,12.208,12.276,12.191,12.177,12.187,0,0,14.791,4.690,9.216,0.061,6.949,2.192,5.460,9.216,5.463,0.896,2.753,310.000,350.000,210.0,50.6,555.0,48.1,600.0,525.0,157.0,37.3,447.0,0.0,46.0,0.0,0.0,7.6,0.0,0.1,0.0,0.0,0.0,0,0,Yes,No,No,No,No,Yes,No,4.7,7.1,6,0,0,0,0,0,0,0,0,162,0,0,0,0,0,0,0,0,0,0,0,0,0,0,0,0,0,0,0,0,7572,620,450,25,2.5,1.9,1.9,1.9,1.9,1.9,1.9,1.9,1.9,1.9,1.9,1.9,1.9,533.32,533.32,533.32,533.32,533.32,533.32,1.13,532.21,533.32,0.00,15.68,1812,43,0.1,0.0,0,0,0.0,0.0,0,
25.8.2026,16:9:26.406,5771,13483,29.9,5158,11152,31.6,1.5,2944,45,1.219,1.219,1.219,1.219,1.219,1.219,1.219,3770.8,3620.0,3620.0,3620.0,4525.0,3620.0,3620.0,100.0,619.6,518.9,439.7,407.4,162.0,452.7,3164.5,417.4,1025.4,231.7,473.4,93.5,49.1,619.6,16.0,6.3,10.7,10.1,4.1,10.1,71.1,25.3,35.4,5.1,10.9,2.1,1.2,71.1,16.0,15.8,7.1,11.7,10.3,4.1,12.1,88.7,10.1,25.2,5.5,11.2,2.1,1.0,15.8,37.7,36.2,36.2,36.2,45.2,36.2,36.2,0.0,23.5,11.9,14.1,73.4,21.8,16.4,3.1,45.2,21.0,82.6,26.6,13.2,83.6,44.2,31.4,67.1,3.3,0.0,65.1,0.0,52.8,1600.0,16.00,16,18,18,36,74,560,1,49.2,44.9,42.2,36.3,35.9,35.1,42.4,35.0,36.2,33.2,34.4,34.4,33.2,27.7,1.206,0.994,1.219,15.179,4.821,15.175,17.105,38.391,2.249,1.130,1.899,5.858,1.663,2.149,0.796,18.554,4.801,23.354,38.422,1600.0,1600.0,4603.6,4603.6,4650.0,50.6,25.3,19.0,47.2,139.2,No,No,No,0.957,1.161,1.4,49.0,38.5,39.0,35.0,36.0,35.5,39.0,12.168,5.000,1.004,1.352,1.196,0.824,0.840,1.562,3.348,1.834,1300,1401,545,556,1.057,1.268,39,39,55,79.0,100.0,No,No,80677,102291,1.9,5.3,7.1,2.757,31.606,21268,22197,38.7,44.0,46.3,42,42,40,42,42,42,42,40,42,83.0,0.662,12.209,12.277,12.192,12.177,12.188,0,0,15.078,4.649,9.126,0.061,6.986,2.070,5.411,9.126,5.414,0.896,2.753,310.000,350.000,210.0,50.6,555.0,49.1,600.0,525.0,210.0,50.5,599.9,0.0,31.0,0.0,0.0,7.6,0.0,0.0,0.0,0.0,0.0,0,0,Yes,No,No,No,No,Yes,No,4.7,7.3,6,0,0,0,0,0,0,0,0,162,0,0,0,0,0,0,0,0,0,0,0,0,0,0,0,0,0,0,0,0,7572,620,450,25,2.5,1.9,1.9,1.9,1.9,1.9,1.9,1.9,1.9,1.9,1.9,1.9,1.9,534.02,534.02,534.02,534.02,534.02,534.02,1.31,532.55,534.02,0.00,416.22,1812,43,0.2,0.0,0,0,0.0,0.0,0,
25.8.2026,16:9:28.408,5773,13480,29.9,5145,11165,31.5,1.5,2944,45,1.281,1.281,1.281,1.281,1.281,1.281,1.281,3875.0,3720.0,3720.0,3720.0,4650.0,3720.0,3720.0,100.0,454.2,191.1,172.4,26.5,35.3,61.4,74.7,282.9,4337.9,138.9,102.8,9.6,16.4,454.2,9.7,3.9,3.0,0.5,0.0,0.5,1.6,6.0,95.6,3.0,2.3,0.0,0.0,95.6,9.7,12.1,4.8,4.7,0.6,0.9,1.6,1.9,7.4,117.1,3.6,2.6,0.2,0.4,12.1,38.8,37.2,37.2,37.2,46.5,37.2,37.2,0.0,18.5,4.3,1.4,3.2,96.1,5.5,0.6,12.7,11.4,8.4,12.7,3.9,35.0,5.0,68.8,84.3,90.3,84.1,0.0,59.5,94.4,1600.0,16.00,16,18,18,36,74,560,1,48.2,43.5,46.0,34.4,32.3,32.7,32.1,43.1,32.6,33.7,33.8,33.8,32.5,27.4,1.281,0.994,1.288,11.118,4.722,11.131,11.663,33.138,1.480,0.468,0.212,0.355,7.026,0.676,0.142,13.388,4.705,18.093,33.081,1600.0,1600.0,4534.3,4534.3,4650.0,43.5,18.6,13.0,45.8,150.1,No,No,No,0.332,0.219,1.1,48.0,38.5,39.0,35.0,35.5,35.5,39.0,12.192,5.000,1.004,1.352,1.194,0.826,0.840,1.562,3.348,1.834,1318,702,547,556,1.056,1.258,40,40,56,79.0,100.0,No,No,80677,102291,0.5,2.6,3.1,0.784,15.997,21270,22227,38.9,44.0,46.4,42,44,40,42,42,42,42,40,42,83.0,0.662,12.210,12.278,12.194,12.180,12.190,0,0,15.369,4.599,9.062,0.061,7.036,1.949,5.278,9.062,5.288,0.903,2.756,310.000,350.000,210.0,50.6,555.0,49.9,600.0,525.0,158.0,37.5,450.1,1.0,32.0,0.0,0.0,7.6,0.0,0.0,0.0,0.0,0.0,0,0,Yes,No,No,No,No,Yes,No,4.6,7.3,6,0,0,0,0,0,0,0,0,162,0,0,0,0,0,0,0,0,0,0,0,0,0,0,0,0,0,0,0,0,7572,620,450,25,2.5,1.9,1.9,1.9,1.9,1.9,1.9,1.9,1.9,1.9,1.9,1.9,1.9,533.54,533.54,533.54,533.54,533.54,533.54,1.16,532.38,533.54,0.00,349.00,1812,43,0.2,0.0,0,0,0.0,0.0,0,
25.8.2026,16:9:30.420,5813,13440,30.1,5180,11129,31.7,1.5,2944,45,1.188,1.206,1.194,1.181,1.181,1.181,1.181,4479.2,4500.0,4475.0,4475.0,4475.0,4475.0,4475.0,100.0,2221.3,1777.2,1749.3,2017.8,1839.9,2282.1,2171.3,2974.8,4051.4,1909.1,2057.8,1958.9,1865.4,2221.3,50.8,38.0,40.0,46.8,43.0,54.4,51.1,65.3,88.5,44.3,48.0,47.4,43.2,88.5,50.8,59.8,45.6,47.2,54.5,49.7,61.6,58.6,80.3,109.5,51.5,55.5,52.8,50.3,59.8,44.8,45.0,44.8,44.8,44.8,44.8,44.8,0.0,57.1,41.0,48.7,56.9,98.4,52.2,45.7,9.9,10.6,8.6,11.5,1.6,16.1,10.8,33.0,48.4,42.7,31.6,0.0,31.7,43.5,1600.0,16.00,16,18,18,36,74,560,1,55.1,53.1,58.2,45.5,42.6,43.0,45.4,52.9,43.8,45.5,35.5,35.5,33.8,28.0,1.188,0.994,1.225,29.692,4.805,29.619,45.980,55.889,4.851,3.443,3.960,4.741,8.787,4.273,3.901,36.592,4.785,41.376,56.271,1600.0,1600.0,4583.2,4583.2,4590.3,74.0,49.4,51.1,55.9,126.2,No,No,No,0.577,0.207,3.4,54.0,38.5,39.0,35.0,35.5,35.5,39.0,12.168,4.990,1.006,1.348,1.270,0.826,0.840,1.560,3.336,1.834,1302,719,546,543,1.056,1.246,40,40,56,79.0,100.0,No,No,80677,102291,1.8,4.5,6.3,2.648,27.058,21275,22280,38.8,44.0,46.4,42,44,40,42,42,42,44,40,42,83.0,0.662,12.197,12.268,12.180,12.165,12.175,0,0,15.153,4.836,9.592,0.061,7.064,2.445,5.564,9.592,5.571,0.895,2.743,310.000,350.000,210.0,50.6,555.0,50.9,600.0,525.0,210.0,50.5,599.6,1.0,37.0,0.0,0.0,7.6,0.0,0.1,0.0,0.0,0.0,0,0,Yes,No,No,No,No,Yes,No,4.9,7.3,6,0,0,0,0,0,0,0,0,162,0,0,0,0,0,0,0,0,0,0,0,0,0,0,0,0,0,0,0,0,7572,620,450,25,2.5,1.9,1.9,1.9,1.9,1.9,1.9,1.9,1.9,1.9,1.9,1.9,1.9,516.62,516.62,516.62,516.62,516.62,516.62,1.13,515.41,516.62,0.00,198.64,1812,43,0.1,0.0,0,0,0.0,0.0,0,
25.8.2026,16:9:32.415,5806,13447,30.1,5240,11069,32.1,1.5,2944,45,1.265,1.244,1.269,1.269,1.269,1.269,1.269,4398.3,4575.0,3640.0,4550.0,4550.0,4550.0,4525.0,100.0,4346.1,4446.0,4319.1,4412.1,4395.5,4299.9,4325.6,4476.5,4477.8,4233.6,4300.7,4209.5,4256.3,4346.1,97.0,96.6,96.6,98.6,98.2,96.3,96.9,99.9,100.0,94.7,96.2,94.4,95.6,100.0,97.0,117.2,116.8,116.7,119.3,118.8,116.2,116.9,121.0,121.0,114.4,116.2,113.7,115.0,117.2,44.0,45.8,36.4,45.5,45.5,45.5,45.2,0.0,98.3,99.4,99.1,97.2,100.0,98.0,96.0,1.7,0.6,0.9,2.8,0.0,2.0,4.0,0.0,0.0,0.0,0.0,0.0,0.0,0.0,1600.0,16.00,16,18,18,36,74,560,1,58.5,58.7,61.8,56.9,57.5,54.8,57.4,58.3,55.8,57.7,37.7,37.7,31.8,27.8,1.231,0.994,1.262,47.052,4.874,47.058,88.441,75.906,7.824,7.980,7.816,7.764,8.032,7.706,7.643,56.061,4.851,60.912,75.890,1600.0,1600.0,4479.7,4479.7,4491.5,99.9,78.4,98.3,61.8,119.3,No,No,No,0.745,0.272,5.9,57.0,38.0,39.5,35.0,36.5,35.5,39.5,12.168,4.990,1.006,1.348,1.190,0.826,0.840,1.558,3.336,1.834,1334,717,545,542,1.056,1.263,40,40,56,79.0,100.0,No,No,80677,102291,0.9,2.1,3.0,6.459,10.760,21287,22300,38.6,42.0,46.2,42,42,40,42,42,42,42,40,42,83.0,0.662,12.200,12.270,12.183,12.170,12.179,0,0,14.649,4.537,8.764,0.049,6.737,1.971,5.420,8.764,5.428,0.897,2.806,310.000,350.000,210.0,50.6,555.0,45.4,600.0,525.0,137.7,32.9,394.6,0.0,32.0,0.0,0.0,7.6,0.0,0.0,0.0,0.0,0.0,0,0,Yes,No,No,No,No,Yes,No,4.6,7.4,6,0,0,0,0,0,0,0,0,162,0,0,0,0,0,0,0,0,0,0,0,0,0,0,0,0,0,0,0,0,7572,620,450,25,2.5,24.2,96.8,2.3,1.9,1.9,1.9,24.2,60.0,2.3,1.9,1.9,1.9,41.25,432.35,10.33,8.84,533.23,533.23,1.47,39.77,41.25,0.00,29.01,1812,43,0.2,0.0,0,0,0.0,0.0,0,
Date,Time,"Virtual Memory Committed [MB]","Virtual Memory Available [MB]","Virtual Memory Load [%]","Physical Memory Used [MB]","Physical Memory Available [MB]","Physical Memory Load [%]","Page File Usage [%]","Page File Total [MB]","Page File Used [MB]","Core VIDs (avg) [V]","Core 0 VID [V]","Core 1 VID [V]","Core 2 VID [V]","Core 3 VID [V]","Core 4 VID [V]","Core 5 VID [V]","Core Clocks (avg) [MHz]","Core 0 Clock (perf #4/5) [MHz]","Core 1 Clock (perf #2/3) [MHz]","Core 2 Clock (perf #1/2) [MHz]","Core 3 Clock (perf #5/6) [MHz]","Core 4 Clock (perf #1/1) [MHz]","Core 5 Clock (perf #3/4) [MHz]","Bus Clock [MHz]","Core Effective Clocks (avg) [MHz]","Core 0 T0 Effective Clock [MHz]","Core 0 T1 Effective Clock [MHz]","Core 1 T0 Effective Clock [MHz]","Core 1 T1 Effective Clock [MHz]","Core 2 T0 Effective Clock [MHz]","Core 2 T1 Effective Clock [MHz]","Core 3 T0 Effective Clock [MHz]","Core 3 T1 Effective Clock [MHz]","Core 4 T0 Effective Clock [MHz]","Core 4 T1 Effective Clock [MHz]","Core 5 T0 Effective Clock [MHz]","Core 5 T1 Effective Clock [MHz]","Average Effective Clock [MHz]","Core Usage (avg) [%]","Core 0 T0 Usage [%]","Core 0 T1 Usage [%]","Core 1 T0 Usage [%]","Core 1 T1 Usage [%]","Core 2 T0 Usage [%]","Core 2 T1 Usage [%]","Core 3 T0 Usage [%]","Core 3 T1 Usage [%]","Core 4 T0 Usage [%]","Core 4 T1 Usage [%]","Core 5 T0 Usage [%]","Core 5 T1 Usage [%]","Max CPU/Thread Usage [%]","Total CPU Usage [%]","Core Utility (avg) [%]","Core 0 T0 Utility [%]","Core 0 T1 Utility [%]","Core 1 T0 Utility [%]","Core 1 T1 Utility [%]","Core 2 T0 Utility [%]","Core 2 T1 Utility [%]","Core 3 T0 Utility [%]","Core 3 T1 Utility [%]","Core 4 T0 Utility [%]","Core 4 T1 Utility [%]","Core 5 T0 Utility [%]","Core 5 T1 Utility [%]","Total CPU Utility [%]","Core Ratios (avg) [x]","Core 0 Ratio [x]","Core 1 Ratio [x]","Core 2 Ratio [x]","Core 3 Ratio [x]","Core 4 Ratio [x]","Core 5 Ratio [x]","Package C6 Residency [%]","Core C0 Residency (avg) [%]","Core 0 C0 Residency [%]","Core 1 C0 Residency [%]","Core 2 C0 Residency [%]","Core 3 C0 Residency [%]","Core 4 C0 Residency [%]","Core 5 C0 Residency [%]","Core C1 Residency (avg) [%]","Core 0 C1 Residency [%]","Core 1 C1 Residency [%]","Core 2 C1 Residency [%]","Core 3 C1 Residency [%]","Core 4 C1 Residency [%]","Core 5 C1 Residency [%]","Core C6 Residency (avg) [%]","Core 0 C6 Residency [%]","Core 1 C6 Residency [%]","Core 2 C6 Residency [%]","Core 3 C6 Residency [%]","Core 4 C6 Residency [%]","Core 5 C6 Residency [%]","Memory Clock [MHz]","Memory Clock Ratio [x]","Tcas [T]","Trcd [T]","Trp [T]","Tras [T]","Trc [T]","Trfc [T]","Command Rate [T]","CPU (Tctl/Tdie) [°C]","CPU Die (average) [°C]","CPU CCD1 (Tdie) [°C]","Core Temperatures (avg) [°C]","Core0 (CCD1) [°C]","Core1 (CCD1) [°C]","Core2 (CCD1) [°C]","Core3 (CCD1) [°C]","Core4 (CCD1) [°C]","Core5 (CCD1) [°C]","L3 Temperatures (avg) [°C]","L3 Cache (CCD1) [°C]","CPU IOD Hotspot [°C]","CPU IOD Average [°C]","CPU Core Voltage (SVI2 TFN) [V]","SoC Voltage (SVI2 TFN) [V]","CPU Core VID (Effective) [V]","CPU Core Current (SVI2 TFN) [A]","SoC Current (SVI2 TFN) [A]","CPU TDC [A]","CPU EDC [A]","CPU Package Power [W]","Core Powers (avg) [W]","Core 0 Power [W]","Core 1 Power [W]","Core 2 Power [W]","Core 3 Power [W]","Core 4 Power [W]","Core 5 Power [W]","CPU Core Power (SVI2 TFN) [W]","CPU SoC Power (SVI2 TFN) [W]","Core+SoC Power (SVI2 TFN) [W]","CPU PPT [W]","Infinity Fabric Clock (FCLK) [MHz]","Memory Controller Clock (UCLK) [MHz]","L3 Clocks (avg) [MHz]","L3 Cache (CCD1) [MHz]","Frequency Limit - Global [MHz]","CPU PPT Limit [%]","CPU TDC Limit [%]","CPU EDC Limit [%]","Thermal Limit [%]","Power Reporting Deviation (Accuracy) [%]","Thermal Throttling (HTC) [Yes/No]","Thermal Throttling (PROCHOT CPU) [Yes/No]","Thermal Throttling (PROCHOT EXT) [Yes/No]","DRAM Read Bandwidth [GB/s]","DRAM Write Bandwidth [GB/s]","Average Active Core Count []","CPU [°C]","System [°C]","MOS [°C]","Chipset [°C]","CPU Socket [°C]","PCIE_1 [°C]","T15 [°C]","+12V [V]","+5V [V]","CPU NB/SoC [V]","DRAM [V]","Vcore [V]","VIN5 [V]","VIN6 [V]","VIN7 [V]","+3.3V [V]","VTT [V]","CPU [RPM]","System 1 [RPM]","System 2 [RPM]","System 3 [RPM]","V1 [V]","V2 [V]","Drive Temperature [°C]","Drive Temperature 2 [°C]","Drive Temperature 3 [°C]","Drive Remaining Life [%]","Drive Available Spare [%]","Drive Failure [Yes/No]","Drive Warning [Yes/No]","Total Host Writes [GB]","Total Host Reads [GB]","Read Activity [%]","Write Activity [%]","Total Activity [%]","Read Rate [MB/s]","Write Rate [MB/s]","Read Total [MB]","Write Total [MB]","GPU Temperature [°C]","GPU Memory Junction Temperature [°C]","GPU Hot Spot Temperature [°C]","GPU Memory Chip Temperatures (avg) [°C]","GPU Memory A0 Temperature [°C]","GPU Memory A1 Temperature [°C]","GPU Memory B0 Temperature [°C]","GPU Memory B1 Temperature [°C]","GPU Memory C0 Temperature [°C]","GPU Memory C1 Temperature [°C]","GPU Memory D0 Temperature [°C]","GPU Memory D1 Temperature [°C]","GPU Thermal Limit [°C]","GPU Core Voltage [V]","GPU Rail Voltages (avg) [V]","GPU PCIe +12V Input Voltage [V]","GPU 8-pin #1 Input Voltage [V]","GPU 8-pin #2 Input Voltage [V]","GPU 6-pin #1 Input Voltage [V]","GPU Fan1 [RPM]","GPU Fan2 [RPM]","GPU Power [W]","GPU Rail Powers (avg) [W]","GPU Core (NVVDD) Input Power (sum) [W]","GPU PCIe +12V Input Power [W]","GPU 8-pin #1 Input Power [W]","GPU 8-pin #2 Input Power [W]","GPU 6-pin #1 Input Power [W]","GPU Core (NVVDD) Input Power (sum) [W]","GPU Input PP Source Power (sum) [W]","GPU Core (NVVDD) Output Power [W]","GPU Core (NVVDD) Output Power [W]","GPU Power Limit (rated) [W]","GPU Power Limit (max) [W]","GPU Clock [MHz]","GPU Memory Clock [MHz]","GPU Video Clock [MHz]","GPU Effective Clock [MHz]","GPU Crossbar Clock [MHz]","GPU System Domain Clock [MHz]","GPU Clock (measured) [MHz]","GPU Memory Clock (measured) [MHz]","GPU Crossbar Clock (measured) [MHz]","GPU Core Load [%]","GPU Memory Controller Load [%]","GPU Video Engine Load [%]","GPU Bus Load [%]","GPU Memory Usage [%]","GPU D3D Usages (avg) [%]","GPU D3D Usage [%]","GPU Video Decode 0 Usage [%]","GPU Video Encode 0 Usage [%]","GPU VR Usage [%]","GPU Fan1 [%]","GPU Fan2 [%]","GPU Performance Limiters (avg) [Yes/No]","Performance Limit - Power [Yes/No]","Performance Limit - Thermal [Yes/No]","Performance Limit - Reliability Voltage [Yes/No]","Performance Limit - Max Operating Voltage [Yes/No]","Performance Limit - Utilization [Yes/No]","Performance Limit - SLI GPUBoost Sync [Yes/No]","Total GPU Power [% of TDP] [%]","Total GPU Power (normalized) [% of TDP] [%]","PCI Express Error Counters (avg) []","Receiver Errors []","Replay Count []","Replay Rollover Count []","Bad DLLP Count []","Bad TLP Count []","LCRC Error Count []","NAKs Sent Count []","NAKs Received Count []","Recovery Count []","Correctable Error Count []","Non-Fatal Error Count []","Fatal Error Count []","Unsupported Request Count []","PCIe Lane 0 Errors []","PCIe Lane 1 Errors []","PCIe Lane 2 Errors []","PCIe Lane 3 Errors []","PCIe Lane 4 Errors []","PCIe Lane 5 Errors []","PCIe Lane 6 Errors []","PCIe Lane 7 Errors []","PCIe Lane 8 Errors []","PCIe Lane 9 Errors []","PCIe Lane 10 Errors []","PCIe Lane 11 Errors []","PCIe Lane 12 Errors []","PCIe Lane 13 Errors []","PCIe Lane 14 Errors []","PCIe Lane 15 Errors []","GPU Memory Available [MB]","GPU Memory Allocated [MB]","GPU D3D Memory Dedicated [MB]","GPU D3D Memory Dynamic [MB]","PCIe Link Speed [GT/s]","Framerate Presented (avg) [FPS]","Framerate Presented (99%) [FPS]","Framerate Presented (1%) [FPS]","Framerate Presented (0.1%) [FPS]","Framerate Presented (1% low) [FPS]","Framerate Presented (0.1% low) [FPS]","Framerate Displayed (avg) [FPS]","Framerate Displayed (99%) [FPS]","Framerate Displayed (1%) [FPS]","Framerate Displayed (0.1%) [FPS]","Framerate Displayed (1% low) [FPS]","Framerate Displayed (0.1% low) [FPS]","Frame Time Presented (avg) [ms]","Frame Time Presented (99%) [ms]","Frame Time Presented (1%) [ms]","Frame Time Presented (0.1%) [ms]","Frame Time Displayed (1% high) [ms]","Frame Time Displayed (0.1% high) [ms]","GPU Busy (avg) [ms]","GPU Wait (avg) [ms]","CPU Busy (avg) [ms]","CPU Wait (avg) [ms]","Animation Error (avg) [ms]","Total DL [MB]","Total UP [MB]","Current DL rate [KB/s]","Current UP rate [KB/s]","Total DL [MB]","Total UP [MB]","Current DL rate [KB/s]","Current UP rate [KB/s]","Total Errors []",
,,System: MSI MS-7C91,System: MSI MS-7C91,System: MSI MS-7C91,System: MSI MS-7C91,System: MSI MS-7C91,System: MSI MS-7C91,System: MSI MS-7C91,System: MSI MS-7C91,System: MSI MS-7C91,CPU [#0]: AMD Ryzen 5 5600X,CPU [#0]: AMD Ryzen 5 5600X,CPU [#0]: AMD Ryzen 5 5600X,CPU [#0]: AMD Ryzen 5 5600X,CPU [#0]: AMD Ryzen 5 5600X,CPU [#0]: AMD Ryzen 5 5600X,CPU [#0]: AMD Ryzen 5 5600X,CPU [#0]: AMD Ryzen 5 5600X,CPU [#0]: AMD Ryzen 5 5600X,CPU [#0]: AMD Ryzen 5 5600X,CPU [#0]: AMD Ryzen 5 5600X,CPU [#0]: AMD Ryzen 5 5600X,CPU [#0]: AMD Ryzen 5 5600X,CPU [#0]: AMD Ryzen 5 5600X,CPU [#0]: AMD Ryzen 5 5600X,CPU [#0]: AMD Ryzen 5 5600X,CPU [#0]: AMD Ryzen 5 5600X,CPU [#0]: AMD Ryzen 5 5600X,CPU [#0]: AMD Ryzen 5 5600X,CPU [#0]: AMD Ryzen 5 5600X,CPU [#0]: AMD Ryzen 5 5600X,CPU [#0]: AMD Ryzen 5 5600X,CPU [#0]: AMD Ryzen 5 5600X,CPU [#0]: AMD Ryzen 5 5600X,CPU [#0]: AMD Ryzen 5 5600X,CPU [#0]: AMD Ryzen 5 5600X,CPU [#0]: AMD Ryzen 5 5600X,CPU [#0]: AMD Ryzen 5 5600X,CPU [#0]: AMD Ryzen 5 5600X,CPU [#0]: AMD Ryzen 5 5600X,CPU [#0]: AMD Ryzen 5 5600X,CPU [#0]: AMD Ryzen 5 5600X,CPU [#0]: AMD Ryzen 5 5600X,CPU [#0]: AMD Ryzen 5 5600X,CPU [#0]: AMD Ryzen 5 5600X,CPU [#0]: AMD Ryzen 5 5600X,CPU [#0]: AMD Ryzen 5 5600X,CPU [#0]: AMD Ryzen 5 5600X,CPU [#0]: AMD Ryzen 5 5600X,CPU [#0]: AMD Ryzen 5 5600X,CPU [#0]: AMD Ryzen 5 5600X,CPU [#0]: AMD Ryzen 5 5600X,CPU [#0]: AMD Ryzen 5 5600X,CPU [#0]: AMD Ryzen 5 5600X,CPU [#0]: AMD Ryzen 5 5600X,CPU [#0]: AMD Ryzen 5 5600X,CPU [#0]: AMD Ryzen 5 5600X,CPU [#0]: AMD Ryzen 5 5600X,CPU [#0]: AMD Ryzen 5 5600X,CPU [#0]: AMD Ryzen 5 5600X,CPU [#0]: AMD Ryzen 5 5600X,CPU [#0]: AMD Ryzen 5 5600X,CPU [#0]: AMD Ryzen 5 5600X,CPU [#0]: AMD Ryzen 5 5600X,CPU [#0]: AMD Ryzen 5 5600X,CPU [#0]: AMD Ryzen 5 5600X,CPU [#0]: AMD Ryzen 5 5600X,CPU [#0]: AMD Ryzen 5 5600X,CPU [#0]: AMD Ryzen 5 5600X,CPU [#0]: AMD Ryzen 5 5600X,CPU [#0]: AMD Ryzen 5 5600X,CPU [#0]: AMD Ryzen 5 5600X,CPU [#0]: AMD Ryzen 5 5600X,CPU [#0]: AMD Ryzen 5 5600X,CPU [#0]: AMD Ryzen 5 5600X,CPU [#0]: AMD Ryzen 5 5600X: C-State Residency,CPU [#0]: AMD Ryzen 5 5600X: C-State Residency,CPU [#0]: AMD Ryzen 5 5600X: C-State Residency,CPU [#0]: AMD Ryzen 5 5600X: C-State Residency,CPU [#0]: AMD Ryzen 5 5600X: C-State Residency,CPU [#0]: AMD Ryzen 5 5600X: C-State Residency,CPU [#0]: AMD Ryzen 5 5600X: C-State Residency,CPU [#0]: AMD Ryzen 5 5600X: C-State Residency,CPU [#0]: AMD Ryzen 5 5600X: C-State Residency,CPU [#0]: AMD Ryzen 5 5600X: C-State Residency,CPU [#0]: AMD Ryzen 5 5600X: C-State Residency,CPU [#0]: AMD Ryzen 5 5600X: C-State Residency,CPU [#0]: AMD Ryzen 5 5600X: C-State Residency,CPU [#0]: AMD Ryzen 5 5600X: C-State Residency,CPU [#0]: AMD Ryzen 5 5600X: C-State Residency,CPU [#0]: AMD Ryzen 5 5600X: C-State Residency,CPU [#0]: AMD Ryzen 5 5600X: C-State Residency,CPU [#0]: AMD Ryzen 5 5600X: C-State Residency,CPU [#0]: AMD Ryzen 5 5600X: C-State Residency,CPU [#0]: AMD Ryzen 5 5600X: C-State Residency,CPU [#0]: AMD Ryzen 5 5600X: C-State Residency,CPU [#0]: AMD Ryzen 5 5600X: C-State Residency,Memory Timings,Memory Timings,Memory Timings,Memory Timings,Memory Timings,Memory Timings,Memory Timings,Memory Timings,Memory Timings,CPU [#0]: AMD Ryzen 5 5600X: Enhanced,CPU [#0]: AMD Ryzen 5 5600X: Enhanced,CPU [#0]: AMD Ryzen 5 5600X: Enhanced,CPU [#0]: AMD Ryzen 5 5600X: Enhanced,CPU [#0]: AMD Ryzen 5 5600X: Enhanced,CPU [#0]: AMD Ryzen 5 5600X: Enhanced,CPU [#0]: AMD Ryzen 5 5600X: Enhanced,CPU [#0]: AMD Ryzen 5 5600X: Enhanced,CPU [#0]: AMD Ryzen 5 5600X: Enhanced,CPU [#0]: AMD Ryzen 5 5600X: Enhanced,CPU [#0]: AMD Ryzen 5 5600X: Enhanced,CPU [#0]: AMD Ryzen 5 5600X: Enhanced,CPU [#0]: AMD Ryzen 5 5600X: Enhanced,CPU [#0]: AMD Ryzen 5 5600X: Enhanced,CPU [#0]: AMD Ryzen 5 5600X: Enhanced,CPU [#0]: AMD Ryzen 5 5600X: Enhanced,CPU [#0]: AMD Ryzen 5 5600X: Enhanced,CPU [#0]: AMD Ryzen 5 5600X: Enhanced,CPU [#0]: AMD Ryzen 5 5600X: Enhanced,CPU [#0]: AMD Ryzen 5 5600X: Enhanced,CPU [#0]: AMD Ryzen 5 5600X: Enhanced,CPU [#0]: AMD Ryzen 5 5600X: Enhanced,CPU [#0]: AMD Ryzen 5 5600X: Enhanced,CPU [#0]: AMD Ryzen 5 5600X: Enhanced,CPU [#0]: AMD Ryzen 5 5600X: Enhanced,CPU [#0]: AMD Ryzen 5 5600X: Enhanced,CPU [#0]: AMD Ryzen 5 5600X: Enhanced,CPU [#0]: AMD Ryzen 5 5600X: Enhanced,CPU [#0]: AMD Ryzen 5 5600X: Enhanced,CPU [#0]: AMD Ryzen 5 5600X: Enhanced,CPU [#0]: AMD Ryzen 5 5600X: Enhanced,CPU [#0]: AMD Ryzen 5 5600X: Enhanced,CPU [#0]: AMD Ryzen 5 5600X: Enhanced,CPU [#0]: AMD Ryzen 5 5600X: Enhanced,CPU [#0]: AMD Ryzen 5 5600X: Enhanced,CPU [#0]: AMD Ryzen 5 5600X: Enhanced,CPU [#0]: AMD Ryzen 5 5600X: Enhanced,CPU [#0]: AMD Ryzen 5 5600X: Enhanced,CPU [#0]: AMD Ryzen 5 5600X: Enhanced,CPU [#0]: AMD Ryzen 5 5600X: Enhanced,CPU [#0]: AMD Ryzen 5 5600X: Enhanced,CPU [#0]: AMD Ryzen 5 5600X: Enhanced,CPU [#0]: AMD Ryzen 5 5600X: Enhanced,CPU [#0]: AMD Ryzen 5 5600X: Enhanced,CPU [#0]: AMD Ryzen 5 5600X: Enhanced,CPU [#0]: AMD Ryzen 5 5600X: Enhanced,CPU [#0]: AMD Ryzen 5 5600X: Enhanced,CPU [#0]: AMD Ryzen 5 5600X: Enhanced,CPU [#0]: AMD Ryzen 5 5600X: Enhanced,MSI MPG B550 GAMING EDGE WIFI (MS-7C91) (Nuvoton NCT6687D),MSI MPG B550 GAMING EDGE WIFI (MS-7C91) (Nuvoton NCT6687D),MSI MPG B550 GAMING EDGE WIFI (MS-7C91) (Nuvoton NCT6687D),MSI MPG B550 GAMING EDGE WIFI (MS-7C91) (Nuvoton NCT6687D),MSI MPG B550 GAMING EDGE WIFI (MS-7C91) (Nuvoton NCT6687D),MSI MPG B550 GAMING EDGE WIFI (MS-7C91) (Nuvoton NCT6687D),MSI MPG B550 GAMING EDGE WIFI (MS-7C91) (Nuvoton NCT6687D),MSI MPG B550 GAMING EDGE WIFI (MS-7C91) (Nuvoton NCT6687D),MSI MPG B550 GAMING EDGE WIFI (MS-7C91) (Nuvoton NCT6687D),MSI MPG B550 GAMING EDGE WIFI (MS-7C91) (Nuvoton NCT6687D),MSI MPG B550 GAMING EDGE WIFI (MS-7C91) (Nuvoton NCT6687D),MSI MPG B550 GAMING EDGE WIFI (MS-7C91) (Nuvoton NCT6687D),MSI MPG B550 GAMING EDGE WIFI (MS-7C91) (Nuvoton NCT6687D),MSI MPG B550 GAMING EDGE WIFI (MS-7C91) (Nuvoton NCT6687D),MSI MPG B550 GAMING EDGE WIFI (MS-7C91) (Nuvoton NCT6687D),MSI MPG B550 GAMING EDGE WIFI (MS-7C91) (Nuvoton NCT6687D),MSI MPG B550 GAMING EDGE WIFI (MS-7C91) (Nuvoton NCT6687D),MSI MPG B550 GAMING EDGE WIFI (MS-7C91) (Nuvoton NCT6687D),MSI MPG B550 GAMING EDGE WIFI (MS-7C91) (Nuvoton NCT6687D),MSI MPG B550 GAMING EDGE WIFI (MS-7C91) (Nuvoton NCT6687D),MSI MPG B550 GAMING EDGE WIFI (MS-7C91) (Nuvoton NCT6687D),NUC126,NUC126,S.M.A.R.T.: Samsung SSD 980 500GB (S64ENG0R600254D) [C:],S.M.A.R.T.: Samsung SSD 980 500GB (S64ENG0R600254D) [C:],S.M.A.R.T.: Samsung SSD 980 500GB (S64ENG0R600254D) [C:],S.M.A.R.T.: Samsung SSD 980 500GB (S64ENG0R600254D) [C:],S.M.A.R.T.: Samsung SSD 980 500GB (S64ENG0R600254D) [C:],S.M.A.R.T.: Samsung SSD 980 500GB (S64ENG0R600254D) [C:],S.M.A.R.T.: Samsung SSD 980 500GB (S64ENG0R600254D) [C:],S.M.A.R.T.: Samsung SSD 980 500GB (S64ENG0R600254D) [C:],S.M.A.R.T.: Samsung SSD 980 500GB (S64ENG0R600254D) [C:],Drive: Samsung SSD 980 500GB (S64ENG0R600254D) [C:],Drive: Samsung SSD 980 500GB (S64ENG0R600254D) [C:],Drive: Samsung SSD 980 500GB (S64ENG0R600254D) [C:],Drive: Samsung SSD 980 500GB (S64ENG0R600254D) [C:],Drive: Samsung SSD 980 500GB (S64ENG0R600254D) [C:],Drive: Samsung SSD 980 500GB (S64ENG0R600254D) [C:],Drive: Samsung SSD 980 500GB (S64ENG0R600254D) [C:],dGPU [#0]: NVIDIA GeForce RTX 3070 Ti: GIGABYTE AORUS GeForce RTX 3070 Ti MASTER 8G (GV-N307TAORUS M-8GD),dGPU [#0]: NVIDIA GeForce RTX 3070 Ti: GIGABYTE AORUS GeForce RTX 3070 Ti MASTER 8G (GV-N307TAORUS M-8GD),dGPU [#0]: NVIDIA GeForce RTX 3070 Ti: GIGABYTE AORUS GeForce RTX 3070 Ti MASTER 8G (GV-N307TAORUS M-8GD),dGPU [#0]: NVIDIA GeForce RTX 3070 Ti: GIGABYTE AORUS GeForce RTX 3070 Ti MASTER 8G (GV-N307TAORUS M-8GD),dGPU [#0]: NVIDIA GeForce RTX 3070 Ti: GIGABYTE AORUS GeForce RTX 3070 Ti MASTER 8G (GV-N307TAORUS M-8GD),dGPU [#0]: NVIDIA GeForce RTX 3070 Ti: GIGABYTE AORUS GeForce RTX 3070 Ti MASTER 8G (GV-N307TAORUS M-8GD),dGPU [#0]: NVIDIA GeForce RTX 3070 Ti: GIGABYTE AORUS GeForce RTX 3070 Ti MASTER 8G (GV-N307TAORUS M-8GD),dGPU [#0]: NVIDIA GeForce RTX 3070 Ti: GIGABYTE AORUS GeForce RTX 3070 Ti MASTER 8G (GV-N307TAORUS M-8GD),dGPU [#0]: NVIDIA GeForce RTX 3070 Ti: GIGABYTE AORUS GeForce RTX 3070 Ti MASTER 8G (GV-N307TAORUS M-8GD),dGPU [#0]: NVIDIA GeForce RTX 3070 Ti: GIGABYTE AORUS GeForce RTX 3070 Ti MASTER 8G (GV-N307TAORUS M-8GD),dGPU [#0]: NVIDIA GeForce RTX 3070 Ti: GIGABYTE AORUS GeForce RTX 3070 Ti MASTER 8G (GV-N307TAORUS M-8GD),dGPU [#0]: NVIDIA GeForce RTX 3070 Ti: GIGABYTE AORUS GeForce RTX 3070 Ti MASTER 8G (GV-N307TAORUS M-8GD),dGPU [#0]: NVIDIA GeForce RTX 3070 Ti: GIGABYTE AORUS GeForce RTX 3070 Ti MASTER 8G (GV-N307TAORUS M-8GD),dGPU [#0]: NVIDIA GeForce RTX 3070 Ti: GIGABYTE AORUS GeForce RTX 3070 Ti MASTER 8G (GV-N307TAORUS M-8GD),dGPU [#0]: NVIDIA GeForce RTX 3070 Ti: GIGABYTE AORUS GeForce RTX 3070 Ti MASTER 8G (GV-N307TAORUS M-8GD),dGPU [#0]: NVIDIA GeForce RTX 3070 Ti: GIGABYTE AORUS GeForce RTX 3070 Ti MASTER 8G (GV-N307TAORUS M-8GD),dGPU [#0]: NVIDIA GeForce RTX 3070 Ti: GIGABYTE AORUS GeForce RTX 3070 Ti MASTER 8G (GV-N307TAORUS M-8GD),dGPU [#0]: NVIDIA GeForce RTX 3070 Ti: GIGABYTE AORUS GeForce RTX 3070 Ti MASTER 8G (GV-N307TAORUS M-8GD),dGPU [#0]: NVIDIA GeForce RTX 3070 Ti: GIGABYTE AORUS GeForce RTX 3070 Ti MASTER 8G (GV-N307TAORUS M-8GD),dGPU [#0]: NVIDIA GeForce RTX 3070 Ti: GIGABYTE AORUS GeForce RTX 3070 Ti MASTER 8G (GV-N307TAORUS M-8GD),dGPU [#0]: NVIDIA GeForce RTX 3070 Ti: GIGABYTE AORUS GeForce RTX 3070 Ti MASTER 8G (GV-N307TAORUS M-8GD),dGPU [#0]: NVIDIA GeForce RTX 3070 Ti: GIGABYTE AORUS GeForce RTX 3070 Ti MASTER 8G (GV-N307TAORUS M-8GD),dGPU [#0]: NVIDIA GeForce RTX 3070 Ti: GIGABYTE AORUS GeForce RTX 3070 Ti MASTER 8G (GV-N307TAORUS M-8GD),dGPU [#0]: NVIDIA GeForce RTX 3070 Ti: GIGABYTE AORUS GeForce RTX 3070 Ti MASTER 8G (GV-N307TAORUS M-8GD),dGPU [#0]: NVIDIA GeForce RTX 3070 Ti: GIGABYTE AORUS GeForce RTX 3070 Ti MASTER 8G (GV-N307TAORUS M-8GD),dGPU [#0]: NVIDIA GeForce RTX 3070 Ti: GIGABYTE AORUS GeForce RTX 3070 Ti MASTER 8G (GV-N307TAORUS M-8GD),dGPU [#0]: NVIDIA GeForce RTX 3070 Ti: GIGABYTE AORUS GeForce RTX 3070 Ti MASTER 8G (GV-N307TAORUS M-8GD),dGPU [#0]: NVIDIA GeForce RTX 3070 Ti: GIGABYTE AORUS GeForce RTX 3070 Ti MASTER 8G (GV-N307TAORUS M-8GD),dGPU [#0]: NVIDIA GeForce RTX 3070 Ti: GIGABYTE AORUS GeForce RTX 3070 Ti MASTER 8G (GV-N307TAORUS M-8GD),dGPU [#0]: NVIDIA GeForce RTX 3070 Ti: GIGABYTE AORUS GeForce RTX 3070 Ti MASTER 8G (GV-N307TAORUS M-8GD),dGPU [#0]: NVIDIA GeForce RTX 3070 Ti: GIGABYTE AORUS GeForce RTX 3070 Ti MASTER 8G (GV-N307TAORUS M-8GD),dGPU [#0]: NVIDIA GeForce RTX 3070 Ti: GIGABYTE AORUS GeForce RTX 3070 Ti MASTER 8G (GV-N307TAORUS M-8GD),dGPU [#0]: NVIDIA GeForce RTX 3070 Ti: GIGABYTE AORUS GeForce RTX 3070 Ti MASTER 8G (GV-N307TAORUS M-8GD),dGPU [#0]: NVIDIA GeForce RTX 3070 Ti: GIGABYTE AORUS GeForce RTX 3070 Ti MASTER 8G (GV-N307TAORUS M-8GD),dGPU [#0]: NVIDIA GeForce RTX 3070 Ti: GIGABYTE AORUS GeForce RTX 3070 Ti MASTER 8G (GV-N307TAORUS M-8GD),dGPU [#0]: NVIDIA GeForce RTX 3070 Ti: GIGABYTE AORUS GeForce RTX 3070 Ti MASTER 8G (GV-N307TAORUS M-8GD),dGPU [#0]: NVIDIA GeForce RTX 3070 Ti: GIGABYTE AORUS GeForce RTX 3070 Ti MASTER 8G (GV-N307TAORUS M-8GD),dGPU [#0]: NVIDIA GeForce RTX 3070 Ti: GIGABYTE AORUS GeForce RTX 3070 Ti MASTER 8G (GV-N307TAORUS M-8GD),dGPU [#0]: NVIDIA GeForce RTX 3070 Ti: GIGABYTE AORUS GeForce RTX 3070 Ti MASTER 8G (GV-N307TAORUS M-8GD),dGPU [#0]: NVIDIA GeForce RTX 3070 Ti: GIGABYTE AORUS GeForce RTX 3070 Ti MASTER 8G (GV-N307TAORUS M-8GD),dGPU [#0]: NVIDIA GeForce RTX 3070 Ti: GIGABYTE AORUS GeForce RTX 3070 Ti MASTER 8G (GV-N307TAORUS M-8GD),dGPU [#0]: NVIDIA GeForce RTX 3070 Ti: GIGABYTE AORUS GeForce RTX 3070 Ti MASTER 8G (GV-N307TAORUS M-8GD),dGPU [#0]: NVIDIA GeForce RTX 3070 Ti: GIGABYTE AORUS GeForce RTX 3070 Ti MASTER 8G (GV-N307TAORUS M-8GD),dGPU [#0]: NVIDIA GeForce RTX 3070 Ti: GIGABYTE AORUS GeForce RTX 3070 Ti MASTER 8G (GV-N307TAORUS M-8GD),dGPU [#0]: NVIDIA GeForce RTX 3070 Ti: GIGABYTE AORUS GeForce RTX 3070 Ti MASTER 8G (GV-N307TAORUS M-8GD),dGPU [#0]: NVIDIA GeForce RTX 3070 Ti: GIGABYTE AORUS GeForce RTX 3070 Ti MASTER 8G (GV-N307TAORUS M-8GD),dGPU [#0]: NVIDIA GeForce RTX 3070 Ti: GIGABYTE AORUS GeForce RTX 3070 Ti MASTER 8G (GV-N307TAORUS M-8GD),dGPU [#0]: NVIDIA GeForce RTX 3070 Ti: GIGABYTE AORUS GeForce RTX 3070 Ti MASTER 8G (GV-N307TAORUS M-8GD),dGPU [#0]: NVIDIA GeForce RTX 3070 Ti: GIGABYTE AORUS GeForce RTX 3070 Ti MASTER 8G (GV-N307TAORUS M-8GD),dGPU [#0]: NVIDIA GeForce RTX 3070 Ti: GIGABYTE AORUS GeForce RTX 3070 Ti MASTER 8G (GV-N307TAORUS M-8GD),dGPU [#0]: NVIDIA GeForce RTX 3070 Ti: GIGABYTE AORUS GeForce RTX 3070 Ti MASTER 8G (GV-N307TAORUS M-8GD),dGPU [#0]: NVIDIA GeForce RTX 3070 Ti: GIGABYTE AORUS GeForce RTX 3070 Ti MASTER 8G (GV-N307TAORUS M-8GD),dGPU [#0]: NVIDIA GeForce RTX 3070 Ti: GIGABYTE AORUS GeForce RTX 3070 Ti MASTER 8G (GV-N307TAORUS M-8GD),dGPU [#0]: NVIDIA GeForce RTX 3070 Ti: GIGABYTE AORUS GeForce RTX 3070 Ti MASTER 8G (GV-N307TAORUS M-8GD),dGPU [#0]: NVIDIA GeForce RTX 3070 Ti: GIGABYTE AORUS GeForce RTX 3070 Ti MASTER 8G (GV-N307TAORUS M-8GD),dGPU [#0]: NVIDIA GeForce RTX 3070 Ti: GIGABYTE AORUS GeForce RTX 3070 Ti MASTER 8G (GV-N307TAORUS M-8GD),dGPU [#0]: NVIDIA GeForce RTX 3070 Ti: GIGABYTE AORUS GeForce RTX 3070 Ti MASTER 8G (GV-N307TAORUS M-8GD),dGPU [#0]: NVIDIA GeForce RTX 3070 Ti: GIGABYTE AORUS GeForce RTX 3070 Ti MASTER 8G (GV-N307TAORUS M-8GD),dGPU [#0]: NVIDIA GeForce RTX 3070 Ti: GIGABYTE AORUS GeForce RTX 3070 Ti MASTER 8G (GV-N307TAORUS M-8GD),dGPU [#0]: NVIDIA GeForce RTX 3070 Ti: GIGABYTE AORUS GeForce RTX 3070 Ti MASTER 8G (GV-N307TAORUS M-8GD),dGPU [#0]: NVIDIA GeForce RTX 3070 Ti: GIGABYTE AORUS GeForce RTX 3070 Ti MASTER 8G (GV-N307TAORUS M-8GD),dGPU [#0]: NVIDIA GeForce RTX 3070 Ti: GIGABYTE AORUS GeForce RTX 3070 Ti MASTER 8G (GV-N307TAORUS M-8GD),dGPU [#0]: NVIDIA GeForce RTX 3070 Ti: GIGABYTE AORUS GeForce RTX 3070 Ti MASTER 8G (GV-N307TAORUS M-8GD),dGPU [#0]: NVIDIA GeForce RTX 3070 Ti: GIGABYTE AORUS GeForce RTX 3070 Ti MASTER 8G (GV-N307TAORUS M-8GD),dGPU [#0]: NVIDIA GeForce RTX 3070 Ti: GIGABYTE AORUS GeForce RTX 3070 Ti MASTER 8G (GV-N307TAORUS M-8GD),dGPU [#0]: NVIDIA GeForce RTX 3070 Ti: GIGABYTE AORUS GeForce RTX 3070 Ti MASTER 8G (GV-N307TAORUS M-8GD),dGPU [#0]: NVIDIA GeForce RTX 3070 Ti: GIGABYTE AORUS GeForce RTX 3070 Ti MASTER 8G (GV-N307TAORUS M-8GD),dGPU [#0]: NVIDIA GeForce RTX 3070 Ti: GIGABYTE AORUS GeForce RTX 3070 Ti MASTER 8G (GV-N307TAORUS M-8GD),dGPU [#0]: NVIDIA GeForce RTX 3070 Ti: GIGABYTE AORUS GeForce RTX 3070 Ti MASTER 8G (GV-N307TAORUS M-8GD),dGPU [#0]: NVIDIA GeForce RTX 3070 Ti: GIGABYTE AORUS GeForce RTX 3070 Ti MASTER 8G (GV-N307TAORUS M-8GD),dGPU [#0]: NVIDIA GeForce RTX 3070 Ti: GIGABYTE AORUS GeForce RTX 3070 Ti MASTER 8G (GV-N307TAORUS M-8GD),dGPU [#0]: NVIDIA GeForce RTX 3070 Ti: GIGABYTE AORUS GeForce RTX 3070 Ti MASTER 8G (GV-N307TAORUS M-8GD),dGPU [#0]: NVIDIA GeForce RTX 3070 Ti: GIGABYTE AORUS GeForce RTX 3070 Ti MASTER 8G (GV-N307TAORUS M-8GD),dGPU [#0]: NVIDIA GeForce RTX 3070 Ti: GIGABYTE AORUS GeForce RTX 3070 Ti MASTER 8G (GV-N307TAORUS M-8GD),dGPU [#0]: NVIDIA GeForce RTX 3070 Ti: GIGABYTE AORUS GeForce RTX 3070 Ti MASTER 8G (GV-N307TAORUS M-8GD),dGPU [#0]: NVIDIA GeForce RTX 3070 Ti: GIGABYTE AORUS GeForce RTX 3070 Ti MASTER 8G (GV-N307TAORUS M-8GD),dGPU [#0]: NVIDIA GeForce RTX 3070 Ti: GIGABYTE AORUS GeForce RTX 3070 Ti MASTER 8G (GV-N307TAORUS M-8GD),dGPU [#0]: NVIDIA GeForce RTX 3070 Ti: GIGABYTE AORUS GeForce RTX 3070 Ti MASTER 8G (GV-N307TAORUS M-8GD),dGPU [#0]: NVIDIA GeForce RTX 3070 Ti: GIGABYTE AORUS GeForce RTX 3070 Ti MASTER 8G (GV-N307TAORUS M-8GD),dGPU [#0]: NVIDIA GeForce RTX 3070 Ti: GIGABYTE AORUS GeForce RTX 3070 Ti MASTER 8G (GV-N307TAORUS M-8GD),dGPU [#0]: NVIDIA GeForce RTX 3070 Ti: GIGABYTE AORUS GeForce RTX 3070 Ti MASTER 8G (GV-N307TAORUS M-8GD),dGPU [#0]: NVIDIA GeForce RTX 3070 Ti: GIGABYTE AORUS GeForce RTX 3070 Ti MASTER 8G (GV-N307TAORUS M-8GD),dGPU [#0]: NVIDIA GeForce RTX 3070 Ti: GIGABYTE AORUS GeForce RTX 3070 Ti MASTER 8G (GV-N307TAORUS M-8GD),dGPU [#0]: NVIDIA GeForce RTX 3070 Ti: GIGABYTE AORUS GeForce RTX 3070 Ti MASTER 8G (GV-N307TAORUS M-8GD),dGPU [#0]: NVIDIA GeForce RTX 3070 Ti: GIGABYTE AORUS GeForce RTX 3070 Ti MASTER 8G (GV-N307TAORUS M-8GD),dGPU [#0]: NVIDIA GeForce RTX 3070 Ti: GIGABYTE AORUS GeForce RTX 3070 Ti MASTER 8G (GV-N307TAORUS M-8GD),dGPU [#0]: NVIDIA GeForce RTX 3070 Ti: GIGABYTE AORUS GeForce RTX 3070 Ti MASTER 8G (GV-N307TAORUS M-8GD),dGPU [#0]: NVIDIA GeForce RTX 3070 Ti: GIGABYTE AORUS GeForce RTX 3070 Ti MASTER 8G (GV-N307TAORUS M-8GD),dGPU [#0]: NVIDIA GeForce RTX 3070 Ti: GIGABYTE AORUS GeForce RTX 3070 Ti MASTER 8G (GV-N307TAORUS M-8GD),dGPU [#0]: NVIDIA GeForce RTX 3070 Ti: GIGABYTE AORUS GeForce RTX 3070 Ti MASTER 8G (GV-N307TAORUS M-8GD),dGPU [#0]: NVIDIA GeForce RTX 3070 Ti: GIGABYTE AORUS GeForce RTX 3070 Ti MASTER 8G (GV-N307TAORUS M-8GD),dGPU [#0]: NVIDIA GeForce RTX 3070 Ti: GIGABYTE AORUS GeForce RTX 3070 Ti MASTER 8G (GV-N307TAORUS M-8GD),dGPU [#0]: NVIDIA GeForce RTX 3070 Ti: GIGABYTE AORUS GeForce RTX 3070 Ti MASTER 8G (GV-N307TAORUS M-8GD),dGPU [#0]: NVIDIA GeForce RTX 3070 Ti: GIGABYTE AORUS GeForce RTX 3070 Ti MASTER 8G (GV-N307TAORUS M-8GD),dGPU [#0]: NVIDIA GeForce RTX 3070 Ti: GIGABYTE AORUS GeForce RTX 3070 Ti MASTER 8G (GV-N307TAORUS M-8GD),dGPU [#0]: NVIDIA GeForce RTX 3070 Ti: GIGABYTE AORUS GeForce RTX 3070 Ti MASTER 8G (GV-N307TAORUS M-8GD),dGPU [#0]: NVIDIA GeForce RTX 3070 Ti: GIGABYTE AORUS GeForce RTX 3070 Ti MASTER 8G (GV-N307TAORUS M-8GD),dGPU [#0]: NVIDIA GeForce RTX 3070 Ti: GIGABYTE AORUS GeForce RTX 3070 Ti MASTER 8G (GV-N307TAORUS M-8GD),dGPU [#0]: NVIDIA GeForce RTX 3070 Ti: GIGABYTE AORUS GeForce RTX 3070 Ti MASTER 8G (GV-N307TAORUS M-8GD),PresentMon [dwm.exe],PresentMon [dwm.exe],PresentMon [dwm.exe],PresentMon [dwm.exe],PresentMon [dwm.exe],PresentMon [dwm.exe],PresentMon [dwm.exe],PresentMon [dwm.exe],PresentMon [dwm.exe],PresentMon [dwm.exe],PresentMon [dwm.exe],PresentMon [dwm.exe],PresentMon [dwm.exe],PresentMon [dwm.exe],PresentMon [dwm.exe],PresentMon [dwm.exe],PresentMon [dwm.exe],PresentMon [dwm.exe],PresentMon [dwm.exe],PresentMon [dwm.exe],PresentMon [dwm.exe],PresentMon [dwm.exe],PresentMon [dwm.exe],Network: Intel Wi-Fi 6 AX200 160MHz - Wi-Fi,Network: Intel Wi-Fi 6 AX200 160MHz - Wi-Fi,Network: Intel Wi-Fi 6 AX200 160MHz - Wi-Fi,Network: Intel Wi-Fi 6 AX200 160MHz - Wi-Fi,Network: RealTek Semiconductor RTL8125 Gaming 2.5GbE Family Ethernet Controller - Ethernet,Network: RealTek Semiconductor RTL8125 Gaming 2.5GbE Family Ethernet Controller - Ethernet,Network: RealTek Semiconductor RTL8125 Gaming 2.5GbE Family Ethernet Controller - Ethernet,Network: RealTek Semiconductor RTL8125 Gaming 2.5GbE Family Ethernet Controller - Ethernet,Windows Hardware Errors (WHEA),
